GEOID,state,account_name,raw_funding,econ_impact,jobs
0101,AL,BIO,918586.1335572008,2425067.3925910094,12.758140743850007
0101,AL,CSE,216881.2652232335,572566.5401893363,3.0122397947671327
0101,AL,EDU,1097541.0829356906,2897508.458950222,15.24362615188459
0101,AL,ENG,343130.05971973925,905863.3576601122,4.7656952738852665
0101,AL,GEO,527920.3626642792,1393709.7574336978,7.3322272592261015
0101,AL,MPS,291465.24335723574,769468.2424631022,4.048128379961607
0101,AL,OIA,1308838.1235137973,3455332.6460764254,18.178307271024963
0101,AL,OISE,201336.37562162333,531528.0316410855,2.796338550300324
0101,AL,OPP,25150.62195820504,66397.64196966129,0.3493141938639589
0101,AL,SBE,50257.91100585554,132680.88505545864,0.6980265417479938
0101,AL,TIP,321820.8521995776,849607.0498068844,4.4697340583274645
0102,AL,BIO,1252427.823617795,3306409.4543509805,17.3948308835805
0102,AL,CSE,595356.6577500448,1571741.576460118,8.268842468750629
0102,AL,EDU,4635039.25344317,12236503.629089966,64.37554518671072
0102,AL,ENG,990825.030778913,2615778.08125633,13.761458760818233
0102,AL,GEO,361766.592396212,955063.8039259997,5.024536005502946
0102,AL,MPS,956778.90550383,2525896.3105301117,13.288595909775415
0102,AL,OIA,2173235.1971177743,5737340.920390928,30.183822182191317
0102,AL,OISE,339538.6014561265,896381.9078441743,4.7158139091128675
0102,AL,OPP,43583.674261753826,115060.90005103016,0.6053288091910254
0102,AL,SBE,170682.5968013317,450602.0555555155,2.370591622240716
0102,AL,TIP,563569.7953109625,1487824.2596209391,7.827358268207806
0103,AL,BIO,2847191.424508845,7516585.36070335,39.5443253404006
0103,AL,CSE,1586444.9531308948,4188214.6762655647,22.03395768237353
0103,AL,EDU,5440723.946356665,14363511.218381602,75.56561036606483
0103,AL,ENG,3421189.781118734,9031941.022153463,47.51652473776019
0103,AL,GEO,877508.154599831,2316621.5281435554,12.187613258330993
0103,AL,MPS,2664243.744110073,7033603.484450592,37.003385334862145
0103,AL,OIA,2747292.2121229125,7252851.440004491,38.15683627948487
0103,AL,OISE,76131.82529055508,200988.01876706549,1.0573864623688207
0103,AL,OPP,329412.00687827583,869647.6981586486,4.575166762198277
0103,AL,SBE,235782.16219887583,622464.9082050315,3.274752252762163
0103,AL,TIP,885674.4493019263,2338180.5461570844,12.301034018082305
0104,AL,BIO,1436089.0618784078,3791275.1233589957,19.945681414977887
0104,AL,CSE,979051.2536691636,2584695.3096865914,13.597934078738382
0104,AL,EDU,2820273.1292004455,7445521.061089176,39.170460127783926
0104,AL,ENG,2485225.397150658,6560995.048477736,34.51701940487023
0104,AL,GEO,634210.9206547496,1674316.830528539,8.808485009093742
0104,AL,MPS,1313148.9413502542,3466713.2051646723,18.238179740975763
0104,AL,OIA,5038421.085792369,13301431.666491853,69.97807063600513
0104,AL,OISE,162271.19102060256,428395.94429439073,2.2537665419528126
0104,AL,OPP,392320.37604405003,1035725.7927562919,5.448894111722917
0104,AL,SBE,679333.1980164624,1793439.6427634615,9.435183305784205
0104,AL,TIP,2857773.779684106,7544522.778366041,39.691302495612575
0105,AL,BIO,988676.1817172559,2610105.119733556,13.731613634961887
0105,AL,CSE,960371.2803558672,2535380.1801394895,13.338490004942596
0105,AL,EDU,3322869.534191936,8772375.57026671,46.15096575266576
0105,AL,ENG,1014954.2121297962,2679479.1200226615,14.096586279580503
0105,AL,GEO,1887323.1224325362,4982533.043221897,26.21282114489634
0105,AL,MPS,567950.1007404362,1499388.2659547506,7.888195843617162
0105,AL,OIA,11890993.290659364,31392222.287340738,165.15268459249123
0105,AL,OISE,10566.574417639611,27895.75646256858,0.14675797802277238
0105,AL,OPP,25192.915426359228,66509.29672558837,0.3499016031438782
0105,AL,SBE,48849.92683351776,128963.80684048685,0.6784712060210799
0105,AL,TIP,1510066.6983874247,3986576.083742802,20.973148588714217
0106,AL,BIO,1533105.2683094174,4047397.9083368606,21.293128726519672
0106,AL,CSE,486264.5477026579,1283738.4059350162,6.753674273648023
0106,AL,EDU,1632053.747847335,4308621.894316965,22.667413164546314
0106,AL,ENG,752004.1535839065,1985290.9654615133,10.444502133109813
0106,AL,GEO,258130.91251483432,681465.6090391629,3.5851515627060295
0106,AL,MPS,919491.4279800145,2427457.369867238,12.770714277500202
0106,AL,OIA,1845213.9721881547,4871364.886576728,25.62797183594659
0106,AL,OISE,83950.73878985237,221629.95040521031,1.1659824831923944
0106,AL,OPP,213383.7007355049,563332.9699417329,2.963662510215346
0106,AL,SBE,108707.73004119018,286988.40730874194,1.5098295839054185
0106,AL,TIP,739588.3697223275,1952513.2960669433,10.272060690587876
0107,AL,BIO,2444078.332019487,6452366.796531449,33.945532389159574
0107,AL,CSE,1144506.5209637287,3021497.215344243,15.89592390227401
0107,AL,EDU,3508962.655635879,9263661.41087872,48.73559243938722
0107,AL,ENG,2670645.0115212067,7050502.830415993,37.092291826683436
0107,AL,GEO,589304.399507103,1555763.6146987504,8.184783326487535
0107,AL,MPS,1767094.6041820704,4665129.755040666,24.54298061363985
0107,AL,OIA,5158868.265414795,13619412.220695069,71.65094813076107
0107,AL,OISE,224805.98615345784,593487.8034451286,3.12230536324247
0107,AL,OPP,537148.6713602175,1418072.492390974,7.460398213336353
0107,AL,SBE,726104.1998660141,1916915.0876462776,10.084780553694637
0107,AL,TIP,3193571.6622761115,8431029.188408935,44.355161976057126
0200,AK,BIO,2156609.482920886,5693449.034911143,29.95290948501232
0200,AK,CSE,507812.6988298977,1340625.5249109303,7.052954150415247
0200,AK,EDU,3222789.1998252845,8508163.487538755,44.76096110868454
0200,AK,ENG,233502.26851978264,616445.9888922262,3.2430870627747588
0200,AK,GEO,29308573.468459994,77374633.9567344,407.06352039527764
0200,AK,MPS,636603.3445165491,1680632.82952369,8.841713118285405
0200,AK,OIA,11167658.613097021,29482618.73857614,155.1063696263475
0200,AK,OISE,56759.55757159994,149845.23198902383,0.7883271884944434
0200,AK,OPP,43136225.66146758,113879635.74627446,599.1142452981609
0200,AK,SBE,413859.78446511773,1092589.830987911,5.7480525620155225
0200,AK,TIP,1073193.644529335,2833231.221557444,14.905467285129651
0401,AZ,BIO,6810099.472494189,17978662.607384656,94.58471489575261
0401,AZ,CSE,4204141.153406522,11098932.644993214,58.390849352868365
0401,AZ,EDU,3929237.4553400725,10373186.882097784,54.572742435278784
0401,AZ,ENG,6751508.80345983,17823983.241133943,93.7709556036087
0401,AZ,GEO,2693979.862604011,7112106.837274586,37.416386980611264
0401,AZ,MPS,4477754.719668204,11821272.459924066,62.19103777316954
0401,AZ,OIA,277962.3299416457,733820.5510459447,3.8605879158561893
0401,AZ,OISE,701649.7916067991,1852355.44984195,9.745135994538876
0401,AZ,OPP,275097.55931149964,726257.556582359,3.820799434881938
0401,AZ,SBE,1760031.232124838,4646482.452809576,24.444878223956074
0401,AZ,TIP,4774970.757816625,12605922.800635902,66.31903830300878
0402,AZ,BIO,4677563.842548872,12348768.544329038,64.96616447984547
0402,AZ,CSE,1745348.9470235552,4607721.220142187,24.240957597549365
0402,AZ,EDU,3356819.834350965,8862004.362686547,46.622497699318984
0402,AZ,ENG,1426552.0522788174,3766097.418016077,19.813222948316902
0402,AZ,GEO,2011132.0628773046,5309388.645996082,27.932389762184798
0402,AZ,MPS,4258662.79207851,11242869.771087267,59.14809433442374
0402,AZ,OIA,53839.425078794826,142136.08220801828,0.7477697927610393
0402,AZ,OISE,77850.94563566308,205526.49647815048,1.0812631338286538
0402,AZ,OPP,1768614.6118179737,4669142.575199451,24.56409183080519
0402,AZ,SBE,249487.9007877221,658648.0580795867,3.4651097331628073
0402,AZ,TIP,1158213.5239299103,3057683.7031749613,16.08629894347096
0403,AZ,BIO,2495888.3479120256,6589145.238487747,34.66511594322259
0403,AZ,CSE,1530142.3988361524,4039575.932927443,21.251977761613237
0403,AZ,EDU,1644505.9171460664,4341495.621265615,22.840359960362026
0403,AZ,ENG,2425277.1155062323,6402731.584936452,33.684404382031005
0403,AZ,GEO,1129604.5017224124,2982155.884547169,15.688951412811289
0403,AZ,MPS,1804356.640596806,4763501.531175564,25.060508897177847
0403,AZ,OIA,99951.05361809077,263870.78155175963,1.3882090780290381
0403,AZ,OISE,248049.73913930779,654851.3113277724,3.4451352658237178
0403,AZ,OPP,122223.74949379243,322670.6986636121,1.6975520763026728
0403,AZ,SBE,651618.7484207345,1720273.4958307405,9.050260394732433
0403,AZ,TIP,1951275.9114080295,5151368.4061172,27.101054325111537
0404,AZ,BIO,5656502.832806573,14933167.478609348,78.56253934453576
0404,AZ,CSE,3473654.4489895846,9170447.745332504,48.2452006804109
0404,AZ,EDU,3466765.690633418,9152261.42327223,48.14952348101966
0404,AZ,ENG,5576438.032855031,14721796.406737283,77.45052823409762
0404,AZ,GEO,2271323.717559325,5996294.614356616,31.54616274387951
0404,AZ,MPS,3932325.0227412865,10381338.060036998,54.61562531585119
0404,AZ,OIA,221249.48076210645,584098.629211961,3.072909455029257
0404,AZ,OISE,578745.1497201526,1527887.1952612028,8.03812707944656
0404,AZ,OPP,233543.06252125726,616553.6850561191,3.243653646128573
0404,AZ,SBE,1443597.4517889703,3811097.27272288,20.049964608180144
0404,AZ,TIP,4091597.595445188,10801817.651975302,56.82774438118322
0405,AZ,BIO,2907971.7498232997,7677045.4195335135,40.38849652532361
0405,AZ,CSE,1767936.4078037862,4667352.116601996,24.554672330608145
0405,AZ,EDU,1841701.4667131442,4862091.872122699,25.57918703768255
0405,AZ,ENG,2824952.463429172,7457874.503453016,39.23545088096073
0405,AZ,GEO,1183983.271121367,3125715.8357604076,16.444212098907872
0405,AZ,MPS,3565718.303519699,9413496.321292002,49.523865326662474
0405,AZ,OIA,112211.19969838278,296237.5672037306,1.5584888846997609
0405,AZ,OISE,290422.0752202706,766714.2785815143,4.033639933614869
0405,AZ,OPP,153680.50462095148,405716.53219931206,2.1344514530687704
0405,AZ,SBE,741410.3777289229,1957323.3972043563,10.297366357346153
0405,AZ,TIP,2271687.915147806,5997256.095990202,31.551221043719504
0406,AZ,BIO,5568752.9295815425,14701507.73409527,77.34379068863254
0406,AZ,CSE,3223455.703815888,8509923.058073942,44.77021810855398
0406,AZ,EDU,4648858.735246922,12272987.061051887,64.56748243398508
0406,AZ,ENG,6425273.048267904,16962720.847427256,89.23990344816532
0406,AZ,GEO,4864120.368817245,12841277.773677517,67.55722734468394
0406,AZ,MPS,57932037.83564613,152940579.88610578,804.6116366061962
0406,AZ,OIA,53843.59910928668,142147.10164851684,0.747827765406759
0406,AZ,OISE,311387.83971962234,822063.8968598029,4.324831107216975
0406,AZ,OPP,664298.7100253875,1753748.594467023,9.226370972574827
0406,AZ,SBE,1766390.7672727653,4663271.6256001,24.533205101010626
0406,AZ,TIP,3508234.023852925,9261737.82297172,48.725472553512866
0407,AZ,BIO,4135208.711233374,10916950.997656105,57.43345432268575
0407,AZ,CSE,2383605.3768177913,6292718.1947989715,33.10563023358045
0407,AZ,EDU,3892952.1533450712,10277393.684830977,54.0687799075704
0407,AZ,ENG,4669706.162130661,12328024.268024938,64.85703002959244
0407,AZ,GEO,3462903.417125383,9142065.021211011,48.09588079340808
0407,AZ,MPS,50829283.292011365,134189307.89090997,705.962267944602
0407,AZ,OIA,40425.076604021844,106722.20223461765,0.5614593972780814
0407,AZ,OISE,245614.64459457732,648422.6617296839,3.411314508258018
0407,AZ,OPP,448788.6732862353,1184802.0974756624,6.2331760178643805
0407,AZ,SBE,1319505.365353979,3483494.1645345055,18.32646340769416
0407,AZ,TIP,2259830.2413199553,5965951.837084689,31.386531129443856
0408,AZ,BIO,2404420.396475938,6347669.846696477,33.39472772883247
0408,AZ,CSE,1448943.2549651435,3825210.193107978,20.124211874515876
0408,AZ,EDU,1513855.1389003175,3996577.5666968348,21.02576581805996
0408,AZ,ENG,2303441.3019253006,6081085.037082793,31.99224030451807
0408,AZ,GEO,990682.2222096297,2615401.0666334243,13.759475308467085
0408,AZ,MPS,3462649.5557689597,9141394.827230053,48.092354941235534
0408,AZ,OIA,98859.85101265287,260990.00667340355,1.3730534862868453
0408,AZ,OISE,233845.26933037452,617351.5110321888,3.2478509629218686
0408,AZ,OPP,150146.97353020537,396388.01011974225,2.0853746323639646
0408,AZ,SBE,743640.7787389287,1963211.6558707722,10.328344149151793
0408,AZ,TIP,1922310.6001693476,5074899.984447077,26.698758335685408
0409,AZ,BIO,1118808.622355931,2953654.763019659,15.539008643832382
0409,AZ,CSE,644471.9863203797,1701406.043885802,8.95099981000527
0409,AZ,EDU,736280.5250254405,1943780.5860671645,10.226118403131133
0409,AZ,ENG,990803.9907596034,2615722.5356053524,13.761166538327823
0409,AZ,GEO,470708.21131447743,1242669.6778702205,6.5376140460344105
0409,AZ,MPS,752870.8140484426,1987578.9490878887,10.45653908400615
0409,AZ,OIA,40771.57326570658,107636.95342146538,0.5662718509125912
0409,AZ,OISE,97280.93521234671,256821.6689605953,1.3511241001714818
0409,AZ,OPP,114264.58052090579,301658.4925751913,1.5870080627903578
0409,AZ,SBE,303651.41830759594,801639.7443320535,4.217380809827721
0409,AZ,TIP,827347.4064405812,2184197.153003135,11.490936200563638
0501,AR,BIO,337236.28549521277,890303.793707362,4.683837298544628
0501,AR,CSE,87818.647226553,231841.22867810001,1.2197034337021253
0501,AR,EDU,1274189.6199384385,3363860.5966374744,17.697078054700526
0501,AR,ENG,488020.1798350991,1288373.2747646607,6.778058053265265
0501,AR,GEO,80529.4836629917,212597.836870298,1.1184650508748843
0501,AR,MPS,269118.65068761416,710473.2378153014,3.7377590373279763
0501,AR,OIA,1418530.1315216324,3744919.5472171116,19.70180738224489
0501,AR,OISE,5519.3335735965675,14571.040634294935,0.07665741074439675
0501,AR,OPP,362317.8919071102,956519.2346347712,5.0321929431543095
0501,AR,SBE,52445.4038184293,138455.8660806533,0.7284083863670731
0501,AR,TIP,548136.3441502235,1447079.9485565901,7.6130047798642115
0502,AR,BIO,567118.6326842005,1497193.19028629,7.876647676169452
0502,AR,CSE,80612.88892187446,212818.02675374848,1.1196234572482562
0502,AR,EDU,782087.6463108002,2064711.3862605123,10.862328420983332
0502,AR,ENG,225244.05443129424,594644.3036986167,3.1283896448790856
0502,AR,GEO,141752.18080311027,374225.7573202112,1.9687802889320873
0502,AR,MPS,171512.63401230663,452793.35379248956,2.3821199168375906
0502,AR,OIA,9265061.724227386,24459762.951960288,128.6814128364914
0502,AR,OISE,5322.096276151761,14050.334169040652,0.07391800383544112
0502,AR,OPP,3759.14447396142,9924.141411258148,0.05221033991613083
0502,AR,SBE,139434.02949842642,368105.8378758458,1.9365837430337007
0502,AR,TIP,996405.0444081723,2630509.317237575,13.838958950113502
0503,AR,BIO,3386612.54244391,8940657.112051925,47.03628531172099
0503,AR,CSE,1340058.3256585686,3537753.9797386224,18.611921189702347
0503,AR,EDU,2288772.7567659453,6042360.0778621,31.788510510638158
0503,AR,ENG,7461747.771944354,19699014.117933095,103.63538572144934
0503,AR,GEO,1053922.5547420043,2782355.5445188917,14.637813260305618
0503,AR,MPS,1086735.029679352,2868980.478353489,15.093542078879883
0503,AR,OIA,6023918.704471764,15903145.379805464,83.6655375621079
0503,AR,OISE,184033.42949974278,485848.2538793209,2.5560198541630945
0503,AR,OPP,124247.32890339642,328012.9483049667,1.7256573458805058
0503,AR,SBE,1031517.6218685813,2723206.521733055,14.326633637063628
0503,AR,TIP,3327001.889783607,8783284.989028718,46.20835958032783
0504,AR,BIO,211540.38667778266,558466.6208293461,2.9380609260803157
0504,AR,CSE,29391.542902856712,77593.67326354176,0.4082158736507879
0504,AR,EDU,1366803.8799461864,3608362.2430579327,18.98338722147482
0504,AR,ENG,124337.39205318387,328250.7150204053,1.7269082229608868
0504,AR,GEO,46824.772630077794,123617.39974340546,0.6503440643066363
0504,AR,MPS,959220.8041690398,2532342.923006264,13.322511169014437
0504,AR,OIA,1497587.645000463,3953631.382801223,20.799828402784208
0504,AR,OISE,3086.334852476689,8147.924010538455,0.04286576183995401
0504,AR,OPP,49912.44282583313,131768.84906019946,0.6932283725810156
0504,AR,SBE,38408.41620133179,101398.21877151594,0.5334502250184969
0504,AR,TIP,671146.7670297407,1771827.4649585185,9.321482875413073
0601,CA,BIO,656635.3153040884,1733517.2324027934,9.119934934779007
0601,CA,CSE,418657.92926904047,1105256.9332702672,5.814693462070008
0601,CA,EDU,1184217.4971252945,3126334.1924107815,16.447465237851333
0601,CA,ENG,306355.99784672115,808779.8343153436,4.2549444145377935
0601,CA,GEO,788964.06370373,2082865.1281778482,10.957834218107362
0601,CA,MPS,663302.7233418956,1751119.1896226045,9.212537824192992
0601,CA,OIA,58557.01276593476,154590.51370206778,0.8132918439713162
0601,CA,OISE,41146.29593536392,108626.22126936074,0.5714763324356101
0601,CA,OPP,197361.80565030125,521035.16691679537,2.7411361895875177
0601,CA,SBE,116928.93836311426,308692.39727862185,1.624013032821032
0601,CA,TIP,593808.7540322018,1567655.110645013,8.247343806002805
0602,CA,BIO,1816204.1004198864,4794778.825108502,25.22505695027618
0602,CA,CSE,1024136.3691148579,2703720.0144632244,14.224116237706351
0602,CA,EDU,2228527.1929552546,5883311.789401878,30.951766568822997
0602,CA,ENG,657683.2141462842,1736283.6853461906,9.134489085365058
0602,CA,GEO,977572.2974143272,2580790.8651738255,13.577393019643432
0602,CA,MPS,1658055.7166678312,4377267.092003072,23.028551620386526
0602,CA,OIA,148479.2566771476,391985.2376276697,2.0622118982937168
0602,CA,OISE,55333.0934846662,146079.36679951884,0.7685151872870307
0602,CA,OPP,959460.6150101749,2532976.023626863,13.325841875141316
0602,CA,SBE,342351.18512476084,903807.1287293693,4.754877571177234
0602,CA,TIP,2201689.6976019833,5812460.80166924,30.579023577805316
0603,CA,BIO,1255017.1117369696,3313245.1749856,17.430793218569033
0603,CA,CSE,891126.9613924,2352575.178075936,12.37676335267222
0603,CA,EDU,1445316.7896006992,3815636.324545848,20.073844300009707
0603,CA,ENG,720020.943703608,1900855.2913775253,10.000290884772335
0603,CA,GEO,842453.1562692522,2224076.332550827,11.700738281517394
0603,CA,MPS,1114116.6171013645,2941267.8691476015,15.473841904185617
0603,CA,OIA,228790.29778894782,604006.3861628224,3.177643024846497
0603,CA,OISE,57832.93611234328,152678.95133658627,0.8032352237825455
0603,CA,OPP,376984.28951410943,995238.5243172488,5.235892909918186
0603,CA,SBE,278602.1538088913,735509.686055473,3.869474358456824
0603,CA,TIP,754595.346243447,1992131.7140827002,10.480490920047885
0604,CA,BIO,6550259.575819725,17292685.280164067,90.97582744194068
0604,CA,CSE,3595223.3287694873,9491389.58795145,49.93365734402065
0604,CA,EDU,3655130.67744848,9649544.98846399,50.7657038534511
0604,CA,ENG,3100111.757097518,8184295.038737445,43.0571077374655
0604,CA,GEO,2767968.990452777,7307438.134795329,38.444013756288555
0604,CA,MPS,4231495.608493455,11171148.406422727,58.77077234018688
0604,CA,OIA,586524.8600169347,1548425.630444708,8.146178611346318
0604,CA,OISE,287812.4693402716,759824.9190583169,3.9973954075037716
0604,CA,OPP,1478559.1525133273,3903396.1626351844,20.535543784907325
0604,CA,SBE,1251629.6871090056,3304302.3739677756,17.383745654291747
0604,CA,TIP,2419634.4761836138,6387835.017124736,33.60603439143906
0605,CA,BIO,997133.1911934692,2632431.6247507613,13.849072099909302
0605,CA,CSE,715167.2616673487,1888041.5708018006,9.932878634268729
0605,CA,EDU,1724516.2467483885,4552722.891415743,23.951614538172063
0605,CA,ENG,578675.3278039095,1527702.865402321,8.037157330609855
0605,CA,GEO,729375.5000523998,1925551.3201383352,10.130215278505545
0605,CA,MPS,1061712.0933109175,2802919.9263408217,14.74600129598496
0605,CA,OIA,107296.9964372972,283264.07059446466,1.490236061629128
0605,CA,OISE,33358.371892401454,88066.10179593985,0.4633107207277979
0605,CA,OPP,254015.41968200033,670600.7079604809,3.527991940027782
0605,CA,SBE,229517.92878861117,605927.3320019335,3.187749010952931
0605,CA,TIP,888913.5575201918,2346731.7918533073,12.34602163222489
0606,CA,BIO,1921162.9149653276,5071870.095508465,26.682818263407327
0606,CA,CSE,1331051.1410442048,3513975.0123567013,18.486821403391737
0606,CA,EDU,2102540.5309417085,5550707.00168611,29.201951818634836
0606,CA,ENG,1032416.2852319736,2725578.9930124115,14.339115072666301
0606,CA,GEO,926893.2314924196,2446998.1311399876,12.873517104061383
0606,CA,MPS,1492883.1450730958,3941211.5029929727,20.734488126015215
0606,CA,OIA,185523.63904076445,489782.40706761816,2.5767172088995065
0606,CA,OISE,89926.3965691008,237405.68694242617,1.2489777301264005
0606,CA,OPP,419401.6501890647,1107220.356499131,5.825022919292565
0606,CA,SBE,407199.8629028495,1075007.6380635225,5.655553651428465
0606,CA,TIP,855257.7635586056,2257880.4957947186,11.878580049425072
0607,CA,BIO,2506223.1889950945,6616429.218947047,34.80865540270964
0607,CA,CSE,1609207.0774786687,4248306.684543686,22.350098298314858
0607,CA,EDU,2397987.8075267044,6330687.811870502,33.305386215648674
0607,CA,ENG,1280385.4365590604,3380217.5525159184,17.78313106332028
0607,CA,GEO,1185490.014247877,3129693.637614397,16.465139086776066
0607,CA,MPS,1822813.7989719945,4812228.429286063,25.31685831905548
0607,CA,OIA,261187.03693344467,689533.7775042943,3.627597735186732
0607,CA,OISE,122938.00337922506,324556.32892115414,1.7074722691559037
0607,CA,OPP,439520.62915941543,1160334.460980857,6.104453182769659
0607,CA,SBE,498509.4218945096,1316064.8738015047,6.923741970757075
0607,CA,TIP,1009603.5505029323,2665353.3733277414,14.022271534762952
0608,CA,BIO,3720463.4006943908,9822023.377833195,51.67310278742209
0608,CA,CSE,3474437.0238751634,9172513.743030429,48.25606977604393
0608,CA,EDU,6980099.445031376,18427462.53488284,96.94582562543584
0608,CA,ENG,2845241.950940508,7511438.75048294,39.51724931861814
0608,CA,GEO,1892897.926782643,4997250.52670618,26.290248983092255
0608,CA,MPS,8164477.598433979,21554220.859865725,113.39552220047192
0608,CA,OIA,214574.09060841124,566475.5992062059,2.980195702894601
0608,CA,OISE,341478.40744507936,901502.9956550094,4.742755658959433
0608,CA,OPP,821033.2954282239,2167527.8999305107,11.403240214280883
0608,CA,SBE,1023377.7435017443,2701717.242844605,14.213579770857562
0608,CA,TIP,5449188.691622976,14385858.14588467,75.68317627254143
0609,CA,BIO,775282.3119419073,2046745.303526635,10.767809888082043
0609,CA,CSE,641079.9606389311,1692451.096086779,8.903888342207381
0609,CA,EDU,1244614.642838624,3285782.6570939682,17.286314483869766
0609,CA,ENG,478284.5604889597,1262671.239690854,6.642841117902219
0609,CA,GEO,545840.7694411917,1441019.6313247464,7.581121797794332
0609,CA,MPS,1038027.7800553837,2740393.3393462137,14.417052500769216
0609,CA,OIA,71941.61060263216,189925.8519909489,0.9991890361476692
0609,CA,OISE,22293.928496164826,58855.97122987515,0.30963789578006706
0609,CA,OPP,147957.15708293454,390606.8946989474,2.0549605150407584
0609,CA,SBE,207404.06201411213,547546.7237172561,2.8806119724182233
0609,CA,TIP,1038592.6512854098,2741884.5993934814,14.42489793451958
0610,CA,BIO,2350042.9755241824,6204113.455383842,32.63948577116919
0610,CA,CSE,2070093.7861217635,5465047.595361459,28.751302585024515
0610,CA,EDU,4590086.472067884,12117828.286259217,63.751201000942835
0610,CA,ENG,1711713.437491968,4518923.474978797,23.773797742944012
0610,CA,GEO,1249646.1670636735,3299065.8810480973,17.356196764773244
0610,CA,MPS,5127184.595901034,13535767.333178725,71.21089716529212
0610,CA,OIA,166386.83621089472,439261.247596762,2.3109282807068703
0610,CA,OISE,198661.57762600327,524466.5649326488,2.7591885781389345
0610,CA,OPP,497347.4993954784,1312997.398404063,6.907604158270532
0610,CA,SBE,623082.0395054783,1644936.584294463,8.653917215353864
0610,CA,TIP,4001003.053862879,10562648.062198002,55.569486859206656
0611,CA,BIO,4895798.148437978,12924907.111876262,67.99719650608301
0611,CA,CSE,2157057.688895305,5694632.298683604,29.959134567990354
0611,CA,EDU,7176039.040658445,18944743.067338295,99.66720889803396
0611,CA,ENG,1727154.1199256978,4559686.876603845,23.988251665634692
0611,CA,GEO,1624780.4522278653,4289420.393881563,22.566395169831466
0611,CA,MPS,4158381.6291171946,10978127.500869384,57.75530040440542
0611,CA,OIA,351561.6652459215,928122.7962492328,4.882800906193355
0611,CA,OISE,141742.15475680432,374199.28855796345,1.968641038288949
0611,CA,OPP,647577.9015888888,1709605.6601946673,8.994137522067902
0611,CA,SBE,717442.2221610536,1894047.4665051813,9.964475307792409
0611,CA,TIP,4511555.263340469,11910505.895218834,62.66048976861764
0612,CA,BIO,7430361.020756486,19616153.094797134,103.19945862161781
0612,CA,CSE,8069288.108245545,21302920.605768252,112.07344594785478
0612,CA,EDU,17055964.420268524,45027746.06950892,236.88839472595194
0612,CA,ENG,6808835.436112669,17975325.55133745,94.56715883489818
0612,CA,GEO,3851445.9481715583,10167817.303172916,53.492304835716084
0612,CA,MPS,21233604.11649941,56056714.86755834,294.91116828471377
0612,CA,OIA,299669.9136835333,791128.5721245282,4.162082134493518
0612,CA,OISE,910847.500879614,2404637.402322182,12.650659734439088
0612,CA,OPP,853537.9192319841,2253340.1067724354,11.854693322666447
0612,CA,SBE,2361003.129658592,6233048.2622986855,32.79171013414714
0612,CA,TIP,10158996.619296456,26819751.074942596,141.09717526800614
0613,CA,BIO,2336058.2004537615,6167193.649197935,32.445252784080026
0613,CA,CSE,1696743.0969118257,4479401.775847221,23.56587634599758
0613,CA,EDU,2842172.0429271995,7503334.19332781,39.474611707322225
0613,CA,ENG,1440394.437340018,3802641.3145776466,20.005478296389146
0613,CA,GEO,915682.759129698,2417402.484102402,12.717816099023578
0613,CA,MPS,2260458.538520542,5967610.541694228,31.395257479451967
0613,CA,OIA,38308.24406083631,101133.76432060786,0.5320589452893932
0613,CA,OISE,50649.06027033583,133713.51911368652,0.703459170421331
0613,CA,OPP,187631.12408175538,495346.1675758343,2.6059878344688236
0613,CA,SBE,491961.6636761669,1298778.792105081,6.832800884391212
0613,CA,TIP,896698.3998545139,2367283.775615917,12.454144442423798
0614,CA,BIO,2180534.3618355356,5756610.715245814,30.28519946993801
0614,CA,CSE,2152253.027855364,5681947.993538161,29.892403164657836
0614,CA,EDU,4917949.014916666,12983385.39938,68.30484742939815
0614,CA,ENG,1491487.0385623192,3937525.781804525,20.715097757809993
0614,CA,GEO,1806259.3779675167,4768524.757834247,25.086935805104403
0614,CA,MPS,3513095.1236680094,9274571.126483545,48.79298782872236
0614,CA,OIA,118798.14473071755,313627.1020890945,1.6499742323710773
0614,CA,OISE,92624.87110429848,244529.6597153481,1.2864565431152575
0614,CA,OPP,536238.8304225708,1415670.5123155874,7.447761533646817
0614,CA,SBE,747862.0432895401,1974355.794284385,10.386972823465829
0614,CA,TIP,4663257.188310579,12310998.977139939,64.76746094875814
0615,CA,BIO,4624792.91267446,12209453.289460571,64.23323489825638
0615,CA,CSE,3908415.2416467126,10318216.237947324,54.283545022871
0615,CA,EDU,9178299.409626674,24230710.44141442,127.47638068925943
0615,CA,ENG,2505716.527760816,6615091.633288558,34.80161844112246
0615,CA,GEO,3059648.8623472005,8077472.996596607,42.495123088155545
0615,CA,MPS,4464881.524420357,11787287.224469744,62.012243394727165
0615,CA,OIA,196733.61624782064,519376.74689424655,2.7324113367752854
0615,CA,OISE,62770.66632421755,165714.5590959343,0.871814810058577
0615,CA,OPP,878465.7934528163,2319149.694715435,12.200913797955783
0615,CA,SBE,1186674.6408933522,3132821.0519584483,16.481592234629886
0615,CA,TIP,6199029.703272102,16365438.41663836,86.09763476766817
0616,CA,BIO,3222454.2936212877,8507279.335160205,44.75630963362898
0616,CA,CSE,4391803.052291972,11594360.058050802,60.99726461516629
0616,CA,EDU,8516173.62913234,22482698.380909376,118.28018929350473
0616,CA,ENG,2775522.571109723,7327379.587729672,38.54892459874615
0616,CA,GEO,3617102.5526974653,9549150.739121314,50.23753545413146
0616,CA,MPS,4742783.138307124,12520947.485130813,65.87198803204335
0616,CA,OIA,292704.732494725,772740.4937860741,4.065343506871182
0616,CA,OISE,66380.60969883097,175244.80960491375,0.9219529124837635
0616,CA,OPP,1223525.2707623602,3230106.7148126285,16.993406538366102
0616,CA,SBE,1283204.5013976458,3387659.8836897835,17.822284741633965
0616,CA,TIP,6101559.131473597,16108116.107090278,84.74387682602217
0617,CA,BIO,2271990.628505952,5998055.259255721,31.555425395916018
0617,CA,CSE,3087846.1407088866,8151913.8114714585,42.886751954290126
0617,CA,EDU,5694825.097460033,15034338.257294483,79.09479302027822
0617,CA,ENG,2040249.0657060088,5386257.5334638655,28.336792579250133
0617,CA,GEO,2364536.051326296,6242375.1755014155,32.84077849064296
0617,CA,MPS,3587241.236442287,9470316.86420763,49.822794950587316
0617,CA,OIA,260660.01009535752,688142.4266517437,3.6202779179910762
0617,CA,OISE,69472.45973014066,183407.29368757136,0.9648952740297315
0617,CA,OPP,908557.9093591217,2398592.880708082,12.618859852210026
0617,CA,SBE,916220.1029011179,2418821.0716589503,12.725279206959964
0617,CA,TIP,5220871.532604492,13783100.84607585,72.51210461950693
0618,CA,BIO,1245422.053980279,3287914.2225079373,17.29752852750387
0618,CA,CSE,1831280.8705550337,4834581.498265292,25.43445653548657
0618,CA,EDU,3355621.574693147,8858840.957189903,46.60585520407153
0618,CA,ENG,1033883.8401103925,2729453.337891436,14.35949777931101
0618,CA,GEO,7204362.450613183,19019516.869618807,100.06058959184976
0618,CA,MPS,2161737.3753323117,5706986.670877298,30.024130212948744
0618,CA,OIA,129067.2570400144,340737.55858563795,1.7926007922224219
0618,CA,OISE,77450.45612498524,204469.20416996107,1.0757007795136841
0618,CA,OPP,701744.1779008263,1852604.6296581815,9.746446915289255
0618,CA,SBE,480938.6317094293,1269677.9877128948,6.6797032181865195
0618,CA,TIP,3206852.1955575002,8466089.796271797,44.53961382718749
0619,CA,BIO,2269137.5846235584,5990523.223406192,31.515799786438297
0619,CA,CSE,4518141.38582025,11927893.258565469,62.75196369194795
0619,CA,EDU,5442304.362326126,14367683.516540967,75.58756058786282
0619,CA,ENG,1590213.375859049,4198163.31226789,22.08629688693124
0619,CA,GEO,9796149.631910171,25861835.028242834,136.0576337765301
0619,CA,MPS,5871971.280027668,15502004.179273041,81.55515666705091
0619,CA,OIA,145285.34795444697,383553.31859974,2.0178520549228742
0619,CA,OISE,418640.20339044125,1105210.1369507646,5.8144472693116835
0619,CA,OPP,1680904.2499762473,4437587.219937296,23.345892360781214
0619,CA,SBE,928970.2843635896,2452481.5507198763,12.902365060605417
0619,CA,TIP,4812507.9058622,12705020.8714762,66.8403875814194
0620,CA,BIO,282666.6561693581,746239.9722871064,3.9259257801299783
0620,CA,CSE,296852.11513670115,783689.5839608911,4.122946043565294
0620,CA,EDU,1122001.700353902,2962084.4889343036,15.58335694935976
0620,CA,ENG,201299.78105870416,531431.4219949791,2.7958302924820013
0620,CA,GEO,399465.2021029633,1054588.1335518234,5.548127806985602
0620,CA,MPS,566020.4511926607,1494293.9911486243,7.86139515545362
0620,CA,OIA,33442.08185920654,88287.09610830525,0.4644733591556464
0620,CA,OISE,8627.233728403131,22775.897042984278,0.11982269067226577
0620,CA,OPP,198651.37649833545,524439.6339556057,2.7590468958102146
0620,CA,SBE,95800.86639343773,252914.2872786755,1.3305675887977457
0620,CA,TIP,308697.5959019795,814961.6531812263,4.287466609749719
0621,CA,BIO,381699.75970524835,1007687.3656218562,5.301385551461783
0621,CA,CSE,301530.2740544889,796039.9235038507,4.1879204729790125
0621,CA,EDU,1138161.3996118684,3004746.094975332,15.807797216831519
0621,CA,ENG,229053.74421746956,604701.8847341196,3.1813020030204116
0621,CA,GEO,317860.69158287003,839152.2257787773,4.414731827539864
0621,CA,MPS,481829.39084588166,1272029.5918331272,6.692074872859462
0621,CA,OIA,60831.83788764385,160596.05202337977,0.8448866373283868
0621,CA,OISE,9997.211107735508,26392.637324421743,0.13885015427410427
0621,CA,OPP,151669.92756905127,400408.6087822954,2.106526771792379
0621,CA,SBE,114446.69582766123,302139.2769850255,1.58953744205085
0621,CA,TIP,471830.3012719702,1245631.995358,6.553198628777358
0622,CA,BIO,199194.46473976577,525873.3869129821,2.7665897880523023
0622,CA,CSE,301798.6580798199,796748.4573307246,4.191648028886389
0622,CA,EDU,529276.8797912414,1397290.9626488767,7.351067774878352
0622,CA,ENG,176504.1809924372,465971.03782003437,2.451446958228294
0622,CA,GEO,353425.30181728414,933042.7967976304,4.908684747462278
0622,CA,MPS,526870.6973676642,1390938.6410506328,7.317648574550891
0622,CA,OIA,14090.153222970046,37198.00450864093,0.19569657254125067
0622,CA,OISE,5501.31115885134,14523.461459367538,0.07640709942849083
0622,CA,OPP,208732.63672859158,551054.1609634818,2.8990643990082168
0622,CA,SBE,72487.92069075585,191368.11062359548,1.006776676260498
0622,CA,TIP,212758.192236996,561681.6275056693,2.9549748921804984
0623,CA,BIO,669005.0265665201,1766173.270135614,9.291736480090563
0623,CA,CSE,793636.6430937496,2095200.737767499,11.022731154079857
0623,CA,EDU,1250789.7081107912,3302084.8294124887,17.372079279316537
0623,CA,ENG,569432.9106341503,1503302.8840741573,7.908790425474315
0623,CA,GEO,523364.8203757843,1381683.1257920715,7.2689558385525626
0623,CA,MPS,1571477.3238414386,4148700.134941401,21.826073942242214
0623,CA,OIA,47443.00227906954,125249.5260167436,0.6589305872092992
0623,CA,OISE,23509.069084294188,62063.94238253666,0.3265148483929749
0623,CA,OPP,463590.15850125806,1223878.0184433213,6.438752201406361
0623,CA,SBE,196381.56865931232,518447.34126058454,2.727521786934893
0623,CA,TIP,534687.4997903429,1411574.9994465057,7.426215274865877
0624,CA,BIO,7528211.618875489,19874478.673831284,104.558494706604
0624,CA,CSE,8870386.211670514,23417819.598810155,123.1998084954238
0624,CA,EDU,8703504.082247019,22977250.777132135,120.88200114231975
0624,CA,ENG,4353997.059093111,11494552.23600582,60.472181376293236
0624,CA,GEO,8499744.739935758,22439326.113430403,118.05201027688553
0624,CA,MPS,26557131.70679972,70110827.70595129,368.8490514833295
0624,CA,OIA,96800.27049108224,255552.7140964571,1.3444482012650312
0624,CA,OISE,8190.872284141591,21623.9028301338,0.1137621150575221
0624,CA,OPP,5778054.245483236,15254063.208075741,80.25075340948939
0624,CA,SBE,2180583.7783174226,5756741.174757997,30.285885809964206
0624,CA,TIP,4603628.754446949,12153579.911739923,63.93928825620754
0625,CA,BIO,529244.6741774143,1397205.9398283726,7.350620474686305
0625,CA,CSE,799056.9274826536,2109510.288554206,11.098012881703527
0625,CA,EDU,805948.28229778,2127703.465266141,11.19372614302473
0625,CA,ENG,476490.43818513077,1257934.7568087452,6.6179227525712605
0625,CA,GEO,587291.8151482218,1550450.3919913056,8.156830765947525
0625,CA,MPS,1076294.903320558,2841418.544766272,14.948540323896639
0625,CA,OIA,25196.716996657462,66519.3328711757,0.3499544027313537
0625,CA,OISE,17122.834371565965,45204.28274093414,0.23781714404952728
0625,CA,OPP,906421.7644521112,2392953.4581535743,12.589191172945991
0625,CA,SBE,156640.11321353714,413529.89888373815,2.1755571279657953
0625,CA,TIP,411004.87580308033,1085052.8721201317,5.708401052820561
0626,CA,BIO,1035465.5373539396,2733629.0186144025,14.3814657965825
0626,CA,CSE,1300906.772606206,3434393.8796803863,18.068149619530644
0626,CA,EDU,1672727.452047535,4416000.473405496,23.232325722882457
0626,CA,ENG,766171.2527046354,2022692.107140238,10.64126739867549
0626,CA,GEO,1321937.7945260215,3489915.7775486996,18.360247146194755
0626,CA,MPS,3772336.6963138864,9958968.878268657,52.3935652265818
0626,CA,OIA,65845.61681696074,173832.42839677638,0.9145224557911218
0626,CA,OISE,13895.616016059157,36684.42628239618,0.19299466688971054
0626,CA,OPP,659703.7850914263,1741617.9926413652,9.162552570714258
0626,CA,SBE,429723.830833637,1134470.9134008023,5.9683865393560716
0626,CA,TIP,806743.5362849466,2129802.935792257,11.20477133729092
0627,CA,BIO,795292.6217970074,2099572.521544098,11.045730858291762
0627,CA,CSE,1078848.4442590442,2848159.8928438784,14.984006170264509
0627,CA,EDU,1520781.0200235737,4014861.8928622343,21.121958611438522
0627,CA,ENG,647411.5538901056,1709166.5022698806,8.991827137362586
0627,CA,GEO,1080599.1547497872,2852781.768539438,15.008321593747045
0627,CA,MPS,4228152.373592176,11162322.26628335,58.724338522113605
0627,CA,OIA,47154.54370587453,124487.9953835088,0.6549242181371463
0627,CA,OISE,10453.688421215133,27597.737432007954,0.14519011696132125
0627,CA,OPP,612787.4440944642,1617758.8524093858,8.510936723534224
0627,CA,SBE,301904.76810005115,797028.5877841351,4.193121779167377
0627,CA,TIP,575959.6805754896,1520533.5567192927,7.9994400079929076
0628,CA,BIO,2454608.854912841,6480167.376969902,34.09178965156724
0628,CA,CSE,2431292.8052996485,6418613.005991078,33.767955629161825
0628,CA,EDU,4930814.49400857,13017350.264182648,68.48353463900797
0628,CA,ENG,1767456.4731181737,4666085.089031975,24.54800657108576
0628,CA,GEO,3114691.016886915,8222784.284581462,43.259597456762705
0628,CA,MPS,32164657.065640185,84914694.6532901,446.73134813389186
0628,CA,OIA,316304.5697253736,835044.0640749861,4.3931190239635205
0628,CA,OISE,58670.93231530236,154891.26131239822,0.8148740599347548
0628,CA,OPP,1784330.1821580587,4710631.680897275,24.78236364108415
0628,CA,SBE,757389.304523369,1999507.763941694,10.519295896157901
0628,CA,TIP,1432174.1732154128,3780939.817288694,19.891307961325207
0629,CA,BIO,1150941.7185738655,3038486.137035007,15.985301646859252
0629,CA,CSE,1817452.1650141191,4798073.71563727,25.242391180751653
0629,CA,EDU,1784786.7263809955,4711836.957645827,24.788704533069367
0629,CA,ENG,1070794.799962392,2826898.2719007134,14.87214999947767
0629,CA,GEO,1661205.7752310499,4385583.24660997,23.072302433764587
0629,CA,MPS,4512887.864273941,11914023.961683212,62.678998114915885
0629,CA,OIA,48209.95224105995,127274.27391639836,0.6695826700147216
0629,CA,OISE,14730.72410843113,38889.111646258185,0.20459339039487678
0629,CA,OPP,476573.2490214119,1258153.3774165271,6.619072903075165
0629,CA,SBE,539460.1095920916,1424174.6893231214,7.49250152211238
0629,CA,TIP,885447.8006932256,2337582.193830113,12.297886120739228
0630,CA,BIO,1746423.2894861219,4610557.484243362,24.255879020640577
0630,CA,CSE,2892095.836600963,7635133.008626549,40.16799773056895
0630,CA,EDU,2744064.3708689297,7244329.93909396,38.11200515095728
0630,CA,ENG,1726950.7501145822,4559149.980302496,23.985427084924748
0630,CA,GEO,2457741.1833479945,6488436.724038708,34.13529421316662
0630,CA,MPS,10382768.27381219,27410508.24286416,144.20511491405816
0630,CA,OIA,130719.86265661714,345100.4374134692,1.815553648008571
0630,CA,OISE,24404.77865857055,64428.61565862628,0.33895525914681335
0630,CA,OPP,721569.8783939593,1904944.4789600514,10.021803866582761
0630,CA,SBE,863757.8183812507,2280320.6405264987,11.996636366406252
0630,CA,TIP,1667996.1955185826,4403509.956169061,23.166613826646962
0631,CA,BIO,1015410.937360489,2680684.8746316917,14.102929685562358
0631,CA,CSE,1436704.953772668,3792901.077959846,19.954235469064837
0631,CA,EDU,2415663.949479592,6377352.826626123,33.550888187216565
0631,CA,ENG,886761.9810198862,2341051.6298924997,12.316138625276194
0631,CA,GEO,1207462.3388397384,3187700.5745369093,16.770310261663024
0631,CA,MPS,8544080.56037505,22556372.679390125,118.66778556076449
0631,CA,OIA,100865.33279583081,266284.4785809934,1.400907399942095
0631,CA,OISE,23830.582903555813,62912.73886538735,0.33098031810494183
0631,CA,OPP,779301.1662267983,2057355.0788387484,10.823627308705532
0631,CA,SBE,353841.82456171146,934142.4168429186,4.914469785579326
0631,CA,TIP,932680.5571894087,2462276.670980041,12.953896627630684
0632,CA,BIO,1720653.744871577,4542525.8864609655,23.89796867877191
0632,CA,CSE,2195198.637172735,5795324.402136019,30.48886996073242
0632,CA,EDU,2492140.4606464966,6579250.816106755,34.613061953423575
0632,CA,ENG,1405686.0093653603,3711011.0647245515,19.52341679674112
0632,CA,GEO,2346488.407033357,6194729.394568064,32.59011676435215
0632,CA,MPS,5669362.4417313235,14967116.846170709,78.74114502404626
0632,CA,OIA,124266.61252051852,328063.8570541688,1.7259251738960903
0632,CA,OISE,23781.857539734177,62784.10390489825,0.3303035769407526
0632,CA,OPP,531774.2519055576,1403884.0250306723,7.385753498688299
0632,CA,SBE,729871.1600451949,1926859.8625193152,10.137099445072153
0632,CA,TIP,1067081.38609855,2817094.85930017,14.820574806924293
0633,CA,BIO,1022431.756360921,2699219.836792832,14.200441060568352
0633,CA,CSE,1110325.752224185,2931259.9858718505,15.421191003113687
0633,CA,EDU,2247211.224310617,5932637.632180025,31.211267004314095
0633,CA,ENG,851237.074699886,2247265.8772076983,11.82273714860953
0633,CA,GEO,677610.2246912313,1788890.993184852,9.41125312071155
0633,CA,MPS,2088156.7661413017,5512733.862613035,29.00217730751806
0633,CA,OIA,79408.63582407469,209638.79857555727,1.1028977197788157
0633,CA,OISE,51470.66339426225,135882.55136085235,0.7148703249203089
0633,CA,OPP,522902.5210078544,1380462.6554607358,7.262535013997974
0633,CA,SBE,279093.796084932,736807.6216642207,3.8763027234018352
0633,CA,TIP,596763.2467130593,1575454.9713224762,8.288378426570272
0634,CA,BIO,1766374.4978687635,4663228.674373536,24.53297913706616
0634,CA,CSE,4060305.8710475443,10719207.49956552,56.39313709788255
0634,CA,EDU,2720187.633108759,7181295.351407125,37.78038379317721
0634,CA,ENG,2031079.8269358482,5362050.743110641,28.209442040775667
0634,CA,GEO,2562739.060710744,6765631.120276362,35.593598065427
0634,CA,MPS,8057893.412687097,21272838.609493926,111.9151862873208
0634,CA,OIA,123033.0013890052,324807.12366697384,1.7087916859584054
0634,CA,OISE,27435.14319471079,72428.77803403648,0.38104365548209423
0634,CA,OPP,627775.9615162925,1657328.5384030128,8.719110576615176
0634,CA,SBE,924504.3941345186,2440691.600515128,12.84033880742386
0634,CA,TIP,1460884.4174433402,3856734.8620504243,20.290061353379716
0635,CA,BIO,1145850.2050350728,3025044.5412925933,15.914586181042683
0635,CA,CSE,1391885.721882859,3674578.3057707483,19.33174613726194
0635,CA,EDU,1841333.9004196904,4861121.4971079845,25.57408195027347
0635,CA,ENG,906743.9709381495,2393804.083276715,12.593666263029851
0635,CA,GEO,867291.8971997071,2289650.6086072256,12.045720794440378
0635,CA,MPS,3123586.5155265243,8246268.400990024,43.383146048979505
0635,CA,OIA,177646.33428135968,468986.32250278955,2.467310198352217
0635,CA,OISE,48350.86452060074,127646.28233438596,0.6715397850083437
0635,CA,OPP,574902.5054881717,1517742.6144887733,7.984757020669051
0635,CA,SBE,360391.40513069334,951433.3095450301,5.005436182370742
0635,CA,TIP,714666.800317411,1886720.3528379672,9.92592778218626
0636,CA,BIO,1704889.5820187246,4500908.496529433,23.679021972482282
0636,CA,CSE,2650460.725071525,6997216.314188825,36.81195451488228
0636,CA,EDU,2555259.2632447993,6745884.454966272,35.489711989511115
0636,CA,ENG,1718215.915921383,4536090.018032456,23.864109943352563
0636,CA,GEO,2449712.62859055,6467241.339479051,34.02378650820207
0636,CA,MPS,5326465.896029797,14061869.96551867,73.97869300041383
0636,CA,OIA,426863.1721952697,1126918.7745955116,5.9286551693787395
0636,CA,OISE,29814.077864474606,78709.16556221295,0.41408441478436947
0636,CA,OPP,618116.1476799002,1631826.629874937,8.58494649555417
0636,CA,SBE,958150.1622489266,2529516.4283371647,13.307641142346204
0636,CA,TIP,1255732.1451809353,3315132.863277678,17.44072423862414
0637,CA,BIO,2325416.2879169886,6139099.000100847,32.297448443291515
0637,CA,CSE,6500021.593032167,17160057.00560493,90.27807768100229
0637,CA,EDU,2964697.720973684,7826801.9833705295,41.176357235745634
0637,CA,ENG,3102986.330116185,8191883.911506733,43.09703236272478
0637,CA,GEO,3526966.174884405,9311190.701694824,48.98564131783894
0637,CA,MPS,5443024.697071848,14369585.200269684,75.59756523710905
0637,CA,OIA,218599.02432489666,577101.4242177273,3.0360975600680096
0637,CA,OISE,35711.5660169553,94278.53428476199,0.49599397245771254
0637,CA,OPP,510975.8291781547,1348976.1890303288,7.096886516363259
0637,CA,SBE,1383599.5520507174,3652702.817413895,19.216660445148857
0637,CA,TIP,1902639.0819672907,5022967.176393649,26.42554280510125
0638,CA,BIO,930632.6204162717,2456870.1178989573,12.9254530613371
0638,CA,CSE,1740194.3131559745,4594112.986731773,24.169365460499634
0638,CA,EDU,2097569.3845004328,5537583.175081142,29.13290811806157
0638,CA,ENG,967153.6791867058,2553285.7130529042,13.432689988704249
0638,CA,GEO,1107364.4905167255,2923442.254964152,15.38006236828785
0638,CA,MPS,4138814.1500347904,10926469.356091846,57.48352986159431
0638,CA,OIA,91095.00182658671,240490.8048221889,1.2652083587025926
0638,CA,OISE,34067.224537307346,89937.47277849141,0.473155896351491
0638,CA,OPP,559126.8083401404,1476094.7740179703,7.76565011583528
0638,CA,SBE,404265.86802717776,1067261.8915917496,5.614803722599694
0638,CA,TIP,880228.2957779157,2323802.7008536984,12.225392996915488
0639,CA,BIO,4105314.6444378244,10838030.661315853,57.01825895052534
0639,CA,CSE,3952659.817441759,10435021.918046238,54.898053020024435
0639,CA,EDU,2899288.367301648,7654121.289676353,40.26789399030071
0639,CA,ENG,3278433.3181885555,8655063.96001779,45.53379608595216
0639,CA,GEO,2065536.605189107,5453016.637699242,28.688008405404254
0639,CA,MPS,5330719.291858768,14073098.930507148,74.03776794248286
0639,CA,OIA,40130.146876416155,105943.58775373864,0.5573631510613356
0639,CA,OISE,38480.79573508242,101589.3007406176,0.5344554963205893
0639,CA,OPP,799604.5826619486,2110956.098227544,11.105619203638177
0639,CA,SBE,879241.3887321154,2321197.266252786,12.211685954612715
0639,CA,TIP,1155054.2934263481,3049343.334645558,16.042420742032615
0640,CA,BIO,1767257.7349794938,4665560.420345868,24.545246319159634
0640,CA,CSE,2645879.7637752276,6985122.5763666,36.74833005243369
0640,CA,EDU,3179922.0380226797,8394994.180379882,44.165583861426114
0640,CA,ENG,2033020.5462518714,5367174.242104938,28.236396475720422
0640,CA,GEO,1823151.9840426974,4813121.237872721,25.321555333926373
0640,CA,MPS,4802288.682179892,12678042.120954914,66.69845391916516
0640,CA,OIA,120045.0090111096,316918.8237893295,1.667291791820967
0640,CA,OISE,83951.10257553826,221630.91079942105,1.1659875357713647
0640,CA,OPP,921597.7254520123,2433017.9951933124,12.79996840905573
0640,CA,SBE,851871.1124497133,2248939.7368672444,11.831543228468236
0640,CA,TIP,1223967.0196522803,3231272.9318820275,16.999541939615064
0641,CA,BIO,1259606.335177728,3325360.724869202,17.494532433023995
0641,CA,CSE,1751435.053883084,4623788.542251342,24.325486859487295
0641,CA,EDU,1573654.2757516955,4154447.287984477,21.85630938544022
0641,CA,ENG,1201845.884119547,3172873.1340756007,16.692303946104804
0641,CA,GEO,978905.9522093318,2584311.7138326354,13.595916002907384
0641,CA,MPS,2208081.8916932186,5829336.194070101,30.667804051294713
0641,CA,OIA,59126.67604115162,156094.4247486403,0.8212038339048838
0641,CA,OISE,29105.06634489798,76837.37515053069,0.4042370325680275
0641,CA,OPP,1177393.270756113,3108318.2347961385,16.352684316057125
0641,CA,SBE,367126.120775884,969212.958848334,5.098973899665059
0641,CA,TIP,698199.8448641137,1843247.590441262,9.697220067557138
0642,CA,BIO,977445.3693313424,2580455.775034743,13.575630129601976
0642,CA,CSE,1935373.2927760913,5109385.492928883,26.88018462189015
0642,CA,EDU,1885360.582960197,4977351.939014917,26.185563652224953
0642,CA,ENG,1064461.3773648825,2810178.036243291,14.784185796734484
0642,CA,GEO,1202674.844343625,3175061.589067167,16.703817282550347
0642,CA,MPS,2795560.0053893155,7380278.414227794,38.82722229707386
0642,CA,OIA,103329.87098466954,272790.85939952754,1.4351370970092987
0642,CA,OISE,21654.552003017023,57168.017287964954,0.30075766670856985
0642,CA,OPP,475797.61506556964,1256105.7037731041,6.608300209244024
0642,CA,SBE,555712.047216714,1467079.804652125,7.718222878009918
0642,CA,TIP,871069.3704104407,2299623.1378835626,12.098185700145017
0643,CA,BIO,1215173.9169435552,3208059.1407309873,16.877415513104925
0643,CA,CSE,2575243.639255025,6798643.207633264,35.76727276743086
0643,CA,EDU,1806683.7811168153,4769645.1821483895,25.09283029328909
0643,CA,ENG,1317532.0578252838,3478284.6326587494,18.29905635868451
0643,CA,GEO,1619386.8235441276,4275181.214156498,22.491483660335106
0643,CA,MPS,2886175.839558172,7619504.216433566,40.08577554941905
0643,CA,OIA,207734.267262041,548418.4655717883,2.885198156417237
0643,CA,OISE,19961.549016387395,52698.489403262705,0.27724373633871363
0643,CA,OPP,459506.9747274587,1213098.4132804915,6.3820413156591504
0643,CA,SBE,658048.5569788078,1737248.1904240528,9.139563291372333
0643,CA,TIP,1027171.0100772652,2711731.4666039776,14.2662640288509
0644,CA,BIO,829000.7026087878,2188561.8548871996,11.513898647344265
0644,CA,CSE,1751863.4454400379,4624919.495961702,24.331436742222753
0644,CA,EDU,1561249.0097770924,4121697.38581152,21.68401402468181
0644,CA,ENG,913443.8461402478,2411491.753810252,12.686720085281221
0644,CA,GEO,1133967.8027937505,2993674.999375503,15.749552816579877
0644,CA,MPS,2212058.6128147948,5839834.737831057,30.7230362890944
0644,CA,OIA,133796.5424472257,353222.8720606758,1.8582853117670237
0644,CA,OISE,17451.973560529874,46073.21019979887,0.24238852167402608
0644,CA,OPP,440342.55730386527,1162504.351282204,6.115868851442574
0644,CA,SBE,474626.48747046455,1253013.9269220263,6.592034548200896
0644,CA,TIP,847614.6359138571,2237702.6388125876,11.772425498803575
0645,CA,BIO,1266949.8513873129,3344747.6076625055,17.59652571371267
0645,CA,CSE,2050377.6019562252,5412996.869164435,28.477466693836472
0645,CA,EDU,2557348.789976043,6751400.80553675,35.51873319411168
0645,CA,ENG,1394595.6777336625,3681732.5892168693,19.369384412967534
0645,CA,GEO,1447068.9942055761,3820262.144702719,20.098180475077445
0645,CA,MPS,3942322.092134771,10407730.323235787,54.75447350187179
0645,CA,OIA,130436.42872985436,344352.1718468157,1.8116170656924224
0645,CA,OISE,60479.9849472133,159667.16026064305,0.8399997909335181
0645,CA,OPP,710770.0208303615,1876432.8549921543,9.871805844866133
0645,CA,SBE,623748.8837413888,1646697.0530772663,8.663178940852623
0645,CA,TIP,936945.2096912739,2473535.3535849634,13.013127912378796
0646,CA,BIO,1295615.9757045934,3420426.1758601256,17.99466632923048
0646,CA,CSE,2183911.653095463,5765526.764172022,30.332106292992552
0646,CA,EDU,2282140.556987103,6024851.070445953,31.69639662482088
0646,CA,ENG,1509143.8575564758,3984139.783949095,20.96033135495104
0646,CA,GEO,1424545.1530449495,3760799.204038665,19.785349347846523
0646,CA,MPS,3522509.4440804035,9299424.93237227,48.92374227889451
0646,CA,OIA,68894.8363964138,181882.3680865325,0.9568727277279697
0646,CA,OISE,62204.071436948005,164218.74859354267,0.8639454366242779
0646,CA,OPP,664748.1321894074,1754935.0689800363,9.232612947075106
0646,CA,SBE,653314.4313329061,1724750.0987188718,9.073811546290358
0646,CA,TIP,889569.8410209079,2348464.3802951965,12.355136680845948
0647,CA,BIO,2565073.2926876433,6771793.492695378,35.626017953995074
0647,CA,CSE,3926296.505513023,10365422.774554376,54.53189590990306
0647,CA,EDU,4151896.8371606367,10961007.650104083,57.66523384945329
0647,CA,ENG,3201482.0321931024,8451912.564989794,44.465028224904195
0647,CA,GEO,2390656.742548248,6311333.800327381,33.203565868725676
0647,CA,MPS,6501934.1086910395,17165106.046944354,90.3046403984867
0647,CA,OIA,146668.8511627498,387205.76706965955,2.0370673772604144
0647,CA,OISE,78378.89002767902,206920.2696730727,1.088595694828876
0647,CA,OPP,973217.856593451,2569295.1414067103,13.516914674909044
0647,CA,SBE,1391201.3309005303,3672771.513577401,19.322240706951806
0647,CA,TIP,1322442.7903094615,3491248.9664169764,18.367260976520285
0648,CA,BIO,1579503.0581791562,4169888.073592974,21.937542474710494
0648,CA,CSE,4307299.3033150425,11371270.160751712,59.823601434931135
0648,CA,EDU,2030249.5688273213,5359858.861704125,28.197910678157236
0648,CA,ENG,2668332.240514519,7044397.11495833,37.06017000714608
0648,CA,GEO,4628421.502639735,12219032.766968887,64.28363198110743
0648,CA,MPS,2674640.912112787,7061052.0079777585,37.14779044601093
0648,CA,OIA,35005.19139619617,92413.70528595791,0.4861832138360579
0648,CA,OISE,134379.85068522536,354762.805808995,1.8663868150725744
0648,CA,OPP,10568400.870026518,27900578.29687002,146.78334541703498
0648,CA,SBE,467417.1337343533,1233981.2330586924,6.491904635199353
0648,CA,TIP,1722946.4167571017,4548578.540238753,23.92981134384863
0649,CA,BIO,1796309.825709205,4742257.939872303,24.948747579294515
0649,CA,CSE,5280282.070181822,13939944.665280018,73.33725097474752
0649,CA,EDU,2653318.486742413,7004760.804999965,36.85164564920019
0649,CA,ENG,3226779.219568524,8518697.139660908,44.81637804956284
0649,CA,GEO,5854481.447986537,15455831.022684455,81.31224233314639
0649,CA,MPS,4083476.055378325,10780376.786198782,56.71494521358785
0649,CA,OIA,49698.73779785121,131204.6677863272,0.6902602471923778
0649,CA,OISE,151109.23484918333,398928.3800018439,2.0987393729053236
0649,CA,OPP,5409468.157874703,14280995.93678922,75.13150219270425
0649,CA,SBE,640363.5916289232,1690559.8819003568,8.893938772623933
0649,CA,TIP,1767995.3585424945,4667507.746552186,24.555491090867974
0650,CA,BIO,4666165.805250626,12318677.725861654,64.80785840625865
0650,CA,CSE,17037550.372565806,44979132.98357373,236.632644063414
0650,CA,EDU,5154084.609281029,13606783.368501913,71.58450846223653
0650,CA,ENG,10052719.163085753,26539178.590546392,139.6210994873022
0650,CA,GEO,17833582.8753571,47080658.79094278,247.6886510466266
0650,CA,MPS,8591834.525715085,22682443.14788781,119.33103507937614
0650,CA,OIA,90321.309313992,238448.2565889388,1.2544626293609995
0650,CA,OISE,477753.64870790474,1261269.6325888683,6.6354673431653435
0650,CA,OPP,16458207.15073215,43449666.87793289,228.58621042683538
0650,CA,SBE,1348618.5467120935,3560352.963319928,18.73081314877909
0650,CA,TIP,2880541.9707163977,7604630.8026912855,40.00752737106105
0651,CA,BIO,4115096.6234834534,10863855.085996315,57.15411977060353
0651,CA,CSE,13276656.972765507,35050374.40810094,184.3980135106321
0651,CA,EDU,4703614.427329437,12417542.088149725,65.32797815735333
0651,CA,ENG,8138187.14288406,21484814.05721393,113.03037698450085
0651,CA,GEO,13600394.857747873,35905042.424454376,188.8943730242759
0651,CA,MPS,6832332.582053107,18037358.01662022,94.89350808407096
0651,CA,OIA,64545.09486757344,170399.05045039396,0.8964596509385203
0651,CA,OISE,408487.05853671173,1078405.8345369191,5.673431368565438
0651,CA,OPP,22697467.15258588,59921313.28282674,315.24259934147057
0651,CA,SBE,1209167.8696811746,3192203.175958303,16.793998190016314
0651,CA,TIP,2571883.0167539893,6789771.1642305255,35.72059745491647
0652,CA,BIO,2015281.0006888602,5320341.841818592,27.990013898456397
0652,CA,CSE,5633975.940412469,14873696.482688917,78.24966583906206
0652,CA,EDU,2562232.4300254057,6764293.6152670765,35.586561528130645
0652,CA,ENG,3474703.9238033886,9173218.358840946,48.259776719491505
0652,CA,GEO,7306377.704586077,19288837.140107237,101.47746811925106
0652,CA,MPS,3299701.664631373,8711212.394626826,45.82918978654685
0652,CA,OIA,34072.23434075861,89950.6986596027,0.4732254769549806
0652,CA,OISE,218822.09481812356,577690.3303198462,3.039195761362827
0652,CA,OPP,17804486.01829145,47003843.08828946,247.28452803182583
0652,CA,SBE,569754.2844961655,1504151.3110698767,7.913253951335631
0652,CA,TIP,1517983.9227767691,4007477.556130672,21.083110038566225
0801,CO,BIO,3420480.357419407,9030068.143587235,47.50667163082509
0801,CO,CSE,2148316.0044985106,5671554.2518760655,29.837722284701528
0801,CO,EDU,3049398.114642863,8050411.0226571625,42.35275159226201
0801,CO,ENG,2352294.562882976,6210057.646011058,32.67075781781911
0801,CO,GEO,12189027.560709696,32179032.760273587,169.2920494543013
0801,CO,MPS,3113174.153189505,8218779.764420292,43.23852990540979
0801,CO,OIA,129115.96643488463,340866.1513880955,1.7932773115956198
0801,CO,OISE,111105.72491223205,293319.1137682927,1.5431350682254459
0801,CO,OPP,1622534.1615527198,4283490.186499177,22.535196688232205
0801,CO,SBE,792446.0078566246,2092057.4607414878,11.006194553564223
0801,CO,TIP,1519644.3530258199,4011861.091988164,21.106171569803063
0802,CO,BIO,15397184.094212621,40648566.00872134,213.8497790862863
0802,CO,CSE,10648914.162301853,28113133.3884769,147.90158558752574
0802,CO,EDU,12820470.052330747,33846040.9381532,178.0620840601492
0802,CO,ENG,11971234.131537635,31604058.10725936,166.26714071580048
0802,CO,GEO,112842649.96940134,297904595.9192195,1567.2590273527965
0802,CO,MPS,19577342.08084095,51684183.09342008,271.9075289005687
0802,CO,OIA,716644.1385012481,1891940.525643295,9.953390812517332
0802,CO,OISE,680579.0089404531,1796728.5836027963,9.452486235284068
0802,CO,OPP,12440139.333310675,32841967.839940187,172.7797129626483
0802,CO,SBE,3048571.30564805,8048228.246910856,42.341268134000714
0802,CO,TIP,8550627.830256477,22573657.471877117,118.75871986467322
0803,CO,BIO,965637.5203538727,2549283.053734223,13.411632227137119
0803,CO,CSE,378894.7983903066,1000282.2677504097,5.262427755420926
0803,CO,EDU,1638506.5000513026,4325657.160135441,22.75703472293475
0803,CO,ENG,429568.61356769234,1134061.139818708,5.9662307439957285
0803,CO,GEO,2278430.569711075,6015056.70403724,31.64486902376496
0803,CO,MPS,1586601.7122716238,4188628.5203970857,22.036134892661448
0803,CO,OIA,153434.56393047541,405067.2487764552,2.131035610145492
0803,CO,OISE,18190.731497707555,48023.53115394792,0.25264904857927156
0803,CO,OPP,221525.6236753536,584827.6465029337,3.076744773268799
0803,CO,SBE,218553.57691822507,576981.4430641142,3.035466346086459
0803,CO,TIP,574924.3906924938,1517800.391428185,7.9850609818401965
0804,CO,BIO,2616193.790872538,6906751.607903498,36.33602487322968
0804,CO,CSE,1743854.9830237103,4603777.155182596,24.220208097551538
0804,CO,EDU,2348044.3749186047,6198837.149785119,32.61172742942507
0804,CO,ENG,1897467.4442921528,5009314.052931283,26.353714504057674
0804,CO,GEO,8601100.940687533,22706906.48341507,119.45973528732684
0804,CO,MPS,3079403.692614228,8129625.74850156,42.769495730753164
0804,CO,OIA,136024.69585000738,359105.1970440196,1.8892318868056583
0804,CO,OISE,135933.31717848792,358863.957351208,1.8879627385901103
0804,CO,OPP,1639548.1375176993,4328407.083046727,22.77150190996805
0804,CO,SBE,513211.1918203997,1354877.546405855,7.127933219727772
0804,CO,TIP,2008436.3594058093,5302271.988831335,27.894949436191784
0805,CO,BIO,906322.052811166,2392690.2194214794,12.587806289043971
0805,CO,CSE,1202544.6899575696,3174717.981487985,16.702009582744036
0805,CO,EDU,3478672.6268795943,9183695.73496213,48.31489759554991
0805,CO,ENG,890411.9817179331,2350687.6317353435,12.366833079415741
0805,CO,GEO,3849868.814827906,10163653.671145676,53.470400205943164
0805,CO,MPS,999777.0129247704,2639411.314121393,13.885791846177364
0805,CO,OIA,86471.20219851378,228283.9738040764,1.2009889194238021
0805,CO,OISE,26708.567260466032,70510.61756763032,0.37095232306202824
0805,CO,OPP,430911.1632056421,1137605.4708628955,5.984877266745029
0805,CO,SBE,301268.76542449417,795349.540720665,4.184288408673529
0805,CO,TIP,811967.8034839835,2143595.001197716,11.277330603944215
0806,CO,BIO,1947187.8697172692,5140575.976053595,27.044275968295395
0806,CO,CSE,1235401.478909843,3261459.904321985,17.15835387374781
0806,CO,EDU,1750678.826469034,4621792.101878253,24.31498370095881
0806,CO,ENG,1180107.872980664,3115484.7846689536,16.390387124731447
0806,CO,GEO,7632760.841489825,20150488.621533148,106.01056724291425
0806,CO,MPS,1423369.354381534,3757695.0955672483,19.76901881085464
0806,CO,OIA,88991.23436925416,234936.85873483098,1.235989366239641
0806,CO,OISE,79127.20455667003,208895.8200296088,1.0989889521759726
0806,CO,OPP,684047.8167771384,1805886.2362916456,9.500664121904695
0806,CO,SBE,408296.71994329675,1077903.3406503035,5.670787776990231
0806,CO,TIP,1094520.703224002,2889534.656511363,15.201676433666684
0807,CO,BIO,3109381.542096068,8208767.271133624,43.18585475133427
0807,CO,CSE,5268760.713771993,13909528.284358066,73.17723213572215
0807,CO,EDU,4836812.57595873,12769185.200531043,67.17795244387128
0807,CO,ENG,5276557.13614913,13930110.83943371,73.28551577984904
0807,CO,GEO,27772028.94588041,73318156.41712426,385.72262424833883
0807,CO,MPS,6174334.996495493,16300244.390748113,85.75465272910411
0807,CO,OIA,148718.38740410906,392616.54274684796,2.0655331583904033
0807,CO,OISE,418187.6894751006,1104015.5002142661,5.808162353820842
0807,CO,OPP,3545669.25010244,9360566.820270434,49.24540625142277
0807,CO,SBE,1075975.1569523506,2840574.4143542056,14.944099402115981
0807,CO,TIP,3324995.997798821,8777989.43418888,46.18049996942808
0808,CO,BIO,3163105.158181397,8350597.617598885,43.93201608585273
0808,CO,CSE,2944303.3831782285,7772960.931590524,40.89310254414206
0808,CO,EDU,3768920.567824727,9949950.299057279,52.34611899756565
0808,CO,ENG,3310631.7436892674,8740067.803339668,45.98099644012871
0808,CO,GEO,21544783.56553855,56878228.61302176,299.23310507692446
0808,CO,MPS,4755630.060072791,12554863.358592173,66.050417501011
0808,CO,OIA,156097.2240143619,412096.67139791546,2.168017000199471
0808,CO,OISE,170589.3839562774,450355.97364457225,2.369296999392741
0808,CO,OPP,2892863.275494046,7637159.047304281,40.178656604083976
0808,CO,SBE,825932.7312838037,2180462.4105892414,11.47128793449727
0808,CO,TIP,2644941.9167310125,6982646.660169869,36.73530439904186
0901,CT,BIO,5231655.335691038,13811570.086224345,72.66187966237557
0901,CT,CSE,1108808.8510351854,2927255.3667328903,15.400122931044233
0901,CT,EDU,2590677.606530155,6839388.881239608,35.98163342402988
0901,CT,ENG,1297391.3076961597,3425113.0523178587,18.01932371800222
0901,CT,GEO,1082506.8841742063,2857818.174219903,15.03481783575286
0901,CT,MPS,1751284.5178547096,4623391.127136433,24.3233960813154
0901,CT,OIA,132783.71644730025,350549.01142087264,1.8442182839902808
0901,CT,OISE,40151.386701978234,105999.66089322248,0.5576581486385863
0901,CT,OPP,273060.8745931809,720880.7089259978,3.7925121471275154
0901,CT,SBE,644527.33059537,1701552.152771777,8.951768480491246
0901,CT,TIP,685488.0444557349,1809688.4373631421,9.520667284107452
0902,CT,BIO,5506415.075008092,14536935.798021367,76.47798715289015
0902,CT,CSE,2716572.524319566,7171751.464203655,37.730173948882864
0902,CT,EDU,5029020.371287685,13276613.780199466,69.84750515677335
0902,CT,ENG,4107622.127350209,10844122.41620455,57.05030732430845
0902,CT,GEO,3278883.8861476346,8656253.45942975,45.54005397427266
0902,CT,MPS,4370112.371525814,11537096.660828147,60.696005160080794
0902,CT,OIA,283565.069373661,748611.7831464651,3.938403741300848
0902,CT,OISE,92416.54872495121,243979.68863387118,1.2835631767354334
0902,CT,OPP,824716.3398950025,2177251.137322808,11.454393609652822
0902,CT,SBE,1452813.9212655968,3835428.752141177,20.177971128688863
0902,CT,TIP,1075214.9699936484,2838567.52078323,14.933541249911785
0903,CT,BIO,6893015.169484389,18197560.047438815,95.73632179839441
0903,CT,CSE,4447304.965365993,11740885.108566213,61.7681245189721
0903,CT,EDU,6179118.812089375,16312873.66391595,85.82109461235241
0903,CT,ENG,3368934.3226976106,8893986.611921692,46.79075448191128
0903,CT,GEO,1920343.8378540657,5069707.731934736,26.67144219241758
0903,CT,MPS,6819342.04216252,18003062.99130903,94.71308391892381
0903,CT,OIA,253540.1471195349,669345.988395572,3.5213909322157617
0903,CT,OISE,113809.31834168352,300456.6004220445,1.5806849769678262
0903,CT,OPP,602017.962878116,1589327.4219982265,8.361360595529392
0903,CT,SBE,2320945.756533715,6127296.797249005,32.23535772963492
0903,CT,TIP,1108932.0202383625,2927580.5334292785,15.401833614421701
0904,CT,BIO,1463061.1681790177,3862481.4839926115,20.320294002486367
0904,CT,CSE,1077304.5560621775,2844084.028004151,14.962563278641355
0904,CT,EDU,1978819.1694441007,5224082.607332426,27.483599575612484
0904,CT,ENG,731017.005317773,1929884.8940389198,10.153013962746844
0904,CT,GEO,614963.3956742205,1623503.3645799414,8.541158273253066
0904,CT,MPS,1613538.1124328163,4259740.616822636,22.4102515615669
0904,CT,OIA,89389.81894003059,235989.12200168078,1.2415252630559808
0904,CT,OISE,78037.68787214081,206019.4959824516,1.0838567760019548
0904,CT,OPP,184057.87675761862,485912.79464011313,2.5563593994113702
0904,CT,SBE,460740.35155609343,1216354.5281080864,6.399171549390188
0904,CT,TIP,577065.2147434421,1523452.1669226869,8.014794649214474
0905,CT,BIO,4277301.961517546,11292077.178406328,59.406971687743706
0905,CT,CSE,1192829.6474042872,3149070.269147316,16.567078436170654
0905,CT,EDU,3194448.894549131,8433345.081609705,44.367345757626865
0905,CT,ENG,1029272.870185715,2717280.3772902885,14.29545653035715
0905,CT,GEO,799723.057069217,2111268.870662732,11.107264681516906
0905,CT,MPS,1886769.348457426,4981071.079927609,26.2051298396865
0905,CT,OIA,169792.00950466437,448250.905092314,2.3582223542314495
0905,CT,OISE,36667.58119286401,96802.41434916096,0.5092719610120001
0905,CT,OPP,231493.42925206607,611142.6532254547,3.215186517389807
0905,CT,SBE,572208.9063737936,1510631.5128268145,7.9473459218582425
0905,CT,TIP,530230.036871732,1399807.2973413724,7.3643060676629455
1000,DE,BIO,3807533.1190780266,10051887.434365995,52.88240443163923
1000,DE,CSE,4115638.0885014976,10865284.553643957,57.1616401180764
1000,DE,EDU,5722264.7271648,15106778.879715074,79.47589898840019
1000,DE,ENG,6264339.33796003,16537855.852214478,87.00471302722262
1000,DE,GEO,8691337.042166458,22945129.791319434,120.71301447453403
1000,DE,MPS,8580685.865688363,22653010.685417283,119.17619257900513
1000,DE,OIA,9094709.526812807,24010033.150785815,126.31541009462235
1000,DE,OISE,541469.5446513846,1429479.5978796557,7.520410342380341
1000,DE,OPP,573190.4209880781,1513222.7114085269,7.960978069278863
1000,DE,SBE,1129003.807108003,2980570.050765129,15.680608432055582
1000,DE,TIP,3987430.519433287,10526816.57130388,55.380979436573476
1198,DC,BIO,3503298.3344803145,9248707.60302803,48.656921312226586
1198,DC,CSE,12386033.021665998,32699127.177198242,172.02823641202787
1198,DC,EDU,12356564.669612624,32621330.72777735,171.6189537446197
1198,DC,ENG,6372205.71459294,16822623.08652536,88.5028571471241
1198,DC,GEO,18549793.352262016,48971454.44997168,257.63601878141696
1198,DC,MPS,9306421.259733388,24568952.12569613,129.2558508296304
1198,DC,OIA,4910272.689126605,12963119.89929424,68.19823179342508
1198,DC,OISE,694731.5445458887,1834091.277601146,9.649049229804008
1198,DC,OPP,3413424.8734729784,9011441.665968662,47.408678798235826
1198,DC,SBE,5354270.340718411,14135273.699496605,74.36486584331129
1198,DC,TIP,5338831.765618415,14094515.8612326,74.15044118914473
1201,FL,BIO,99188.24604669832,261856.96956328367,1.377614528426365
1201,FL,CSE,249234.2861258168,657978.5153721562,3.4615873073030103
1201,FL,EDU,1034979.0863005521,2732344.7878334564,14.374709531952108
1201,FL,ENG,128590.65985923426,339479.3420283785,1.785981386933809
1201,FL,GEO,132877.14637081933,350795.6664189631,1.8455159218169344
1201,FL,MPS,1081950.6802094886,2856349.7957530506,15.02709278068734
1201,FL,OIA,114075.69269248577,301159.82870816253,1.5843846207289682
1201,FL,OISE,10797.452388942547,28505.274306808325,0.14996461651309093
1201,FL,OPP,172432.30325591366,455221.2805956122,2.3948931007765797
1201,FL,SBE,231515.20350567717,611200.1372549881,3.2154889375788507
1201,FL,TIP,204130.81415229436,538905.3493620574,2.8351501965596433
1202,FL,BIO,1985340.0396851033,5241297.704768673,27.574167217848654
1202,FL,CSE,2337839.7123107235,6171896.84050031,32.46999600431563
1202,FL,EDU,6319903.536222015,16684545.335626122,87.77643800308354
1202,FL,ENG,3483468.216530913,9196356.091641612,48.38150300737381
1202,FL,GEO,4015543.1563864956,10601033.932860345,55.77143272759021
1202,FL,MPS,47942676.792840995,126568666.73310028,665.8705110116806
1202,FL,OIA,38036.84457283859,100417.26967229383,0.5282895079560915
1202,FL,OISE,114104.5958203721,301236.1329657823,1.5847860530607232
1202,FL,OPP,383290.69613853557,1011887.4378057341,5.323481890812994
1202,FL,SBE,822297.1726301394,2170864.5357435686,11.420794064307492
1202,FL,TIP,4162907.8442152794,10990076.708728341,57.81816450299001
1203,FL,BIO,13295737.617811538,35100747.3110225,184.6630224696048
1203,FL,CSE,8224688.096726945,21713176.57535914,114.23177912120758
1203,FL,EDU,7242928.341629863,19121330.821902867,100.59622696708146
1203,FL,ENG,9009504.568438744,23785092.060678285,125.13200789498252
1203,FL,GEO,2645825.7580123707,6984980.001152659,36.747579972394064
1203,FL,MPS,8934728.174782768,23587682.381426502,124.09344687198283
1203,FL,OIA,19445.290811084302,51335.56774126255,0.27007348348728194
1203,FL,OISE,258067.45212591471,681298.0736124149,3.5842701684154816
1203,FL,OPP,1225488.8772862034,3235290.636035578,17.020678851197264
1203,FL,SBE,1945679.856537961,5136594.8212602185,27.023331340805015
1203,FL,TIP,2404989.504864555,6349172.292842423,33.40263201200766
1204,FL,BIO,551414.8304565303,1455735.1524052392,7.65853931189625
1204,FL,CSE,501521.372039493,1324016.4221842617,6.965574611659629
1204,FL,EDU,993865.5574842155,2623805.071758331,13.803688298391885
1204,FL,ENG,563905.4701625422,1488710.441229111,7.832020418924197
1204,FL,GEO,318053.1108507606,839660.2126460082,4.417404317371677
1204,FL,MPS,728104.4799564836,1922195.8270851173,10.112562221617834
1204,FL,OIA,33783.70230724626,89188.97409113015,0.46921808760064254
1204,FL,OISE,13402.56437512058,35382.76995031835,0.18614672743223035
1204,FL,OPP,78527.88520404276,207313.61693867279,1.0906650722783713
1204,FL,SBE,91866.72126603195,242528.14414232434,1.2759266842504446
1204,FL,TIP,412150.6116830215,1088077.6148431767,5.724314051153074
1205,FL,BIO,331124.583046953,874168.8992439557,4.59895254231879
1205,FL,CSE,349790.40133193735,923446.6595163145,4.858200018499131
1205,FL,EDU,874565.8098301052,2308853.737951478,12.146747358751465
1205,FL,ENG,373391.867450442,985754.5300691668,5.185998159033915
1205,FL,GEO,245462.6603260608,648021.4232608007,3.409203615639733
1205,FL,MPS,538492.0612471855,1421619.0416925692,7.479056406210911
1205,FL,OIA,60969.667879693065,160959.9232023897,0.8468009427735148
1205,FL,OISE,7306.433514022301,19288.984477018887,0.10147824325030973
1205,FL,OPP,44205.14209053296,116701.575119007,0.6139603068129575
1205,FL,SBE,50363.198115656945,132958.84302533432,0.6994888627174572
1205,FL,TIP,428959.69474100455,1132453.594116252,5.957773538069513
1206,FL,BIO,712991.7498876711,1882298.2197034522,9.902663192884317
1206,FL,CSE,633969.2961997429,1673678.9419673216,8.80512911388532
1206,FL,EDU,1470515.6369601982,3882161.281574923,20.42382829111385
1206,FL,ENG,1246038.5431052719,3289541.7537979158,17.306090876462104
1206,FL,GEO,811894.9086408498,2143402.5588118443,11.27631817556736
1206,FL,MPS,1214316.1094063874,3205794.5288328626,16.86550151953316
1206,FL,OIA,21444.851806134302,56614.40876819456,0.29784516397408756
1206,FL,OISE,34371.20574298111,90739.98316147015,0.47737785754140444
1206,FL,OPP,85096.32394862756,224654.29522437675,1.1818933881753821
1206,FL,SBE,114165.97524880817,301398.17465685366,1.5856385451223365
1206,FL,TIP,587217.0133014945,1550252.9151159453,8.15579185140964
1207,FL,BIO,510232.3827098992,1347013.490354133,7.086560870970824
1207,FL,CSE,1277524.28766305,3372664.1194304526,17.74339288420903
1207,FL,EDU,1858521.7235182577,4906497.350088202,25.81280171553135
1207,FL,ENG,2446389.8876342396,6458469.303354393,33.97763732825333
1207,FL,GEO,695645.1287917268,1836503.14001016,9.661737899885098
1207,FL,MPS,6280413.573831125,16580291.834914183,87.22796630321017
1207,FL,OIA,42575.59143740449,112399.56139474786,0.5913276588528401
1207,FL,OISE,51221.35423823034,135224.37518892807,0.7114076977531993
1207,FL,OPP,31139.464281819903,82208.18570400457,0.432492559469721
1207,FL,SBE,258772.77742478476,683160.1324014316,3.59406635312201
1207,FL,TIP,1628369.4470824422,4298895.34029765,22.61624232058947
1208,FL,BIO,231088.11240789035,610072.6167568305,3.2095571167762555
1208,FL,CSE,511648.98974791024,1350753.3329344841,7.106235968720975
1208,FL,EDU,1071862.6413225944,2829717.3730916483,14.886981129480473
1208,FL,ENG,974195.1127512748,2571875.097663364,13.530487677101037
1208,FL,GEO,700165.6015651362,1848437.1881319603,9.724522243960228
1208,FL,MPS,1496843.7295862294,3951667.446107645,20.789496244253186
1208,FL,OIA,17773.918615579765,46923.14514513057,0.24685998077194116
1208,FL,OISE,12885.27152018939,34017.11681329998,0.1789621044470749
1208,FL,OPP,9176.07560974643,24224.839609730578,0.12744549457981152
1208,FL,SBE,168899.39283007613,445894.3970714011,2.3458249004177243
1208,FL,TIP,1012219.9525914139,2672260.6748413355,14.058610452658524
1209,FL,BIO,203386.30763824456,536939.8521649658,2.8248098283089527
1209,FL,CSE,439813.156603427,1161106.7334330473,6.108516063936485
1209,FL,EDU,678714.088591667,1791805.1938820002,9.426584563773146
1209,FL,ENG,766093.4287854915,2022486.6519936973,10.6401865109096
1209,FL,GEO,167747.7643479325,442854.09787854186,2.329830060387951
1209,FL,MPS,2030872.3194774182,5361502.9234203845,28.206559992741916
1209,FL,OIA,56330.92076153898,148713.63081046293,0.7823738994658191
1209,FL,OISE,16266.488620214981,42943.52995736755,0.22592345305854142
1209,FL,OPP,11916.586918814062,31459.78946566913,0.16550815165019533
1209,FL,SBE,99331.86307313152,262236.11851306714,1.3796092093490484
1209,FL,TIP,4494087.884141257,11864392.014132924,62.417887279739666
1210,FL,BIO,596598.0806133674,1575018.9328192896,8.286084452963435
1210,FL,CSE,1520997.072541693,4015432.2715100693,21.12495934085684
1210,FL,EDU,1783224.387321635,4707712.382529114,24.767005379467147
1210,FL,ENG,2591790.0418611267,6842325.710513374,35.997083914737864
1210,FL,GEO,406430.5734839727,1072976.713997688,5.644869076166287
1210,FL,MPS,7612992.96576468,20098301.429618746,105.73601341339833
1210,FL,OIA,100141.86483053396,264374.52315260965,1.3908592337574164
1210,FL,OISE,51655.60995961846,136370.81029339271,0.7174390272169229
1210,FL,OPP,14886.331708223719,39299.91570971062,0.2067546070586628
1210,FL,SBE,320674.379544235,846580.3619967806,4.453810827003264
1210,FL,TIP,1963620.1754292117,5183957.263133124,27.272502436516845
1211,FL,BIO,181332.37863122034,478717.4795864219,2.5185052587669507
1211,FL,CSE,265168.4179067411,700044.6232737962,3.682894693149182
1211,FL,EDU,529370.9505703487,1397539.3095057204,7.352374313477067
1211,FL,ENG,437219.33107496134,1154259.0340378983,6.072490709374465
1211,FL,GEO,142231.95218678005,375492.3537730995,1.9754437803719453
1211,FL,MPS,1011815.5290524883,2671192.9966985695,14.05299345906234
1211,FL,OIA,40689.40429035466,107420.02732653629,0.5651306151438146
1211,FL,OISE,10160.489062442823,26823.69112484905,0.1411179036450392
1211,FL,OPP,25395.258698504997,67043.48296405318,0.35271192636812493
1211,FL,SBE,64209.73866788681,169513.7100832211,0.8918019259428723
1211,FL,TIP,528487.2642638442,1395206.377656549,7.340100892553401
1212,FL,BIO,197787.99150327584,522160.2975686482,2.747055437545498
1212,FL,CSE,296975.3139769109,784014.8288990448,4.124657138568207
1212,FL,EDU,627920.1595195043,1657709.2211314912,8.721113326659784
1212,FL,ENG,435399.8002028857,1149455.4725356179,6.047219447262303
1212,FL,GEO,618632.4677875341,1633189.71495909,8.592117608160196
1212,FL,MPS,377560.9358106701,996760.8705401691,5.243901886259307
1212,FL,OIA,54973.350988935425,145129.64661078952,0.7635187637352141
1212,FL,OISE,21161.80175986118,55867.15664603352,0.2939139133314053
1212,FL,OPP,143363.0211850846,378478.37592862337,1.9911530720150639
1212,FL,SBE,117358.1517626794,309825.5206534736,1.629974330037214
1212,FL,TIP,767092.1621515097,2025123.3080799854,10.65405780765986
1213,FL,BIO,200642.96899045457,529697.4381348006,2.7867079026452037
1213,FL,CSE,266902.23558241647,704621.9019375797,3.7069754942002295
1213,FL,EDU,640871.4893171602,1691900.7317973038,8.900992907182783
1213,FL,ENG,379479.59218743996,1001826.1233748411,5.270549891492221
1213,FL,GEO,513211.6655896247,1354878.7971566098,7.1279397998559
1213,FL,MPS,391649.2747551858,1033954.0853536914,5.439573260488695
1213,FL,OIA,44060.870202356076,116320.69733422004,0.6119565305882791
1213,FL,OISE,17431.580816464888,46019.3733554673,0.24210528911756793
1213,FL,OPP,124273.5323453499,328082.12539172376,1.7260212825743035
1213,FL,SBE,113413.76814419609,299412.3479006779,1.5751912242249455
1213,FL,TIP,475273.22478902584,1254721.313443029,6.601017010958699
1214,FL,BIO,396608.03013601206,1047045.1995590715,5.508444863000166
1214,FL,CSE,743270.6704363913,1962234.569952074,10.323203756060993
1214,FL,EDU,1461862.414842195,3859316.7751833927,20.30364465058605
1214,FL,ENG,1101778.6873376505,2908695.7345713973,15.302481768578481
1214,FL,GEO,1751745.8829294494,4624609.130933748,24.329803929575693
1214,FL,MPS,704200.913970468,1859090.4128820358,9.780568249589834
1214,FL,OIA,123877.3079757262,327036.09305591724,1.7205181663295306
1214,FL,OISE,59142.30230472036,156135.67808446178,0.8214208653433382
1214,FL,OPP,407304.5921769467,1075284.1233471395,5.657008224679814
1214,FL,SBE,352492.33398015704,930579.7617076149,4.895726860835515
1214,FL,TIP,1089405.4956854817,2876030.508609669,15.130631884520575
1215,FL,BIO,542940.5236932791,1433362.9825502578,7.5408406068511065
1215,FL,CSE,1227011.237928461,3239309.6681311377,17.04182274900641
1215,FL,EDU,2200145.2534116074,5808383.469006643,30.557572964050117
1215,FL,ENG,1875032.9025181036,4950086.862647795,26.042123646084782
1215,FL,GEO,2942895.4821874085,7769244.072974758,40.873548363713994
1215,FL,MPS,947640.9873906646,2501772.2067113533,13.161680380425896
1215,FL,OIA,209410.7895321785,552844.4843649513,2.9084831879469224
1215,FL,OISE,100458.52809943775,265210.5141825157,1.3952573347144124
1215,FL,OPP,706289.5048319078,1864604.2927562369,9.809576455998721
1215,FL,SBE,535433.5516791624,1413544.576432989,7.436577106655033
1215,FL,TIP,1769235.1253255757,4670780.730859526,24.572710073966345
1216,FL,BIO,254136.95046949395,670921.5492394636,3.529679867631859
1216,FL,CSE,334560.142959792,883238.777413851,4.646668652219334
1216,FL,EDU,698827.0447508438,1844903.3981422274,9.705931177095055
1216,FL,ENG,488390.1901851314,1289350.1020887473,6.783197085904601
1216,FL,GEO,773434.2387074387,2041866.390187638,10.742142204269978
1216,FL,MPS,481350.9742573638,1270766.5720394405,6.685430198018941
1216,FL,OIA,49998.16518629471,131995.156091818,0.69441896092076
1216,FL,OISE,25237.193242679965,66626.1901606751,0.35051657281499954
1216,FL,OPP,159606.2298790135,421360.44688059547,2.2167531927640756
1216,FL,SBE,140711.32683287852,371477.9028387993,1.9543239837899786
1216,FL,TIP,552417.4194381625,1458381.987316748,7.672464158863369
1217,FL,BIO,198550.5096629541,524173.34551019873,2.757645967541027
1217,FL,CSE,121358.25896727559,320385.80367360765,1.6855313745454932
1217,FL,EDU,428167.38376012037,1130361.893126717,5.946769218890562
1217,FL,ENG,149801.6137890173,395476.2604030057,2.0805779692919075
1217,FL,GEO,398044.83336339734,1050838.3600793688,5.528400463380517
1217,FL,MPS,275727.7200815955,727921.1810154121,3.8295516677999384
1217,FL,OIA,13729.39227582881,36245.59560818806,0.19068600383095569
1217,FL,OISE,6483.934376908497,17117.58675503843,0.09005464412372909
1217,FL,OPP,29982.22828441211,79153.08267084799,0.4164198372835016
1217,FL,SBE,44375.97299780084,117152.56871419417,0.6163329583027892
1217,FL,TIP,434569.2085805439,1147262.7106526352,6.035683452507556
1218,FL,BIO,158418.0488687872,418223.6490135979,2.2002506787331555
1218,FL,CSE,141538.2425417227,373660.96031014784,1.9658089241905927
1218,FL,EDU,588418.5843892887,1553425.0627877212,8.172480338740115
1218,FL,ENG,281675.8077205809,743624.1323823335,3.912163996119178
1218,FL,GEO,181572.77989973943,479352.13893531216,2.521844165274159
1218,FL,MPS,385070.8518671387,1016587.0489292467,5.348206275932486
1218,FL,OIA,12801.675399533686,33796.42305476893,0.17780104721574563
1218,FL,OISE,6597.072496055224,17416.271389585796,0.09162600688965591
1218,FL,OPP,22856.150066770882,60340.236176275124,0.31744652870515105
1218,FL,SBE,69368.41327700706,183132.61105129865,0.9634501844028756
1218,FL,TIP,386341.4567701555,1019941.4458732108,5.365853566252159
1219,FL,BIO,173625.60375835342,458371.59392205306,2.4114667188660195
1219,FL,CSE,102122.81177220095,269604.22307861055,1.4183723857250141
1219,FL,EDU,247517.9739269339,653447.4511671055,3.437749637874082
1219,FL,ENG,121605.58364649175,321038.7408267385,1.688966439534608
1219,FL,GEO,580327.6099241744,1532064.8901998207,8.060105693391312
1219,FL,MPS,133515.0309010929,352479.6815788852,1.8543754291818473
1219,FL,OIA,32595.75069072674,86052.7818235186,0.452718759593427
1219,FL,OISE,5339.1303253196775,14095.304058843947,0.07415458785166217
1219,FL,OPP,14011.371888074093,36990.0217845156,0.1946023873343624
1219,FL,SBE,86794.8391303326,229138.37530407813,1.2054838768101748
1219,FL,TIP,560749.4734634155,1480378.6099434157,7.788187131436326
1220,FL,BIO,261920.51425218824,691470.1576257771,3.6377849201692807
1220,FL,CSE,475313.74426993413,1254828.284872626,6.601579781526865
1220,FL,EDU,645329.0678953686,1703668.7392437737,8.96290372076901
1220,FL,ENG,458195.9766762668,1209637.3784253448,6.363833009392596
1220,FL,GEO,296654.9555367742,783169.0826170843,4.120207715788532
1220,FL,MPS,365399.95876111824,964655.8911293518,5.074999427237753
1220,FL,OIA,22639.279786490828,59767.698636335794,0.3144344414790393
1220,FL,OISE,22727.68751800077,60001.09504752204,0.3156623266388996
1220,FL,OPP,15903.369777766567,41984.89621330374,0.22088013580231344
1220,FL,SBE,102222.50235179615,269867.40620874206,1.4197569771082807
1220,FL,TIP,291004.9828537913,768253.1547340093,4.041735872969326
1221,FL,BIO,142039.17069227243,374983.41062759917,1.9727662596148945
1221,FL,CSE,222433.11938726847,587223.435182389,3.0893488803787283
1221,FL,EDU,1537856.1869815683,4059940.3336313404,21.35911370807733
1221,FL,ENG,242640.24771938316,640570.2539791717,3.370003440546989
1221,FL,GEO,171646.28507909086,453146.1926087998,2.3839761816540386
1221,FL,MPS,329546.57438269135,870002.9563703059,4.577035755315162
1221,FL,OIA,11040.539218970953,29147.02353808331,0.15334082248570768
1221,FL,OISE,9119.673895432605,24075.93908394208,0.12666213743656396
1221,FL,OPP,27069.56660525576,71463.65583787521,0.37596620285077453
1221,FL,SBE,37925.71967943771,100123.89995371558,0.5267461066588573
1221,FL,TIP,406606.00874536036,1073439.8630877512,5.647305677018893
1222,FL,BIO,333470.7965893592,880362.9029959085,4.631538841518878
1222,FL,CSE,621985.8166870786,1642042.556053887,8.638691898431647
1222,FL,EDU,597555.7806626966,1577547.260949518,8.29938584253745
1222,FL,ENG,560135.6658930179,1478758.1579575671,7.7796620262919145
1222,FL,GEO,333662.9581445697,880870.2095016645,4.6342077520079155
1222,FL,MPS,354309.25735292264,935376.4394117155,4.920961907679481
1222,FL,OIA,13044.955791452905,34438.68328943567,0.181179941547957
1222,FL,OISE,12257.78890931488,32360.562720591286,0.17024706818492893
1222,FL,OPP,30963.04643902729,81742.44259903205,0.43004231165315676
1222,FL,SBE,75175.16595549995,198462.43812251996,1.044099527159722
1222,FL,TIP,458788.5717052915,1211201.8293019698,6.372063495906825
1223,FL,BIO,527396.256833435,1392326.1180402688,7.324948011575488
1223,FL,CSE,978608.151571084,2583525.520147662,13.591779882931725
1223,FL,EDU,988841.3396856873,2610541.1367702135,13.733907495634547
1223,FL,ENG,872941.4744977173,2304565.4926739736,12.124187145801631
1223,FL,GEO,446154.1709167045,1177847.0112201006,6.196585707176452
1223,FL,MPS,570950.4431768967,1507309.1699870087,7.92986726634579
1223,FL,OIA,24650.775935018366,65078.0484684485,0.3423718879863662
1223,FL,OISE,21311.870234670936,56263.33741953129,0.2959981977037631
1223,FL,OPP,19575.663453535166,51679.75151733285,0.27188421463243284
1223,FL,SBE,132059.75052702433,348637.74139134417,1.8341632017642264
1223,FL,TIP,194829.86207552275,514350.83587938023,2.7059703066044816
1224,FL,BIO,598563.806661956,1580208.4495875638,8.313386203638279
1224,FL,CSE,1179965.3656803765,3115108.5653961943,16.38840785667191
1224,FL,EDU,1575920.402025182,4160429.861346481,21.887783361460862
1224,FL,ENG,1174227.4102355635,3099960.363021888,16.308714031049487
1224,FL,GEO,729334.4026117155,1925442.822894928,10.129644480718262
1224,FL,MPS,740393.4572945035,1954638.7272574878,10.283242462423646
1224,FL,OIA,14168.917847383891,37405.943117093455,0.1967905256581096
1224,FL,OISE,101871.17398605197,268939.89932317735,1.4148774164729445
1224,FL,OPP,54775.23427521961,144606.61848657974,0.7607671427113835
1224,FL,SBE,157639.00751594137,416166.9798420854,2.189430659943629
1224,FL,TIP,421875.2884254531,1113750.761443196,5.859379005909072
1225,FL,BIO,528014.8801164023,1393959.2835073024,7.333540001616702
1225,FL,CSE,1078943.9253978743,2848411.9630503883,14.985332297192697
1225,FL,EDU,1364175.3505957953,3601422.9255728996,18.946879869386038
1225,FL,ENG,1057071.1672470765,2790667.881532284,14.681543989542734
1225,FL,GEO,670586.0520355346,1770347.1773738125,9.313695167160207
1225,FL,MPS,563384.0706023026,1487333.9463900782,7.82477875836531
1225,FL,OIA,31716.83029703931,83732.4319841838,0.4405115319033238
1225,FL,OISE,71400.56697695752,188497.4968191678,0.9916745413466317
1225,FL,OPP,36644.46175160062,96741.37902422565,0.5089508576611199
1225,FL,SBE,211168.81773274762,557485.6788144538,2.932900246288162
1225,FL,TIP,455827.0389926819,1203383.382940681,6.330931097120583
1226,FL,BIO,433319.9727424723,1143964.7280401269,6.018332954756562
1226,FL,CSE,816017.7525232069,2154286.866661267,11.333579896155653
1226,FL,EDU,1065536.44342436,2813016.210640311,14.799117269782782
1226,FL,ENG,824286.3088707813,2176115.855418864,11.448420956538632
1226,FL,GEO,669958.4984741018,1768690.4359716286,9.30497914547364
1226,FL,MPS,472640.16474154877,1247770.034917689,6.56444673252151
1226,FL,OIA,9352.251930803293,24689.94509732069,0.1298923879278235
1226,FL,OISE,68065.68272250536,179693.4023874142,0.945356704479241
1226,FL,OPP,30520.626803071373,80574.45476010845,0.4238975944871025
1226,FL,SBE,111032.64539685969,293126.18384770944,1.542120074956384
1226,FL,TIP,880300.5620112271,2323993.483709642,12.226396694600378
1227,FL,BIO,1645957.4424314483,4345327.648019023,22.86052003377012
1227,FL,CSE,3008897.834704358,7943490.283619506,41.79024770422719
1227,FL,EDU,3178197.4433391048,8390441.250415236,44.14163115748757
1227,FL,ENG,3277676.571922127,8653066.14987442,45.52328572114066
1227,FL,GEO,3627835.252881121,9577485.067606159,50.386600734460004
1227,FL,MPS,1755250.2888075989,4633860.76245206,24.378476233438867
1227,FL,OIA,7135.96902509812,18838.958226259037,0.09911068090414056
1227,FL,OISE,313595.7245241906,827892.7127438633,4.35549617394709
1227,FL,OPP,104345.40724752784,275471.87513347354,1.4492417673267757
1227,FL,SBE,369017.36276039324,974205.8376874385,5.125241149449907
1227,FL,TIP,678732.9413000034,1791854.9650320096,9.426846406944495
1228,FL,BIO,1308342.8264866283,3454025.061924699,18.171428145647603
1228,FL,CSE,2378370.49930928,6278898.118176501,33.03292360151778
1228,FL,EDU,2577240.8099330873,6803915.738223349,35.79501124907067
1228,FL,ENG,2454150.121321224,6478956.32028803,34.085418351683636
1228,FL,GEO,3781888.4660360473,9984185.550335169,52.526228694945104
1228,FL,MPS,1034890.2694109575,2732110.311244928,14.373475964041072
1228,FL,OIA,7725.8016109904065,20396.116253014676,0.10730280015264455
1228,FL,OISE,155949.12560964475,411705.69160946226,2.165960077911733
1228,FL,OPP,91862.1638369906,242516.11252965522,1.2758633866248694
1228,FL,SBE,262744.1852901099,693644.64916589,3.6492247956959702
1228,FL,TIP,641259.1240474016,1692924.0874851416,8.906376722880587
1301,GA,BIO,676044.9469719651,1784758.6600059876,9.389513152388401
1301,GA,CSE,266162.6280002142,702669.3379205656,3.6967031666696406
1301,GA,EDU,993951.187851589,2624031.1359281936,13.804877609049846
1301,GA,ENG,215572.63870879353,569111.766191215,2.9940644265110223
1301,GA,GEO,668075.5838512126,1763719.5413672018,9.278827553489062
1301,GA,MPS,250580.53218489786,661532.6049681301,3.480285169234692
1301,GA,OIA,49195.062397580434,129874.96472961233,0.6832647555219503
1301,GA,OISE,38072.85255248592,100512.33073856286,0.5287896187845267
1301,GA,OPP,70996.55347226509,187430.9011667798,0.9860632426703484
1301,GA,SBE,71518.68617981164,188809.33151470267,0.993315085830717
1301,GA,TIP,286097.8942257672,755298.4407560253,3.973581864246768
1302,GA,BIO,537514.5579010693,1419038.4328588238,7.465479970848187
1302,GA,CSE,392772.4842500528,1036919.3584201393,5.4551733923618455
1302,GA,EDU,2613396.6535174283,6899367.165286008,36.29717574329762
1302,GA,ENG,445157.29911726934,1175215.2696695905,6.182740265517631
1302,GA,GEO,411617.9022332444,1086671.261895765,5.71691530879506
1302,GA,MPS,1205438.8023994565,3182358.4383345647,16.742205588881355
1302,GA,OIA,89135.7528206833,235318.3874466039,1.237996566953935
1302,GA,OISE,18037.22652125094,47618.2780161025,0.25051703501737416
1302,GA,OPP,65408.40012589182,172678.17633235437,0.9084500017484977
1302,GA,SBE,111985.59149137107,295641.9615372196,1.5553554373801537
1302,GA,TIP,377167.999467712,995723.5185947593,5.238444437051553
1303,GA,BIO,886353.4320973989,2339973.060737134,12.310464334686102
1303,GA,CSE,1116412.9766270462,2947330.2582954024,15.505735786486756
1303,GA,EDU,1668946.3272519337,4406018.303945104,23.17981010072131
1303,GA,ENG,1372662.5748701217,3623829.197657121,19.064757984307242
1303,GA,GEO,667224.9669824833,1761473.9128337558,9.267013430312268
1303,GA,MPS,1150302.4282645166,3036798.410618325,15.976422614784951
1303,GA,OIA,397118.4540995119,1048392.7188227113,5.515534084715443
1303,GA,OISE,32921.73990747293,86913.39335572858,0.45724638760379094
1303,GA,OPP,118236.56309429144,312144.52656892943,1.642174487420715
1303,GA,SBE,248108.01441749488,655005.1580621867,3.445944644687429
1303,GA,TIP,500972.2090104234,1322566.631787519,6.957947347366985
1304,GA,BIO,2206317.786350781,5824678.95596606,30.6433025882053
1304,GA,CSE,3100342.240584086,8184903.515141985,43.06030889700117
1304,GA,EDU,4078712.7740905094,10767801.723598955,56.64878852903486
1304,GA,ENG,3622300.737911977,9562873.948087623,50.30973247099969
1304,GA,GEO,1570064.0540187317,4144969.102609452,21.80644519470462
1304,GA,MPS,3519510.800237953,9291508.512628194,48.8820944477493
1304,GA,OIA,1647196.33404181,4348598.321870378,22.877726861691805
1304,GA,OISE,85010.0275383385,224426.47270121356,1.180694826921368
1304,GA,OPP,270754.6111366523,714792.1734007623,3.7604807102312825
1304,GA,SBE,854578.7518381296,2256087.9048526627,11.869149331085133
1304,GA,TIP,1644578.6802745545,4341687.715924822,22.841370559368794
1305,GA,BIO,4230495.760860613,11168508.808672005,58.756885567508505
1305,GA,CSE,8028134.357565357,21194274.703972552,111.50186607729668
1305,GA,EDU,8925291.339780416,23562769.137020297,123.96237971917238
1305,GA,ENG,10064559.26249482,26570436.452986337,139.78554531242804
1305,GA,GEO,3595115.9014427913,9491105.979808966,49.93216529781656
1305,GA,MPS,7911509.852976781,20886386.011858713,109.88208129134418
1305,GA,OIA,3251388.796224254,8583666.422032032,45.158177725336856
1305,GA,OISE,186644.26537206568,492740.86058225314,2.5922814635009113
1305,GA,OPP,674035.7085628392,1779454.270605896,9.361607063372766
1305,GA,SBE,1727469.663521571,4560519.911696952,23.992634215577386
1305,GA,TIP,2354634.464091185,6216234.985200733,32.70325644571094
1306,GA,BIO,2545137.8457742534,6719163.91284403,35.34913674686462
1306,GA,CSE,4537764.981793031,11979699.551933605,63.02451363601431
1306,GA,EDU,5560590.2384497505,14679958.229507346,77.23041997846875
1306,GA,ENG,5723851.428536964,15110967.771337586,79.49793650745782
1306,GA,GEO,2154080.8291323823,5686773.388909488,29.91778929350529
1306,GA,MPS,4157975.395627275,10977055.044456009,57.74965827260103
1306,GA,OIA,1499252.132202822,3958025.6290154494,20.822946280594753
1306,GA,OISE,113512.04374111746,299671.7954765501,1.5765561630710756
1306,GA,OPP,366523.29170662054,967621.4901054782,5.0906012737030615
1306,GA,SBE,883568.1379728998,2332619.8842484555,12.271779694068053
1306,GA,TIP,1492201.4291134593,3939411.7728595342,20.725019848798038
1307,GA,BIO,1431140.2673937492,3778210.3059194945,19.876948158246513
1307,GA,CSE,1669933.0112718653,4408623.14975772,23.193514045442573
1307,GA,EDU,2086308.3331768813,5507853.999586969,28.976504627456684
1307,GA,ENG,2014089.937122759,5317197.4340040805,27.973471348927216
1307,GA,GEO,1036264.0674318498,2735737.138020082,14.392556492109021
1307,GA,MPS,1661555.8184030175,4386507.360583963,23.07716414448634
1307,GA,OIA,510791.6564450842,1348489.973015023,7.094328561737281
1307,GA,OISE,47704.229772750885,125939.16660006235,0.6625587468437627
1307,GA,OPP,183718.09632174738,485015.7742894132,2.551640226690936
1307,GA,SBE,408697.51869448915,1078961.4493534518,5.676354426312351
1307,GA,TIP,970488.2646865781,2562089.018772568,13.479003676202467
1308,GA,BIO,620869.4672695635,1639095.3935916475,8.623187045410608
1308,GA,CSE,284002.3562973204,749766.2206249267,3.9444771707961195
1308,GA,EDU,1237180.5237534172,3266156.582709023,17.183062829908575
1308,GA,ENG,346602.4078300996,915030.356671463,4.813922330973606
1308,GA,GEO,295844.0986737962,781028.4204988225,4.10894581491384
1308,GA,MPS,362039.37940563686,955783.9616308812,5.028324713967178
1308,GA,OIA,60328.94293137694,159268.40933883507,0.837901985158013
1308,GA,OISE,50116.41902616901,132307.34622908614,0.6960613753634582
1308,GA,OPP,48341.29963656513,127621.03104053192,0.6714069393967379
1308,GA,SBE,87986.18717342729,232283.53413784798,1.2220303774087118
1308,GA,TIP,463704.7643033366,1224180.5777608082,6.440343948657453
1309,GA,BIO,1293903.7805591591,3415905.9806761793,17.97088584109943
1309,GA,CSE,783158.9109012506,2067539.524779303,10.877207095850705
1309,GA,EDU,1330486.4292759541,3512484.173288522,18.478978184388247
1309,GA,ENG,852838.6976885808,2251494.161897854,11.844981912341403
1309,GA,GEO,721156.1289580157,1903852.1804491605,10.016057346639105
1309,GA,MPS,901225.9406185992,2379236.4832331026,12.517026953036101
1309,GA,OIA,373993.0624624427,987341.6849008485,5.194348089756148
1309,GA,OISE,33916.309506150836,89539.05709623828,0.4710598542520951
1309,GA,OPP,136915.9132449124,361458.01096656866,1.901609906179338
1309,GA,SBE,250568.23371473185,661500.1370068922,3.480114357149053
1309,GA,TIP,595676.1193986415,1572584.9552124133,8.273279436092245
1310,GA,BIO,7173168.471308586,18937164.76425466,99.62733987928584
1310,GA,CSE,2059504.2350049322,5437091.180413025,28.60422548617961
1310,GA,EDU,3636557.0433251737,9600510.594378456,50.50773671284962
1310,GA,ENG,2302083.617597782,6077500.750458146,31.973383577746976
1310,GA,GEO,3656034.046144079,9651929.881820373,50.778250640890015
1310,GA,MPS,2032209.8617545783,5365034.035032083,28.225136968813576
1310,GA,OIA,256808.6108680722,677974.7326917105,3.5667862620565587
1310,GA,OISE,121692.99628709175,321269.5101979224,1.6901805039873858
1310,GA,OPP,731059.4128378915,1929996.8498920347,10.153602956081832
1310,GA,SBE,789839.4722352556,2085176.2067010752,10.969992669934113
1310,GA,TIP,1541545.8006956114,4069680.91383641,21.41035834299459
1311,GA,BIO,1461671.4120273357,3858812.5277521685,20.300991833713
1311,GA,CSE,2421677.6856440073,6393229.09010018,33.634412300611224
1311,GA,EDU,2626739.228711868,6934591.563799326,36.482489287664784
1311,GA,ENG,3081240.037626845,8134473.699334868,42.79500052259505
1311,GA,GEO,1178253.8022235092,3110590.0378700625,16.364636141993184
1311,GA,MPS,2099683.5938761057,5543164.687832924,29.162272137168156
1311,GA,OIA,446465.6214621509,1178669.2406600786,6.200911409196542
1311,GA,OISE,62623.83221558716,165326.9170491501,0.8697754474387106
1311,GA,OPP,259019.07297778656,683810.3526613566,3.5974871246914786
1311,GA,SBE,455591.0817329663,1202760.4557750314,6.327653912957864
1311,GA,TIP,1005664.2837530419,2654953.709108034,13.96755949657004
1312,GA,BIO,1287305.245848655,3398485.8490404463,17.879239525675747
1312,GA,CSE,1052491.3968344212,2778577.2876428724,14.617936067144749
1312,GA,EDU,1580419.0120213968,4172306.191736489,21.950264055852756
1312,GA,ENG,612534.6480725332,1617091.4709114889,8.507425667674074
1312,GA,GEO,464195.87023331143,1225477.0974159425,6.447164864351546
1312,GA,MPS,597332.0610189183,1576956.6410899442,8.296278625262751
1312,GA,OIA,106239.99489200737,280473.5865148995,1.4755554846112133
1312,GA,OISE,171878.72137300516,453759.8244247337,2.387204463513961
1312,GA,OPP,116377.51390041811,307236.6366971038,1.6163543597280292
1312,GA,SBE,102536.82672040469,270697.2225418684,1.4241225933389539
1312,GA,TIP,1016674.3948586705,2684020.4024268915,14.120477706370433
1313,GA,BIO,1595912.9451923457,4213210.175307795,22.16545757211591
1313,GA,CSE,2144441.8584705913,5661326.506362363,29.783914700980443
1313,GA,EDU,2810361.9782561585,7419355.62259626,39.03280525355774
1313,GA,ENG,2476481.5931421774,6537911.4058953505,34.395577682530224
1313,GA,GEO,1120914.3360111564,2959213.8470694516,15.568254666821616
1313,GA,MPS,2543203.976476274,6714058.4978973605,35.322277451059335
1313,GA,OIA,1120864.659711842,2959082.701639263,15.567564718220023
1313,GA,OISE,60450.585015556426,159589.54444106898,0.8395914585493949
1313,GA,OPP,202788.8327554222,535362.5184743146,2.8165115660475295
1313,GA,SBE,603710.1605051777,1593794.823733669,8.38486334034969
1313,GA,TIP,1086168.8430258085,2867485.745588133,15.085678375358448
1314,GA,BIO,1015984.7606756882,2682199.768183817,14.110899453829012
1314,GA,CSE,1300464.4305297888,3433226.096598643,18.062005979580405
1314,GA,EDU,1878314.4455059445,4958750.136135698,26.087700632027012
1314,GA,ENG,1588712.8864576735,4194202.0202482603,22.065456756356593
1314,GA,GEO,701803.2987279135,1852760.7086416923,9.747268037887688
1314,GA,MPS,1115233.1221871516,2944215.4425740815,15.489348919265991
1314,GA,OIA,214060.5240169915,565119.7834048573,2.9730628335693257
1314,GA,OISE,48194.0951568243,127232.41121401619,0.669362432733671
1314,GA,OPP,152436.14685672984,402431.42770176666,2.1171687063434694
1314,GA,SBE,291790.03618180216,770325.6955199578,4.052639391413918
1314,GA,TIP,581580.27697471,1535371.9312132339,8.077503846870972
1501,HI,BIO,2879711.1311462377,7602437.38622607,39.99598793258665
1501,HI,CSE,4269191.084210763,11270664.46231641,59.29432061403836
1501,HI,EDU,8812059.771420145,23263837.796549182,122.38971904750198
1501,HI,ENG,988879.7126369381,2610642.441361516,13.734440453290809
1501,HI,GEO,22593541.326292094,59646949.101411134,313.79918508739024
1501,HI,MPS,3259776.3999327975,8605809.695822584,45.27467222128883
1501,HI,OIA,13331574.384418879,35195356.374865845,185.1607553391511
1501,HI,OISE,64293.19270389839,169734.02873829176,0.8929610097763666
1501,HI,OPP,320744.8317305313,846766.3557686027,4.454789329590713
1501,HI,SBE,517052.7078460478,1365019.1487135657,7.181287608972883
1501,HI,TIP,1238033.5971618423,3268408.6965072644,17.19491107169226
1502,HI,BIO,648026.3203747906,1710789.4857894466,9.000365560760981
1502,HI,CSE,884795.3815301823,2335859.807239682,12.288824743474757
1502,HI,EDU,1915173.8281300107,5056058.9062632285,26.5996365018057
1502,HI,ENG,202243.90121544822,533923.8992087832,2.808943072436781
1502,HI,GEO,4553450.631171765,12021109.66629346,63.2423698773856
1502,HI,MPS,1177324.7317876606,3108137.2919194223,16.351732385939723
1502,HI,OIA,2679681.787168412,7074359.91812461,37.21780259956129
1502,HI,OISE,13238.409160222696,34949.40018298792,0.18386679389198185
1502,HI,OPP,64956.6232863946,171485.48547608175,0.9021753234221471
1502,HI,SBE,119115.66495703938,314465.35548658407,1.6543842355144363
1502,HI,TIP,910908.4670565063,2404798.353029177,12.65150648689592
1601,ID,BIO,7642500.779464072,20176202.057785153,106.14584415922327
1601,ID,CSE,1832663.933755657,4838232.785114935,25.45366574660635
1601,ID,EDU,4696098.202659501,12397699.255021084,65.22358614804864
1601,ID,ENG,2283664.3100681207,6028873.778579838,31.717559862057232
1601,ID,GEO,2430294.0075186784,6415976.179849311,33.75408343775942
1601,ID,MPS,1759568.24252429,4645260.160264128,24.438447812837374
1601,ID,OIA,17839700.10482315,47096808.27673313,247.77361256698828
1601,ID,OISE,178107.35936625156,470203.4287269041,2.4737133245312712
1601,ID,OPP,885495.7766685934,2337708.8504050863,12.298552453730464
1601,ID,SBE,420790.4274404914,1110886.7284428976,5.844311492229048
1601,ID,TIP,2251400.5503838737,5943697.453013435,31.26945208866493
1602,ID,BIO,1797984.0089056424,4746677.783510898,24.972000123689487
1602,ID,CSE,1097588.7595524448,2897634.3252184554,15.244288327117287
1602,ID,EDU,3323726.941917518,8774639.126662258,46.16287419329891
1602,ID,ENG,1447532.2155075637,3821485.048939969,20.10461410427173
1602,ID,GEO,1376602.065243603,3634229.4522431144,19.11947312838337
1602,ID,MPS,1600415.1439112504,4225095.979925701,22.22798810987848
1602,ID,OIA,3459496.201541028,9133069.972068314,48.0485583547365
1602,ID,OISE,97159.43678946009,256500.91312417467,1.3494366220758345
1602,ID,OPP,420336.1204877634,1109687.3580876952,5.838001673441159
1602,ID,SBE,384522.6909666838,1015139.9041520455,5.340592930092834
1602,ID,TIP,2802402.4175271294,7398342.382271629,38.92225579898794
1701,IL,BIO,2248624.164445279,5936367.794135533,31.2308911728511
1701,IL,CSE,7243800.25151014,19123632.66398677,100.60833682652968
1701,IL,EDU,3605920.6506622727,9519630.517748402,50.082231259198245
1701,IL,ENG,3168952.594457474,8366034.849367732,44.01323047857604
1701,IL,GEO,1854327.915895344,4895425.697963706,25.754554387435324
1701,IL,MPS,11625713.150618182,30691882.717631985,161.4682382030303
1701,IL,OIA,79386.12005079509,209579.35693409908,1.1025850007054876
1701,IL,OISE,399550.855117737,1054814.2575108262,5.549317432190791
1701,IL,OPP,2891221.9249807405,7632825.881949155,40.155860069176946
1701,IL,SBE,1986701.6408288951,5244892.3317882875,27.59307834484577
1701,IL,TIP,2432760.008466528,6422486.42235164,33.78833345092405
1702,IL,BIO,2243712.2997162235,5923400.471250826,31.16267082939197
1702,IL,CSE,8030924.329546944,21201640.230003938,111.540615688152
1702,IL,EDU,3222882.296706267,8508409.263304548,44.76225412092037
1702,IL,ENG,3723616.071872835,9830346.429744286,51.71688988712273
1702,IL,GEO,1737021.6579827047,4585737.17707434,24.12530080531536
1702,IL,MPS,9905682.052055938,26151000.61742769,137.5789173896658
1702,IL,OIA,84297.66807827487,222545.84372664572,1.1708009455315953
1702,IL,OISE,461626.1252995185,1218692.9707907292,6.4114739624933135
1702,IL,OPP,1979308.1611213358,5225373.545360327,27.490391126685214
1702,IL,SBE,1453243.2141618193,3836562.085387205,20.183933530025282
1702,IL,TIP,1851664.1978094545,4888393.482216957,25.717558302909104
1703,IL,BIO,1099050.5805668477,2901493.5326964785,15.264591396761775
1703,IL,CSE,3011624.8731594547,7950689.665140964,41.828123238325766
1703,IL,EDU,1978882.0870348737,5224248.709772076,27.484473431039923
1703,IL,ENG,1727092.7496639136,4559524.859112732,23.987399300887688
1703,IL,GEO,617415.9886088948,1629978.209927482,8.575222064012422
1703,IL,MPS,3781473.0583408875,9983088.874019958,52.520459143623455
1703,IL,OIA,40558.05949698791,107073.27707204808,0.5633063819026098
1703,IL,OISE,145124.79202583618,383129.4509482076,2.015622111469947
1703,IL,OPP,543720.7638856336,1435422.8166580724,7.551677276189353
1703,IL,SBE,1066139.972752777,2814609.5280673313,14.807499621566343
1703,IL,TIP,1551409.9169987843,4095722.18087679,21.54735995831644
1704,IL,BIO,988727.2194340479,2610239.8593058893,13.732322492139554
1704,IL,CSE,2845522.335286203,7512178.965155579,39.52114354564173
1704,IL,EDU,1714526.6996527025,4526350.487083138,23.812870828509766
1704,IL,ENG,1479625.3144900312,3906210.830253684,20.550351590139332
1704,IL,GEO,562081.8428944352,1483896.065241309,7.80669226242271
1704,IL,MPS,3640378.7792676236,9610599.977266535,50.56081637871701
1704,IL,OIA,21228.857589067127,56044.18403513721,0.2948452442925989
1704,IL,OISE,135716.42873010234,358291.3718474703,1.8849503990291994
1704,IL,OPP,619299.2892004759,1634950.123489257,8.60137901667328
1704,IL,SBE,956808.222489168,2525973.7073714063,13.289003090127338
1704,IL,TIP,1250412.4076561201,3301088.7562121544,17.36683899522387
1705,IL,BIO,1840261.219669662,4858289.619927906,25.559183606523078
1705,IL,CSE,5564106.675835729,14689241.624206316,77.27925938660734
1705,IL,EDU,3796015.3304836177,10021480.472476749,52.72243514560579
1705,IL,ENG,3786223.9850335647,9995631.320488615,52.586444236577286
1705,IL,GEO,1247808.859810888,3294215.389900743,17.33067860848454
1705,IL,MPS,8493179.615315106,22421994.184431855,117.96082799048747
1705,IL,OIA,89087.60740768965,235191.28355630062,1.2373278806623558
1705,IL,OISE,286592.28427990054,756603.6304989377,3.9804483927763976
1705,IL,OPP,1299073.9665570161,3429555.271710523,18.04269397995856
1705,IL,SBE,2227781.9937046194,5881344.463380193,30.941416579230825
1705,IL,TIP,2943819.412452067,7771683.248873457,40.886380728500924
1706,IL,BIO,1210463.346735548,3195623.235381848,16.811990926882583
1706,IL,CSE,3500778.1701625194,9242054.369229054,48.621919030035016
1706,IL,EDU,2496092.714456167,6589684.766164291,34.66795436744682
1706,IL,ENG,1678127.8907654407,4430257.6316207675,23.307331816186682
1706,IL,GEO,805903.6666127186,2127585.679857576,11.193106480732206
1706,IL,MPS,4858215.042309075,12825687.711695967,67.47520892095943
1706,IL,OIA,134286.04787406162,354515.16638752253,1.8650839982508551
1706,IL,OISE,176332.96336876435,465519.0232935378,2.4490689356772823
1706,IL,OPP,984358.7693377604,2598707.1510516875,13.671649574135563
1706,IL,SBE,980534.6795782418,2588611.554086558,13.618537216364462
1706,IL,TIP,1518810.0694819016,4009658.5834322227,21.094584298359745
1707,IL,BIO,2002702.0402965955,5287133.386383014,27.815306115230484
1707,IL,CSE,6196258.632133289,16358122.788831877,86.05914766851795
1707,IL,EDU,3720893.9378969055,9823159.996047836,51.67908247079038
1707,IL,ENG,3404816.8184856647,8988716.400802156,47.289122478967585
1707,IL,GEO,1329736.864205931,3510505.3215036565,18.46856755841571
1707,IL,MPS,9273791.097782431,24482808.498145618,128.80265413586707
1707,IL,OIA,30962.731444119196,81741.61101247466,0.43003793672387763
1707,IL,OISE,303052.9898675812,800059.8932504144,4.209069303716404
1707,IL,OPP,1822268.1113122394,4810787.813864312,25.309279323781105
1707,IL,SBE,2169642.2088012006,5727855.43123517,30.133919566683346
1707,IL,TIP,2735860.7033110103,7222672.256741079,37.99806532376406
1708,IL,BIO,584190.3822106145,1542262.6090360235,8.113755308480759
1708,IL,CSE,1477414.7333879564,3900374.8961442094,20.519649074832767
1708,IL,EDU,1098367.5405242746,2899690.3069840856,15.255104729503826
1708,IL,ENG,908110.9130296729,2397412.8103983365,12.612651569856569
1708,IL,GEO,342087.0859438394,903109.9068917363,4.751209526997771
1708,IL,MPS,1780155.7104033376,4699611.0754648065,24.724384866713006
1708,IL,OIA,109778.14978040446,289814.315420268,1.5246965247278401
1708,IL,OISE,81490.74634598484,215135.57035339993,1.1318159214720116
1708,IL,OPP,246587.06059750784,650989.8399774206,3.424820286076497
1708,IL,SBE,446559.5857412021,1178917.306356773,6.202216468627804
1708,IL,TIP,978521.9301253024,2583297.895530799,13.59058236285142
1709,IL,BIO,2272907.934848617,6000476.948000343,31.56816576178635
1709,IL,CSE,7107903.589547697,18764865.47640593,98.72088318816246
1709,IL,EDU,5348242.70886942,14119360.751415286,74.28114873429759
1709,IL,ENG,6221126.620825412,16423774.278979091,86.40453640035295
1709,IL,GEO,1442693.0818900594,3808709.736189755,20.037403915139702
1709,IL,MPS,11537436.91407694,30458833.453163117,160.2421793621796
1709,IL,OIA,51875.439633587775,136951.16063267173,0.7204922171331636
1709,IL,OISE,347566.5022106389,917575.5658360869,4.827312530703318
1709,IL,OPP,1046553.2021790004,2762900.453752561,14.535461141375002
1709,IL,SBE,2784431.03365587,7350897.9288515,38.6726532452204
1709,IL,TIP,3608918.7710009534,9527545.555442518,50.123871819457676
1710,IL,BIO,1059072.38952335,2795951.108341645,14.709338743379858
1710,IL,CSE,1980672.9617853328,5228976.6191132795,27.50934669146297
1710,IL,EDU,1471503.9046408073,3884770.3082517316,20.43755423112231
1710,IL,ENG,1453458.1233486782,3837129.4456405113,20.18691837984274
1710,IL,GEO,419908.9927654751,1108559.7409008536,5.832069343964934
1710,IL,MPS,2612401.225240623,6896739.234635248,36.28335035056419
1710,IL,OIA,107753.0614218453,284468.0821536716,1.496570297525629
1710,IL,OISE,107861.18865347133,284753.53804516443,1.4980720646315464
1710,IL,OPP,229493.6114304419,605863.1341763666,3.187411269867249
1710,IL,SBE,629331.6948964825,1661435.6745267136,8.74071798467337
1710,IL,TIP,1397793.606472167,3690175.121086521,19.413800089891225
1711,IL,BIO,575886.9442767511,1520341.5328906241,7.99842978162155
1711,IL,CSE,1183326.7816478878,3123982.7035504244,16.435094189554004
1711,IL,EDU,1252851.6591984408,3307528.3802838824,17.400717488867233
1711,IL,ENG,757733.285401088,2000415.873458873,10.524073408348444
1711,IL,GEO,392490.4444265534,1036174.7732861013,5.451256172591017
1711,IL,MPS,1677550.1139082902,4428732.300717889,23.29930713761512
1711,IL,OIA,85574.75750305328,225917.35980806072,1.1885382986535173
1711,IL,OISE,65164.47883133977,172034.22411473695,0.9050622059908303
1711,IL,OPP,293770.5116678186,775554.1508030411,4.0801459953863715
1711,IL,SBE,437405.90412845067,1154751.5868991094,6.075082001784037
1711,IL,TIP,1093369.2577873494,2886494.8405586034,15.18568413593542
1712,IL,BIO,574113.6806361565,1515660.1168794532,7.9738011199466206
1712,IL,CSE,1015979.8030628065,2682186.680085809,14.11083059809453
1712,IL,EDU,722363.1238814594,1907038.6470470533,10.032821165020266
1712,IL,ENG,926195.3648859138,2445155.7632988133,12.863824512304358
1712,IL,GEO,189034.43704533734,499050.9137996908,2.6254782922963527
1712,IL,MPS,1043423.7244984924,2754638.63267602,14.491996173590167
1712,IL,OIA,36990.2592046748,97654.28430034147,0.5137536000649277
1712,IL,OISE,46378.80756760992,122440.05197849013,0.644150105105693
1712,IL,OPP,33778.39737743064,89174.96907641692,0.4691444080198702
1712,IL,SBE,222019.3935876852,586131.199071489,3.0836026887178507
1712,IL,TIP,580208.8133735574,1531751.2673061918,8.058455741299404
1713,IL,BIO,7537439.863958201,19898841.24084967,104.68666477719734
1713,IL,CSE,30389367.148932762,80227929.27318245,422.07454373517703
1713,IL,EDU,6879309.689969763,18161377.581520166,95.54596791624678
1713,IL,ENG,13573611.491458885,35834334.33745144,188.52238182581786
1713,IL,GEO,4542728.420245634,11992803.029448476,63.09345028118938
1713,IL,MPS,20463006.78913727,54022337.92332243,284.20842762690654
1713,IL,OIA,69436.3911156955,183312.07254543615,0.9643943210513264
1713,IL,OISE,2020345.6401348063,5333712.489955889,28.06035611298341
1713,IL,OPP,817312.7837516508,2157705.7491043583,11.351566440995146
1713,IL,SBE,1378892.5552991484,3640276.3459897544,19.151285490265952
1713,IL,TIP,2640364.0054980973,6970560.974514974,36.671722298584676
1714,IL,BIO,639278.4951289566,1687695.2271404455,8.878867987902185
1714,IL,CSE,1280528.2698107446,3380594.6323003653,17.785114858482572
1714,IL,EDU,1462413.1182362905,3860770.6321438053,20.311293308837364
1714,IL,ENG,889314.5311952109,2347790.3623553556,12.351590711044592
1714,IL,GEO,753509.9158531831,1989266.1778524043,10.465415497960882
1714,IL,MPS,1879896.6906915,4962927.263425562,26.10967625960417
1714,IL,OIA,127713.10058132227,337162.5855346908,1.773793063629476
1714,IL,OISE,77095.52259097842,203532.17964018296,1.0707711470969226
1714,IL,OPP,394221.7828833444,1040745.5068120294,5.475302540046449
1714,IL,SBE,345579.2701221213,912329.2731224009,4.799712085029462
1714,IL,TIP,678211.2274693039,1790477.6405189624,9.419600381518114
1715,IL,BIO,1896601.4537388955,5007027.837870684,26.34168685748466
1715,IL,CSE,7185964.075555954,18970945.15946773,99.80505660494384
1715,IL,EDU,2238299.205936811,5909109.903673184,31.0874889713446
1715,IL,ENG,3315210.8651585807,8752156.684018657,46.04459534942475
1715,IL,GEO,1091881.3435065763,2882566.7468573614,15.165018659813558
1715,IL,MPS,4964937.1744597005,13107434.14057363,68.95746075638483
1715,IL,OIA,34164.55296663162,90194.41983190746,0.4745076800921058
1715,IL,OISE,472459.0852024967,1247291.9849345915,6.5619317389235645
1715,IL,OPP,197863.2046579296,522358.86029693414,2.7481000646934652
1715,IL,SBE,375791.2857130246,992088.994282384,5.21932341268089
1715,IL,TIP,709153.3258265494,1872164.7801820901,9.849351747590966
1716,IL,BIO,499967.77588246274,1319914.9283297018,6.9439968872564295
1716,IL,CSE,852180.311679944,2249756.0228350526,11.835837662221445
1716,IL,EDU,1258129.8427441833,3321462.7848446434,17.47402559366921
1716,IL,ENG,491247.41166017565,1296893.1667828637,6.822880717502439
1716,IL,GEO,323432.32046536705,853861.3260285686,4.492115562018986
1716,IL,MPS,1316131.3662922985,3474586.807011667,18.279602309615246
1716,IL,OIA,391146.70330677193,1032627.2967298778,5.432593101482943
1716,IL,OISE,60549.38909045798,159850.38719880904,0.840963737367472
1716,IL,OPP,139650.6290742954,368677.66075614,1.939592070476325
1716,IL,SBE,139147.27641181447,367348.8097271902,1.932601061275201
1716,IL,TIP,329247.984088257,869214.6779929983,4.572888667892454
1717,IL,BIO,505632.96722636116,1334871.0334775925,7.022680100366128
1717,IL,CSE,820802.6858873267,2166919.0907425424,11.400037303990652
1717,IL,EDU,1439348.2809042477,3799879.461587213,19.990948345892328
1717,IL,ENG,607065.0887175695,1602651.834214385,8.431459565521802
1717,IL,GEO,267515.10314232664,706239.8722957425,3.7154875436434267
1717,IL,MPS,1169015.9321038052,3086202.0607540454,16.236332390330624
1717,IL,OIA,578158.3271116702,1526337.9835748093,8.029976765439862
1717,IL,OISE,52106.73119161048,137561.77034585166,0.7237045998834789
1717,IL,OPP,99476.34734377208,262617.5569875582,1.3816159353301676
1717,IL,SBE,129574.21289053145,342075.922031003,1.799641845701827
1717,IL,TIP,624238.5434986047,1647989.7548363162,8.669979770813958
1801,IN,BIO,800377.0040936279,2112995.2908071773,11.11634727907816
1801,IN,CSE,2317174.6627327446,6117341.109614443,32.182981426843675
1801,IN,EDU,1200062.6660628945,3168165.4384060428,16.66753702865132
1801,IN,ENG,1298280.8489009764,3427461.4410985773,18.031678456958016
1801,IN,GEO,550948.8502558821,1454504.9646755296,7.6520673646650295
1801,IN,MPS,3387958.6464664987,8944210.826671552,47.054981200923564
1801,IN,OIA,89575.76594233054,236480.0220877526,1.2441078603101463
1801,IN,OISE,112617.16682621746,297309.3204212143,1.564127317030798
1801,IN,OPP,678033.4787482917,1790008.3838954906,9.417131649281833
1801,IN,SBE,549366.6007534892,1450327.825989212,7.630091677131792
1801,IN,TIP,618552.7147924661,1632979.1670521102,8.59100992767314
1802,IN,BIO,2901434.013761257,7659785.796329719,40.29769463557301
1802,IN,CSE,6991246.55892655,18456890.91556609,97.10064665175763
1802,IN,EDU,1737256.5542029834,4586357.303095877,24.128563252819212
1802,IN,ENG,7166497.609560814,18919553.689240567,99.53468902167798
1802,IN,GEO,865086.2017137165,2283827.5725242114,12.015086134912725
1802,IN,MPS,17984565.820025057,47479253.76486615,249.78563638923683
1802,IN,OIA,10482.756139028712,27674.47620703579,0.14559383526428765
1802,IN,OISE,250662.2046748172,661748.2203415175,3.4814195093724614
1802,IN,OPP,276891.5097205007,730993.585662122,3.8457154127847324
1802,IN,SBE,1661947.6985769607,4387541.924243178,23.082606924680007
1802,IN,TIP,1587884.1931942618,4192014.270032853,22.053947127698084
1803,IN,BIO,465992.70961354143,1230220.7533797487,6.472120966854742
1803,IN,CSE,1231980.940052443,3252429.6817384516,17.110846389617272
1803,IN,EDU,591001.9851522021,1560245.2408018112,8.208360904891686
1803,IN,ENG,852576.07941942,2250800.8496672683,11.841334436380832
1803,IN,GEO,179768.0534448645,474587.6610944422,2.4967785200675623
1803,IN,MPS,932545.1958643374,2461919.317081851,12.952016609226899
1803,IN,OIA,22951.039332247372,60590.74383713306,0.3187644351701024
1803,IN,OISE,45360.63118974438,119752.06634092516,0.6300087665242275
1803,IN,OPP,40801.50408387383,107715.97078142692,0.5666875567204698
1803,IN,SBE,182116.1313764563,480786.5868338448,2.5293907135618934
1803,IN,TIP,360197.9370339175,950922.5537695424,5.00274912547108
1804,IN,BIO,7069068.6607921645,18662341.264491312,98.1815091776689
1804,IN,CSE,18692866.492160555,49349167.53930386,259.62314572445234
1804,IN,EDU,6468961.191757061,17078057.546238642,89.84668321884813
1804,IN,ENG,18970452.795333143,50081995.37967951,263.47851104629376
1804,IN,GEO,2222312.9764509997,5866906.257830639,30.865458006263882
1804,IN,MPS,10964238.05306751,28945588.460098222,152.2810840703821
1804,IN,OIA,34819.50212689222,91923.48561499547,0.4836041962068366
1804,IN,OISE,587137.4633647563,1550042.903282957,8.154686991177174
1804,IN,OPP,421958.6723569108,1113970.8950222451,5.860537116068205
1804,IN,SBE,1640858.3998639167,4331866.1756407395,22.789699998109963
1804,IN,TIP,5234005.768622077,13817775.229162281,72.69452456419542
1805,IN,BIO,1176884.3442906085,3106974.668927207,16.34561589292513
1805,IN,CSE,2181898.4311692915,5760211.858286931,30.30414487735127
1805,IN,EDU,1091737.5512812925,2882187.135382615,15.163021545573521
1805,IN,ENG,1805069.376482633,4765383.153914149,25.070408006703246
1805,IN,GEO,280205.4374694146,739742.354919255,3.8917421870752036
1805,IN,MPS,1696240.7787542974,4478075.655911346,23.55889970492079
1805,IN,OIA,39143.4716928576,103338.76526914406,0.5436593290674667
1805,IN,OISE,73544.67583304636,194157.9441992425,1.0214538310145334
1805,IN,OPP,47968.87419317203,126637.82786997413,0.6662343637940558
1805,IN,SBE,308033.6677400721,813208.8828337902,4.278245385278779
1805,IN,TIP,724941.1239344843,1913844.5671870366,10.068626721312276
1806,IN,BIO,968692.5080080974,2557348.2211413775,13.454062611223582
1806,IN,CSE,2334633.4213029146,6163432.232239696,32.4254641847627
1806,IN,EDU,1027123.1861964822,2711605.211558713,14.265599808284469
1806,IN,ENG,1156399.8530833714,3052895.612140102,16.061109070602388
1806,IN,GEO,352227.33505774086,929880.1645524355,4.892046320246398
1806,IN,MPS,1455676.5526345614,3842986.098955241,20.217729897702228
1806,IN,OIA,55792.95657430966,147293.40535617757,0.77490217464319
1806,IN,OISE,83703.59441596446,220977.4892581461,1.1625499224439506
1806,IN,OPP,46721.38268205164,123344.45028061634,0.6489080928062725
1806,IN,SBE,423574.52176589647,1118236.7374619667,5.882979468970785
1806,IN,TIP,653185.5402692108,1724409.8263107166,9.07202139262792
1807,IN,BIO,871368.7123336201,2300413.400560756,12.102343226855824
1807,IN,CSE,1930035.5003345467,5095293.720883204,26.8060486157576
1807,IN,EDU,791069.5648594082,2088423.651228837,10.987077289714005
1807,IN,ENG,1037424.13180337,2738799.707960896,14.408668497269025
1807,IN,GEO,303809.25892682804,802056.4435668262,4.219573040650389
1807,IN,MPS,1191373.5372061257,3145226.1382241705,16.546854683418395
1807,IN,OIA,38183.414345462996,100804.21387202233,0.5303251992425418
1807,IN,OISE,67598.00974831494,178458.74573555146,0.9388612465043745
1807,IN,OPP,38610.11070341155,101930.69225700646,0.5362515375473824
1807,IN,SBE,328292.75733003026,866692.8793512798,4.559621629583752
1807,IN,TIP,842565.9787914276,2224374.184009369,11.70230526099205
1808,IN,BIO,907587.2719701192,2396030.3980011162,12.605378777362768
1808,IN,CSE,2378856.6246723104,6280181.4891349,33.03967534267096
1808,IN,EDU,819673.1377516605,2163937.083664382,11.384349135439729
1808,IN,ENG,1195764.8756093816,3156819.271608768,16.60784549457475
1808,IN,GEO,428071.06615363044,1130107.614645585,5.945431474355981
1808,IN,MPS,1444737.680280418,3814107.475940303,20.0658011150058
1808,IN,OIA,78974.92710794779,208493.8075649822,1.096873987610386
1808,IN,OISE,89374.34359424871,235948.26708881662,1.2413103276978987
1808,IN,OPP,64788.21303452042,171040.88241113388,0.899836292146117
1808,IN,SBE,405578.16937420215,1070726.3671478939,5.633030130197253
1808,IN,TIP,834044.5588484064,2201877.6353597916,11.583952206227865
1809,IN,BIO,3335478.8456677888,8805664.15256296,46.3260950787193
1809,IN,CSE,8819485.240221199,23283441.03418396,122.49285055862771
1809,IN,EDU,3009711.667146517,7945638.801266802,41.801550932590494
1809,IN,ENG,2138530.7634800766,5645721.215587403,29.701816159445517
1809,IN,GEO,1240401.7349760004,3274660.5803366425,17.227801874666667
1809,IN,MPS,4932214.934389772,13021047.426788993,68.50298519985795
1809,IN,OIA,313771.79905116296,828357.5494950701,4.357941653488372
1809,IN,OISE,329544.70749769476,869998.0277939141,4.577009826356872
1809,IN,OPP,115568.55655122735,305100.98929524026,1.6051188409892687
1809,IN,SBE,1917602.5963400397,5062470.854337706,26.633369393611662
1809,IN,TIP,970649.6905580844,2562515.183073342,13.481245702195615
1901,IA,BIO,2423476.6201815624,6397978.277279325,33.65939750252168
1901,IA,CSE,2236438.912656723,5904198.729413752,31.061651564676737
1901,IA,EDU,2098367.654225848,5539690.607156234,29.1439951975812
1901,IA,ENG,2784280.8655354683,7350501.485013637,38.6705675768815
1901,IA,GEO,1808496.0300192505,4774429.519250822,25.11800041693402
1901,IA,MPS,2869220.498722681,7574742.116627878,39.85028470448168
1901,IA,OIA,4207675.414410688,11108263.094044218,58.43993631125957
1901,IA,OISE,72219.70382134117,190660.01808834067,1.0030514419630716
1901,IA,OPP,27275.756560602746,72007.99731999125,0.3788299522305937
1901,IA,SBE,1337721.8714991002,3531585.7407576237,18.5794704374875
1901,IA,TIP,1019427.5372830232,2691288.6984271808,14.158715795597544
1902,IA,BIO,685194.9086342712,1808914.5587944759,9.516595953253763
1902,IA,CSE,918882.9155583243,2425850.8970739776,12.762262716087838
1902,IA,EDU,738135.5485073329,1948677.84805936,10.251882618157408
1902,IA,ENG,845012.9608760895,2230834.2167128758,11.736291123279017
1902,IA,GEO,1280360.7622148076,3380152.4122470897,17.78278836409454
1902,IA,MPS,1372664.347347108,3623833.8769963654,19.064782602043163
1902,IA,OIA,884946.9089667,2336259.839672088,12.290929291204165
1902,IA,OISE,22237.29716943764,58706.46452731538,0.3088513495755227
1902,IA,OPP,313494.72550050163,827626.0753213239,4.354093409729187
1902,IA,SBE,226721.99433501923,598546.0650444509,3.148916587986378
1902,IA,TIP,402114.16025320115,1061581.3830684514,5.584918892405571
1903,IA,BIO,1180039.2649953475,3115303.6595877167,16.389434236046466
1903,IA,CSE,1630595.088862721,4304771.034597584,22.647154011982227
1903,IA,EDU,1319137.511223655,3482523.0296304473,18.321354322550764
1903,IA,ENG,2417270.4307982014,6381593.937307252,33.573200427752795
1903,IA,GEO,540153.9897251504,1426006.532874397,7.502138746182642
1903,IA,MPS,1414955.1939130232,3735481.711930384,19.652155471014215
1903,IA,OIA,1733998.6572184854,4577756.4550568005,24.083314683590075
1903,IA,OISE,48305.10033615393,127525.46488744636,0.6709041713354711
1903,IA,OPP,47239.67085110934,124712.73104692867,0.6561065395987408
1903,IA,SBE,332063.5465711972,876647.7629479608,4.611993702377741
1903,IA,TIP,680810.5616542886,1797339.882767323,9.455702245198456
1904,IA,BIO,2932352.076446848,7741409.48181967,40.72711217287284
1904,IA,CSE,4131206.9943324467,10906386.465037659,57.377874921283976
1904,IA,EDU,2588954.982251996,6834841.153145273,35.95770808683329
1904,IA,ENG,6099124.93177094,16101689.81987528,84.71006849681856
1904,IA,GEO,1281609.2960860773,3383448.541667243,17.800129112306628
1904,IA,MPS,3207388.234352686,8467504.938691093,44.54705881045398
1904,IA,OIA,5162286.050216604,13628435.172571836,71.69841736411946
1904,IA,OISE,131162.46612088417,346268.91055913427,1.8217009183456137
1904,IA,OPP,99725.81309709766,263276.1465763378,1.3850807374596898
1904,IA,SBE,735087.4352067693,1940630.8289458707,10.209547711205127
1904,IA,TIP,1816852.1081570215,4796489.565534536,25.234057057736397
2001,KS,BIO,4832689.282913392,12758299.706891356,67.12068448490825
2001,KS,CSE,1833882.2987043676,4841449.268579529,25.470587482005104
2001,KS,EDU,2914958.432137464,7695490.2608429035,40.48553377968702
2001,KS,ENG,2849856.7138339244,7523621.724521561,39.581343247693404
2001,KS,GEO,2648502.8696602914,6992047.575903168,36.78476207861515
2001,KS,MPS,4269893.450320924,11272518.708847236,59.30407569890173
2001,KS,OIA,18089727.472716533,47756880.52797167,251.24621489884083
2001,KS,OISE,1108573.9425226448,2926635.2082597823,15.396860312814514
2001,KS,OPP,595536.1785235822,1572215.5113022567,8.271335812827527
2001,KS,SBE,807940.6310368449,2132963.26593727,11.221397653289518
2001,KS,TIP,2439406.0199019914,6440031.89254126,33.880639165305425
2002,KS,BIO,1235563.4799128866,3261887.5869700215,17.160603887678988
2002,KS,CSE,478633.66983607004,1263592.8883672254,6.647689858834305
2002,KS,EDU,1150654.9064924314,3037728.9531400194,15.981318145728206
2002,KS,ENG,707150.2498871912,1866876.6597021846,9.82153124843321
2002,KS,GEO,1075897.3667424396,2840369.0482000406,14.943018982533886
2002,KS,MPS,1067742.216924491,2818839.452680657,14.829753012840154
2002,KS,OIA,4692872.158559982,12389182.49859836,65.17877997999977
2002,KS,OISE,227424.3615161763,600400.3144027054,3.158671687724671
2002,KS,OPP,160290.19031039643,423166.1024194466,2.2262526431999503
2002,KS,SBE,204854.52793336115,540815.9537440739,2.84520177685224
2002,KS,TIP,987599.4259563135,2607262.4845246673,13.716658693837685
2003,KS,BIO,1150934.7383412106,3038467.709220796,15.98520469918348
2003,KS,CSE,464291.605542873,1225729.8386331843,6.448494521428789
2003,KS,EDU,925274.7602179395,2442725.366975361,12.851038336360274
2003,KS,ENG,701395.9816332619,1851685.3915118116,9.741610856017525
2003,KS,GEO,605880.7929246015,1599525.2933209478,8.415011012841685
2003,KS,MPS,967409.2816362705,2553960.5035197553,13.436240022725979
2003,KS,OIA,4611651.5736127095,12174760.154337555,64.05071630017652
2003,KS,OISE,152479.45636869737,402545.76481336105,2.1177702273430183
2003,KS,OPP,154995.96448303398,409189.3462352097,2.152721728931027
2003,KS,SBE,202884.30790188577,535614.5728609788,2.8178376097484135
2003,KS,TIP,711293.3149459492,1877814.3514573087,9.879073818693747
2004,KS,BIO,568888.9404154527,1501866.802696796,7.901235283547957
2004,KS,CSE,519759.0462334479,1372163.8820563038,7.218875642131225
2004,KS,EDU,796073.6524315046,2101634.4424191727,11.056578505993116
2004,KS,ENG,471286.98973291635,1244197.6528948992,6.545652635179393
2004,KS,GEO,265374.8337777292,700589.561173205,3.6857615802462376
2004,KS,MPS,1093418.4552175326,2886624.7217742866,15.186367433576837
2004,KS,OIA,2825038.692799824,7458102.148991539,39.23664851110866
2004,KS,OISE,95884.75918449227,253135.7642470596,1.3317327664512812
2004,KS,OPP,54597.86394694508,144138.36081993498,0.7583036659297928
2004,KS,SBE,72191.74833740822,190586.21561075762,1.0026631713528915
2004,KS,TIP,652910.9324244602,1723684.8616005764,9.06820739478417
2101,KY,BIO,512091.80080089456,1351922.3541143623,7.112386122234651
2101,KY,CSE,378326.11669613956,998780.9480778088,5.254529398557498
2101,KY,EDU,689693.6896926655,1820791.3407886387,9.579079023509255
2101,KY,ENG,222659.18228097731,587820.2412217803,3.0924886427913494
2101,KY,GEO,62883.62372759259,166012.76664084446,0.8733836628832301
2101,KY,MPS,409324.3476051449,1080616.2776775823,5.685060383404791
2101,KY,OIA,1843114.2431739003,4865821.601979096,25.598808932970833
2101,KY,OISE,15266.062549474602,40302.405130612955,0.21202864652048056
2101,KY,OPP,160134.40729665657,422754.8352631733,2.2240889902313414
2101,KY,SBE,91148.02344858131,240630.7819042547,1.2659447701191848
2101,KY,TIP,283174.1500865613,747579.7562285218,3.932974306757795
2102,KY,BIO,391335.7941514809,1033126.4965599098,5.435219363215014
2102,KY,CSE,306268.84504254017,808549.7509123061,4.253733958924171
2102,KY,EDU,423488.31981146394,1118009.1643022655,5.88178221960366
2102,KY,ENG,368455.1466267964,972721.5870947425,5.117432592038837
2102,KY,GEO,53242.081251372954,140559.09450362457,0.739473350713513
2102,KY,MPS,460195.8506349283,1214917.0456762102,6.391609036596225
2102,KY,OIA,1020161.5424556789,2693226.4720829935,14.168910311884432
2102,KY,OISE,6934.576195930931,18307.281157257654,0.09631355827681846
2102,KY,OPP,16175.273736969217,42702.72266559872,0.22465657968012798
2102,KY,SBE,57557.90767934731,151952.87627347687,0.7994153844353793
2102,KY,TIP,258906.2961273051,683512.6217760856,3.5959207795459047
2103,KY,BIO,830519.7225314518,2192572.067483031,11.534996146270155
2103,KY,CSE,969758.9998034033,2560163.759480985,13.468874997269491
2103,KY,EDU,1611869.0449148691,4255334.278575259,22.387070068262076
2103,KY,ENG,2167944.0464719483,5723372.282685942,30.110333978777057
2103,KY,GEO,236434.14516439984,624186.1432340154,3.2838075717277757
2103,KY,MPS,1020820.421137856,2694965.911803939,14.178061404692443
2103,KY,OIA,1805647.3073703405,4766908.8914577,25.07843482458806
2103,KY,OISE,12364.567093235135,32642.45712614076,0.17173009851715462
2103,KY,OPP,18575.634699341463,49039.67560626146,0.2579949263797426
2103,KY,SBE,214047.44158823052,565085.2457929284,2.972881133169869
2103,KY,TIP,824435.3374767664,2176509.2909386633,11.450490798288424
2104,KY,BIO,778063.3251798116,2054087.1784747033,10.806435071941833
2104,KY,CSE,808932.887407613,2135582.822756097,11.2351789917724
2104,KY,EDU,782600.609930866,2066065.6102174867,10.869452915706475
2104,KY,ENG,711823.8917715538,1879215.074276902,9.88644294127158
2104,KY,GEO,155769.2876309846,411230.9193457995,2.1634623282081207
2104,KY,MPS,685487.8673964943,1809687.9699267442,9.520664824951304
2104,KY,OIA,1741018.4593496143,4596288.732682983,24.180811935411313
2104,KY,OISE,20558.871786036085,54275.42151513526,0.28553988591716783
2104,KY,OPP,92291.98251987105,243650.83385245956,1.2818330905537645
2104,KY,SBE,163625.69613792642,431971.83780412574,2.2725791130267567
2104,KY,TIP,468722.90632713103,1237428.472703626,6.5100403656545955
2105,KY,BIO,290227.6342617372,766200.9544509868,4.030939364746352
2105,KY,CSE,306531.7327045229,809243.7743399406,4.257385176451708
2105,KY,EDU,379094.3556113712,1000809.0988140199,5.265199383491263
2105,KY,ENG,187594.52477501996,495249.5454060525,2.605479510764167
2105,KY,GEO,150699.14695648756,397845.747965127,2.0930437077289925
2105,KY,MPS,218845.50259100186,577752.1268402446,3.039520869319471
2105,KY,OIA,1306548.5961902724,3449288.29394232,18.146508280420452
2105,KY,OISE,6854.532535516498,18095.965893763554,0.09520184077106249
2105,KY,OPP,54613.003375645334,144178.3289117037,0.7585139357728519
2105,KY,SBE,39835.4170928451,105165.50112511107,0.5532696818450712
2105,KY,TIP,110887.84168582098,292743.9020505673,1.5401089123030685
2106,KY,BIO,3497788.188487071,9234160.817605872,48.58039150676491
2106,KY,CSE,3832602.0921771466,10118069.52334767,53.23058461357149
2106,KY,EDU,3201105.5750761507,8450918.718201045,44.45979965383541
2106,KY,ENG,2018529.1278848199,5328916.897615925,28.03512677617805
2106,KY,GEO,519016.78446574666,1370204.310989571,7.208566450913147
2106,KY,MPS,2535763.3261885485,6694415.181137769,35.218935085952054
2106,KY,OIA,17031047.13450541,44961964.43509428,236.54232131257504
2106,KY,OISE,75127.04690893853,198335.40383959774,1.0434312070685907
2106,KY,OPP,126634.4292558508,334314.8932354461,1.7588115174423724
2106,KY,SBE,460670.8974609643,1216171.1692969461,6.39820690918006
2106,KY,TIP,1307650.070246194,3452196.185449954,18.161806531197147
2201,LA,BIO,1149917.4588235258,3035782.0912941103,15.971075816993425
2201,LA,CSE,716410.0470454928,1891322.5242001014,9.950139542298514
2201,LA,EDU,601301.371062989,1587435.619606292,8.351407931430398
2201,LA,ENG,528150.3409989164,1394316.9002371395,7.335421402762727
2201,LA,GEO,433860.9473879793,1145392.9011042651,6.025846491499709
2201,LA,MPS,2762733.106167103,7293615.400281152,38.371293141209776
2201,LA,OIA,2068066.104309027,5459694.515375833,28.72314033762538
2201,LA,OISE,138880.65744974898,366644.9356673372,1.928898020135402
2201,LA,OPP,145230.37112851327,383408.179779275,2.0170884878960167
2201,LA,SBE,350179.09219736134,924472.8034010339,4.8635985027411275
2201,LA,TIP,1918968.6482346763,5066077.231339549,26.652342336592735
2202,LA,BIO,1275663.0908562753,3367750.559860567,17.717542928559382
2202,LA,CSE,810856.6576316542,2140661.5761475665,11.261898022661862
2202,LA,EDU,894905.6321588682,2362550.868899411,12.429244891095394
2202,LA,ENG,700122.3543860823,1848323.0155792579,9.723921588695593
2202,LA,GEO,652389.0923756291,1722307.2038716613,9.060959616328184
2202,LA,MPS,3241422.4523970746,8557355.274328278,45.0197562832927
2202,LA,OIA,2892503.953038191,7636210.436020822,40.17366601441931
2202,LA,OISE,160848.1094886345,424639.009049995,2.234001520675478
2202,LA,OPP,172466.94862980169,455312.7443826765,2.395374286525025
2202,LA,SBE,435597.3686608038,1149977.0532645222,6.049963453622272
2202,LA,TIP,2443156.574295618,6449933.356140432,33.93273019855027
2203,LA,BIO,647124.3226106422,1708408.2116920967,8.987837814036698
2203,LA,CSE,483838.5930499881,1277333.8856519687,6.719980459027611
2203,LA,EDU,478757.556256888,1263919.948518185,6.649410503567893
2203,LA,ENG,363706.9600734642,960186.3745939457,5.051485556575892
2203,LA,GEO,485347.75332224136,1281318.0687707171,6.740941018364463
2203,LA,MPS,676061.1347558952,1784801.3957555634,9.38973798272076
2203,LA,OIA,8170017.851640816,21568847.12833176,113.47247016167803
2203,LA,OISE,97426.06009274643,257204.79864485058,1.3531397235103666
2203,LA,OPP,111029.75494515765,293118.5530552162,1.5420799297938566
2203,LA,SBE,26757.3043321054,70639.28343675825,0.37162922683479727
2203,LA,TIP,1234898.3205082268,3260131.56614172,17.151365562614256
2204,LA,BIO,188223.2715978906,496909.4370184308,2.614212105526258
2204,LA,CSE,153991.4314028888,406537.3789036262,2.138769880595677
2204,LA,EDU,1646177.7316061095,4345909.2114401255,22.863579605640385
2204,LA,ENG,433825.1628803197,1145298.4300040437,6.025349484448883
2204,LA,GEO,89707.03403096147,236826.5698417382,1.2459310282077989
2204,LA,MPS,402816.63231902255,1063435.9093222192,5.59467544887531
2204,LA,OIA,4587182.204426601,12110161.019686224,63.71086395036942
2204,LA,OISE,13993.56679863082,36943.01634838536,0.194355094425428
2204,LA,OPP,15591.410357973498,41161.32334505004,0.21654736608296535
2204,LA,SBE,176282.10501859698,465384.75724909594,2.448362569702735
2204,LA,TIP,158226.29385720773,417717.415783029,2.1975874146834427
2205,LA,BIO,2587211.9024109747,6830239.422364975,35.93349864459687
2205,LA,CSE,682551.8329017715,1801936.8388606773,9.479886568080165
2205,LA,EDU,2035841.384492588,5374621.255060433,28.27557478461927
2205,LA,ENG,2010151.2887611908,5306799.4023295455,27.918767899461002
2205,LA,GEO,1353192.5184402568,3572428.2486822796,18.794340533892452
2205,LA,MPS,3496175.302618336,9229902.798912402,48.55799031414354
2205,LA,OIA,9290613.934044592,24527220.78587773,129.0363046395082
2205,LA,OISE,81023.66225182681,213902.46834482276,1.1253286423864834
2205,LA,OPP,284092.98046199227,750005.46841965965,3.9457358397498923
2205,LA,SBE,265251.7026266337,700264.4949343135,3.684051425369914
2205,LA,TIP,2998156.8056420353,7915133.966894978,41.64106674502826
2206,LA,BIO,2333002.693651222,6159127.111239224,32.40281518960032
2206,LA,CSE,824840.4454103851,2177578.7758834157,11.456117297366452
2206,LA,EDU,2034028.8862878087,5369836.259799814,28.250401198441775
2206,LA,ENG,1883875.1609238158,4973430.424838877,26.16493279060855
2206,LA,GEO,1373475.8872355418,3625976.3423018316,19.07605398938253
2206,LA,MPS,3165054.6919867736,8355744.386845082,43.959092944260725
2206,LA,OIA,11121089.30600359,29359675.767849475,154.45957369449428
2206,LA,OISE,96242.38655441615,254079.90050365872,1.3366998132557801
2206,LA,OPP,244568.4535061939,645660.7172563518,3.3967840764749164
2206,LA,SBE,227826.50596547095,601461.9757488435,3.1642570272982073
2206,LA,TIP,2844768.782122015,7510189.58480212,39.51067752947243
2301,ME,BIO,857690.1425212177,2264301.9762560157,11.912363090572462
2301,ME,CSE,304418.8093567907,803665.6567019277,4.228039018844317
2301,ME,EDU,2653925.8725780114,7006364.3036059495,36.860081563583506
2301,ME,ENG,308307.38582012826,813931.4985651391,4.282047025279558
2301,ME,GEO,2921228.173715384,7712042.378608614,40.57261352382477
2301,ME,MPS,918934.0174145227,2425985.80597434,12.762972464090593
2301,ME,OIA,8233034.851589657,21735212.008196697,114.34770627207861
2301,ME,OISE,533004.1865437032,1407131.0524753768,7.4028359242181
2301,ME,OPP,744927.2846777152,1966608.0315491683,10.346212287190488
2301,ME,SBE,323685.90454770904,854530.7880059524,4.49563756316263
2301,ME,TIP,1089017.8415297163,2875007.101638447,15.125247799023832
2302,ME,BIO,1973527.2732872686,5210112.001478388,27.410101017878713
2302,ME,CSE,920285.9921752325,2429555.019342615,12.781749891322667
2302,ME,EDU,4634996.161781964,12236389.867104392,64.3749466914162
2302,ME,ENG,1040068.235748319,2745780.142375562,14.445392163171098
2302,ME,GEO,3033686.05754253,8008931.191912276,42.13452857697956
2302,ME,MPS,1016081.2721461715,2682454.558465894,14.112239890919051
2302,ME,OIA,25449074.372930873,67185556.34453753,353.4593662907067
2302,ME,OISE,58702.275768747495,154974.00802949342,0.8153093856770485
2302,ME,OPP,2009142.0914330613,5304135.121383283,27.904751269903635
2302,ME,SBE,236377.00264224666,624035.286975531,3.283013925586757
2302,ME,TIP,1712825.1791115778,4521858.472854563,23.78923859877193
2401,MD,BIO,2141535.001597269,5653652.404216789,29.74354168885092
2401,MD,CSE,2415417.607495637,6376702.4837884875,33.547466770772736
2401,MD,EDU,3601056.1838540146,9506788.325374583,50.01466922019466
2401,MD,ENG,2225894.7212937917,5876362.0642156135,30.91520446241379
2401,MD,GEO,3388023.8975829696,8944383.089619044,47.05588746643012
2401,MD,MPS,3349024.3341288688,8841424.242100207,46.514226862900934
2401,MD,OIA,1099696.670568133,2903199.2102998705,15.273564869001856
2401,MD,OISE,1122908.276906399,2964477.851032892,15.595948290366643
2401,MD,OPP,1889746.7062398272,4988931.304473142,26.24648203110871
2401,MD,SBE,1002890.1893730495,2647630.09994485,13.929030407959026
2401,MD,TIP,1646869.163968077,4347734.592875718,22.873182832889942
2402,MD,BIO,2990379.6045985287,7894602.156140121,41.5330500638685
2402,MD,CSE,4459166.125073879,11772198.570195043,61.932862848248305
2402,MD,EDU,5664194.720780972,14953474.062861769,78.66937112195802
2402,MD,ENG,3601959.764518477,9509173.778328784,50.02721895164554
2402,MD,GEO,2435507.66123943,6429740.225672095,33.826495294992064
2402,MD,MPS,6362404.022626101,16796746.61973291,88.3667225364737
2402,MD,OIA,489689.0081889007,1292778.9816186973,6.801236224845837
2402,MD,OISE,691639.4247339759,1825928.0812976963,9.606103121305217
2402,MD,OPP,541286.0231646291,1428995.1011546212,7.5178614328420705
2402,MD,SBE,1286010.502866389,3395067.727567267,17.861256984255405
2402,MD,TIP,2951513.702421053,7791996.174391578,40.993245866959036
2403,MD,BIO,2279178.175535675,6017030.383414186,31.65525243799549
2403,MD,CSE,4763610.418186123,12575931.504011365,66.16125580814057
2403,MD,EDU,4571313.814309275,12068268.469776481,63.49046964318442
2403,MD,ENG,2870518.580717904,7578169.053095267,39.86831362108201
2403,MD,GEO,2876996.5749567216,7595270.957885747,39.95828576328783
2403,MD,MPS,5417479.947284573,14302147.060831277,75.24277704561905
2403,MD,OIA,795268.2875369551,2099508.2790975613,11.045392882457712
2403,MD,OISE,360652.5348722294,952122.6920626848,5.009062984336516
2403,MD,OPP,1203098.498809862,3176180.0368580334,16.709701372359188
2403,MD,SBE,1287626.1977473795,3399333.16205308,17.883697190935802
2403,MD,TIP,2706865.868741284,7146125.893476993,37.59535928807336
2404,MD,BIO,3625178.213638528,9570470.484005727,50.34969741164627
2404,MD,CSE,8295571.372425407,21900308.42320309,115.21626906146396
2404,MD,EDU,8970471.791902365,23682045.53062223,124.58988599864388
2404,MD,ENG,5639735.817082796,14888902.557098577,78.32966412614988
2404,MD,GEO,9227379.887863936,24360282.9039608,128.15805399811023
2404,MD,MPS,11154385.939150948,29447578.879358515,154.92202693265205
2404,MD,OIA,2047482.5303390415,5405353.880095067,28.437257365820024
2404,MD,OISE,550359.1152799296,1452948.0643390142,7.643876601110133
2404,MD,OPP,2943819.928709067,7771684.611791938,40.88638789873705
2404,MD,SBE,6899360.043117764,18214310.5138309,95.82444504330233
2404,MD,TIP,4307545.36506007,11371919.76375859,59.82701895916763
2405,MD,BIO,1987687.7329768457,5247495.615058875,27.60677406912285
2405,MD,CSE,4398388.077527754,11611744.524673278,61.0887232989966
2405,MD,EDU,5561751.387300976,14683023.662474597,77.24654704584695
2405,MD,ENG,2794763.8703442537,7378176.617708833,38.81616486589244
2405,MD,GEO,5247762.987773453,13854094.287721919,72.88559705240905
2405,MD,MPS,6895292.700827459,18203572.730184495,95.7679541781592
2405,MD,OIA,1245599.8808061236,3288383.6853281674,17.299998344529495
2405,MD,OISE,512313.2095372449,1352506.8731783265,7.115461243572847
2405,MD,OPP,2468081.3640979403,6515734.801218563,34.27890783469361
2405,MD,SBE,3546147.2643952705,9361828.778003514,49.25204533882324
2405,MD,TIP,2383537.2916892213,6292538.450059546,33.10468460679473
2406,MD,BIO,1268913.1285491353,3349930.659369721,17.62379345207134
2406,MD,CSE,1963263.9243127282,5183016.760185599,27.267554504343448
2406,MD,EDU,2429444.556010837,6413733.6278686235,33.742285500150594
2406,MD,ENG,1338201.1671124569,3532851.081176885,18.58612732100633
2406,MD,GEO,1723404.6394883206,4549788.248249166,23.936175548448904
2406,MD,MPS,4359885.938727111,11510098.878239578,60.55397137120991
2406,MD,OIA,418926.6680704951,1105966.4037061073,5.818425945423543
2406,MD,OISE,171258.02694965352,452121.1911470851,2.3785837076340766
2406,MD,OPP,1054515.0061043366,2783919.61611545,14.646041751449124
2406,MD,SBE,805885.9635897852,2127538.943877032,11.192860605413678
2406,MD,TIP,2150100.151118352,5676264.39895245,29.862502098865992
2407,MD,BIO,3229968.2337063723,8527116.136984834,44.86066991258852
2407,MD,CSE,5369788.330300693,14176241.191993829,74.58039347639848
2407,MD,EDU,6985549.918117141,18441851.783829253,97.02152664051589
2407,MD,ENG,4132458.6409386843,10909690.81207812,57.39525890192617
2407,MD,GEO,2668652.210599504,7045241.835982685,37.064614036104174
2407,MD,MPS,6285753.703351241,16594389.776847271,87.30213476876717
2407,MD,OIA,693489.5819534226,1830812.496357036,9.631799749353094
2407,MD,OISE,718695.5646202139,1897356.2905973645,9.981882841947408
2407,MD,OPP,547879.4496844624,1446401.7471669808,7.609436801173087
2407,MD,SBE,1469948.7548806744,3880664.71288498,20.415954928898262
2407,MD,TIP,3542319.0865752916,9351722.388558779,49.19887620243466
2408,MD,BIO,3512117.9883721955,9271991.489302592,48.77941650516936
2408,MD,CSE,7898721.532467064,20852624.845713027,109.70446572870917
2408,MD,EDU,7490084.834278057,19773823.962494064,104.02895603163978
2408,MD,ENG,5479204.9599164445,14465101.09417942,76.10006888772841
2408,MD,GEO,7632176.714966721,20148946.52751213,106.00245437453775
2408,MD,MPS,10934517.39286727,28867125.917169612,151.86829712315657
2408,MD,OIA,1802005.31169422,4757294.022872741,25.027851551308608
2408,MD,OISE,464490.6893997279,1226255.4200152818,6.4512595749962225
2408,MD,OPP,2374830.1037463387,6269551.473890334,32.983751440921374
2408,MD,SBE,3047635.063295388,8045756.567099833,42.32826476799154
2408,MD,TIP,5390817.919165539,14231759.306597032,74.87247109952152
2501,MA,BIO,3589140.8798265317,9475331.92274205,49.84917888647961
2501,MA,CSE,5630387.420971031,14864222.79136351,78.19982529126428
2501,MA,EDU,4856188.171997574,12820336.7740736,67.44705794441079
2501,MA,ENG,4666713.8553417735,12320124.578102283,64.81547021308022
2501,MA,GEO,2207523.589613112,5827862.276578613,30.660049855737665
2501,MA,MPS,5764917.615355599,15219382.504538774,80.06830021327225
2501,MA,OIA,551272.0584122266,1455358.2342082784,7.6565563668364804
2501,MA,OISE,78484.39365679817,207198.7992539472,1.0900610230110857
2501,MA,OPP,1103448.145339936,2913103.103697431,15.325668685276888
2501,MA,SBE,2630899.2232103436,6945573.949275309,36.54026698903259
2501,MA,TIP,4580894.5514772395,12093561.615899904,63.62353543718385
2502,MA,BIO,4410003.654754976,11642409.648553131,61.250050760485784
2502,MA,CSE,7921954.319591627,20913959.403721906,110.02714332766155
2502,MA,EDU,7604998.427307593,20077195.84809203,105.62497815704991
2502,MA,ENG,6670399.064448133,17609853.53014306,92.64443145066845
2502,MA,GEO,2929970.3806597753,7735121.804941805,40.694033064719136
2502,MA,MPS,7517973.960976916,19847451.25697907,104.41630501356825
2502,MA,OIA,563812.2689497585,1488464.390027363,7.830725957635535
2502,MA,OISE,296504.6466893859,782772.2672599786,4.118120092908139
2502,MA,OPP,1231170.5919585258,3250290.3627705094,17.09959155497953
2502,MA,SBE,3019778.1601585154,7972214.342818481,41.94136333553495
2502,MA,TIP,6227730.203762843,16441207.737933911,86.49625283003957
2503,MA,BIO,2848035.5859780908,7518813.946982164,39.55604980525126
2503,MA,CSE,5223088.176602717,13788952.786231173,72.54289134170438
2503,MA,EDU,8051425.242792264,21255762.6409716,111.8253505943371
2503,MA,ENG,4505237.932892506,11893828.142836217,62.572749067951484
2503,MA,GEO,3040110.578287594,8025891.926679251,42.22375803177219
2503,MA,MPS,7089904.607984063,18717348.165077917,98.470897333112
2503,MA,OIA,432206.34885841806,1141024.7609862236,6.00286595636692
2503,MA,OISE,83247.1317529717,219772.42782784533,1.1562101632357185
2503,MA,OPP,773674.6058747922,2042500.9595094514,10.7454806371499
2503,MA,SBE,2153066.664025509,5684095.993027344,29.903703667020977
2503,MA,TIP,3829241.133137947,10109196.591484193,53.183904626915954
2504,MA,BIO,3372816.6576639125,8904235.976232728,46.84467580088768
2504,MA,CSE,6625429.583830973,17491134.101313762,92.01985533098579
2504,MA,EDU,7737483.901616788,20426957.500268303,107.46505418912204
2504,MA,ENG,4217551.039106288,11134334.7432406,58.57709776536511
2504,MA,GEO,5693997.53698003,15032153.497627279,79.08329912472264
2504,MA,MPS,8305367.461062885,21926170.097206008,115.3523258480956
2504,MA,OIA,843730.778049521,2227449.254050735,11.718483028465567
2504,MA,OISE,89840.94690594025,237180.0998316824,1.2477909292491707
2504,MA,OPP,1282624.0663680308,3386127.5352116018,17.814223144000437
2504,MA,SBE,3103810.129251255,8194058.741223315,43.10847401737859
2504,MA,TIP,3652638.5771659035,9642965.843717987,50.73109134952647
2505,MA,BIO,6699255.936936393,17686035.673512068,93.04522134633876
2505,MA,CSE,13111538.681024335,34614462.117904276,182.10470390311585
2505,MA,EDU,18897583.483462602,49889620.39634124,262.4664372703139
2505,MA,ENG,8558943.355315672,22595610.45803337,118.87421326827312
2505,MA,GEO,8190842.3650477575,21623823.843726076,113.7616995145522
2505,MA,MPS,18699296.14412705,49366141.82049543,259.712446446209
2505,MA,OIA,782871.9208078433,2066781.8709327069,10.873221122331156
2505,MA,OISE,286727.27061710594,756959.9944291601,3.982323203015361
2505,MA,OPP,2154426.9098556167,5687687.042018825,29.92259597021689
2505,MA,SBE,6954047.441001063,18358685.24424279,96.5839922361259
2505,MA,TIP,8326754.631363865,21982632.226800628,115.64936988005378
2506,MA,BIO,2808655.976723715,7414851.778550614,39.00911078782939
2506,MA,CSE,5356070.494890851,14140026.10651185,74.38986798459511
2506,MA,EDU,7416166.019932884,19578678.29262282,103.00230583240128
2506,MA,ENG,3906539.8013142543,10313265.075469635,54.25749724047575
2506,MA,GEO,4131381.7416879116,10906847.798056096,57.38030196788765
2506,MA,MPS,6794726.793172825,17938078.733976264,94.37120546073372
2506,MA,OIA,577458.4935068518,1524490.4228580885,8.020256854261829
2506,MA,OISE,173529.37430171683,458117.5481565325,2.410130198634956
2506,MA,OPP,927247.3643266626,2447933.0418223897,12.878435615648094
2506,MA,SBE,2336793.681687523,6169135.319655062,32.45546780121561
2506,MA,TIP,4591139.288669025,12120607.722086232,63.7658234537365
2507,MA,BIO,7680238.920557568,20275830.750271972,106.66998500774399
2507,MA,CSE,17531526.713689186,46283230.524139434,243.4934265790163
2507,MA,EDU,20174081.714225907,53259575.72555648,280.19557936424883
2507,MA,ENG,11771217.537039049,31076014.297783077,163.48913245887553
2507,MA,GEO,8148992.086930702,21513339.109497048,113.18044565181536
2507,MA,MPS,20266244.613576714,53502885.77984254,281.4756196330097
2507,MA,OIA,714661.7394333609,1886706.9921040738,9.925857492130016
2507,MA,OISE,174709.62014500628,461233.3971828168,2.4265225020139773
2507,MA,OPP,2303417.5066333353,6081022.217512002,31.991909814351875
2507,MA,SBE,9087335.681255613,23990566.198514827,126.21299557299463
2507,MA,TIP,8732054.004598716,23052622.572140623,121.2785278416488
2508,MA,BIO,3771852.9772724924,9957691.859999375,52.38684690656239
2508,MA,CSE,7954613.038361534,21000178.421274465,110.4807366439102
2508,MA,EDU,9031159.23765931,23842260.387420572,125.4327671897127
2508,MA,ENG,5178342.666676057,13670824.640024787,71.92142592605629
2508,MA,GEO,6279178.74534618,16577031.887713913,87.21081590758585
2508,MA,MPS,8959918.241155732,23654184.156651113,124.44330890494065
2508,MA,OIA,382764.6689863579,1010498.7261239849,5.316175958143861
2508,MA,OISE,87817.0744134949,231837.07645162655,1.2196815890763177
2508,MA,OPP,1308508.53324875,3454462.5277767004,18.173729628454872
2508,MA,SBE,3775954.174066909,9968519.019536633,52.44380797315153
2508,MA,TIP,4692521.922803665,12388257.876201674,65.1739155944954
2509,MA,BIO,5246164.693143262,13849874.789898196,72.86339851587856
2509,MA,CSE,3209495.104208812,8473067.075111268,44.576320891789074
2509,MA,EDU,3108307.3010071446,8205931.274658861,43.17093473621032
2509,MA,ENG,2141572.923359905,5653752.517670151,29.744068379998687
2509,MA,GEO,127720864.38031833,337183081.96404064,1773.9008941710886
2509,MA,MPS,2783799.541403113,7349230.789304223,38.66388251948771
2509,MA,OIA,275340.44990270335,726898.7877431368,3.8241729153153226
2509,MA,OISE,514836.0384654469,1359167.1415487796,7.150500534242316
2509,MA,OPP,15846233.97351708,41834057.6900851,220.0865829655149
2509,MA,SBE,1045201.690634898,2759332.4632761306,14.516690147706914
2509,MA,TIP,3666797.4015151723,9680345.140000056,50.92774168771073
2601,MI,BIO,1521415.128348148,4016535.938839111,21.130765671502058
2601,MI,CSE,1374606.646738807,3628961.547390452,19.09175898248343
2601,MI,EDU,2632327.7672987985,6949345.305668825,36.560107879149996
2601,MI,ENG,1389430.2973259357,3668095.9849404697,19.29764301841578
2601,MI,GEO,2048729.9733713004,5408647.129700232,28.45458296349028
2601,MI,MPS,1922801.09121428,5076194.880805696,26.705570711309438
2601,MI,OIA,48954.619109117135,129240.19444806925,0.6799252654044047
2601,MI,OISE,99013.13115426648,261394.6662472635,1.3751823771425897
2601,MI,OPP,159443.16961497505,420929.96778353414,2.2144884668746534
2601,MI,SBE,649202.4436257909,1713894.4511720878,9.016700605913762
2601,MI,TIP,1552771.018695498,4099315.489356115,21.56626414854857
2602,MI,BIO,846685.568407374,2235249.9005954685,11.759521783435748
2602,MI,CSE,395105.5953173351,1043078.7716377649,5.487577712740767
2602,MI,EDU,1216049.3208966528,3210370.207167162,16.8895739013424
2602,MI,ENG,700334.0301089536,1848881.8394876376,9.726861529291023
2602,MI,GEO,647277.657352103,1708813.0154095516,8.989967463223653
2602,MI,MPS,1540703.2986640912,4067456.7084732023,21.39865692589017
2602,MI,OIA,18159.120092337576,47940.0770437712,0.2522100012824663
2602,MI,OISE,62261.664359574934,164370.7939092778,0.8647453383274298
2602,MI,OPP,97409.18707277658,257160.25387213018,1.3529053760107856
2602,MI,SBE,330530.9735116818,872601.7700708401,4.590707965440026
2602,MI,TIP,369612.8767830901,975777.9947073587,5.133512177542919
2603,MI,BIO,898317.3119502638,2371557.7035486987,12.476629332642558
2603,MI,CSE,391271.3599539206,1032956.3902783504,5.434324443804451
2603,MI,EDU,981133.0186442925,2590191.1692209314,13.626847481170728
2603,MI,ENG,528333.4801839056,1394800.3876855117,7.3379650025542436
2603,MI,GEO,300130.6598370153,792344.9419697203,4.168481386625213
2603,MI,MPS,1206869.0436004584,3186134.2751052123,16.76207005000637
2603,MI,OIA,21519.83923683038,56812.37558523221,0.29888665606708864
2603,MI,OISE,54576.99836470744,144083.2756828277,0.7580138661764925
2603,MI,OPP,223223.72773997404,589310.6412335314,3.1003295519440845
2603,MI,SBE,322964.82890656573,852627.1483133335,4.4856226237023025
2603,MI,TIP,635422.2569152975,1677514.7582563846,8.825309123823564
2604,MI,BIO,1339903.8000197473,3537346.0320521328,18.609775000274258
2604,MI,CSE,578517.2091783807,1527285.4322309243,8.034961238588618
2604,MI,EDU,2746652.0886779516,7251161.514109793,38.147945676082664
2604,MI,ENG,733073.5853426035,1935314.2653044728,10.181577574202821
2604,MI,GEO,411170.2542510482,1085489.4712227676,5.710697975709005
2604,MI,MPS,1993218.1998950925,5262096.047723047,27.68358610965406
2604,MI,OIA,26995.43096331551,71267.93774315293,0.3749365411571598
2604,MI,OISE,45279.922503814705,119538.99541007081,0.6288878125529818
2604,MI,OPP,99531.16895823041,262762.2860497283,1.3823773466420892
2604,MI,SBE,389495.4902510044,1028268.0942626515,5.409659586819504
2604,MI,TIP,750835.2282113145,1982205.0024778715,10.428267058490475
2605,MI,BIO,1399501.2183320248,3694683.2163965474,19.437516921278117
2605,MI,CSE,2011545.1023611126,5310479.070233339,27.938126421682135
2605,MI,EDU,2226624.676608686,5878289.146246926,30.92534273067617
2605,MI,ENG,2484834.4255828,6559962.883538592,34.51158924420556
2605,MI,GEO,890912.4168982514,2352008.780611384,12.373783568031277
2605,MI,MPS,4320264.869150674,11405499.254557777,60.003678738203774
2605,MI,OIA,58560.5992923152,154599.9821317122,0.8133416568377112
2605,MI,OISE,159392.19900702196,420795.40537853766,2.2137805417641934
2605,MI,OPP,133162.13558431334,351548.0379425873,1.8494741053376853
2605,MI,SBE,1697913.2688238553,4482491.029694981,23.582128733664664
2605,MI,TIP,1337422.7671686306,3530796.105325184,18.575316210675417
2606,MI,BIO,6577567.035658571,17364776.97413862,91.35509771748022
2606,MI,CSE,10900903.969395835,28778386.479205023,151.40144401938673
2606,MI,EDU,12172793.023130212,32136173.5810638,169.0665697656975
2606,MI,ENG,15461186.9169589,40817533.4607715,214.73870717998477
2606,MI,GEO,4585112.053188059,12104695.82041648,63.682111849834165
2606,MI,MPS,18991350.25272219,50137164.667186595,263.76875351003025
2606,MI,OIA,314212.48771480465,829520.9675670842,4.364062329372289
2606,MI,OISE,1034218.6970449153,2730337.360198578,14.364148570068267
2606,MI,OPP,867588.5082883275,2290433.661881185,12.049840392893438
2606,MI,SBE,14781020.26350425,39021893.49565121,205.29194810422572
2606,MI,TIP,6089150.729849779,16075357.92680341,84.57153791458032
2607,MI,BIO,14483985.272694232,38237721.11991279,201.16646212075312
2607,MI,CSE,6043079.342319529,15953729.463723563,83.9316575322157
2607,MI,EDU,9969513.891610999,26319516.67385303,138.46547071681942
2607,MI,ENG,10037894.023190383,26500040.221222606,139.41519476653303
2607,MI,GEO,2754567.0407392825,7272056.987551707,38.25787556582337
2607,MI,MPS,21202400.398742147,55974337.05267927,294.47778331586323
2607,MI,OIA,291181.93680794165,768720.3131729659,4.044193566776968
2607,MI,OISE,1292449.9179076762,3412067.783276264,17.950693304273276
2607,MI,OPP,427065.2065850727,1127452.145384592,5.931461202570454
2607,MI,SBE,4693515.595925977,12390881.173244573,65.18771661008299
2607,MI,TIP,2927544.2919083973,7728716.930638165,40.66033738761661
2608,MI,BIO,774818.1103165164,2045519.8112356018,10.761362643284942
2608,MI,CSE,1008299.9700383685,2661911.9209012925,14.00416625053289
2608,MI,EDU,1041729.4216170916,2750165.6730691222,14.468464189126273
2608,MI,ENG,1167969.9522224145,3083440.673867174,16.22180489197798
2608,MI,GEO,400277.6437939033,1056732.979615905,5.55941171935977
2608,MI,MPS,1554418.5551196882,4103664.985515978,21.589146598884554
2608,MI,OIA,30859.44241386157,81468.92797259455,0.4286033668591885
2608,MI,OISE,80720.61355478999,213102.41978464552,1.121119632705416
2608,MI,OPP,94850.62268537412,250405.64388938766,1.317369759519085
2608,MI,SBE,798748.4765935894,2108695.978207077,11.09372884157763
2608,MI,TIP,818179.7202032447,2159994.4613365666,11.36360722504507
2609,MI,BIO,496616.8743753525,1311068.548350931,6.897456588546563
2609,MI,CSE,609553.4407513035,1609221.083583441,8.466020010434766
2609,MI,EDU,869024.0735276932,2294223.554113114,12.069778798995749
2609,MI,ENG,817538.2194445599,2158300.899333639,11.354697492285554
2609,MI,GEO,251873.0370049982,664944.8176931952,3.49823662506942
2609,MI,MPS,1129075.2850775793,2980758.7526048115,15.681601181633052
2609,MI,OIA,22530.23880829236,59479.83045389185,0.312919983448505
2609,MI,OISE,50651.18468887566,133719.12757863174,0.7034886762343845
2609,MI,OPP,33399.955899777495,88175.88357541258,0.4638882763857985
2609,MI,SBE,472749.6705182566,1248059.1301681977,6.565967646086898
2609,MI,TIP,689115.834079766,1819265.8019705832,9.571053251107855
2610,MI,BIO,458783.55647090543,1211188.58908319,6.371993839873688
2610,MI,CSE,831188.559770963,2194337.7977953395,11.544285552374479
2610,MI,EDU,983452.6103060385,2596314.8912079413,13.659064032028311
2610,MI,ENG,979556.9550161391,2586030.361242607,13.604957708557485
2610,MI,GEO,250499.56596851753,661318.8541568861,3.4791606384516327
2610,MI,MPS,1358716.6686566514,3587012.005253559,18.871064842453503
2610,MI,OIA,20249.44486595122,53458.53444611124,0.28124228980487814
2610,MI,OISE,50434.810843126856,133147.90062585488,0.7004834839323173
2610,MI,OPP,29940.37244343714,79042.58325067408,0.4158385061588491
2610,MI,SBE,481184.6463506959,1270327.4663658375,6.68312008820411
2610,MI,TIP,761076.0087481015,2009240.6630949862,10.570500121501407
2611,MI,BIO,864274.6718488433,2281685.133680945,12.003814886789494
2611,MI,CSE,1620447.6051904853,4277981.677702881,22.50621673875674
2611,MI,EDU,1599867.6072199084,4223650.48306056,22.22038343360985
2611,MI,ENG,1956956.8495739866,5166366.082875328,27.179956244083165
2611,MI,GEO,490528.82260196534,1294996.091669189,6.8129003139161854
2611,MI,MPS,2647080.486339859,6988292.483937235,36.76500675472028
2611,MI,OIA,40028.17858891672,105674.39147474016,0.5559469248460656
2611,MI,OISE,107011.03610193514,282509.13530910865,1.4862643903046546
2611,MI,OPP,81572.93419229894,215352.54626766927,1.1329574193374854
2611,MI,SBE,1124664.4696870295,2969114.1999737574,15.620339856764298
2611,MI,TIP,1501282.6701673947,3963386.2492419234,20.851148196769365
2612,MI,BIO,778854.3848493652,2056175.5760023247,10.817422011796738
2612,MI,CSE,1507567.9489548185,3979979.3852407187,20.938443735483578
2612,MI,EDU,1527432.4882144816,4032421.7688862323,21.21434011409003
2612,MI,ENG,1972931.0290630837,5208537.916726543,27.401819848098402
2612,MI,GEO,512170.67229005526,1352130.5748457457,7.113481559584102
2612,MI,MPS,2395509.942704684,6324146.248740369,33.27097142645395
2612,MI,OIA,37563.22676113068,99166.91864938498,0.5217114827934817
2612,MI,OISE,109646.42584573932,289466.56423275184,1.5228670256352688
2612,MI,OPP,78765.68683060014,207941.4132327844,1.0939678726472246
2612,MI,SBE,1322730.029166984,3492007.2770008394,18.37125040509702
2612,MI,TIP,1429698.3400028814,3774403.6176076075,19.856921388928896
2613,MI,BIO,652578.6576782227,1722807.6562705087,9.063592467753097
2613,MI,CSE,1486402.9167596137,3924103.700245379,20.64448495499464
2613,MI,EDU,1144392.230975665,3021195.489775759,15.894336541328688
2613,MI,ENG,1632948.0782174175,4310982.926493984,22.679834419686348
2613,MI,GEO,410025.07008217345,1082466.1850169373,5.694792640030187
2613,MI,MPS,2192147.7012788453,5787269.9313761545,30.446495851095072
2613,MI,OIA,39576.20025576673,104481.1686752242,0.5496694479967602
2613,MI,OISE,84399.78913392314,222815.44331355725,1.1722192935267104
2613,MI,OPP,78792.19592775205,208011.39724926543,1.0943360545521115
2613,MI,SBE,859143.3939899396,2268138.5601334404,11.932547138749161
2613,MI,TIP,1124730.544492466,2969288.637460109,15.621257562395343
2701,MN,BIO,628332.5109373264,1658797.8288745428,8.726840429685089
2701,MN,CSE,1003007.1001863844,2647938.7444920563,13.930654169255343
2701,MN,EDU,1401724.4767979244,3700552.618746519,19.468395511082292
2701,MN,ENG,424581.2109432716,1120894.396890237,5.896961263100996
2701,MN,GEO,469755.60082205787,1240154.7861702328,6.524383344750805
2701,MN,MPS,946372.9534135489,2498424.59701177,13.1440687974104
2701,MN,OIA,176606.750616555,466241.8216277052,2.452871536341041
2701,MN,OISE,17555.215762968663,46345.76961423728,0.24382244115234258
2701,MN,OPP,265387.37039878743,700622.657852799,3.6859356999831583
2701,MN,SBE,302827.3638465895,799464.2405549965,4.20593560898041
2701,MN,TIP,817298.0018369261,2157666.7248494853,11.351361136623973
2702,MN,BIO,2240323.910206291,5914455.12294461,31.115609863976264
2702,MN,CSE,1247811.1346922049,3294221.3955874187,17.3307102040584
2702,MN,EDU,1803903.9539129972,4762306.438330311,25.054221582124963
2702,MN,ENG,2093577.6666284725,5527045.039899168,29.077467592062117
2702,MN,GEO,1754518.1989854241,4631928.04532152,24.368308319242
2702,MN,MPS,2455643.684018254,6482899.325808185,34.10616227803129
2702,MN,OIA,495145.68797690095,1307184.6162590184,6.877023444123624
2702,MN,OISE,63691.580604861716,168145.77279683494,0.8846052861786349
2702,MN,OPP,1097324.9405408634,2896937.84302788,15.24062417417866
2702,MN,SBE,601723.4859408964,1588550.0028839668,8.357270638068004
2702,MN,TIP,1067454.2679728821,2818079.267448409,14.82575372184559
2703,MN,BIO,1720556.160887953,4542268.264744196,23.896613345666022
2703,MN,CSE,1232422.9529978319,3253596.5959142754,17.11698545830322
2703,MN,EDU,1596398.5000889408,4214492.040234809,22.172201390124197
2703,MN,ENG,2346756.0716894437,6195436.02926013,32.59383432902006
2703,MN,GEO,1296428.484807502,3422571.199891802,18.00595117788196
2703,MN,MPS,2663660.658296999,7032064.137904074,36.99528692079166
2703,MN,OIA,187099.16225739,493941.7883595097,2.598599475797084
2703,MN,OISE,75226.6354789211,198598.31766435175,1.0448143816516824
2703,MN,OPP,1435711.1548172482,3790277.448717535,19.94043270579511
2703,MN,SBE,665391.2976318522,1756633.02574809,9.24154580044239
2703,MN,TIP,1362601.2842591899,3597267.3904442624,18.925017836933186
2704,MN,BIO,3372217.744880462,8902654.846484423,46.83635756778419
2704,MN,CSE,2355903.277986434,6219584.653884182,32.720878860922674
2704,MN,EDU,3660472.655460813,9663647.81041655,50.839897992511304
2704,MN,ENG,4565920.46422091,12054030.025543202,63.41556200306821
2704,MN,GEO,2524760.7055381397,6665368.262620689,35.066120910251946
2704,MN,MPS,5237141.089966234,13826052.477510875,72.73807069397553
2704,MN,OIA,514355.56230169616,1357898.6844764783,7.143827254190226
2704,MN,OISE,146006.67478469992,385457.62143160787,2.027870483120832
2704,MN,OPP,2691870.659854545,7106538.542016001,37.3870924979798
2704,MN,SBE,1245880.6673581223,3289124.9618254444,17.3038981577517
2704,MN,TIP,1748002.9638550298,4614727.824577278,24.277818942430965
2705,MN,BIO,4214256.8822779115,11125638.169213684,58.531345587193215
2705,MN,CSE,3058869.9196282434,8075416.587818564,42.48430443928115
2705,MN,EDU,3392835.010233711,8957084.427017,47.122708475468265
2705,MN,ENG,5934920.061072929,15668188.96123254,82.42944529267955
2705,MN,GEO,3203530.6063521244,8457320.800769603,44.4934806437795
2705,MN,MPS,6616439.974303806,17467401.532162055,91.8949996431084
2705,MN,OIA,276193.3446718025,729150.4299335587,3.836018675997256
2705,MN,OISE,190317.41598293453,502437.9781949471,2.643297444207424
2705,MN,OPP,3535187.79537615,9332895.779793037,49.099830491335425
2705,MN,SBE,1580158.583061865,4171618.6592833246,21.94664698697036
2705,MN,TIP,1845992.3466560121,4873419.795171875,25.638782592444624
2706,MN,BIO,1043054.1636000501,2753662.9919041335,14.486863383334033
2706,MN,CSE,705158.013863034,1861617.1565984103,9.793861303653248
2706,MN,EDU,1273063.8981895563,3360888.6912204297,17.6814430304105
2706,MN,ENG,1337760.7236541025,3531688.310446832,18.580010050751433
2706,MN,GEO,939892.6872412628,2481316.694316935,13.054065100573094
2706,MN,MPS,1531265.3485918392,4042540.5202824553,21.267574285997775
2706,MN,OIA,206198.5325644401,544364.1259701218,2.8638685078394457
2706,MN,OISE,43167.81775549664,113963.03887451113,0.5995530243818978
2706,MN,OPP,810239.7981643658,2139033.0671539265,11.253330530060637
2706,MN,SBE,367239.89784866886,969513.330320485,5.1005541367870615
2706,MN,TIP,794578.4195525533,2097687.02761874,11.035811382674352
2707,MN,BIO,726798.1570525954,1918747.1346188514,10.094418847952712
2707,MN,CSE,200870.5670775452,530298.2970847191,2.789868987188127
2707,MN,EDU,2967672.2256736206,7834654.675778351,41.21766980102249
2707,MN,ENG,487852.4717170533,1287930.5253330206,6.775728773847963
2707,MN,GEO,246410.59902376463,650523.9814227389,3.4223694308856207
2707,MN,MPS,447525.83508071175,1181468.2046130793,6.215636598343219
2707,MN,OIA,5003410.687715008,13209004.21556762,69.49181510715289
2707,MN,OISE,25677.080190065564,67787.49170177309,0.3566261137509107
2707,MN,OPP,120839.2783479208,319015.69483851094,1.678323310387789
2707,MN,SBE,134145.863565927,354145.0798140473,1.8631369939712086
2707,MN,TIP,1719837.9695573659,4540372.239631446,23.88663846607453
2708,MN,BIO,1145483.4920541798,3024076.419023035,15.909492945196947
2708,MN,CSE,808215.4043491201,2133688.667481677,11.225213949293334
2708,MN,EDU,2953394.3194470615,7796961.003340241,41.01936554787589
2708,MN,ENG,1135668.9390031414,2998165.998968294,15.773179708376968
2708,MN,GEO,1287282.9686980974,3398427.0373629783,17.878930120806917
2708,MN,MPS,1516006.457145144,4002257.0468631797,21.05564523812699
2708,MN,OIA,367121.1046434868,969199.7162588051,5.098904231159538
2708,MN,OISE,36571.78642445663,96549.51616056549,0.507941478117453
2708,MN,OPP,665940.0070666575,1758081.618655976,9.249166764814689
2708,MN,SBE,285777.6953865151,754453.1158204004,3.9691346581460447
2708,MN,TIP,947211.7245381491,2500638.9527807157,13.155718396363184
2801,MS,BIO,1373468.0580969793,3625955.6733760242,19.075945251346933
2801,MS,CSE,827704.5564095943,2185140.0289213285,11.495896616799913
2801,MS,EDU,1200947.7665644106,3170502.103730044,16.679830091172363
2801,MS,ENG,936049.1679579458,2471169.8034089776,13.000682888304802
2801,MS,GEO,304226.98322407267,803159.2357115521,4.22537476700101
2801,MS,MPS,1777871.6523582477,4693581.162225775,24.692661838308997
2801,MS,OIA,5077903.485143684,13405665.200779326,70.52643729366227
2801,MS,OISE,64981.72334318378,171551.74962600524,0.902523935321997
2801,MS,OPP,374564.8992340704,988851.333977946,5.202290267139867
2801,MS,SBE,389575.1785355017,1028478.4713337244,5.410766368548631
2801,MS,TIP,619998.686177476,1636796.531508537,8.611092863576053
2802,MS,BIO,494181.2464975069,1304638.4907534188,6.863628423576487
2802,MS,CSE,397382.6274697871,1049090.1365202377,5.519203159302599
2802,MS,EDU,2412293.5530004255,6368454.979921125,33.5040771250059
2802,MS,ENG,375671.0691410487,991771.6225323685,5.21765373807012
2802,MS,GEO,171764.02045366212,453457.013997668,2.385611395189752
2802,MS,MPS,1403708.2683304083,3705789.8283922784,19.49594817125567
2802,MS,OIA,1851673.57328754,4888418.233479105,25.7176885178825
2802,MS,OISE,14622.486458482994,38603.364250395105,0.2030900897011527
2802,MS,OPP,509867.65089002467,1346050.598349665,7.081495151250342
2802,MS,SBE,223867.89119225237,591011.2327475463,3.1092762665590614
2802,MS,TIP,579123.5943114719,1528886.288982285,8.043383254325994
2803,MS,BIO,1286334.2428130729,3395922.401026514,17.865753372403795
2803,MS,CSE,1055082.6894393105,2785418.300119779,14.653926242212647
2803,MS,EDU,2634424.421836335,6954880.473647928,36.58922808106022
2803,MS,ENG,720177.2581215324,1901267.961440846,10.002461918354618
2803,MS,GEO,325017.05089905736,858045.0143735114,4.514125706931351
2803,MS,MPS,2021718.5334744302,5337336.928372499,28.07942407603375
2803,MS,OIA,8703622.096500138,22977562.334760368,120.88364022916859
2803,MS,OISE,20183.465092001054,53284.34784288279,0.28032590405557023
2803,MS,OPP,65016.93510788575,171644.70868481835,0.9030129876095242
2803,MS,SBE,291336.0528473828,769127.1795170909,4.046334067324761
2803,MS,TIP,1166023.1799126142,3078301.194969303,16.194766387675195
2804,MS,BIO,487062.19401847775,1285844.1922087807,6.764752694701079
2804,MS,CSE,165667.8157161248,437363.0334905695,2.300941884946177
2804,MS,EDU,799211.5008919156,2109918.3623546585,11.10015973460994
2804,MS,ENG,395136.5828235728,1043160.5786542321,5.488008094771843
2804,MS,GEO,730526.9677881165,1928591.1949606268,10.146207885946062
2804,MS,MPS,1176830.9456780257,3106833.6965899887,16.34487424552814
2804,MS,OIA,2067712.601839064,5458761.268855128,28.718230581098116
2804,MS,OISE,15503.379808021864,40928.92269317772,0.21532471955585927
2804,MS,OPP,53768.12737657396,141947.8562741553,0.7467795468968605
2804,MS,SBE,43905.973388519844,115911.76974569238,0.6098051859516646
2804,MS,TIP,1846832.4263743719,4875637.605628342,25.650450366310725
2901,MO,BIO,6834573.153128083,18043273.124258135,94.92462712677887
2901,MO,CSE,3053902.028807028,8062301.356050557,42.41530595565319
2901,MO,EDU,3878630.9756866964,10239585.77581287,53.86987466231518
2901,MO,ENG,4050340.43071995,10692898.737100666,56.25472820444374
2901,MO,GEO,1075549.0338173169,2839449.449277716,14.938181025240507
2901,MO,MPS,3431516.367236504,9059203.209504368,47.65994954495144
2901,MO,OIA,302161.5284316565,797706.4350595732,4.196687894884119
2901,MO,OISE,85794.15568253683,226496.57100189713,1.191585495590789
2901,MO,OPP,229988.23938447336,607168.9519750096,3.194281102562129
2901,MO,SBE,1609722.4868877851,4249667.365383753,22.35725676233036
2901,MO,TIP,2081196.5267941998,5494358.8307366865,28.905507316586107
2902,MO,BIO,3668766.5517868493,9685543.696717286,50.955090997039576
2902,MO,CSE,1341685.9766677506,3542050.9784028637,18.634527453718764
2902,MO,EDU,1853514.680316234,4893278.756034859,25.743259448836575
2902,MO,ENG,1775140.6110358736,4686371.213134709,24.654730708831583
2902,MO,GEO,477384.38841284515,1260294.7854099108,6.630338727956182
2902,MO,MPS,1486791.4862747854,3925129.5237654345,20.649881753816466
2902,MO,OIA,268603.26071850373,709112.6082968499,3.7306008433125517
2902,MO,OISE,42301.42644647054,111675.76581868224,0.587519811756535
2902,MO,OPP,102664.97915978351,271035.5449818285,1.4259024883303264
2902,MO,SBE,697143.9370190871,1840459.9937303907,9.682554680820653
2902,MO,TIP,1135847.3906925097,2998637.1114282245,15.775658204062626
2903,MO,BIO,4627324.880610774,12216137.684812445,64.2684011195941
2903,MO,CSE,2026617.681563235,5350270.679326942,28.147467799489377
2903,MO,EDU,3231028.7851726543,8529915.992855811,44.87539979406466
2903,MO,ENG,2203288.7802992263,5816682.379989958,30.60123305971147
2903,MO,GEO,684045.5648474253,1805880.2911972022,9.500632845103128
2903,MO,MPS,1951400.976826375,5151698.57882163,27.102791344810754
2903,MO,OIA,1773607.3775351522,4682323.476692802,24.633435799099338
2903,MO,OISE,93853.68128553759,247773.71859381927,1.303523351188022
2903,MO,OPP,149555.53889432078,394826.6226810069,2.0771602624211223
2903,MO,SBE,1086482.7560317577,2868314.47592384,15.09003827821886
2903,MO,TIP,3329641.864347068,8790254.521876257,46.245025893709254
2904,MO,BIO,1932306.565861524,5101289.333874425,26.837591192521185
2904,MO,CSE,1002061.5365406176,2645442.456467231,13.917521340841917
2904,MO,EDU,1648922.6766135222,4353155.866259703,22.901703841854463
2904,MO,ENG,1154274.920438658,3047285.789958057,16.031596117203584
2904,MO,GEO,393355.5364493568,1038458.6162263021,5.4632713395743995
2904,MO,MPS,1042297.232193221,2751664.692990104,14.476350447128068
2904,MO,OIA,1186747.3560374926,3133013.019938981,16.482602167187398
2904,MO,OISE,54488.234606892715,143848.93936219678,0.7567810362068431
2904,MO,OPP,80420.87327916859,212311.1054570051,1.116956573321786
2904,MO,SBE,551335.5548574214,1455525.864823592,7.657438261908628
2904,MO,TIP,1776780.8946120322,4690701.561775765,24.677512425167116
2905,MO,BIO,446293.4546112949,1178214.720173819,6.198520202934652
2905,MO,CSE,184244.80551616792,486406.28656268324,2.5589556321689986
2905,MO,EDU,456136.92094770045,1204201.4713019289,6.335235013162501
2905,MO,ENG,262553.62016060145,693141.557223988,3.6465780577861313
2905,MO,GEO,155982.84839796473,411794.719770627,2.1664284499717334
2905,MO,MPS,261321.68869259147,689889.2581484416,3.629467898508214
2905,MO,OIA,761575.6037608419,2010559.5939286228,10.577438941122805
2905,MO,OISE,28144.64914511257,74301.8737430972,0.3908979047932303
2905,MO,OPP,30014.593626785252,79238.5271747131,0.4168693559275729
2905,MO,SBE,75841.69709460884,200222.08032976722,1.053356904091789
2905,MO,TIP,223929.5246201492,591173.9449971941,3.1101322863909613
2906,MO,BIO,976452.2109812156,2577833.8369904095,13.561836263627987
2906,MO,CSE,437578.8787299922,1155208.2398471802,6.07748442680545
2906,MO,EDU,603882.1135046071,1594248.7796521625,8.387251576452874
2906,MO,ENG,387118.2392291168,1021992.1515648684,5.376642211515512
2906,MO,GEO,151773.01181550548,400680.75119293446,2.107958497437576
2906,MO,MPS,425772.7787109421,1124040.1357968866,5.913510815429752
2906,MO,OIA,647849.5578077204,1710322.8326123815,8.997910525107228
2906,MO,OISE,29466.00733126743,77790.259354546,0.4092501018231587
2906,MO,OPP,37929.88133391314,100134.8867215307,0.5268039074154602
2906,MO,SBE,211971.77781804814,559605.4934396471,2.9440524696951136
2906,MO,TIP,552174.977118291,1457741.939592288,7.669096904420712
2907,MO,BIO,222112.16214167958,586376.1080540337,3.084891140856661
2907,MO,CSE,218991.3985110467,578137.2920691635,3.0415472015423144
2907,MO,EDU,925954.8500164985,2444520.8040435566,12.860484028006923
2907,MO,ENG,165638.36834342356,437285.29242663813,2.30053289365866
2907,MO,GEO,147686.5166755337,389892.4040234089,2.051201620493524
2907,MO,MPS,297622.85796959855,785724.3450397404,4.133650805133313
2907,MO,OIA,168019.75345373107,443572.14911785,2.3336076868573756
2907,MO,OISE,6055.641097008428,15986.89249610225,0.08410612634733927
2907,MO,OPP,38133.29861329807,100671.90833910693,0.5296291474069177
2907,MO,SBE,44725.378189634444,118074.99842063495,0.6211858081893673
2907,MO,TIP,505352.8137296817,1334131.4282463598,7.018789079578915
2908,MO,BIO,1203482.3491418185,3177193.401734401,16.715032626969705
2908,MO,CSE,1294790.7415442748,3418247.557676886,17.983204743670484
2908,MO,EDU,955360.6944138695,2522152.2332526157,13.268898533525967
2908,MO,ENG,2312656.197531329,6105412.36148271,32.12022496571289
2908,MO,GEO,494578.7896980007,1305688.0048027216,6.869149856916676
2908,MO,MPS,1800261.3941696167,4752690.08060779,25.003630474578014
2908,MO,OIA,160134.5496925956,422755.21118845243,2.2240909679527165
2908,MO,OISE,15010.581393802258,39627.93487963796,0.2084802971361425
2908,MO,OPP,28015.539007176478,73961.0229789459,0.38910470843300665
2908,MO,SBE,206759.6785582073,545845.5513936674,2.871662202197325
2908,MO,TIP,770393.0657011239,2033837.693450967,10.699903690293386
3001,MT,BIO,5288136.00171524,13960679.044528231,73.44633335715612
3001,MT,CSE,779196.2871279668,2057078.1980178314,10.822170654555087
3001,MT,EDU,6167360.695399528,16281832.235854764,85.65778743610458
3001,MT,ENG,4128474.7504287865,10899173.341131996,57.33992708928868
3001,MT,GEO,3241689.5235600034,8558060.342198411,45.023465605000055
3001,MT,MPS,6584389.695897671,17382788.797169857,91.44985688746765
3001,MT,OIA,13411669.60031875,35406807.74484151,186.273188893316
3001,MT,OISE,262188.93885034614,692178.7985649139,3.6415130395881405
3001,MT,OPP,2974127.681889528,7851697.0801883545,41.307328915132324
3001,MT,SBE,250250.12728040316,660660.3360202643,3.475696212227821
3001,MT,TIP,3795528.37509434,10020194.910249062,52.71567187631031
3002,MT,BIO,715989.4693057564,1890212.1989671972,9.944298184802177
3002,MT,CSE,138929.6234812705,366774.2059905541,1.9295781039065343
3002,MT,EDU,3252686.625488576,8587092.691289838,45.17620313178577
3002,MT,ENG,847079.9874052437,2236291.1667498434,11.764999825072831
3002,MT,GEO,554360.4809907753,1463511.6698156467,7.699451124871878
3002,MT,MPS,1226578.4113992,3238167.0060938895,17.03581126943333
3002,MT,OIA,1622680.244674232,4283875.845939973,22.537225620475454
3002,MT,OISE,17571.109306668503,46387.72856960486,0.2440431848148403
3002,MT,OPP,365381.78139055235,964607.9028710583,5.074746963757672
3002,MT,SBE,83192.93108764062,219629.33807137137,1.1554573762172313
3002,MT,TIP,739905.472447977,1953350.4472626606,10.2764648951108
3101,NE,BIO,4016841.9746554396,10604462.81309036,55.78947187021445
3101,NE,CSE,2761344.871832134,7289950.461636834,38.35201210877964
3101,NE,EDU,4366317.355390354,11527077.818230545,60.64329660264382
3101,NE,ENG,4785181.53903064,12632879.263040889,66.46085470875887
3101,NE,GEO,994014.249018484,2624197.6174087976,13.805753458590056
3101,NE,MPS,8802188.434135802,23237777.466118515,122.25261714077502
3101,NE,OIA,20155446.057190746,53210377.59098356,279.93675079431597
3101,NE,OISE,452607.2926082897,1194883.2524858848,6.286212397337358
3101,NE,OPP,366434.3337481697,967386.6410951681,5.089365746502358
3101,NE,SBE,791327.1545707675,2089103.6880668267,10.990654924593994
3101,NE,TIP,391608.47482620354,1033846.3735411775,5.439006594808383
3102,NE,BIO,1014825.0291252963,2679138.0768907834,14.094792071184672
3102,NE,CSE,526760.9225414974,1390648.8355095538,7.316123924187466
3102,NE,EDU,1296260.485584024,3422127.6819418236,18.003617855333665
3102,NE,ENG,462230.6593268266,1220288.9406228224,6.419870268428147
3102,NE,GEO,93867.11198026386,247809.17562789656,1.3037098886147755
3102,NE,MPS,936611.5300697904,2472654.4393842467,13.008493473191532
3102,NE,OIA,1640188.6011046045,4330097.906916156,22.78039723756395
3102,NE,OISE,34086.606452856984,89988.64103554246,0.47342508962301366
3102,NE,OPP,55295.387582544165,145979.8232179166,0.7679914942020023
3102,NE,SBE,217280.8851223584,573621.5367230261,3.0177900711438665
3102,NE,TIP,538136.0752226454,1420679.2385877839,7.474112155870078
3103,NE,BIO,715707.9225651417,1889468.9155719748,9.940387813404747
3103,NE,CSE,522005.65355567454,1378094.9253869806,7.25007852160659
3103,NE,EDU,1950723.85826262,5149910.985813321,27.093386920314174
3103,NE,ENG,897740.5662775073,2370035.0949726193,12.468618976076488
3103,NE,GEO,199028.9232480675,525436.3573748982,2.7642906006676036
3103,NE,MPS,1453854.4871128707,3838175.8459779783,20.192423432123196
3103,NE,OIA,2684112.0617329967,7086055.842975113,37.27933419073607
3103,NE,OISE,134548.41164131687,355207.8067330766,1.8687279394627343
3103,NE,OPP,62796.38391299229,165782.45353029968,0.8721719987915595
3103,NE,SBE,140604.96435084005,371197.10588621785,1.9528467270950007
3103,NE,TIP,101988.26490721646,269249.0193550515,1.4165036792668957
3201,NV,BIO,534977.8621908751,1412341.5561839098,7.430248085984377
3201,NV,CSE,374074.16543671006,987555.7967529148,5.195474519954306
3201,NV,EDU,1717064.772185451,4533050.998569591,23.84812183590905
3201,NV,ENG,358114.4759072973,945422.2163952651,4.973812165379129
3201,NV,GEO,395025.38796823507,1042867.0242361405,5.486463721781039
3201,NV,MPS,579490.8639138448,1529855.88073255,8.04848422102562
3201,NV,OIA,622308.636190715,1642894.799543488,8.643175502648822
3201,NV,OISE,31340.447633396005,82738.78175216544,0.4352839949082778
3201,NV,OPP,124959.23884826097,329892.39055940893,1.7355449840036248
3201,NV,SBE,113165.31236001122,298756.42463042965,1.5717404494446006
3201,NV,TIP,176328.52097119455,465507.2953639534,2.4490072357110324
3202,NV,BIO,4327881.276604934,11425606.570237022,60.10946217506851
3202,NV,CSE,2615588.987061934,6905154.925843506,36.32762482030463
3202,NV,EDU,1872811.4170228613,4944222.140940356,26.011269680873077
3202,NV,ENG,5030311.988345474,13280023.649232052,69.86544428257602
3202,NV,GEO,3849572.975447199,10162872.655180607,53.46629132565555
3202,NV,MPS,3162401.541447215,8348740.069420648,43.92224363121132
3202,NV,OIA,8769618.373330865,23151792.50559349,121.80025518515092
3202,NV,OISE,121928.42266102026,321891.0358250935,1.6934503147363926
3202,NV,OPP,2158589.4152516224,5698676.056264283,29.98040854516142
3202,NV,SBE,727814.9648548606,1921431.5072168321,10.10854117853973
3202,NV,TIP,873584.5921285043,2306263.3232192514,12.133119335118119
3203,NV,BIO,508341.80090681143,1342022.3543939826,7.060302790372381
3203,NV,CSE,334714.53500994405,883646.3724262521,4.6488129862492205
3203,NV,EDU,1403125.7916980716,3704252.090082909,19.48785821802877
3203,NV,ENG,334203.3074716001,882296.7317250245,4.641712603772224
3203,NV,GEO,342963.6368604909,905424.001311696,4.763383845284596
3203,NV,MPS,418315.6110477574,1104353.2131660797,5.8099390423299635
3203,NV,OIA,578897.1766321524,1528288.5463088825,8.04023856433545
3203,NV,OISE,27529.017490318067,72676.60617443969,0.3823474651433065
3203,NV,OPP,116557.0375498694,307710.5791316553,1.618847743748186
3203,NV,SBE,102272.33114974825,269998.95423533535,1.4204490437465038
3203,NV,TIP,173944.17397533258,459212.6192948779,2.415891305212952
3204,NV,BIO,310591.09337108815,819960.4864996728,4.313765185709556
3204,NV,CSE,414812.1871794712,1095104.1741538043,5.761280377492657
3204,NV,EDU,849027.5337394646,2241432.6890721875,11.792049079714792
3204,NV,ENG,274125.2866262497,723690.7566932987,3.807295647586799
3204,NV,GEO,229650.7153530815,606277.888532135,3.189593268792797
3204,NV,MPS,638101.2254721987,1684587.2352466045,8.862517020447205
3204,NV,OIA,289069.72379332513,763144.0708143783,4.0148572749072935
3204,NV,OISE,30356.52802766492,80141.23399303538,0.42161844482867944
3204,NV,OPP,71499.54481708226,188758.79831709713,0.9930492335705869
3204,NV,SBE,63994.80537195927,168946.28618197248,0.8888167412772121
3204,NV,TIP,217431.6274567703,574019.4964858736,3.0198837146773636
3301,NH,BIO,1506033.0500189888,3975927.252050131,20.91712569470817
3301,NH,CSE,1441463.966751784,3805464.872224712,20.02033287155256
3301,NH,EDU,2611893.7550281473,6895399.513274313,36.27630215316869
3301,NH,ENG,1165880.937523177,3077925.6750611872,16.192790798933007
3301,NH,GEO,4123358.7948925663,10885667.218516374,57.26887215128563
3301,NH,MPS,1806008.7408738572,4767863.0759069845,25.083454734359133
3301,NH,OIA,10483223.186254747,27675709.211712543,145.60032203131595
3301,NH,OISE,225945.09076960658,596495.0396317615,3.138126260688981
3301,NH,OPP,1491469.1843579875,3937478.646705088,20.714849782749827
3301,NH,SBE,405717.1225471731,1071093.2035245367,5.634960035377403
3301,NH,TIP,1619247.2035511509,4274812.6173750395,22.489544493765973
3302,NH,BIO,1626561.4460606424,4294122.217600098,22.591131195286696
3302,NH,CSE,2805145.951236747,7405585.311265017,38.96036043384372
3302,NH,EDU,3154300.9854653995,8327354.6016286565,43.80973590924165
3302,NH,ENG,1981449.1812022198,5231025.838373861,27.520127516697496
3302,NH,GEO,2891501.3127536452,7633563.465669621,40.159740454911734
3302,NH,MPS,3209313.5372448796,8472587.738326484,44.57379912840113
3302,NH,OIA,5072775.849437241,13392128.242514318,70.45522013107279
3302,NH,OISE,101902.20971075009,269021.8336363802,1.4153084682048624
3302,NH,OPP,8809010.091799371,23255786.642350342,122.34736238610235
3302,NH,SBE,1590770.0249611738,4199632.865897497,22.09402812446072
3302,NH,TIP,1659681.2666690368,4381558.544006261,23.051128703736634
3401,NJ,BIO,1816557.938429353,4795712.957453497,25.229971367074352
3401,NJ,CSE,1843931.5417478606,4867979.270214353,25.610160302053625
3401,NJ,EDU,2529346.36088054,6677474.392724625,35.12981056778525
3401,NJ,ENG,3218063.93554888,8495688.789849041,44.69533243817888
3401,NJ,GEO,674697.0093087172,1781200.1045750151,9.370791795954403
3401,NJ,MPS,3503108.5417575827,9248206.550240017,48.654285302188654
3401,NJ,OIA,207736.99458486217,548425.6657040362,2.8852360359008635
3401,NJ,OISE,86522.4104067882,228419.16347392087,1.201700144538725
3401,NJ,OPP,326893.76507144433,862999.5397886131,4.540191181547837
3401,NJ,SBE,625305.7227769389,1650807.108131119,8.684801705235262
3401,NJ,TIP,1227710.2095598509,3241154.9532380067,17.051530688331244
3402,NJ,BIO,868835.2713551342,2293725.116377555,12.067156546599087
3402,NJ,CSE,953400.0185989379,2516976.049101196,13.24166692498525
3402,NJ,EDU,1577960.8883614396,4165816.7452741996,21.916123449464436
3402,NJ,ENG,1337658.5680356405,3531418.619614092,18.57859122271724
3402,NJ,GEO,763189.3758195047,2014819.952163493,10.599852441937566
3402,NJ,MPS,1780339.4666549633,4700096.191969106,24.726937036874492
3402,NJ,OIA,239624.20637453435,632607.904828771,3.3281139774240898
3402,NJ,OISE,41734.57871775556,110179.2878148747,0.579646926635494
3402,NJ,OPP,236503.61111004115,624369.533330509,3.28477237652835
3402,NJ,SBE,243771.45497567282,643556.6411357764,3.385714652439902
3402,NJ,TIP,705299.4660310894,1861990.5903220763,9.79582591709847
3403,NJ,BIO,2312690.9597534747,6105504.133749173,32.120707774353825
3403,NJ,CSE,4356493.360361296,11501142.471353827,60.50685222724024
3403,NJ,EDU,3356092.275543216,8860083.607434088,46.61239271587801
3403,NJ,ENG,3145809.116570241,8304936.067745435,43.691793285697784
3403,NJ,GEO,1833942.4795325398,4841608.145965907,25.47142332684084
3403,NJ,MPS,8848995.853064526,23361349.05209034,122.90272018145176
3403,NJ,OIA,202283.33588357075,534028.0067326268,2.809490776160705
3403,NJ,OISE,162552.0766094585,429137.4822489704,2.2576677306869253
3403,NJ,OPP,1072841.3500626185,2832301.164165314,14.900574306425257
3403,NJ,SBE,1054870.1580274922,2784857.2171925795,14.650974417048507
3403,NJ,TIP,2726675.1899344474,7198422.501426946,37.87048874908952
3404,NJ,BIO,642527.724309678,1696273.192177548,8.923996170967742
3404,NJ,CSE,1139838.7859937237,3009174.3950234298,15.831094249912828
3404,NJ,EDU,1119584.6315856522,2955703.4273861204,15.54978654980071
3404,NJ,ENG,795504.159362675,2100130.9807174634,11.048668880037166
3404,NJ,GEO,672957.2911220656,1776607.2485622521,9.346629043362013
3404,NJ,MPS,1887781.4153327157,4983742.936478368,26.219186324065515
3404,NJ,OIA,116141.86350326402,306614.5196486171,1.613081437545333
3404,NJ,OISE,35308.52618004086,93214.50911530787,0.4903961969450118
3404,NJ,OPP,296331.45354692807,782315.0373638902,4.115714632596225
3404,NJ,SBE,274533.2045896174,724767.6601165899,3.8129611748557948
3404,NJ,TIP,718054.4500825021,1895663.7482178037,9.972978473368075
3405,NJ,BIO,906680.6291146929,2393636.860862789,12.592786515481842
3405,NJ,CSE,1870982.8715151576,4939394.78080002,25.985873215488304
3405,NJ,EDU,2017501.7286391952,5326204.563607477,28.020857342211052
3405,NJ,ENG,1335671.05480655,3526171.5846892926,18.550986872313192
3405,NJ,GEO,1955265.382279802,5161900.609218677,27.15646364277503
3405,NJ,MPS,2553834.1937922104,6742122.27161144,35.46991935822517
3405,NJ,OIA,160121.68341704417,422721.24422099657,2.2239122696811693
3405,NJ,OISE,65658.08675946468,173337.34904498668,0.9119178716592318
3405,NJ,OPP,574084.9478852164,1515584.2624169711,7.973402053961341
3405,NJ,SBE,547257.3382203653,1444759.3729017645,7.60079636417174
3405,NJ,TIP,1015304.9105706712,2680404.9639065736,14.10145709125931
3406,NJ,BIO,3123208.5716238483,8245270.629086958,43.37789682810897
3406,NJ,CSE,4337581.018344598,11451213.888429727,60.24418081034159
3406,NJ,EDU,2483319.850594507,6555964.405569503,34.49055348047923
3406,NJ,ENG,2520616.1298661088,6654426.582846528,35.00855735925154
3406,NJ,GEO,3187986.741041522,8416284.996349616,44.27759362557669
3406,NJ,MPS,4832889.646013274,12758828.665475033,67.12346730573992
3406,NJ,OIA,312036.54359209066,823776.4750831195,4.333840883223483
3406,NJ,OISE,49784.36620831852,131430.72678996093,0.6914495306710906
3406,NJ,OPP,1393638.8062712424,3679206.448556079,19.356094531545033
3406,NJ,SBE,825808.832359661,2180135.3174295058,11.469567116106404
3406,NJ,TIP,1532457.9151047815,4045688.8958766214,21.284137709788638
3407,NJ,BIO,1265848.4303533162,3341839.8561327537,17.581228199351617
3407,NJ,CSE,2359721.695021722,6229665.274857345,32.773912430857244
3407,NJ,EDU,1858367.7562992778,4906090.876630099,25.810663281934392
3407,NJ,ENG,1514839.5534994206,3999176.421238469,21.03943824304751
3407,NJ,GEO,1454147.419812948,3838949.1883061845,20.196491941846507
3407,NJ,MPS,3691299.66781209,9745031.123023925,51.26805094183459
3407,NJ,OIA,186249.95057598568,491699.8695206023,2.586804869110911
3407,NJ,OISE,63261.94674846124,167011.53941593773,0.8786381492841839
3407,NJ,OPP,634912.3283277912,1676168.546785369,8.818226782330433
3407,NJ,SBE,551291.093560078,1455408.486998606,7.6568207438899725
3407,NJ,TIP,1912015.2575950145,5047720.2800508365,26.55576746659743
3408,NJ,BIO,1361655.201627418,3594769.7322963853,18.911877800380825
3408,NJ,CSE,2953479.2090222556,7797185.111818752,41.020544569753525
3408,NJ,EDU,2176509.8641662067,5745986.041398785,30.229303668975085
3408,NJ,ENG,1924897.8702485482,5081730.377456169,26.734692642340953
3408,NJ,GEO,2111224.911472127,5573633.766286414,29.32256821489065
3408,NJ,MPS,2817462.0222221464,7438099.738666465,39.13141697530756
3408,NJ,OIA,268030.5678208844,707600.6990471352,3.7226467752900625
3408,NJ,OISE,55337.75893269437,146091.68358231313,0.7685799851763108
3408,NJ,OPP,670065.8656709279,1768973.8853712496,9.306470356540663
3408,NJ,SBE,652525.3215763215,1722666.848961489,9.062851688560023
3408,NJ,TIP,1352740.9151412933,3571236.0159730185,18.788068265851308
3409,NJ,BIO,695118.7968267293,1835113.6236225653,9.65442773370457
3409,NJ,CSE,1539768.3360916255,4064988.40728189,21.38567133460592
3409,NJ,EDU,1724965.705003015,4553909.461207963,23.957857013930756
3409,NJ,ENG,1084350.2577889166,2862684.6805627393,15.060420247068292
3409,NJ,GEO,1375770.5187090575,3632034.169391912,19.107923870959123
3409,NJ,MPS,1819386.425001471,4803180.162003882,25.269255902798207
3409,NJ,OIA,110016.34908826044,290443.1615930075,1.5280048484480613
3409,NJ,OISE,47811.08776333439,126221.27169520284,0.6640428856018665
3409,NJ,OPP,446621.8196875731,1179081.6039751933,6.2030808289940715
3409,NJ,SBE,475294.71445184044,1254778.0461528576,6.601315478497782
3409,NJ,TIP,858296.556651541,2265902.9095600713,11.920785509049175
3410,NJ,BIO,1535612.370966914,4054016.659352654,21.327949596762686
3410,NJ,CSE,2775220.9848802774,7326583.400083929,38.54473590111496
3410,NJ,EDU,2458673.863323716,6490898.999174621,34.1482481017183
3410,NJ,ENG,1920961.6390077504,5071338.726980462,26.680022763996526
3410,NJ,GEO,2413584.6481258133,6371863.471052151,33.52200900174743
3410,NJ,MPS,2858518.615396832,7546489.144647634,39.701647436067134
3410,NJ,OIA,193901.17490447298,511899.10174780875,2.6930718736732357
3410,NJ,OISE,56055.74725212488,147987.1727456097,0.778552045168401
3410,NJ,OPP,830829.3428144493,2193389.465030147,11.539296427978464
3410,NJ,SBE,681802.0985372338,1799957.540138297,9.469473590794923
3410,NJ,TIP,1769377.860793923,4671157.552495956,24.574692511026708
3411,NJ,BIO,868314.009021432,2292348.983816578,12.059916791964334
3411,NJ,CSE,2142011.9942027703,5654911.664695322,29.750166586149604
3411,NJ,EDU,2030055.717893247,5359347.095238173,28.195218304072842
3411,NJ,ENG,1412260.4001529454,3728367.456403777,19.614727779902026
3411,NJ,GEO,1425964.6078534245,3764546.56473304,19.805063997964226
3411,NJ,MPS,2247715.4301073966,5933968.735483531,31.218269862602753
3411,NJ,OIA,160713.46632414326,424283.5510957383,2.2321314767242124
3411,NJ,OISE,56004.26475982739,147851.25896594423,0.777837010553158
3411,NJ,OPP,549745.8983774995,1451329.1717165997,7.6353596996874975
3411,NJ,SBE,526926.88006121,1391086.9633615948,7.318428889739029
3411,NJ,TIP,1383178.1016442953,3651590.1883409405,19.210806967281886
3412,NJ,BIO,4462960.977044114,11782216.979396459,61.98556912561266
3412,NJ,CSE,8532589.071197074,22526035.147960305,118.5081815444038
3412,NJ,EDU,4878827.0198328905,12880103.332358837,67.76148638656795
3412,NJ,ENG,4816117.043890986,12714548.995872198,66.8905144984859
3412,NJ,GEO,4141075.123286028,10932438.32547511,57.51493226786146
3412,NJ,MPS,16191200.358581303,42744768.94665462,224.87778275807352
3412,NJ,OIA,370320.97086831456,977647.3630923504,5.143346817615479
3412,NJ,OISE,264346.8453097705,697875.6716177937,3.6714839626357003
3412,NJ,OPP,2284517.121383707,6031125.200452984,31.729404463662586
3412,NJ,SBE,1824237.9143495706,4815988.093882868,25.33663769929959
3412,NJ,TIP,4575395.9371437635,12079045.274059547,63.5471657936634
3501,NM,BIO,4644831.173110037,12262354.297010498,64.51154407097275
3501,NM,CSE,2231268.6672697095,5890549.281592031,30.98984260096817
3501,NM,EDU,5388581.205686962,14225854.383013584,74.84140563454119
3501,NM,ENG,4830299.3829438,12751990.37097163,67.08749142977496
3501,NM,GEO,2812943.5806747237,7426171.05298127,39.06866084270448
3501,NM,MPS,3235076.1233225423,8540600.96557151,44.93161282392421
3501,NM,OIA,8406433.901970893,22192985.501203157,116.75602641626239
3501,NM,OISE,83793.09259113234,221213.76444058932,1.1637929526546154
3501,NM,OPP,506835.8465786903,1338046.6349677427,7.039386758037365
3501,NM,SBE,848422.2254092935,2239834.675080535,11.783642019573517
3501,NM,TIP,1462981.6217922498,3862271.4815315395,20.319189191559023
3502,NM,BIO,3613801.37671014,9540435.634514771,50.19168578764082
3502,NM,CSE,2131438.9655771,5626998.869123545,29.603318966348603
3502,NM,EDU,6303209.434564474,16640472.907250218,87.54457548006216
3502,NM,ENG,2421188.6063546957,6391937.920776397,33.62761953270411
3502,NM,GEO,2864197.925392535,7561482.5230362965,39.780526741563
3502,NM,MPS,2748672.316437228,7256494.915394281,38.17600439496148
3502,NM,OIA,5503442.708559916,14529088.75059818,76.4367042855544
3502,NM,OISE,133528.62856227305,352515.57940440084,1.8545642855871256
3502,NM,OPP,369532.5897619433,975566.0369715305,5.132397080026991
3502,NM,SBE,859556.4571448686,2269229.0468624537,11.93828412701206
3502,NM,TIP,532213.1179994841,1405042.6315186373,7.391848861103947
3503,NM,BIO,964914.9735579316,2547375.5301929405,13.401596854971277
3503,NM,CSE,817881.365073629,2159206.8037943793,11.359463403800396
3503,NM,EDU,3563678.009326496,9408109.944621958,49.49552790731242
3503,NM,ENG,427672.75155549526,1129056.064106508,5.939899327159658
3503,NM,GEO,727950.1563632732,1921788.4127990406,10.11041883837879
3503,NM,MPS,1812368.6212996787,4784653.1602311535,25.171786406939972
3503,NM,OIA,633106.3454845365,1671400.752079177,8.793143687285232
3503,NM,OISE,169398.29868936876,447211.50853993354,2.3527541484634558
3503,NM,OPP,52071.165817759706,137467.87775888562,0.7232106363577736
3503,NM,SBE,399954.5226954435,1055879.9399159704,5.554923926325602
3503,NM,TIP,1448901.829224496,3825100.82915267,20.123636517006908
3601,NY,BIO,2113189.6505318647,5578820.677404122,29.349856257387014
3601,NY,CSE,6666838.216291357,17600452.891009185,92.59497522626886
3601,NY,EDU,3501079.516032987,9242849.922327077,48.62610438934702
3601,NY,ENG,2597211.265472955,6856637.7408486,36.07237868712438
3601,NY,GEO,3024706.7593956254,7985225.844804454,42.009816102717025
3601,NY,MPS,13811693.926165393,36462871.9650766,191.82908230785262
3601,NY,OIA,46448.56838974235,122624.22054891982,0.6451190054130882
3601,NY,OISE,123202.51850805646,325254.648861269,1.7111460903896734
3601,NY,OPP,1611237.933825289,4253668.145298761,22.378304636462346
3601,NY,SBE,1170350.3834903287,3089725.012414466,16.254866437365674
3601,NY,TIP,1730618.4479252233,4568832.702522586,24.036367332294745
3602,NY,BIO,1141644.5250340188,3013941.546089805,15.85617395880579
3602,NY,CSE,1860250.3932643807,4911061.038217964,25.83681101756084
3602,NY,EDU,1586780.187465642,4189099.694909296,22.038613714800594
3602,NY,ENG,825030.1679088306,2178079.643279313,11.458752332067096
3602,NY,GEO,1332284.0554549922,3517229.9064011797,18.503945214652674
3602,NY,MPS,3481705.128336079,9191701.538807249,48.35701567133442
3602,NY,OIA,55111.256427315624,145493.7169681133,0.7654341170460504
3602,NY,OISE,56966.89837731533,150392.61171611247,0.791206921907157
3602,NY,OPP,491594.3779951303,1297809.157907144,6.82769969437681
3602,NY,SBE,443844.87030555727,1171750.4576066711,6.164512087577182
3602,NY,TIP,757347.3764655513,1999397.0738690563,10.518713562021546
3603,NY,BIO,2478134.0282669594,6542273.834624778,34.41852817037445
3603,NY,CSE,1674750.0255607166,4421340.06748029,23.260417021676624
3603,NY,EDU,2417214.977857147,6381447.54154287,33.57243024801593
3603,NY,ENG,953892.0814821135,2518275.09511278,13.248501131696024
3603,NY,GEO,2486037.1067631063,6563137.9618546,34.528293149487574
3603,NY,MPS,2893593.3408148712,7639086.419751254,40.188796400206535
3603,NY,OIA,30207.0762215579,79746.68122491284,0.4195427252994152
3603,NY,OISE,97213.388239036,256643.34495105507,1.3501859477643887
3603,NY,OPP,621332.5723302799,1640317.9909519386,8.629619060142774
3603,NY,SBE,545411.2991582219,1439885.829777707,7.575156932753087
3603,NY,TIP,862865.2868741354,2277964.3573477175,11.984240095474107
3604,NY,BIO,1474818.1860676552,3893520.011218609,20.48358591760631
3604,NY,CSE,1448739.8306240726,3824673.1528475517,20.121386536445456
3604,NY,EDU,2248440.9700341458,5935884.160890145,31.228346806029794
3604,NY,ENG,863185.9706518698,2278810.962520936,11.988694036831514
3604,NY,GEO,2685841.659695603,7090621.981596392,37.30335638466118
3604,NY,MPS,2524251.911557849,6664025.046512725,35.05905432719236
3604,NY,OIA,70977.82819077393,187381.4664236432,0.9858031693163046
3604,NY,OISE,113626.43341960675,299973.7842277619,1.5781449086056494
3604,NY,OPP,597630.7655262018,1577745.2209891733,8.300427298975025
3604,NY,SBE,512048.0078106714,1351806.7406201733,7.11177788625933
3604,NY,TIP,781392.783329186,2062876.94798905,10.852677546238686
3605,NY,BIO,1116967.17830101,2948793.3507146663,15.513433031958463
3605,NY,CSE,1254568.826487734,3312061.7019276163,17.42456703455185
3605,NY,EDU,1929549.0119906007,5094009.391655192,26.799291833202787
3605,NY,ENG,801001.1415484711,2114643.0136879636,11.125015854839873
3605,NY,GEO,2262639.4608255248,5973368.176579386,31.425548067021168
3605,NY,MPS,2317329.5942627355,6117750.128853622,32.18513325364914
3605,NY,OIA,30301.331694049626,79995.51567229099,0.42085182908402263
3605,NY,OISE,91754.09248135501,242230.80415077726,1.2743623955743748
3605,NY,OPP,479450.1505299421,1265748.3973990479,6.659029868471421
3605,NY,SBE,498332.82782926696,1315598.6654692646,6.921289275406485
3605,NY,TIP,995779.2538048279,2628857.2300447477,13.830267413955937
3606,NY,BIO,1394881.2561152535,3682486.5161442677,19.373350779378523
3606,NY,CSE,1791943.5759457736,4730731.040496843,24.888105221469083
3606,NY,EDU,2448240.944228029,6463356.092761997,34.00334644761152
3606,NY,ENG,1072776.3992669282,2832129.6940646903,14.899672212040668
3606,NY,GEO,2541751.646811987,6710224.347583645,35.302106205722026
3606,NY,MPS,3051616.8929722193,8056268.597446661,42.383567957947484
3606,NY,OIA,46800.12443965589,123552.32852069155,0.6500017283285542
3606,NY,OISE,103335.20852050988,272804.950494146,1.4352112294515253
3606,NY,OPP,583250.6142409842,1539781.6215961983,8.100702975569224
3606,NY,SBE,677367.6621718922,1788250.628133796,9.40788419683184
3606,NY,TIP,1347266.6617003598,3556783.9868889498,18.71203696806056
3607,NY,BIO,1327090.2982118118,3503518.387279185,18.43180969738628
3607,NY,CSE,2129788.538213291,5622641.740883087,29.580396364073486
3607,NY,EDU,2492056.965962904,6579030.39014207,34.61190230504034
3607,NY,ENG,1121965.6841221729,2961989.406082537,15.582856723919068
3607,NY,GEO,2186288.617440601,5771801.950043188,30.365119686675015
3607,NY,MPS,2949649.0684807682,7787073.540789227,40.96734817334402
3607,NY,OIA,50613.46494703636,133619.547460176,0.7029647909310606
3607,NY,OISE,103095.28839982038,272171.5613755258,1.43187900555306
3607,NY,OPP,521546.7098050886,1376883.3138854345,7.243704302848453
3607,NY,SBE,814555.0853318577,2150425.4252761034,11.313265074053579
3607,NY,TIP,1703309.367879337,4496736.731201457,23.657074553879703
3608,NY,BIO,1037566.2299196937,2739174.846987993,14.410642082217976
3608,NY,CSE,1507482.0494518909,3979752.6105529913,20.937250686831813
3608,NY,EDU,1874873.246470368,4949665.370681774,26.03990620097732
3608,NY,ENG,844750.4131999839,2230141.0908479565,11.732644627777551
3608,NY,GEO,1959843.8615821134,5173987.794576784,27.2200536330849
3608,NY,MPS,2504665.0879250425,6612315.832122115,34.78701511007004
3608,NY,OIA,45519.641493313626,120171.853542348,0.6322172429626892
3608,NY,OISE,80429.01914620558,212332.6105459827,1.1170697103639662
3608,NY,OPP,452201.4935319233,1193811.942924278,6.28057629905449
3608,NY,SBE,630253.2818877508,1663868.664183663,8.753517803996537
3608,NY,TIP,1414135.8715177488,3733318.70080686,19.64077599330207
3609,NY,BIO,1040912.5283316713,2748009.074795613,14.457118449050988
3609,NY,CSE,1574429.3814849672,4156493.5671203113,21.867074742846754
3609,NY,EDU,1888593.3148153727,4985886.351112585,26.23046270576907
3609,NY,ENG,830640.6698208423,2192891.3683270235,11.536675969733924
3609,NY,GEO,1761607.427997004,4650643.609912092,24.466769833291718
3609,NY,MPS,2231492.4041204,5891139.9468778595,30.992950057227784
3609,NY,OIA,39485.40142846656,104241.45977115171,0.5484083531731467
3609,NY,OISE,80010.85709487426,211228.66273046806,1.1112619040954756
3609,NY,OPP,415735.36669608136,1097541.3680776549,5.774102315223352
3609,NY,SBE,717564.5137126778,1894370.3162014699,9.966173801564974
3609,NY,TIP,1530484.7916145206,4040479.8498623325,21.256733216868355
3610,NY,BIO,1566084.2549863001,4134462.4331638343,21.75117020814305
3610,NY,CSE,3335224.293129928,8804992.133863011,46.32255962680456
3610,NY,EDU,3274931.6523748804,8645819.562269682,45.485161838540016
3610,NY,ENG,1582412.8640599262,4177569.961118207,21.97795644527676
3610,NY,GEO,1831932.6423151293,4836302.175711938,25.44350892104346
3610,NY,MPS,3661589.588713779,9666596.514204377,50.855410954358064
3610,NY,OIA,97601.31466794401,257667.47072337216,1.3555738148325556
3610,NY,OISE,143247.42515066365,378173.2023977521,1.9895475715369941
3610,NY,OPP,544400.0129781273,1437216.0342622562,7.561111291362882
3610,NY,SBE,1220945.7597780582,3223296.8058140753,16.957579996917477
3610,NY,TIP,1941515.821311698,5125601.768262883,26.965497518218
3611,NY,BIO,882330.5786948203,2329352.7277543256,12.254591370761398
3611,NY,CSE,1468016.0045843387,3875562.2521026516,20.389111174782478
3611,NY,EDU,1763090.5026494113,4654558.926994448,24.487368092352916
3611,NY,ENG,772837.8198368965,2040291.8443694068,10.733858608845786
3611,NY,GEO,1429890.8376463884,3774911.811386468,19.859594967310947
3611,NY,MPS,2189000.743321607,5778961.962369045,30.402788101688976
3611,NY,OIA,59279.271484875666,156497.2767200717,0.8233232150677174
3611,NY,OISE,81180.33983003676,214316.09715129714,1.1275047198616217
3611,NY,OPP,461687.8567776584,1218855.9418930179,6.412331344134144
3611,NY,SBE,619064.9735655385,1634331.5302130221,8.598124632854708
3611,NY,TIP,1186637.0235247433,3132721.7421053224,16.481069771176983
3612,NY,BIO,1778048.1607961315,4694047.144501784,24.695113344390705
3612,NY,CSE,2875200.909004431,7590530.399771696,39.93334595839484
3612,NY,EDU,3446845.1874204963,9099671.294790111,47.87284982528471
3612,NY,ENG,1517195.3045830783,4005395.6040993268,21.07215700809831
3612,NY,GEO,2569447.571741212,6783341.589396799,35.686771829739044
3612,NY,MPS,3641481.6535209445,9613511.565295286,50.5761340766798
3612,NY,OIA,105167.32674135914,277641.7425971882,1.4606573158522103
3612,NY,OISE,135713.43512949083,358283.4687418557,1.8849088212429281
3612,NY,OPP,627493.3760505932,1656582.5127735669,8.715185778480468
3612,NY,SBE,1041101.5497724165,2748508.0913991784,14.459743746839122
3612,NY,TIP,1957254.3492333707,5167151.481976094,27.184088183796803
3613,NY,BIO,2927993.9780817633,7729904.1021358585,40.666583028913365
3613,NY,CSE,3752775.8427269673,9907328.224799188,52.121886704541204
3613,NY,EDU,4778372.595055153,12614903.650945602,66.3662860424326
3613,NY,ENG,2607013.428979496,6882515.452505869,36.208519846937456
3613,NY,GEO,8645116.2945473,22823107.01760488,120.07105964649037
3613,NY,MPS,7540869.721814154,19907896.065589387,104.73430169186322
3613,NY,OIA,73185.97197644383,193210.9660178118,1.0164718330061646
3613,NY,OISE,218354.7235448759,576456.4701584722,3.032704493678831
3613,NY,OPP,1865382.4347556648,4924609.6277549565,25.908089371606454
3613,NY,SBE,1415592.6742319278,3737164.659972288,19.661009364332315
3613,NY,TIP,1626348.9545638133,4293561.2400484625,22.588179924497407
3614,NY,BIO,1863576.7879004276,4919842.720057128,25.883010943061485
3614,NY,CSE,2267689.8717300263,5986701.261367268,31.495692662917016
3614,NY,EDU,2943636.2192892395,7771199.618923591,40.88383637901719
3614,NY,ENG,1499148.3071150114,3957751.530783631,20.821504265486276
3614,NY,GEO,4397726.550475807,11609998.093256135,61.07953542327512
3614,NY,MPS,4157368.8752922975,10975453.830771672,57.74123437905969
3614,NY,OIA,61267.556925516954,161746.35028336477,0.8509382906321799
3614,NY,OISE,156298.38163904316,412627.72752707393,2.170810856097822
3614,NY,OPP,961940.8549367101,2539523.8570329137,13.36028965189875
3614,NY,SBE,868343.864515407,2292427.802320674,12.060331451602872
3614,NY,TIP,1222523.6048475592,3227462.3167975596,16.97949451177166
3615,NY,BIO,2063875.8375100337,5448632.211026487,28.664942187639365
3615,NY,CSE,2205194.7431553486,5821714.121930119,30.627704766046495
3615,NY,EDU,3104124.9762355546,8194889.937261863,43.112846892160476
3615,NY,ENG,1651039.3755912946,4358743.951561021,22.93110243876799
3615,NY,GEO,5772985.23014869,15240681.007592544,80.1803504187318
3615,NY,MPS,4833289.847854604,12759885.198336152,67.12902566464727
3615,NY,OIA,68807.69027761732,181652.30233290975,0.9556623649669073
3615,NY,OISE,165342.48809069762,436504.1685594418,2.296423445704134
3615,NY,OPP,1225982.455769364,3236593.683231122,17.027534107907837
3615,NY,SBE,873219.785139161,2305300.232767385,12.128052571377234
3615,NY,TIP,1103260.2968308213,2912607.1836333694,15.323059678205858
3616,NY,BIO,1226006.1264253429,3236656.173762906,17.027862867018648
3616,NY,CSE,1258778.9879492242,3323176.5281859506,17.483041499294774
3616,NY,EDU,2294709.1258464335,6058032.092234586,31.870960081200494
3616,NY,ENG,723510.1284874586,1910066.7392068908,10.048751784548038
3616,NY,GEO,1859794.8662950525,4909858.447018935,25.83048425409796
3616,NY,MPS,1957148.6282241228,5166872.378511684,27.18261983644615
3616,NY,OIA,62645.37528367807,165383.79074891016,0.870074656717751
3616,NY,OISE,74721.9825702742,197266.03398552386,1.0378053134760306
3616,NY,OPP,400004.1455598677,1056010.9442780507,5.55561313277594
3616,NY,SBE,490807.8878432063,1295732.823906064,6.81677622004453
3616,NY,TIP,839960.8819965279,2217496.728470835,11.666123361062883
3617,NY,BIO,1098128.7754614146,2899059.9672181364,15.251788548075208
3617,NY,CSE,1380095.7606968586,3643452.808239707,19.167996676345254
3617,NY,EDU,2111253.258964051,5573708.603665098,29.322961930056266
3617,NY,ENG,770487.7296508758,2034087.6062783124,10.701218467373277
3617,NY,GEO,1373680.2543958616,3626515.8716050754,19.07889242216474
3617,NY,MPS,1874616.8771684375,4948988.555724675,26.036345516228305
3617,NY,OIA,221047.97379520626,583566.6508193444,3.070110747155643
3617,NY,OISE,64094.11998812482,169208.47676864953,0.890196110946178
3617,NY,OPP,365842.6587116869,965824.6189988537,5.08114803766232
3617,NY,SBE,629368.7070724311,1661533.3866712179,8.741232042672655
3617,NY,TIP,1031589.7984459227,2723397.067897236,14.327636089526711
3618,NY,BIO,3094832.0602089516,8170356.638951637,42.983778614013275
3618,NY,CSE,757192.4166487907,1998987.979952808,10.516561342344316
3618,NY,EDU,1601027.050809956,4226711.4141382845,22.236486816804945
3618,NY,ENG,583678.9796790857,1540912.506352786,8.106652495542855
3618,NY,GEO,1162305.5089943807,3068486.543745163,16.14313206936639
3618,NY,MPS,1301351.047808424,3435566.7662142445,18.074320108450348
3618,NY,OIA,86768.08021864838,229067.7317772317,1.2051122252590054
3618,NY,OISE,45067.443580210624,118978.051051756,0.6259367163918139
3618,NY,OPP,451590.61773669836,1192199.2308248843,6.272091913009702
3618,NY,SBE,351805.04378717096,928765.315598132,4.886181163710709
3618,NY,TIP,790034.1406592841,2085690.1313405102,10.972696398045617
3619,NY,BIO,18345110.51513576,48431091.75995843,254.79320159910793
3619,NY,CSE,15269998.748996742,40312796.6973514,212.08331595828813
3619,NY,EDU,8249861.6676640725,21779634.802633155,114.58141205088991
3619,NY,ENG,13090990.842025314,34560215.82294684,181.8193172503516
3619,NY,GEO,5575637.765355061,14719683.700537365,77.43941340770922
3619,NY,MPS,46803660.85279953,123561664.65139064,650.0508451777711
3619,NY,OIA,336987.9393390307,889648.1598550412,4.680388046375426
3619,NY,OISE,645520.5080972166,1704174.1413766518,8.96556261246134
3619,NY,OPP,1596871.107046914,4215739.722603852,22.17876537565158
3619,NY,SBE,3326461.8864929522,8781859.380341396,46.20085953462435
3619,NY,TIP,12000498.519287042,31681316.09091778,166.67359054565338
3620,NY,BIO,1570390.4562414573,4145830.804477447,21.810978558909135
3620,NY,CSE,2282760.6077030376,6026488.004336017,31.705008440319954
3620,NY,EDU,2687561.4824990216,7095162.31379742,37.32724281248645
3620,NY,ENG,3672602.4132703976,9695670.371033851,51.00836685097773
3620,NY,GEO,2565359.009305199,6772547.784565727,35.62998624034998
3620,NY,MPS,3672488.0085334885,9695368.34252841,51.00677789629845
3620,NY,OIA,81317.65938847166,214678.6207855652,1.129411935950995
3620,NY,OISE,385654.24594710866,1018127.2093003665,5.356308971487619
3620,NY,OPP,228800.39817220997,604033.0511746344,3.177783307947361
3620,NY,SBE,789119.2263426335,2083274.7575445522,10.959989254758796
3620,NY,TIP,2308800.4563367944,6095233.204729135,32.066673004677696
3621,NY,BIO,841625.8289373637,2221892.188394643,11.689247624130047
3621,NY,CSE,1201675.786320019,3172424.0758848516,16.68994147666693
3621,NY,EDU,1062091.3181958706,2803921.0800371016,14.751268308276
3621,NY,ENG,2170527.3480597488,5730192.198877738,30.146213167496516
3621,NY,GEO,841459.6840931383,2221453.5660058833,11.686940056849135
3621,NY,MPS,1359015.433089437,3587800.7433561124,18.875214348464397
3621,NY,OIA,283814.5722388948,749270.4707106824,3.9418690588735394
3621,NY,OISE,81424.38982849725,214960.38914723272,1.130894303173573
3621,NY,OPP,118892.64759859329,313876.58966028644,1.6512867722026852
3621,NY,SBE,260852.4500349233,688650.4680921979,3.6229506949294903
3621,NY,TIP,1531425.6500991299,4042963.716261706,21.269800695821264
3622,NY,BIO,3558283.2206900227,9393867.70262166,49.42060028736142
3622,NY,CSE,4062275.563743312,10724407.488282342,56.42049394087933
3622,NY,EDU,3143358.186138238,8298465.61140495,43.6577525852533
3622,NY,ENG,3626237.458067362,9573266.889297836,50.36440913982448
3622,NY,GEO,2769947.6657034843,7312661.837457198,38.471495356992854
3622,NY,MPS,10578148.259933334,27926311.406223997,146.91872583240738
3622,NY,OIA,312206.9980448329,824226.4748383586,4.336208306178234
3622,NY,OISE,103488.73030192961,273210.24799709424,1.4373434764156892
3622,NY,OPP,680771.8090803486,1797237.5759721205,9.455164015004838
3622,NY,SBE,2176566.756742896,5746136.237801246,30.230093843651343
3622,NY,TIP,2870353.688199466,7577733.736846596,39.86602344721482
3623,NY,BIO,3158080.1036247886,8337331.47356944,43.862223661455424
3623,NY,CSE,3804328.49336868,10043427.222493315,52.837895741231684
3623,NY,EDU,2813562.303292269,7427804.480691593,39.077254212392624
3623,NY,ENG,3088242.0379939387,8152958.980303997,42.89225052769361
3623,NY,GEO,1007229.9761711397,2659087.1370918094,13.989305224599166
3623,NY,MPS,7279013.816207285,19216596.474787224,101.09741411399006
3623,NY,OIA,43923.67907155388,115958.51274890226,0.610051098216026
3623,NY,OISE,194535.00358960358,513572.4094765536,2.701875049855606
3623,NY,OPP,564235.5118051941,1489581.7511657123,7.836604330627695
3623,NY,SBE,835302.209360339,2205197.832711294,11.601419574449151
3623,NY,TIP,2645257.076609492,6983478.682249059,36.73968161957629
3624,NY,BIO,2269699.419275067,5992006.466886174,31.52360304548703
3624,NY,CSE,2960539.753741236,7815824.9498768635,41.1186076908505
3624,NY,EDU,2919159.0911552943,7706580.000649981,40.543876266045764
3624,NY,ENG,2327630.027299223,6144943.272069948,32.32819482360032
3624,NY,GEO,1432178.0977212202,3780950.1779840235,19.89136246835029
3624,NY,MPS,6640772.549818861,17531639.53152179,92.23295208081747
3624,NY,OIA,54239.78890709761,143193.0427147377,0.7533304014874667
3624,NY,OISE,166091.81636547978,438482.3952048665,2.3068307828538854
3624,NY,OPP,429598.78098070313,1134140.7817890558,5.966649735843097
3624,NY,SBE,1015664.3439674643,2681353.8680741065,14.106449221770344
3624,NY,TIP,2333991.8469394743,6161738.475920215,32.41655342971493
3625,NY,BIO,1596976.9492764103,4216019.146089724,22.180235406616806
3625,NY,CSE,4627842.935067646,12217505.348578595,64.275596320384
3625,NY,EDU,7180858.283420195,18957465.86822933,99.73414282528056
3625,NY,ENG,3533696.196735899,9328957.959382774,49.07911384355417
3625,NY,GEO,1825484.2725433991,4819278.479514574,25.353948229769433
3625,NY,MPS,11610769.376078201,30652431.15284646,161.2606857788639
3625,NY,OIA,22969.450473909368,60639.349251120744,0.3190201454709636
3625,NY,OISE,361248.39665929513,953695.7671805391,5.017338842490211
3625,NY,OPP,646480.5000498563,1706708.520131621,8.978895834025781
3625,NY,SBE,1755979.8558873862,4635786.819542697,24.38860910954703
3625,NY,TIP,5180880.071301881,13677523.388236992,71.95666765697062
3626,NY,BIO,2070083.515791256,5465020.481688913,28.751159941545207
3626,NY,CSE,4715096.8884545565,12447855.785520036,65.48745678409107
3626,NY,EDU,3371252.8349695746,8900107.484319674,46.82295604124408
3626,NY,ENG,3430610.081486779,9056810.615125101,47.64736224287192
3626,NY,GEO,666337.8015339192,1759131.7960495471,9.254691687971103
3626,NY,MPS,2754457.085459145,7271766.705612139,38.256348409154754
3626,NY,OIA,12266.387818667958,32383.263841283402,0.1703664974814994
3626,NY,OISE,287876.5233707173,759994.0216986936,3.9982850468155178
3626,NY,OPP,887826.0689361104,2343860.821991333,12.330917624112649
3626,NY,SBE,1033859.6077553757,2729389.3644741927,14.359161218824669
3626,NY,TIP,2896368.587482099,7646413.070952734,40.22734149280688
3701,NC,BIO,911074.8144200589,2405237.510068954,12.653816866945261
3701,NC,CSE,1005353.1188178395,2654132.2336790957,13.963237761358878
3701,NC,EDU,2651319.003217635,6999482.168494557,36.82387504468938
3701,NC,ENG,1382245.1276761808,3649127.1370651172,19.197848995502504
3701,NC,GEO,811925.5767311226,2143483.522570163,11.276744121265585
3701,NC,MPS,1332107.7890530918,3516764.563100161,18.501497070181834
3701,NC,OIA,32681.209074941995,86278.39195784688,0.4539056815964166
3701,NC,OISE,62859.02742743774,165947.8324084356,0.873042047603302
3701,NC,OPP,166020.95402475054,438295.3186253414,2.305846583677091
3701,NC,SBE,305472.21862997866,806446.6571831435,4.2426697031941485
3701,NC,TIP,530996.6348684817,1401831.1160527915,7.374953262062245
3702,NC,BIO,4255861.020095954,11235473.093053315,59.109180834666034
3702,NC,CSE,6230125.617734712,16447531.630819649,86.52952246853762
3702,NC,EDU,9099729.333796492,24023285.441222757,126.38512963606243
3702,NC,ENG,8663794.145171586,22872416.543252993,120.33047423849425
3702,NC,GEO,2179340.50281746,5753458.927438096,30.268618094686946
3702,NC,MPS,6591290.9340732545,17401008.06595339,91.5457074176841
3702,NC,OIA,96678.30137269686,255230.71562391974,1.3427541857319008
3702,NC,OISE,441028.7286722663,1164315.843694783,6.1253990093370305
3702,NC,OPP,84058.82374727442,221915.29469280448,1.167483663156589
3702,NC,SBE,1101360.3911765013,2907591.4327059626,15.296672099673625
3702,NC,TIP,3859371.940315564,10188741.92243309,53.602388059938335
3703,NC,BIO,1032028.0247596877,2724553.9853655747,14.333722566106772
3703,NC,CSE,682769.9404691154,1802512.6428384641,9.482915839848825
3703,NC,EDU,1947816.7682324206,5142236.268133591,27.053010669894725
3703,NC,ENG,826464.7783806202,2181867.014924837,11.478677477508612
3703,NC,GEO,1415358.9351661052,3736547.5888385177,19.657762988418128
3703,NC,MPS,1014258.0043977869,2677641.131610158,14.08691672774704
3703,NC,OIA,36174.51662077056,95500.72387883428,0.5024238419551468
3703,NC,OISE,36599.89588718279,96623.72514216256,0.5083318873219834
3703,NC,OPP,158451.0534285057,418310.7810512549,2.200709075395911
3703,NC,SBE,500578.5668665598,1321527.416527718,6.952480095368885
3703,NC,TIP,479179.11564279464,1265032.8652969792,6.65526549503882
3704,NC,BIO,10477746.985459926,27661252.041614234,145.52426368694353
3704,NC,CSE,14123354.904011752,37285656.946591035,196.15770700016313
3704,NC,EDU,13307955.345567709,35133002.11229874,184.83271313288478
3704,NC,ENG,8343605.830430351,22027119.392336138,115.88341431153263
3704,NC,GEO,4748034.671786701,12534811.533516895,65.94492599703753
3704,NC,MPS,19148537.475716315,50552138.93589112,265.9519093849488
3704,NC,OIA,316571.00474219804,835747.452519403,4.3968195103083065
3704,NC,OISE,970843.167789951,2563025.9629654703,13.483932885971544
3704,NC,OPP,216026.61451589252,570310.2623219565,3.0003696460540636
3704,NC,SBE,4308074.336024043,11373316.24710348,59.83436577811174
3704,NC,TIP,4589091.7584459,12115202.242297174,63.73738553397081
3705,NC,BIO,1442428.9296327587,3808012.374230484,20.033735133788323
3705,NC,CSE,1383291.9826191652,3651890.8341145962,19.21238864748841
3705,NC,EDU,3216204.299793131,8490779.351453867,44.66950416379346
3705,NC,ENG,1254726.5718048022,3312478.14956468,17.42675794173337
3705,NC,GEO,763466.9018568938,2015552.6209021995,10.60370697023463
3705,NC,MPS,2137627.651716422,5643337.000531352,29.68927294050585
3705,NC,OIA,77465.59188078328,204509.16256526785,1.0759109983442119
3705,NC,OISE,61076.970643962486,161243.202500061,0.8482912589439233
3705,NC,OPP,95238.0023824879,251428.32628976798,1.3227500330901094
3705,NC,SBE,761874.0623026227,2011347.5244789247,10.581584198647537
3705,NC,TIP,1661065.6971202767,4385213.440397534,23.070356904448307
3706,NC,BIO,1081933.471079338,2856304.363649452,15.026853764990815
3706,NC,CSE,1112837.719656421,2937891.5798929506,15.456079439672513
3706,NC,EDU,2545750.2003048356,6720780.52880477,35.357641670900485
3706,NC,ENG,1219505.8014924973,3219495.3159401934,16.937580576284677
3706,NC,GEO,387408.65292114153,1022758.8437118136,5.380675735015854
3706,NC,MPS,1672296.3228474013,4414862.292317138,23.22633781732501
3706,NC,OIA,60571.985723695216,159910.04231055538,0.8412775794957669
3706,NC,OISE,63956.522535287695,168845.21949315956,0.8882850352123293
3706,NC,OPP,70692.51075495112,186628.22839307092,0.9818404271520985
3706,NC,SBE,451179.3774657369,1191113.5565095453,6.26638024257968
3706,NC,TIP,1966245.789072396,5190888.883151124,27.308969292672145
3707,NC,BIO,769351.6915940336,2031088.4658082484,10.685440161028241
3707,NC,CSE,540057.4604659426,1425751.6956300882,7.500798062026978
3707,NC,EDU,1447373.3867074414,3821065.740907647,20.102408148714474
3707,NC,ENG,534755.3431794344,1411754.1059937072,7.427157544158814
3707,NC,GEO,1029474.6541018289,2717813.0868288274,14.29825908474762
3707,NC,MPS,725298.9037279192,1914789.1058417081,10.073595885109995
3707,NC,OIA,63924.084573782,168759.5832747844,0.8878345079691944
3707,NC,OISE,24976.933786960417,65939.1051975755,0.34690185815222796
3707,NC,OPP,581251.9322607624,1534505.1011684132,8.072943503621703
3707,NC,SBE,308913.62289901735,815531.9644534055,4.290466984708573
3707,NC,TIP,836371.6389089793,2208021.126719706,11.616272762624707
3708,NC,BIO,661515.7465490702,1746401.5708895454,9.18771870207042
3708,NC,CSE,929780.4728615722,2454620.4483545506,12.913617678632948
3708,NC,EDU,1601718.1221126833,4228535.842377482,22.246085029342815
3708,NC,ENG,1156605.0382073792,3053437.3008674826,16.063958863991385
3708,NC,GEO,281915.5342290024,744257.0103645667,3.9154935309583676
3708,NC,MPS,961041.414801784,2537149.33507671,13.347797427802561
3708,NC,OIA,57940.036801716924,152961.69715653267,0.8047227333571793
3708,NC,OISE,65684.8440639392,173407.9883287995,0.9122895008880443
3708,NC,OPP,106333.96471979572,280721.6668602607,1.4768606211082735
3708,NC,SBE,322025.7557391167,850147.9951512679,4.472579940821063
3708,NC,TIP,1114686.738872905,2942772.990624471,15.481760262123686
3709,NC,BIO,1701717.6499405,4492534.595842922,23.634967360284723
3709,NC,CSE,2000099.0862773922,5280261.587772316,27.779153976074898
3709,NC,EDU,3372423.0116782165,8903196.750830488,46.83920849553078
3709,NC,ENG,1613423.9568749885,4259439.246149971,22.408666067708168
3709,NC,GEO,863986.3356853173,2280923.9262092398,11.99981021785163
3709,NC,MPS,2646883.744715078,6987773.086047812,36.76227423215387
3709,NC,OIA,82830.70169946343,218673.0524865835,1.1504264124925478
3709,NC,OISE,130890.57046838076,345551.1060365252,1.8179245898386218
3709,NC,OPP,86042.48105103965,227152.14997474462,1.1950344590422173
3709,NC,SBE,628733.6733271715,1659856.8975837333,8.732412129544047
3709,NC,TIP,1133947.3922678747,2993621.115587189,15.749269337053812
3710,NC,BIO,802905.7882183214,2119671.2808963703,11.15146928081003
3710,NC,CSE,894428.2886577472,2361290.6820564517,12.422615120246489
3710,NC,EDU,1500304.2263260903,3960803.1575008784,20.83755869897348
3710,NC,ENG,873733.8675791152,2306657.4104088633,12.135192605265486
3710,NC,GEO,286783.23101080104,757107.7298685152,3.983100430705572
3710,NC,MPS,1556372.081039603,4108822.2939445525,21.61627890332782
3710,NC,OIA,44540.43192371455,117586.74027860642,0.6186171100515909
3710,NC,OISE,38112.64384149279,100617.37974154095,0.5293422755762885
3710,NC,OPP,45809.37213115841,120936.74242625815,0.636241279599422
3710,NC,SBE,316385.3113344154,835257.221922857,4.3942404352002145
3710,NC,TIP,2631029.887151791,6945918.90208073,36.54208176599707
3711,NC,BIO,448119.5045150295,1183035.491919678,6.223882007153188
3711,NC,CSE,320072.4323101752,844991.2212988624,4.445450448752433
3711,NC,EDU,1037905.0519629467,2740069.3371821796,14.41534794392981
3711,NC,ENG,341856.79767258326,902501.94585562,4.748011078785879
3711,NC,GEO,210761.37371718697,556410.026613374,2.927241301627597
3711,NC,MPS,414431.95198303234,1094100.3532352054,5.755999333097669
3711,NC,OIA,156101.77284380168,412108.68030763644,2.1680801783861345
3711,NC,OISE,22979.36225732781,60665.51635934542,0.319157809129553
3711,NC,OPP,74924.7490479916,197801.33748669786,1.0406215145554387
3711,NC,SBE,100308.54045260172,264814.54679486837,1.393174172952801
3711,NC,TIP,1032915.7197196223,2726897.5000598035,14.346051662772531
3712,NC,BIO,844283.1155727837,2228907.4251121483,11.726154382955333
3712,NC,CSE,1173406.3377818153,3097792.7317439923,16.29731024696965
3712,NC,EDU,1962551.1592119262,5181135.060319489,27.257654989054544
3712,NC,ENG,1364769.871791392,3602992.4615292745,18.955137108213773
3712,NC,GEO,231876.70945022962,612154.5129486064,3.220509853475411
3712,NC,MPS,1234308.9852804218,3258575.7211403125,17.143180351116968
3712,NC,OIA,72649.35297226187,191794.29184677135,1.009018791281415
3712,NC,OISE,87902.91954108176,232063.70758845587,1.220873882515025
3712,NC,OPP,158221.12957449953,417703.78207667876,2.1975156885347147
3712,NC,SBE,468769.50076941407,1237551.4820312532,6.5106875106863065
3712,NC,TIP,1493071.3030257511,3941708.2399879843,20.737101430913224
3713,NC,BIO,2285568.9941994315,6033902.144686501,31.744013808325434
3713,NC,CSE,3385274.243432479,8937124.002661746,47.0176978254511
3713,NC,EDU,5601833.15399942,14788839.526558477,77.803238249992
3713,NC,ENG,4290358.460476113,11326546.335656935,59.5883119510571
3713,NC,GEO,1116030.529891327,2946320.5989131043,15.500424026268437
3713,NC,MPS,3819438.337071145,10083317.20986783,53.04775468154369
3713,NC,OIA,70437.26872453396,185954.38943276962,0.9782953989518605
3713,NC,OISE,222174.6711833634,586541.1319240793,3.085759321991158
3713,NC,OPP,110937.54669921848,292875.1232859368,1.5407992597113673
3713,NC,SBE,729115.8557839956,1924865.8592697484,10.126609108111047
3713,NC,TIP,1801765.4137587706,4756660.692323157,25.024519635538493
3714,NC,BIO,481525.77974350355,1271228.05852285,6.6878580519931035
3714,NC,CSE,675285.5609096305,1782753.8808014244,9.37896612374487
3714,NC,EDU,1007061.1365124937,2658641.4003929845,13.986960229340196
3714,NC,ENG,675796.3019686989,1784102.2371973654,9.38605974956526
3714,NC,GEO,183101.26196942042,483387.3315992701,2.543073082908618
3714,NC,MPS,800411.2145468108,2113085.6064035795,11.116822424261258
3714,NC,OIA,42008.030358952055,110901.20014763346,0.5834448660965564
3714,NC,OISE,41104.96982811756,108517.12034623034,0.5709023587238545
3714,NC,OPP,60766.46984203803,160423.48038298037,0.8439787478060837
3714,NC,SBE,242922.46807098782,641315.315707408,3.3739231676526087
3714,NC,TIP,3115571.9130835687,8225109.850540624,43.271832126160675
3800,ND,BIO,2150837.1703694663,5678210.129775392,29.872738477353707
3800,ND,CSE,386225.4897608508,1019635.2929686459,5.364242913345151
3800,ND,EDU,6483163.187092753,17115550.813924864,90.04393315406597
3800,ND,ENG,1292555.4452758161,3412346.375528155,17.952158962164113
3800,ND,GEO,409075.6967905339,1079959.8395270093,5.681606899868527
3800,ND,MPS,1171378.107027417,3092438.202552381,16.269140375380793
3800,ND,OIA,19390118.493090764,51189912.82175961,269.3072012929273
3800,ND,OISE,133905.22876402762,353509.80393703294,1.8597948439448277
3800,ND,OPP,5682.661659741963,15002.226781718784,0.07892585638530503
3800,ND,SBE,317436.7217874395,838032.9455188403,4.408843358158881
3800,ND,TIP,6402969.915616059,16903840.577226397,88.93013771688969
3901,OH,BIO,2151873.6251382655,5680946.370365025,29.88713368247592
3901,OH,CSE,2615917.89749729,6906023.249392847,36.33219302079567
3901,OH,EDU,2120862.0905141174,5599075.918957272,29.456417923807198
3901,OH,ENG,2141554.2118727826,5653703.119344147,29.743808498233097
3901,OH,GEO,524312.9834184351,1384186.2762246681,7.2821247697004825
3901,OH,MPS,2189044.467879926,5779077.395203004,30.403395387221185
3901,OH,OIA,208214.48274403828,549686.2344442612,2.891867815889421
3901,OH,OISE,73003.4070088337,192728.99450332095,1.0139362084560237
3901,OH,OPP,379578.428943464,1002087.0524107452,5.271922624214778
3901,OH,SBE,374311.9165262449,988183.459629287,5.198776618420069
3901,OH,TIP,1269461.9500585038,3351379.548154449,17.631415973034777
3902,OH,BIO,2430867.0043792203,6417488.891561144,33.76204172748918
3902,OH,CSE,1051452.5433638622,2775834.7144805957,14.6035075467203
3902,OH,EDU,681463.8050828243,1799064.4454186577,9.464775070594778
3902,OH,ENG,739914.7213165734,1953374.8642757544,10.276593351619075
3902,OH,GEO,158267.28728995754,417825.638445488,2.1981567679160774
3902,OH,MPS,889332.0613146765,2347836.641870747,12.351834184926064
3902,OH,OIA,200557.8012486413,529472.595296413,2.78552501734224
3902,OH,OISE,54822.95387347888,144732.59822598426,0.7614299149094288
3902,OH,OPP,126291.9795726217,333410.8260717214,1.7540552718419684
3902,OH,SBE,135326.3979682168,357261.6906360924,1.8795333051141225
3902,OH,TIP,286520.90981851827,756415.2019208886,3.979457080812755
3903,OH,BIO,36228346.45977035,95642834.65379368,503.1714786079214
3903,OH,CSE,8418138.325423015,22223885.179116767,116.91858785309742
3903,OH,EDU,3387455.2477328554,8942881.854014743,47.04798955184517
3903,OH,ENG,6087404.231858518,16070747.172106488,84.547280998035
3903,OH,GEO,1084535.9098807704,2863174.8020852334,15.062998748344036
3903,OH,MPS,6939858.707705704,18321226.988343045,96.38692649591255
3903,OH,OIA,54186.99979336326,143053.67945447896,0.7525972193522678
3903,OH,OISE,801656.531443493,2116373.2430108218,11.134118492270733
3903,OH,OPP,858998.6847206772,2267756.527662588,11.930537287787184
3903,OH,SBE,1116297.1947819353,2947024.594224312,15.504127705304663
3903,OH,TIP,1408620.1352075532,3718757.1569479434,19.564168544549357
3904,OH,BIO,8423665.112440221,22238475.896842167,116.9953487838919
3904,OH,CSE,1893007.6171555836,4997540.1092907395,26.291772460494208
3904,OH,EDU,1229059.7002046464,3244717.6085402654,17.07027361395342
3904,OH,ENG,1376994.797018454,3635266.2641287185,19.12492773636741
3904,OH,GEO,255835.46371840025,675405.6242165767,3.5532703294222263
3904,OH,MPS,1628638.174411452,4299604.780446232,22.61997464460349
3904,OH,OIA,39797.40493036962,105065.14901617584,0.5527417351440226
3904,OH,OISE,179454.70436006956,473760.4195105837,2.4924264494454103
3904,OH,OPP,201448.31939601203,531823.5632054717,2.797893324944612
3904,OH,SBE,258598.94983902317,682701.2275750212,3.591652081097543
3904,OH,TIP,582699.6785212726,1538327.1512961583,8.093051090573224
3905,OH,BIO,1417206.5446173276,3741425.2777897473,19.683424230796213
3905,OH,CSE,612921.8814344588,1618113.7669869717,8.512803908811929
3905,OH,EDU,1374170.7735437278,3627810.8421554393,19.085705188107326
3905,OH,ENG,491891.9671740371,1298594.7933394578,6.831832877417181
3905,OH,GEO,496486.5267185214,1310724.4305368962,6.895646204423906
3905,OH,MPS,1109397.2719800016,2928808.798027203,15.408295444166686
3905,OH,OIA,40951.247646054406,108111.2937855836,0.5687673284174222
3905,OH,OISE,92526.65507039546,244270.369385844,1.2850924315332701
3905,OH,OPP,182386.45878318246,481500.25118760177,2.5331452608775336
3905,OH,SBE,197247.70915962718,520733.95218141575,2.7395515161059327
3905,OH,TIP,525354.2810632326,1386935.3020069348,7.296587236989346
3906,OH,BIO,816394.855267831,2155282.4179070736,11.33881743427542
3906,OH,CSE,492680.26378999616,1300675.89640559,6.842781441527722
3906,OH,EDU,638643.6183226182,1686019.1523717116,8.870050254480802
3906,OH,ENG,398101.48512114317,1050987.920719818,5.52918729334921
3906,OH,GEO,132083.07115613637,348699.30785219994,1.8344870993907827
3906,OH,MPS,606244.5197665946,1600485.532183809,8.420062774536037
3906,OH,OIA,36932.16897886379,97500.92610420042,0.5129467913731083
3906,OH,OISE,20547.074034855286,54244.27545201796,0.285376028261879
3906,OH,OPP,45492.527623993,120100.27292734153,0.6318406614443474
3906,OH,SBE,88997.5797973768,234953.61066507472,1.236077497185789
3906,OH,TIP,268851.18863615807,709767.1379994573,3.7340442866133077
3907,OH,BIO,1719673.6734215135,4539938.497832796,23.884356575298778
3907,OH,CSE,1455772.9930179939,3843240.7015675036,20.219069347472143
3907,OH,EDU,1009300.5986659473,2664553.5804781015,14.018063870360375
3907,OH,ENG,1216447.0619943228,3211420.243665013,16.895098083254485
3907,OH,GEO,376971.90510324546,995205.8294725681,5.2357209042117425
3907,OH,MPS,1398894.973258783,3693082.7294031894,19.429096850816435
3907,OH,OIA,36472.58628178451,96287.62778391113,0.5065636983581182
3907,OH,OISE,47999.40702156199,126718.43453692364,0.6666584308550274
3907,OH,OPP,76288.20871014344,201400.87099477867,1.0595584543075478
3907,OH,SBE,310384.95693604444,819416.2863111573,4.310902179667279
3907,OH,TIP,1044108.9237194398,2756447.558619321,14.501512829436665
3908,OH,BIO,1830433.106453239,4832343.401036555,25.422682034072768
3908,OH,CSE,1327708.0426566326,3505149.232613511,18.440389481342116
3908,OH,EDU,1701561.9925401732,4492123.660306059,23.632805451946844
3908,OH,ENG,1167267.951787891,3081587.3927200316,16.212054885942933
3908,OH,GEO,597359.0087158144,1577027.7830097503,8.296652898830756
3908,OH,MPS,1782233.4251767518,4705096.242466625,24.753242016343787
3908,OH,OIA,110678.24614875727,292190.56983271934,1.5371978631771843
3908,OH,OISE,45701.03307395533,120650.72731524208,0.6347365704716018
3908,OH,OPP,316083.6896693968,834460.9407272073,4.390051245408287
3908,OH,SBE,345321.0452623779,911647.5594926779,4.796125628644139
3908,OH,TIP,592096.6323815925,1563135.1094874039,8.223564338633228
3909,OH,BIO,1272597.8841143108,3359658.414061783,17.67497061269875
3909,OH,CSE,617056.6341071118,1629029.5140427747,8.57023102926544
3909,OH,EDU,1119401.2139641142,2955219.2048652596,15.547239082834915
3909,OH,ENG,1040255.2717555932,2746273.9174347664,14.447989885494351
3909,OH,GEO,412052.79877120163,1087819.3887559718,5.722955538488913
3909,OH,MPS,1459848.6124275886,3854000.3368088338,20.2756751726054
3909,OH,OIA,12977.825395779922,34261.459044859,0.18024757494138782
3909,OH,OISE,66112.50908632959,174537.02398791016,0.9182292928656889
3909,OH,OPP,155201.59354742337,409732.2069651978,2.155577688158658
3909,OH,SBE,269324.70054987015,711017.2094516573,3.7406208409704176
3909,OH,TIP,1148151.4209758078,3031119.751376133,15.946547513552893
3910,OH,BIO,1475932.6494124806,3896462.194448949,20.49906457517334
3910,OH,CSE,632337.5221190565,1669371.0583943091,8.7824655849869
3910,OH,EDU,1394056.8189574848,3680310.0020477576,19.361900263298395
3910,OH,ENG,952054.7127945384,2513424.441777581,13.222982122146366
3910,OH,GEO,289876.74911535747,765274.6176645434,4.0260659599355195
3910,OH,MPS,770007.5568545775,2032819.9500960861,10.694549400758026
3910,OH,OIA,81443.5633297005,215011.0071904093,1.1311606018013955
3910,OH,OISE,25023.25004309621,66061.380113774,0.3475451394874473
3910,OH,OPP,46914.99277079957,123855.58091491085,0.6515971218166605
3910,OH,SBE,71389.37752144277,188467.95665660896,0.9915191322422611
3910,OH,TIP,1206858.2453825972,3186105.7678100574,16.761920074758294
3911,OH,BIO,2946052.9221907225,7777579.714583507,40.91740169709339
3911,OH,CSE,2870551.6018531574,7578256.228892339,39.86877224796053
3911,OH,EDU,1364086.3998653018,3601188.0956443995,18.94564444257365
3911,OH,ENG,2325933.319718076,6140463.964055719,32.304629440528814
3911,OH,GEO,256256.77491356444,676517.8857718102,3.559121873799506
3911,OH,MPS,2267664.639986089,5986634.649563276,31.495342222029027
3911,OH,OIA,23092.655794089747,60964.611296396935,0.3207313304734687
3911,OH,OISE,79269.76718329509,209272.18536389907,1.1009689886568763
3911,OH,OPP,72484.97786863675,191360.34157320095,1.0067358037310656
3911,OH,SBE,542745.9262906826,1432849.2454074023,7.538137865148371
3911,OH,TIP,2053720.452773934,5421821.995323188,28.52389517741575
3912,OH,BIO,7980085.968371723,21067426.95650135,110.83452733849614
3912,OH,CSE,1992322.802825274,5259732.199458728,27.671150039239933
3912,OH,EDU,1139592.7758222828,3008524.9281708263,15.827677441976151
3912,OH,ENG,1235365.0855818219,3261363.825936011,17.157848410858648
3912,OH,GEO,321833.9811632858,849641.7102710755,4.4699164050456375
3912,OH,MPS,2069299.290374818,5462950.126589523,28.74026792187246
3912,OH,OIA,49359.46346330085,130308.98354311423,0.6855481036569564
3912,OH,OISE,149304.7290390094,394164.4846629848,2.0736767922084627
3912,OH,OPP,198388.033520445,523744.4084939747,2.7553893544506236
3912,OH,SBE,242355.90540249474,639819.5902625864,3.366054241701316
3912,OH,TIP,322530.2465035901,851479.8507694775,4.479586756994305
3913,OH,BIO,1464439.1009963267,3866119.226630304,20.339431958282326
3913,OH,CSE,924758.4891090014,2441362.4112477642,12.843867904291681
3913,OH,EDU,1200477.1579328398,3169259.6969426973,16.673293860178333
3913,OH,ENG,1596145.3627993877,4213823.757790386,22.168685594435946
3913,OH,GEO,373311.12393357005,985541.3671846254,5.1848767212995845
3913,OH,MPS,1704317.1372568954,4499397.242358202,23.671071350790218
3913,OH,OIA,19549.391413883124,51610.39333265145,0.27151932519282124
3913,OH,OISE,30131.26055279155,79546.52785936971,0.4184897298998827
3913,OH,OPP,123738.6727362805,326670.0960237806,1.7185926768927848
3913,OH,SBE,212310.80297094607,560500.5198432975,2.9487611523742507
3913,OH,TIP,712555.1643121415,1881145.6337840531,9.8965995043353
3914,OH,BIO,1334554.1299469552,3523222.903059961,18.53547402704104
3914,OH,CSE,1112044.398214787,2935797.2112870375,15.445061086316484
3914,OH,EDU,924443.0052530566,2440529.5338680684,12.83948618407023
3914,OH,ENG,874562.9548773939,2308846.2008763207,12.14670770663047
3914,OH,GEO,237324.64771748165,626537.0699741518,3.2961756627428005
3914,OH,MPS,1204732.8566760116,3180494.7416246706,16.732400787166817
3914,OH,OIA,46659.1008284151,123180.02618701587,0.648043067061321
3914,OH,OISE,27719.38875771745,73179.18632037408,0.3849915105238535
3914,OH,OPP,100567.72673491861,265498.79858018516,1.3967739824294259
3914,OH,SBE,314959.73071179225,831493.6890791316,4.3744407043304445
3914,OH,TIP,646291.87383179,1706210.546915928,8.976276025441539
3915,OH,BIO,24067499.37692197,63538198.355073966,334.27082467947173
3915,OH,CSE,5413614.794601783,14291943.057748705,75.18909436946919
3915,OH,EDU,2266801.910750292,5984357.044380771,31.48335987153182
3915,OH,ENG,3945010.999469456,10414829.038599374,54.7918194370758
3915,OH,GEO,674101.3252821637,1779627.4987449124,9.362518406696719
3915,OH,MPS,4476003.636459133,11816649.600252116,62.166717173043516
3915,OH,OIA,51634.51408063381,136315.11717287323,0.717146028897692
3915,OH,OISE,516882.2748730374,1364569.2056648189,7.178920484347743
3915,OH,OPP,566618.2052943166,1495872.0619769967,7.869697295754401
3915,OH,SBE,721659.1220032773,1905180.0820886516,10.023043361156624
3915,OH,TIP,1009826.7882636923,2665942.7210161486,14.025372059217952
4001,OK,BIO,474819.68805203994,1253523.9764573853,6.594717889611667
4001,OK,CSE,572304.0504266622,1510882.6931263881,7.9486673670369745
4001,OK,EDU,1106114.8015313144,2920143.076042671,15.362705576823812
4001,OK,ENG,769908.7347387457,2032559.059710289,10.69317687137147
4001,OK,GEO,380036.56280565565,1003296.5258069308,5.278285594522996
4001,OK,MPS,345861.3489145875,913073.9611345109,4.803629846035939
4001,OK,OIA,1955860.2135644061,5163470.963810032,27.164725188394524
4001,OK,OISE,13041.586155587478,34429.78745075093,0.18113314104982609
4001,OK,OPP,50337.16268811136,132890.109496614,0.6991272595571024
4001,OK,SBE,108859.03920474723,287387.8635005327,1.5119311000659341
4001,OK,TIP,262996.4430861009,694310.6097473066,3.6527283761958476
4002,OK,BIO,331388.1810655206,874864.7980129742,4.6026136259100054
4002,OK,CSE,234956.30533962906,620284.6460966208,3.263282018605959
4002,OK,EDU,534128.2675056969,1410098.6262150393,7.418448159801344
4002,OK,ENG,435001.1343129285,1148402.9945861313,6.041682421012895
4002,OK,GEO,194638.5472749229,513845.76480579627,2.7033131565961495
4002,OK,MPS,181475.67446877251,479095.78059755947,2.52049547873295
4002,OK,OIA,1479548.2537382036,3906007.3898688583,20.549281301919496
4002,OK,OISE,12625.836236610383,33332.20766465142,0.17535883661958868
4002,OK,OPP,31959.04795039008,84371.88658902982,0.44387566597764
4002,OK,SBE,53912.37124150985,142328.66007758604,0.7487829339098593
4002,OK,TIP,270578.8456086616,714328.1524068661,3.758039522342522
4003,OK,BIO,1626971.1741310528,4295203.89970598,22.596821862931293
4003,OK,CSE,1311467.3755946883,3462273.8715699785,18.21482466103734
4003,OK,EDU,1045588.4162836367,2760353.418988802,14.522061337272733
4003,OK,ENG,2261677.7941196333,5970829.376475836,31.41219158499492
4003,OK,GEO,661899.9173189143,1747415.7817219342,9.193054407207145
4003,OK,MPS,992192.5533751952,2619388.340910515,13.780452130211048
4003,OK,OIA,10059295.359960953,26556539.75029692,139.7124355550133
4003,OK,OISE,53891.35029232957,142273.16477175005,0.7484909762823552
4003,OK,OPP,166665.06028373365,439995.7591490569,2.3147925039407453
4003,OK,SBE,159012.0732599111,419791.87340616534,2.208501017498766
4003,OK,TIP,954291.955720554,2519330.763102263,13.254054940563249
4004,OK,BIO,1921364.9300744855,5072403.41539664,26.685624028812285
4004,OK,CSE,1388458.2583513383,3665529.8020475334,19.28414247710192
4004,OK,EDU,1276122.8892382225,3368964.4275889075,17.723929017197523
4004,OK,ENG,3215829.4350341656,8489789.708490198,44.66429770880786
4004,OK,GEO,8514114.575238692,22477262.47863014,118.2515913227596
4004,OK,MPS,2099713.0808200487,5543242.533364928,29.162681678056217
4004,OK,OIA,4345410.845946546,11471884.633298878,60.35292841592424
4004,OK,OISE,78286.59319999049,206676.60604797484,1.087313794444312
4004,OK,OPP,851674.1109113852,2248419.652806057,11.82880709599146
4004,OK,SBE,586144.5220175616,1547421.538126363,8.140896139132803
4004,OK,TIP,2684274.815599487,7086485.51318265,37.281594661104016
4005,OK,BIO,635652.5643797508,1678122.769962542,8.82850783860765
4005,OK,CSE,762338.5135414737,2012573.6757494903,10.588034910298248
4005,OK,EDU,399365.8461584927,1054325.8338584213,5.546747863312398
4005,OK,ENG,691781.7008685692,1826303.690293023,9.608079178730126
4005,OK,GEO,1081127.366264865,2854176.2469392437,15.015657864789793
4005,OK,MPS,387808.7146324887,1023815.0066297707,5.386232147673455
4005,OK,OIA,2098620.89695193,5540359.167953095,29.14751245766569
4005,OK,OISE,16451.728177975194,43432.56238985452,0.22849622469409991
4005,OK,OPP,440378.09879854677,1162598.1808281636,6.116362483313149
4005,OK,SBE,93593.0900509608,247085.75773453657,1.2999040284855672
4005,OK,TIP,673951.008911088,1779230.6635252726,9.360430679320665
4101,OR,BIO,1268669.7568191031,3349288.1580024334,17.620413289154207
4101,OR,CSE,948816.1613867637,2504874.666061057,13.178002241482831
4101,OR,EDU,2079417.3126373463,5489661.705362594,28.880796008852023
4101,OR,ENG,747437.5130875966,1973235.0345512554,10.381076570661065
4101,OR,GEO,1942342.2226188679,5127783.467713811,26.976975314150952
4101,OR,MPS,795709.5925842259,2100673.324422356,11.051522119225355
4101,OR,OIA,119630.26907459035,315823.9103569185,1.6615315149248662
4101,OR,OISE,19859.470890853405,52429.003151852994,0.2758259845951862
4101,OR,OPP,1226522.2162746952,3238018.650965195,17.03503078159299
4101,OR,SBE,321291.4208910519,848209.351152377,4.4623808457090535
4101,OR,TIP,1250944.2598459388,3302492.845993281,17.37422583119361
4102,OR,BIO,375618.90575818764,991633.9112016157,5.216929246641497
4102,OR,CSE,242842.59624147593,641104.4540774965,3.372813836687166
4102,OR,EDU,741349.6421009508,1957163.0551465114,10.296522806957658
4102,OR,ENG,215541.34472558068,569029.1500755331,2.993629787855287
4102,OR,GEO,1146674.1319777481,3027219.708421257,15.92602961080206
4102,OR,MPS,429732.474336104,1134493.7322473144,5.968506588001443
4102,OR,OIA,43777.597384915935,115572.8570961781,0.6080221859016103
4102,OR,OISE,6597.919583512745,17418.507700473645,0.09163777199323254
4102,OR,OPP,718605.1893529337,1897117.6998917449,9.980627629901853
4102,OR,SBE,69464.77507369377,183387.0061945515,0.964788542690191
4102,OR,TIP,270377.58558437234,713796.8259427432,3.7552442442273937
4103,OR,BIO,1611119.8307681982,4253356.353228044,22.376664316224968
4103,OR,CSE,1014469.1810132691,2678198.637875032,14.089849736295408
4103,OR,EDU,2675958.726460405,7064531.037855471,37.16609342306117
4103,OR,ENG,778653.1058971363,2055644.1995684393,10.814626470793556
4103,OR,GEO,2193588.6201086384,5791073.957086806,30.46650861261998
4103,OR,MPS,1039516.5896668264,2744323.7967204223,14.43773041203926
4103,OR,OIA,121021.07453508236,319495.6367726174,1.6808482574316994
4103,OR,OISE,21405.544840552277,56510.63837905802,0.29729923389655943
4103,OR,OPP,1376964.061130667,3635185.1213849606,19.12450084903704
4103,OR,SBE,483498.1669636443,1276435.1607840213,6.715252318939504
4103,OR,TIP,1658950.0659702795,4379628.174161537,23.04097313847611
4104,OR,BIO,8457792.367554557,22328571.850344013,117.46933843825762
4104,OR,CSE,6669508.743461429,17607503.082738172,92.63206588140874
4104,OR,EDU,8362052.208362991,22075817.830078285,116.13961400504152
4104,OR,ENG,4742387.011505858,12519901.710375462,65.86648627091468
4104,OR,GEO,27183722.9262761,71765028.52536891,377.5517073093904
4104,OR,MPS,9768781.624838632,25789583.48957399,135.67752256720314
4104,OR,OIA,49756.02315072382,131355.90111791086,0.6910558770933861
4104,OR,OISE,115196.23384643643,304118.05735459214,1.5999476923116172
4104,OR,OPP,16069636.944628749,42423841.5338199,223.18940200873266
4104,OR,SBE,1956706.5214766453,5165705.216698345,27.176479464953406
4104,OR,TIP,2117047.9970882004,5589006.712312847,29.403444404002773
4105,OR,BIO,2125726.883319275,5611918.971962885,29.523984490545473
4105,OR,CSE,1307485.9764074443,3451762.9777156524,18.15952745010339
4105,OR,EDU,2774494.585872872,7324665.706704389,38.534647026012124
4105,OR,ENG,1275418.5405415099,3367104.9470295864,17.714146396409856
4105,OR,GEO,5832609.113413031,15398088.0594104,81.00845990851433
4105,OR,MPS,1352777.2831870052,3571332.0276136943,18.788573377597285
4105,OR,OIA,97392.11443144723,257115.1820990207,1.3526682559923227
4105,OR,OISE,36893.386687830716,97398.54085587311,0.5124081484420934
4105,OR,OPP,3491642.697323234,9217936.720933335,48.49503746282269
4105,OR,SBE,358141.8481642896,945494.4791537245,4.9741923356151325
4105,OR,TIP,1827145.4669717515,4823664.032805425,25.377020374607675
4106,OR,BIO,1466448.339432415,3871423.616101576,20.367338047672426
4106,OR,CSE,847455.9570144354,2237283.7265181085,11.770221625200485
4106,OR,EDU,1462283.3655300816,3860428.084999417,20.3094911879178
4106,OR,ENG,871761.2938141559,2301449.8156693717,12.107795747418832
4106,OR,GEO,3957556.131201409,10447948.186371716,54.96605737779734
4106,OR,MPS,817360.3949665326,2157831.442711646,11.352227707868504
4106,OR,OIA,47189.63912089135,124580.64727915317,0.6554116544568244
4106,OR,OISE,62178.22683711964,164150.51884999583,0.8635864838488839
4106,OR,OPP,2317804.508320394,6119003.901965838,32.19172928222768
4106,OR,SBE,241018.83530145066,636289.72519583,3.3474838236312596
4106,OR,TIP,840052.4681008402,2217738.515786218,11.667395390289446
4201,PA,BIO,957464.4122956183,2527706.048460434,13.298116837439151
4201,PA,CSE,1746360.7082535701,4610392.269789426,24.255009836855145
4201,PA,EDU,1961695.5316354835,5178876.203517677,27.24577127271505
4201,PA,ENG,2092917.0872249266,5525301.110273806,29.06829287812398
4201,PA,GEO,545512.5550773608,1440153.145404232,7.576563264963343
4201,PA,MPS,3789281.387907629,10003702.864076147,52.62890816538378
4201,PA,OIA,163527.2756781866,431712.00779041275,2.2712121621970365
4201,PA,OISE,77351.65856463395,204208.37861063363,1.0743285911754714
4201,PA,OPP,303883.0082418912,802251.1417585928,4.220597336692932
4201,PA,SBE,534427.4070514905,1410888.3546159347,7.422602875715144
4201,PA,TIP,1432370.0098381075,3781456.8259726036,19.894027914418153
4202,PA,BIO,1264292.3660251957,3337731.846306516,17.559616194794383
4202,PA,CSE,2176064.0579129416,5744809.112890166,30.223111915457526
4202,PA,EDU,2521489.724695875,6656732.873197107,35.02069062077603
4202,PA,ENG,3548340.942070043,9367620.087064914,49.28251308430614
4202,PA,GEO,228676.28915990677,603705.4033821536,3.176059571665371
4202,PA,MPS,3640834.560392548,9611803.239436327,50.56714667211872
4202,PA,OIA,78917.1823581237,208341.36142544658,1.0960719771961625
4202,PA,OISE,81197.56354736592,214361.56776504603,1.1277439381578598
4202,PA,OPP,298839.8027320388,788937.0792125827,4.1505528157227625
4202,PA,SBE,816368.0271869345,2155211.591773507,11.338444822040756
4202,PA,TIP,1702169.3404264804,4493727.05872591,23.641240839256675
4203,PA,BIO,2667248.2501400197,7041535.380369652,37.04511458527805
4203,PA,CSE,4757434.329542641,12559626.629992574,66.07547679920334
4203,PA,EDU,5519715.4017019635,14572048.660493182,76.66271391252728
4203,PA,ENG,9167116.110473445,24201186.531649895,127.32105708990896
4203,PA,GEO,499459.12179130944,1318572.0815290571,6.936932247101518
4203,PA,MPS,8433933.435565054,22265584.269891746,117.13796438284798
4203,PA,OIA,247577.73347286982,653605.2163683764,3.4385796315676362
4203,PA,OISE,195843.47148013188,517026.76470754825,2.7200482150018317
4203,PA,OPP,549443.1360812405,1450529.879254475,7.631154667795006
4203,PA,SBE,1717320.8721121638,4533727.102376112,23.851678779335607
4203,PA,TIP,2425173.4839979685,6402457.997754637,33.68296505552734
4204,PA,BIO,1267862.3030843593,3347156.4801427093,17.609198653949424
4204,PA,CSE,1861741.5721583809,4914997.750498125,25.85752183553307
4204,PA,EDU,2496772.5278063896,6591479.473408871,34.677396219533215
4204,PA,ENG,3241702.1207777592,8558093.598853286,45.02364056635778
4204,PA,GEO,422729.0003664043,1116004.5609673073,5.871236116200056
4204,PA,MPS,3585399.7273203493,9465455.280125726,49.797218435004844
4204,PA,OIA,143661.58875886374,379266.5943234004,1.9952998438731078
4204,PA,OISE,103932.64119254358,274382.17274831503,1.4435089054519943
4204,PA,OPP,231830.8686862229,612033.4933316286,3.2198731761975408
4204,PA,SBE,681875.4549284186,1800151.2010110258,9.470492429561371
4204,PA,TIP,1002231.4895464081,2645891.1324025174,13.919881799255668
4205,PA,BIO,2559121.630188966,6756081.10369887,35.54335597484674
4205,PA,CSE,3197165.76785796,8440517.627145015,44.40508010913832
4205,PA,EDU,4023814.3299106043,10622869.830963992,55.88631013764729
4205,PA,ENG,6700948.303644869,17690503.521622457,93.06872643951206
4205,PA,GEO,730578.0203840759,1928725.9738139603,10.14691694977883
4205,PA,MPS,6725371.288292708,17754980.20109274,93.4079345596209
4205,PA,OIA,438586.4663848274,1157868.2712559446,6.09147869978927
4205,PA,OISE,163125.81109154018,430652.1412816661,2.26563626516028
4205,PA,OPP,338920.71056610043,894750.6758945055,4.7072320911958405
4205,PA,SBE,1269302.4036831795,3350958.345723594,17.629200051155273
4205,PA,TIP,1784619.6784931542,4711395.951221927,24.786384423516015
4206,PA,BIO,1066605.2238338205,2815837.790921287,14.813961442136407
4206,PA,CSE,1083887.0698870344,2861461.864501771,15.053987081764369
4206,PA,EDU,1910344.1894732479,5043308.660209376,26.532558187128426
4206,PA,ENG,2175381.46530134,5743007.068395537,30.213631462518617
4206,PA,GEO,868470.0188146506,2292760.84967068,12.062083594647932
4206,PA,MPS,2398163.3239491824,6331151.175225838,33.30782394373864
4206,PA,OIA,515347.8408617546,1360518.299875032,7.1576089008577055
4206,PA,OISE,85879.82218757854,226722.73057520736,1.192775308160813
4206,PA,OPP,126576.7784394987,334162.69508027646,1.758010811659704
4206,PA,SBE,405322.50470554724,1070051.4124226447,5.62947923202149
4206,PA,TIP,843220.3922406697,2226101.835515366,11.711394336675959
4207,PA,BIO,1360562.77403845,3591885.723461509,18.896705194978477
4207,PA,CSE,1401464.0643076603,3699865.129772224,19.464778670939733
4207,PA,EDU,1901954.9414365836,5021161.045392579,26.41604085328588
4207,PA,ENG,2884482.2423116677,7615033.1197028,40.062253365439815
4207,PA,GEO,957668.8076346368,2528245.65215544,13.300955661592171
4207,PA,MPS,3776210.1835412653,9969194.884548943,52.44736366029537
4207,PA,OIA,295983.184638371,781395.6074452996,4.11087756442182
4207,PA,OISE,82741.7323276214,218438.1733449205,1.1491907267725194
4207,PA,OPP,74881.65196997458,197687.56120073292,1.0400229440274251
4207,PA,SBE,526843.722484678,1390867.4273595503,7.3172739233983055
4207,PA,TIP,2032357.226214738,5365423.077206911,28.22718369742692
4208,PA,BIO,657018.1022582323,1734527.789961734,9.125251420253225
4208,PA,CSE,577422.9041419398,1524396.466934721,8.019762557526942
4208,PA,EDU,1658485.1958926143,4378400.917156502,23.034516609619626
4208,PA,ENG,776201.4426333911,2049171.8085521527,10.780575592130432
4208,PA,GEO,563592.5769419266,1487884.4031266852,7.827674679748977
4208,PA,MPS,1072498.3223567214,2831395.5710217445,14.895810032732241
4208,PA,OIA,41391.37129550545,109273.22022013439,0.5748801568820202
4208,PA,OISE,43744.99093450783,115486.77606710068,0.607569318534831
4208,PA,OPP,218012.56552018938,575553.1729733002,3.0279522988915204
4208,PA,SBE,163860.32389161785,432591.2550738712,2.2758378318280243
4208,PA,TIP,451033.96063286887,1190729.6560707733,6.264360564345405
4209,PA,BIO,663755.9482033564,1752315.70325686,9.218832613935502
4209,PA,CSE,716024.2012132411,1890303.8912029564,9.94478057240612
4209,PA,EDU,1595074.681078491,4210997.158047213,22.153815014979035
4209,PA,ENG,1239934.120170311,3273426.077249624,17.221307224587665
4209,PA,GEO,464280.00180435315,1225699.2047634928,6.4483333583938
4209,PA,MPS,1541619.336700114,4069875.0488883,21.411379676390474
4209,PA,OIA,97486.74064473194,257364.99530209237,1.3539825089546107
4209,PA,OISE,65126.118177607284,171932.95198888326,0.9045294191334347
4209,PA,OPP,144760.52692036107,382167.7910697531,2.0105628738939028
4209,PA,SBE,250900.1321889666,662376.3489788721,3.484724058180092
4209,PA,TIP,627731.0001992948,1657209.8405261377,8.718486113879095
4210,PA,BIO,786293.4801421992,2075814.7875754058,10.920742779752766
4210,PA,CSE,783485.5028308467,2068401.7274734357,10.88174309487287
4210,PA,EDU,892476.5199920742,2356138.012779076,12.39550722211214
4210,PA,ENG,1226338.1138673641,3237532.620609843,17.03247380371339
4210,PA,GEO,727108.855491074,1919567.3784964357,10.098734104042693
4210,PA,MPS,1773354.4591479022,4681655.772150461,24.62992304372085
4210,PA,OIA,58938.05115545843,155596.45505041027,0.8185840438258114
4210,PA,OISE,97238.68535255363,256710.1293307416,1.350537296563245
4210,PA,OPP,127682.52490446017,337081.8657477749,1.7733684014508357
4210,PA,SBE,252660.54002434105,667023.8256642603,3.509174167004737
4210,PA,TIP,589401.6371505517,1556020.3220774555,8.186133849313215
4211,PA,BIO,600425.3016409134,1585122.7963320117,8.339240300568239
4211,PA,CSE,557245.2441116853,1471127.44445485,7.7395172793289655
4211,PA,EDU,1112105.0372970097,2935957.2984641064,15.445903295791803
4211,PA,ENG,885908.6908952805,2338798.9439635403,12.304287373545561
4211,PA,GEO,494411.1249750839,1305245.3699342222,6.866821180209497
4211,PA,MPS,1459752.955903136,3853747.8035842786,20.274346609765775
4211,PA,OIA,56347.80845013913,148758.21430836731,0.7826084506963769
4211,PA,OISE,60300.840544163715,159194.21903659223,0.8375116742244961
4211,PA,OPP,111051.18778945506,293175.1357641613,1.542377608186876
4211,PA,SBE,214912.23913593672,567368.3113188727,2.9848922102213447
4211,PA,TIP,376997.049545954,995272.2108013188,5.236070132582694
4212,PA,BIO,4756679.036691709,12557632.656866113,66.06498662071819
4212,PA,CSE,24295418.55761078,64139904.99209247,337.4363688557053
4212,PA,EDU,8445540.315462254,22296226.432820346,117.2991710480868
4212,PA,ENG,8905125.794498732,23509532.09747666,123.68230270137126
4212,PA,GEO,1467278.5541134616,3873615.3828595397,20.37886880713142
4212,PA,MPS,9304720.061370917,24564460.962019213,129.23222307459602
4212,PA,OIA,122945.81257638955,324576.94520166836,1.7075807302276325
4212,PA,OISE,499404.55924933474,1318428.036418244,6.936174434018538
4212,PA,OPP,152000.49397676383,401281.3040986565,2.1111179718994975
4212,PA,SBE,3065874.448510439,8093908.544067561,42.581589562645
4212,PA,TIP,4637939.3014148045,12244159.7557351,64.41582363076121
4213,PA,BIO,1717430.8624448352,4534017.476854365,23.85320642284494
4213,PA,CSE,1781769.6252094551,4703871.810552963,24.746800350131323
4213,PA,EDU,1821477.4869855691,4808700.565641902,25.298298430355135
4213,PA,ENG,2616869.256553407,6908534.837300994,36.34540634101954
4213,PA,GEO,1466702.1583006466,3872093.69791371,20.370863309731217
4213,PA,MPS,3218977.0000695237,8498099.28018355,44.70801388985452
4213,PA,OIA,92755.54691649844,244874.64385955592,1.2882714849513675
4213,PA,OISE,224633.5600639338,593032.5985687851,3.119910556443526
4213,PA,OPP,276241.1728019043,729276.6961970273,3.8366829555820043
4213,PA,SBE,679342.6967204919,1793464.719342098,9.435315232229053
4213,PA,TIP,704083.1404837101,1858779.4908769939,9.77893250671819
4214,PA,BIO,1176500.5459184789,3105961.441224786,16.34028535997887
4214,PA,CSE,2388235.846003671,6304942.633449691,33.16994230560654
4214,PA,EDU,1831012.8550460036,4833873.937321451,25.430734097861166
4214,PA,ENG,1408339.0009537651,3718014.962517941,19.56026390213563
4214,PA,GEO,699764.4967948522,1847378.2715384094,9.718951344372948
4214,PA,MPS,1773881.4400611795,4683047.001761514,24.63724222307193
4214,PA,OIA,393161.239246298,1037945.6716102267,5.460572767309693
4214,PA,OISE,160507.09052145673,423738.71897664573,2.2292651461313433
4214,PA,OPP,94324.12459684779,249015.6889356782,1.3100572860673305
4214,PA,SBE,589989.5429209259,1557572.3933112442,8.19429920723508
4214,PA,TIP,899621.8594288349,2375001.7088921256,12.494748047622714
4215,PA,BIO,8230910.837553153,21729604.61114033,114.31820607712712
4215,PA,CSE,8558802.760636142,22595239.28807942,118.87226056439087
4215,PA,EDU,7596406.592406474,20054513.4039531,105.5056471167566
4215,PA,ENG,14260578.934103062,37647928.38603208,198.0635963069869
4215,PA,GEO,7394308.7519852985,19520975.105241187,102.69873266646245
4215,PA,MPS,15931891.748485101,42060194.216000676,221.27627428451518
4215,PA,OIA,356036.65244533954,939936.7624556961,4.944953506185271
4215,PA,OISE,1032393.6825096325,2725519.32182543,14.338801145967116
4215,PA,OPP,1240608.7720728584,3275207.1582723456,17.230677389900812
4215,PA,SBE,2286673.7176866303,6036818.614692704,31.75935719009208
4215,PA,TIP,1657511.672329263,4375830.814949256,23.02099544901756
4216,PA,BIO,590418.0848763424,1558703.7440735449,8.200251178838093
4216,PA,CSE,1327019.5168616779,3503331.5245148307,18.430826623078858
4216,PA,EDU,1248529.4315897666,3296117.699396984,17.340686549857868
4216,PA,ENG,698378.0682337967,1843718.1001372242,9.69969539213607
4216,PA,GEO,201707.82155735846,532508.6489114264,2.8014975216299787
4216,PA,MPS,818220.121517306,2160101.1208056887,11.364168354407028
4216,PA,OIA,26182.694697810035,69122.3140022185,0.3636485374695839
4216,PA,OISE,41932.3142233341,110701.30954960201,0.5823932531018624
4216,PA,OPP,139534.01903984166,368369.810265182,1.9379724866644676
4216,PA,SBE,217736.1944717605,574823.5534054482,3.0241138121077857
4216,PA,TIP,548481.7913403937,1447991.9291386388,7.61780265750547
4217,PA,BIO,3049586.361526168,8050907.994429089,42.35536613230789
4217,PA,CSE,14444954.350185903,38134679.48449079,200.6243659748043
4217,PA,EDU,5572974.572456643,14712652.87128554,77.40242461745339
4217,PA,ENG,5493279.176393564,14502257.025679003,76.29554411657722
4217,PA,GEO,899122.945922454,2373684.5772352777,12.487818693367418
4217,PA,MPS,5740855.41998507,15155858.308760587,79.73410305534823
4217,PA,OIA,76866.39969691868,202927.29519986533,1.0675888846794266
4217,PA,OISE,299855.76701686264,791619.2249245174,4.16466343078976
4217,PA,OPP,84683.93216093194,223565.58090486037,1.1761657244573884
4217,PA,SBE,1726532.0264982327,4558044.549955335,23.979611479142118
4217,PA,TIP,3622016.6314266482,9562123.906966355,50.30578654759235
4401,RI,BIO,2919354.4757538014,7707095.815990037,40.54658994102502
4401,RI,CSE,2745992.0953070866,7249419.131610709,38.13877910148732
4401,RI,EDU,3176473.433416399,8385889.864219293,44.11768657522776
4401,RI,ENG,2013238.3546733877,5314949.256337744,27.961643814908157
4401,RI,GEO,5280799.754734047,13941311.352497883,73.34444103797287
4401,RI,MPS,7511164.585752157,19829474.5063857,104.32173035766884
4401,RI,OIA,4455333.0425483715,11762079.2323277,61.8796255909496
4401,RI,OISE,115404.64099992062,304668.25223979045,1.6028422361100085
4401,RI,OPP,1352624.4228372374,3570928.4762903065,18.78645031718385
4401,RI,SBE,1423098.079942093,3756978.9310471257,19.76525111030685
4401,RI,TIP,752133.4025222411,1985632.1826587173,10.446297257253349
4402,RI,BIO,2583512.12140392,6820472.000506348,35.88211279727666
4402,RI,CSE,2267521.7485141293,5986257.4160773,31.493357618251796
4402,RI,EDU,2918757.96460746,7705521.026563695,40.538305063992496
4402,RI,ENG,2228692.570621973,5883748.386442009,30.954063480860736
4402,RI,GEO,8425172.143095165,22242454.457771234,117.01627976521063
4402,RI,MPS,4917329.754621567,12981750.55220094,68.29624659196621
4402,RI,OIA,5675749.633732321,14983979.033053325,78.82985602405999
4402,RI,OISE,98185.50450117627,259209.73188310536,1.363687562516337
4402,RI,OPP,2397210.06236753,6328634.56465028,33.29458419954903
4402,RI,SBE,862963.0637211305,2278222.4882237846,11.985598107237925
4402,RI,TIP,801522.3535315802,2116019.0133233713,11.132254910160835
4501,SC,BIO,245607.18035263065,648402.9561309448,3.4112108382309807
4501,SC,CSE,249295.1801181302,658139.2755118636,3.4624330571962525
4501,SC,EDU,964728.4095250631,2546883.001146166,13.399005687848096
4501,SC,ENG,261488.6402028648,690330.0101355631,3.6317866694842325
4501,SC,GEO,304687.42965911375,804374.8143000607,4.231769856376582
4501,SC,MPS,442503.4011556631,1168208.9790509508,6.1458805716064315
4501,SC,OIA,704482.9878483041,1859835.087919523,9.784485942337556
4501,SC,OISE,7973.148652032833,21049.11244136668,0.11073817572267822
4501,SC,OPP,11914325.47438862,31453819.252385966,165.47674269984196
4501,SC,SBE,58298.23607659513,153907.34324221115,0.8096977232860436
4501,SC,TIP,192446.37607359968,508058.4328343031,2.6728663343555508
4502,SC,BIO,1560191.612318274,4118905.856520243,21.66932794886491
4502,SC,CSE,1752442.0611885106,4626447.041537668,24.339473072062646
4502,SC,EDU,1603821.2375564459,4234088.067149015,22.27529496606175
4502,SC,ENG,2473531.616383132,6530123.467251469,34.354605783099046
4502,SC,GEO,1085104.2619390104,2864675.2515189885,15.070892526930704
4502,SC,MPS,2824099.1129874773,7455621.658286939,39.223598791492726
4502,SC,OIA,5396696.729938926,14247279.36703877,74.95412124915177
4502,SC,OISE,26074.54874027717,68836.80867433173,0.3621465102816273
4502,SC,OPP,374609.3777201947,988968.757181314,5.202908023891594
4502,SC,SBE,519035.64783008373,1370254.1102714215,7.208828442084496
4502,SC,TIP,886899.6927803914,2341415.188940232,12.31805128861654
4503,SC,BIO,3068622.249339769,8101162.738256991,42.61975346305235
4503,SC,CSE,4010300.945854979,10587194.497057144,55.69862424798583
4503,SC,EDU,4593013.319465191,12125555.163388109,63.791851659238766
4503,SC,ENG,4044893.905582703,10678519.910738336,56.17908202198199
4503,SC,GEO,1037115.3169438342,2737984.436731722,14.404379401997696
4503,SC,MPS,3449738.4635148947,9107309.543679323,47.91303421548465
4503,SC,OIA,6472908.569847528,17088478.62439747,89.901507914549
4503,SC,OISE,381935.66140644235,1008310.1461130081,5.304661963978368
4503,SC,OPP,270521.3106384775,714176.2600855805,3.7572404255344094
4503,SC,SBE,506147.1241650664,1336228.4077957754,7.029821168959255
4503,SC,TIP,2748457.9122614013,7255928.888370104,38.17302655918613
4504,SC,BIO,733520.2471814918,1936493.4525591377,10.187781210854048
4504,SC,CSE,737270.1619950893,1946393.2276670358,10.239863361042902
4504,SC,EDU,1384931.8546185843,3656220.096193064,19.23516464748036
4504,SC,ENG,700842.9597081125,1850225.4136294173,9.73392999594601
4504,SC,GEO,262996.6416191675,694311.1338746024,3.6527311335995476
4504,SC,MPS,1038371.1555636446,2741299.8506880216,14.42182160505062
4504,SC,OIA,1038005.4990153129,2740334.517400427,14.416743041879347
4504,SC,OISE,49285.82566441332,130114.57975405117,0.684525356450185
4504,SC,OPP,206883.76304803012,546173.1344467995,2.8733855978893064
4504,SC,SBE,202984.67423118738,535879.539970335,2.8192315865442694
4504,SC,TIP,647064.3828016899,1708249.970596461,8.987005316690139
4505,SC,BIO,513302.33194446826,1355118.1563333964,7.129199054784282
4505,SC,CSE,628427.7789534543,1659049.3364371196,8.728163596575754
4505,SC,EDU,1459352.5436058773,3852690.715119517,20.268785327859405
4505,SC,ENG,843778.7135793414,2227575.803849461,11.719148799713075
4505,SC,GEO,313117.078045032,826629.0860388846,4.348848306180999
4505,SC,MPS,899637.5562569655,2375043.148518389,12.49496605912452
4505,SC,OIA,1229080.5676320882,3244772.698548713,17.070563439334556
4505,SC,OISE,29134.53609360825,76915.1752871258,0.4046463346334479
4505,SC,OPP,287445.6147546119,758856.4229521755,3.9923002049251655
4505,SC,SBE,171904.1507742475,453826.95804401353,2.3875576496423268
4505,SC,TIP,480783.69105937285,1269268.944396744,6.677551264713511
4506,SC,BIO,871084.3084553571,2299662.5743221426,12.098393172991074
4506,SC,CSE,1043768.148029722,2755547.9107984663,14.496779833746139
4506,SC,EDU,1648453.5680623117,4351917.419684502,22.895188445309874
4506,SC,ENG,1371452.1577963808,3620633.696582447,19.047946636060846
4506,SC,GEO,751772.9455252133,1984680.5761865624,10.441290910072402
4506,SC,MPS,1856037.107783313,4899937.964547946,25.778293163657118
4506,SC,OIA,3200650.46207525,8449717.21987866,44.453478639934026
4506,SC,OISE,16905.229516117346,44629.8059225498,0.2347948543905187
4506,SC,OPP,5198910.706186985,13725124.264333641,72.2070931414859
4506,SC,SBE,329872.1982287601,870862.6033239268,4.581558308732777
4506,SC,TIP,509190.39324726316,1344262.6381727757,7.072088795100877
4507,SC,BIO,415040.6459794721,1095707.3053858064,5.764453416381556
4507,SC,CSE,259503.62022761637,685089.5574009073,3.604216947605783
4507,SC,EDU,1380778.0336586582,3645254.008858859,19.177472689703592
4507,SC,ENG,248060.6472858151,654880.1088345519,3.4452867678585433
4507,SC,GEO,303462.3322558227,801140.5571553721,4.214754614664205
4507,SC,MPS,337846.4283192342,891914.5707627785,4.692311504433809
4507,SC,OIA,557870.6855478701,1472778.6098463773,7.748203965942641
4507,SC,OISE,41558.455588921235,109714.32275475204,0.5772007720683504
4507,SC,OPP,378634.24790784094,999594.4144767002,5.258808998720013
4507,SC,SBE,63208.55218701073,166870.5777737084,0.8778965581529274
4507,SC,TIP,134263.86900542685,354456.61417432653,1.864775958408705
4600,SD,BIO,1741554.6201285287,4597704.197139317,24.188258612896234
4600,SD,CSE,1095561.6736697403,2892282.818488115,15.216134356524172
4600,SD,EDU,3683930.850154004,9725577.444406569,51.16570625213894
4600,SD,ENG,2258015.7190755242,5961161.498359383,31.3613294316045
4600,SD,GEO,728807.042546504,1924050.5923227705,10.12232003536811
4600,SD,MPS,2223403.3676549033,5869784.890608947,30.880602328540327
4600,SD,OIA,26496774.84524189,69951485.59143859,368.0107617394707
4600,SD,OISE,433630.9827775159,1144785.794532642,6.022652538576609
4600,SD,OPP,492801.4557359621,1300995.84314294,6.844464662999473
4600,SD,SBE,38039.85931184592,100425.22858327322,0.5283313793311933
4600,SD,TIP,239662.15662608884,632708.0934928743,3.3286410642512334
4701,TN,BIO,717363.6837484378,1893840.1250958757,9.963384496506082
4701,TN,CSE,422859.1800157799,1116348.2352416595,5.873044166885833
4701,TN,EDU,470039.011313635,1240902.9898679974,6.528319601578263
4701,TN,ENG,392792.9992877262,1036973.5181195971,5.455458323440642
4701,TN,GEO,178636.41650114447,471600.13956302137,2.4810613402936728
4701,TN,MPS,704875.6204254498,1860871.6379231873,9.789939172575691
4701,TN,OIA,36931.55495964117,97499.30509345271,0.5129382633283496
4701,TN,OISE,56010.9879755159,147869.008255362,0.777930388548832
4701,TN,OPP,52275.26484022072,138006.69917818272,0.7260453450030657
4701,TN,SBE,156060.44455436588,411999.5736235261,2.1675061743661934
4701,TN,TIP,452134.75505309465,1193635.75334017,6.279649375737427
4702,TN,BIO,5931516.069327285,15659202.423024032,82.3821676295456
4702,TN,CSE,4271057.958921243,11275593.011552082,59.320249429461725
4702,TN,EDU,2642834.0341563486,6977081.850172761,36.70602825217152
4702,TN,ENG,3752334.8164501446,9906163.91542838,52.11576133958533
4702,TN,GEO,1059478.3374960637,2797022.8109896076,14.714976909667548
4702,TN,MPS,6498169.660630279,17155167.90406394,90.25235639764279
4702,TN,OIA,70159.83856737155,185221.97381786103,0.9744422023246052
4702,TN,OISE,701614.2030901749,1852261.496158062,9.744641709585762
4702,TN,OPP,434032.4779903487,1145845.7418945204,6.028228860977066
4702,TN,SBE,1044459.3587378503,2757372.7070679255,14.506379982470149
4702,TN,TIP,2116014.492408373,5586278.259958108,29.389090172338527
4703,TN,BIO,794653.9034316546,2097886.3050595685,11.0368597698841
4703,TN,CSE,1001153.4631500024,2643045.142716006,13.904909210416701
4703,TN,EDU,1340880.4839076542,3539924.4775162074,18.62334005427297
4703,TN,ENG,913220.643669832,2410902.499288357,12.68362005096989
4703,TN,GEO,126704.57644207795,334500.08180708566,1.7597857839177486
4703,TN,MPS,1051172.0489040655,2775094.2091067317,14.599611790334238
4703,TN,OIA,61919.966804174706,163468.71236302127,0.8599995389468711
4703,TN,OISE,157711.34126601813,416357.94094228785,2.190435295361363
4703,TN,OPP,196346.64449582045,518355.14146896603,2.727036729108617
4703,TN,SBE,502220.79495557124,1325862.8986827082,6.9752888188273765
4703,TN,TIP,1074179.2698980526,2835833.272530859,14.919156526361835
4704,TN,BIO,742275.2601167151,1959606.6867081276,10.309378612732154
4704,TN,CSE,846304.4180556354,2234243.6636668765,11.754228028550488
4704,TN,EDU,2410551.174109323,6363855.099648611,33.47987741818503
4704,TN,ENG,917753.3152492912,2422868.75225813,12.746573822906823
4704,TN,GEO,244387.36280058222,645182.6377935371,3.394268927785865
4704,TN,MPS,789440.4399150957,2084122.7613758526,10.964450554376326
4704,TN,OIA,380216.1420123973,1003770.614912729,5.280779750172184
4704,TN,OISE,32793.02882681672,86573.59610279616,0.4554587337057879
4704,TN,OPP,294119.04692094366,776474.2838712916,4.084986762790884
4704,TN,SBE,257817.5872444718,680638.4303254056,3.5807998228398876
4704,TN,TIP,925671.572959627,2443772.9526134157,12.856549624439262
4705,TN,BIO,1365297.6768649146,3604385.866923374,18.96246773423492
4705,TN,CSE,2129224.9236828675,5621153.798522771,29.572568384484278
4705,TN,EDU,4273511.694877029,11282070.874475366,59.354329095514316
4705,TN,ENG,2023599.3872505894,5342302.382341558,28.105547045147087
4705,TN,GEO,461631.69771527225,1218707.681968319,6.41155135715656
4705,TN,MPS,1482927.955875636,3914929.8035116796,20.596221609383836
4705,TN,OIA,194662.06706986553,513907.85706444504,2.703639820414799
4705,TN,OISE,36326.73493101251,95902.58021787305,0.5045379851529516
4705,TN,OPP,415704.3779481257,1097459.557783052,5.773671915946191
4705,TN,SBE,757919.8658044795,2000908.4457238254,10.526664802839989
4705,TN,TIP,2434004.8360124975,6425772.76707299,33.805622722395775
4706,TN,BIO,986134.7163440174,2603395.6511482066,13.69631550477802
4706,TN,CSE,2074819.9900211473,5477524.77365583,28.816944305849262
4706,TN,EDU,4942323.9894323945,13047735.332101522,68.64338874211656
4706,TN,ENG,1919620.9861077254,5067799.403324395,26.66140258482952
4706,TN,GEO,321608.1905236844,849045.6229825267,4.46678042394006
4706,TN,MPS,1137057.9200111313,3001832.908829387,15.79247111126571
4706,TN,OIA,138602.52756429452,365910.67276973755,1.9250351050596464
4706,TN,OISE,26744.390658254553,70605.19133779201,0.37144987025353543
4706,TN,OPP,451606.2318816599,1192240.452167582,6.272308776134165
4706,TN,SBE,554945.0664625025,1465054.9754610069,7.707570367534755
4706,TN,TIP,2050855.3717773042,5414258.181492084,28.4841023857959
4707,TN,BIO,1229505.1881511717,3245893.696719094,17.076460946544046
4707,TN,CSE,1680553.7710458066,4436661.955560931,23.34102459785842
4707,TN,EDU,3683839.9457728,9725337.456840197,51.164443691288874
4707,TN,ENG,1613049.611579976,4258450.974571136,22.403466827499667
4707,TN,GEO,380182.23143521673,1003681.090988972,5.280308769933565
4707,TN,MPS,1188614.0230820177,3137941.0209365254,16.50852809836135
4707,TN,OIA,220253.96111846901,581470.4573527584,3.05908279331207
4707,TN,OISE,97773.52601878015,258122.1086895796,1.3579656391497243
4707,TN,OPP,1160776.635493663,3064450.31770327,16.12189771518976
4707,TN,SBE,581609.9037981515,1535450.1460271203,8.077915330529882
4707,TN,TIP,1814267.7700936485,4789666.913047231,25.198163473522886
4708,TN,BIO,483940.7434631152,1277603.5627426242,6.721399214765492
4708,TN,CSE,671122.0367984999,1771762.1771480397,9.321139399979165
4708,TN,EDU,1452257.3897768036,3833959.5090107596,20.17024152467782
4708,TN,ENG,255145.39025595092,673583.8302757102,3.543685975777095
4708,TN,GEO,137772.21394959322,363718.6448269261,1.9135029715221281
4708,TN,MPS,353847.3493280991,934157.0022261812,4.914546518445818
4708,TN,OIA,86040.86113800894,227147.87340434358,1.195011960250124
4708,TN,OISE,6325.385130303708,16699.016744001794,0.08785257125421818
4708,TN,OPP,4299789.335097576,11351443.8446576,59.719296320799664
4708,TN,SBE,150183.72116124793,396485.02386569453,2.0858850161284432
4708,TN,TIP,378193.96677603386,998432.072288729,5.252693983000469
4709,TN,BIO,1071021.746510293,2827497.4107871745,14.875302034865184
4709,TN,CSE,1431700.8415187914,3779690.2216096097,19.88473390998322
4709,TN,EDU,1994991.9980045978,5266778.874732138,27.708222194508295
4709,TN,ENG,382617.24882294604,1010109.5368925777,5.314128455874252
4709,TN,GEO,258069.53475107442,681303.5717428366,3.584299093764922
4709,TN,MPS,629934.8703715691,1663028.0577809426,8.749095421827347
4709,TN,OIA,128934.03441865915,340385.8508652602,1.7907504780369328
4709,TN,OISE,5922.387579450762,15635.103209750012,0.08225538304792725
4709,TN,OPP,9544418.788126327,25197265.60065351,132.5613720573101
4709,TN,SBE,319120.31305459974,842477.6264641434,4.432226570202775
4709,TN,TIP,726603.9444616534,1918234.4133787653,10.091721450856298
4801,TX,BIO,371301.1245750965,980234.9688782551,5.156960063543008
4801,TX,CSE,520547.0149007917,1374244.1193380903,7.229819651399884
4801,TX,EDU,528536.8571475792,1395337.3028696089,7.340789682605265
4801,TX,ENG,723984.3866310654,1911318.7807060122,10.055338703209241
4801,TX,GEO,272371.4440571542,719060.6123108868,3.782936723016031
4801,TX,MPS,499286.2894401515,1318115.804122,6.934531797779881
4801,TX,OIA,68485.95206076496,180802.9134404195,0.9511937786217356
4801,TX,OISE,24562.30052656217,64844.47339012414,0.3411430628689191
4801,TX,OPP,17604.81732796852,46476.7177458369,0.24451135177734054
4801,TX,SBE,88165.96909107047,232758.15840042607,1.2245273484870896
4801,TX,TIP,118723.37557273588,313429.7115120226,1.6489357718435533
4802,TX,BIO,768591.1119428301,2029080.535529072,10.674876554761525
4802,TX,CSE,1411362.9674165312,3725998.2339796433,19.602263436340717
4802,TX,EDU,1177178.414501193,3107751.0142831495,16.34970020140545
4802,TX,ENG,1277049.7263850565,3371411.2776565496,17.736801755348004
4802,TX,GEO,434592.5100688075,1147324.2265816524,6.036007084288994
4802,TX,MPS,1199734.0625794304,3167297.925209698,16.662973091380984
4802,TX,OIA,54425.06546576817,143682.17282962796,0.7559036870245579
4802,TX,OISE,65099.122809618406,171861.6842173926,0.9041544834669223
4802,TX,OPP,151085.80199494702,398866.51726666023,2.0984139165964866
4802,TX,SBE,209018.40703815332,551808.5945807251,2.9030334310854626
4802,TX,TIP,568716.3926029585,1501411.27647181,7.898838786152201
4803,TX,BIO,447542.8721152806,1181513.1823843408,6.21587322382334
4803,TX,CSE,1858512.0894516855,4906471.916152448,25.81266790905119
4803,TX,EDU,1294327.2470672277,3417023.9322574837,17.976767320378173
4803,TX,ENG,1446668.7187196258,3819205.4174198136,20.092621093328138
4803,TX,GEO,554595.2529885201,1464131.4678896929,7.702711847062776
4803,TX,MPS,1656920.404954947,4374269.869081061,23.012783402152053
4803,TX,OIA,116106.65226420898,306521.56197751156,1.6125923925584575
4803,TX,OISE,43224.72828277471,114113.28266652524,0.600343448371871
4803,TX,OPP,70554.66449264403,186264.31426058023,0.979925895731167
4803,TX,SBE,356506.39909797226,941176.8936186468,4.951477765249614
4803,TX,TIP,691324.5710880063,1825096.8676723358,9.601730154000087
4804,TX,BIO,316487.7686190396,835527.7091542649,4.395663453042215
4804,TX,CSE,746478.2108572433,1970702.4766631222,10.367752928572823
4804,TX,EDU,838933.1236612772,2214783.4464657726,11.651848939739962
4804,TX,ENG,665773.3699981812,1757641.6967951988,9.246852361085853
4804,TX,GEO,213927.55825281495,564768.7537874315,2.9712160868446515
4804,TX,MPS,713195.7571688752,1882836.79892583,9.905496627345489
4804,TX,OIA,49851.35080242683,131607.56611840683,0.692379872255928
4804,TX,OISE,84538.1239346088,223180.64718736723,1.1741406102029
4804,TX,OPP,32981.164451681274,87070.27415243856,0.4580717284955732
4804,TX,SBE,128716.06042129808,339810.39951222704,1.787723061406918
4804,TX,TIP,429923.54593531054,1134998.1612692191,5.971160360212643
4805,TX,BIO,426983.09924259735,1127235.3820004566,5.930320822813851
4805,TX,CSE,1135241.6914319529,2997038.065380356,15.76724571433268
4805,TX,EDU,772317.0510747657,2038917.014837381,10.726625709371739
4805,TX,ENG,915865.617779612,2417885.2309381757,12.720355802494614
4805,TX,GEO,323345.4915041077,853632.0975708442,4.490909604223717
4805,TX,MPS,919715.2122814492,2428048.160423026,12.773822392797912
4805,TX,OIA,32539.69104104928,85904.7843483701,0.4519401533479066
4805,TX,OISE,38418.63374123186,101425.19307685213,0.5335921352948869
4805,TX,OPP,68437.24669713921,180674.3312804475,0.9505173152380446
4805,TX,SBE,191733.99832990105,506177.75559093885,2.662972199026403
4805,TX,TIP,351116.774406498,926948.284433155,4.87662186675692
4806,TX,BIO,641965.9989063058,1694790.237112647,8.916194429254245
4806,TX,CSE,1797291.6186306821,4744849.873185002,24.96238359209281
4806,TX,EDU,797562.3582900706,2105564.625885785,11.077254976250973
4806,TX,ENG,1331437.0034750006,3514993.689174002,18.49218060381945
4806,TX,GEO,492817.5833016508,1301038.419916358,6.844688656967373
4806,TX,MPS,1345150.6681369597,3551197.7638815735,18.682648168568885
4806,TX,OIA,26532.024581116228,70044.54489414683,0.368500341404392
4806,TX,OISE,91690.05171455564,242061.73652642692,1.2734729404799396
4806,TX,OPP,118274.84659565394,312245.59501252644,1.6427062027174157
4806,TX,SBE,256613.02780889103,677458.3934154725,3.5640698306790415
4806,TX,TIP,490056.6850741264,1293749.6485956938,6.806342848251758
4807,TX,BIO,2594179.895989613,6848634.9254125785,36.030276333189065
4807,TX,CSE,4626865.957037317,12214926.126578521,64.26202718107383
4807,TX,EDU,4392687.047493035,11596693.805381615,61.00954232629216
4807,TX,ENG,4918514.70468282,12984878.820362646,68.31270423170582
4807,TX,GEO,1113449.3052844063,2939506.165950833,15.464573684505641
4807,TX,MPS,5356968.315920511,14142396.35403015,74.40233772111817
4807,TX,OIA,64666.330793287714,170719.11329427958,0.8981434832401073
4807,TX,OISE,223480.4721945179,589988.4465935271,3.1038954471460816
4807,TX,OPP,291315.0585116695,769071.7544708076,4.046042479328744
4807,TX,SBE,804465.7752582785,2123789.646681856,11.173135767476092
4807,TX,TIP,1278294.4325467322,3374697.301923376,17.75408934092685
4808,TX,BIO,667479.1779603589,1762145.0298153479,9.27054413833832
4808,TX,CSE,1589025.0196298743,4195026.051822868,22.069791939303816
4808,TX,EDU,1379913.3437830731,3642971.2275873134,19.16546310809824
4808,TX,ENG,1632223.6240973792,4309070.367617081,22.669772556908043
4808,TX,GEO,493483.66548487375,1302796.876880067,6.853939798401027
4808,TX,MPS,1219871.0509317352,3220459.574459782,16.942653485162992
4808,TX,OIA,51780.46091082857,136700.41680458744,0.7191730682059525
4808,TX,OISE,69321.04264479663,183007.55258226307,0.9627922589555087
4808,TX,OPP,123193.3333016693,325230.399916407,1.7110185180787405
4808,TX,SBE,237608.02351997615,627285.182092737,3.3001114377774456
4808,TX,TIP,508339.08161804895,1342015.175471649,7.0602650224729
4809,TX,BIO,2465013.6783458674,6507636.110833093,34.236301088137076
4809,TX,CSE,2993599.022824764,7903101.420257378,41.5777642058995
4809,TX,EDU,3646120.4086967385,9625757.87895939,50.64056123189912
4809,TX,ENG,3361887.1902691545,8875382.182310568,46.69287764262715
4809,TX,GEO,868720.2211565396,2293421.383853264,12.065558627174163
4809,TX,MPS,3714804.02199817,9807082.61807517,51.594500305530154
4809,TX,OIA,51970.601639044246,137202.38832707686,0.7218139116533924
4809,TX,OISE,164750.92034498666,434942.42971076485,2.2882072270137037
4809,TX,OPP,201246.8086802322,531291.574915813,2.7950945650032253
4809,TX,SBE,589945.0590396813,1557454.955864759,8.193681375551131
4809,TX,TIP,1460873.673014422,3856706.4967580736,20.289912125200303
4810,TX,BIO,3440023.30193148,9081661.517099112,47.77810141571502
4810,TX,CSE,12028329.330753444,31754789.433189087,167.06012959379788
4810,TX,EDU,6487677.752142398,17127469.265655912,90.10663544642213
4810,TX,ENG,14830851.306760726,39153447.449848324,205.98404592723233
4810,TX,GEO,5668456.323611245,14964724.694333693,78.7285600501562
4810,TX,MPS,10500159.708160918,27720421.62954482,145.83555150223495
4810,TX,OIA,239758.16377332166,632961.5523615691,3.3299744968516896
4810,TX,OISE,705337.8258136695,1862091.8601480874,9.79635869185652
4810,TX,OPP,601288.0956094485,1587400.5724089441,8.351223550131229
4810,TX,SBE,1546642.1335790746,4083135.2326487554,21.481140744153816
4810,TX,TIP,2445955.5577358413,6457322.672422623,33.97160496855336
4811,TX,BIO,246273.66199436728,650162.4676651295,3.420467527699547
4811,TX,CSE,527754.0355894871,1393270.653956246,7.329917160965097
4811,TX,EDU,750335.502499877,1980885.7265996758,10.421326423609404
4811,TX,ENG,582720.142320555,1538381.1757262652,8.093335310007708
4811,TX,GEO,278424.75539496547,735041.3542427089,3.8670104915967425
4811,TX,MPS,421260.04955159326,1112126.5308162065,5.850834021549907
4811,TX,OIA,34282.98228794466,90507.07324017392,0.4761525317770093
4811,TX,OISE,84707.76512354582,223628.49992616093,1.176496737827025
4811,TX,OPP,73170.82269700502,193170.97192009323,1.0162614263472918
4811,TX,SBE,60389.31637012084,159427.79521711904,0.8387405051405674
4811,TX,TIP,342466.5308827203,904111.6415303821,4.7564795955933405
4812,TX,BIO,631064.7038191245,1666010.8180824881,8.76478755304339
4812,TX,CSE,838638.7229017221,2214006.228460546,11.647760040301694
4812,TX,EDU,676615.4147295534,1786264.6948860206,9.39743631568824
4812,TX,ENG,672007.7834203823,1774100.5482298099,9.3334414363942
4812,TX,GEO,201356.21849740826,531580.4168331579,2.7966141457973377
4812,TX,MPS,682763.5879663475,1802495.8722311575,9.482827610643717
4812,TX,OIA,45403.41519317543,119865.01610998317,0.6306029887941034
4812,TX,OISE,61131.10893276347,161386.12758249554,0.8490431796217149
4812,TX,OPP,64863.698383718656,171240.16373301728,0.9008846997738703
4812,TX,SBE,193192.847399968,510029.1171359156,2.6832339916662225
4812,TX,TIP,377909.9690802179,997682.3183717757,5.248749570558583
4813,TX,BIO,638258.318192833,1685001.9600290789,8.864698863789345
4813,TX,CSE,1214692.5470946105,3206788.3243297716,16.870729820758477
4813,TX,EDU,1288445.2867057365,3401495.556903142,17.89507342646855
4813,TX,ENG,1133020.366475058,2991173.7674941528,15.73639397882025
4813,TX,GEO,401629.7072566965,1060302.4271576786,5.578190378565228
4813,TX,MPS,686536.5344664383,1812456.450991397,9.535229645367197
4813,TX,OIA,26787.323630135837,70718.53438355862,0.37204616152966435
4813,TX,OISE,62383.81405376439,164693.26910193803,0.866441861857839
4813,TX,OPP,91410.99191355857,241325.01865179464,1.2695971099105359
4813,TX,SBE,120238.62652434115,317429.9740242606,1.6699809239491827
4813,TX,TIP,391375.8939158553,1033232.3599378583,5.4357763043868825
4814,TX,BIO,783389.67891163,2068148.7523267034,10.880412207105968
4814,TX,CSE,1048722.8319959196,2768628.276469228,14.56559488883222
4814,TX,EDU,1605789.3364123302,4239283.848128551,22.302629672393465
4814,TX,ENG,1275815.2329563752,3368152.21500483,17.719656013282997
4814,TX,GEO,357782.75811287505,944546.4814179902,4.969204973789932
4814,TX,MPS,1088301.7517784776,2873116.6246951823,15.115302108034415
4814,TX,OIA,63687.21504628755,168134.24772219916,0.8845446534206604
4814,TX,OISE,66766.53918789933,176263.66345605414,0.9273130442763794
4814,TX,OPP,118260.35413005012,312207.33490333235,1.6425049184729184
4814,TX,SBE,260752.21169800407,688385.8388827306,3.621558495805613
4814,TX,TIP,756429.8208900008,1996974.7271496027,10.505969734583353
4815,TX,BIO,407244.31203124824,1075124.983762495,5.656171000434004
4815,TX,CSE,1410724.3165751027,3724312.195758271,19.593393285765313
4815,TX,EDU,3557804.4870641655,9392603.845849397,49.41395120922452
4815,TX,ENG,798300.6308896191,2107513.6655485947,11.087508762355823
4815,TX,GEO,340432.97570484236,898743.055860784,4.7282357736783664
4815,TX,MPS,1736415.2854459614,4584136.353577337,24.11687896452724
4815,TX,OIA,35514.31853218649,93757.80092497233,0.49325442405814557
4815,TX,OISE,14864.365727303428,39241.92552008106,0.2064495239903254
4815,TX,OPP,116949.47561679594,308746.6156283413,1.624298272455499
4815,TX,SBE,259766.466683497,685783.4720444323,3.607867592826348
4815,TX,TIP,331994.5476002035,876465.6056645372,4.61103538333616
4816,TX,BIO,1718649.8726693178,4537235.663847,23.87013712040719
4816,TX,CSE,2520994.532876195,6655425.566793156,35.01381295661382
4816,TX,EDU,7348314.873243796,19399551.26536362,102.05992879505271
4816,TX,ENG,909857.9365492587,2402024.9524900434,12.636915785406371
4816,TX,GEO,3150335.7921557976,8316886.491291306,43.75466377994164
4816,TX,MPS,1270213.4784155632,3353363.583017087,17.641853866882823
4816,TX,OIA,276219.2001013168,729218.6882674763,3.8363777791849554
4816,TX,OISE,12259.20519393454,32364.301711987184,0.17026673880464638
4816,TX,OPP,471076.7709619168,1243642.6753394601,6.542732930026622
4816,TX,SBE,568785.0142898469,1501592.4377251957,7.899791865136763
4816,TX,TIP,395692.8733655206,1044629.1856849748,5.495734352298898
4817,TX,BIO,1448490.1498208425,3824013.9955270234,20.117918747511705
4817,TX,CSE,4767031.556766757,12584963.309864242,66.20877162176052
4817,TX,EDU,2779480.111834201,7337827.495242291,38.60389044214168
4817,TX,ENG,2951667.986098811,7792403.483300861,40.99538869581681
4817,TX,GEO,1844954.9426404077,4870681.048570678,25.624374203339006
4817,TX,MPS,4102202.17172995,10829813.73336707,56.975030162915964
4817,TX,OIA,84527.1827060487,223151.7623439686,1.173988648695121
4817,TX,OISE,160005.91849040502,422415.62481466925,2.2223044234778477
4817,TX,OPP,913417.6421604903,2411422.5753036942,12.686356141117919
4817,TX,SBE,605613.6524785723,1598820.0425434306,8.41130072886906
4817,TX,TIP,974020.8361640269,2571415.0074730315,13.528067168944824
4818,TX,BIO,1358153.2089554344,3585524.471642347,18.863239013269926
4818,TX,CSE,2071051.0669566414,5467574.816765535,28.764598152175576
4818,TX,EDU,2217724.0209854264,5854791.415401529,30.801722513686485
4818,TX,ENG,2176606.583055795,5746241.379267301,30.23064698688604
4818,TX,GEO,622106.1759217266,1642360.3044333581,8.640363554468426
4818,TX,MPS,2284483.483910443,6031036.397523569,31.728937276533937
4818,TX,OIA,45163.06481956572,119230.4911236535,0.627264789160635
4818,TX,OISE,120659.99990049246,318542.39973730023,1.6758333319512848
4818,TX,OPP,217135.80052934034,573238.5133974586,3.0157750073519494
4818,TX,SBE,347743.9424774872,918044.0081405665,4.829776978853989
4818,TX,TIP,881533.518803186,2327248.489640412,12.243521094488692
4819,TX,BIO,1749065.6714422319,4617533.372607494,24.292578770031003
4819,TX,CSE,2226246.376455719,5877290.4338430995,30.920088561884995
4819,TX,EDU,2419082.1877333526,6386376.975616048,33.598363718518776
4819,TX,ENG,4501569.697000726,11884144.000081914,62.521801347232284
4819,TX,GEO,1054940.2954676058,2785042.3800344793,14.651948548161197
4819,TX,MPS,1748386.3902011013,4615740.070130909,24.283144308348636
4819,TX,OIA,24768.03048668589,65387.60048485076,0.34400042342619286
4819,TX,OISE,189367.57246565644,499930.391309333,2.6301051731341167
4819,TX,OPP,503820.1299624035,1330085.1431007453,6.997501805033382
4819,TX,SBE,116098.56791116623,306500.2192854789,1.6124801098773085
4819,TX,TIP,551231.0036380484,1455249.8496044471,7.65598616163956
4820,TX,BIO,611606.1399261479,1614640.2094050301,8.494529721196496
4820,TX,CSE,2740386.1542112455,7234619.447117692,38.060918808489525
4820,TX,EDU,2218031.1344474023,5855602.194941142,30.80598797843614
4820,TX,ENG,1562452.6302786125,4124874.943935536,21.700730976091837
4820,TX,GEO,616473.9501033059,1627491.2282727275,8.562138195879248
4820,TX,MPS,1303160.3973475595,3440343.4489975586,18.09944996316056
4820,TX,OIA,298912.2717438764,789128.3974038339,4.151559329776062
4820,TX,OISE,29697.624680395704,78401.72915624466,0.4124670094499403
4820,TX,OPP,196262.20215819392,518132.21369763196,2.7258639188638045
4820,TX,SBE,409698.7722920744,1081604.7588510762,5.690260726278809
4820,TX,TIP,639351.9234211689,1687889.0778318858,8.879887825294011
4821,TX,BIO,718287.8959844288,1896280.0453988926,9.976220777561515
4821,TX,CSE,2982264.144315221,7873177.340992181,41.42033533771139
4821,TX,EDU,2302248.2364119566,6077935.344127567,31.97566995016606
4821,TX,ENG,1686431.813539795,4452179.987745059,23.422664076941597
4821,TX,GEO,804023.4496133317,2122621.906979196,11.166992355740717
4821,TX,MPS,1642837.3124651301,4337090.504907943,22.81718489534903
4821,TX,OIA,427941.7093240874,1129766.1126155911,5.943634851723437
4821,TX,OISE,41565.50546933481,109732.9344390439,0.5772986870740945
4821,TX,OPP,275698.3157481153,727843.5535750245,3.829143274279379
4821,TX,SBE,439984.7727449885,1161559.8000467697,6.1108996214581754
4821,TX,TIP,1007809.4267621363,2660616.8866520394,13.997353149474117
4822,TX,BIO,1140191.8195146665,3010106.4035187196,15.835997493259256
4822,TX,CSE,1938150.103868208,5116716.274212067,26.918751442613985
4822,TX,EDU,1753532.2029190375,4629325.015706263,24.35461392943108
4822,TX,ENG,1890955.2100101658,4992121.754426838,26.263266805696745
4822,TX,GEO,510474.1517309659,1347651.7605697506,7.089918774041193
4822,TX,MPS,1885408.7303161842,4977479.048034727,26.18623236550256
4822,TX,OIA,55436.79630014836,146353.14223239166,0.7699555041687274
4822,TX,OISE,89260.14217742467,235646.77534840113,1.2397241969086756
4822,TX,OPP,157780.70989887812,416541.0741330383,2.1913987485955295
4822,TX,SBE,311733.16200468806,822975.5476923765,4.329627250065111
4822,TX,TIP,757632.8089601626,2000150.615654829,10.52267790222448
4823,TX,BIO,428938.68693414744,1132398.1335061493,5.957481762974271
4823,TX,CSE,1695476.8180507903,4476058.799654087,23.54828913959432
4823,TX,EDU,1944697.115455488,5134000.384802488,27.009682159104017
4823,TX,ENG,1049205.4525830927,2769902.394819365,14.572297952542954
4823,TX,GEO,522507.5909352484,1379420.0400690557,7.257049874100672
4823,TX,MPS,803414.9936146581,2121015.583142697,11.158541577981358
4823,TX,OIA,247938.35809526668,654557.265371504,3.443588306878704
4823,TX,OISE,24696.0262232624,65197.50922941274,0.34300036421197777
4823,TX,OPP,120068.54927179155,316980.97007752967,1.6676187398859936
4823,TX,SBE,266258.32330414857,702921.9735229523,3.6980322681131743
4823,TX,TIP,720655.0742507781,1902529.3960220544,10.009098253483032
4824,TX,BIO,701110.4790413221,1850931.66466909,9.73764554224059
4824,TX,CSE,1729113.293219837,4564859.094100369,24.015462405831066
4824,TX,EDU,986135.75731695,2603398.399316747,13.696329962735417
4824,TX,ENG,1417745.6751980332,3742848.582522808,19.690912155528242
4824,TX,GEO,421089.01584959176,1111675.0018429218,5.848458553466551
4824,TX,MPS,1442716.3559901193,3808771.179813915,20.037727166529436
4824,TX,OIA,66213.57476510278,174803.83737987137,0.9196329828486495
4824,TX,OISE,85523.58434043001,225782.26265873516,1.18782756028375
4824,TX,OPP,88960.9533031155,234856.91672022495,1.2355687958766042
4824,TX,SBE,314029.445103771,829037.7350739555,4.361520070885709
4824,TX,TIP,582004.6673143546,1536492.3217098978,8.08339815714382
4825,TX,BIO,994855.2497498078,2626417.859339492,13.817434024302877
4825,TX,CSE,2327704.0138176936,6145138.59647871,32.32922241413463
4825,TX,EDU,920863.4490393073,2431079.505463771,12.789770125545935
4825,TX,ENG,1901711.1825998644,5020517.522063644,26.412655313887008
4825,TX,GEO,448135.19519412826,1183076.9153124988,6.224099933251782
4825,TX,MPS,1513194.1510117874,3994832.5586711187,21.016585430719267
4825,TX,OIA,77121.998413192,203602.07581082688,1.071138866849889
4825,TX,OISE,211845.86087642264,559273.0727137558,2.9423036232836477
4825,TX,OPP,81679.94233562014,215635.04776603717,1.1344436435502798
4825,TX,SBE,272978.9876087726,720664.5272871595,3.791374827899619
4825,TX,TIP,916999.7996971144,2420879.4712003823,12.73610832912659
4826,TX,BIO,710880.0020715143,1876723.2054687976,9.873333362104365
4826,TX,CSE,1649074.434174335,4353556.506220246,22.90381158575466
4826,TX,EDU,1117429.6387777762,2950014.2463733284,15.519856094135777
4826,TX,ENG,1170426.3502314393,3089925.564611,16.25592153099221
4826,TX,GEO,354445.35396747215,935735.7344741265,4.922852138437111
4826,TX,MPS,1001808.4555222676,2644774.322578787,13.914006326698157
4826,TX,OIA,33883.50067570852,89452.44178387051,0.47060417605150734
4826,TX,OISE,69856.14550173968,184420.22412459273,0.9702242430797179
4826,TX,OPP,99065.680339111,261533.39609525306,1.3759122269320971
4826,TX,SBE,213205.81199068794,562863.3436554164,2.961191833203999
4826,TX,TIP,552073.7652186434,1457474.7401772188,7.667691183592275
4827,TX,BIO,704924.7840768178,1861001.4299628004,9.790622001066918
4827,TX,CSE,1760130.487133965,4646744.486033669,24.446256765749506
4827,TX,EDU,2907049.6246772944,7674611.009148056,40.37568923162908
4827,TX,ENG,871580.4091761808,2300972.2802251177,12.105283460780289
4827,TX,GEO,1169581.2730068816,3087694.5607381663,16.244184347317795
4827,TX,MPS,710021.6680822049,1874457.203737021,9.861412056697294
4827,TX,OIA,43008.0718243943,113541.30961640095,0.5973343308943652
4827,TX,OISE,48838.69893673026,128934.16519296789,0.6783152630101427
4827,TX,OPP,1207879.6600904872,3188802.3026388865,16.776106390145657
4827,TX,SBE,549810.2387059217,1451499.0301836329,7.636253315360022
4827,TX,TIP,525828.5933663762,1388187.4864872335,7.303174907866337
4828,TX,BIO,431087.9255457624,1138072.1234408123,5.987332299246698
4828,TX,CSE,1560243.9721851926,4119044.0865689088,21.670055169238786
4828,TX,EDU,1652240.0555045356,4361913.746531973,22.947778548674105
4828,TX,ENG,887317.997870658,2342519.5143785374,12.323861081536917
4828,TX,GEO,316423.2584597883,835357.4023338411,4.394767478608171
4828,TX,MPS,689340.8074761468,1819859.7317370272,9.574177881613148
4828,TX,OIA,134537.61459274587,355179.30252484913,1.8685779804548042
4828,TX,OISE,23939.005497519363,63198.97451345112,0.3324861874655467
4828,TX,OPP,146184.15637149825,385926.1728207554,2.0303355051596976
4828,TX,SBE,211547.00377238236,558484.0899590894,2.938152830171977
4828,TX,TIP,354472.25121146516,935806.743198268,4.923225711270349
4829,TX,BIO,1006196.0287943664,2656357.5160171287,13.974944844366194
4829,TX,CSE,1843336.2897143182,4866407.804845803,25.601892912698876
4829,TX,EDU,1713273.632831097,4523042.390674097,23.795467122654124
4829,TX,ENG,1755339.014071659,4634094.997149181,24.379708528773044
4829,TX,GEO,520447.7610618527,1373982.0892032909,7.228441125859064
4829,TX,MPS,1656779.4466827558,4373897.739242478,23.01082564837162
4829,TX,OIA,39815.373810390425,105112.58685943074,0.5529913029220893
4829,TX,OISE,84909.73676497357,224161.70505953024,1.1793018995135214
4829,TX,OPP,165035.06138305052,435692.5620512534,2.292153630320146
4829,TX,SBE,276974.3878631025,731212.3839585906,3.8468664980986453
4829,TX,TIP,848558.5811317873,2240194.654187917,11.785535849052597
4830,TX,BIO,668235.8976306609,1764142.7697449455,9.28105413375918
4830,TX,CSE,1013076.3427063619,2674521.544744795,14.07050475981058
4830,TX,EDU,684545.8334148455,1807201.0002151912,9.50758101965063
4830,TX,ENG,879537.0029399279,2321977.68776141,12.215791707499001
4830,TX,GEO,235698.85367885238,622244.9737121704,3.273595189984061
4830,TX,MPS,852618.0847283753,2250911.7436829107,11.841917843449657
4830,TX,OIA,39337.859565961444,103851.94925413824,0.5463591606383534
4830,TX,OISE,63266.031644244256,167022.32354080482,0.8786948839478369
4830,TX,OPP,53690.44242167099,141742.76799321143,0.7457005891898749
4830,TX,SBE,173281.62074295207,457463.47876139346,2.406689176985446
4830,TX,TIP,388121.0882826521,1024639.6730662012,5.390570670592385
4831,TX,BIO,767846.7046239226,2027115.300207156,10.664537564221147
4831,TX,CSE,3125156.958424279,8250414.370240099,43.40495775589278
4831,TX,EDU,1255311.6315226066,3314022.7072196812,17.434883771147312
4831,TX,ENG,1943237.8053846445,5130147.806215462,26.989413963675624
4831,TX,GEO,763785.9656958714,2016394.9494371007,10.608138412442658
4831,TX,MPS,1380876.900345961,3645515.016913336,19.178845838138347
4831,TX,OIA,67057.37521562178,177031.47056924153,0.9313524335503025
4831,TX,OISE,74581.36753535378,196894.810293334,1.0358523268799138
4831,TX,OPP,398945.7328754031,1053216.7347910644,5.5409129566028215
4831,TX,SBE,275184.8069820683,726487.8904326602,3.822011208084282
4831,TX,TIP,808080.4767494185,2133332.4586184644,11.22333995485303
4832,TX,BIO,673859.3455301054,1778988.6721994772,9.359157576807018
4832,TX,CSE,2759170.2272529933,7284209.399947901,38.32180871184711
4832,TX,EDU,1349980.2713493071,3563947.9163621743,18.749725990962617
4832,TX,ENG,2368464.9631521897,6252747.502721779,32.89534671044708
4832,TX,GEO,761160.4257185437,2009463.5238969557,10.57167257942422
4832,TX,MPS,2541497.0482192333,6709552.2072987715,35.298570114156
4832,TX,OIA,39719.93234441753,104860.62138926229,0.551665727005799
4832,TX,OISE,57334.05491922518,151361.90498675453,0.7963063183225719
4832,TX,OPP,73832.83379946896,194918.68123059804,1.0254560249926243
4832,TX,SBE,612003.0294356616,1615687.9977101472,8.500042075495303
4832,TX,TIP,503567.2027682067,1329417.4153080662,6.993988927336207
4833,TX,BIO,674321.1026168915,1780207.7109085936,9.365570869679045
4833,TX,CSE,1410318.5334489322,3723240.9283051807,19.58775740901295
4833,TX,EDU,675219.5003123168,1782579.4808245173,9.378048615448844
4833,TX,ENG,1002639.6201955033,2646968.597316129,13.9255502804931
4833,TX,GEO,340535.91682664835,899014.820422352,4.729665511481229
4833,TX,MPS,981999.4207592736,2592478.4708044822,13.638880843878798
4833,TX,OIA,57341.7630199947,151382.25437278606,0.7964133752777041
4833,TX,OISE,59708.23900143929,157629.75096379974,0.8292810972422123
4833,TX,OPP,105655.66938319014,278930.9671716219,1.4674398525443073
4833,TX,SBE,219562.75299887304,579645.6679170248,3.0494826805399033
4833,TX,TIP,397843.8253031818,1050307.6988003992,5.525608684766409
4834,TX,BIO,162779.2287007282,429737.1637699226,2.2608226208434483
4834,TX,CSE,861018.8821951462,2273089.848995186,11.958595586043696
4834,TX,EDU,1757544.606040476,4639917.759946859,24.410341750562168
4834,TX,ENG,444474.6392030834,1173413.0474961405,6.173258877820603
4834,TX,GEO,142643.11287073142,376577.81797873083,1.9811543454268246
4834,TX,MPS,645721.0333600963,1704703.5280706545,8.96834768555689
4834,TX,OIA,11653.475673000556,30765.175776721473,0.1618538287916744
4834,TX,OISE,5873.065311943425,15504.892423530644,0.08157035155476978
4834,TX,OPP,40851.20862970341,107847.190782417,0.5673778976347695
4834,TX,SBE,102520.00496687602,270652.81311255274,1.4238889578732776
4834,TX,TIP,132402.0024146256,349541.28637461166,1.8389167002031335
4835,TX,BIO,1959193.501679581,5172270.844434094,27.211020856660845
4835,TX,CSE,9016202.919008443,23802775.70618229,125.22504054178391
4835,TX,EDU,3487410.450560534,9206763.589479808,48.436256257785175
4835,TX,ENG,4205231.387507749,11101810.863020457,58.40599149316319
4835,TX,GEO,1817865.7378984112,4799165.548051804,25.24813524858904
4835,TX,MPS,3757213.7229683856,9919044.228636539,52.18352393011646
4835,TX,OIA,248657.88389755032,656456.8134895328,3.4535817207993103
4835,TX,OISE,140046.74773462408,369723.4140194076,1.9450937185364452
4835,TX,OPP,1100086.2617853202,2904227.7311132457,15.278975858129447
4835,TX,SBE,909903.3184777896,2402144.7607813645,12.6375460899693
4835,TX,TIP,1759362.0354791633,4644715.77366499,24.435583826099485
4836,TX,BIO,803510.6406537183,2121268.0913258162,11.15987000907942
4836,TX,CSE,1233337.2070032277,3256010.2264885213,17.12968343060038
4836,TX,EDU,1660701.100641371,4384250.905693221,23.06529306446349
4836,TX,ENG,1259782.292841749,3325825.2531022183,17.49697628946874
4836,TX,GEO,416120.4114548309,1098557.8862407538,5.779450159094874
4836,TX,MPS,1308233.3308453823,3453735.9934318103,18.169907372852524
4836,TX,OIA,43152.72316482477,113923.18915513736,0.5993433772892328
4836,TX,OISE,71958.07770187625,189969.32513295335,0.9994177458593924
4836,TX,OPP,126631.348700125,334306.76056833006,1.7587687319461807
4836,TX,SBE,205354.87896873747,542136.880477467,2.8521510967880204
4836,TX,TIP,974889.6434084242,2573708.658598241,13.540133936228113
4837,TX,BIO,3846356.893849975,10154382.199763935,53.421623525694095
4837,TX,CSE,19008839.71762246,50183336.8545233,264.0116627447563
4837,TX,EDU,4448126.764910934,11743054.659364864,61.77953840154073
4837,TX,ENG,8307351.700306918,21931408.488810267,115.37988472648497
4837,TX,GEO,3824384.3935724446,10096374.799031256,53.11644991072839
4837,TX,MPS,6650552.69050518,17557459.102933675,92.36878736812749
4837,TX,OIA,259897.19098257524,686128.5841939987,3.609683208091323
4837,TX,OISE,300880.7106718938,794325.0761737996,4.178898759331858
4837,TX,OPP,2442814.691621724,6449030.785881352,33.927981828079496
4837,TX,SBE,1491405.3441401394,3937310.1085299687,20.71396311305749
4837,TX,TIP,3088563.0714023085,8153806.508502096,42.89670932503206
4838,TX,BIO,1064077.6098836532,2809164.8900928427,14.778855692828511
4838,TX,CSE,2093233.295689851,5526135.9006212065,29.072684662359045
4838,TX,EDU,1788484.489437831,4721599.052115873,24.840062353303207
4838,TX,ENG,1922965.8206822835,5076629.766601228,26.707858620587277
4838,TX,GEO,623433.8011064582,1645865.2349210505,8.658802793145256
4838,TX,MPS,1865906.3429442162,4925992.745372729,25.915365874225213
4838,TX,OIA,75714.56675017226,199886.45622045477,1.0515912048635039
4838,TX,OISE,95934.17171716853,253266.21333332497,1.3324190516273404
4838,TX,OPP,229189.55225001404,605060.4179400371,3.1831882256946398
4838,TX,SBE,335131.78479821165,884747.9118672789,4.654608122197385
4838,TX,TIP,708458.2385102609,1870329.7496670887,9.839697757086967
4901,UT,BIO,2821170.6145039164,7447890.422290336,39.182925201443275
4901,UT,CSE,4582438.2129313825,12097636.882138852,63.64497517960255
4901,UT,EDU,4485492.6099772025,11841700.490339816,62.29850847190559
4901,UT,ENG,8494170.39183476,22424609.83444377,117.9745887754828
4901,UT,GEO,2932398.3458356126,7741531.6330060195,40.727754803272404
4901,UT,MPS,5159140.911197545,13620132.005561521,71.65473487774368
4901,UT,OIA,47341.75838319139,124982.24213162527,0.6575244219887694
4901,UT,OISE,351340.9193336995,927540.0270409668,4.879734990745827
4901,UT,OPP,1537501.0089865546,4059002.6637245044,21.354180680368817
4901,UT,SBE,691147.2037955872,1824628.6180203506,9.599266719383156
4901,UT,TIP,1979244.146695891,5225204.547277151,27.48950203744293
4902,UT,BIO,1454035.0578174354,3838652.5526380287,20.194931358575488
4902,UT,CSE,4332863.266062356,11438759.02240462,60.17865647308827
4902,UT,EDU,1868765.735300398,4933541.5411930485,25.955079656949977
4902,UT,ENG,2364567.679578777,6242458.674087971,32.84121777192746
4902,UT,GEO,1563664.8909476914,4128075.312101906,21.717567929829052
4902,UT,MPS,4906967.860883304,12954395.152731922,68.15233140115699
4902,UT,OIA,401593.07857666817,1060205.727442404,5.57768164689817
4902,UT,OISE,387988.02308431,1024288.3809425785,5.388722542837639
4902,UT,OPP,199405.38864697836,526430.226028023,2.7695192867635883
4902,UT,SBE,456179.66879973357,1204314.3256312965,6.335828733329633
4902,UT,TIP,1272326.5026392485,3358941.9669676176,17.671201425545124
4903,UT,BIO,1482561.9093917722,3913963.4407942775,20.59113763044127
4903,UT,CSE,3667144.1117714792,9681260.455076706,50.93255710793721
4903,UT,EDU,2875717.8488413063,7591895.1209410485,39.940525678351456
4903,UT,ENG,3253709.5858998136,8589793.306775508,45.19041091527519
4903,UT,GEO,1569368.8414061682,4143133.741312283,21.79678946397456
4903,UT,MPS,5000113.519938383,13200299.692637332,69.44602111025532
4903,UT,OIA,62384.59918919169,164695.34185946608,0.8664527665165512
4903,UT,OISE,261764.63718207646,691058.6421606819,3.635619960862173
4903,UT,OPP,450999.4692751129,1190638.5988862982,6.263881517709902
4903,UT,SBE,324214.5005709438,855926.2815072917,4.502979174596442
4903,UT,TIP,2079609.7158533554,5490169.649852862,28.88346827574105
4904,UT,BIO,1179253.2803858733,3113228.660218706,16.378517783137127
4904,UT,CSE,3185918.793432695,8410825.614662316,44.24887213100965
4904,UT,EDU,1925860.991157598,5084273.01665606,26.748069321633306
4904,UT,ENG,2282834.904748556,6026684.148536187,31.70604034372994
4904,UT,GEO,1348629.6837377148,3560382.3650675677,18.73096782969049
4904,UT,MPS,3851390.8827479603,10167671.930454616,53.49154003816613
4904,UT,OIA,62483.05106483533,164955.25481116527,0.8678201536782684
4904,UT,OISE,261706.48247251872,690905.1137274494,3.63481225656276
4904,UT,OPP,269328.88122653443,711028.246438051,3.74067890592409
4904,UT,SBE,313375.82524062967,827312.1786352621,4.352442017230967
4904,UT,TIP,1258243.112398903,3321761.8167331046,17.475598783318098
5000,VT,BIO,2552388.079727308,6738304.530480091,35.44983444065705
5000,VT,CSE,1524545.9441320875,4024801.292508711,21.174249224056773
5000,VT,EDU,2342051.2252686135,6183015.234709141,32.52848923984186
5000,VT,ENG,2097052.433576058,5536218.424640793,29.125728244111915
5000,VT,GEO,2861786.9021250196,7555117.421610052,39.74704030729193
5000,VT,MPS,2626842.147704375,6934863.26993955,36.483918718116314
5000,VT,OIA,14922045.97008886,39394201.361034594,207.25063847345638
5000,VT,OISE,630224.5290909848,1663792.7568001999,8.753118459597012
5000,VT,OPP,4636083.733358389,12239261.056066144,64.39005185219985
5000,VT,SBE,1414650.9016520088,3734678.3803613046,19.64792918961124
5000,VT,TIP,1330402.576039173,3512262.800743418,18.47781355609963
5101,VA,BIO,1389120.8613633977,3667279.073999371,19.293345296713863
5101,VA,CSE,2548225.644176013,6727315.700624675,35.39202283577796
5101,VA,EDU,2400010.6613319437,6336028.1459163325,33.333481407388106
5101,VA,ENG,1239486.6741898004,3272244.8198610726,17.21509269708056
5101,VA,GEO,2141203.5573209827,5652777.391327392,29.738938296124754
5101,VA,MPS,4633998.778130169,12233756.774263646,64.3610941406968
5101,VA,OIA,77484.635375918,204559.43739242354,1.0761754913321944
5101,VA,OISE,38514.04259396096,101677.07244805695,0.5349172582494577
5101,VA,OPP,1509495.7274633702,3985068.7205032976,20.965218436991254
5101,VA,SBE,456110.1961661952,1204130.9178787556,6.334863835641602
5101,VA,TIP,742248.9253251209,1959537.1628583192,10.309012851737789
5102,VA,BIO,422360.8715134577,1115032.7007955285,5.866123215464692
5102,VA,CSE,1137982.0287375888,3004272.555867234,15.805305954688732
5102,VA,EDU,2453076.3973213816,6476121.688928449,34.070505518352526
5102,VA,ENG,1028790.3111352026,2716006.421396935,14.288754321322257
5102,VA,GEO,1131269.202332972,2986550.6941590463,15.71207225462461
5102,VA,MPS,3118900.4209497212,8233897.111307262,43.31806140207946
5102,VA,OIA,61913.002374378804,163450.32626836005,0.8599028107552613
5102,VA,OISE,54469.65942053767,143799.90087021946,0.7565230475074676
5102,VA,OPP,3042381.970385106,8031888.401816679,42.25530514423759
5102,VA,SBE,320104.04388112266,845074.6758461639,4.445889498348927
5102,VA,TIP,628546.346760057,1659362.3554465505,8.729810371667458
5103,VA,BIO,779794.1557599034,2058656.571206146,10.830474385554213
5103,VA,CSE,1992607.4736438037,5260483.730419642,27.675103800608387
5103,VA,EDU,4178284.2550186184,11030670.433249151,58.03172576414748
5103,VA,ENG,1456545.3958244245,3845279.844976481,20.229797164228117
5103,VA,GEO,2243912.1075179907,5923927.963847497,31.165445937749872
5103,VA,MPS,5370487.482904725,14178086.954868475,74.59010392923227
5103,VA,OIA,34813.13110906504,91906.66612793168,0.4835157098481255
5103,VA,OISE,56755.594393361986,149834.76919847564,0.7882721443522498
5103,VA,OPP,3248492.298114581,8576019.667022493,45.11794858492473
5103,VA,SBE,313460.9073865805,827536.7955005725,4.353623713702506
5103,VA,TIP,1113031.1767603958,2938402.3066474455,15.458766343894387
5104,VA,BIO,1082038.1502858005,2856580.7167545133,15.02830764285834
5104,VA,CSE,1232952.637688168,3254994.9634967633,17.124342190113445
5104,VA,EDU,2712956.0094808545,7162203.865029458,37.67994457612297
5104,VA,ENG,1482715.0148645828,3914367.6392424987,20.593264095341425
5104,VA,GEO,484355.149461633,1278697.5945787113,6.727154853633793
5104,VA,MPS,4075023.448227182,10758061.903319757,56.59754789204418
5104,VA,OIA,102093.7841074057,269527.59004355106,1.4179692237139683
5104,VA,OISE,28289.184184650334,74683.44624747691,0.39290533589792126
5104,VA,OPP,798302.4296730277,2107518.4143367927,11.087533745458716
5104,VA,SBE,295267.34601750807,779505.7934862213,4.100935361354278
5104,VA,TIP,1143664.7866736664,3019275.0368184797,15.884233148245363
5105,VA,BIO,3189975.4115910176,8421535.08660029,44.30521404987525
5105,VA,CSE,6961197.466299087,18377561.31102959,96.68329814304285
5105,VA,EDU,5983945.079885157,15797615.010896817,83.1103483317383
5105,VA,ENG,5977510.615995608,15780628.026228406,83.02098077771677
5105,VA,GEO,3396099.138622621,8965701.72596372,47.16804359198085
5105,VA,MPS,7790473.821871663,20566850.88974119,108.20102530377308
5105,VA,OIA,73545.21516048393,194159.36802367753,1.0214613216733877
5105,VA,OISE,160170.71079169895,422850.6764900854,2.2245932054402635
5105,VA,OPP,1189628.1769017635,3140618.3870206554,16.522613568080047
5105,VA,SBE,1190723.5130604678,3143510.0744796353,16.537826570284274
5105,VA,TIP,2983596.4544232837,7876694.639677474,41.43883964476786
5106,VA,BIO,2683726.0588347744,7085036.795323807,37.273973039371874
5106,VA,CSE,2425477.685296103,6403261.089181709,33.687190073556984
5106,VA,EDU,2694542.349205049,7113591.801901329,37.424199294514565
5106,VA,ENG,2662620.6195559516,7029318.435627716,36.98084193827711
5106,VA,GEO,1465508.1142583098,3868941.421641938,20.354279364698744
5106,VA,MPS,5656184.287214589,14932326.518246518,78.55811510020264
5106,VA,OIA,128075.81860979092,338120.161129848,1.7788308140248736
5106,VA,OISE,99551.16174440492,262815.067005229,1.3826550242278461
5106,VA,OPP,939753.5816855059,2480949.455649736,13.052133078965364
5106,VA,SBE,602051.8492311258,1589416.8819701723,8.361831239321193
5106,VA,TIP,951264.0616720666,2511337.1228142558,13.212000856556475
5107,VA,BIO,968184.4899660505,2556007.053510375,13.447006805084033
5107,VA,CSE,2681622.1710133017,7079482.531475118,37.24475237518475
5107,VA,EDU,2779527.5001438246,7337952.6003797,38.604548613108705
5107,VA,ENG,1718374.899040388,4536509.733466626,23.86631804222762
5107,VA,GEO,2206279.792407203,5824578.651955017,30.642774894544488
5107,VA,MPS,14745054.219059637,38926943.13831744,204.7924197091616
5107,VA,OIA,441737.2968164571,1166186.4635954478,6.135240233561905
5107,VA,OISE,182399.12925316818,481533.70122836414,2.5333212396273357
5107,VA,OPP,4709098.384007159,12432019.733778903,65.40414422232166
5107,VA,SBE,1006635.2880086427,2657517.1603428163,13.981045666786708
5107,VA,TIP,2086419.8542532746,5508148.415228641,28.97805353129547
5108,VA,BIO,2101957.3866942227,5549167.500872748,29.193852592975308
5108,VA,CSE,8228120.59566346,21722238.372551534,114.27945271754797
5108,VA,EDU,7955419.5555205755,21002307.626574315,110.49193827111911
5108,VA,ENG,3856090.28204588,10180078.34460112,53.556809472859456
5108,VA,GEO,8627876.719477724,22777594.539421193,119.83162110385723
5108,VA,MPS,29773092.232337285,78600963.49337044,413.5151698935735
5108,VA,OIA,2285935.0043478706,6034868.411478382,31.749097282609323
5108,VA,OISE,545058.2037020739,1438953.6577734745,7.570252829195468
5108,VA,OPP,8080212.0904688975,21331759.91883789,112.22516792317914
5108,VA,SBE,2986875.6618491504,7885351.747281766,41.48438419234933
5108,VA,TIP,4517943.224998121,11927370.113995047,62.74921145830722
5109,VA,BIO,5811493.5799173135,15342343.050981702,80.7151886099627
5109,VA,CSE,9201499.106937472,24291957.64231493,127.79859870746492
5109,VA,EDU,4872683.780197333,12863885.179720955,67.67616361385186
5109,VA,ENG,12761000.300887743,33689040.794343635,177.23611529010756
5109,VA,GEO,4034937.0696744863,10652233.863940643,56.040792634367875
5109,VA,MPS,12251693.564889321,32344471.011307813,170.1624106234628
5109,VA,OIA,618791.768753283,1633610.2695086673,8.594330121573375
5109,VA,OISE,548418.1542376064,1447823.927187281,7.616918808855644
5109,VA,OPP,917088.9151957541,2421114.7361167907,12.737346044385474
5109,VA,SBE,1968925.9515144066,5197964.511998033,27.346193771033427
5109,VA,TIP,1196958.9552538742,3159971.641870229,16.62442993408159
5110,VA,BIO,840582.0547791813,2219136.624617039,11.67475076082196
5110,VA,CSE,2841994.8146551386,7502866.310689567,39.47215020354357
5110,VA,EDU,2572949.108937897,6792585.64759604,35.735404290804105
5110,VA,ENG,1604566.3055527632,4236055.046659296,22.285643132677276
5110,VA,GEO,2081190.9733437402,5494344.169627471,28.90543018532972
5110,VA,MPS,21636010.13386209,57119066.7533959,300.5001407480847
5110,VA,OIA,476790.0817866195,1258725.8159166756,6.622084469258601
5110,VA,OISE,172301.67880213785,454876.432037644,2.3930788722519156
5110,VA,OPP,7054986.892144913,18625165.39526257,97.98592905756821
5110,VA,SBE,1099563.9319685388,2902848.780396941,15.271721277340818
5110,VA,TIP,2345847.288606875,6193036.84192215,32.581212341762175
5111,VA,BIO,1597732.4605519255,4218013.695857085,22.190728618776745
5111,VA,CSE,6338788.901839384,16734402.700855974,88.03873474776921
5111,VA,EDU,5230504.609715839,13808532.169649811,72.64589735716442
5111,VA,ENG,3241848.8313972685,8558480.91488879,45.02567821385095
5111,VA,GEO,4913715.967093328,12972210.153126387,68.24605509851841
5111,VA,MPS,36469530.730421074,96279561.12831162,506.5212601447371
5111,VA,OIA,1131372.8844897114,2986824.4150528377,15.713512284579327
5111,VA,OISE,363686.6555930531,960132.7707656606,5.051203549903517
5111,VA,OPP,9577011.486622484,25283310.32468336,133.01404842531227
5111,VA,SBE,2199872.204669868,5807662.6203284515,30.55378062041483
5111,VA,TIP,4533929.844697392,11969574.79000112,62.97124784301934
5301,WA,BIO,1498606.8678648567,3956322.1311632236,20.8139842759008
5301,WA,CSE,2861680.6361963614,7554836.879558394,39.745564391616135
5301,WA,EDU,2724550.8479468096,7192814.23857958,37.84098399926125
5301,WA,ENG,2410253.475806561,6363069.1761293225,33.47574271953557
5301,WA,GEO,4637278.557506971,12242415.391818404,64.40664663204127
5301,WA,MPS,3583032.683999768,9459206.28575939,49.76434283333012
5301,WA,OIA,5339.939261792456,14097.439651132087,0.07416582308045076
5301,WA,OISE,30699.368497778487,81046.3328341352,0.4263801180247012
5301,WA,OPP,1879218.7920119665,4961137.610911591,26.1002610001662
5301,WA,SBE,340172.5895898456,898055.6365171924,4.724619299858966
5301,WA,TIP,2607899.628732436,6884855.019853628,36.220828176839376
5302,WA,BIO,2018969.2770942815,5330078.891528904,28.0412399596428
5302,WA,CSE,2171741.6733831987,5733398.017731644,30.163078796988863
5302,WA,EDU,6539830.856032412,17265153.45992557,90.83098411156125
5302,WA,ENG,1869550.3420911988,4935612.903120765,25.96597697348888
5302,WA,GEO,4938747.530577436,13038293.480724428,68.59371570246437
5302,WA,MPS,3784213.555587593,9990323.786751246,52.558521605383234
5302,WA,OIA,22010.032923296134,58106.48691750179,0.30569490171244623
5302,WA,OISE,22473.079924352554,59328.931000290744,0.31212611006045216
5302,WA,OPP,1786642.584616151,4716736.423386639,24.81448034189099
5302,WA,SBE,562786.3387275176,1485755.9342406467,7.8164769267710765
5302,WA,TIP,1742725.0234600718,4600794.061934592,24.204514214723226
5303,WA,BIO,454644.3051521671,1200260.9656017218,6.314504238224541
5303,WA,CSE,570001.0210489864,1504802.6955693243,7.916680847902588
5303,WA,EDU,949258.2602815443,2506041.8071432756,13.184142503910333
5303,WA,ENG,467758.7997617868,1234883.2313711178,6.4966499966914855
5303,WA,GEO,1069255.394220246,2822834.2407414503,14.850769364170088
5303,WA,MPS,608583.2208722926,1606659.703102852,8.452544734337398
5303,WA,OIA,67032.22581950268,176965.0761634871,0.9310031363819818
5303,WA,OISE,7344.674177054829,19389.939827424747,0.10200936357020596
5303,WA,OPP,432735.0381967851,1142420.500839513,6.010208863844237
5303,WA,SBE,122180.93655534375,322557.67250610754,1.6969574521575526
5303,WA,TIP,895565.5222961823,2364292.9788619215,12.43841003189142
5304,WA,BIO,348644.6286389418,920421.8196068064,4.842286508874191
5304,WA,CSE,268554.8759646558,708984.8725466912,3.729928832842442
5304,WA,EDU,895170.7268460824,2363250.7188736573,12.432926761751144
5304,WA,ENG,236597.82624633904,624618.2612903352,3.2860809200880414
5304,WA,GEO,633806.807066116,1673249.970654546,8.80287232036272
5304,WA,MPS,333590.97700879676,880680.1793032235,4.633208014011067
5304,WA,OIA,191783.86757661094,506309.4104022528,2.66366482745293
5304,WA,OISE,6538.957900057021,17262.848856150536,0.09081885972301418
5304,WA,OPP,187492.34333887396,494979.7864146273,2.6040603241510274
5304,WA,SBE,44199.44238179642,116686.52788794253,0.613881144191617
5304,WA,TIP,272817.7931827973,720238.9740025848,3.7891360164277383
5305,WA,BIO,4677136.335692748,12347639.926228859,64.96022688462152
5305,WA,CSE,1622723.9014003798,4283991.099697003,22.537831963894163
5305,WA,EDU,2762496.8696150854,7292991.735783826,38.3680120779873
5305,WA,ENG,2110481.54794224,5571671.286567514,29.312243721419996
5305,WA,GEO,2249066.343776666,5937535.147570399,31.237032552453694
5305,WA,MPS,1791729.9203766433,4730166.989794338,24.885137783008936
5305,WA,OIA,2201840.907463259,5812859.995703002,30.58112371476749
5305,WA,OISE,191353.09645254372,505172.1746347154,2.657681895174218
5305,WA,OPP,831823.3254336815,2196013.5791449193,11.553101742134466
5305,WA,SBE,448248.83954567986,1183376.936400595,6.225678327023331
5305,WA,TIP,1187546.5475709839,3135122.885587397,16.493702049596997
5306,WA,BIO,850121.7949166243,2244321.5385798886,11.807247151619778
5306,WA,CSE,1204899.2302092079,3180933.9677523077,16.734711530683438
5306,WA,EDU,1295842.6723041707,3421024.6548830112,17.99781489311348
5306,WA,ENG,979039.1322992262,2584663.3092699577,13.597765726378142
5306,WA,GEO,2233270.6726570297,5895834.575814561,31.01764823134764
5306,WA,MPS,1457853.0828085542,3848732.138614584,20.247959483452142
5306,WA,OIA,32258.86943400539,85163.41530577422,0.44803985325007506
5306,WA,OISE,12457.342869798638,32887.385176268406,0.1730186509694255
5306,WA,OPP,872362.5361300297,2303037.0953832776,12.116146335139298
5306,WA,SBE,164004.93116754328,432973.0182823143,2.2778462662158794
5306,WA,TIP,1203577.176638557,3177443.746325791,16.71634967553552
5307,WA,BIO,4814168.968314235,12709406.076349584,66.86345789325328
5307,WA,CSE,9966103.43801022,26310513.076346975,138.41810330569749
5307,WA,EDU,8241487.757315531,21757527.679313008,114.46510774049354
5307,WA,ENG,8470465.559526667,22362029.0771504,117.6453549934259
5307,WA,GEO,16243285.270492721,42882273.11410081,225.60118431239894
5307,WA,MPS,12558002.603307717,33153126.872732364,174.41670282371828
5307,WA,OIA,97219.39580673072,256659.20492976916,1.3502693862045936
5307,WA,OISE,106686.4635448391,281652.26375837525,1.4817564381227653
5307,WA,OPP,6534237.965108586,17250388.227886662,90.75330507095255
5307,WA,SBE,1164696.1072491012,3074797.723137626,16.176334822904177
5307,WA,TIP,6283170.884270825,16587571.134474983,87.26626228153923
5308,WA,BIO,787676.2495218975,2079465.2987378093,10.939947910026357
5308,WA,CSE,1375376.1414209479,3630993.013351302,19.102446408624267
5308,WA,EDU,2027304.4019158008,5352083.621057713,28.157005582163908
5308,WA,ENG,1149806.0545930269,3035487.984125591,15.96952853601426
5308,WA,GEO,2361472.4284548396,6234287.211120777,32.798228172983876
5308,WA,MPS,1796244.9565783476,4742086.685366837,24.94784661914372
5308,WA,OIA,57155.98454702283,150891.7992041403,0.7938331187086505
5308,WA,OISE,14988.28482452866,39569.07193675566,0.20817062256289806
5308,WA,OPP,1004752.7889491164,2652547.3628256675,13.954899846515508
5308,WA,SBE,173199.3099633841,457246.17830333393,2.405545971713668
5308,WA,TIP,1722677.1123313606,4547867.576554791,23.926071004602225
5309,WA,BIO,1686459.8519243516,4452254.009080287,23.423053498949326
5309,WA,CSE,3295338.7733991966,8699694.361773882,45.768594074988854
5309,WA,EDU,3227310.1566926017,8520098.813668469,44.82375217628612
5309,WA,ENG,2817103.7822846533,7437153.985231484,39.12644142062018
5309,WA,GEO,5451412.943235462,14391730.170141613,75.71406865604803
5309,WA,MPS,4112671.125505404,10857451.771334268,57.120432298686154
5309,WA,OIA,67171.40439717582,177332.50760854414,0.9329361721829975
5309,WA,OISE,34549.37638463855,91210.35365544577,0.4798524497866465
5309,WA,OPP,2172191.8504189323,5734586.485105982,30.169331255818502
5309,WA,SBE,380852.10057457595,1005449.5455168806,5.289612507980221
5309,WA,TIP,2878057.1394544328,7598070.848159707,39.97301582575603
5310,WA,BIO,455970.43197721266,1203761.940419842,6.332922666350177
5310,WA,CSE,584771.5058454071,1543796.7754318751,8.1218264700751
5310,WA,EDU,946123.5846090352,2497766.263367853,13.140605341792156
5310,WA,ENG,493426.86512148654,1302646.9239207245,6.85315090446509
5310,WA,GEO,1021805.7999537295,2697567.3118778463,14.191747221579577
5310,WA,MPS,816774.0911653442,2156283.600676509,11.344084599518668
5310,WA,OIA,11911.057204886112,31445.19102089934,0.16543135006786266
5310,WA,OISE,7113.417187894139,18779.421376040526,0.09879746094297416
5310,WA,OPP,422136.076529499,1114439.2420378774,5.86300106290971
5310,WA,SBE,73843.49275525643,194946.820873877,1.0256040660452284
5310,WA,TIP,1073068.2869152913,2832900.2774563697,14.903726207156824
5401,WV,BIO,544187.7560619211,1436655.676003472,7.558163278637794
5401,WV,CSE,410432.87252140464,1083542.7834565083,5.700456562797285
5401,WV,EDU,1640890.8485501644,4331951.840172434,22.79015067430784
5401,WV,ENG,686698.7265037094,1812884.6379697928,9.53748231255152
5401,WV,GEO,255888.02299181072,675544.3806983804,3.5540003193307044
5401,WV,MPS,760416.5849155039,2007499.7841769296,10.561341457159775
5401,WV,OIA,5599317.598305717,14782198.459527092,77.76829997646828
5401,WV,OISE,33790.98499143816,89208.20037739676,0.4693192359921967
5401,WV,OPP,281859.7920957866,744109.8511328767,3.9147193346637024
5401,WV,SBE,109628.91353260777,289420.3317260845,1.5226237990639966
5401,WV,TIP,103921.46740261675,274352.67394290824,1.4433537139252326
5402,WV,BIO,1485624.6236245423,3922049.0063687917,20.633675328118642
5402,WV,CSE,1780868.2757692616,4701492.248030851,24.73428160790641
5402,WV,EDU,2760181.2059936346,7286878.383823197,38.33585008324493
5402,WV,ENG,1335745.212420278,3526367.360789534,18.55201683917053
5402,WV,GEO,1422148.7062200157,3754472.584420841,19.752065364166885
5402,WV,MPS,4065346.310288326,10732514.25916118,56.46314319844896
5402,WV,OIA,2114666.431105529,5582719.378118596,29.3703670986879
5402,WV,OISE,464930.8547394945,1227417.4565122656,6.457372982492979
5402,WV,OPP,327755.70104539,865275.0507598295,4.552162514519305
5402,WV,SBE,736647.9556442668,1944750.6029008643,10.231221606170372
5402,WV,TIP,973301.912246168,2569517.048329883,13.51808211453011
5501,WI,BIO,896463.2903871753,2366663.0866221427,12.45087903315521
5501,WI,CSE,803205.204809679,2120461.740697553,11.155627844578873
5501,WI,EDU,1248172.7667884824,3295176.1043215934,17.33573287206226
5501,WI,ENG,773964.2399730092,2043265.5935287448,10.74950333295846
5501,WI,GEO,329952.6415302696,871074.9736399117,4.582675576809301
5501,WI,MPS,1739401.603389226,4592020.232947556,24.158355602628134
5501,WI,OIA,92319.40062828323,243723.2176586677,1.282213897615045
5501,WI,OISE,27484.33338814636,72558.64014470638,0.3817268526131439
5501,WI,OPP,896314.4281385401,2366270.090285746,12.448811501924167
5501,WI,SBE,202893.3226843332,535638.3718866397,2.817962815060184
5501,WI,TIP,672844.0503056374,1776308.2928068824,9.345056254244964
5502,WI,BIO,11730615.493227934,30968824.90212175,162.9252151837213
5502,WI,CSE,13639524.293990552,36008344.136135064,189.43783741653547
5502,WI,EDU,14216799.983376531,37532351.95611404,197.45555532467407
5502,WI,ENG,8820774.842267368,23286845.58358586,122.5107616981579
5502,WI,GEO,6361081.180442835,16793254.316369087,88.3483497283727
5502,WI,MPS,25143997.45804482,66380153.289238304,349.22218691728904
5502,WI,OIA,52626.49830839624,138933.9555341661,0.7309235876166146
5502,WI,OISE,61038.47621050773,161141.57719574042,0.8477566140348296
5502,WI,OPP,21516884.667887364,56804575.523222655,298.8456203873245
5502,WI,SBE,2420191.3537473227,6389305.173892934,33.613768802046145
5502,WI,TIP,4131630.5573034785,10907504.67128118,57.38375774032608
5503,WI,BIO,816879.8129852414,2156562.706281039,11.345552958128355
5503,WI,CSE,671791.75585582,1773530.2354593652,9.330441053553056
5503,WI,EDU,1222006.5626386418,3226097.3253660155,16.972313369981144
5503,WI,ENG,532482.4060186449,1405753.5518892223,7.395588972481177
5503,WI,GEO,466155.98141339154,1230651.7909313538,6.474388630741549
5503,WI,MPS,1319589.5353428358,3483716.373305087,18.32763243531717
5503,WI,OIA,124713.97285818348,329244.8883456044,1.7321385119192148
5503,WI,OISE,7927.205957290731,20927.823727247523,0.11010008274014904
5503,WI,OPP,725190.7903122355,1914503.6864243022,10.072094309892162
5503,WI,SBE,151501.13779651903,399963.0037828101,2.1041824693960973
5503,WI,TIP,630330.3037437397,1664072.001883473,8.754587551996385
5504,WI,BIO,1582841.1246067367,4178700.5689617856,21.983904508426903
5504,WI,CSE,1089257.5742648859,2875639.9960593,15.128577420345641
5504,WI,EDU,2133235.6357714524,5631742.0784366345,29.628272719047953
5504,WI,ENG,1663112.3048884415,4390616.484905486,23.098782012339463
5504,WI,GEO,364763.9573418775,962976.8473825564,5.066166074192743
5504,WI,MPS,3949158.6128256246,10425778.73785965,54.849425178133686
5504,WI,OIA,239034.41476912788,631050.8549904976,3.319922427348998
5504,WI,OISE,100933.28332634017,266463.86798153806,1.40185115731028
5504,WI,OPP,681655.6812428156,1799570.9984810334,9.467440017261326
5504,WI,SBE,235453.99834637807,621598.5556344381,3.270194421477473
5504,WI,TIP,1267526.736233901,3346270.583657498,17.604538003248617
5505,WI,BIO,1033457.2644441763,2728327.1781326258,14.353573117280224
5505,WI,CSE,930327.7763225662,2456065.3294915757,12.921219115591198
5505,WI,EDU,1468447.1787082928,3876700.551789893,20.39509970428184
5505,WI,ENG,929844.3827848893,2454789.170552108,12.914505316456795
5505,WI,GEO,374134.090237363,987713.9982266382,5.1963068088522615
5505,WI,MPS,2157593.0528081874,5696045.659413616,29.966570177891498
5505,WI,OIA,122070.24056625227,322265.43509490596,1.6954200078646147
5505,WI,OISE,38162.034286636226,100747.77051671964,0.5300282539810587
5505,WI,OPP,1056978.4544565608,2790423.119765321,14.68025631189668
5505,WI,SBE,240896.47953891536,635966.7059827365,3.345784438040491
5505,WI,TIP,865963.871313524,2286144.620267703,12.027275990465613
5506,WI,BIO,1358851.6311387513,3587368.3062063027,18.87293932137154
5506,WI,CSE,1237241.017979441,3266316.2874657246,17.18390302749224
5506,WI,EDU,1972842.6016633972,5208304.468391366,27.400591689769403
5506,WI,ENG,1067420.0746648896,2817988.997115309,14.825278814790137
5506,WI,GEO,561431.6972201677,1482179.6806612427,7.7976624613912175
5506,WI,MPS,2402090.1085197185,6341517.886492059,33.362362618329435
5506,WI,OIA,209272.19142142948,552478.5853525739,2.906558214186521
5506,WI,OISE,23312.81173753255,61545.82298708593,0.32378905191017426
5506,WI,OPP,1606762.1999118582,4241852.207767306,22.316141665442476
5506,WI,SBE,234442.2700569883,618927.592950449,3.2561426396803927
5506,WI,TIP,530112.5519258694,1399497.1370842955,7.362674332303743
5507,WI,BIO,613008.9320352394,1618343.5805730314,8.514012944933878
5507,WI,CSE,703343.7861258197,1856827.5953721637,9.768663696191943
5507,WI,EDU,858120.5782053343,2265438.326462082,11.918341363962979
5507,WI,ENG,536294.0361286657,1415816.2553796778,7.4485282795648
5507,WI,GEO,458473.5458425478,1210370.161024326,6.367688136702052
5507,WI,MPS,1049940.1690201873,2771842.0462132944,14.5825023475026
5507,WI,OIA,32820.45938799213,86646.01278429924,0.4558397137221129
5507,WI,OISE,26572.72748799828,70152.00056831549,0.3690656595555317
5507,WI,OPP,594193.8353942708,1568671.7254408752,8.252692158253762
5507,WI,SBE,157638.4014477919,416165.3798221707,2.189422242330443
5507,WI,TIP,383073.14756915945,1011313.1095825811,5.320460382904993
5508,WI,BIO,487448.00582241133,1286862.735371166,6.7701111919779375
5508,WI,CSE,410359.05481187656,1083347.904703354,5.6994313168316175
5508,WI,EDU,884393.425904368,2334798.6443875316,12.283242026449553
5508,WI,ENG,297584.7111924154,785623.6375479767,4.133120988783547
5508,WI,GEO,289822.3200384459,765130.9249014971,4.025310000533971
5508,WI,MPS,878887.9137969417,2320264.092423926,12.20677658051308
5508,WI,OIA,16035.720434252868,42334.301946427564,0.22271833936462315
5508,WI,OISE,6502.6248759058335,17166.929672391398,0.09031423438758102
5508,WI,OPP,582223.3226874057,1537069.5718947512,8.086435037325078
5508,WI,SBE,84209.17891844007,222312.23234468175,1.1695719294227784
5508,WI,TIP,168559.62774242644,444997.417240006,2.341105940867034
5600,WY,BIO,2210603.674306881,5835993.700170167,30.702828809817795
5600,WY,CSE,1080814.602979207,2853350.5518651064,15.011313930266764
5600,WY,EDU,861810.0898109409,2275178.6371008838,11.96958458070751
5600,WY,ENG,1071980.7787649126,2830029.25593937,14.888621927290455
5600,WY,GEO,6260488.337418983,16527689.210786115,86.951226908597
5600,WY,MPS,3017001.9902016697,7964885.254132409,41.90280541946764
5600,WY,OIA,20555210.663463246,54265756.15154298,285.4890369925451
5600,WY,OISE,16969.80016887782,44800.27244583745,0.235691669012192
5600,WY,OPP,1325430.7923276562,3499137.2917450126,18.40876100455078
5600,WY,SBE,228039.53986884005,602024.3852537377,3.167215831511667
5600,WY,TIP,2868743.118310898,7573481.83234077,39.84365442098469
6098,AS,BIO,0,0,0
6098,AS,CSE,0,0,0
6098,AS,EDU,136842.02162799193,361262.9370978987,1.90058363372211
6098,AS,ENG,0,0,0
6098,AS,GEO,0,0,0
6098,AS,MPS,0,0,0
6098,AS,OIA,0,0,0
6098,AS,OISE,0,0,0
6098,AS,OPP,0,0,0
6098,AS,SBE,0,0,0
6098,AS,TIP,0,0,0
6698,GU,BIO,0,0,0
6698,GU,CSE,0,0,0
6698,GU,EDU,331279.4938218802,874577.8636897638,4.6011040808594474
6698,GU,ENG,0,0,0
6698,GU,GEO,273994.4924339867,723345.4600257248,3.8054790615831484
6698,GU,MPS,30322.94030593613,80052.56240767139,0.4211519486935573
6698,GU,OIA,14495504.83943832,38268132.77611716,201.32645610331
6698,GU,OISE,0,0,0
6698,GU,OPP,0,0,0
6698,GU,SBE,0,0,0
6698,GU,TIP,74425.29265439411,196482.77260760046,1.0336846201999184
6998,MP,BIO,0,0,0
6998,MP,CSE,0,0,0
6998,MP,EDU,0,0,0
6998,MP,ENG,0,0,0
6998,MP,GEO,0,0,0
6998,MP,MPS,0,0,0
6998,MP,OIA,0,0,0
6998,MP,OISE,0,0,0
6998,MP,OPP,0,0,0
6998,MP,SBE,0,0,0
6998,MP,TIP,196497.89078702452,518754.4316777447,2.729137372042007
7298,PR,BIO,3150365.4091914007,8316964.680265298,43.755075127658344
7298,PR,CSE,970872.5094893525,2563103.425051891,13.484340409574342
7298,PR,EDU,5151096.3255311325,13598894.29940219,71.54300452126573
7298,PR,ENG,690227.3405966435,1822200.1791751387,9.586490841620048
7298,PR,GEO,655289.3338224689,1729963.8412913177,9.101240747534291
7298,PR,MPS,5193386.641868995,13710540.734534144,72.13037002595826
7298,PR,OIA,2090460.4945414837,5518815.705589517,29.034173535298386
7298,PR,OISE,322184.0958577951,850566.0130645792,4.474779109136043
7298,PR,OPP,0,0,0
7298,PR,SBE,303657.81670848373,801656.636110397,4.217469676506719
7298,PR,TIP,1335559.5219573425,3525877.137967384,18.54943780496309
