"FIPS","state_name","state","name","raw_funding","econ_impact","jobs"
"01001","Alabama","AL","Autauga County",1274806.33152709,3143627.52381449,11.739681770115
"01003","Alabama","AL","Baldwin County",2325990.93511054,5811590.83546331,21.5599529736044
"01005","Alabama","AL","Barbour County",261110.823918554,648561.718120955,2.42845682976355
"01007","Alabama","AL","Bibb County",626763.737248079,1556630.25841205,5.8153522425275
"01009","Alabama","AL","Blount County",7679171.06256712,18948892.1819015,70.8363590544339
"01011","Alabama","AL","Bullock County",165295.174663137,407417.770864032,1.52250904218262
"01013","Alabama","AL","Butler County",239707.350858261,603576.422225215,2.2596304710154
"01015","Alabama","AL","Calhoun County",2295291.82885093,5694508.92407698,21.2853243574672
"01017","Alabama","AL","Chambers County",1239290.81780913,3056621.17138279,11.4099680218658
"01019","Alabama","AL","Cherokee County",203754.70223426,503953.576874513,1.88636885835804
"01021","Alabama","AL","Chilton County",2026031.45047014,5007657.80825288,18.6908083036026
"01023","Alabama","AL","Choctaw County",33240.9116443769,88437.350935439,0.317829251839508
"01025","Alabama","AL","Clarke County",255945.855305877,634389.361748133,2.35721109884531
"01027","Alabama","AL","Clay County",243190.889611824,601983.996714664,2.24178889605593
"01029","Alabama","AL","Cleburne County",175594.341251614,446370.897411883,1.68635909286149
"01031","Alabama","AL","Coffee County",520154.131761228,1345434.57353576,5.06879514201672
"01033","Alabama","AL","Colbert County",643786.708435112,1615886.85095765,5.9919253802222
"01035","Alabama","AL","Conecuh County",158310.438883896,401161.802190804,1.48230905227309
"01037","Alabama","AL","Coosa County",304920.430477196,763224.59602639,2.86070312739011
"01039","Alabama","AL","Covington County",318106.381449916,795830.623545482,2.92922637048959
"01041","Alabama","AL","Crenshaw County",85068.8040538614,212243.685592469,0.793335135888234
"01043","Alabama","AL","Cullman County",4381304.91378285,10838681.7737814,40.5258800345992
"01045","Alabama","AL","Dale County",645821.140582452,1656521.01198715,5.89907160174281
"01047","Alabama","AL","Dallas County",816092.714760829,2031477.39773173,7.59391458264861
"01049","Alabama","AL","DeKalb County",524320.091113928,1301161.59391225,4.86508501937408
"01051","Alabama","AL","Elmore County",1868480.00136388,4662579.00294222,17.4792217883066
"01053","Alabama","AL","Escambia County",360646.494675454,897930.615523112,3.33958368929536
"01055","Alabama","AL","Etowah County",2924501.49868819,7225493.66373676,26.9984297193181
"01057","Alabama","AL","Fayette County",631657.817892466,1567790.84506496,5.86683888893844
"01059","Alabama","AL","Franklin County",399964.34253231,1004843.96041245,3.69878990602917
"01061","Alabama","AL","Geneva County",135670.235310208,349809.456439639,1.33519153049648
"01063","Alabama","AL","Greene County",206265.818741325,512587.414187354,1.91663201740586
"01065","Alabama","AL","Hale County",556715.213704592,1375507.79874054,5.13672631258896
"01067","Alabama","AL","Henry County",135751.745006245,347368.177110473,1.31949688304007
"01069","Alabama","AL","Houston County",903783.445170897,2289073.23132525,8.58025333425975
"01071","Alabama","AL","Jackson County",411945.450781803,1027194.09231358,3.83203942747
"01073","Alabama","AL","Jefferson County",217483234.841842,536121347.500891,2003.15045943976
"01075","Alabama","AL","Lamar County",181393.301436247,454906.644427539,1.67793779296354
"01077","Alabama","AL","Lauderdale County",917020.024742957,2282106.54122613,8.52013860231544
"01079","Alabama","AL","Lawrence County",422643.442984992,1056830.95385517,3.94119173966234
"01081","Alabama","AL","Lee County",7640807.14490993,18930570.2924549,70.4020798651405
"01083","Alabama","AL","Limestone County",1931625.95347072,4814810.8478223,18.0221102979243
"01085","Alabama","AL","Lowndes County",77692.0304444897,191693.606988796,0.715777358727352
"01087","Alabama","AL","Macon County",3033706.41301498,7482081.49942873,27.9637094173028
"01089","Alabama","AL","Madison County",10652582.077009,26480781.461584,99.0412375620194
"01091","Alabama","AL","Marengo County",433832.324202795,1072118.97669124,3.99898962694897
"01093","Alabama","AL","Marion County",558658.843543763,1393688.85670618,5.18993028470537
"01095","Alabama","AL","Marshall County",1930550.72460407,4799970.38575165,17.9448269767462
"01097","Alabama","AL","Mobile County",8615513.97127191,21379992.6334884,79.5397987996874
"01099","Alabama","AL","Monroe County",139319.40100794,346989.690585227,1.28417852483507
"01101","Alabama","AL","Montgomery County",4980920.72913211,12394066.4626198,46.4140075597076
"01103","Alabama","AL","Morgan County",2227817.47053838,5545306.46376898,20.7396964390624
"01105","Alabama","AL","Perry County",298257.555376957,741912.913730434,2.76235166762712
"01107","Alabama","AL","Pickens County",622381.559290897,1551013.38626377,5.7498483524178
"01109","Alabama","AL","Pike County",441430.500109336,1111954.02186215,4.19387836245095
"01111","Alabama","AL","Randolph County",331949.014378633,819440.973986012,3.06426283549481
"01113","Alabama","AL","Russell County",751976.810011809,1868159.11504433,7.00462893017085
"01115","Alabama","AL","St. Clair County",14296777.8275286,35233162.4318504,131.644488598732
"01117","Alabama","AL","Shelby County",45508275.9807976,112108741.204205,418.872239549597
"01119","Alabama","AL","Sumter County",212567.273294989,530837.160493113,1.96477383730369
"01121","Alabama","AL","Talladega County",4301272.54704735,10614280.5048958,39.6537090217487
"01123","Alabama","AL","Tallapoosa County",1611122.4996351,3991833.98225928,14.9214373588004
"01125","Alabama","AL","Tuscaloosa County",15121997.5222916,37322170.3686474,139.413861523181
"01127","Alabama","AL","Walker County",6740716.32904067,16645579.9894449,62.2401147631161
"01129","Alabama","AL","Washington County",220306.917652964,554553.378755869,2.04155334047707
"01131","Alabama","AL","Wilcox County",65868.1851583085,168541.030318001,0.614743344525472
"01133","Alabama","AL","Winston County",798182.012738055,1994119.06322729,7.46876772825043
"02013","Alaska","AK","Aleutians East Borough",2522.44468864396,6280.38478114378,0.0196771968760311
"02016","Alaska","AK","Aleutians West Census Area",2975.72870476925,9576.54942727034,0.0232735622922601
"02020","Alaska","AK","Anchorage Municipality",5866553.11884619,22087248.4916391,46.34675198035
"02050","Alaska","AK","Bethel Census Area",214306.63070945,851438.889192434,1.67187287354597
"02060","Alaska","AK","Bristol Bay Borough",512.494284593633,2037.40059151334,0.00399745541983034
"02063","Alaska","AK","Chugach Census Area",57453.6215445731,228090.233524806,0.448368467920055
"02066","Alaska","AK","Copper River Census Area",4560.67378464974,18101.083792669,0.035641898894384
"02068","Alaska","AK","Denali Borough",18561.8648616729,73791.9535605156,0.144782545921049
"02070","Alaska","AK","Dillingham Census Area",7194.95523402313,28398.7083616316,0.05619814626131
"02090","Alaska","AK","Fairbanks North Star Borough",8545564.99872478,33932065.0589314,66.732624530385
"02100","Alaska","AK","Haines Borough",2071.19152616992,8233.93931876139,0.0161552939041254
"02105","Alaska","AK","Hoonah-Angoon Census Area",4559.5829140543,18126.4400509643,0.0355647467296236
"02110","Alaska","AK","Juneau City and Borough",165856.719575104,633846.416224048,1.31624037999216
"02122","Alaska","AK","Kenai Peninsula Borough",307820.327693816,1177363.35701763,2.43349761347797
"02130","Alaska","AK","Ketchikan Gateway Borough",12667.8809063256,48475.2981269264,0.0988953449509087
"02150","Alaska","AK","Kodiak Island Borough",17951.4256441334,70784.5139191961,0.140346110390553
"02158","Alaska","AK","Kusilvak Census Area",21614.3650228632,85734.9132447066,0.16860963331159
"02164","Alaska","AK","Lake and Peninsula Borough",6392.31801895852,25397.0543916027,0.0498854832490514
"02170","Alaska","AK","Matanuska-Susitna Borough",853989.516810666,3352999.68156964,6.68990939629281
"02180","Alaska","AK","Nome Census Area",1266.5719731495,3061.4916949655,0.00987926139056611
"02185","Alaska","AK","North Slope Borough",14841.8171043189,52911.492982542,0.115976043576306
"02188","Alaska","AK","Northwest Arctic Borough",2378.0660531961,9039.3572831521,0.0185489152149296
"02195","Alaska","AK","Petersburg Borough",5872.47188946984,21471.6865531507,0.04584677222783
"02198","Alaska","AK","Prince of Wales-Hyder Census Area",12281.6338994232,47597.1652746988,0.0959405839225439
"02220","Alaska","AK","Sitka City and Borough",677135.576591139,2686345.93976767,5.28166895339224
"02230","Alaska","AK","Skagway Municipality",1425.50458181462,5667.0366197293,0.0111189357381541
"02240","Alaska","AK","Southeast Fairbanks Census Area",79636.6919911455,316577.646829069,0.621200519217993
"02275","Alaska","AK","Wrangell City and Borough",5429.7290388083,21517.5048371235,0.0423518865027047
"02282","Alaska","AK","Yakutat City and Borough",3172.34088919201,12611.5147005916,0.0247442589356977
"02290","Alaska","AK","Yukon-Koyukuk Census Area",86846.1503561519,345237.899629584,0.677417558911241
"04001","Arizona","AZ","Apache County",902382.0749119,2636772.56193727,9.17872797892528
"04003","Arizona","AZ","Cochise County",2336494.24973748,6854530.59327598,23.7909497348161
"04005","Arizona","AZ","Coconino County",10260857.9569962,30121091.8878981,104.593075457667
"04007","Arizona","AZ","Gila County",655832.420255065,1929115.86348114,6.7022842355534
"04009","Arizona","AZ","Graham County",728102.230644394,2139360.2903815,7.43102549733516
"04011","Arizona","AZ","Greenlee County",105116.62290123,308127.431763783,1.06914271222504
"04012","Arizona","AZ","La Paz County",68096.8826837907,215028.945179685,0.683496104923644
"04013","Arizona","AZ","Maricopa County",127147747.006788,372592501.487689,1293.11965142061
"04015","Arizona","AZ","Mohave County",990640.747181735,2971330.58010059,10.009486583745
"04017","Arizona","AZ","Navajo County",1185262.60788641,3462931.76107724,12.0505924020511
"04019","Arizona","AZ","Pima County",163410791.192246,479693773.945867,1665.59679494956
"04021","Arizona","AZ","Pinal County",8033017.18933719,23565136.2953325,81.7989884052487
"04023","Arizona","AZ","Santa Cruz County",1316505.16493172,3860006.05115377,13.3951613713343
"04025","Arizona","AZ","Yavapai County",2018181.64498886,5905067.83660199,20.4937376595896
"04027","Arizona","AZ","Yuma County",2120250.39946678,6205211.3976334,21.5854594924728
"05001","Arkansas","AR","Arkansas County",124577.247574887,350273.891080946,1.10729802455505
"05003","Arkansas","AR","Ashley County",63733.1517892959,182268.572148806,0.580300557525015
"05005","Arkansas","AR","Baxter County",218362.766292655,616273.514912107,1.97711612879924
"05007","Arkansas","AR","Benton County",1670989.61297471,4685279.95166335,15.0054864750734
"05009","Arkansas","AR","Boone County",198008.594882822,558532.4028155,1.79394424470635
"05011","Arkansas","AR","Bradley County",64743.983539549,184123.247010011,0.583020131567318
"05013","Arkansas","AR","Calhoun County",28250.0164448128,79269.0831501773,0.248853022743475
"05015","Arkansas","AR","Carroll County",104841.779188155,301531.577945673,0.988977478158875
"05017","Arkansas","AR","Chicot County",52892.6185898206,150604.442184317,0.478644292508489
"05019","Arkansas","AR","Clark County",272715.48086991,766310.17780952,2.42758393408146
"05021","Arkansas","AR","Clay County",106804.811219926,295702.240816702,1.01458273496577
"05023","Arkansas","AR","Cleburne County",124080.029605452,353082.570465762,1.15157797379267
"05025","Arkansas","AR","Cleveland County",61586.3868966898,176197.4673534,0.563125728043874
"05027","Arkansas","AR","Columbia County",105706.459593192,296331.63894629,0.951248097971755
"05029","Arkansas","AR","Conway County",292664.284038601,816518.408699003,2.58328206332109
"05031","Arkansas","AR","Craighead County",1100737.61248897,3097727.96345527,9.90098427037778
"05033","Arkansas","AR","Crawford County",225675.532246415,639266.61827104,2.03800128287598
"05035","Arkansas","AR","Crittenden County",4063551.88494866,10958581.1135532,40.5410577422419
"05037","Arkansas","AR","Cross County",148566.640573383,405756.60870074,1.43275463331964
"05039","Arkansas","AR","Dallas County",53049.9985741237,148838.693172968,0.469698713502435
"05041","Arkansas","AR","Desha County",82040.6081011809,227925.406732026,0.743963877888385
"05043","Arkansas","AR","Drew County",104610.454077511,292575.203960838,0.97441025715773
"05045","Arkansas","AR","Faulkner County",5157431.48044849,14477837.298103,45.5149811771655
"05047","Arkansas","AR","Franklin County",34091.5647555786,96434.7243704266,0.304953771199234
"05049","Arkansas","AR","Fulton County",76173.2495593971,212654.162342562,0.685209919442122
"05051","Arkansas","AR","Garland County",1671395.73864598,4695712.97248113,14.772180771641
"05053","Arkansas","AR","Grant County",741229.792309565,2085314.54345688,6.55146947966625
"05055","Arkansas","AR","Greene County",324951.726928271,898254.214415575,3.00988104532344
"05057","Arkansas","AR","Hempstead County",129394.595229838,365646.622386378,1.18585439343569
"05059","Arkansas","AR","Hot Spring County",564989.467049746,1582569.19684359,4.99485215932226
"05061","Arkansas","AR","Howard County",23039.3705087255,66894.2818924829,0.215240180096622
"05063","Arkansas","AR","Independence County",192057.338022591,541465.239386628,1.77189656877474
"05065","Arkansas","AR","Izard County",61329.8658413572,174529.952547032,0.55443433136722
"05067","Arkansas","AR","Jackson County",153122.990287825,430214.686509749,1.35070818444467
"05069","Arkansas","AR","Jefferson County",2045535.61427403,5743491.87656266,18.1633021418216
"05071","Arkansas","AR","Johnson County",202578.67836712,568913.075660269,1.78431720584875
"05073","Arkansas","AR","Lafayette County",86529.1131647146,243166.834870313,0.810643011253856
"05075","Arkansas","AR","Lawrence County",118716.818113788,326016.273755582,1.09323969792154
"05077","Arkansas","AR","Lee County",111125.502785872,302675.908296947,1.07442139712472
"05079","Arkansas","AR","Lincoln County",91797.4053347456,260926.147548058,0.833104332957044
"05081","Arkansas","AR","Little River County",62830.353409109,175064.13317309,0.568745344106026
"05083","Arkansas","AR","Logan County",57316.1592304372,160778.027384481,0.506836765995884
"05085","Arkansas","AR","Lonoke County",4153307.87799824,11649496.3329105,36.7210807595983
"05087","Arkansas","AR","Madison County",55820.632274515,156442.036662831,0.49495678457839
"05089","Arkansas","AR","Marion County",95119.2893859349,262623.63902049,0.860935519147045
"05091","Arkansas","AR","Miller County",191624.200680778,542217.407240227,1.71854635682534
"05093","Arkansas","AR","Mississippi County",314025.468825443,863588.199946045,3.06941256817474
"05095","Arkansas","AR","Monroe County",84973.2895813315,238804.702838977,0.747980293426663
"05097","Arkansas","AR","Montgomery County",92811.2249005986,264307.699172182,0.842672562976599
"05099","Arkansas","AR","Nevada County",29192.8773074366,82702.1555234184,0.261989175780492
"05101","Arkansas","AR","Newton County",39707.5487219739,110002.293924769,0.353330449037866
"05103","Arkansas","AR","Ouachita County",156114.788214767,436945.058597481,1.39019059037653
"05105","Arkansas","AR","Perry County",168565.469408196,472672.735301188,1.48340524688595
"05107","Arkansas","AR","Phillips County",105778.637946073,292822.913660706,0.990014095832379
"05109","Arkansas","AR","Pike County",52663.9993674189,146281.110647963,0.484004467849393
"05111","Arkansas","AR","Poinsett County",295979.656980857,810825.89159452,2.86941481631086
"05113","Arkansas","AR","Polk County",55415.6636975642,161342.798346068,0.526104941406582
"05115","Arkansas","AR","Pope County",541286.154772111,1521740.56041488,4.78082429983843
"05117","Arkansas","AR","Prairie County",125679.090642709,352759.315304097,1.10597362918451
"05119","Arkansas","AR","Pulaski County",53172060.8717002,149235083.618339,468.545069698488
"05121","Arkansas","AR","Randolph County",143899.033641689,398062.077600924,1.32857587821867
"05123","Arkansas","AR","St. Francis County",318678.665911127,871719.27818587,3.10454829104765
"05125","Arkansas","AR","Saline County",10213108.1670563,28658746.3816309,90.181675152549
"05127","Arkansas","AR","Scott County",25944.3933136013,72972.5978158541,0.229280408295253
"05129","Arkansas","AR","Searcy County",45864.0518009052,128366.21286306,0.403759812957675
"05131","Arkansas","AR","Sebastian County",565863.274186811,1602994.44813297,5.08767461721216
"05133","Arkansas","AR","Sevier County",25532.3920012211,77157.887246501,0.261352344956245
"05135","Arkansas","AR","Sharp County",85160.1147795222,237667.503706875,0.774618013153735
"05137","Arkansas","AR","Stone County",37451.3723270091,105245.054248541,0.329873227432539
"05139","Arkansas","AR","Union County",233069.147658322,658140.756317502,2.07825888906707
"05141","Arkansas","AR","Van Buren County",84617.3768512325,236664.716267133,0.784260024217329
"05143","Arkansas","AR","Washington County",8455891.54130734,23722248.5059549,74.5936958549401
"05145","Arkansas","AR","White County",1402598.16052169,3937315.79924124,12.402397324656
"05147","Arkansas","AR","Woodruff County",52322.692535626,145322.095058603,0.477061865147127
"05149","Arkansas","AR","Yell County",193603.161780747,545159.072364386,1.72669197387925
"06001","California","CA","Alameda County",403585043.207195,1082780085.10573,3551.40579626197
"06003","California","CA","Alpine County",52725.5682227908,167041.535403772,0.463006547253169
"06005","California","CA","Amador County",3524954.5129291,9521852.84639947,31.0168598031319
"06007","California","CA","Butte County",2817516.24822581,7617834.54711176,24.829443313701
"06009","California","CA","Calaveras County",1868823.40398399,5066083.54206476,16.4481788955267
"06011","California","CA","Colusa County",925859.509371314,2486609.69573523,8.15928835852395
"06013","California","CA","Contra Costa County",204302442.703474,548431893.238533,1798.56291763291
"06015","California","CA","Del Norte County",153830.835148522,424882.893667681,1.35153749988438
"06017","California","CA","El Dorado County",7135213.65123133,19194431.5350893,62.8557356741259
"06019","California","CA","Fresno County",17099464.3096458,45956303.0552393,150.681681812047
"06021","California","CA","Glenn County",153353.679337856,423868.583462695,1.34752432152321
"06023","California","CA","Humboldt County",539794.213745751,1473187.76442582,4.74863903565635
"06025","California","CA","Imperial County",2245125.22438901,6042221.61175491,19.8574282351923
"06027","California","CA","Inyo County",640166.667566248,1716679.21382302,5.63237696114144
"06029","California","CA","Kern County",7798309.87172878,20938288.7017199,68.581960672631
"06031","California","CA","Kings County",1571969.07185939,4210799.2317839,13.8513617959541
"06033","California","CA","Lake County",591113.922819889,1591546.05945398,5.22724457820679
"06035","California","CA","Lassen County",95315.4818935654,252552.936698845,0.805835269749497
"06037","California","CA","Los Angeles County",1263136105.82234,3389178829.16601,11117.2910636027
"06039","California","CA","Madera County",1987345.83710494,5331212.62261492,17.4826949376668
"06041","California","CA","Marin County",63263603.1109764,169787284.176722,556.732975500569
"06043","California","CA","Mariposa County",926194.699647414,2488404.28863088,8.15019689895119
"06045","California","CA","Mendocino County",1222355.3598405,3294918.89741329,10.7720775438919
"06047","California","CA","Merced County",8510562.44698889,22856759.7968469,75.016929351135
"06049","California","CA","Modoc County",25932.8327652074,69672.3355117829,0.227606853046322
"06051","California","CA","Mono County",341140.858948947,929112.920191989,3.00489331307248
"06053","California","CA","Monterey County",22382123.4406853,60037416.1352829,196.951458887107
"06055","California","CA","Napa County",8732671.95028161,23434358.8927225,76.8394294257412
"06057","California","CA","Nevada County",1801656.54469324,5147075.64029937,15.8762703891074
"06059","California","CA","Orange County",231759458.142177,621978677.130601,2040.3175825433
"06061","California","CA","Placer County",20039279.4541831,54025444.7750422,176.398448598732
"06063","California","CA","Plumas County",316949.445563132,983396.929015359,2.78401510473116
"06065","California","CA","Riverside County",88334947.7826098,236825273.779695,777.556773480515
"06067","California","CA","Sacramento County",101499020.84823,272557330.506433,892.997267347831
"06069","California","CA","San Benito County",1967386.28876969,5277062.26488946,17.3400226908053
"06071","California","CA","San Bernardino County",85433776.516266,229284229.226838,752.082283515088
"06073","California","CA","San Diego County",1048238005.44353,2812931634.47362,9226.07088047398
"06075","California","CA","San Francisco County",460461313.993347,1235454360.58802,4051.19417806204
"06077","California","CA","San Joaquin County",35574777.9713927,95502408.9036292,313.030725459614
"06079","California","CA","San Luis Obispo County",5335348.69663673,14311415.8004703,46.9473994601979
"06081","California","CA","San Mateo County",379987709.481297,1019661786.89027,3344.15002144345
"06083","California","CA","Santa Barbara County",23138443.5955931,62073738.5768719,203.406135101249
"06085","California","CA","Santa Clara County",363027253.389222,973910748.186466,3194.47081647016
"06087","California","CA","Santa Cruz County",58503018.7118846,156947159.178384,514.76699703339
"06089","California","CA","Shasta County",1091474.77748592,2919867.64990553,9.60080906210183
"06091","California","CA","Sierra County",17150.9610118255,49036.2577830936,0.162241193409704
"06093","California","CA","Siskiyou County",387280.467133221,1047521.77263833,3.40602209481923
"06095","California","CA","Solano County",70050829.3991538,187968153.829466,616.349347497286
"06097","California","CA","Sonoma County",34774262.8583324,93350511.8802476,305.938790192701
"06099","California","CA","Stanislaus County",14715133.6468375,39555488.1041797,129.483946007751
"06101","California","CA","Sutter County",3609041.96948642,9697111.93608619,31.7852741108881
"06103","California","CA","Tehama County",1658681.49574309,4450954.17291803,14.5982721950137
"06105","California","CA","Trinity County",33688.4842531933,90389.9599447779,0.296518263754019
"06107","California","CA","Tulare County",3781682.58745788,10129664.8706917,33.2630989780823
"06109","California","CA","Tuolumne County",4910679.28212027,13203655.8807339,43.2129472978922
"06111","California","CA","Ventura County",39200528.5581358,105216321.989143,345.30027933803
"06113","California","CA","Yolo County",100539325.659385,269796395.718591,884.83325236656
"06115","California","CA","Yuba County",3964601.51837173,10644066.6737527,34.9207565359133
"08001","Colorado","CO","Adams County",45526467.7200073,127509494.711804,437.034539729113
"08003","Colorado","CO","Alamosa County",65999.8841002141,180976.639003039,0.622765617749511
"08005","Colorado","CO","Arapahoe County",102251758.052483,286201758.443189,981.09489315434
"08007","Colorado","CO","Archuleta County",129394.108780166,365590.474488271,1.25657990785807
"08009","Colorado","CO","Baca County",47218.7732138591,132634.426725192,0.455002369434315
"08011","Colorado","CO","Bent County",19692.1685653594,57001.6668777131,0.19720622452336
"08013","Colorado","CO","Boulder County",48124071.4923501,134715293.467282,461.778544929393
"08014","Colorado","CO","Broomfield County",8666110.94601173,24257318.978494,83.1467049948755
"08015","Colorado","CO","Chaffee County",367932.02548548,1028343.1602006,3.51975338088178
"08017","Colorado","CO","Cheyenne County",4826.09541967671,13515.1544202961,0.0463163851659536
"08019","Colorado","CO","Clear Creek County",448825.612909757,1252041.7401589,4.32101454270741
"08021","Colorado","CO","Conejos County",53106.4941390572,148653.565946437,0.511902191841974
"08023","Colorado","CO","Costilla County",42831.8034774469,119944.103264605,0.411101971876217
"08025","Colorado","CO","Crowley County",71131.3769591548,199196.846688405,0.67993010630316
"08027","Colorado","CO","Custer County",39879.9965991499,111679.156665644,0.382909556946244
"08029","Colorado","CO","Delta County",150909.848870611,416837.031319027,1.44480345693033
"08031","Colorado","CO","Denver County",132145431.033767,370063269.256724,1268.51202495542
"08033","Colorado","CO","Dolores County",17113.1102141336,47789.9670009007,0.16335160465943
"08035","Colorado","CO","Douglas County",28797053.9602623,80693885.6638228,276.503380858316
"08037","Colorado","CO","Eagle County",1404312.3686372,3930397.91349652,13.4394461881732
"08039","Colorado","CO","Elbert County",1854333.55306933,5195159.19592073,17.8050728329179
"08041","Colorado","CO","El Paso County",22962218.3703784,64263497.3157631,220.487987927312
"08043","Colorado","CO","Fremont County",909846.08080756,2545571.95812535,8.72823315959706
"08045","Colorado","CO","Garfield County",458373.007243038,1344028.21242255,4.20890747985057
"08047","Colorado","CO","Gilpin County",442714.76785921,1240007.75238392,4.2492320199621
"08049","Colorado","CO","Grand County",282626.457196161,791520.292243149,2.7121352404849
"08051","Colorado","CO","Gunnison County",149027.940036883,417339.172548249,1.4306964819063
"08053","Colorado","CO","Hinsdale County",2993.32838102861,8383.90214883096,0.0287359524578747
"08055","Colorado","CO","Huerfano County",14140.1728625736,36479.5756330074,0.124650486525471
"08057","Colorado","CO","Jackson County",68357.3907570318,191784.993005371,0.655700688141724
"08059","Colorado","CO","Jefferson County",50516653.7149677,141356164.243511,484.905345225052
"08061","Colorado","CO","Kiowa County",20130.493620519,56382.8357248649,0.193253068450033
"08063","Colorado","CO","Kit Carson County",26552.1552804365,74363.581679161,0.254880285031242
"08065","Colorado","CO","Lake County",89998.1600125556,252049.508360384,0.863426887334958
"08067","Colorado","CO","La Plata County",695323.788368844,1957223.75160392,6.67941225022348
"08069","Colorado","CO","Larimer County",59335748.2092674,166327932.05196,568.508838565347
"08071","Colorado","CO","Las Animas County",100802.900658352,280768.025200397,0.986474685109524
"08073","Colorado","CO","Lincoln County",72363.1197599208,201997.569687806,0.716014563849385
"08075","Colorado","CO","Logan County",1469941.96340602,4119797.78848563,14.1228000060475
"08077","Colorado","CO","Mesa County",564849.391039885,1601023.20732847,5.43124527621718
"08079","Colorado","CO","Mineral County",21169.5752738339,59293.0761466087,0.203227922628805
"08081","Colorado","CO","Moffat County",180904.449888614,561327.459250903,1.63621833790727
"08083","Colorado","CO","Montezuma County",46699.2971334928,131109.239757788,0.454306033232111
"08085","Colorado","CO","Montrose County",235240.585378825,655542.653974574,2.26943132861632
"08087","Colorado","CO","Morgan County",611375.188294602,1715776.4526421,5.87990050677081
"08089","Colorado","CO","Otero County",35246.825757482,98743.8691273057,0.34692788353342
"08091","Colorado","CO","Ouray County",19781.2306837423,55405.9138782423,0.189904648456336
"08093","Colorado","CO","Park County",170379.304079308,479134.739250245,1.64491869647772
"08095","Colorado","CO","Phillips County",88763.2021528678,248618.236206535,0.852213473874564
"08097","Colorado","CO","Pitkin County",328592.292990896,923040.792349832,3.19841159603895
"08099","Colorado","CO","Prowers County",173674.13356555,488312.657973921,1.67579064721998
"08101","Colorado","CO","Pueblo County",1405749.4196089,3918146.46486196,13.481860056473
"08103","Colorado","CO","Rio Blanco County",36395.2578640667,115251.662859203,0.345480083538301
"08105","Colorado","CO","Rio Grande County",71865.8282235368,202506.199889446,0.695405213916265
"08107","Colorado","CO","Routt County",588505.646731965,1711425.5455573,5.49678738874369
"08109","Colorado","CO","Saguache County",25989.1534637391,72769.7524858671,0.249259465923326
"08111","Colorado","CO","San Juan County",14371.8166908063,40253.4869212213,0.137969440231741
"08113","Colorado","CO","San Miguel County",35923.9271366216,104935.182334451,0.365260273286003
"08115","Colorado","CO","Sedgwick County",8599.04356814356,24461.0647052541,0.0819741252684098
"08117","Colorado","CO","Summit County",694224.173417997,1946242.07154835,6.67276747461525
"08119","Colorado","CO","Teller County",487020.321637646,1368714.47120723,4.72857818608868
"08121","Colorado","CO","Washington County",152389.286100105,425225.45306497,1.45960590189787
"08123","Colorado","CO","Weld County",23184987.68377,64928056.5028964,222.58078950165
"08125","Colorado","CO","Yuma County",14557.7698056847,41029.4567232411,0.140889189417833
"09110","Connecticut","CT","Capitol Planning Region",126989668.941399,289100566.362926,967.364564946849
"09120","Connecticut","CT","Greater Bridgeport Planning Region",51325656.5514019,117477043.792282,388.828579393394
"09130","Connecticut","CT","Lower Connecticut River Valley Planning Region",31940059.7450208,72676450.6448302,243.013318735703
"09140","Connecticut","CT","Naugatuck Valley Planning Region",76567247.9385035,174739752.133636,581.372975290501
"09150","Connecticut","CT","Northeastern Connecticut Planning Region",10791401.0401817,24363471.4723893,82.3221935745946
"09160","Connecticut","CT","Northwest Hills Planning Region",12972355.9538288,29579129.5680686,98.6005796275994
"09170","Connecticut","CT","South Central Connecticut Planning Region",369632378.607436,841093533.08351,2809.30201762784
"09180","Connecticut","CT","Southeastern Connecticut Planning Region",23554199.1891508,53381498.9098446,179.739700128156
"09190","Connecticut","CT","Western Connecticut Planning Region",49380303.7484131,113921118.586303,370.626576523037
"10001","Delaware","DE","Kent County",10544914.0426917,24824905.905993,62.7457567073266
"10003","Delaware","DE","New Castle County",65293957.4786528,154453041.473618,415.802404277902
"10005","Delaware","DE","Sussex County",4741584.96721082,11051007.669815,31.1508559014896
"11001","District of Columbia","DC","District of Columbia",111724127.141833,234889867.40135,491.75590341112
"12001","Florida","FL","Alachua County",173879504.543264,558434251.901436,1946.98658152786
"12003","Florida","FL","Baker County",607422.000934341,1940816.15236202,6.72593780035392
"12005","Florida","FL","Bay County",884121.175659223,2684630.14617837,9.4274372366507
"12007","Florida","FL","Bradford County",5608104.40591795,18011176.2084833,62.7995176173186
"12009","Florida","FL","Brevard County",4308888.75207087,13602529.8605108,47.8974206833912
"12011","Florida","FL","Broward County",42299078.7778381,135235799.1069,471.837218250614
"12013","Florida","FL","Calhoun County",268175.614375867,838900.157644716,2.98131649301798
"12015","Florida","FL","Charlotte County",827376.583690554,2520768.47260415,8.79210133247889
"12017","Florida","FL","Citrus County",1123951.25931458,3590401.26559379,12.5173508043204
"12019","Florida","FL","Clay County",8398943.4567928,26796844.3042308,93.8896204193239
"12021","Florida","FL","Collier County",1917613.23288854,5587168.76398474,19.0636044869244
"12023","Florida","FL","Columbia County",7561987.31660784,24274183.480273,84.6521378791867
"12027","Florida","FL","DeSoto County",129385.396536815,405683.592627127,1.44427698575381
"12029","Florida","FL","Dixie County",1708023.1555728,5475755.75201207,19.1034242800179
"12031","Florida","FL","Duval County",43778332.1652071,139801419.630238,488.526531202825
"12033","Florida","FL","Escambia County",1574539.0542256,4710279.67187278,16.6593684990059
"12035","Florida","FL","Flagler County",2685709.23849159,8598200.32854894,30.0077979921798
"12037","Florida","FL","Franklin County",184860.790511664,593752.771410662,2.07030853860519
"12039","Florida","FL","Gadsden County",2876045.65463361,9219527.50475725,32.2380372630869
"12041","Florida","FL","Gilchrist County",3914418.99890957,12565887.2164877,43.8471840105156
"12043","Florida","FL","Glades County",76001.9974492348,238377.303403465,0.861857001799158
"12045","Florida","FL","Gulf County",205125.385002145,644639.914291345,2.25083579165618
"12047","Florida","FL","Hamilton County",232526.70039736,746814.323685846,2.60403494798432
"12049","Florida","FL","Hardee County",126386.920868502,401328.382696071,1.39750227684042
"12051","Florida","FL","Hendry County",123874.477999129,391676.252176935,1.39696184050086
"12053","Florida","FL","Hernando County",2065457.38418749,6603833.76237966,22.984030230605
"12055","Florida","FL","Highlands County",414587.683738596,1285661.51447244,4.61592376851489
"12057","Florida","FL","Hillsborough County",113889582.630792,365330663.879224,1274.74890825399
"12059","Florida","FL","Holmes County",122188.41265814,355652.065353481,1.28912953802837
"12061","Florida","FL","Indian River County",1076570.69498498,3439221.75513668,12.0244528318303
"12063","Florida","FL","Jackson County",297054.845187833,920447.768472722,3.2235471722506
"12065","Florida","FL","Jefferson County",606445.501038062,1928146.73183563,6.75146926141853
"12067","Florida","FL","Lafayette County",273276.91848338,877776.200146256,3.06061964464274
"12069","Florida","FL","Lake County",2004812.55685699,6341422.17412025,22.1662701138419
"12071","Florida","FL","Lee County",3924634.59276282,12164285.7736012,42.6647095041257
"12073","Florida","FL","Leon County",43061491.033897,138104969.22662,482.26267389979
"12075","Florida","FL","Levy County",8189024.92329293,26290223.3807668,91.7072191125581
"12077","Florida","FL","Liberty County",120581.922719344,387057.050675271,1.34978101330688
"12079","Florida","FL","Madison County",316192.682449836,977943.171573368,3.43349956717265
"12081","Florida","FL","Manatee County",4523014.57733844,14303916.5861603,50.18747937068
"12083","Florida","FL","Marion County",12790938.1717917,41068464.7285776,143.095556324622
"12085","Florida","FL","Martin County",3256189.53449444,10407414.4864833,36.4144967239369
"12086","Florida","FL","Miami-Dade County",201965413.305738,648096113.254292,2260.25145985825
"12087","Florida","FL","Monroe County",916384.01666915,2926791.39010582,10.1937697390853
"12089","Florida","FL","Nassau County",1636201.76335194,4944993.11204892,17.1711735415534
"12091","Florida","FL","Okaloosa County",1034618.98441656,3157909.97106026,11.1624865475302
"12093","Florida","FL","Okeechobee County",275117.617744172,876191.752304492,3.05002523633296
"12095","Florida","FL","Orange County",18250071.7107742,57552502.3294075,201.524113932894
"12097","Florida","FL","Osceola County",2284525.56574314,7130951.7363846,25.1347643546675
"12099","Florida","FL","Palm Beach County",31982233.0615459,102165635.090646,356.980879305959
"12101","Florida","FL","Pasco County",24101869.2117496,77388336.0803016,269.813358771832
"12103","Florida","FL","Pinellas County",17102097.6073176,54451994.7092114,190.601342327844
"12105","Florida","FL","Polk County",5080984.3288371,16207393.3828873,56.5533674253185
"12107","Florida","FL","Putnam County",2315084.15671956,7396029.40111629,25.8051078609076
"12109","Florida","FL","St. Johns County",8459889.04021793,27028646.9324616,94.5112911412712
"12111","Florida","FL","St. Lucie County",3124080.59481885,10009095.2780116,34.9271640397544
"12113","Florida","FL","Santa Rosa County",613594.688276518,1869867.60958443,6.6746269079049
"12115","Florida","FL","Sarasota County",3289270.8787818,10400919.9117368,36.4509384286816
"12117","Florida","FL","Seminole County",8447190.30833992,26962047.8161808,94.2155492678447
"12119","Florida","FL","Sumter County",708823.280095614,2272125.98941622,7.91281879859117
"12121","Florida","FL","Suwannee County",1989875.5936062,6377350.27226669,22.272472771983
"12123","Florida","FL","Taylor County",125501.628077267,401511.375118928,1.40764742830095
"12125","Florida","FL","Union County",3151629.8737616,10117818.6758783,35.3100309244565
"12127","Florida","FL","Volusia County",3297198.37814598,10501690.1880632,36.5886912979925
"12129","Florida","FL","Wakulla County",1923812.35331827,6165519.20413881,21.4981318002067
"12131","Florida","FL","Walton County",304243.077453051,947886.591407484,3.34107255607757
"12133","Florida","FL","Washington County",116727.323708191,367057.352393721,1.28306523962119
"13001","Georgia","GA","Appling County",67806.2511647325,193081.415655454,0.76967335388887
"13003","Georgia","GA","Atkinson County",24659.5688219908,72260.9492988792,0.287916000121038
"13005","Georgia","GA","Bacon County",13814.0627036304,41319.7860176094,0.158265071295515
"13007","Georgia","GA","Baker County",27136.2497720101,83107.7956514832,0.312216090160171
"13009","Georgia","GA","Baldwin County",722151.928385875,2098966.08074657,8.38178858471276
"13011","Georgia","GA","Banks County",167491.170681157,490858.568309232,1.96600534623788
"13013","Georgia","GA","Barrow County",4663343.31491388,13680366.365609,54.922849334793
"13015","Georgia","GA","Bartow County",2682618.20760256,7864356.15397191,31.4787441956277
"13017","Georgia","GA","Ben Hill County",33524.5176994908,98381.1774187066,0.394935823244241
"13019","Georgia","GA","Berrien County",323091.766905868,952236.72662179,3.80371750343217
"13021","Georgia","GA","Bibb County",2819854.01157611,8255970.10582231,33.1154880130626
"13023","Georgia","GA","Bleckley County",74186.4742604381,218104.433459172,0.86900368888082
"13025","Georgia","GA","Brantley County",72651.5876684168,222281.95353219,0.817480127396066
"13027","Georgia","GA","Brooks County",116834.697605772,344857.13449902,1.36610728904769
"13029","Georgia","GA","Bryan County",237949.15604968,685624.623273556,2.58959074186474
"13031","Georgia","GA","Bulloch County",444842.753990125,1303774.27981842,5.22031862642323
"13033","Georgia","GA","Burke County",1554429.96727035,4564773.42995516,18.3294644338415
"13035","Georgia","GA","Butts County",258166.04066355,735598.021957655,2.92199670231462
"13037","Georgia","GA","Calhoun County",39707.6310728991,118264.999814399,0.464239475479302
"13039","Georgia","GA","Camden County",595678.824095955,1732198.42949857,6.85242179660776
"13043","Georgia","GA","Candler County",41313.2866355921,121296.894262915,0.487014495139738
"13045","Georgia","GA","Carroll County",3451024.02740186,10106783.8377838,40.5454225235706
"13047","Georgia","GA","Catoosa County",241431.143032853,671052.124621828,2.59834628507978
"13049","Georgia","GA","Charlton County",48539.5149604696,142525.297745009,0.571695372438584
"13051","Georgia","GA","Chatham County",2964339.48442168,8699510.06438674,34.2260104515037
"13053","Georgia","GA","Chattahoochee County",67371.1946333547,187571.200583055,0.74496177680284
"13055","Georgia","GA","Chattooga County",444630.608683792,1288972.94056757,5.1361115748695
"13057","Georgia","GA","Cherokee County",8381256.62560792,24570319.9217727,98.4997453602147
"13059","Georgia","GA","Clarke County",27350070.8593592,80311796.0604404,322.578664475738
"13061","Georgia","GA","Clay County",29569.9768265079,88513.3843042798,0.344873068308776
"13063","Georgia","GA","Clayton County",20756174.4540589,60875946.8466029,244.349814907832
"13065","Georgia","GA","Clinch County",18081.6099860434,53065.5164134191,0.213160200604482
"13067","Georgia","GA","Cobb County",53901253.1687434,157964537.210096,633.15836787738
"13069","Georgia","GA","Coffee County",93541.5110011482,273728.205641176,1.08122352597645
"13071","Georgia","GA","Colquitt County",419321.608554605,1245082.39226685,4.91446442221798
"13073","Georgia","GA","Columbia County",15893867.2067975,46610066.1900085,186.895436650232
"13075","Georgia","GA","Cook County",109074.637404296,336112.269956225,1.25146862552574
"13077","Georgia","GA","Coweta County",5262117.88053688,15407007.2556315,61.7482871500627
"13079","Georgia","GA","Crawford County",140298.403890066,413136.739265175,1.64784776692645
"13081","Georgia","GA","Crisp County",131588.042581205,377444.57024244,1.48047850648648
"13083","Georgia","GA","Dade County",310311.606470744,907411.593539883,3.62983531159354
"13085","Georgia","GA","Dawson County",986875.896998622,2892931.31648235,11.6081909181567
"13087","Georgia","GA","Decatur County",289787.954107653,885031.838159506,3.26642313876891
"13089","Georgia","GA","DeKalb County",217890125.643238,639723688.73651,2568.90296120487
"13091","Georgia","GA","Dodge County",113341.175573885,332831.476496351,1.33476944770287
"13093","Georgia","GA","Dooly County",26688.1746698589,77895.386713859,0.311853095348606
"13095","Georgia","GA","Dougherty County",463740.83148854,1360237.3282958,5.30870424682934
"13097","Georgia","GA","Douglas County",6497655.79874491,19045729.0589189,76.3865745110536
"13099","Georgia","GA","Early County",54314.708559839,164914.653919519,0.629160904548262
"13101","Georgia","GA","Echols County",226307.795207022,664632.403977149,2.67015955783491
"13103","Georgia","GA","Effingham County",425235.279998528,1251149.13072718,4.90811041752331
"13105","Georgia","GA","Elbert County",482072.821691809,1392443.16217684,5.52528779616171
"13107","Georgia","GA","Emanuel County",211800.739464129,618651.853225967,2.46256529810675
"13109","Georgia","GA","Evans County",23198.5026677235,68000.545731874,0.273029244075147
"13111","Georgia","GA","Fannin County",203283.476990976,578900.739820038,2.29546548069351
"13113","Georgia","GA","Fayette County",7183623.86195441,21088013.6693772,84.6254583756052
"13115","Georgia","GA","Floyd County",2059905.28061103,5408514.77630234,20.7256644286807
"13117","Georgia","GA","Forsyth County",8061090.71058355,23626238.3276541,94.8032288088762
"13119","Georgia","GA","Franklin County",670849.042693052,1969065.54948968,7.90390522459615
"13121","Georgia","GA","Fulton County",145033049.820064,425320219.260194,1706.10742353429
"13123","Georgia","GA","Gilmer County",277055.392286281,807755.297983617,3.23131480413123
"13125","Georgia","GA","Glascock County",96995.2151435332,284884.781776223,1.14453608281941
"13127","Georgia","GA","Glynn County",834730.190491586,2459627.70561435,9.50374113347279
"13129","Georgia","GA","Gordon County",433915.299902967,1249276.07136215,4.94057879574009
"13131","Georgia","GA","Grady County",284377.418926919,896502.153048992,3.21952434713005
"13133","Georgia","GA","Greene County",408167.966595367,1198233.81937166,4.78554205543768
"13135","Georgia","GA","Gwinnett County",80932508.1596707,237162459.145543,951.367502290751
"13137","Georgia","GA","Habersham County",402761.229502076,1182444.38612631,4.74433319864511
"13139","Georgia","GA","Hall County",2944021.15899738,8634112.16938388,34.564246331571
"13141","Georgia","GA","Hancock County",87406.7849217862,257114.85270106,1.02517728763208
"13143","Georgia","GA","Haralson County",234731.302749514,682202.824962145,2.71675105266516
"13145","Georgia","GA","Harris County",259353.483870125,745028.901662265,2.96253930946162
"13147","Georgia","GA","Hart County",780861.835895838,2289872.83846465,9.1753986339719
"13149","Georgia","GA","Heard County",289775.467493753,845788.978627266,3.38477022914395
"13151","Georgia","GA","Henry County",16678262.6097901,48957120.1010444,196.60199890309
"13153","Georgia","GA","Houston County",1005263.4221102,2952931.39607689,11.8188746502976
"13155","Georgia","GA","Irwin County",15671.2847468343,46580.5334407887,0.183639385405253
"13157","Georgia","GA","Jackson County",4320015.00531425,12630144.2229916,50.5940293596022
"13159","Georgia","GA","Jasper County",159277.551276849,467451.263985675,1.87414367857869
"13161","Georgia","GA","Jeff Davis County",42008.0819450465,123233.866305329,0.485663605860959
"13163","Georgia","GA","Jefferson County",755984.583029591,2221791.06032449,8.91622133806266
"13165","Georgia","GA","Jenkins County",366638.844754384,1075370.07944119,4.31700227811488
"13167","Georgia","GA","Johnson County",66602.3823753368,195632.088546798,0.785877604221566
"13169","Georgia","GA","Jones County",414029.830748228,1216344.84792461,4.8758803917495
"13171","Georgia","GA","Lamar County",253340.072710891,736297.65485109,2.94430633000274
"13173","Georgia","GA","Lanier County",275591.434934692,810169.197714139,3.2503113985843
"13175","Georgia","GA","Laurens County",561198.352442005,1617667.73755989,6.45709211139911
"13177","Georgia","GA","Lee County",93372.8581698052,273780.246297825,1.0762217706704
"13179","Georgia","GA","Liberty County",521639.362058776,1519025.7050276,5.87808659776855
"13181","Georgia","GA","Lincoln County",360668.71963062,1042053.76145189,4.16696921369171
"13183","Georgia","GA","Long County",120554.320414348,352957.862920656,1.38933237931296
"13185","Georgia","GA","Lowndes County",698545.045565919,2054476.61005432,8.11646684337867
"13187","Georgia","GA","Lumpkin County",145877.960432536,426377.738664142,1.70607543903024
"13189","Georgia","GA","McDuffie County",1481256.51765098,4338674.31549753,17.4019311512727
"13191","Georgia","GA","McIntosh County",140170.578094146,410776.170049617,1.62371914176517
"13193","Georgia","GA","Macon County",61405.345988809,172716.857176388,0.675636443823547
"13195","Georgia","GA","Madison County",4877356.75097719,14299478.716845,57.4231925338094
"13197","Georgia","GA","Marion County",26778.5841763811,77875.3892599421,0.312070869689969
"13199","Georgia","GA","Meriwether County",281682.47441106,792234.114873427,3.12902505077166
"13201","Georgia","GA","Miller County",54328.4508161902,164079.331541242,0.63067303489723
"13205","Georgia","GA","Mitchell County",114309.970174878,351284.748416841,1.31081676797189
"13207","Georgia","GA","Monroe County",295278.420808083,826676.86663884,3.22260152945995
"13209","Georgia","GA","Montgomery County",25341.2612873013,74330.34844157,0.297705156789226
"13211","Georgia","GA","Morgan County",1815730.7017647,5320843.8187845,21.3307299170178
"13213","Georgia","GA","Murray County",210772.248145442,607802.957405263,2.40543005189124
"13215","Georgia","GA","Muscogee County",1484678.97147707,4237424.79098569,16.7134492732788
"13217","Georgia","GA","Newton County",9297692.69716487,27280759.7571149,109.502461039451
"13219","Georgia","GA","Oconee County",20732701.5961092,60886959.2534357,244.573263091426
"13221","Georgia","GA","Oglethorpe County",4254100.82001875,12484461.1384993,50.1260984519644
"13223","Georgia","GA","Paulding County",4016069.99875502,11783132.7910633,47.2454730518573
"13225","Georgia","GA","Peach County",210114.919910617,616107.62613336,2.46659105551498
"13227","Georgia","GA","Pickens County",921906.884472276,2702834.1722823,10.8345350971509
"13229","Georgia","GA","Pierce County",72054.833568149,213840.679850534,0.849767015632488
"13231","Georgia","GA","Pike County",311642.386633427,914529.291923326,3.67047165252815
"13233","Georgia","GA","Polk County",565681.671454701,1647682.9881207,6.5733590573853
"13235","Georgia","GA","Pulaski County",34945.0140346044,102488.348642331,0.410036373022087
"13237","Georgia","GA","Putnam County",233281.786801606,674967.026492927,2.70289444814343
"13239","Georgia","GA","Quitman County",13514.7111319994,41419.5695562074,0.155709009541764
"13241","Georgia","GA","Rabun County",103236.458569566,302927.818500204,1.21556639549038
"13243","Georgia","GA","Randolph County",48071.6787989326,141214.590971238,0.567156430528304
"13245","Georgia","GA","Richmond County",25949743.8251513,76141505.4127543,305.520066272188
"13247","Georgia","GA","Rockdale County",8568982.02365936,25127111.3900156,100.795096317964
"13249","Georgia","GA","Schley County",28431.2736348183,77431.3211821011,0.263905735612058
"13251","Georgia","GA","Screven County",189782.585671263,558183.0595741,2.23766399709987
"13253","Georgia","GA","Seminole County",20926.5451863538,62226.1107976475,0.244841219261434
"13255","Georgia","GA","Spalding County",1506379.39116103,4426703.61237353,17.744418329743
"13257","Georgia","GA","Stephens County",1013891.06123089,2970444.59216934,11.8645418948811
"13259","Georgia","GA","Stewart County",85281.3546980972,261857.315532919,0.981296432881971
"13261","Georgia","GA","Sumter County",148371.796967829,417151.844018105,1.65379685192348
"13263","Georgia","GA","Talbot County",44257.624089151,123534.573667041,0.479225056229373
"13265","Georgia","GA","Taliaferro County",19137.8732651229,56174.6418643119,0.224653199787659
"13267","Georgia","GA","Tattnall County",131137.813722462,387537.553813267,1.54594648841153
"13269","Georgia","GA","Taylor County",36323.9932215739,105685.413833867,0.414102502612935
"13271","Georgia","GA","Telfair County",68286.3856155707,200583.248624175,0.805419582357051
"13273","Georgia","GA","Terrell County",30645.2998186808,93127.557147931,0.354274144461193
"13275","Georgia","GA","Thomas County",758757.207581336,2314086.4933773,8.5930241697042
"13277","Georgia","GA","Tift County",438862.643917855,1296263.35970285,5.14400109860827
"13279","Georgia","GA","Toombs County",132000.131102066,387516.754458731,1.55623290722804
"13281","Georgia","GA","Towns County",328367.527800624,956795.232546958,3.79614762224192
"13283","Georgia","GA","Treutlen County",41666.9355942872,123864.81038817,0.487518327607039
"13285","Georgia","GA","Troup County",626433.180409131,1801693.78799075,7.10626512286613
"13287","Georgia","GA","Turner County",54357.7864483227,159669.504116912,0.641389051047274
"13289","Georgia","GA","Twiggs County",53251.8460738781,156264.877572303,0.62750479559103
"13291","Georgia","GA","Union County",353950.153587341,1037114.37688734,4.15278383814078
"13293","Georgia","GA","Upson County",135939.092271006,391709.223360767,1.55959614786613
"13295","Georgia","GA","Walker County",245923.11364047,681717.112100434,2.64375280198094
"13297","Georgia","GA","Walton County",3245931.89591227,9511260.71005128,38.05619486762
"13299","Georgia","GA","Ware County",127049.122200273,373710.187090401,1.47318301422857
"13301","Georgia","GA","Warren County",551836.106394544,1620766.71228575,6.51057277783844
"13303","Georgia","GA","Washington County",403090.567870932,1175649.76887104,4.70136823961237
"13305","Georgia","GA","Wayne County",119981.878346331,350475.108611357,1.39692498445619
"13307","Georgia","GA","Webster County",4087.29207638133,11862.3635128953,0.0474498089553489
"13309","Georgia","GA","Wheeler County",58613.805853755,171434.309212072,0.666666710071206
"13311","Georgia","GA","White County",311743.287247426,904753.639576596,3.57629520322197
"13313","Georgia","GA","Whitfield County",1166915.7219127,3202939.03564632,12.3874557483044
"13315","Georgia","GA","Wilcox County",42565.5642497986,124931.384934063,0.501580974485804
"13317","Georgia","GA","Wilkes County",361570.127469024,1061524.36771559,4.25195157424984
"13319","Georgia","GA","Wilkinson County",171877.834933719,484437.782078098,1.92971539969884
"13321","Georgia","GA","Worth County",302315.321290099,895093.049530599,3.55167209242632
"15001","Hawaii","HI","Hawaii County",1717017.56397518,4840333.37622587,15.5885756367988
"15003","Hawaii","HI","Honolulu County",59630458.3227321,168158078.59261,541.993685081913
"15005","Hawaii","HI","Kalawao County",80654.34942157,228178.047014247,0.733954579736287
"15007","Hawaii","HI","Kauai County",372586.196484898,1054032.05953018,3.38888069092655
"15009","Hawaii","HI","Maui County",1774162.91113695,5008533.45382546,16.1196001256352
"16001","Idaho","ID","Ada County",8668782.62897325,33900469.1812202,78.795699887844
"16003","Idaho","ID","Adams County",6409.46685094823,25986.8519114402,0.0593817783885663
"16005","Idaho","ID","Bannock County",1221773.91193589,4394201.14674492,12.3518440324923
"16007","Idaho","ID","Bear Lake County",2577.89511365708,10106.7034158986,0.0243420708361433
"16009","Idaho","ID","Benewah County",114428.207412571,357235.466385042,0.958212164050331
"16011","Idaho","ID","Bingham County",138600.416006146,445017.958096043,1.46080673744489
"16013","Idaho","ID","Blaine County",44158.2273572407,134440.129519918,0.449185006555238
"16015","Idaho","ID","Boise County",50923.2703879076,211832.897420801,0.469011298702322
"16017","Idaho","ID","Bonner County",571670.640690635,1727260.36006427,4.74867467594817
"16019","Idaho","ID","Bonneville County",642488.514778838,1943737.82764751,5.7823860205137
"16021","Idaho","ID","Boundary County",47288.8497221388,178571.715446959,0.423433680951784
"16023","Idaho","ID","Butte County",1218.25956549584,4566.44005933152,0.0110497261444801
"16025","Idaho","ID","Camas County",222.651177430252,927.589955141317,0.00204839083235832
"16027","Idaho","ID","Canyon County",1201585.73738262,4578907.91594018,11.277277597522
"16029","Idaho","ID","Caribou County",39076.3408455688,113299.188305466,0.439396834950811
"16031","Idaho","ID","Cassia County",108284.020423904,302809.455001434,0.958146540421729
"16033","Idaho","ID","Clark County",4127.21768308244,16062.2526510906,0.0379704026843584
"16035","Idaho","ID","Clearwater County",379651.485902661,1003439.07650501,3.03263311522754
"16037","Idaho","ID","Custer County",7650.61817392334,29343.7521554788,0.069758719020235
"16039","Idaho","ID","Elmore County",91155.517167817,376014.56280946,0.838716755575649
"16041","Idaho","ID","Franklin County",54392.7910598282,159158.745605797,0.608427775897623
"16043","Idaho","ID","Fremont County",117211.278546765,338211.896136648,1.06756655943156
"16045","Idaho","ID","Gem County",57758.7686352177,236273.496522408,0.531577227116085
"16047","Idaho","ID","Gooding County",9486.21143745449,36334.7652325291,0.0876603738592982
"16049","Idaho","ID","Idaho County",100912.278233634,374061.43679654,0.932133864276163
"16051","Idaho","ID","Jefferson County",78462.9386162382,270460.179463749,0.766988709763132
"16053","Idaho","ID","Jerome County",37507.2567109685,124108.14861386,0.361735699403449
"16055","Idaho","ID","Kootenai County",4111654.15318,11274691.1139043,33.4324376045379
"16057","Idaho","ID","Latah County",11461136.5469187,38406147.7012244,98.1305290188096
"16059","Idaho","ID","Lemhi County",97986.4471394651,248779.954333741,0.812557930860519
"16061","Idaho","ID","Lewis County",40367.1377813372,158433.183564252,0.363796029833121
"16063","Idaho","ID","Lincoln County",2949.10243107214,11302.091275794,0.0271198114804714
"16065","Idaho","ID","Madison County",211465.709318414,664096.279396486,2.01271265018801
"16067","Idaho","ID","Minidoka County",11785.4247444539,44565.9817025363,0.109163660437425
"16069","Idaho","ID","Nez Perce County",1487955.65211174,4833335.67284169,12.7339869810123
"16071","Idaho","ID","Oneida County",5569.09499345938,22580.8307748986,0.0515540109328155
"16073","Idaho","ID","Owyhee County",17118.0335027001,70609.3805398268,0.158028037445379
"16075","Idaho","ID","Payette County",47731.3872190006,194747.71736701,0.439311547836175
"16077","Idaho","ID","Power County",31804.7324755324,121189.931508283,0.316761630621897
"16079","Idaho","ID","Shoshone County",71601.8760852754,271772.377246808,0.677168353965954
"16081","Idaho","ID","Teton County",19350.2113230212,69926.3719477739,0.170752389110367
"16083","Idaho","ID","Twin Falls County",62238.2816273369,254627.289359298,0.571942547957896
"16085","Idaho","ID","Valley County",20714.6555720229,86021.1620351168,0.191025987283074
"16087","Idaho","ID","Washington County",20831.0961966333,86406.5758840337,0.191513762502067
"17001","Illinois","IL","Adams County",214455.645335249,597385.083971973,2.07234163302521
"17003","Illinois","IL","Alexander County",29615.7855710163,75332.6071477496,0.268685161199728
"17005","Illinois","IL","Bond County",163169.676966423,457507.274998907,1.5817553301586
"17007","Illinois","IL","Boone County",443882.727716244,1183915.4169278,4.26340607529402
"17009","Illinois","IL","Brown County",33606.6005880204,94689.5919288639,0.327293611756875
"17011","Illinois","IL","Bureau County",276991.491034537,783453.315916337,2.69380286577598
"17013","Illinois","IL","Calhoun County",72127.6447665662,185501.061347745,0.660896468317138
"17015","Illinois","IL","Carroll County",86752.6803839319,239855.294580203,0.816822597562323
"17017","Illinois","IL","Cass County",2116275.52671681,5023506.87677768,18.3217060901808
"17019","Illinois","IL","Champaign County",60189460.9777627,172111808.791574,595.528338387127
"17021","Illinois","IL","Christian County",473839.059687405,1347807.1742129,4.65602928655985
"17023","Illinois","IL","Clark County",137881.023568897,393240.396701722,1.35799521263382
"17025","Illinois","IL","Clay County",116748.104645515,332350.596606639,1.14729857376654
"17027","Illinois","IL","Clinton County",358654.936091911,930064.149337357,3.3149357539221
"17029","Illinois","IL","Coles County",1830316.43762083,5229729.83844702,18.0830500485197
"17031","Illinois","IL","Cook County",897441922.933617,2561940946.07556,8874.2337454993
"17033","Illinois","IL","Crawford County",176279.953195647,492800.708617673,1.67295220128783
"17035","Illinois","IL","Cumberland County",306554.925662026,876157.42390976,3.02999969676059
"17037","Illinois","IL","DeKalb County",1643786.07548864,4588469.02045202,16.0865595559375
"17039","Illinois","IL","De Witt County",706068.923982205,1991926.16499808,6.91757402438859
"17041","Illinois","IL","Douglas County",2478029.6664401,7086134.97918166,24.5172959989844
"17043","Illinois","IL","DuPage County",55223818.4684131,156611452.068329,542.068403473298
"17045","Illinois","IL","Edgar County",419252.822333887,1196259.45676511,4.13115878928879
"17047","Illinois","IL","Edwards County",45758.1682093921,129556.262208215,0.48770754251059
"17049","Illinois","IL","Effingham County",307146.11510904,857549.602863731,2.9727155172033
"17051","Illinois","IL","Fayette County",181307.253983235,510981.114027785,1.77453922362928
"17053","Illinois","IL","Ford County",1444011.62970936,4122857.72377361,14.2541561867509
"17055","Illinois","IL","Franklin County",276641.111923563,783625.179921053,2.6812485242744
"17057","Illinois","IL","Fulton County",243404.976195311,655381.606432138,2.20876578315485
"17059","Illinois","IL","Gallatin County",14763.9544770875,41287.1196597657,0.138608119483
"17061","Illinois","IL","Greene County",1160359.85040695,2790833.40340374,10.1382998494572
"17063","Illinois","IL","Grundy County",1727929.45815959,4889269.82119007,16.9105245411115
"17065","Illinois","IL","Hamilton County",19584.3172506191,55204.999491299,0.188538584518964
"17067","Illinois","IL","Hancock County",208757.507081101,575534.181008344,1.95982039806452
"17069","Illinois","IL","Hardin County",24216.500540791,62531.0600617913,0.228148968199819
"17071","Illinois","IL","Henderson County",12002.0374520179,33917.1039402716,0.116089092930057
"17073","Illinois","IL","Henry County",456547.664051663,1223387.32111091,4.1118933797891
"17075","Illinois","IL","Iroquois County",815796.39036305,2323620.93000201,8.02622401795912
"17077","Illinois","IL","Jackson County",1057070.70569945,3000697.20536692,10.4081258657438
"17079","Illinois","IL","Jasper County",72299.6270635881,205974.160592039,0.702422192086285
"17081","Illinois","IL","Jefferson County",172448.951432342,449801.042387866,1.6051409818179
"17083","Illinois","IL","Jersey County",1179918.25479016,2805775.10125729,10.2331867579539
"17085","Illinois","IL","Jo Daviess County",77702.8463747006,208478.578418933,0.701810328006432
"17087","Illinois","IL","Johnson County",104717.099065331,294568.388083182,0.984189175184349
"17089","Illinois","IL","Kane County",12572150.983174,35404424.7796424,122.76167230575
"17091","Illinois","IL","Kankakee County",2397374.27866896,6808401.12393093,23.5011204492839
"17093","Illinois","IL","Kendall County",3643533.42277032,10274503.3135294,35.5540050085657
"17095","Illinois","IL","Knox County",548609.218891672,1542356.33878456,5.30969576353184
"17097","Illinois","IL","Lake County",38669437.9697372,109182544.777821,379.537396959218
"17099","Illinois","IL","LaSalle County",1257965.60329562,3502085.54440147,12.2855315647245
"17101","Illinois","IL","Lawrence County",104952.522740279,289844.976561788,1.00916003843313
"17103","Illinois","IL","Lee County",329944.126559279,937009.032043638,3.251768269211
"17105","Illinois","IL","Livingston County",638586.526861878,1799944.68102063,6.18512017092882
"17107","Illinois","IL","Logan County",377137.947313244,1060159.08876048,3.6713376403735
"17109","Illinois","IL","McDonough County",234645.016255011,654105.522787026,2.24223480132945
"17111","Illinois","IL","McHenry County",7792277.10884638,21740494.805926,76.0857367172876
"17113","Illinois","IL","McLean County",5309639.97008456,15119963.7184197,52.3807208567962
"17115","Illinois","IL","Macon County",3871203.70565065,11027292.4720385,38.1550267420205
"17117","Illinois","IL","Macoupin County",2436398.95010937,5889312.54508097,21.3529395525511
"17119","Illinois","IL","Madison County",16941495.9576308,40540375.276093,147.591796946008
"17121","Illinois","IL","Marion County",209813.430286192,541771.441856115,1.9127334977499
"17123","Illinois","IL","Marshall County",62495.7933694188,177232.734304193,0.610049341045989
"17125","Illinois","IL","Mason County",89846.7476117718,255402.762411545,0.88528116083633
"17127","Illinois","IL","Massac County",22084.324901202,60354.2315374054,0.211504645154518
"17129","Illinois","IL","Menard County",237638.199952563,678829.809676737,2.34894983034225
"17131","Illinois","IL","Mercer County",309920.295181301,773705.879119898,2.79254241970595
"17133","Illinois","IL","Monroe County",1582818.82575963,3756128.30014673,13.6982096386395
"17135","Illinois","IL","Montgomery County",267812.535069688,742278.497621591,2.58412376836988
"17137","Illinois","IL","Morgan County",1394167.92321747,3450531.07883244,12.4131249583369
"17139","Illinois","IL","Moultrie County",576845.004238966,1648765.19603327,5.70704299901027
"17141","Illinois","IL","Ogle County",471658.149097327,1313673.80584442,4.53638565381503
"17143","Illinois","IL","Peoria County",1926946.19523223,5424540.94506697,18.7698492741873
"17145","Illinois","IL","Perry County",171776.939588518,495488.107876336,1.67381356568951
"17147","Illinois","IL","Piatt County",3298998.58495561,9422163.55323266,32.6030242143706
"17149","Illinois","IL","Pike County",57231.3461149395,160685.810467032,0.552747567343699
"17151","Illinois","IL","Pope County",10876.9685277819,30765.607761538,0.106761999413805
"17153","Illinois","IL","Pulaski County",54001.2581698187,149333.368499313,0.544495418811856
"17155","Illinois","IL","Putnam County",22287.9855083962,63051.1821053697,0.216119096990854
"17157","Illinois","IL","Randolph County",1204535.714957,2887482.47683558,10.5014576259088
"17159","Illinois","IL","Richland County",85367.8918143066,239985.157988123,0.82080628707601
"17161","Illinois","IL","Rock Island County",2133722.64475638,5584816.9272547,19.1276221558826
"17163","Illinois","IL","St. Clair County",15996009.8062693,38081906.7770711,138.822817209116
"17165","Illinois","IL","Saline County",128449.467906257,359683.506050597,1.28294209815684
"17167","Illinois","IL","Sangamon County",5596246.97723558,15964397.5648185,55.3257365148255
"17169","Illinois","IL","Schuyler County",36010.4191019794,102575.179056741,0.355340243583966
"17171","Illinois","IL","Scott County",70560.116561754,200785.512939909,0.672765487983024
"17173","Illinois","IL","Shelby County",399591.265507894,1136765.43604204,3.92372591532205
"17175","Illinois","IL","Stark County",22871.6870091011,65425.495284374,0.226414724287371
"17177","Illinois","IL","Stephenson County",442174.840010529,1259921.69738441,4.36333152531834
"17179","Illinois","IL","Tazewell County",1316986.74713492,3741574.73403768,13.0216402360516
"17181","Illinois","IL","Union County",192687.981354818,540874.138643516,1.87807920550641
"17183","Illinois","IL","Vermilion County",6549039.95127792,18684750.9420085,64.594672862488
"17185","Illinois","IL","Wabash County",50291.2005762981,132321.676664254,0.475226674847058
"17187","Illinois","IL","Warren County",116626.984828815,332452.536552558,1.14848710540889
"17189","Illinois","IL","Washington County",90841.4772305745,236264.041419635,0.863054789718913
"17191","Illinois","IL","Wayne County",92748.1943217857,264521.446423896,0.916053486939715
"17193","Illinois","IL","White County",41640.5996308898,115463.784771863,0.404264130167908
"17195","Illinois","IL","Whiteside County",527433.466651216,1440436.58066209,4.90706630028939
"17197","Illinois","IL","Will County",29497082.840437,83981956.8719373,290.553289793181
"17199","Illinois","IL","Williamson County",723117.454579136,2047163.32058786,7.10239244269376
"17201","Illinois","IL","Winnebago County",3018562.54592232,8394112.81676701,29.4119118197877
"17203","Illinois","IL","Woodford County",441376.282641558,1238853.56348784,4.31900831709495
"18001","Indiana","IN","Adams County",479509.890766916,1283415.69983885,4.27990601726427
"18003","Indiana","IN","Allen County",5876083.52902459,15596496.5367395,52.8896714318735
"18005","Indiana","IN","Bartholomew County",2625054.87775137,7066540.0352657,23.2640677572358
"18007","Indiana","IN","Benton County",1210306.4481293,3263661.50229104,10.6992182154447
"18009","Indiana","IN","Blackford County",143535.244423504,386117.63981051,1.26395910637746
"18011","Indiana","IN","Boone County",6761270.38980854,18185075.1840108,59.5868745903354
"18013","Indiana","IN","Brown County",1694454.81368735,4569037.82195855,14.9884998627033
"18015","Indiana","IN","Carroll County",1565596.24481267,4224641.74562217,13.8601637587105
"18017","Indiana","IN","Cass County",436368.579668035,1190516.35131301,3.94587249191641
"18019","Indiana","IN","Clark County",4119036.67379433,10854816.1716269,35.8096652711426
"18021","Indiana","IN","Clay County",407770.815845891,1111209.62290042,3.73738239352808
"18023","Indiana","IN","Clinton County",1340424.14592937,3607416.29309467,11.873893282432
"18025","Indiana","IN","Crawford County",317221.260155796,845716.815225107,2.77281889687282
"18027","Indiana","IN","Daviess County",790701.56732812,2127973.55382951,6.99407484819554
"18029","Indiana","IN","Dearborn County",3974475.35377539,10400725.4390362,38.6772094067206
"18031","Indiana","IN","Decatur County",508211.281131488,1361966.59112701,4.55594690699532
"18033","Indiana","IN","DeKalb County",204718.761040744,549917.930826943,1.8342738476676
"18035","Indiana","IN","Delaware County",4086047.57338782,10980177.8587458,36.0453476873476
"18037","Indiana","IN","Dubois County",383816.05896144,1029434.67671636,3.41495506834385
"18039","Indiana","IN","Elkhart County",2007982.27382394,5397945.93323303,17.9272611874098
"18041","Indiana","IN","Fayette County",416505.326926469,1111511.29123911,3.80265222041295
"18043","Indiana","IN","Floyd County",3346326.61913807,8763075.84835296,29.3022638330329
"18045","Indiana","IN","Fountain County",861509.639800121,2335480.15399869,7.71157297270477
"18047","Indiana","IN","Franklin County",1198992.27129518,3159744.11594545,11.4405651724667
"18049","Indiana","IN","Fulton County",207948.156290928,561638.909015958,1.84434597529295
"18051","Indiana","IN","Gibson County",241064.302586142,647894.921301541,2.12910880254053
"18053","Indiana","IN","Grant County",802422.154826626,2153652.89725671,7.086352776367
"18055","Indiana","IN","Greene County",2841861.81405076,7653602.02600075,25.0812722599909
"18057","Indiana","IN","Hamilton County",30623780.7801165,82452625.6110549,270.980684993379
"18059","Indiana","IN","Hancock County",6543336.11643425,17658094.4891215,58.4477792674601
"18061","Indiana","IN","Harrison County",1251641.82303757,3303094.54194405,10.8997507641116
"18063","Indiana","IN","Hendricks County",18414606.2203449,49556834.4815778,162.296626665868
"18065","Indiana","IN","Henry County",920314.433654286,2461595.21734149,8.09350033940314
"18067","Indiana","IN","Howard County",1544749.78132082,4146357.63755681,13.6005627343365
"18069","Indiana","IN","Huntington County",486054.275152681,1310886.6543782,4.29917328964484
"18071","Indiana","IN","Jackson County",1400004.49341102,3761766.03925493,12.3824363530267
"18073","Indiana","IN","Jasper County",508911.320840671,1369628.57885286,4.52435175851795
"18075","Indiana","IN","Jay County",333138.301014461,896251.647170796,2.9636984382189
"18077","Indiana","IN","Jefferson County",484393.049352187,1294747.51343296,4.30912733297523
"18079","Indiana","IN","Jennings County",474160.632660076,1268812.21846875,4.26433988552876
"18081","Indiana","IN","Johnson County",14664692.7892374,39484543.6072795,129.386339048694
"18083","Indiana","IN","Knox County",679368.525950636,1827237.02221607,5.98106149849066
"18085","Indiana","IN","Kosciusko County",912891.25006451,2452618.86730628,8.07129231588907
"18087","Indiana","IN","LaGrange County",245172.900874403,662917.679698685,2.21489222082449
"18089","Indiana","IN","Lake County",23186180.0970206,65302623.6213453,223.391093682871
"18091","Indiana","IN","LaPorte County",2151139.68083926,5878651.99934578,19.6565472015752
"18093","Indiana","IN","Lawrence County",2359537.63836857,6345075.78594949,20.7759398828278
"18095","Indiana","IN","Madison County",3603046.39905995,9662646.28654682,31.9124681076074
"18097","Indiana","IN","Marion County",125736803.072767,338339498.544008,1108.3257713846
"18099","Indiana","IN","Marshall County",522017.953999659,1393737.69286483,4.60345697030141
"18101","Indiana","IN","Martin County",73335.331348651,197541.135709472,0.646950597208779
"18103","Indiana","IN","Miami County",483337.404519495,1315471.74556618,4.37817318898847
"18105","Indiana","IN","Monroe County",30045647.0854889,80810985.7834656,264.511151132541
"18107","Indiana","IN","Montgomery County",1220530.76566901,3295565.56294665,10.8528539893337
"18109","Indiana","IN","Morgan County",5368921.85779799,14449603.7952448,47.3780922712007
"18111","Indiana","IN","Newton County",312908.377171829,858202.381457093,2.83159091839598
"18113","Indiana","IN","Noble County",302831.818540348,823938.308492324,2.69255070668299
"18115","Indiana","IN","Ohio County",403239.776675082,1062794.0797076,3.84163422121263
"18117","Indiana","IN","Orange County",500218.143474525,1343030.9838081,4.41131544948712
"18119","Indiana","IN","Owen County",2514018.48762535,6768507.04901389,22.0310472563163
"18121","Indiana","IN","Parke County",445980.39856337,1199784.94452148,3.92650261422909
"18123","Indiana","IN","Perry County",281118.419687305,755439.309516925,2.48482405597782
"18125","Indiana","IN","Pike County",86978.6095448532,232738.256803757,0.763350928613479
"18127","Indiana","IN","Porter County",5448256.625384,15220977.3758535,51.824596995701
"18129","Indiana","IN","Posey County",223665.307368239,601728.840150766,1.96956362083293
"18131","Indiana","IN","Pulaski County",181705.293873284,491652.704365026,1.61709028562012
"18133","Indiana","IN","Putnam County",1134101.96693436,3057900.54359818,10.0245550124395
"18135","Indiana","IN","Randolph County",488036.736377537,1313993.8819078,4.32775808322737
"18137","Indiana","IN","Ripley County",703067.802594011,1856198.04402844,6.66015998596485
"18139","Indiana","IN","Rush County",275514.728245307,738681.265964058,2.45071285642521
"18141","Indiana","IN","St. Joseph County",24194338.6281667,65187917.7098168,213.734835625679
"18143","Indiana","IN","Scott County",301522.991921228,806787.448806649,2.68074936737876
"18145","Indiana","IN","Shelby County",1951405.65318752,5233720.50265162,17.2505019248263
"18147","Indiana","IN","Spencer County",115551.957048501,310233.680727144,1.03365751715444
"18149","Indiana","IN","Starke County",247150.064390225,670197.518017919,2.2100440408887
"18151","Indiana","IN","Steuben County",182744.386432522,496116.044083106,1.64324232955055
"18153","Indiana","IN","Sullivan County",331366.609390298,891926.878453386,2.94171479557742
"18155","Indiana","IN","Switzerland County",196009.097324757,521764.576337108,1.76671709818058
"18157","Indiana","IN","Tippecanoe County",46909335.4440726,126199152.524144,412.96114140826
"18159","Indiana","IN","Tipton County",304807.460477772,820124.425028577,2.68528725275282
"18161","Indiana","IN","Union County",276820.74501041,725053.264851627,2.59936771998902
"18163","Indiana","IN","Vanderburgh County",1897521.2248238,5098835.26104935,16.8404794269553
"18165","Indiana","IN","Vermillion County",167235.090762745,455221.851206245,1.51947835086786
"18167","Indiana","IN","Vigo County",1901140.05503736,5156246.34966719,17.0354117770451
"18169","Indiana","IN","Wabash County",496399.144204255,1354253.99373773,4.50680637512679
"18171","Indiana","IN","Warren County",1031159.0444346,2788445.34554714,9.16516989893517
"18173","Indiana","IN","Warrick County",775269.300736253,2076036.25133985,6.85015578376198
"18175","Indiana","IN","Washington County",600880.391876625,1608215.48057321,5.2697327212611
"18177","Indiana","IN","Wayne County",1223412.06009157,3278068.64869699,10.8096921294714
"18179","Indiana","IN","Wells County",280266.955961958,758657.621540366,2.49775426996042
"18181","Indiana","IN","White County",1807341.32395962,4877061.88224685,15.9978220717737
"18183","Indiana","IN","Whitley County",418641.801059756,1120467.30750544,3.73055694947051
"19001","Iowa","IA","Adair County",52485.0847803696,129399.073734985,0.416384082892629
"19003","Iowa","IA","Adams County",67069.5192379103,164764.263947409,0.530074391081909
"19005","Iowa","IA","Allamakee County",235868.514474742,581073.290442532,1.98157852485636
"19007","Iowa","IA","Appanoose County",131431.55963184,326357.683531041,1.0566451163873
"19009","Iowa","IA","Audubon County",40398.2284378305,103192.400753695,0.338026257032566
"19011","Iowa","IA","Benton County",1509839.90535483,3708885.72406868,11.9472504199553
"19013","Iowa","IA","Black Hawk County",1142950.60241574,2840903.87265686,9.32915725370014
"19015","Iowa","IA","Boone County",1488574.08221324,3657577.57787649,11.802789532028
"19017","Iowa","IA","Bremer County",305337.998543588,752976.22397925,2.61898107614597
"19019","Iowa","IA","Buchanan County",334234.161175236,826144.079409234,2.86093751011128
"19021","Iowa","IA","Buena Vista County",72949.1137875344,190709.99871636,0.598513479378242
"19023","Iowa","IA","Butler County",139854.678618567,346555.153352686,1.2249268557674
"19025","Iowa","IA","Calhoun County",55398.8893430201,137908.392477816,0.450694331671397
"19027","Iowa","IA","Carroll County",200286.138228859,502977.797789401,1.62493741439
"19029","Iowa","IA","Cass County",316178.251879644,803301.100896781,2.74851672454971
"19031","Iowa","IA","Cedar County",4642606.70583418,11405261.6688327,36.7210345552963
"19033","Iowa","IA","Cerro Gordo County",449434.531191112,1115236.65771447,3.80308953867759
"19035","Iowa","IA","Cherokee County",50854.2119356412,138213.173368778,0.420193526384332
"19037","Iowa","IA","Chickasaw County",183332.264986822,452314.497247434,1.53349456067137
"19039","Iowa","IA","Clarke County",136165.348963741,337157.031750826,1.09976494196245
"19041","Iowa","IA","Clay County",28359.808239455,84316.5004656663,0.234138073832865
"19043","Iowa","IA","Clayton County",311542.461132471,768999.527024291,2.63833501822022
"19045","Iowa","IA","Clinton County",884815.49847445,2173985.385656,7.03137383172139
"19047","Iowa","IA","Crawford County",467407.130818976,1208609.13303971,4.17243915299323
"19049","Iowa","IA","Dallas County",1298465.79439177,3204342.76360138,10.3804206143936
"19051","Iowa","IA","Davis County",102452.778336929,251627.920599072,0.809775385495292
"19053","Iowa","IA","Decatur County",201084.474001984,496472.62539455,1.62437380563371
"19055","Iowa","IA","Delaware County",232220.04945656,575303.690903614,1.90417959310212
"19057","Iowa","IA","Des Moines County",846525.19381004,2083734.07986452,6.73491731537494
"19059","Iowa","IA","Dickinson County",180063.613843892,461344.01241993,1.5045973957227
"19061","Iowa","IA","Dubuque County",1871901.13323054,4602225.89927569,14.8793661839771
"19063","Iowa","IA","Emmet County",44237.5639116496,117086.640866564,0.368039090497681
"19065","Iowa","IA","Fayette County",161077.088698443,397006.33606494,1.39385438963248
"19067","Iowa","IA","Floyd County",109485.374775632,273212.053290679,0.941315848403552
"19069","Iowa","IA","Franklin County",137713.24885711,342080.983768117,1.16595805259202
"19071","Iowa","IA","Fremont County",217477.500363727,560479.956899488,1.97618354168566
"19073","Iowa","IA","Greene County",406730.79079025,1053161.4836131,3.67505196082251
"19075","Iowa","IA","Grundy County",212393.185763285,523821.2581576,1.79221998237416
"19077","Iowa","IA","Guthrie County",100598.344852232,262779.252724342,0.874541719739572
"19079","Iowa","IA","Hamilton County",284998.937333462,701292.864717379,2.25733527096984
"19081","Iowa","IA","Hancock County",239179.683171514,589400.839027008,2.0251673261434
"19083","Iowa","IA","Hardin County",268852.779580377,660494.792819486,2.13544056694141
"19085","Iowa","IA","Harrison County",228984.404401173,581740.422016327,1.97801759039465
"19087","Iowa","IA","Henry County",1327125.04344346,3265050.17994037,10.5176028958943
"19089","Iowa","IA","Howard County",133309.247830299,328495.809782552,1.10982588088691
"19091","Iowa","IA","Humboldt County",78967.457335167,194824.105752505,0.625715776890645
"19093","Iowa","IA","Ida County",25708.7738829115,66121.7248796064,0.211555239943379
"19095","Iowa","IA","Iowa County",4926631.38329117,12099793.246778,38.9546664635243
"19097","Iowa","IA","Jackson County",205418.48374929,506953.781142654,1.63540915045386
"19099","Iowa","IA","Jasper County",451576.280108595,1108858.5352982,3.61465108495393
"19101","Iowa","IA","Jefferson County",137701.103386,341064.736183297,1.12840835195354
"19103","Iowa","IA","Johnson County",125019160.555453,307055445.190736,987.839582225796
"19105","Iowa","IA","Jones County",936226.20473639,2303825.54897065,7.438591975591
"19107","Iowa","IA","Keokuk County",242953.139450641,598023.64907082,1.93127965963582
"19109","Iowa","IA","Kossuth County",126990.611313938,315285.61454857,1.06471194547106
"19111","Iowa","IA","Lee County",569968.927751011,1400413.27069127,4.52526712830018
"19113","Iowa","IA","Linn County",16630588.1048642,40837914.7712932,131.798741699043
"19115","Iowa","IA","Louisa County",933409.348600329,2300383.88287753,7.41958112602435
"19117","Iowa","IA","Lucas County",99021.0167165984,245170.836914246,0.790441269950312
"19119","Iowa","IA","Lyon County",50008.5464552767,133990.823924484,0.410589551962647
"19121","Iowa","IA","Madison County",185025.614419324,455042.451068679,1.46547293110858
"19123","Iowa","IA","Mahaska County",465289.380665293,1145020.48600934,3.71294982710377
"19125","Iowa","IA","Marion County",335434.798424907,825001.576938005,2.67388467004784
"19127","Iowa","IA","Marshall County",619278.45285591,1527331.71663759,4.97040212207362
"19129","Iowa","IA","Mills County",350648.548035161,905308.466167764,3.18861471364793
"19131","Iowa","IA","Mitchell County",167702.509222924,415369.326667869,1.44146297972775
"19133","Iowa","IA","Monona County",68911.2823767662,177053.377552979,0.585359780512758
"19135","Iowa","IA","Monroe County",100539.538396787,253362.495330049,0.83776881964875
"19137","Iowa","IA","Montgomery County",94679.4987809309,249194.439427106,0.846425779860529
"19139","Iowa","IA","Muscatine County",4680597.31077999,11494608.0981612,36.9229788076167
"19141","Iowa","IA","O'Brien County",39453.7498233118,106394.495909179,0.336010713818363
"19143","Iowa","IA","Osceola County",9671.19385581479,27404.6996721902,0.0800426792471433
"19145","Iowa","IA","Page County",435953.128174649,1119880.97290437,3.89011443207843
"19147","Iowa","IA","Palo Alto County",26546.6222710943,71869.3204112617,0.229683566766362
"19149","Iowa","IA","Plymouth County",174928.620211088,444748.268434096,1.43127240424627
"19151","Iowa","IA","Pocahontas County",50030.7943463273,126990.512496357,0.405840272714289
"19153","Iowa","IA","Polk County",6690243.00368109,16536645.1779764,53.7666639994046
"19155","Iowa","IA","Pottawattamie County",3601454.65775855,9292441.48758967,32.7276251011619
"19157","Iowa","IA","Poweshiek County",530138.204048735,1296957.06622826,4.15741530168966
"19159","Iowa","IA","Ringgold County",66973.1138938912,164713.512578453,0.530257525518273
"19161","Iowa","IA","Sac County",39355.2708155811,105859.344211098,0.321395640297014
"19163","Iowa","IA","Scott County",4163051.03841107,10253257.4999957,33.0666005864536
"19165","Iowa","IA","Shelby County",88081.9002399866,221725.11256329,0.740078529824022
"19167","Iowa","IA","Sioux County",334900.495109502,857019.144214103,2.76044082414162
"19169","Iowa","IA","Story County",9241904.21721697,22696496.0968707,73.1321218623816
"19171","Iowa","IA","Tama County",346017.322642508,857882.87457342,2.78867881987933
"19173","Iowa","IA","Taylor County",50696.533605366,125225.784042058,0.404428344308345
"19175","Iowa","IA","Union County",219331.040187649,541624.45484142,1.7703081525526
"19177","Iowa","IA","Van Buren County",53722.0666795212,132804.585674355,0.429173783714004
"19179","Iowa","IA","Wapello County",274224.012324642,679357.446843584,2.20701752012573
"19181","Iowa","IA","Warren County",691346.188437244,1708410.5394085,5.57465502153153
"19183","Iowa","IA","Washington County",7348494.69968708,18049117.5451181,58.0768464962628
"19185","Iowa","IA","Wayne County",96119.0093702891,235071.544620702,0.771652437061625
"19187","Iowa","IA","Webster County",278445.872067218,689071.75905364,2.23264204745509
"19189","Iowa","IA","Winnebago County",88658.29723743,218968.25495808,0.783791205258572
"19191","Iowa","IA","Winneshiek County",239413.431221555,591774.851791904,2.04069533549428
"19193","Iowa","IA","Woodbury County",654455.986536889,1696562.88617599,5.42551178592005
"19195","Iowa","IA","Worth County",99273.7815021238,244921.01575988,0.863214800036501
"19197","Iowa","IA","Wright County",63710.5636483218,163804.080951731,0.534237493944044
"20001","Kansas","KS","Allen County",38996.6983355678,107571.48883387,0.316169708199934
"20003","Kansas","KS","Anderson County",6503.72063436684,17966.5189058919,0.0526817293151492
"20005","Kansas","KS","Atchison County",438975.693398759,1191945.05349714,3.61519693477359
"20007","Kansas","KS","Barber County",31330.9727247729,82777.7503609885,0.282050825601663
"20009","Kansas","KS","Barton County",1099753.66989874,2623911.39311,9.43030623972641
"20011","Kansas","KS","Bourbon County",169128.482537643,466811.469542567,1.37049511146783
"20013","Kansas","KS","Brown County",289867.144198879,800893.948997123,2.350275674411
"20015","Kansas","KS","Butler County",509939.082205262,1403723.23188346,4.2299010479653
"20017","Kansas","KS","Chase County",101038.141028898,279083.310802343,0.818619997786541
"20019","Kansas","KS","Chautauqua County",897.529730691067,2385.7181364249,0.00738396623491548
"20021","Kansas","KS","Cherokee County",84422.6972177287,230847.644484749,0.691831868100214
"20023","Kansas","KS","Cheyenne County",11282.5994396999,31155.1860205057,0.0914757304571405
"20025","Kansas","KS","Clark County",117525.930738881,324674.699409698,0.952003465696285
"20027","Kansas","KS","Clay County",80363.6628025278,224036.322351179,0.667104876960206
"20029","Kansas","KS","Cloud County",66086.0851812131,182346.312723899,0.537585848417696
"20031","Kansas","KS","Coffey County",122474.459774077,336138.113791777,0.994720398278054
"20033","Kansas","KS","Comanche County",10844.0868876852,29957.5472958679,0.0878371037902505
"20035","Kansas","KS","Cowley County",257492.297423296,710739.224889868,2.08892766981167
"20037","Kansas","KS","Crawford County",125260.398791341,347130.255941959,1.03633589802421
"20039","Kansas","KS","Decatur County",12844.1362420117,35455.2576600706,0.104210853551438
"20041","Kansas","KS","Dickinson County",261802.162526092,724706.975549152,2.1490991447473
"20043","Kansas","KS","Doniphan County",36847.47817313,97696.0940079122,0.307035364391643
"20045","Kansas","KS","Douglas County",18527373.9167158,51049782.0372782,150.586754961073
"20047","Kansas","KS","Edwards County",16556.4072139768,45737.2009778118,0.134115993803796
"20049","Kansas","KS","Elk County",2782.44599972193,7776.06941975728,0.0226799820232736
"20051","Kansas","KS","Ellis County",244442.566032938,672374.405439289,1.99245124871911
"20053","Kansas","KS","Ellsworth County",71414.0984184171,189990.989974201,0.588994866382526
"20055","Kansas","KS","Finney County",129298.775155759,358349.112228314,1.07537142630889
"20057","Kansas","KS","Ford County",213157.641372993,582393.256015649,1.74864260014788
"20059","Kansas","KS","Franklin County",306815.836354991,843607.423467697,2.49661382356734
"20061","Kansas","KS","Geary County",694055.301523528,1914806.85379537,5.64182086623177
"20063","Kansas","KS","Gove County",1410.51467276674,4002.8199230728,0.0115786803444438
"20065","Kansas","KS","Graham County",30419.427734995,82913.0921362643,0.24014837171557
"20067","Kansas","KS","Grant County",52277.836761365,144927.827752533,0.447037184757416
"20069","Kansas","KS","Gray County",7348.55030990992,20699.336102466,0.0656728226195357
"20071","Kansas","KS","Greeley County",83.0076981799548,225.161605985369,0.000662115433135152
"20073","Kansas","KS","Greenwood County",5252.41506137289,14234.6480670679,0.0433234969628042
"20075","Kansas","KS","Hamilton County",1161.53964423774,3558.98009539427,0.010094221180001
"20077","Kansas","KS","Harper County",16856.8548509643,45947.4117019778,0.136345927217969
"20079","Kansas","KS","Harvey County",384828.667331532,1065343.71285516,3.14963163289994
"20081","Kansas","KS","Haskell County",2724.95076891901,7200.63347405127,0.022938416780524
"20083","Kansas","KS","Hodgeman County",24938.5424966742,68950.2029829934,0.20214708796784
"20085","Kansas","KS","Jackson County",58536.8240629536,160160.159552482,0.475200366469163
"20087","Kansas","KS","Jefferson County",783209.992619785,2154409.8375055,6.35705177536645
"20089","Kansas","KS","Jewell County",28296.8360627993,78161.9225820292,0.22935852188531
"20091","Kansas","KS","Johnson County",60715045.1780396,163697538.546613,497.42157564281
"20093","Kansas","KS","Kearny County",777.842145340823,2164.26543597507,0.00690463435322323
"20095","Kansas","KS","Kingman County",23225.1327788647,64277.0305331521,0.193864930203577
"20097","Kansas","KS","Kiowa County",35408.140624353,97817.4611102938,0.28680593905726
"20099","Kansas","KS","Labette County",60723.5747484109,163302.731696956,0.510861394186637
"20101","Kansas","KS","Lane County",1938.41528366351,5355.52732451868,0.0157050493129239
"20103","Kansas","KS","Leavenworth County",1548923.90152006,4157751.83993805,12.7067712219761
"20105","Kansas","KS","Lincoln County",12421.9260113139,34316.4540752132,0.100617894633272
"20107","Kansas","KS","Linn County",7501.55533739717,20588.8388837214,0.0616227148283209
"20109","Kansas","KS","Logan County",35992.8784467192,99433.1373855262,0.291553957524742
"20111","Kansas","KS","Lyon County",381592.491573147,1048052.92008644,3.13433719392379
"20113","Kansas","KS","McPherson County",240917.947372363,662513.524451376,1.99502207688615
"20115","Kansas","KS","Marion County",77021.0673764365,210564.35464444,0.629574313203944
"20117","Kansas","KS","Marshall County",69659.4454693618,192936.983109403,0.57066912616761
"20119","Kansas","KS","Meade County",2110.3588638244,5831.12235821393,0.0171373335083236
"20121","Kansas","KS","Miami County",1233972.87033231,3380546.0541822,10.0471740736546
"20123","Kansas","KS","Mitchell County",156534.745773288,434488.443956806,1.28336381347448
"20125","Kansas","KS","Montgomery County",117764.013771997,326555.700206905,1.02632199838204
"20127","Kansas","KS","Morris County",120451.706149052,333542.633886614,0.981921958735412
"20129","Kansas","KS","Morton County",15617.6902824379,41240.6566138116,0.125231885938087
"20131","Kansas","KS","Nemaha County",128566.827538622,329474.886979958,1.09443818133564
"20133","Kansas","KS","Neosho County",48997.3358027017,133143.151603514,0.399621364531129
"20135","Kansas","KS","Ness County",117265.32556112,323954.759407446,0.949892563756415
"20137","Kansas","KS","Norton County",17250.4465697216,47648.2607862055,0.139815212181851
"20139","Kansas","KS","Osage County",415733.70345011,1148735.58339514,3.42651622540084
"20141","Kansas","KS","Osborne County",7743.61255835642,21400.8726134749,0.0629570135437
"20143","Kansas","KS","Ottawa County",71675.9393116219,198399.031134162,0.580620066326798
"20145","Kansas","KS","Pawnee County",260474.552148411,719580.503221705,2.11079993496024
"20147","Kansas","KS","Phillips County",7747.60343692609,21053.2653943135,0.0636684686581181
"20149","Kansas","KS","Pottawatomie County",1598758.54764077,4418120.614943,13.0126782814087
"20151","Kansas","KS","Pratt County",22199.0360286938,61740.2534881107,0.203472320178443
"20153","Kansas","KS","Rawlins County",8111.03426096619,22408.9836442848,0.0666519574326336
"20155","Kansas","KS","Reno County",309389.517760619,857139.331973171,2.53371818339717
"20157","Kansas","KS","Republic County",49690.372187206,136197.873669911,0.411985811585266
"20159","Kansas","KS","Rice County",3087.15035574861,8697.78566479893,0.0273645075377304
"20161","Kansas","KS","Riley County",6917467.4444081,19106940.1543535,56.0491405961908
"20163","Kansas","KS","Rooks County",13783.9064725463,36782.8520941643,0.111155900507507
"20165","Kansas","KS","Rush County",6295.83301839913,17392.6783664713,0.050996247449033
"20167","Kansas","KS","Russell County",56828.9957787973,153878.655393829,0.452907035595488
"20169","Kansas","KS","Saline County",638511.579878917,1759086.64714961,5.20577086311241
"20171","Kansas","KS","Scott County",7620.3072797011,21458.4599237745,0.0618838275812954
"20173","Kansas","KS","Sedgwick County",4919931.15929735,13623985.3431102,40.5312425642885
"20175","Kansas","KS","Seward County",29271.1580503374,77221.6459532895,0.218379184197713
"20177","Kansas","KS","Shawnee County",2934515.92320858,8037379.84395428,24.0488109393753
"20179","Kansas","KS","Sheridan County",8897.71797415939,24755.6027088859,0.0746959949197644
"20181","Kansas","KS","Sherman County",23310.9493343204,64407.3796490714,0.189116726332228
"20183","Kansas","KS","Smith County",17526.3096964269,48109.702392055,0.142651258534259
"20185","Kansas","KS","Stafford County",132998.465356324,367566.944694433,1.07904888427469
"20187","Kansas","KS","Stanton County",2010.88067881592,6508.48875411106,0.0234227603219977
"20189","Kansas","KS","Stevens County",997.266433992758,2764.1358329501,0.00851550743779752
"20191","Kansas","KS","Sumner County",110615.037128738,309694.073340711,0.927137198308661
"20193","Kansas","KS","Thomas County",18389.6054151262,50802.5691496085,0.148955803862523
"20195","Kansas","KS","Trego County",6012.99052653007,16783.2647989575,0.0500250988107889
"20197","Kansas","KS","Wabaunsee County",54302.7300677397,149830.176471105,0.44007686354082
"20199","Kansas","KS","Wallace County",453.340841600706,1257.47761461257,0.00382576542522193
"20201","Kansas","KS","Washington County",55568.7148790804,153511.592045694,0.450160129518757
"20203","Kansas","KS","Wichita County",588.834603716294,1648.85809810777,0.00563765877945911
"20205","Kansas","KS","Wilson County",16157.9562880616,44670.3658076097,0.132443062330143
"20207","Kansas","KS","Woodson County",7351.08431481435,19950.0157855891,0.0599442564147618
"20209","Kansas","KS","Wyandotte County",7163942.76351585,19312617.0064825,58.8351766789862
"21001","Kentucky","KY","Adair County",287266.651392026,751874.275785225,2.48803134220241
"21003","Kentucky","KY","Allen County",232904.74944093,615751.560276841,2.12771886422215
"21005","Kentucky","KY","Anderson County",1380497.05652355,3576246.7361572,12.2111538994305
"21007","Kentucky","KY","Ballard County",75818.088423593,198487.253808135,0.653036556427484
"21009","Kentucky","KY","Barren County",591535.207989182,1560779.06778617,5.34265287438486
"21011","Kentucky","KY","Bath County",592577.77790589,1551938.5726871,5.1385791328138
"21013","Kentucky","KY","Bell County",415782.484083552,1086529.94769101,3.58486448584846
"21015","Kentucky","KY","Boone County",9604052.35714857,25086664.9642977,92.9467148799162
"21017","Kentucky","KY","Bourbon County",1332774.37538043,3481831.58625183,11.519659298895
"21019","Kentucky","KY","Boyd County",805042.262887031,2154779.67961218,6.66997230171575
"21021","Kentucky","KY","Boyle County",1580183.30857232,4130076.70562182,13.6619489171902
"21023","Kentucky","KY","Bracken County",148432.463813523,388273.900360371,1.32682382656425
"21025","Kentucky","KY","Breathitt County",32502.5130725687,91394.7072166181,0.352863224441975
"21027","Kentucky","KY","Breckinridge County",340320.675450883,889617.24806561,2.93599875138931
"21029","Kentucky","KY","Bullitt County",3522361.28834441,9213059.0242422,30.3711529266762
"21031","Kentucky","KY","Butler County",198074.515971148,527907.103763942,1.88483279033701
"21033","Kentucky","KY","Caldwell County",24945.4533709523,66206.8911373403,0.232058596291853
"21035","Kentucky","KY","Calloway County",368530.704044843,966967.704444885,3.21542369804041
"21037","Kentucky","KY","Campbell County",12201993.7136856,31861107.2310801,119.298198031848
"21039","Kentucky","KY","Carlisle County",28415.1035448198,74320.5490129598,0.244652628388778
"21041","Kentucky","KY","Carroll County",143324.460185646,373986.548851638,1.32324529125177
"21043","Kentucky","KY","Carter County",135757.994223908,361330.063897818,1.14903080131731
"21045","Kentucky","KY","Casey County",107238.815143408,280399.603562838,0.922622797230055
"21047","Kentucky","KY","Christian County",1071611.69011048,2864839.63990049,10.188744168106
"21049","Kentucky","KY","Clark County",2944738.6990062,7692378.44400804,25.380592494143
"21051","Kentucky","KY","Clay County",563446.579283998,1472837.26803233,4.84643417724354
"21053","Kentucky","KY","Clinton County",102460.190020339,267859.658082352,0.881348891975525
"21055","Kentucky","KY","Crittenden County",71519.6432562376,186960.878203853,0.615092472852756
"21057","Kentucky","KY","Cumberland County",120315.716238493,315388.584090598,1.05278923970728
"21059","Kentucky","KY","Daviess County",530667.021306976,1397208.78352829,4.63516988244571
"21061","Kentucky","KY","Edmonson County",287944.932615844,756677.468427634,2.54828335866334
"21063","Kentucky","KY","Elliott County",115838.91591087,304141.361004306,0.990796861310196
"21065","Kentucky","KY","Estill County",551263.878121066,1447545.90728748,4.80535440656631
"21067","Kentucky","KY","Fayette County",88626307.0722189,231370318.364478,763.231190973342
"21069","Kentucky","KY","Fleming County",476422.930366534,1252080.90370037,4.17773884996704
"21071","Kentucky","KY","Floyd County",232066.858898141,607344.873814507,2.00058110153304
"21073","Kentucky","KY","Franklin County",2200969.5102499,5761873.87963846,19.0780819005
"21075","Kentucky","KY","Fulton County",16549.1059919197,47057.0654538892,0.158035100332416
"21077","Kentucky","KY","Gallatin County",253299.231519004,663152.100879508,2.27707275897915
"21079","Kentucky","KY","Garrard County",1077276.61352172,2816964.49992066,9.37435430502909
"21081","Kentucky","KY","Grant County",608574.979151125,1588460.21549616,5.64508567938411
"21083","Kentucky","KY","Graves County",396353.955550404,1047004.00723716,3.55130425612499
"21085","Kentucky","KY","Grayson County",344742.345659182,891457.826403267,2.95201505505391
"21087","Kentucky","KY","Green County",218791.266470052,573282.325305106,1.90548722008303
"21089","Kentucky","KY","Greenup County",502341.895085473,1331470.30049459,4.24132512209674
"21091","Kentucky","KY","Hancock County",20887.1478356743,56845.3016381574,0.203810597973456
"21093","Kentucky","KY","Hardin County",1783714.2051809,4671814.52633844,15.498636834733
"21095","Kentucky","KY","Harlan County",267379.677729996,700227.050927102,2.30308511201907
"21097","Kentucky","KY","Harrison County",534928.057134896,1422742.79791889,4.74030083437095
"21099","Kentucky","KY","Hart County",609077.862806761,1596986.81595113,5.32577960113888
"21101","Kentucky","KY","Henderson County",259991.219591481,684903.728857341,2.29120301873386
"21103","Kentucky","KY","Henry County",538128.719557756,1406960.40234774,4.63850360316563
"21105","Kentucky","KY","Hickman County",7161.63963193311,19075.9592289195,0.063305927663319
"21107","Kentucky","KY","Hopkins County",465619.130778584,1224958.22932719,4.13415469430254
"21109","Kentucky","KY","Jackson County",202971.962292105,530646.733564057,1.74646453287454
"21111","Kentucky","KY","Jefferson County",66272468.2576211,173326361.533941,571.071658366997
"21113","Kentucky","KY","Jessamine County",7517159.02262295,19658285.9342769,64.8651844850256
"21115","Kentucky","KY","Johnson County",172930.098584066,452220.639385741,1.48731983425599
"21117","Kentucky","KY","Kenton County",16081274.7935585,41968217.9412628,156.45250513331
"21119","Kentucky","KY","Knott County",106019.220082599,277121.544976981,0.910864464200498
"21121","Kentucky","KY","Knox County",216683.025353092,566745.390732917,1.86666236013713
"21123","Kentucky","KY","Larue County",527723.854340837,1379827.90307641,4.53974803097082
"21125","Kentucky","KY","Laurel County",1447063.39490431,3779523.36360086,12.4502897127936
"21127","Kentucky","KY","Lawrence County",202502.677820834,534847.685226627,1.71411538702297
"21129","Kentucky","KY","Lee County",100123.240469053,261725.823193786,0.861423763982857
"21131","Kentucky","KY","Leslie County",165543.966194785,432484.189621382,1.43049350660611
"21133","Kentucky","KY","Letcher County",111153.819630455,290478.905670136,0.956124188595302
"21135","Kentucky","KY","Lewis County",168120.196235926,439626.732701054,1.50440601084317
"21137","Kentucky","KY","Lincoln County",647448.537879354,1693203.30425749,5.6593939591241
"21139","Kentucky","KY","Livingston County",23987.4897935103,62937.0360447286,0.213701501664462
"21141","Kentucky","KY","Logan County",551013.256188945,1475690.1009267,5.22555956725879
"21143","Kentucky","KY","Lyon County",90781.1834237579,244016.608529928,0.903023430449665
"21145","Kentucky","KY","McCracken County",564402.714997963,1490730.56097101,5.06897291178037
"21147","Kentucky","KY","McCreary County",237075.907462035,621852.96981609,2.07622083273418
"21149","Kentucky","KY","McLean County",55167.1017318473,144311.859757199,0.476249376866204
"21151","Kentucky","KY","Madison County",6943752.96830286,18150651.3152904,59.825074647712
"21153","Kentucky","KY","Magoffin County",108868.474448904,284327.538559167,0.940165203696169
"21155","Kentucky","KY","Marion County",313541.35489807,819825.179499337,2.71192629672605
"21157","Kentucky","KY","Marshall County",127675.531327276,339379.415385269,1.18561957929169
"21159","Kentucky","KY","Martin County",60745.6960771415,158963.656141172,0.524929930270571
"21161","Kentucky","KY","Mason County",715877.879809118,1867187.6522643,6.28881570442389
"21163","Kentucky","KY","Meade County",754916.93412091,1979856.22625785,6.5703855283169
"21165","Kentucky","KY","Menifee County",181302.360291029,474567.937126575,1.5789970644733
"21167","Kentucky","KY","Mercer County",775981.219730896,2027973.61161549,6.7080571201184
"21169","Kentucky","KY","Metcalfe County",129388.684386202,343160.438932506,1.20016330856796
"21171","Kentucky","KY","Monroe County",121254.845559513,317972.690173153,1.06072729230725
"21173","Kentucky","KY","Montgomery County",1786819.88091174,4683210.67561067,15.5987873346188
"21175","Kentucky","KY","Morgan County",78994.0028057055,204610.233110822,0.74556974316288
"21177","Kentucky","KY","Muhlenberg County",267753.503812475,702991.473756365,2.37783195121952
"21179","Kentucky","KY","Nelson County",1274313.11931984,3345852.77909939,11.0755541085187
"21181","Kentucky","KY","Nicholas County",339126.604101746,886378.718671765,2.93532331633686
"21183","Kentucky","KY","Ohio County",161900.422722255,425457.010654033,1.4278723754112
"21185","Kentucky","KY","Oldham County",4507824.72639478,11790930.042847,38.8859089865773
"21187","Kentucky","KY","Owen County",145206.330936866,378420.561450292,1.32436088330618
"21189","Kentucky","KY","Owsley County",15301.12479634,56341.5916798162,0.122337309012387
"21191","Kentucky","KY","Pendleton County",633213.803333347,1652415.25057972,6.00696226211063
"21193","Kentucky","KY","Perry County",264650.422909423,691814.749101516,2.2869269828071
"21195","Kentucky","KY","Pike County",540556.570100191,1413898.9635529,4.64526666265309
"21197","Kentucky","KY","Powell County",347177.562560148,906045.834780635,2.99591633139285
"21199","Kentucky","KY","Pulaski County",528183.037020196,1385723.06513102,4.59218348667911
"21201","Kentucky","KY","Robertson County",15910.6390528264,41489.7171556266,0.148889345016452
"21203","Kentucky","KY","Rockcastle County",154709.444218214,404427.098640936,1.33057987019307
"21205","Kentucky","KY","Rowan County",1294875.44628389,3385004.23376574,11.3160283955727
"21207","Kentucky","KY","Russell County",64722.2082023075,169109.89451328,0.55691584736231
"21209","Kentucky","KY","Scott County",4985016.28671251,13013886.7204511,43.1607984451874
"21211","Kentucky","KY","Shelby County",1535432.78480235,4021291.67521157,13.2873678035295
"21213","Kentucky","KY","Simpson County",379498.909690523,996792.741442346,3.46809794237648
"21215","Kentucky","KY","Spencer County",606172.349687225,1586488.3263754,5.2466163639623
"21217","Kentucky","KY","Taylor County",156234.02397039,408492.28344325,1.34412840518462
"21219","Kentucky","KY","Todd County",157965.279174991,420962.399459009,1.49764233766027
"21221","Kentucky","KY","Trigg County",129149.475758907,346253.050131167,1.26657438276782
"21223","Kentucky","KY","Trimble County",79276.7993770999,207234.1299143,0.681900966260789
"21225","Kentucky","KY","Union County",58233.9435621829,153878.017652784,0.542515663298877
"21227","Kentucky","KY","Warren County",1852353.49087497,4909831.55478658,17.3063424616551
"21229","Kentucky","KY","Washington County",151160.463093572,397058.469930805,1.33412304192188
"21231","Kentucky","KY","Wayne County",277167.534160222,725707.393577971,2.39233011019652
"21233","Kentucky","KY","Webster County",22658.9194456906,60205.5139481482,0.21214070069187
"21235","Kentucky","KY","Whitley County",180422.615809287,471507.110355547,1.56206098647037
"21237","Kentucky","KY","Wolfe County",4611.91114830694,12061.711638478,0.0396672935059323
"21239","Kentucky","KY","Woodford County",4773141.06467735,12474888.9827087,41.0751898268834
"22001","Louisiana","LA","Acadia Parish",870696.767770187,2421330.72004653,8.5865264451759
"22003","Louisiana","LA","Allen Parish",150092.859702358,449023.491335103,1.60634471981761
"22005","Louisiana","LA","Ascension Parish",3688967.65309005,10238791.3973344,36.3268331697178
"22007","Louisiana","LA","Assumption Parish",301935.290082215,837580.687798182,2.96683143198159
"22009","Louisiana","LA","Avoyelles Parish",136646.017051092,370000.930010031,1.30796714063539
"22011","Louisiana","LA","Beauregard Parish",110592.041508889,310366.03577204,1.10202190013596
"22013","Louisiana","LA","Bienville Parish",148406.461770567,413937.390051764,1.46307234043291
"22015","Louisiana","LA","Bossier Parish",3085267.60731551,8555140.60774984,30.2911678743697
"22017","Louisiana","LA","Caddo Parish",11012521.1844124,30483533.8444296,108.153007619418
"22019","Louisiana","LA","Calcasieu Parish",798124.992034703,2287808.95685602,8.1149035662733
"22021","Louisiana","LA","Caldwell Parish",37657.1194025717,106379.144639342,0.374228321647469
"22023","Louisiana","LA","Cameron Parish",11014.8692623343,30534.7624511688,0.107676980232185
"22025","Louisiana","LA","Catahoula Parish",43167.1604721599,119956.903933554,0.42226686014126
"22027","Louisiana","LA","Claiborne Parish",155950.906782541,430816.276582529,1.52261157703086
"22029","Louisiana","LA","Concordia Parish",26930.5560570917,76979.5441508995,0.271783095123808
"22031","Louisiana","LA","De Soto Parish",417446.274928579,1163483.30784321,4.12092389907793
"22033","Louisiana","LA","East Baton Rouge Parish",31228706.3896175,86570917.1559113,306.775589145601
"22035","Louisiana","LA","East Carroll Parish",25992.6946918654,73953.8380212931,0.262969782611251
"22037","Louisiana","LA","East Feliciana Parish",334136.413467046,927276.553339297,3.28295309904011
"22039","Louisiana","LA","Evangeline Parish",300351.707993877,841836.463751195,2.98721986226122
"22041","Louisiana","LA","Franklin Parish",61341.7633029959,170202.411236848,0.59736361128114
"22043","Louisiana","LA","Grant Parish",53208.0809385469,152929.257513879,0.535215205393573
"22045","Louisiana","LA","Iberia Parish",669853.127828824,1863094.10570457,6.59848029530422
"22047","Louisiana","LA","Iberville Parish",1005596.71180003,2783180.59759474,9.85354477237606
"22049","Louisiana","LA","Jackson Parish",73462.2805851532,207128.906998499,0.735352485616406
"22051","Louisiana","LA","Jefferson Parish",38421627.575021,106394304.449042,377.140908955074
"22053","Louisiana","LA","Jefferson Davis Parish",151805.116900118,426192.958410214,1.51148198633305
"22055","Louisiana","LA","Lafayette Parish",6371652.18661189,17660743.1683615,62.5797215042894
"22057","Louisiana","LA","Lafourche Parish",1258922.16318979,3486639.63863596,12.3354605541796
"22059","Louisiana","LA","La Salle Parish",48914.0696540921,135805.355583828,0.478834676644721
"22061","Louisiana","LA","Lincoln Parish",333042.756530381,926023.332147154,3.27494498041121
"22063","Louisiana","LA","Livingston Parish",3503508.7258059,9706486.69403712,34.3597128056499
"22065","Louisiana","LA","Madison Parish",25481.0267475547,71393.8597219545,0.248068952333138
"22067","Louisiana","LA","Morehouse Parish",83776.1799557156,237098.374797973,0.833758072487959
"22069","Louisiana","LA","Natchitoches Parish",245271.304166111,714492.838626208,2.53347442336923
"22071","Louisiana","LA","Orleans Parish",77389910.6868225,214153605.567403,758.755690800259
"22073","Louisiana","LA","Ouachita Parish",863701.769276971,2410285.06310057,8.52304673514785
"22075","Louisiana","LA","Plaquemines Parish",556374.050347552,1540294.22804918,5.45076660388221
"22077","Louisiana","LA","Pointe Coupee Parish",476797.215575678,1319571.40867052,4.67317048829977
"22079","Louisiana","LA","Rapides Parish",711163.95340768,2081809.9816048,7.41066495221989
"22081","Louisiana","LA","Red River Parish",68560.6844849443,194365.628979673,0.68713337726451
"22083","Louisiana","LA","Richland Parish",86458.7561003125,232497.580317946,0.84677029621131
"22085","Louisiana","LA","Sabine Parish",90817.9116686125,252678.614441095,0.892072065322383
"22087","Louisiana","LA","St. Bernard Parish",2267477.73239256,6268486.62940431,22.2011450371109
"22089","Louisiana","LA","St. Charles Parish",2195561.82164776,6077941.78980886,21.5100853154805
"22091","Louisiana","LA","St. Helena Parish",60466.6450813261,167297.781996402,0.592580053554284
"22093","Louisiana","LA","St. James Parish",255409.82540296,708542.248843905,2.48874936680992
"22095","Louisiana","LA","St. John the Baptist Parish",1631424.77630215,4521776.43697205,16.0212039070894
"22097","Louisiana","LA","St. Landry Parish",1049221.94813571,2910595.83743646,10.3007863563182
"22099","Louisiana","LA","St. Martin Parish",1006866.12295634,2799596.04230392,9.93392384068178
"22101","Louisiana","LA","St. Mary Parish",392339.927272079,1094513.75276199,3.87454825214315
"22103","Louisiana","LA","St. Tammany Parish",9572475.0832342,26572553.5871754,94.0965441225984
"22105","Louisiana","LA","Tangipahoa Parish",1615710.22429927,4515151.281121,16.0914722145186
"22107","Louisiana","LA","Tensas Parish",19412.6690442786,54290.079014277,0.191443388451434
"22109","Louisiana","LA","Terrebonne Parish",583127.46159688,1610412.67109211,5.70696677168955
"22111","Louisiana","LA","Union Parish",91927.860813499,256257.553126152,0.904478204954621
"22113","Louisiana","LA","Vermilion Parish",759134.566767432,2117901.75765737,7.44644031077405
"22115","Louisiana","LA","Vernon Parish",178779.499000724,507699.32988572,1.73218402067507
"22117","Louisiana","LA","Washington Parish",2032038.90065896,5641737.6305862,19.9675878656458
"22119","Louisiana","LA","Webster Parish",584219.699948386,1624701.52115716,5.78367634066197
"22121","Louisiana","LA","West Baton Rouge Parish",1085053.13636123,3010205.70093732,10.6870181172715
"22123","Louisiana","LA","West Carroll Parish",20198.4464225186,55802.5710284682,0.197617387435559
"22125","Louisiana","LA","West Feliciana Parish",247970.107127427,686371.879082047,2.40918967734096
"22127","Louisiana","LA","Winn Parish",57701.0924423668,166650.257976094,0.588604152195175
"23001","Maine","ME","Androscoggin County",2218388.64408677,5086499.12819147,19.0060723515724
"23003","Maine","ME","Aroostook County",472515.721574413,1104888.74781639,4.31285396676275
"23005","Maine","ME","Cumberland County",18516255.3027873,42889438.6332758,167.310057339102
"23007","Maine","ME","Franklin County",625993.654253882,1460476.73804638,5.76470982760453
"23009","Maine","ME","Hancock County",68282178.5186371,159150044.508052,634.906357280222
"23011","Maine","ME","Kennebec County",2259877.62198246,5171699.1225505,19.2421452954219
"23013","Maine","ME","Knox County",866475.989821427,2023859.35254431,8.0175230208771
"23015","Maine","ME","Lincoln County",1148765.96606751,2644878.30947812,10.1520555851318
"23017","Maine","ME","Oxford County",906805.230973427,2126382.35788054,8.02569877988892
"23019","Maine","ME","Penobscot County",10106271.3615245,23555219.3858625,93.5879812234998
"23021","Maine","ME","Piscataquis County",564777.266577768,1312397.45009555,5.13874069738203
"23023","Maine","ME","Sagadahoc County",775304.148789188,1781495.46731095,6.7710343545505
"23025","Maine","ME","Somerset County",864217.878527611,2013909.34905118,7.915445336923
"23027","Maine","ME","Waldo County",1233052.17747189,2867985.14178836,11.3994819146515
"23029","Maine","ME","Washington County",3553238.37079448,8281832.27871335,33.0033534522789
"23031","Maine","ME","York County",8006763.01714678,18543889.9929358,71.193858332235
"24001","Maryland","MD","Allegany County",1372998.50220412,3143347.42879751,11.416370083896
"24003","Maryland","MD","Anne Arundel County",97423948.6363428,213524452.455037,784.511119921982
"24005","Maryland","MD","Baltimore County",416884476.884509,913855646.755847,3491.84994169261
"24009","Maryland","MD","Calvert County",6043183.91509394,13271289.9856638,45.8401887602711
"24011","Maryland","MD","Caroline County",1991089.06906857,4391579.28311659,15.8731099965047
"24013","Maryland","MD","Carroll County",52513095.0737858,115318815.251846,439.176921795759
"24015","Maryland","MD","Cecil County",11345835.9948373,25760190.3683339,83.1168422884011
"24017","Maryland","MD","Charles County",13637153.8762363,29828427.142507,84.0344283540211
"24019","Maryland","MD","Dorchester County",5202997.34721728,11488230.9735483,43.0398036102848
"24021","Maryland","MD","Frederick County",434598743.015915,952508854.016912,3644.09092687202
"24023","Maryland","MD","Garrett County",898000.947071659,1976287.93575336,7.49438553181368
"24025","Maryland","MD","Harford County",48569886.9282757,106777468.274938,405.234874522233
"24027","Maryland","MD","Howard County",125286228.400941,274509419.751131,1032.55932733681
"24029","Maryland","MD","Kent County",1247282.67740843,2806886.92000378,10.2053986171546
"24031","Maryland","MD","Montgomery County",414684867.33811,906987190.78227,3264.93967964859
"24033","Maryland","MD","Prince George's County",166014613.728187,357681989.899257,1090.09447040693
"24035","Maryland","MD","Queen Anne's County",4890651.67391561,10746682.6746092,40.0091904226399
"24037","Maryland","MD","St. Mary's County",5478835.8919745,12117791.6465868,40.7915313447954
"24039","Maryland","MD","Somerset County",1273750.85955641,2798195.99130267,10.6062550506145
"24041","Maryland","MD","Talbot County",6410020.564463,14073503.2072754,53.3675429256642
"24043","Maryland","MD","Washington County",91607653.8073902,200935029.924113,767.465720800988
"24045","Maryland","MD","Wicomico County",5624087.32663682,12543378.8198718,46.1998745700002
"24047","Maryland","MD","Worcester County",1267199.93389864,2841147.85043903,10.1408051089278
"24510","Maryland","MD","Baltimore city",404187830.121245,885782437.350887,3385.28418777719
"25001","Massachusetts","MA","Barnstable County",26469481.287689,59356628.6632893,208.925685093908
"25003","Massachusetts","MA","Berkshire County",8404897.73391445,18903055.8225172,66.055767071204
"25005","Massachusetts","MA","Bristol County",92071304.6327973,203753404.332739,719.091351984656
"25007","Massachusetts","MA","Dukes County",1210724.60417701,2716185.96884364,9.58067066438716
"25009","Massachusetts","MA","Essex County",216014863.407242,484147172.05159,1705.82515943221
"25011","Massachusetts","MA","Franklin County",12158098.5250932,27271742.4911297,95.7479266187604
"25013","Massachusetts","MA","Hampden County",39416629.5976701,88425383.5551169,310.154399149379
"25015","Massachusetts","MA","Hampshire County",32048010.0113176,71823276.1068592,252.92629242011
"25017","Massachusetts","MA","Middlesex County",1103141163.7638,2471972843.16476,8714.0307673347
"25019","Massachusetts","MA","Nantucket County",885954.642348942,1978558.78069362,6.97624120204826
"25021","Massachusetts","MA","Norfolk County",527916902.323289,1182663051.61513,4168.38433162339
"25023","Massachusetts","MA","Plymouth County",153146835.291164,342969897.904338,1208.34779811823
"25025","Massachusetts","MA","Suffolk County",835141680.019323,1871042385.17337,6595.10733770242
"25027","Massachusetts","MA","Worcester County",213100994.076672,477419588.320296,1679.43585768926
"26001","Michigan","MI","Alcona County",105583.717345641,269990.430997493,1.02085894868016
"26003","Michigan","MI","Alger County",98757.2819005582,251109.080435766,0.957092367489673
"26005","Michigan","MI","Allegan County",2093342.22430921,5369130.26577831,20.3141352077949
"26007","Michigan","MI","Alpena County",156214.420583339,398884.827373262,1.50041791324867
"26009","Michigan","MI","Antrim County",169774.463134168,445683.6223235,1.64861113898901
"26011","Michigan","MI","Arenac County",89325.1755830409,227692.29559458,0.865143038461548
"26013","Michigan","MI","Baraga County",111988.930576678,286685.791289275,1.08927605452431
"26015","Michigan","MI","Barry County",1068301.93133935,2742815.68657841,10.3656638214772
"26017","Michigan","MI","Bay County",921682.970623234,2350410.88756075,8.93638890768296
"26019","Michigan","MI","Benzie County",125465.077142532,320662.456240271,1.21327520234141
"26021","Michigan","MI","Berrien County",3498853.91095956,9196456.43981693,32.6883616746547
"26023","Michigan","MI","Branch County",504322.231644782,1295919.36235962,4.91498644505462
"26025","Michigan","MI","Calhoun County",1782557.1994921,4598854.70533577,17.2934454206574
"26027","Michigan","MI","Cass County",1394704.84124925,3726779.08168564,12.6221221398728
"26029","Michigan","MI","Charlevoix County",172025.214066385,438462.187138423,1.66826947009007
"26031","Michigan","MI","Cheboygan County",178110.449093223,455052.713892377,1.72348079677319
"26033","Michigan","MI","Chippewa County",223511.944590816,579519.202338835,2.17459758470733
"26035","Michigan","MI","Clare County",646246.368140329,1650043.13019793,6.27767691784715
"26037","Michigan","MI","Clinton County",7790165.76312328,19867501.6381137,75.5677950922282
"26039","Michigan","MI","Crawford County",42800.9999477468,109132.448463708,0.414997452190013
"26041","Michigan","MI","Delta County",244056.158800057,633167.036712156,2.37582463246522
"26043","Michigan","MI","Dickinson County",223306.943841093,567963.654292016,2.16408214025044
"26045","Michigan","MI","Eaton County",13316759.3662369,33949437.1461162,129.133264696952
"26047","Michigan","MI","Emmet County",227519.894381748,578558.95269697,2.20500598789935
"26049","Michigan","MI","Genesee County",22716616.2975395,57889480.4540111,220.321413250797
"26051","Michigan","MI","Gladwin County",153159.333811239,391110.698230673,1.485918039795
"26053","Michigan","MI","Gogebic County",54767.2537765113,137833.728010552,0.526090363561287
"26055","Michigan","MI","Grand Traverse County",605750.929940951,1571722.3746017,5.874284686657
"26057","Michigan","MI","Gratiot County",576008.552077437,1488282.4640426,5.6056785792016
"26059","Michigan","MI","Hillsdale County",4919573.05934934,12566680.0751369,47.8461319817076
"26061","Michigan","MI","Houghton County",3039006.143778,7750972.05345063,29.4831240349645
"26063","Michigan","MI","Huron County",403883.771582888,1032514.81315071,3.91604306646325
"26065","Michigan","MI","Ingham County",59536964.0524415,151762557.977792,577.501418698714
"26067","Michigan","MI","Ionia County",1731268.25499083,4430967.35279479,16.800680807547
"26069","Michigan","MI","Iosco County",308291.034634019,785429.67243561,2.99028166423891
"26071","Michigan","MI","Iron County",78174.4055730059,197792.471533618,0.755951140616216
"26073","Michigan","MI","Isabella County",2407799.63759294,6151222.77717276,23.3748026914528
"26075","Michigan","MI","Jackson County",14696128.5756507,37501532.5753562,142.493403123392
"26077","Michigan","MI","Kalamazoo County",5770333.06352273,14856779.8700874,55.8468686768778
"26079","Michigan","MI","Kalkaska County",132990.984297563,338789.275746438,1.28942802240048
"26081","Michigan","MI","Kent County",25186570.444246,64554301.9115915,244.147151749269
"26083","Michigan","MI","Keweenaw County",57098.9457758222,145436.405151289,0.553807574443434
"26085","Michigan","MI","Lake County",119738.644392037,305069.987871184,1.16143411225811
"26087","Michigan","MI","Lapeer County",1129527.34009978,2900171.52890877,10.9471278083832
"26089","Michigan","MI","Leelanau County",152285.464252107,389669.119110304,1.47638089801721
"26091","Michigan","MI","Lenawee County",9586106.69057142,24490683.8070543,93.1395742920476
"26093","Michigan","MI","Livingston County",48694912.9350188,124089736.09862,472.296854216403
"26095","Michigan","MI","Luce County",10860.4555224481,27681.2504564294,0.105348499233718
"26097","Michigan","MI","Mackinac County",63653.9876371124,162177.978356593,0.617450130799371
"26099","Michigan","MI","Macomb County",26000864.5629885,66234880.5279126,251.160978695278
"26101","Michigan","MI","Manistee County",161830.639407012,418555.291945345,1.57993922022508
"26103","Michigan","MI","Marquette County",626450.009419114,1603250.26936013,6.07620919631173
"26105","Michigan","MI","Mason County",383983.324321153,988022.868915416,3.72874384934774
"26107","Michigan","MI","Mecosta County",607191.796675479,1555508.47494311,5.87230511241701
"26109","Michigan","MI","Menominee County",228074.51085406,590690.324132201,2.21263320245223
"26111","Michigan","MI","Midland County",1176472.44653013,2997262.1820954,11.3861642481246
"26113","Michigan","MI","Missaukee County",53451.8496298877,138714.847184525,0.518184905179076
"26115","Michigan","MI","Monroe County",16668110.363662,42538083.6835342,161.816514928942
"26117","Michigan","MI","Montcalm County",1341456.24540099,3429419.28960126,12.9999141387677
"26119","Michigan","MI","Montmorency County",87646.1470545437,223994.389753946,0.842246172756092
"26121","Michigan","MI","Muskegon County",2029775.21525205,5217302.23354137,19.6825337687564
"26123","Michigan","MI","Newaygo County",728635.871671563,1863882.37980234,7.08399132470577
"26125","Michigan","MI","Oakland County",88950995.1531498,226582459.791659,858.493244943618
"26127","Michigan","MI","Oceana County",457112.925171863,1175233.93963671,4.43637973258127
"26129","Michigan","MI","Ogemaw County",273581.942472583,697202.641105173,2.65252972270266
"26131","Michigan","MI","Ontonagon County",119795.011165205,304852.879198058,1.1614198625559
"26133","Michigan","MI","Osceola County",207197.385794949,537969.476438021,2.01666982637794
"26135","Michigan","MI","Oscoda County",84756.6239202683,215937.354415317,0.821778492092032
"26137","Michigan","MI","Otsego County",199531.116639633,508328.157998419,1.93517413298563
"26139","Michigan","MI","Ottawa County",5778105.99725377,14768805.1237579,56.0208478137719
"26141","Michigan","MI","Presque Isle County",55951.0853586988,143784.795549186,0.535340673849087
"26143","Michigan","MI","Roscommon County",180121.26031407,459186.474192742,1.74480872754054
"26145","Michigan","MI","Saginaw County",2164622.9564985,5518297.00979787,20.981165238354
"26147","Michigan","MI","St. Clair County",2478005.30146148,6328900.06827766,24.036382489146
"26149","Michigan","MI","St. Joseph County",822582.441016422,2104216.32959113,7.92056360768119
"26151","Michigan","MI","Sanilac County",424573.041087531,1081613.8754931,4.11257849467617
"26153","Michigan","MI","Schoolcraft County",68580.1806999313,175091.043093406,0.665881467847682
"26155","Michigan","MI","Shiawassee County",4504262.29494555,11480297.2395491,43.6845097827519
"26157","Michigan","MI","Tuscola County",580861.491552323,1482424.62642402,5.64171957333183
"26159","Michigan","MI","Van Buren County",1203268.76759211,3138641.07696284,11.6171635223708
"26161","Michigan","MI","Washtenaw County",372287411.7078,948639149.474155,3611.09246537144
"26163","Michigan","MI","Wayne County",163133810.205945,415686723.312933,1581.40999554956
"26165","Michigan","MI","Wexford County",263551.811649904,681334.74033704,2.55974189297643
"27001","Minnesota","MN","Aitkin County",134399.204604492,340356.031063889,1.2122127560028
"27003","Minnesota","MN","Anoka County",31557153.0436968,78169403.1899702,287.24356566005
"27005","Minnesota","MN","Becker County",342988.94283507,1005268.17662525,2.9030660766773
"27007","Minnesota","MN","Beltrami County",299426.205191889,850653.167782403,2.58861131115552
"27009","Minnesota","MN","Benton County",533946.737655802,1319872.15981623,4.85721603309017
"27011","Minnesota","MN","Big Stone County",37320.2855276068,98479.5568019745,0.330929980911697
"27013","Minnesota","MN","Blue Earth County",2716385.07616386,6732609.91625023,24.709291510671
"27015","Minnesota","MN","Brown County",223318.830213308,566234.102899282,1.99603272234964
"27017","Minnesota","MN","Carlton County",657418.300489806,1649773.00316884,5.97088974295534
"27019","Minnesota","MN","Carver County",5140952.67056766,12738927.2265538,46.7699768618163
"27021","Minnesota","MN","Cass County",114085.977303637,293967.514492385,1.02129310024531
"27023","Minnesota","MN","Chippewa County",124695.388101987,314095.843088781,1.10878232377525
"27025","Minnesota","MN","Chisago County",2617532.09969882,6487754.27036271,23.7768774084056
"27027","Minnesota","MN","Clay County",1709552.76685514,5774312.96343512,13.4024060575575
"27029","Minnesota","MN","Clearwater County",48922.8669853032,158578.76479428,0.392801788281203
"27031","Minnesota","MN","Cook County",38894.3727998727,101869.345849908,0.345966600831305
"27033","Minnesota","MN","Cottonwood County",256571.870586061,641677.417990637,2.32520200427046
"27035","Minnesota","MN","Crow Wing County",602585.305717362,1524563.72040888,5.39231906464289
"27037","Minnesota","MN","Dakota County",32232553.3313911,79792972.1769613,293.358142437062
"27039","Minnesota","MN","Dodge County",13781176.8049009,34066734.8491874,125.431271064396
"27041","Minnesota","MN","Douglas County",254085.146825005,630634.611771201,2.27135571073389
"27043","Minnesota","MN","Faribault County",245817.365178923,626043.314899742,2.24337846125498
"27045","Minnesota","MN","Fillmore County",8799473.51721426,21733823.7708145,80.098419896684
"27047","Minnesota","MN","Freeborn County",2970212.95750544,7344313.65313112,27.0182060818022
"27049","Minnesota","MN","Goodhue County",9424081.65843162,23303880.601272,85.744187285211
"27051","Minnesota","MN","Grant County",70614.7468531093,192466.889877739,0.617919421461766
"27053","Minnesota","MN","Hennepin County",202412907.999347,500656654.609107,1840.95492894063
"27055","Minnesota","MN","Houston County",763295.937673293,1888761.63630235,6.93583999762644
"27057","Minnesota","MN","Hubbard County",163545.172750897,475478.948604589,1.38823676527389
"27059","Minnesota","MN","Isanti County",1108447.18090013,2738770.30782326,10.0895015962098
"27061","Minnesota","MN","Itasca County",215522.696275077,568335.116038728,1.92858038105844
"27063","Minnesota","MN","Jackson County",200955.013693622,507157.742425706,1.81517555939248
"27065","Minnesota","MN","Kanabec County",198069.175174067,499999.739331842,1.78707269819548
"27067","Minnesota","MN","Kandiyohi County",405369.266997045,1017919.35829617,3.62964945700834
"27069","Minnesota","MN","Kittson County",64009.2729563229,177511.267060133,0.55583037933698
"27071","Minnesota","MN","Koochiching County",60164.7903667031,154530.918836767,0.539565412722072
"27073","Minnesota","MN","Lac qui Parle County",27076.1939109852,73903.9515770114,0.237763263172743
"27075","Minnesota","MN","Lake County",99406.4650218339,263067.054454535,0.880457564741561
"27077","Minnesota","MN","Lake of the Woods County",31953.6149195489,84761.9127371323,0.282757557974301
"27079","Minnesota","MN","Le Sueur County",1191498.36159935,2955453.86086338,10.824972331552
"27081","Minnesota","MN","Lincoln County",67495.736901457,186510.625412164,0.589617914824692
"27083","Minnesota","MN","Lyon County",258175.3222863,654856.758306939,2.32941472399423
"27085","Minnesota","MN","McLeod County",528473.953738359,1309783.79717294,4.78987889256178
"27087","Minnesota","MN","Mahnomen County",31125.5495823639,80016.1442511355,0.278410935889438
"27089","Minnesota","MN","Marshall County",178625.58951264,605097.946872193,1.39795904168636
"27091","Minnesota","MN","Martin County",291933.876593322,733757.97272599,2.64167008511233
"27093","Minnesota","MN","Meeker County",321564.241130541,795952.749491965,2.92503818838587
"27095","Minnesota","MN","Mille Lacs County",266957.535635811,667607.444673715,2.41868107025534
"27097","Minnesota","MN","Morrison County",126861.793902062,336233.453632173,1.12294609467788
"27099","Minnesota","MN","Mower County",8319578.34292865,20565672.8962026,75.6825711045563
"27101","Minnesota","MN","Murray County",135868.411573483,344183.16224392,1.22578966949147
"27103","Minnesota","MN","Nicollet County",1320547.90433748,3267118.2574736,11.9753957393647
"27105","Minnesota","MN","Nobles County",384272.834819906,980068.905766796,3.43981578474255
"27107","Minnesota","MN","Norman County",56112.3381234095,184131.670548286,0.448535103891591
"27109","Minnesota","MN","Olmsted County",188395672.973764,465636850.69357,1714.50062186057
"27111","Minnesota","MN","Otter Tail County",597419.424136278,1609204.50396686,5.29464118483212
"27113","Minnesota","MN","Pennington County",121816.333320728,364414.369148699,1.02137074747428
"27115","Minnesota","MN","Pine County",415339.55901498,1032278.38846938,3.7691537774814
"27117","Minnesota","MN","Pipestone County",173029.63552549,457149.331583603,1.53758656715059
"27119","Minnesota","MN","Polk County",1737502.28752475,6282983.16326141,13.0455468497363
"27121","Minnesota","MN","Pope County",135267.796989017,353080.562648447,1.18620081022721
"27123","Minnesota","MN","Ramsey County",91347008.1217124,225793771.361108,831.396310267422
"27125","Minnesota","MN","Red Lake County",47660.6445537075,172148.557118653,0.358232634644062
"27127","Minnesota","MN","Redwood County",245234.401368213,623165.485693658,2.20913517500354
"27129","Minnesota","MN","Renville County",202399.80388098,501927.134827274,1.84034746889805
"27131","Minnesota","MN","Rice County",2969872.46833031,7363657.47028169,26.996264387221
"27133","Minnesota","MN","Rock County",322059.475601792,911686.089581686,2.87585022669115
"27135","Minnesota","MN","Roseau County",132558.851567974,359743.629704834,1.16187142040467
"27137","Minnesota","MN","St. Louis County",3194926.45786215,7925556.01103355,29.0927050880149
"27139","Minnesota","MN","Scott County",7314449.81884535,18163643.6869846,66.6027789790826
"27141","Minnesota","MN","Sherburne County",3226993.99250699,8019690.43997095,29.3581203288147
"27143","Minnesota","MN","Sibley County",148192.598750984,367286.457163159,1.3481770425936
"27145","Minnesota","MN","Stearns County",1921018.02147327,4805507.72803911,17.4052803480762
"27147","Minnesota","MN","Steele County",2891158.94607482,7156836.07453791,26.3398489005777
"27149","Minnesota","MN","Stevens County",85586.9425513871,231614.111225707,0.75104611792852
"27151","Minnesota","MN","Swift County",85176.798447701,236557.859479462,0.739358466066964
"27153","Minnesota","MN","Todd County",157498.845167694,389548.072691053,1.43314189363075
"27155","Minnesota","MN","Traverse County",15116.7057916532,37360.1564654955,0.137562022704044
"27157","Minnesota","MN","Wabasha County",9486576.78075611,23432477.0514269,86.3311534135054
"27159","Minnesota","MN","Wadena County",166630.426421903,420379.692100012,1.50448921399374
"27161","Minnesota","MN","Waseca County",705453.512678531,1749181.52538808,6.43381926383768
"27163","Minnesota","MN","Washington County",22429485.6996789,55674598.8629572,204.337598072313
"27165","Minnesota","MN","Watonwan County",156278.531125502,394068.508286359,1.41214116689992
"27167","Minnesota","MN","Wilkin County",43336.530133692,117747.790227061,0.379593989814535
"27169","Minnesota","MN","Winona County",7185900.0016059,17774357.6897494,65.4105364975236
"27171","Minnesota","MN","Wright County",4944793.81318464,12264471.4332549,44.9356262192242
"27173","Minnesota","MN","Yellow Medicine County",149390.722408156,379977.868752996,1.34563171468494
"28001","Mississippi","MS","Adams County",255573.417949235,767743.188383016,2.41168799030071
"28003","Mississippi","MS","Alcorn County",148534.983843829,438500.426839019,1.38622732299535
"28005","Mississippi","MS","Amite County",75974.2243582932,238212.444021434,0.688585824305452
"28007","Mississippi","MS","Attala County",239146.053748087,750817.559884691,2.21890287134131
"28009","Mississippi","MS","Benton County",149423.729712771,425566.851323579,1.44848550252454
"28011","Mississippi","MS","Bolivar County",247791.26465652,767601.871816945,2.30326993318609
"28013","Mississippi","MS","Calhoun County",243456.775138353,780625.649835259,2.17233388990167
"28015","Mississippi","MS","Carroll County",66073.6013589641,212281.271193068,0.589018515057668
"28017","Mississippi","MS","Chickasaw County",82220.635354097,260770.546325881,0.731824344776964
"28019","Mississippi","MS","Choctaw County",183529.003661821,587651.688006511,1.642198131798
"28021","Mississippi","MS","Claiborne County",80458.47942377,259270.334997016,0.739855415461445
"28023","Mississippi","MS","Clarke County",71821.002870439,228920.456205789,0.638741906741271
"28025","Mississippi","MS","Clay County",300205.752058144,950493.301508761,2.67858717229058
"28027","Mississippi","MS","Coahoma County",226893.967422441,655352.905545774,2.17543209726096
"28029","Mississippi","MS","Copiah County",819221.203890925,2623945.36847957,7.36863090106026
"28031","Mississippi","MS","Covington County",194853.206449151,624259.866211431,1.75315750487919
"28033","Mississippi","MS","DeSoto County",13559654.8898441,36728745.3007363,134.999723498587
"28035","Mississippi","MS","Forrest County",2378303.27559234,7584113.80452611,21.5474800302876
"28037","Mississippi","MS","Franklin County",75572.4893148404,229171.881296495,0.705161157706912
"28039","Mississippi","MS","George County",183409.818077478,543395.716921159,1.7374909359178
"28041","Mississippi","MS","Greene County",66468.9620111286,210165.593358684,0.595928973161049
"28043","Mississippi","MS","Grenada County",307788.56785134,970457.828101605,2.78905049807594
"28045","Mississippi","MS","Hancock County",418190.870422384,1223472.35516939,3.87973040765365
"28047","Mississippi","MS","Harrison County",1127441.22183673,3450328.74610333,10.8135665217125
"28049","Mississippi","MS","Hinds County",17411461.6380006,55799010.2692034,155.548340446583
"28051","Mississippi","MS","Holmes County",244380.101673056,781984.045356613,2.1740341202126
"28053","Mississippi","MS","Humphreys County",40788.3391304739,130069.377475285,0.365277775502823
"28055","Mississippi","MS","Issaquena County",6437.39993198954,20729.0971813459,0.0572928593947069
"28057","Mississippi","MS","Itawamba County",77024.1187507073,235067.535615253,0.712942919283354
"28059","Mississippi","MS","Jackson County",794351.858581003,2380016.837876,7.3935559743763
"28061","Mississippi","MS","Jasper County",117190.468392698,376565.827645331,1.04380928638611
"28063","Mississippi","MS","Jefferson County",49604.0087342711,159155.995115376,0.441788646279009
"28065","Mississippi","MS","Jefferson Davis County",156020.615636822,501017.337873437,1.40360054619174
"28067","Mississippi","MS","Jones County",426913.527214467,1338330.10337131,3.87210266832863
"28069","Mississippi","MS","Kemper County",46146.6594987461,147473.90690668,0.41120502268896
"28071","Mississippi","MS","Lafayette County",5418275.81896504,17277797.0000988,48.6289479464417
"28073","Mississippi","MS","Lamar County",1329912.24078115,4208430.97334098,12.0660225689464
"28075","Mississippi","MS","Lauderdale County",459356.337375822,1390017.37719559,4.1880514985528
"28077","Mississippi","MS","Lawrence County",116325.53346959,368290.587908407,1.0354483575227
"28079","Mississippi","MS","Leake County",325748.59246685,1028437.88889055,2.96442913426779
"28081","Mississippi","MS","Lee County",562622.156185902,1711142.99374869,5.22842232523383
"28083","Mississippi","MS","Leflore County",185321.114581116,594357.278109322,1.64914877209492
"28085","Mississippi","MS","Lincoln County",407115.954320867,1273023.05314105,3.68057506377647
"28087","Mississippi","MS","Lowndes County",520187.359513483,1602722.43976677,4.67264422207457
"28089","Mississippi","MS","Madison County",8219295.03070721,26318112.3624127,73.607862282047
"28091","Mississippi","MS","Marion County",172859.663529904,523897.174207815,1.58031462045631
"28093","Mississippi","MS","Marshall County",538476.225300209,1545693.87769981,5.15879914957387
"28095","Mississippi","MS","Monroe County",190739.94391865,585363.09223005,1.73282588861697
"28097","Mississippi","MS","Montgomery County",109167.991074528,350933.264477925,0.972011700244357
"28099","Mississippi","MS","Neshoba County",231399.21120325,708313.412439537,2.10748426467097
"28101","Mississippi","MS","Newton County",121095.941437767,369817.572162243,1.14194478749404
"28103","Mississippi","MS","Noxubee County",73566.0204576016,234417.758025049,0.656025074439343
"28105","Mississippi","MS","Oktibbeha County",2571836.96467099,8251324.75290708,22.9464248025709
"28107","Mississippi","MS","Panola County",550526.390147156,1701143.91599435,5.04690136512234
"28109","Mississippi","MS","Pearl River County",488819.601770385,1467697.13571742,4.56835763519286
"28111","Mississippi","MS","Perry County",125552.53131858,402886.764880686,1.11857716025999
"28113","Mississippi","MS","Pike County",273442.411813005,826052.211445663,2.6138739054987
"28115","Mississippi","MS","Pontotoc County",225381.703526081,682079.359297057,2.0977896841796
"28117","Mississippi","MS","Prentiss County",105904.709068167,314116.154793697,1.00126186614404
"28119","Mississippi","MS","Quitman County",59592.9289483984,172801.215641449,0.569785481483088
"28121","Mississippi","MS","Rankin County",10035109.3573248,32202868.7377663,89.5763884191885
"28123","Mississippi","MS","Scott County",408613.836487905,1304633.28814745,3.65731967765025
"28125","Mississippi","MS","Sharkey County",35503.4953737794,116335.020132786,0.315791088418609
"28127","Mississippi","MS","Simpson County",579139.107580808,1857934.08010235,5.16698554223787
"28129","Mississippi","MS","Smith County",193959.577604867,613670.808644572,1.74864778157093
"28131","Mississippi","MS","Stone County",134470.120679822,405114.645170056,1.26337925524904
"28133","Mississippi","MS","Sunflower County",146096.515357389,465550.802448153,1.31277398777269
"28135","Mississippi","MS","Tallahatchie County",84252.6227294407,254381.026472075,0.756118374460627
"28137","Mississippi","MS","Tate County",884138.589273078,2459795.07521953,8.65932380815858
"28139","Mississippi","MS","Tippah County",206110.115900129,590215.042499211,1.98468160421507
"28141","Mississippi","MS","Tishomingo County",97893.3715805851,294140.020433418,0.914841590120695
"28143","Mississippi","MS","Tunica County",153914.278954124,415972.870088101,1.42957382300402
"28145","Mississippi","MS","Union County",210464.804046826,644984.456565286,1.94361567259196
"28147","Mississippi","MS","Walthall County",70433.1873464123,211893.97734988,0.656508129113917
"28149","Mississippi","MS","Warren County",635595.736437631,2029514.92534158,5.67770327732041
"28151","Mississippi","MS","Washington County",403325.06380445,1283833.92383297,3.60045203280594
"28153","Mississippi","MS","Wayne County",141602.296615586,444786.060139246,1.33472219865915
"28155","Mississippi","MS","Webster County",216468.596036864,696744.35085315,1.92667450986156
"28157","Mississippi","MS","Wilkinson County",115947.360424062,343847.00935408,1.10230710730929
"28159","Mississippi","MS","Winston County",177531.494007994,561909.158402407,1.60175994561896
"28161","Mississippi","MS","Yalobusha County",348123.546173305,1120940.54923679,3.09841037376424
"28163","Mississippi","MS","Yazoo County",503533.87299989,1601115.04738208,4.50127012232689
"29001","Missouri","MO","Adair County",216216.814779664,520847.146700427,1.8700070677525
"29003","Missouri","MO","Andrew County",199801.29253333,519056.418786085,1.66177201145556
"29005","Missouri","MO","Atchison County",28369.2643875461,66909.7093220941,0.243350170381475
"29007","Missouri","MO","Audrain County",563513.844109329,1331676.12176145,4.82894623679054
"29009","Missouri","MO","Barry County",148328.37946747,365524.447398589,1.3066668499009
"29011","Missouri","MO","Barton County",50011.9640069978,117976.017971995,0.429787633955478
"29013","Missouri","MO","Bates County",72465.0106790627,179154.827129665,0.653412323525587
"29015","Missouri","MO","Benton County",47822.797832348,114228.121046894,0.40051995850467
"29017","Missouri","MO","Bollinger County",30161.855505039,71574.7649160311,0.260982114869299
"29019","Missouri","MO","Boone County",47728195.2709132,112312248.79804,410.618371619922
"29021","Missouri","MO","Buchanan County",407997.562299072,990191.164509667,3.52296804334174
"29023","Missouri","MO","Butler County",72210.7078098427,180895.541041093,0.628452653828573
"29025","Missouri","MO","Caldwell County",48422.6686065254,116512.211202762,0.413142421601704
"29027","Missouri","MO","Callaway County",2956592.45287489,6978466.77109427,25.5029906235632
"29029","Missouri","MO","Camden County",295057.960144376,696719.641871176,2.5414830423346
"29031","Missouri","MO","Cape Girardeau County",321703.874280232,775367.29358425,2.80401746526481
"29033","Missouri","MO","Carroll County",1094225.29638083,2578849.48512771,9.42559559474923
"29035","Missouri","MO","Carter County",1036776.27085363,2437832.2511556,8.91609847907787
"29037","Missouri","MO","Cass County",2362098.37542343,6049353.72948752,19.7815520318002
"29039","Missouri","MO","Cedar County",37035.5250844707,89312.5752629785,0.309606456100115
"29041","Missouri","MO","Chariton County",130772.743427733,307824.175251224,1.12529559721296
"29043","Missouri","MO","Christian County",3001297.95693155,6988280.79870507,25.743970907664
"29045","Missouri","MO","Clark County",40878.374083468,101171.456496783,0.35632620330034
"29047","Missouri","MO","Clay County",8255564.0538187,21150544.0323513,68.9746528276576
"29049","Missouri","MO","Clinton County",1558557.2840952,3781699.8507799,13.2874274022276
"29051","Missouri","MO","Cole County",2288230.39671726,5410044.64424502,19.7237185710432
"29053","Missouri","MO","Cooper County",1397071.29397734,3286248.62154649,12.0154314157907
"29055","Missouri","MO","Crawford County",210140.499718128,503118.6318753,1.82100284115304
"29057","Missouri","MO","Dade County",12501.8022432407,29965.8318604598,0.108863803672186
"29059","Missouri","MO","Dallas County",1194504.06916171,2856844.05702506,10.2142123413968
"29061","Missouri","MO","Daviess County",93377.1161292476,227791.15194638,0.813420776711422
"29063","Missouri","MO","DeKalb County",187924.233978969,490789.949591898,1.55736055883795
"29065","Missouri","MO","Dent County",111497.75717396,262379.828122552,0.959130871660405
"29067","Missouri","MO","Douglas County",59785.2312452456,145863.243243284,0.517204515959522
"29069","Missouri","MO","Dunklin County",124429.544544165,310798.16338551,1.12950845738437
"29071","Missouri","MO","Franklin County",7018712.53008163,16535977.8917542,60.4159189320011
"29073","Missouri","MO","Gasconade County",54562.5376580379,128329.393643668,0.469187315753386
"29075","Missouri","MO","Gentry County",156012.517453611,415199.703000886,1.28273327191189
"29077","Missouri","MO","Greene County",3079930.74641202,7230267.166175,26.610105637864
"29079","Missouri","MO","Grundy County",405407.653587252,1099401.70354586,3.29885560915421
"29081","Missouri","MO","Harrison County",100370.824522556,239270.843550098,0.868321950493958
"29083","Missouri","MO","Henry County",124312.019381996,300526.596464221,1.07334321828006
"29085","Missouri","MO","Hickory County",48123.3204413934,115589.297829505,0.402173578988682
"29087","Missouri","MO","Holt County",70233.0929813734,165215.672717364,0.603903583428331
"29089","Missouri","MO","Howard County",595291.623231877,1423213.64530773,5.19289694582094
"29091","Missouri","MO","Howell County",141332.504086617,339024.234202032,1.22977318221671
"29093","Missouri","MO","Iron County",52911.4788593302,125715.72311329,0.458018032129996
"29095","Missouri","MO","Jackson County",37476293.9246057,95468330.1547732,313.688644373955
"29097","Missouri","MO","Jasper County",2741326.36130632,6545799.37989342,23.6516349029201
"29099","Missouri","MO","Jefferson County",33019640.9306713,77698136.0928732,283.200645245811
"29101","Missouri","MO","Johnson County",394486.316332946,950648.580402714,3.45021462720075
"29103","Missouri","MO","Knox County",33358.9917149823,80017.5467815056,0.290324403313142
"29105","Missouri","MO","Laclede County",1436903.72631431,3498271.73629635,12.3211655070183
"29107","Missouri","MO","Lafayette County",342154.695833544,826685.84684963,2.95929822375266
"29109","Missouri","MO","Lawrence County",1176267.86254186,2784924.17328403,10.1641263101398
"29111","Missouri","MO","Lewis County",109268.020543032,263002.725620062,0.94403619452635
"29113","Missouri","MO","Lincoln County",2461765.49886659,5802509.2250745,21.1955866242686
"29115","Missouri","MO","Linn County",52760.5454302543,125397.266470968,0.456735521898037
"29117","Missouri","MO","Livingston County",73534.2482697218,173880.949966933,0.633081364263632
"29119","Missouri","MO","McDonald County",2094808.64256781,4939774.45533813,18.0311790748972
"29121","Missouri","MO","Macon County",77672.7693874001,182787.021084385,0.667651629978166
"29123","Missouri","MO","Madison County",61389.9105781732,147174.748762537,0.532135892360898
"29125","Missouri","MO","Maries County",70837.7966601565,167433.325470938,0.608241625591157
"29127","Missouri","MO","Marion County",2184451.56784257,5138373.22666027,18.7939519495248
"29129","Missouri","MO","Mercer County",20513.6119638161,58472.9528482739,0.202523873698769
"29131","Missouri","MO","Miller County",1259817.81328085,2964234.1124083,10.8420481346574
"29133","Missouri","MO","Mississippi County",1069729.9074194,2517020.44249787,9.20093452370436
"29135","Missouri","MO","Moniteau County",128735.021660846,311048.306955891,1.12948097967475
"29137","Missouri","MO","Monroe County",127608.278744455,303953.975211607,1.08421427885449
"29139","Missouri","MO","Montgomery County",1232078.50388948,2946358.25030778,10.7704679548707
"29141","Missouri","MO","Morgan County",211412.717289602,528973.178149276,1.89530570637791
"29143","Missouri","MO","New Madrid County",158355.025083584,379066.064122033,1.37665001703147
"29145","Missouri","MO","Newton County",224803.90312275,542044.705006775,1.97936187789445
"29147","Missouri","MO","Nodaway County",166753.042126544,407752.904997092,1.45623075959319
"29149","Missouri","MO","Oregon County",37966.2477173116,91011.7848249421,0.327895265338639
"29151","Missouri","MO","Osage County",88203.4845065328,207478.296967365,0.758624270412879
"29153","Missouri","MO","Ozark County",40899.4078659024,96830.1410679972,0.353437365179722
"29155","Missouri","MO","Pemiscot County",37134.7774178642,89029.8532182389,0.320810708483818
"29157","Missouri","MO","Perry County",118779.161760978,282317.156292163,1.0294473836862
"29159","Missouri","MO","Pettis County",425969.580366451,1022950.34008233,3.71850780811147
"29161","Missouri","MO","Phelps County",675944.485296202,1595718.87064773,5.81793475999143
"29163","Missouri","MO","Pike County",263687.882075514,622703.423172967,2.26329916734117
"29165","Missouri","MO","Platte County",4791066.09336215,12448234.2037507,39.7928919440922
"29167","Missouri","MO","Polk County",89307.1213891807,217245.760063545,0.759204706248635
"29169","Missouri","MO","Pulaski County",429163.757609484,1063077.91589444,3.64561892233127
"29171","Missouri","MO","Putnam County",2666.2806796531,6271.75635611118,0.0229114467117256
"29173","Missouri","MO","Ralls County",51818.3990721457,122387.678538063,0.447039196658199
"29175","Missouri","MO","Randolph County",807119.748048977,1905606.08719268,6.9340015828841
"29177","Missouri","MO","Ray County",193815.121494752,480316.255578252,1.67285073692968
"29179","Missouri","MO","Reynolds County",52598.606773964,123670.230641879,0.45234801825609
"29181","Missouri","MO","Ripley County",26330.5038142261,62003.2449176057,0.226608000967759
"29183","Missouri","MO","St. Charles County",51681099.8290496,121597818.671119,444.659718136737
"29185","Missouri","MO","St. Clair County",1033760.30058358,2430605.58998469,8.8903133309659
"29186","Missouri","MO","Ste. Genevieve County",43331.3915046134,104622.828604451,0.377148966516514
"29187","Missouri","MO","St. Francois County",1254784.30803759,2958814.4076868,10.8021457150879
"29189","Missouri","MO","St. Louis County",350787942.76722,825909785.316431,3020.05111955375
"29195","Missouri","MO","Saline County",1390084.48460873,3313197.81352719,12.0511018488453
"29197","Missouri","MO","Schuyler County",28292.5214762476,66970.3600166469,0.244460881855511
"29199","Missouri","MO","Scotland County",3596.00160655055,8975.88350246869,0.0316424989264615
"29201","Missouri","MO","Scott County",1103880.46854524,2605613.03827093,9.52509572050652
"29203","Missouri","MO","Shannon County",23519.2050606441,55445.8634197596,0.202198374634151
"29205","Missouri","MO","Shelby County",32517.075144949,77459.7240722769,0.281348279338497
"29207","Missouri","MO","Stoddard County",75515.7809705573,182393.396749101,0.658762483027426
"29209","Missouri","MO","Stone County",143562.722521314,354671.347427125,1.27020602653051
"29211","Missouri","MO","Sullivan County",27883.8073075696,67213.9907530857,0.246363326792567
"29213","Missouri","MO","Taney County",1178442.90991805,2803266.55582949,10.216292698205
"29215","Missouri","MO","Texas County",57978.1206745406,137838.406574087,0.499279974568884
"29217","Missouri","MO","Vernon County",82610.3051499607,195924.915245956,0.699678189082396
"29219","Missouri","MO","Warren County",2393361.17169428,5635391.24961136,20.6092879971595
"29221","Missouri","MO","Washington County",158545.21819453,374630.812543059,1.35299032630134
"29223","Missouri","MO","Wayne County",23015.4610974477,54176.1660037606,0.198097098638079
"29225","Missouri","MO","Webster County",1154127.11534723,2716785.95727673,9.9333109218692
"29227","Missouri","MO","Worth County",19213.592608379,45726.0881429055,0.166257905827318
"29229","Missouri","MO","Wright County",28036.346593332,66002.6297513488,0.24121292044271
"29510","Missouri","MO","St. Louis city",173524789.604752,408263015.791362,1493.17974712343
"30001","Montana","MT","Beaverhead County",153696.194958263,405815.80727094,1.41338247372084
"30003","Montana","MT","Big Horn County",68064.5147253085,176131.93384748,0.670128759461434
"30005","Montana","MT","Blaine County",386399.27410325,1021077.06938483,3.5530132549782
"30007","Montana","MT","Broadwater County",46277.2541194009,121359.640071686,0.420437075337731
"30009","Montana","MT","Carbon County",39639.7693648388,105929.927322901,0.39089363272145
"30011","Montana","MT","Carter County",574.600007560095,1514.90780598198,0.00523735506862688
"30013","Montana","MT","Cascade County",1642900.83997023,4348759.39205695,15.2192056671906
"30015","Montana","MT","Chouteau County",68697.7325995974,181443.4469884,0.632017787136815
"30017","Montana","MT","Custer County",55360.9461337329,147857.103820771,0.534256566063199
"30019","Montana","MT","Daniels County",5539.90609565405,17165.964021986,0.0616636001027293
"30021","Montana","MT","Dawson County",38056.4101091705,100689.529444215,0.349693537433416
"30023","Montana","MT","Deer Lodge County",273177.792782361,721259.068760843,2.51237455437462
"30025","Montana","MT","Fallon County",5801.04545245579,13904.0106806671,0.0454038555341216
"30027","Montana","MT","Fergus County",69027.7839770057,182350.879628973,0.635093270977752
"30029","Montana","MT","Flathead County",1006947.6589329,2655280.61913805,9.18561673608247
"30031","Montana","MT","Gallatin County",14301830.1200955,37758334.1447688,131.562247197983
"30033","Montana","MT","Garfield County",1506.90268439082,3978.46275322268,0.0138635046963955
"30035","Montana","MT","Glacier County",312408.42795896,825172.582859197,2.87400531321101
"30037","Montana","MT","Golden Valley County",865.370711263348,2284.71631124796,0.0079614105436228
"30039","Montana","MT","Granite County",39359.8241215614,103929.697427286,0.362401972211093
"30041","Montana","MT","Hill County",111061.868810261,293344.807502731,1.02166555804686
"30043","Montana","MT","Jefferson County",353677.748760943,922637.225648038,3.21764864342901
"30045","Montana","MT","Judith Basin County",5370.23759205664,14178.2813563642,0.049406185846921
"30047","Montana","MT","Lake County",497183.995678638,1304822.22137452,4.48601448162459
"30049","Montana","MT","Lewis and Clark County",1885692.43517023,4979003.36686626,17.3565933604209
"30051","Montana","MT","Liberty County",4044.97967366876,10677.2620735611,0.0371648479968266
"30053","Montana","MT","Lincoln County",290385.827532644,830239.572343275,3.24928873069683
"30055","Montana","MT","McCone County",30819.6750547904,81368.84388223,0.283541010504072
"30057","Montana","MT","Madison County",108025.391500776,285164.444497836,0.993169844655532
"30059","Montana","MT","Meagher County",67834.7135059547,178834.738317447,0.622425106377826
"30061","Montana","MT","Mineral County",137225.410160276,359379.102298893,1.2419852309918
"30063","Montana","MT","Missoula County",17733136.1829923,46801667.8136927,163.031383427071
"30065","Montana","MT","Musselshell County",39779.0597709887,105033.509019114,0.366056917229973
"30067","Montana","MT","Park County",623355.6762689,1645906.29394621,5.7308163319925
"30069","Montana","MT","Petroleum County",3138.17150884896,8408.91067058251,0.0287670603611556
"30071","Montana","MT","Phillips County",24479.8196896443,64630.7940305724,0.225212702946002
"30073","Montana","MT","Pondera County",59469.807730818,157605.122336732,0.545971846709918
"30075","Montana","MT","Powder River County",2024.66923468352,5350.88404361034,0.0184981392994139
"30077","Montana","MT","Powell County",191353.421217378,492131.531335249,1.67614180911407
"30079","Montana","MT","Prairie County",1388.23456919431,3693.00389917488,0.0127196992764602
"30081","Montana","MT","Ravalli County",1672966.42995334,4342321.23406765,14.9139505267985
"30083","Montana","MT","Richland County",46599.0796004991,125323.057234459,0.445349450760776
"30085","Montana","MT","Roosevelt County",48405.1970796631,127965.2429445,0.445109465388819
"30087","Montana","MT","Rosebud County",51454.9160439435,138769.902079344,0.483600832949745
"30089","Montana","MT","Sanders County",28434.8812765449,74757.741480066,0.259313411203658
"30091","Montana","MT","Sheridan County",34296.0134260318,90546.4018366486,0.315445419146618
"30093","Montana","MT","Silver Bow County",1223442.40788261,3201121.46603138,11.0815452979025
"30095","Montana","MT","Stillwater County",48088.0896112518,127016.865356374,0.442320140796475
"30097","Montana","MT","Sweet Grass County",1876.19620302638,4954.19677745041,0.0172769951311785
"30099","Montana","MT","Teton County",49944.450618256,132885.110210159,0.450008930771046
"30101","Montana","MT","Toole County",20702.8312700864,54659.6842895499,0.190480399549406
"30103","Montana","MT","Treasure County",640.161651337491,1717.97241823283,0.00583742843217752
"30105","Montana","MT","Valley County",85183.7073145338,226112.071156488,0.809898239303679
"30107","Montana","MT","Wheatland County",11201.730998029,32182.0333403075,0.113752389204579
"30109","Montana","MT","Wibaux County",69.5917654034137,211.577172665321,0.000588185481584005
"30111","Montana","MT","Yellowstone County",1737975.79339829,4600424.55090114,16.1126376402808
"31001","Nebraska","NE","Adams County",384227.475981709,998616.26186046,3.53865246369651
"31003","Nebraska","NE","Antelope County",20124.3202355682,54816.9742134063,0.180533461934609
"31005","Nebraska","NE","Arthur County",371.824150207252,962.15106575986,0.00342078218190672
"31007","Nebraska","NE","Banner County",79.1049168262653,204.69590258947,0.000727765234801641
"31009","Nebraska","NE","Blaine County",7834.86544724339,20273.8959692331,0.0720807621146392
"31011","Nebraska","NE","Boone County",20834.4892352149,54505.8772983174,0.190539361345789
"31013","Nebraska","NE","Box Butte County",18816.401650344,49081.938260012,0.172520885266579
"31015","Nebraska","NE","Boyd County",157.900367345839,408.591014437849,0.00145268337958172
"31017","Nebraska","NE","Brown County",276.176188637615,714.647539938073,0.00254082093546606
"31019","Nebraska","NE","Buffalo County",617996.642776798,1615044.58504315,5.69082429429364
"31021","Nebraska","NE","Burt County",1199119.95476585,3109770.85352622,11.021247415691
"31023","Nebraska","NE","Butler County",41613.0523462836,109343.504569344,0.379868600724219
"31025","Nebraska","NE","Cass County",1791956.32195044,4637679.50731996,16.4786834169871
"31027","Nebraska","NE","Cedar County",261281.690537921,718543.99240079,2.33229376072407
"31029","Nebraska","NE","Chase County",2918.90175577265,7553.09851067927,0.0268538961531084
"31031","Nebraska","NE","Cherry County",1703.38222088283,4858.59997916863,0.0149121359129199
"31033","Nebraska","NE","Cheyenne County",353826.280873722,915578.864489418,3.25520178403824
"31035","Nebraska","NE","Clay County",56106.6833548796,145494.113465897,0.515627990701539
"31037","Nebraska","NE","Colfax County",36841.1961021671,99431.9297304171,0.33138677636511
"31039","Nebraska","NE","Cuming County",199156.297352667,516949.085599118,1.83077578603106
"31041","Nebraska","NE","Custer County",24296.8613274233,66228.8723530179,0.228178238353585
"31043","Nebraska","NE","Dakota County",63470.9515375999,178871.387714624,0.546068886089359
"31045","Nebraska","NE","Dawes County",22441.070846395,61527.6612651368,0.210848934053555
"31047","Nebraska","NE","Dawson County",274975.785365436,713537.319362296,2.53244215989265
"31049","Nebraska","NE","Deuel County",1783.91850166789,4616.15816684254,0.0164120502153446
"31051","Nebraska","NE","Dixon County",81740.4337400855,252934.994114543,0.682366390882208
"31053","Nebraska","NE","Dodge County",804563.04318405,2090598.12575694,7.40156196470067
"31055","Nebraska","NE","Douglas County",88658248.8361985,229421427.15862,815.302612962649
"31057","Nebraska","NE","Dundy County",1351.77616600622,3926.69075194683,0.0117135347716235
"31059","Nebraska","NE","Fillmore County",5600.19178605046,14886.3438798266,0.0508948457651913
"31061","Nebraska","NE","Franklin County",1006.23298664059,2605.40200081598,0.00924714086521211
"31063","Nebraska","NE","Frontier County",167838.077328539,434324.44343337,1.54414242649531
"31065","Nebraska","NE","Furnas County",8768.68569183278,22712.8247746856,0.0807009262397106
"31067","Nebraska","NE","Gage County",189363.732359691,491633.742442727,1.72367710567312
"31069","Nebraska","NE","Garden County",1836.61754977941,4752.52490170031,0.0168968814579706
"31071","Nebraska","NE","Garfield County",54139.7344510205,140196.864227988,0.498054862230365
"31073","Nebraska","NE","Gosper County",23170.9830763305,63033.2009002543,0.218962697189171
"31075","Nebraska","NE","Grant County",41.3964886685028,107.119657690107,0.000380847695750226
"31077","Nebraska","NE","Greeley County",3893.3890861868,10076.3862710723,0.0358222841546029
"31079","Nebraska","NE","Hall County",618995.115162668,1612550.55714134,5.73804705703321
"31081","Nebraska","NE","Hamilton County",59247.9435653486,153312.989523961,0.545081080801207
"31083","Nebraska","NE","Harlan County",3293.23111480207,8299.5166140611,0.0293181910988415
"31085","Nebraska","NE","Hayes County",41.3964886685028,107.119657690107,0.000380847695750226
"31087","Nebraska","NE","Hitchcock County",2707.60384650087,7006.33330329467,0.024909955387808
"31089","Nebraska","NE","Holt County",7513.16415530132,19750.8270141058,0.0685995603024605
"31091","Nebraska","NE","Hooker County",17.035281049029,44.0813589104043,0.000156724585651067
"31093","Nebraska","NE","Howard County",175443.678001227,454374.022846281,1.61338899031865
"31095","Nebraska","NE","Jefferson County",98222.6315218972,252852.848548009,0.90205248829961
"31097","Nebraska","NE","Johnson County",344607.379593468,891397.012749361,3.16364737301439
"31099","Nebraska","NE","Kearney County",66817.4599775546,173285.841383286,0.613823323397017
"31101","Nebraska","NE","Keith County",57649.6758160203,149246.717159619,0.530349331138765
"31103","Nebraska","NE","Keya Paha County",1762.07952337015,4559.6465168258,0.0162111316150053
"31105","Nebraska","NE","Kimball County",4880.0298752531,13960.0503074618,0.043791221677732
"31107","Nebraska","NE","Knox County",30295.3094972266,89244.4743609456,0.260238118677459
"31109","Nebraska","NE","Lancaster County",22179749.3469593,57408346.3399309,203.908303210003
"31111","Nebraska","NE","Lincoln County",237249.779692292,625564.394388871,2.23630135086279
"31113","Nebraska","NE","Logan County",168747.967388689,436660.815542342,1.55248129997594
"31115","Nebraska","NE","Loup County",1.44431650428565,3.73738678113944,0.000013287711839428
"31117","Nebraska","NE","McPherson County",78.7954505195737,203.895111848379,0.000724918144780078
"31119","Nebraska","NE","Madison County",1269276.47351896,3299433.825633,11.6678223881225
"31121","Nebraska","NE","Merrick County",8307.70927676685,21262.0621240185,0.075228029636383
"31123","Nebraska","NE","Morrill County",3929.57519293539,10170.0232797347,0.03615519633669
"31125","Nebraska","NE","Nance County",32463.981225577,83267.9199796828,0.276607600347529
"31127","Nebraska","NE","Nemaha County",97969.3799790909,253130.384740261,0.893756416972977
"31129","Nebraska","NE","Nuckolls County",5825.12564652032,15154.0072581733,0.053496607119653
"31131","Nebraska","NE","Otoe County",530820.954136693,1374571.62946262,4.87672944100603
"31133","Nebraska","NE","Pawnee County",221546.682069219,573286.49288944,2.03823142654179
"31135","Nebraska","NE","Perkins County",2875.48172966769,7445.69709949029,0.0264730988223159
"31137","Nebraska","NE","Phelps County",59890.6342251974,155382.30648859,0.550048893386991
"31139","Nebraska","NE","Pierce County",82684.2276425212,214142.219257468,0.756482927754
"31141","Nebraska","NE","Platte County",653088.555384238,1693692.95503022,5.99565288067963
"31143","Nebraska","NE","Polk County",14950.479978093,38683.4215740358,0.137542718197092
"31145","Nebraska","NE","Red Willow County",9777.25849896451,25592.7175431542,0.0901091592860525
"31147","Nebraska","NE","Richardson County",284980.794104407,737449.336545049,2.62137606964032
"31149","Nebraska","NE","Rock County",2983.46628870747,7726.34170757866,0.0274594703124676
"31151","Nebraska","NE","Saline County",219439.000105586,571527.68739212,2.02358224849604
"31153","Nebraska","NE","Sarpy County",13624571.43322,35258317.0051669,125.194113413027
"31155","Nebraska","NE","Saunders County",717081.772243788,1857317.45255715,6.5940807394642
"31157","Nebraska","NE","Scotts Bluff County",50894.8098854706,132820.493012896,0.466382710607614
"31159","Nebraska","NE","Seward County",536465.982859275,1384025.39667059,4.89221399441371
"31161","Nebraska","NE","Sheridan County",8983.20024085792,23273.094711019,0.0825940657124193
"31163","Nebraska","NE","Sherman County",5950.00346747489,15834.9341230205,0.0549001267094358
"31165","Nebraska","NE","Sioux County",1605.13882128768,4173.85264526436,0.0148053873271306
"31167","Nebraska","NE","Stanton County",24223.4658553068,65422.9731557278,0.218220155684565
"31169","Nebraska","NE","Thayer County",234590.209568396,605607.025206636,2.1510866948761
"31171","Nebraska","NE","Thomas County",78.7954505195737,203.895111848379,0.000724918144780078
"31173","Nebraska","NE","Thurston County",12400.5830643658,35909.0987286221,0.107414184258068
"31175","Nebraska","NE","Valley County",8114.38079531502,22277.6313474572,0.0724937487873284
"31177","Nebraska","NE","Washington County",1289203.93150305,3335384.12300114,11.8361217877174
"31179","Nebraska","NE","Wayne County",68900.8741272783,189072.29591368,0.592297484273205
"31181","Nebraska","NE","Webster County",3438.56869646835,8897.81509391313,0.0316348320075088
"31183","Nebraska","NE","Wheeler County",51933.2130013053,134385.021009765,0.477785559612009
"31185","Nebraska","NE","York County",257422.103195227,666080.310549586,2.36454794521874
"32001","Nevada","NV","Churchill County",166048.530591055,795488.472850781,1.44891325862658
"32003","Nevada","NV","Clark County",13690626.8575356,67373265.8354761,120.055420465615
"32005","Nevada","NV","Douglas County",363244.263155509,1681837.9438591,3.1705255478955
"32007","Nevada","NV","Elko County",117377.846915209,380953.887128102,1.1302812328263
"32009","Nevada","NV","Esmeralda County",212.899781114323,1125.00082108888,0.00185086463125398
"32011","Nevada","NV","Eureka County",19417.9196208602,102367.170010152,0.168953852567145
"32013","Nevada","NV","Humboldt County",67841.9903079345,278134.024956644,0.650260530708927
"32015","Nevada","NV","Lander County",18976.0827517315,65902.2380788973,0.197248389765858
"32017","Nevada","NV","Lincoln County",10140.1533334285,52170.6614569512,0.088701898311935
"32019","Nevada","NV","Lyon County",464348.948663044,2281203.19629263,4.06279069112491
"32021","Nevada","NV","Mineral County",16759.0124580362,83730.210162304,0.146695983559456
"32023","Nevada","NV","Nye County",159097.745041573,648547.255586187,1.42442962221819
"32027","Nevada","NV","Pershing County",22192.7371817262,98890.5172658631,0.193615210802272
"32029","Nevada","NV","Storey County",104603.19125057,511842.950946627,0.911676254286576
"32031","Nevada","NV","Washoe County",25520477.5239884,132692056.601906,222.367081043068
"32033","Nevada","NV","White Pine County",68453.8483374061,194490.455232062,0.722589014240688
"32510","Nevada","NV","Carson City",752760.356512703,3279197.84769411,6.59052493905528
"33001","New Hampshire","NH","Belknap County",1590675.66565852,3710400.69172552,11.8240342557933
"33003","New Hampshire","NH","Carroll County",1679904.377184,3858883.06649447,12.8446200186998
"33005","New Hampshire","NH","Cheshire County",8127120.75926644,19417145.9356056,58.0188673685777
"33007","New Hampshire","NH","Coos County",735475.908363118,1712394.33245731,5.4200944084368
"33009","New Hampshire","NH","Grafton County",54236720.4300247,130825425.528698,380.730262920087
"33011","New Hampshire","NH","Hillsborough County",31617204.2290773,71577023.224227,245.80466354812
"33013","New Hampshire","NH","Merrimack County",8684836.90570467,20239383.3339709,64.6935155993208
"33015","New Hampshire","NH","Rockingham County",30529031.4959594,68880607.0462155,238.702901729959
"33017","New Hampshire","NH","Strafford County",5839820.63864824,13599947.1763477,43.4168557043209
"33019","New Hampshire","NH","Sullivan County",6356327.8781261,15230879.8890034,45.3593197649444
"34001","New Jersey","NJ","Atlantic County",7795546.22967501,20965276.2943267,65.1032459348895
"34003","New Jersey","NJ","Bergen County",126151402.800005,320923079.877438,947.619895292456
"34005","New Jersey","NJ","Burlington County",45241706.3729758,117882730.151447,385.073014404549
"34007","New Jersey","NJ","Camden County",79482858.8582468,200729237.128121,677.103821792794
"34009","New Jersey","NJ","Cape May County",2696482.49362055,6885921.90424407,22.0099207470538
"34011","New Jersey","NJ","Cumberland County",3448695.84424961,9940793.06141957,29.2744579705939
"34013","New Jersey","NJ","Essex County",45168641.2149156,128596089.422606,365.249469259336
"34015","New Jersey","NJ","Gloucester County",40108770.038385,100039137.511879,338.826714535602
"34017","New Jersey","NJ","Hudson County",72638748.496904,182354354.060195,539.19394352064
"34019","New Jersey","NJ","Hunterdon County",7268680.55896322,21350624.4480398,60.918366773728
"34021","New Jersey","NJ","Mercer County",49984227.1075051,152420722.903837,430.151975561282
"34023","New Jersey","NJ","Middlesex County",116057490.958256,360498653.76277,994.420495902779
"34025","New Jersey","NJ","Monmouth County",37398817.9979681,105735678.732276,303.03807333311
"34027","New Jersey","NJ","Morris County",18449887.8697017,52104102.2378251,150.32994253673
"34029","New Jersey","NJ","Ocean County",18105600.8450205,54387888.3957403,153.737669546336
"34031","New Jersey","NJ","Passaic County",19957573.3923884,55247822.5312636,159.389270685335
"34033","New Jersey","NJ","Salem County",4252185.60115125,10879565.455293,34.1670756130213
"34035","New Jersey","NJ","Somerset County",41211876.5696378,129942991.354373,357.231748875923
"34037","New Jersey","NJ","Sussex County",4309716.38074751,11965788.5184882,35.3067037217401
"34039","New Jersey","NJ","Union County",35593843.3713043,105041228.24373,293.369064193467
"34041","New Jersey","NJ","Warren County",2961086.33839,8906122.06278026,25.3699402453506
"35001","New Mexico","NM","Bernalillo County",83681403.0466366,195146415.749228,654.297511282247
"35003","New Mexico","NM","Catron County",18574.6718727567,45329.6247452123,0.153777426703654
"35005","New Mexico","NM","Chaves County",279191.795049135,720182.64750377,2.47192578797614
"35006","New Mexico","NM","Cibola County",339983.169935542,813683.679507369,2.77595378149572
"35007","New Mexico","NM","Colfax County",53110.1356256154,128363.91967888,0.432862219241853
"35009","New Mexico","NM","Curry County",207074.307053832,484866.036534434,1.6240525189795
"35011","New Mexico","NM","De Baca County",9930.96546701278,23221.0641628168,0.0778569734007895
"35013","New Mexico","NM","Do̱a Ana County",9641625.92605986,23214571.1103745,78.5067369162987
"35015","New Mexico","NM","Eddy County",211457.269928892,513150.419681691,1.73351245541672
"35017","New Mexico","NM","Grant County",155332.6971122,393003.616174737,1.33649490412264
"35019","New Mexico","NM","Guadalupe County",28171.0069676786,73343.5003654232,0.247443937289567
"35021","New Mexico","NM","Harding County",11584.2096220918,27296.3795894481,0.0917785370455643
"35023","New Mexico","NM","Hidalgo County",24632.7520278343,67066.4821091302,0.233743006448951
"35025","New Mexico","NM","Lea County",291653.937332702,709948.287205315,2.40414996753398
"35027","New Mexico","NM","Lincoln County",144273.01028818,338577.741553796,1.13686477740992
"35028","New Mexico","NM","Los Alamos County",330545.331695388,770459.002444192,2.58188508060723
"35029","New Mexico","NM","Luna County",120441.283360012,295259.723104288,0.998140620035952
"35031","New Mexico","NM","McKinley County",794279.82495031,1956825.81961811,6.61870937440463
"35033","New Mexico","NM","Mora County",23946.4771406282,60272.7368730992,0.20460833016367
"35035","New Mexico","NM","Otero County",807396.869850143,1935478.96991715,6.52859399132668
"35037","New Mexico","NM","Quay County",84553.9416628379,199179.1806533,0.669363699626297
"35039","New Mexico","NM","Rio Arriba County",309344.491801728,730880.653671844,2.45601756880181
"35041","New Mexico","NM","Roosevelt County",69096.7064714637,166921.335906211,0.5649308271535
"35043","New Mexico","NM","Sandoval County",9142210.45739428,21388258.9590356,71.7914345207925
"35045","New Mexico","NM","San Juan County",484410.020027922,1222770.21978425,4.21468648022501
"35047","New Mexico","NM","San Miguel County",196941.374257284,459753.333471251,1.5415775947924
"35049","New Mexico","NM","Santa Fe County",2458905.33668485,5790907.97107776,19.5417337410458
"35051","New Mexico","NM","Sierra County",120734.011966025,290376.424795603,0.97913553294226
"35053","New Mexico","NM","Socorro County",323384.837514994,754407.185148554,2.52907895427705
"35055","New Mexico","NM","Taos County",600023.939869291,1399957.2441482,4.69351411773158
"35057","New Mexico","NM","Torrance County",350191.24013915,820214.397316351,2.75033211415014
"35059","New Mexico","NM","Union County",2456.07022677511,5746.19812540029,0.0192845818927497
"35061","New Mexico","NM","Valencia County",4748422.77069775,11147210.4290533,37.5598230297596
"36001","New York","NY","Albany County",29877069.1058202,70404632.5109566,213.58159637486
"36003","New York","NY","Allegany County",964511.00347772,2271847.16890622,6.86745391017172
"36005","New York","NY","Bronx County",468410108.12759,1104687076.52948,3329.42427264659
"36007","New York","NY","Broome County",12604935.2599119,29734009.7577413,90.0475433904208
"36009","New York","NY","Cattaraugus County",1629594.323138,3839851.78983908,11.6217872241885
"36011","New York","NY","Cayuga County",5120996.58382589,12088163.6036473,36.6230556420595
"36013","New York","NY","Chautauqua County",3681563.51809327,8737202.24227209,26.4483940208942
"36015","New York","NY","Chemung County",3271020.82336275,7741838.13804984,23.7170232243157
"36017","New York","NY","Chenango County",1180989.88197367,2794238.90529622,8.48429084092324
"36019","New York","NY","Clinton County",1542247.74569715,3599922.83750376,11.2998250832309
"36021","New York","NY","Columbia County",2971453.9685127,7003917.75442961,21.1207686581202
"36023","New York","NY","Cortland County",6337532.38295139,14947918.290885,45.1454922338985
"36025","New York","NY","Delaware County",1268237.27133729,2982175.77657925,9.05110172359985
"36027","New York","NY","Dutchess County",19088493.9420195,45203954.2858132,139.766959688803
"36029","New York","NY","Erie County",95413398.757274,225168702.433916,680.610504221947
"36031","New York","NY","Essex County",915284.377405867,2203595.56779822,6.72763905841855
"36033","New York","NY","Franklin County",941866.269634239,2227610.15498336,6.74191528198127
"36035","New York","NY","Fulton County",1629195.03078353,3831997.19803033,11.7584216268169
"36037","New York","NY","Genesee County",4509096.68023123,10618114.4025888,32.2008534354811
"36039","New York","NY","Greene County",2484305.31729083,5865841.86485785,17.7071736315156
"36041","New York","NY","Hamilton County",110974.792256311,259477.949824293,0.805445108664752
"36043","New York","NY","Herkimer County",1215358.15563289,2860867.89305706,8.64560090098709
"36045","New York","NY","Jefferson County",1935063.33189675,4558669.55282493,13.8280087221384
"36047","New York","NY","Kings County",657830652.369061,1552612171.80576,4685.73731715134
"36049","New York","NY","Lewis County",265009.251607086,621042.884932971,1.91233637768563
"36051","New York","NY","Livingston County",5629099.51779279,13258214.212723,39.9415244380558
"36053","New York","NY","Madison County",2804858.55468675,6571533.70963647,20.3216193868346
"36055","New York","NY","Monroe County",155992007.236958,367759984.495658,1108.17410744637
"36057","New York","NY","Montgomery County",1421042.22479604,3345379.16049637,10.1327800281699
"36059","New York","NY","Nassau County",157049073.762874,370737956.638853,1122.28343075229
"36061","New York","NY","New York County",522212514.540841,1233941433.9525,3730.5306814314
"36063","New York","NY","Niagara County",12032904.9414424,28433724.756983,86.5061855081419
"36065","New York","NY","Oneida County",4521589.82963558,10634012.3764114,32.462901722654
"36067","New York","NY","Onondaga County",29601974.884735,69765916.8687703,211.705227263968
"36069","New York","NY","Ontario County",7864810.91771749,18523163.612532,55.8994394504712
"36071","New York","NY","Orange County",24456924.4106621,58047676.3870372,175.98055623227
"36073","New York","NY","Orleans County",6173068.9273981,14556137.5850142,43.9697069732161
"36075","New York","NY","Oswego County",3309486.62458622,7817944.91775386,23.9696059256561
"36077","New York","NY","Otsego County",1239288.01633495,2921293.29299408,8.84872052220654
"36079","New York","NY","Putnam County",8362445.32182089,19816945.9563807,60.6493106004549
"36081","New York","NY","Queens County",422582744.874097,997057354.628667,3009.23291979229
"36083","New York","NY","Rensselaer County",16067560.2634953,37881705.0696599,114.840024211398
"36085","New York","NY","Richmond County",74485603.2825209,176814433.993161,531.863299509678
"36087","New York","NY","Rockland County",37820490.3327917,90194887.1272606,272.214236108694
"36089","New York","NY","St. Lawrence County",1889992.59778111,4463836.4469807,13.5096313294204
"36091","New York","NY","Saratoga County",13156773.8166346,31018210.7985684,94.1315417307683
"36093","New York","NY","Schenectady County",11919535.3371639,28098448.4337903,85.3461718230913
"36095","New York","NY","Schoharie County",662228.45479628,1556359.61751382,4.75278623121104
"36097","New York","NY","Schuyler County",3836934.06323911,9045240.43759089,27.2452210724607
"36099","New York","NY","Seneca County",2450611.95954883,5775826.6232925,17.4465293065375
"36101","New York","NY","Steuben County",3587921.51167916,8464695.15598871,25.6604880142124
"36103","New York","NY","Suffolk County",147311530.992165,347150062.667328,1053.85138799149
"36105","New York","NY","Sullivan County",3312275.77770768,7819930.85529077,23.6399163304951
"36107","New York","NY","Tioga County",8311353.85212505,19596477.6811181,59.0898965084989
"36109","New York","NY","Tompkins County",75857268.3396463,178786315.761242,539.099928812511
"36111","New York","NY","Ulster County",9443368.31996485,22284820.602657,67.8102975879559
"36113","New York","NY","Warren County",1135985.64685738,2657963.60391154,8.19860413090559
"36115","New York","NY","Washington County",1051269.79480059,2471595.41682365,7.52764263038833
"36117","New York","NY","Wayne County",12970046.3923214,30568587.3831892,92.1478238928823
"36119","New York","NY","Westchester County",139990942.367314,330032967.908994,1002.96578574741
"36121","New York","NY","Wyoming County",2475302.87505737,5832615.67369827,17.599161317425
"36123","New York","NY","Yates County",322113.355628914,759733.620732519,2.29645789536705
"37001","North Carolina","NC","Alamance County",63077903.6337322,157817989.404098,611.734714438081
"37003","North Carolina","NC","Alexander County",1823202.39857715,4581622.40749816,17.7082193268749
"37005","North Carolina","NC","Alleghany County",238875.842828476,602742.22547221,2.29862257993542
"37007","North Carolina","NC","Anson County",570732.774408301,1436033.07593149,5.55199619119806
"37009","North Carolina","NC","Ashe County",731883.211568084,1845689.99151139,7.16385423843992
"37011","North Carolina","NC","Avery County",221120.697152313,556575.069654202,2.14944490695247
"37013","North Carolina","NC","Beaufort County",1459081.09731464,3650144.02621309,14.1114561018519
"37015","North Carolina","NC","Bertie County",533009.222675258,1333789.26831815,5.08193192757211
"37017","North Carolina","NC","Bladen County",1222315.30296713,3058426.98371227,11.8369286487767
"37019","North Carolina","NC","Brunswick County",19512898.2302407,48805701.2652612,189.037424252378
"37021","North Carolina","NC","Buncombe County",5713090.51607097,14412591.872372,55.5817460526536
"37023","North Carolina","NC","Burke County",1904491.94557213,4810391.05571164,18.489546746075
"37025","North Carolina","NC","Cabarrus County",7487470.6805979,18817199.8628295,72.7623868689255
"37027","North Carolina","NC","Caldwell County",1921157.62793491,4829493.338397,18.5070714341953
"37029","North Carolina","NC","Camden County",226119.730241761,566710.117260872,2.10938129041539
"37031","North Carolina","NC","Carteret County",2356432.45910438,5915493.70912748,22.795838041162
"37033","North Carolina","NC","Caswell County",7033287.75242657,17618873.0843961,68.2217321242457
"37035","North Carolina","NC","Catawba County",3986668.40558597,9976306.66462115,38.5179872489524
"37037","North Carolina","NC","Chatham County",69676464.721861,174339707.239467,675.74116439313
"37039","North Carolina","NC","Cherokee County",318241.578308562,820023.169143954,3.13615148419102
"37041","North Carolina","NC","Chowan County",739508.332308138,1847521.61146286,7.14956574248775
"37043","North Carolina","NC","Clay County",198680.854904574,512953.318470824,1.94826443847283
"37045","North Carolina","NC","Cleveland County",1777199.27986148,4447956.22993669,17.1423184731258
"37047","North Carolina","NC","Columbus County",3418219.21545494,8559313.77084996,33.119805231158
"37049","North Carolina","NC","Craven County",3857064.48604743,9666017.14450176,37.1878923292317
"37051","North Carolina","NC","Cumberland County",11049783.8689141,27722151.9181915,106.819545917161
"37053","North Carolina","NC","Currituck County",1139377.11117642,2865094.74702629,10.9767715420054
"37055","North Carolina","NC","Dare County",1221397.74705152,3072634.28290651,11.7540908189151
"37057","North Carolina","NC","Davidson County",15435842.7804393,38683241.3397275,149.712879648305
"37059","North Carolina","NC","Davie County",5717847.73724142,14303956.5407786,55.4151896886286
"37061","North Carolina","NC","Duplin County",3100445.11469316,7778296.1699502,29.9761465770255
"37063","North Carolina","NC","Durham County",524189254.10682,1311511380.38654,5084.17299660181
"37065","North Carolina","NC","Edgecombe County",2812593.50705874,7035733.18932378,27.2441973369983
"37067","North Carolina","NC","Forsyth County",76366506.7047835,191197155.133788,740.705697808422
"37069","North Carolina","NC","Franklin County",16319099.2229817,40822674.3348944,158.229561009476
"37071","North Carolina","NC","Gaston County",8150664.93970445,20492536.7870875,79.1753943947738
"37073","North Carolina","NC","Gates County",224380.807771741,561101.444319448,2.09833915915824
"37075","North Carolina","NC","Graham County",142366.228249289,355600.916409236,1.37294111532544
"37077","North Carolina","NC","Granville County",28194843.897315,70555328.553975,273.300627240178
"37079","North Carolina","NC","Greene County",1082260.08902515,2709077.2702719,10.5043105581074
"37081","North Carolina","NC","Guilford County",48112750.1465208,120545919.589735,466.401850401361
"37083","North Carolina","NC","Halifax County",2132331.86767326,5365543.04882477,20.5099180635191
"37085","North Carolina","NC","Harnett County",14277090.1022756,35749956.2553737,138.31804508452
"37087","North Carolina","NC","Haywood County",779089.13774142,1998869.55633612,7.48053033515821
"37089","North Carolina","NC","Henderson County",3010613.41643968,7573927.37136419,29.1584046562728
"37091","North Carolina","NC","Hertford County",864209.745242653,2170607.79255512,8.4176649606516
"37093","North Carolina","NC","Hoke County",1658746.45279549,4146294.2435861,16.0098334241927
"37095","North Carolina","NC","Hyde County",85081.956863482,213654.701561077,0.822549861930452
"37097","North Carolina","NC","Iredell County",8760724.8522694,22037511.046944,85.2922146582791
"37099","North Carolina","NC","Jackson County",843172.829655026,2178076.72119669,8.26093242592761
"37101","North Carolina","NC","Johnston County",33229167.5802596,83199579.0536341,322.076712835684
"37103","North Carolina","NC","Jones County",277794.854693287,697576.696724695,2.69629769716511
"37105","North Carolina","NC","Lee County",6582550.29586576,16480544.8215828,63.779577410331
"37107","North Carolina","NC","Lenoir County",1466189.76739361,3667160.36048137,14.2100416077473
"37109","North Carolina","NC","Lincoln County",2666458.06978365,6688476.26585052,25.8843743661591
"37111","North Carolina","NC","McDowell County",692769.523934211,1746708.27865513,6.67863650608859
"37113","North Carolina","NC","Macon County",1154787.97543713,2958044.51518803,11.30273021975
"37115","North Carolina","NC","Madison County",618844.274540536,1570934.65280947,6.02274717991092
"37117","North Carolina","NC","Martin County",1062024.17940685,2655169.95954057,10.281242718147
"37119","North Carolina","NC","Mecklenburg County",51137379.7524,128597975.151131,496.123500169279
"37121","North Carolina","NC","Mitchell County",246353.349707954,618419.060654333,2.39184445633132
"37123","North Carolina","NC","Montgomery County",580123.573883431,1456832.95040072,5.62103366057308
"37125","North Carolina","NC","Moore County",2980191.27674658,7480302.12117414,28.9055596885216
"37127","North Carolina","NC","Nash County",2737769.82219488,6865155.37127424,26.4614915051375
"37129","North Carolina","NC","New Hanover County",119705628.699761,299471610.405359,1160.9080433631
"37131","North Carolina","NC","Northampton County",341443.110887719,852541.688031216,3.26672665521396
"37133","North Carolina","NC","Onslow County",8019640.30924993,20077321.2954478,77.5483853843797
"37135","North Carolina","NC","Orange County",327736903.064259,819988596.62528,3179.05873983785
"37137","North Carolina","NC","Pamlico County",957490.316926458,2405410.65538042,9.22199306518015
"37139","North Carolina","NC","Pasquotank County",1326018.22569716,3340222.31896209,12.8266420257459
"37141","North Carolina","NC","Pender County",12297793.5783391,30777035.8717116,119.136627889321
"37143","North Carolina","NC","Perquimans County",303372.136318373,770500.393119776,2.9710068857392
"37145","North Carolina","NC","Person County",24147745.551259,60407296.5419629,234.139750708994
"37147","North Carolina","NC","Pitt County",11529579.862756,28839116.8446786,111.731212722957
"37149","North Carolina","NC","Polk County",392603.625519797,1002844.82087868,3.80369640133504
"37151","North Carolina","NC","Randolph County",7523764.87075286,18827548.7742717,72.8486738488836
"37153","North Carolina","NC","Richmond County",1849169.0537926,4631362.47803743,17.8269457563525
"37155","North Carolina","NC","Robeson County",5829181.6411617,14611149.2519986,56.4516763491013
"37157","North Carolina","NC","Rockingham County",9166753.99894949,22996105.32156,88.6688024512924
"37159","North Carolina","NC","Rowan County",5873966.57143183,14725658.9407199,56.9369498194646
"37161","North Carolina","NC","Rutherford County",1210931.19154208,3053387.59404232,11.7707018439881
"37163","North Carolina","NC","Sampson County",1987439.93294979,4989575.56758477,19.2569981823333
"37165","North Carolina","NC","Scotland County",1314025.03779062,3283287.75374368,12.6713168766125
"37167","North Carolina","NC","Stanly County",1785085.49424708,4487879.85398029,17.2953837442843
"37169","North Carolina","NC","Stokes County",4992581.4585927,12496229.2429036,48.3971842154387
"37171","North Carolina","NC","Surry County",4740386.31185645,11873148.4889171,46.0139861611961
"37173","North Carolina","NC","Swain County",146992.373423467,387200.144310316,1.45511434329635
"37175","North Carolina","NC","Transylvania County",653215.195753574,1669829.3951053,6.40916796233487
"37177","North Carolina","NC","Tyrrell County",143839.355610144,360337.383092699,1.39296956053351
"37179","North Carolina","NC","Union County",7225441.06853951,18112606.5095963,69.9880892562721
"37181","North Carolina","NC","Vance County",7512075.22902797,18807724.622936,72.8259470886196
"37183","North Carolina","NC","Wake County",494148211.149741,1236397207.82931,4790.47625126551
"37185","North Carolina","NC","Warren County",2916561.47626514,7294881.476255,28.2681256506896
"37187","North Carolina","NC","Washington County",279097.240577818,699877.382472556,2.69947875794748
"37189","North Carolina","NC","Watauga County",1075407.29078898,2696538.26208939,10.4389527777242
"37191","North Carolina","NC","Wayne County",4082784.23396671,10245702.3593783,39.5640663549387
"37193","North Carolina","NC","Wilkes County",4494794.20727009,11274748.7675717,43.4781111002806
"37195","North Carolina","NC","Wilson County",2826283.30323458,7066260.1643244,27.3233470620094
"37197","North Carolina","NC","Yadkin County",3100706.35825133,7756079.58860282,30.0581009199687
"37199","North Carolina","NC","Yancey County",590975.365583339,1480248.25284101,5.73263424046227
"38001","North Dakota","ND","Adams County",338.341777535017,791.467406222724,0.00284702612244218
"38003","North Dakota","ND","Barnes County",51293.3855826009,188265.548892701,0.381243610466892
"38005","North Dakota","ND","Benson County",23835.8567493616,86349.4683502184,0.177965658556615
"38007","North Dakota","ND","Billings County",0,0,0
"38009","North Dakota","ND","Bottineau County",34375.3615717119,115334.472296387,0.270605285415917
"38011","North Dakota","ND","Bowman County",9480.12774542422,34960.3898235661,0.0702323807192611
"38013","North Dakota","ND","Burke County",9599.46410504904,35337.4787460376,0.0711788895491156
"38015","North Dakota","ND","Burleigh County",454185.452405432,1652982.50081472,3.39540906049886
"38017","North Dakota","ND","Cass County",5984433.72866955,22055442.3599489,44.3664452789734
"38019","North Dakota","ND","Cavalier County",12491.5945327402,46046.0952759526,0.0926270711801027
"38021","North Dakota","ND","Dickey County",9496.43741802691,35002.2966453474,0.0703787559289053
"38023","North Dakota","ND","Divide County",9368.6478500103,23154.1285760668,0.0852546954350937
"38025","North Dakota","ND","Dunn County",10408.6780660478,37732.5862037718,0.0780944428517141
"38027","North Dakota","ND","Eddy County",23601.599958957,87179.1156378698,0.174651839696282
"38029","North Dakota","ND","Emmons County",22740.2309219715,83946.2605291365,0.168352368180509
"38031","North Dakota","ND","Foster County",51.8204342186185,128.071522804028,0.000471565951389428
"38033","North Dakota","ND","Golden Valley County",4734.79788354602,17489.3012731939,0.0350375043382406
"38035","North Dakota","ND","Grand Forks County",12912450.0323783,47688164.7971833,95.5623002046559
"38037","North Dakota","ND","Grant County",10015.725103512,36660.8120089028,0.0746427167433608
"38039","North Dakota","ND","Griggs County",1279.97376378924,4724.48932168818,0.00947660690310056
"38041","North Dakota","ND","Hettinger County",9411.40793306244,34746.4764091612,0.0696718548276374
"38043","North Dakota","ND","Kidder County",4815.11110895397,17734.3372961228,0.0357110742610396
"38045","North Dakota","ND","LaMoure County",18211.1711563342,67053.7482878653,0.135060725274412
"38047","North Dakota","ND","Logan County",9397.20630831891,34711.211818288,0.0695393266815599
"38049","North Dakota","ND","McHenry County",42684.7521013233,154626.358622141,0.318778184730355
"38051","North Dakota","ND","McIntosh County",20550.5236475991,75717.8746277381,0.152374639239811
"38053","North Dakota","ND","McKenzie County",4949.86386623635,18020.8257253105,0.0369946047807225
"38055","North Dakota","ND","McLean County",37137.8898243472,134073.824620005,0.27958967116545
"38057","North Dakota","ND","Mercer County",20372.4706564188,73350.7040462778,0.151872468381173
"38059","North Dakota","ND","Morton County",71123.9036151237,259369.008292023,0.531212721785143
"38061","North Dakota","ND","Mountrail County",30662.2035144485,110333.71673748,0.231388669152637
"38063","North Dakota","ND","Nelson County",32012.9728204116,116917.157927973,0.238818555828574
"38065","North Dakota","ND","Oliver County",763.920195790955,2264.71026891806,0.00648807384719844
"38067","North Dakota","ND","Pembina County",57286.8073845158,210366.15850524,0.425960736447296
"38069","North Dakota","ND","Pierce County",43871.1107932667,161885.527433643,0.324874444358588
"38071","North Dakota","ND","Ramsey County",100925.435661278,371059.404761192,0.749479622467236
"38073","North Dakota","ND","Ransom County",53099.6234903835,196014.07894997,0.39311000939237
"38075","North Dakota","ND","Renville County",5115.70708857301,18647.9438626169,0.0382364321061395
"38077","North Dakota","ND","Richland County",88946.5913618495,327540.490715583,0.65964258508819
"38079","North Dakota","ND","Rolette County",63801.7036221826,230271.92886632,0.480517863150617
"38081","North Dakota","ND","Sargent County",14730.7788060339,54225.3802072497,0.109260752798579
"38083","North Dakota","ND","Sheridan County",9469.59576709204,34978.6025463878,0.0700750086764811
"38085","North Dakota","ND","Sioux County",330.989027584861,818.022261553868,0.00301200015102224
"38087","North Dakota","ND","Slope County",4734.79788354602,17489.3012731939,0.0350375043382406
"38089","North Dakota","ND","Stark County",45178.2550239261,158535.502396981,0.347623729084078
"38091","North Dakota","ND","Steele County",4743.5105734374,17510.8342356041,0.0351167898162522
"38093","North Dakota","ND","Stutsman County",65136.658785693,239994.541164257,0.482733552153118
"38095","North Dakota","ND","Towner County",84.0867342726585,211.606272721434,0.000655546343839627
"38097","North Dakota","ND","Traill County",245512.414875267,906576.990613473,1.81684009911668
"38099","North Dakota","ND","Walsh County",94110.5663543786,345008.155049671,0.700118743270319
"38101","North Dakota","ND","Ward County",346946.155148416,1258532.48163702,2.60068282398554
"38103","North Dakota","ND","Wells County",5068.61105881336,18314.3032696684,0.0380752042331734
"38105","North Dakota","ND","Williams County",75939.8445769331,247619.690767168,0.609191207306794
"39001","Ohio","OH","Adams County",223318.307159123,585140.761608244,2.11755812800614
"39003","Ohio","OH","Allen County",1299491.45405917,3403181.84473193,12.7728338364368
"39005","Ohio","OH","Ashland County",794759.003620696,2067040.04495628,7.82067519486419
"39007","Ohio","OH","Ashtabula County",2076623.65283991,5410144.79102495,20.4914655776517
"39009","Ohio","OH","Athens County",4702793.93742063,12258446.0906258,46.2921370118917
"39011","Ohio","OH","Auglaize County",278340.556311649,729242.531473754,2.72744667405065
"39013","Ohio","OH","Belmont County",816094.034381264,2097808.89437382,7.36878307083554
"39015","Ohio","OH","Brown County",1288335.76485901,3360270.49393115,12.7412166493369
"39017","Ohio","OH","Butler County",25867316.1702241,67507576.1529899,255.719686061721
"39019","Ohio","OH","Carroll County",193395.206406126,513673.349160679,1.9395093072033
"39021","Ohio","OH","Champaign County",451903.146737929,1180025.01790198,4.45339842225832
"39023","Ohio","OH","Clark County",2464530.50687118,6435184.21243988,24.1822651902273
"39025","Ohio","OH","Clermont County",19686105.7684297,51324937.5887701,194.437602993499
"39027","Ohio","OH","Clinton County",930464.854610105,2423985.65832628,9.00492404215634
"39029","Ohio","OH","Columbiana County",817140.26512516,2130094.22500301,7.77817688283652
"39031","Ohio","OH","Coshocton County",575166.72882248,1496718.49062993,5.65507576085228
"39033","Ohio","OH","Crawford County",924632.820254343,2407697.31688042,9.11289587936871
"39035","Ohio","OH","Cuyahoga County",245389126.850238,639955501.7057,2426.22384903792
"39037","Ohio","OH","Darke County",463945.772591027,1209965.66949729,4.53998203197998
"39039","Ohio","OH","Defiance County",263344.676907594,687901.184044428,2.58179154841322
"39041","Ohio","OH","Delaware County",28904984.6583943,75385839.642305,285.918055922646
"39043","Ohio","OH","Erie County",1036783.10327385,2706036.61416728,10.1585739088199
"39045","Ohio","OH","Fairfield County",12090070.0161625,31498175.7413986,119.245283064713
"39047","Ohio","OH","Fayette County",551787.057206751,1439762.01668834,5.33437922790303
"39049","Ohio","OH","Franklin County",246828351.877581,643820359.004171,2440.74806844256
"39051","Ohio","OH","Fulton County",1220698.69752509,3150299.69587961,11.8894430916946
"39053","Ohio","OH","Gallia County",309949.816974387,830481.259445749,2.80071287380976
"39055","Ohio","OH","Geauga County",10361668.7289591,27027988.2663647,102.591362551702
"39057","Ohio","OH","Greene County",3875698.61777093,10118770.8085716,38.2624311571386
"39059","Ohio","OH","Guernsey County",231529.175308639,604322.068496908,2.14495913831842
"39061","Ohio","OH","Hamilton County",161776548.055846,422094202.763525,1599.02814892505
"39063","Ohio","OH","Hancock County",526259.22038769,1363903.32624247,5.12882044065633
"39065","Ohio","OH","Hardin County",95591.2109211645,252674.952286439,0.940804695395731
"39067","Ohio","OH","Harrison County",74893.8301397393,195052.144257755,0.723109083581977
"39069","Ohio","OH","Henry County",234246.266909923,615018.198009829,2.30773996040174
"39071","Ohio","OH","Highland County",775618.27015225,2021185.48408851,7.66658095830711
"39073","Ohio","OH","Hocking County",482579.406691052,1259184.06051184,4.77059492400112
"39075","Ohio","OH","Holmes County",464345.9846157,1211679.28982787,4.58865264769171
"39077","Ohio","OH","Huron County",666807.514875426,1735535.55407402,6.55931954158332
"39079","Ohio","OH","Jackson County",240506.585753191,632216.922091341,2.3010380425799
"39081","Ohio","OH","Jefferson County",1000991.58697709,2508048.61333455,9.0014965444323
"39083","Ohio","OH","Knox County",611803.618395055,1591040.83115301,6.01812872662252
"39085","Ohio","OH","Lake County",24933349.489645,65009905.8154242,246.638247347188
"39087","Ohio","OH","Lawrence County",1612081.89190247,4357717.17978915,13.7175208300274
"39089","Ohio","OH","Licking County",10504548.973554,27403420.9348309,103.95945007153
"39091","Ohio","OH","Logan County",571533.178039772,1493947.83201551,5.60345826916007
"39093","Ohio","OH","Lorain County",19103316.816668,49852120.1155613,188.695598586455
"39095","Ohio","OH","Lucas County",17532531.3531446,45485172.6120925,172.430921585282
"39097","Ohio","OH","Madison County",3918785.27202135,10226980.3034974,38.8191229775204
"39099","Ohio","OH","Mahoning County",4247773.26237011,10734629.3307302,39.5553783106434
"39101","Ohio","OH","Marion County",1393424.25476068,3626168.49586536,13.7106321559728
"39103","Ohio","OH","Medina County",12674667.5639312,33072839.715781,125.353546860576
"39105","Ohio","OH","Meigs County",683798.117618121,1788586.57189904,6.75991799122833
"39107","Ohio","OH","Mercer County",148746.392314889,390052.26605694,1.42979151752045
"39109","Ohio","OH","Miami County",1065574.73505107,2788750.6569667,10.4918577587726
"39111","Ohio","OH","Monroe County",232494.361059935,609620.590104707,2.27158275885561
"39113","Ohio","OH","Montgomery County",9347737.9604394,24405886.293873,91.9362517895597
"39115","Ohio","OH","Morgan County",34807.0283511549,91968.8391385371,0.330052453787007
"39117","Ohio","OH","Morrow County",505110.262699864,1313942.06971667,4.98664892020644
"39119","Ohio","OH","Muskingum County",1680950.99799835,4374482.84163085,16.4016850939646
"39121","Ohio","OH","Noble County",44530.8804019637,116773.85343104,0.433203096943281
"39123","Ohio","OH","Ottawa County",813766.208080416,2119158.06960065,8.00558776633768
"39125","Ohio","OH","Paulding County",93094.9223707827,244576.947450443,0.918701966246758
"39127","Ohio","OH","Perry County",754308.79983219,1913768.3914158,7.01659242124615
"39129","Ohio","OH","Pickaway County",4849488.06117721,12640363.8374938,47.9562045687419
"39131","Ohio","OH","Pike County",432885.967036517,1129598.96084434,4.20113943457659
"39133","Ohio","OH","Portage County",11251113.1931453,29216603.524469,110.433847238868
"39135","Ohio","OH","Preble County",590793.863007517,1548408.43741611,5.88039964922089
"39137","Ohio","OH","Putnam County",235056.327264192,615196.910804783,2.30297508990524
"39139","Ohio","OH","Richland County",1328628.7013413,3464697.21523552,13.042921434892
"39141","Ohio","OH","Ross County",1203380.20785361,3166956.20412333,11.7644015992031
"39143","Ohio","OH","Sandusky County",910207.838186373,2380103.26692019,8.9282963064247
"39145","Ohio","OH","Scioto County",685921.95778863,1800928.67542565,6.69487360126813
"39147","Ohio","OH","Seneca County",469585.075744328,1222756.9661668,4.58367702468879
"39149","Ohio","OH","Shelby County",447884.446338118,1158400.13662161,4.26790220165973
"39151","Ohio","OH","Stark County",4777851.02248497,12428044.343718,46.9298645557902
"39153","Ohio","OH","Summit County",26354555.2662482,68736739.3823133,260.253250987923
"39155","Ohio","OH","Trumbull County",4149186.43837306,10466405.1767498,38.269114470275
"39157","Ohio","OH","Tuscarawas County",1007561.82027579,2592215.69883622,9.3216656978704
"39159","Ohio","OH","Union County",6352495.36704955,16562937.2916699,62.8673516963328
"39161","Ohio","OH","Van Wert County",107164.897216667,280794.742987433,1.04051479994811
"39163","Ohio","OH","Vinton County",169136.616555161,441563.786541098,1.60482553139447
"39165","Ohio","OH","Warren County",15022173.2924809,39193649.0465695,148.301489662909
"39167","Ohio","OH","Washington County",795860.832239679,2084208.11587575,7.72067372998086
"39169","Ohio","OH","Wayne County",2146536.03237254,5601612.60857669,21.2475883774191
"39171","Ohio","OH","Williams County",279506.392570105,727990.398715852,2.76207241202394
"39173","Ohio","OH","Wood County",3867244.76092504,10051653.0282809,38.1373162839839
"39175","Ohio","OH","Wyandot County",62085.7852077816,163727.895660627,0.603965337113574
"40001","Oklahoma","OK","Adair County",300546.174022634,846141.104281673,3.11566087941301
"40003","Oklahoma","OK","Alfalfa County",28301.0983666049,79690.415148,0.297006251016099
"40005","Oklahoma","OK","Atoka County",66531.0819896252,187804.904987138,0.699893614672005
"40007","Oklahoma","OK","Beaver County",8859.1064437373,24941.3303133907,0.092699502522017
"40009","Oklahoma","OK","Beckham County",200802.324452554,561071.240359809,2.09716978637559
"40011","Oklahoma","OK","Blaine County",80376.5395837469,228127.316007515,0.843635961258358
"40013","Oklahoma","OK","Bryan County",134207.112071607,384629.589411147,1.42177807885327
"40015","Oklahoma","OK","Caddo County",127307.993843931,361418.021356136,1.34305946915126
"40017","Oklahoma","OK","Canadian County",6319988.8419106,17805814.4419722,66.3817051181225
"40019","Oklahoma","OK","Carter County",106893.178290801,302392.171800042,1.1148822243951
"40021","Oklahoma","OK","Cherokee County",1598871.03321931,4502727.72868834,16.7385183267325
"40023","Oklahoma","OK","Choctaw County",14910.0340475217,41900.7965893871,0.154588828213696
"40025","Oklahoma","OK","Cimarron County",4165.59172986363,11769.1302187888,0.0438519277139856
"40027","Oklahoma","OK","Cleveland County",23426635.7334369,65987187.8083026,246.013837359489
"40029","Oklahoma","OK","Coal County",22065.2219466052,62137.6939875663,0.231684830439354
"40031","Oklahoma","OK","Comanche County",1406792.22517126,3967110.43364849,14.7662812614018
"40033","Oklahoma","OK","Cotton County",12171.777035989,34580.2218486796,0.128697157440764
"40035","Oklahoma","OK","Craig County",66912.8801784727,188398.911269264,0.695329370825852
"40037","Oklahoma","OK","Creek County",1390760.71963477,3920547.42184671,14.6116758317124
"40039","Oklahoma","OK","Custer County",180398.424502658,515969.357476155,1.91043303634335
"40041","Oklahoma","OK","Delaware County",209540.296454849,593042.919183483,2.2016086448128
"40043","Oklahoma","OK","Dewey County",19162.092264798,54640.8918454612,0.198803337877477
"40045","Oklahoma","OK","Ellis County",27408.0876365579,77175.9856166732,0.287571021410933
"40047","Oklahoma","OK","Garfield County",276942.072793233,779825.055777743,2.88153297526839
"40049","Oklahoma","OK","Garvin County",130026.620368572,368848.482649666,1.36872839996513
"40051","Oklahoma","OK","Grady County",1348125.00622246,3798273.0695713,14.1407608219158
"40053","Oklahoma","OK","Grant County",50263.1646897822,141536.140481273,0.527694265604775
"40055","Oklahoma","OK","Greer County",28484.2336385337,82029.5426969258,0.304414737223488
"40057","Oklahoma","OK","Harmon County",15370.3119046147,45101.4375979794,0.166740298605952
"40059","Oklahoma","OK","Harper County",12256.3080994688,34529.6470721952,0.128734695163234
"40061","Oklahoma","OK","Haskell County",131866.288904729,376482.653953326,1.39770369237211
"40063","Oklahoma","OK","Hughes County",70029.9753441673,197640.221506668,0.73657930918467
"40065","Oklahoma","OK","Jackson County",76163.3439407997,216456.950262898,0.80502121086935
"40067","Oklahoma","OK","Jefferson County",88243.8978083004,248564.278578099,0.926681251215852
"40069","Oklahoma","OK","Johnston County",45616.5434267312,129437.355535417,0.481810761141995
"40071","Oklahoma","OK","Kay County",334610.502545823,942308.644304182,3.5079678905629
"40073","Oklahoma","OK","Kingfisher County",162013.78276282,451835.967462929,1.66297466713426
"40075","Oklahoma","OK","Kiowa County",23486.4472247567,66410.8644902469,0.247373596162123
"40077","Oklahoma","OK","Latimer County",61468.735854138,174777.258087773,0.645041444181782
"40079","Oklahoma","OK","Le Flore County",236795.097051098,665972.580362979,2.44496516388167
"40081","Oklahoma","OK","Lincoln County",1093834.29631896,3080775.54960679,11.4656449840327
"40083","Oklahoma","OK","Logan County",1861998.17943807,5244621.92572568,19.5494569509033
"40085","Oklahoma","OK","Love County",40209.8608037601,115315.121898113,0.428228713606669
"40087","Oklahoma","OK","McClain County",1273076.04583377,3585089.19827025,13.3671159667258
"40089","Oklahoma","OK","McCurtain County",261421.627536478,734146.056429547,2.69783986527673
"40091","Oklahoma","OK","McIntosh County",103108.460799356,290905.147015332,1.06744007984114
"40093","Oklahoma","OK","Major County",56238.8032517893,158293.881371291,0.59023700464425
"40095","Oklahoma","OK","Marshall County",38630.2923533026,110521.046701618,0.410671847688224
"40097","Oklahoma","OK","Mayes County",381145.547964621,1076614.60464821,3.97179564364896
"40099","Oklahoma","OK","Murray County",42557.4714254417,120271.32933663,0.448092793444814
"40101","Oklahoma","OK","Muskogee County",554091.763718974,1555783.02826825,5.68896959798913
"40103","Oklahoma","OK","Noble County",298696.993929125,841158.38979693,3.13625728613772
"40105","Oklahoma","OK","Nowata County",36412.5178379339,102525.291762593,0.37922569872046
"40107","Oklahoma","OK","Okfuskee County",154249.035178569,433882.305953572,1.6130338665321
"40109","Oklahoma","OK","Oklahoma County",65767019.0011917,185245785.590553,690.55434874868
"40111","Oklahoma","OK","Okmulgee County",604593.04427016,1704729.73390484,6.31101708428448
"40113","Oklahoma","OK","Osage County",703268.471521099,1983894.99621967,7.37041188049584
"40115","Oklahoma","OK","Ottawa County",89320.8469055769,251636.590407239,0.929229808331742
"40117","Oklahoma","OK","Pawnee County",374662.272945332,1057675.18934145,3.94150189503672
"40119","Oklahoma","OK","Payne County",6589054.09760304,18567312.0790829,69.201119181764
"40121","Oklahoma","OK","Pittsburg County",204982.651172976,578304.728621267,2.13013103077322
"40123","Oklahoma","OK","Pontotoc County",81063.4557917386,228792.472436459,0.852611424443744
"40125","Oklahoma","OK","Pottawatomie County",1933201.88804434,5448198.6208807,20.2965923213726
"40127","Oklahoma","OK","Pushmataha County",16093.6555038258,45270.3490987205,0.163080938905309
"40129","Oklahoma","OK","Roger Mills County",4266.3982812062,11976.9853263505,0.044554049064376
"40131","Oklahoma","OK","Rogers County",1388563.62072361,3914385.78807437,14.5372816749516
"40133","Oklahoma","OK","Seminole County",342745.893230303,970881.804843298,3.60860047606679
"40135","Oklahoma","OK","Sequoyah County",258352.713456469,719814.762276835,2.60101421683905
"40137","Oklahoma","OK","Stephens County",250436.618678543,705197.770517394,2.62429421534305
"40139","Oklahoma","OK","Texas County",52814.1488208764,163495.905941313,0.597815118678675
"40141","Oklahoma","OK","Tillman County",41436.7879471189,117528.209195519,0.437430149227572
"40143","Oklahoma","OK","Tulsa County",12436666.219121,35024875.2605078,130.362571920805
"40145","Oklahoma","OK","Wagoner County",1296559.08053545,3655843.01536018,13.6107755397069
"40147","Oklahoma","OK","Washington County",247546.233535409,696340.872261013,2.57467026038037
"40149","Oklahoma","OK","Washita County",24209.6620241223,68181.510672023,0.254033487314157
"40151","Oklahoma","OK","Woods County",32949.7300440747,94747.0735989182,0.33370423065469
"40153","Oklahoma","OK","Woodward County",125858.691329112,355180.605883514,1.3237025154238
"41001","Oregon","OR","Baker County",129053.24417649,325119.183247983,1.10337432624818
"41003","Oregon","OR","Benton County",16039950.4681678,38945586.3240696,141.075121624575
"41005","Oregon","OR","Clackamas County",45303861.8818598,110166429.797198,398.295740257526
"41007","Oregon","OR","Clatsop County",805933.676109311,1977112.20623949,7.20370936420632
"41009","Oregon","OR","Columbia County",3944565.13883639,9582342.51247927,34.7049222570603
"41011","Oregon","OR","Coos County",420438.12549805,1062054.61303157,3.67443130126018
"41013","Oregon","OR","Crook County",308980.99894833,754432.658258824,2.72936340065972
"41015","Oregon","OR","Curry County",142158.550497018,364762.003993897,1.25020533797664
"41017","Oregon","OR","Deschutes County",2215149.1903874,5428830.11350404,19.4873666105666
"41019","Oregon","OR","Douglas County",1482454.65687402,3615047.00866973,13.0334836440602
"41021","Oregon","OR","Gilliam County",68804.0739140524,167028.96568693,0.605692124487047
"41023","Oregon","OR","Grant County",95454.5983043805,231629.456465513,0.837917001207875
"41025","Oregon","OR","Harney County",123249.220108478,300263.033990337,1.08704638879443
"41027","Oregon","OR","Hood River County",265399.747655352,643874.242504962,2.29709040306271
"41029","Oregon","OR","Jackson County",1301134.77180727,3215090.87874347,11.4196671220025
"41031","Oregon","OR","Jefferson County",346194.719224602,861410.525974083,3.03056981202676
"41033","Oregon","OR","Josephine County",611853.799657069,1505804.04844213,5.37970101973682
"41035","Oregon","OR","Klamath County",860600.531952491,2099416.76727271,7.56826527972717
"41037","Oregon","OR","Lake County",57168.6215729434,139380.21960207,0.494015593519871
"41039","Oregon","OR","Lane County",52061460.8206256,126418242.176774,458.175395767169
"41041","Oregon","OR","Lincoln County",888848.873297683,2157729.80814002,7.80471250997206
"41043","Oregon","OR","Linn County",4557522.21406336,11089923.9306374,40.1211247408608
"41045","Oregon","OR","Malheur County",292844.733168961,718961.146963409,2.57891027455221
"41047","Oregon","OR","Marion County",5668890.54596624,13786431.9142498,49.6153876562088
"41049","Oregon","OR","Morrow County",300082.343109572,732425.932495477,2.637608150508
"41051","Oregon","OR","Multnomah County",166903874.535854,405110783.965941,1467.23497045077
"41053","Oregon","OR","Polk County",1685503.34902502,4100622.94042013,14.8321503418391
"41055","Oregon","OR","Sherman County",3489.54158631133,8444.06899459752,0.0304992042227513
"41057","Oregon","OR","Tillamook County",521134.207150686,1272410.21198978,4.5577076671005
"41059","Oregon","OR","Umatilla County",442558.672146664,1102748.69957532,3.86594136165888
"41061","Oregon","OR","Union County",158709.39529725,391630.684406696,1.37756678102858
"41063","Oregon","OR","Wallowa County",61198.1228324107,149070.465307415,0.53018918938734
"41065","Oregon","OR","Wasco County",295138.031110817,728822.430430075,2.59595440100207
"41067","Oregon","OR","Washington County",74195241.6511107,180235483.480426,652.766191755639
"41069","Oregon","OR","Wheeler County",9896.61657594622,24029.8277747849,0.0870041165649017
"41071","Oregon","OR","Yamhill County",3314723.64695795,8054277.49542589,28.781739080814
"42001","Pennsylvania","PA","Adams County",15704262.1303299,34734236.1034359,131.376732864564
"42003","Pennsylvania","PA","Allegheny County",537664410.651604,1293517779.37502,4569.49014925778
"42005","Pennsylvania","PA","Armstrong County",4681624.06107746,11282672.1406382,40.1450788975145
"42007","Pennsylvania","PA","Beaver County",10616267.955253,25471356.8581739,89.9096705660453
"42009","Pennsylvania","PA","Bedford County",4451876.09914214,10002517.0860027,37.525624887291
"42011","Pennsylvania","PA","Berks County",9811996.38838427,23713389.2798212,83.1840730138095
"42013","Pennsylvania","PA","Blair County",5695000.96362452,13685344.1690363,48.3820034467776
"42015","Pennsylvania","PA","Bradford County",909197.008612695,2245660.98893443,7.32379012224843
"42017","Pennsylvania","PA","Bucks County",67053731.2607551,167151682.268433,569.213185359421
"42019","Pennsylvania","PA","Butler County",16202242.1427774,38978731.2172373,137.718751585247
"42021","Pennsylvania","PA","Cambria County",5155500.32943882,12420819.4078715,43.7041324409496
"42023","Pennsylvania","PA","Cameron County",16981.0128283667,41616.5146180395,0.142785027910115
"42025","Pennsylvania","PA","Carbon County",1947951.69165698,4894836.00208276,16.4214447795815
"42027","Pennsylvania","PA","Centre County",51771289.9583561,124506115.049104,439.934699059236
"42029","Pennsylvania","PA","Chester County",64224904.7155539,154005493.861786,528.973275144161
"42031","Pennsylvania","PA","Clarion County",1743761.45171969,4195511.82103177,14.8319205513584
"42033","Pennsylvania","PA","Clearfield County",9264709.31993159,22282059.0874456,78.7565790730644
"42035","Pennsylvania","PA","Clinton County",4004089.87412362,9637290.72339364,34.0107031080509
"42037","Pennsylvania","PA","Columbia County",2588212.09119861,6219664.95090059,21.8901615538714
"42039","Pennsylvania","PA","Crawford County",1873554.21803532,4518976.04219373,15.9556659039474
"42041","Pennsylvania","PA","Cumberland County",14355321.9637867,34252492.3671388,121.724682415385
"42043","Pennsylvania","PA","Dauphin County",33557881.3661222,80634418.0959766,284.042490620872
"42045","Pennsylvania","PA","Delaware County",168165437.590873,404362574.675248,1420.25190034752
"42047","Pennsylvania","PA","Elk County",326980.531092552,779332.360756989,2.72219333620103
"42049","Pennsylvania","PA","Erie County",9853756.7098817,23757342.8420072,84.0943964157913
"42051","Pennsylvania","PA","Fayette County",7273220.01966508,18175034.8661236,60.3215865927139
"42053","Pennsylvania","PA","Forest County",537759.695272432,1296618.88654509,4.58859835272948
"42055","Pennsylvania","PA","Franklin County",31045788.9011073,68722624.5937485,260.401199283109
"42057","Pennsylvania","PA","Fulton County",429722.420766218,1039980.7493743,3.62813568441226
"42059","Pennsylvania","PA","Greene County",2383693.60535181,6211021.02196098,19.2546861424555
"42061","Pennsylvania","PA","Huntingdon County",3615388.32126913,8432538.2040003,29.7883260887699
"42063","Pennsylvania","PA","Indiana County",2848041.82127569,6870607.28928556,24.2694893469424
"42065","Pennsylvania","PA","Jefferson County",2379647.74033601,5719584.45908142,20.2376646757218
"42067","Pennsylvania","PA","Juniata County",1499605.69734616,3490514.61171978,12.6624118851739
"42069","Pennsylvania","PA","Lackawanna County",3966018.34527632,9497638.24945645,31.5706267744306
"42071","Pennsylvania","PA","Lancaster County",19831798.6288823,47608390.8940869,167.007366320616
"42073","Pennsylvania","PA","Lawrence County",5900939.7440148,14198137.5887013,50.242039477397
"42075","Pennsylvania","PA","Lebanon County",11550023.9530723,27506657.6420026,97.8078413398103
"42077","Pennsylvania","PA","Lehigh County",12043833.8107812,29078044.358013,99.6463140940993
"42079","Pennsylvania","PA","Luzerne County",4446562.95098915,10628682.0058371,36.9454085794388
"42081","Pennsylvania","PA","Lycoming County",2113090.25554952,5080895.80045652,17.3633546840579
"42083","Pennsylvania","PA","McKean County",790864.22285602,1900311.58168371,6.57156740574623
"42085","Pennsylvania","PA","Mercer County",4450698.22510086,10719772.7842625,37.8341388994896
"42087","Pennsylvania","PA","Mifflin County",2919544.08691358,7011448.19619479,24.7935402980624
"42089","Pennsylvania","PA","Monroe County",4621474.23838566,11149286.5266211,34.9808907473895
"42091","Pennsylvania","PA","Montgomery County",179714031.062636,432122103.129423,1522.47321950227
"42093","Pennsylvania","PA","Montour County",2095450.18235855,5042597.86457188,17.7809982131716
"42095","Pennsylvania","PA","Northampton County",10134346.5781676,24904307.0832582,85.0722485000128
"42097","Pennsylvania","PA","Northumberland County",3569819.83430207,8587098.1147126,30.3454751482311
"42099","Pennsylvania","PA","Perry County",1671403.83313197,4012090.94295013,14.1667546034022
"42101","Pennsylvania","PA","Philadelphia County",575485598.309988,1384961449.22649,4883.86285857666
"42103","Pennsylvania","PA","Pike County",910134.622740824,2330180.40408597,7.19610446450976
"42105","Pennsylvania","PA","Potter County",395345.763154456,953638.689374808,3.34070580665768
"42107","Pennsylvania","PA","Schuylkill County",3393705.53284255,8168569.44884362,28.7182202419854
"42109","Pennsylvania","PA","Snyder County",1642129.15552542,3958856.81489041,14.0486517492539
"42111","Pennsylvania","PA","Somerset County",3463998.61292896,8225624.6693026,29.2780398445296
"42113","Pennsylvania","PA","Sullivan County",95367.4637023431,228233.169981575,0.768811504731927
"42115","Pennsylvania","PA","Susquehanna County",629488.588757974,1524193.96634279,4.75388362270353
"42117","Pennsylvania","PA","Tioga County",586902.062639131,1405911.78120924,4.53586160698903
"42119","Pennsylvania","PA","Union County",1319434.25184591,3192519.04207757,11.178627519208
"42121","Pennsylvania","PA","Venango County",3589273.42368338,8642308.72762286,30.5820658880639
"42123","Pennsylvania","PA","Warren County",1025374.25487805,2464339.17208716,8.65249304781942
"42125","Pennsylvania","PA","Washington County",24372028.8942822,58789970.9664111,206.875953080448
"42127","Pennsylvania","PA","Wayne County",1045883.22106187,2530672.1298504,8.13021646247444
"42129","Pennsylvania","PA","Westmoreland County",52208986.8309299,125557771.972745,443.8267382076
"42131","Pennsylvania","PA","Wyoming County",526513.140773583,1264637.42683758,4.43427140244802
"42133","Pennsylvania","PA","York County",30073120.9671146,68314052.9903629,252.248796991371
"44001","Rhode Island","RI","Bristol County",14470282.6412406,30482825.5861455,108.064113648786
"44003","Rhode Island","RI","Kent County",31477846.591028,66660727.5802388,235.223641372857
"44005","Rhode Island","RI","Newport County",9354819.56739853,20085988.6745638,70.7796641108144
"44007","Rhode Island","RI","Providence County",160769663.992107,339167765.168531,1202.99678854249
"44009","Rhode Island","RI","Washington County",19668339.623304,41401134.9056476,146.81357376501
"45001","South Carolina","SC","Abbeville County",301487.748233366,860736.558297863,3.19746074842669
"45003","South Carolina","SC","Aiken County",9176246.75853869,26887856.4849785,106.629260259647
"45005","South Carolina","SC","Allendale County",162715.084873396,463725.553310088,1.69078616230739
"45007","South Carolina","SC","Anderson County",7181485.39511394,19995894.0711872,72.3859747786072
"45009","South Carolina","SC","Bamberg County",284939.716895162,814849.489994015,3.01373827535197
"45011","South Carolina","SC","Barnwell County",318411.259785493,908810.387009187,3.3381709014322
"45013","South Carolina","SC","Beaufort County",4302663.50158433,12280031.682598,44.0842668033553
"45015","South Carolina","SC","Berkeley County",22080075.4123992,63728510.1203791,226.957583051688
"45017","South Carolina","SC","Calhoun County",307319.073736056,883426.504007641,3.17405776505072
"45019","South Carolina","SC","Charleston County",94168893.9004832,272196474.065108,969.519531474371
"45021","South Carolina","SC","Cherokee County",1096326.54370154,2916314.37680576,10.8899708726896
"45023","South Carolina","SC","Chester County",445017.092282965,1206339.56571284,4.40421695481425
"45025","South Carolina","SC","Chesterfield County",719460.326240027,1915963.17727124,7.10545846761425
"45027","South Carolina","SC","Clarendon County",336008.313573787,962861.705706412,3.42460504164402
"45029","South Carolina","SC","Colleton County",2094655.88888787,6027542.42436802,21.4319331591569
"45031","South Carolina","SC","Darlington County",1463734.97864737,3402698.29439835,12.9260725921746
"45033","South Carolina","SC","Dillon County",509182.267663165,1338878.42823658,5.03850977812742
"45035","South Carolina","SC","Dorchester County",16971660.0924576,49002535.8568021,174.583345611412
"45037","South Carolina","SC","Edgefield County",1543753.1357605,4517217.38792194,17.7173038657724
"45039","South Carolina","SC","Fairfield County",878482.37499534,2342560.12251626,8.73410414185388
"45041","South Carolina","SC","Florence County",1015370.26410377,2835513.76184169,10.1380531549686
"45043","South Carolina","SC","Georgetown County",1268752.11102714,3631813.38490705,12.8568492518166
"45045","South Carolina","SC","Greenville County",7336153.80451328,21013039.2835347,75.6154064313411
"45047","South Carolina","SC","Greenwood County",956728.691199256,2743076.00038277,10.0002411089662
"45049","South Carolina","SC","Hampton County",998260.781002401,2879812.57995618,10.2925685387033
"45051","South Carolina","SC","Horry County",2525248.75460887,6908016.68212543,25.1106811296892
"45053","South Carolina","SC","Jasper County",758058.233440982,2185014.68641235,7.86945524733123
"45055","South Carolina","SC","Kershaw County",1627156.03895624,4592162.3163852,16.5702660520942
"45057","South Carolina","SC","Lancaster County",860976.364903423,2393157.6328715,8.74808187257747
"45059","South Carolina","SC","Laurens County",1099782.85064263,3069264.41940846,11.1817237289335
"45061","South Carolina","SC","Lee County",1343234.50324607,3099611.57570744,11.7306674918123
"45063","South Carolina","SC","Lexington County",15741993.2240744,45450864.1982017,162.303458144398
"45065","South Carolina","SC","McCormick County",276135.421743178,806650.167912885,3.11678882953582
"45067","South Carolina","SC","Marion County",244344.401154296,694685.842915182,2.4859804731254
"45069","South Carolina","SC","Marlboro County",413382.462461518,1062192.68706279,4.06819638639976
"45071","South Carolina","SC","Newberry County",961521.96342727,2707081.19169302,9.72717849701624
"45073","South Carolina","SC","Oconee County",4530928.84746503,13053248.1382306,46.617342627463
"45075","South Carolina","SC","Orangeburg County",1494943.81704774,4317052.39611268,15.500121440982
"45077","South Carolina","SC","Pickens County",9285831.15610225,26823989.5202273,95.6903217936459
"45079","South Carolina","SC","Richland County",31281730.9491993,90305715.0205477,322.272617416715
"45081","South Carolina","SC","Saluda County",161792.346524676,466836.026137557,1.73583301422966
"45083","South Carolina","SC","Spartanburg County",5595515.04234895,15720248.8120558,56.9099947136513
"45085","South Carolina","SC","Sumter County",1483793.2855828,4173289.59127158,15.2814368522569
"45087","South Carolina","SC","Union County",305216.03434085,832892.513455965,3.08936128135312
"45089","South Carolina","SC","Williamsburg County",384149.759193962,1077962.45595139,3.90153620275385
"45091","South Carolina","SC","York County",2690854.85061865,7129312.42851938,26.5943890692629
"46003","South Dakota","SD","Aurora County",29642.0819369737,92344.5253497703,0.246501476788133
"46005","South Dakota","SD","Beadle County",148401.038312129,448802.962556178,1.24875015092997
"46007","South Dakota","SD","Bennett County",31408.5656809057,93746.5635424568,0.254537930820691
"46009","South Dakota","SD","Bon Homme County",74149.5163654171,231414.807357429,0.615512126971594
"46011","South Dakota","SD","Brookings County",1908886.56862068,5893766.54953204,15.9561480081645
"46013","South Dakota","SD","Brown County",320871.538040399,934752.953447799,2.74061637198658
"46015","South Dakota","SD","Brule County",47415.9716111135,143546.616139137,0.400269265055004
"46017","South Dakota","SD","Buffalo County",7337.48676799154,22940.1815455249,0.0608781624249092
"46019","South Dakota","SD","Butte County",49901.7193386198,153743.687933634,0.417815145200567
"46021","South Dakota","SD","Campbell County",9014.40883846503,28063.6525222251,0.0747107063933213
"46023","South Dakota","SD","Charles Mix County",68843.4330697284,206141.686470304,0.582163665968648
"46025","South Dakota","SD","Clark County",26976.8490880655,84183.9073472229,0.2239282786082
"46027","South Dakota","SD","Clay County",4436441.53347873,13809794.1856801,36.8813266063623
"46029","South Dakota","SD","Codington County",338967.132806519,1030309.12213498,2.8601475324554
"46031","South Dakota","SD","Corson County",68043.954974232,206347.807247342,0.572235807383421
"46033","South Dakota","SD","Custer County",56414.6283643856,164041.570179333,0.482550058418604
"46035","South Dakota","SD","Davison County",239390.608410457,732860.712178236,2.01034276391428
"46037","South Dakota","SD","Day County",37017.1543739512,118937.219269372,0.301838121962239
"46039","South Dakota","SD","Deuel County",61987.4939918184,187406.383275548,0.521990158978808
"46041","South Dakota","SD","Dewey County",762363.199158315,2371276.68620985,6.33811334546153
"46043","South Dakota","SD","Douglas County",26465.2931667106,74175.0475119997,0.230045137711307
"46045","South Dakota","SD","Edmunds County",40607.9388511633,136752.533160241,0.330669453720144
"46047","South Dakota","SD","Fall River County",31798.8341470675,89605.6683083597,0.275812286478049
"46049","South Dakota","SD","Faulk County",13221.4168614562,41257.4452661528,0.109753247777673
"46051","South Dakota","SD","Grant County",95226.4512366805,294430.122315645,0.791113153781315
"46053","South Dakota","SD","Gregory County",88692.1522711274,267931.766917626,0.746862599417911
"46055","South Dakota","SD","Haakon County",10099.9798831968,27141.1826095686,0.0902295862715589
"46057","South Dakota","SD","Hamlin County",80457.5998434911,251090.747650868,0.667863469993646
"46059","South Dakota","SD","Hand County",25136.1346888729,72343.7102694756,0.216100643123158
"46061","South Dakota","SD","Hanson County",23443.4444383441,73213.5398807248,0.194559870406982
"46063","South Dakota","SD","Harding County",3413.64548493173,10655.7892047001,0.0283332575249333
"46065","South Dakota","SD","Hughes County",266132.408466413,792358.276791398,2.27070960752091
"46067","South Dakota","SD","Hutchinson County",75800.5045526405,236523.062955041,0.629243472012761
"46069","South Dakota","SD","Hyde County",32585.0518818029,84851.9782158429,0.291208058718793
"46071","South Dakota","SD","Jackson County",7336.67112883738,22901.6227250861,0.0608943703693503
"46073","South Dakota","SD","Jerauld County",10474.2520140124,31127.3346560024,0.0899304481502751
"46075","South Dakota","SD","Jones County",3023.02347438755,9417.00659015224,0.0251133904389716
"46077","South Dakota","SD","Kingsbury County",145847.481989395,438382.338684005,1.23134000315791
"46079","South Dakota","SD","Lake County",204213.391855727,637163.463535537,1.69528180054403
"46081","South Dakota","SD","Lawrence County",196496.989764823,583551.697415721,1.69738309374642
"46083","South Dakota","SD","Lincoln County",2933434.53244072,9094845.64778184,24.4634513180578
"46085","South Dakota","SD","Lyman County",9216.49965676327,28826.5016624786,0.0764419270045431
"46087","South Dakota","SD","McCook County",143524.321184457,447964.139039259,1.19141277698101
"46089","South Dakota","SD","McPherson County",44542.1516071051,121723.333995816,0.40881142804996
"46091","South Dakota","SD","Marshall County",17783.5978339881,55385.6642718634,0.147726123997367
"46093","South Dakota","SD","Meade County",158985.917981375,486421.073285894,1.35739032963698
"46095","South Dakota","SD","Mellette County",6182.46637738692,19263.7871215727,0.0513574852535011
"46097","South Dakota","SD","Miner County",47374.2251593762,142682.968818601,0.413692363669077
"46099","South Dakota","SD","Minnehaha County",10425697.3541437,32312065.9349807,86.8917984693186
"46101","South Dakota","SD","Moody County",159068.453315476,496440.42984247,1.32038650588988
"46102","South Dakota","SD","Oglala Lakota County",10353.6965992511,32093.0753174695,0.0858730538949426
"46103","South Dakota","SD","Pennington County",2271101.56106143,6183947.11247584,17.7264305610324
"46105","South Dakota","SD","Perkins County",22422.3630403004,61346.1946650154,0.196745338847403
"46107","South Dakota","SD","Potter County",14286.1075671035,44213.7572153633,0.120107354685866
"46109","South Dakota","SD","Roberts County",47195.9112095823,140256.991609997,0.399730784644601
"46111","South Dakota","SD","Sanborn County",23207.7503462423,82381.8979970743,0.186288516638961
"46115","South Dakota","SD","Spink County",41761.6814767244,121397.673724002,0.357665454025701
"46117","South Dakota","SD","Stanley County",20421.2828720713,63635.7875065832,0.169262975437118
"46119","South Dakota","SD","Sully County",29460.4799732478,91939.8193495307,0.244558880875382
"46121","South Dakota","SD","Todd County",10520.6811373295,32714.1366550156,0.087713474476027
"46123","South Dakota","SD","Tripp County",66081.7414172931,197859.956771777,0.559972096182992
"46125","South Dakota","SD","Turner County",240384.808981721,752583.575959488,1.99116419933631
"46127","South Dakota","SD","Union County",507194.417516854,1558021.91873821,4.24677609618768
"46129","South Dakota","SD","Walworth County",63453.0220925483,200259.230265489,0.522800148016889
"46135","South Dakota","SD","Yankton County",474337.257302987,1474163.85621193,3.9697956250516
"46137","South Dakota","SD","Ziebach County",89961.6619726924,280696.262927227,0.747060536009048
"47001","Tennessee","TN","Anderson County",1228436.43937413,3339356.9902742,12.3257571802548
"47003","Tennessee","TN","Bedford County",1857099.88982843,4991888.15911699,18.5316195366002
"47005","Tennessee","TN","Benton County",149139.192003424,397703.752423715,1.47738727027398
"47007","Tennessee","TN","Bledsoe County",112892.168565317,300707.691078902,1.11897074443853
"47009","Tennessee","TN","Blount County",990156.982387227,2656434.87463545,9.87500715858402
"47011","Tennessee","TN","Bradley County",515003.681701083,1420220.58067433,5.38087718042238
"47013","Tennessee","TN","Campbell County",120430.05749676,324097.645201463,1.19446834132833
"47015","Tennessee","TN","Cannon County",851134.496397649,2291677.2607276,8.51306301039006
"47017","Tennessee","TN","Carroll County",308830.536105702,827679.223784424,3.07469004806208
"47019","Tennessee","TN","Carter County",1036207.29287552,2787601.63425239,10.4009258531984
"47021","Tennessee","TN","Cheatham County",11766620.9007448,31674042.2835306,117.552835305989
"47023","Tennessee","TN","Chester County",201813.871592159,546448.273670484,2.02133132999109
"47025","Tennessee","TN","Claiborne County",135911.487622179,366817.980167423,1.29874742858748
"47027","Tennessee","TN","Clay County",109159.44226129,289534.440054753,1.0217539172008
"47029","Tennessee","TN","Cocke County",205764.693077024,549468.185299949,2.05087143892456
"47031","Tennessee","TN","Coffee County",803782.903939626,2189337.29879109,8.11268025589438
"47033","Tennessee","TN","Crockett County",176057.751891054,476005.384099798,1.75330102469994
"47035","Tennessee","TN","Cumberland County",590381.587504134,1596072.87164521,5.93211270001545
"47037","Tennessee","TN","Davidson County",294581039.319498,793079146.248019,2945.63420126245
"47039","Tennessee","TN","Decatur County",124380.724220988,335380.011340996,1.24233997450656
"47041","Tennessee","TN","DeKalb County",838401.506608563,2263231.97143048,8.42078890261412
"47043","Tennessee","TN","Dickson County",7805767.42053657,21017727.0635391,78.0852731796045
"47045","Tennessee","TN","Dyer County",437785.73512982,1179770.57528756,4.37235182483771
"47047","Tennessee","TN","Fayette County",2985986.28626258,8045904.1336426,29.831728032698
"47049","Tennessee","TN","Fentress County",154166.718968754,414675.103403541,1.54112615945999
"47051","Tennessee","TN","Franklin County",666753.076931078,1787200.36163548,6.65674151072656
"47053","Tennessee","TN","Gibson County",498691.282366696,1343194.84185916,4.97223986329876
"47055","Tennessee","TN","Giles County",1078447.93374854,2894398.3996112,10.7499686953117
"47057","Tennessee","TN","Grainger County",112091.307289217,301817.998906616,1.14864621691696
"47059","Tennessee","TN","Greene County",456882.069821358,1226045.08333317,4.42226312459879
"47061","Tennessee","TN","Grundy County",104449.333258708,291756.225549893,1.12266918622555
"47063","Tennessee","TN","Hamblen County",241666.982999221,643366.100896123,2.41121970059657
"47065","Tennessee","TN","Hamilton County",3566622.28872021,9459818.31452621,34.3638239595184
"47067","Tennessee","TN","Hancock County",18397.9945947371,49512.3970699864,0.183710173490473
"47069","Tennessee","TN","Hardeman County",228319.503212529,615409.30042408,2.27561181798269
"47071","Tennessee","TN","Hardin County",196625.858468751,531725.09595232,1.95601957450773
"47073","Tennessee","TN","Hawkins County",415609.800426835,1118606.71528851,4.07704189458553
"47075","Tennessee","TN","Haywood County",212702.817018911,572899.098317535,2.1226382068033
"47077","Tennessee","TN","Henderson County",325091.936172996,874308.393303214,3.23741596199769
"47079","Tennessee","TN","Henry County",446852.334602028,1199389.61170204,4.45300952099372
"47081","Tennessee","TN","Hickman County",655975.339471647,1759864.81805084,6.47185839625959
"47083","Tennessee","TN","Houston County",109136.328724863,293581.887863019,1.09041030338749
"47085","Tennessee","TN","Humphreys County",180000.853727818,484622.889340672,1.7975147661461
"47087","Tennessee","TN","Jackson County",308044.762665153,831599.015893783,3.08739896838816
"47089","Tennessee","TN","Jefferson County",441786.326428028,1187862.24893162,4.4080759777128
"47091","Tennessee","TN","Johnson County",179177.904725543,467969.706697047,1.77045890463832
"47093","Tennessee","TN","Knox County",11480050.7893636,30998327.6443867,115.292216517841
"47095","Tennessee","TN","Lake County",51739.7730380628,139160.035319931,0.516880094064016
"47097","Tennessee","TN","Lauderdale County",633484.432516887,1708704.68839412,6.3247848473648
"47099","Tennessee","TN","Lawrence County",1523059.42989128,4106030.62316603,15.2511399053471
"47101","Tennessee","TN","Lewis County",464467.640843131,1245674.23079457,4.62630933893019
"47103","Tennessee","TN","Lincoln County",559933.256651371,1472018.33552102,5.47476110100261
"47105","Tennessee","TN","Loudon County",395453.642411534,1073450.19753998,4.0487291598214
"47107","Tennessee","TN","McMinn County",412251.763158731,1125669.55036827,4.17744853888142
"47109","Tennessee","TN","McNairy County",163256.59660983,439735.255449673,1.63132173291529
"47111","Tennessee","TN","Macon County",592209.913316071,1590586.4701707,5.85402167945078
"47113","Tennessee","TN","Madison County",1266561.938651,3392216.11095642,12.5499854114371
"47115","Tennessee","TN","Marion County",227596.995417667,607227.065865057,2.26303489681636
"47117","Tennessee","TN","Marshall County",1905492.21993569,5156761.61851,19.1398207728986
"47119","Tennessee","TN","Maury County",7930866.1363086,21351774.9121636,79.3437808941105
"47121","Tennessee","TN","Meigs County",83139.5674274868,225175.116001531,0.854142602236144
"47123","Tennessee","TN","Monroe County",124777.640429086,332883.068781788,1.24042602549035
"47125","Tennessee","TN","Montgomery County",9120336.22939769,24524968.4597071,90.9158378755804
"47127","Tennessee","TN","Moore County",68946.3872187307,184949.607814543,0.687007046314644
"47129","Tennessee","TN","Morgan County",43043.886313477,115138.723530132,0.427072004316108
"47131","Tennessee","TN","Obion County",379259.31779721,1023452.85077427,3.78486153888781
"47133","Tennessee","TN","Overton County",325932.096669186,877160.937215987,3.25747260912534
"47135","Tennessee","TN","Perry County",132369.265127328,356235.270092328,1.32176825461462
"47137","Tennessee","TN","Pickett County",28048.020918974,75247.8175548161,0.279944990851588
"47139","Tennessee","TN","Polk County",362166.543618946,1029480.25574821,4.02512897883359
"47141","Tennessee","TN","Putnam County",969654.98970716,2601298.30346154,9.64814716618942
"47143","Tennessee","TN","Rhea County",198610.94125628,529086.515748021,1.90545539362614
"47145","Tennessee","TN","Roane County",341159.079997927,912360.183435876,3.42196115212702
"47147","Tennessee","TN","Robertson County",10936641.9653766,29430083.1690296,109.268216861256
"47149","Tennessee","TN","Rutherford County",38810850.6482255,104589088.891723,388.323792661424
"47151","Tennessee","TN","Scott County",119806.45103865,326102.263373907,1.16720811582625
"47153","Tennessee","TN","Sequatchie County",62686.4132620311,169440.250157073,0.632743969561897
"47155","Tennessee","TN","Sevier County",448901.713158576,1197417.80033006,4.45016369620399
"47157","Tennessee","TN","Shelby County",145823492.32382,392492926.420776,1455.77098765931
"47159","Tennessee","TN","Smith County",874614.397154898,2358819.90901606,8.73573312610576
"47161","Tennessee","TN","Stewart County",178844.910922971,482309.760210504,1.80545352474286
"47163","Tennessee","TN","Sullivan County",1795651.26533312,4820694.99666954,17.9326316293753
"47165","Tennessee","TN","Sumner County",30360716.2163926,81726957.122426,303.496888036207
"47167","Tennessee","TN","Tipton County",5907449.53487493,15911324.7871598,59.0946772220284
"47169","Tennessee","TN","Trousdale County",504967.322089396,1360240.49633511,5.05222255679293
"47171","Tennessee","TN","Unicoi County",218270.442956376,587483.623926354,2.14186609277623
"47173","Tennessee","TN","Union County",173618.277273835,472355.407139137,1.77115705669463
"47175","Tennessee","TN","Van Buren County",124763.693288381,338004.507971733,1.25444987380706
"47177","Tennessee","TN","Warren County",1666903.97241955,4494608.22160194,16.6781002109212
"47179","Tennessee","TN","Washington County",3254816.90635172,8732634.5414295,32.4171195339439
"47181","Tennessee","TN","Wayne County",415141.579736049,1116692.29222968,4.14780119548775
"47183","Tennessee","TN","Weakley County",482388.077176236,1304627.22837859,4.82876242713501
"47185","Tennessee","TN","White County",224629.059533529,609587.134736131,2.28108762980152
"47187","Tennessee","TN","Williamson County",65013259.6523601,175089671.429997,650.234456850444
"47189","Tennessee","TN","Wilson County",23410117.3873198,63040646.8528105,233.932242352088
"48001","Texas","TX","Anderson County",648291.896696735,2109182.03193205,7.63041892272492
"48003","Texas","TX","Andrews County",59061.4750892699,192096.393167107,0.693373983004453
"48005","Texas","TX","Angelina County",1407792.69687512,4577655.4376555,16.5792513683657
"48007","Texas","TX","Aransas County",89036.3321358932,289803.851672366,1.04948326200281
"48009","Texas","TX","Archer County",88928.2197006702,288286.426336283,1.04005335433928
"48011","Texas","TX","Armstrong County",1156.41988876941,3767.0307445413,0.013645754687479
"48013","Texas","TX","Atascosa County",1560725.11818453,5083841.56422433,18.4155215812738
"48015","Texas","TX","Austin County",1064620.62873213,3467884.73008522,12.5618426957928
"48017","Texas","TX","Bailey County",45772.2015905923,149102.667907751,0.54011197876899
"48019","Texas","TX","Bandera County",1004007.47342816,3266841.85470057,11.8305959156384
"48021","Texas","TX","Bastrop County",2319163.74603956,7551450.03162679,27.3511561308078
"48023","Texas","TX","Baylor County",15425.4960273084,50242.4537524789,0.181941458939836
"48025","Texas","TX","Bee County",226373.933419547,669691.836974725,2.31792752988448
"48027","Texas","TX","Bell County",3305951.71047012,10747405.8136795,38.9103730317637
"48029","Texas","TX","Bexar County",149674402.335549,487205827.172156,1764.74959459348
"48031","Texas","TX","Blanco County",134178.172666871,437084.580256005,1.58330243746908
"48033","Texas","TX","Borden County",7734.33762600825,25180.6666512315,0.0911926085176041
"48035","Texas","TX","Bosque County",260762.126666624,848962.853649682,3.07510407081932
"48037","Texas","TX","Bowie County",406390.107446289,1276869.84968754,4.50921277321528
"48039","Texas","TX","Brazoria County",65748482.0921882,213524176.944524,773.691322442376
"48041","Texas","TX","Brazos County",54932228.8485636,178908419.712746,648.114497084638
"48043","Texas","TX","Brewster County",150892.759691989,491060.68584264,1.56301485410643
"48045","Texas","TX","Briscoe County",8131.6549440691,26465.5748309732,0.0958377704508711
"48047","Texas","TX","Brooks County",26896.1786327888,83798.7417177662,0.297880493948475
"48049","Texas","TX","Brown County",428267.129671893,1390922.90357414,5.03363646431679
"48051","Texas","TX","Burleson County",2144363.46746139,6974254.73251679,25.2637772355068
"48053","Texas","TX","Burnet County",497438.077161315,1620034.02517561,5.86816739716552
"48055","Texas","TX","Caldwell County",983986.296640831,3196144.22294647,11.5641448012322
"48057","Texas","TX","Calhoun County",303459.138063315,988469.152846723,3.58058978521966
"48059","Texas","TX","Callahan County",101361.461978097,330090.024476204,1.19504296022711
"48061","Texas","TX","Cameron County",1659613.98427184,5389524.51686718,19.5052682510573
"48063","Texas","TX","Camp County",121967.232765859,397276.118513257,1.4390853541472
"48065","Texas","TX","Carson County",16600.102875999,53264.059224054,0.19345632718825
"48067","Texas","TX","Cass County",107253.130684797,323919.772606492,1.15579866007339
"48069","Texas","TX","Castro County",10925.6218701301,35504.2883693804,0.128423326103123
"48071","Texas","TX","Chambers County",1821917.42350466,5909346.13737113,21.3708271319079
"48073","Texas","TX","Cherokee County",922210.795674071,2997021.28336907,10.8484833758101
"48075","Texas","TX","Childress County",19831.1920366354,64578.6494739904,0.233913053406342
"48077","Texas","TX","Clay County",62856.0612964191,204686.094677577,0.741370357443703
"48079","Texas","TX","Cochran County",36417.3011187518,118629.136596345,0.429724153201271
"48081","Texas","TX","Coke County",12336.0975501591,40085.1140181073,0.145214102577413
"48083","Texas","TX","Coleman County",78070.66881257,254314.728170933,0.921233891988327
"48085","Texas","TX","Collin County",40425718.2171599,130930737.303876,473.878877792754
"48087","Texas","TX","Collingsworth County",5393.70506307431,17579.8799264497,0.0636306359933258
"48089","Texas","TX","Colorado County",973130.995170526,3164907.88564972,11.4574709442988
"48091","Texas","TX","Comal County",3684201.97695808,11973654.0149599,43.3625372341917
"48093","Texas","TX","Comanche County",106275.825640281,346083.063624991,1.25364990330482
"48095","Texas","TX","Concho County",15526.8004218838,50578.4578089837,0.183216244978229
"48097","Texas","TX","Cooke County",363475.807148206,1179276.38515346,4.26107917369604
"48099","Texas","TX","Coryell County",484658.111855175,1573500.95801279,5.69051836363708
"48101","Texas","TX","Cottle County",1673.81250568539,5452.43404298787,0.0197509875670876
"48103","Texas","TX","Crane County",17027.4597939337,55325.4464848196,0.20018577702704
"48105","Texas","TX","Crockett County",6886.95193270105,22434.2039760924,0.0812660328058724
"48107","Texas","TX","Crosby County",138413.174248826,450675.871471935,1.63228934220933
"48109","Texas","TX","Culberson County",14701.2033506482,47320.0180625083,0.168448591261948
"48111","Texas","TX","Dallam County",4659.64209445587,15138.6796665359,0.0548081411382114
"48113","Texas","TX","Dallas County",173554027.385893,564185110.903973,2044.12162742857
"48115","Texas","TX","Dawson County",62411.0400215917,202555.370144046,0.733928657129352
"48117","Texas","TX","Deaf Smith County",37393.8133160031,121279.789424476,0.438774646221909
"48119","Texas","TX","Delta County",36318.0433099866,116895.42717889,0.419197550329514
"48121","Texas","TX","Denton County",34724674.6100533,112864977.927568,408.84886623888
"48123","Texas","TX","DeWitt County",372976.219072028,1213715.21504767,4.39581516769514
"48125","Texas","TX","Dickens County",48293.3259861995,157315.215271643,0.569861246637154
"48127","Texas","TX","Dimmit County",42736.9438883547,139168.374586999,0.504050590688325
"48129","Texas","TX","Donley County",9821.84720950275,31975.8691929519,0.11581717412172
"48131","Texas","TX","Duval County",54507.6732153801,177065.721411054,0.640638960318078
"48133","Texas","TX","Eastland County",154338.711490056,500406.769125011,1.80943100713384
"48135","Texas","TX","Ector County",882409.44074269,2859968.73191889,10.3417406616004
"48137","Texas","TX","Edwards County",30522.2825739402,99426.1495899753,0.360162934372494
"48139","Texas","TX","Ellis County",7434434.43897949,24175202.7363158,87.5241296093999
"48141","Texas","TX","El Paso County",20359687.5027441,65558872.1743692,236.924731386763
"48143","Texas","TX","Erath County",415168.274893769,1350021.14141185,4.8882743569453
"48145","Texas","TX","Falls County",540701.975316996,1761209.11385287,6.37961879138861
"48147","Texas","TX","Fannin County",396860.560702501,1280812.91038069,4.62751234138622
"48149","Texas","TX","Fayette County",478519.47454586,1542428.3703579,5.52486780765758
"48151","Texas","TX","Fisher County",17304.1772691492,56302.8615029608,0.203972857032705
"48153","Texas","TX","Floyd County",65098.2758509293,212051.589616769,0.768130149070994
"48155","Texas","TX","Foard County",28680.2204723802,93373.1703061547,0.338165624325704
"48157","Texas","TX","Fort Bend County",119981450.70158,390548149.252283,1414.45973020626
"48159","Texas","TX","Franklin County",61799.149099156,195980.619962169,0.696767005966621
"48161","Texas","TX","Freestone County",340105.331596201,1103118.42221738,3.98830777938548
"48163","Texas","TX","Frio County",209070.364072349,680977.363080812,2.46669422793157
"48165","Texas","TX","Gaines County",66155.0514288752,215321.167408571,0.779549708140999
"48167","Texas","TX","Galveston County",101845149.425256,331662383.268836,1201.37450355842
"48169","Texas","TX","Garza County",83452.6681492774,242071.672219216,0.869628901898106
"48171","Texas","TX","Gillespie County",367423.767123993,1187984.8912364,4.30354025946216
"48173","Texas","TX","Glasscock County",429.878378498927,1400.32619980468,0.00507256486628734
"48175","Texas","TX","Goliad County",169860.19349251,553285.295394056,2.00419384004679
"48177","Texas","TX","Gonzales County",277342.22427683,902153.82707549,3.26903441017955
"48179","Texas","TX","Gray County",120982.671859202,393639.649100722,1.42520476360097
"48181","Texas","TX","Grayson County",1033212.73633722,3322862.35517112,11.9130068243427
"48183","Texas","TX","Gregg County",1488996.6219935,4813553.61819139,17.4046606215224
"48185","Texas","TX","Grimes County",2524151.07040517,8216412.49863104,29.7548564872547
"48187","Texas","TX","Guadalupe County",5212147.42223864,16972973.6593006,61.4622873719291
"48189","Texas","TX","Hale County",352814.15760342,1118568.11588344,4.04402519720923
"48191","Texas","TX","Hall County",23814.4976589377,72175.7912086892,0.26365356278172
"48193","Texas","TX","Hamilton County",60765.4587740158,197925.632859444,0.717007010832212
"48195","Texas","TX","Hansford County",11891.1912215972,38735.4829815697,0.140316056414847
"48197","Texas","TX","Hardeman County",16535.6881360712,53860.8262352586,0.195099818415545
"48199","Texas","TX","Hardin County",1115098.23202982,3616080.95554089,13.0935896565436
"48201","Texas","TX","Harris County",570903139.488965,1858075331.47831,6729.85391719355
"48203","Texas","TX","Harrison County",788549.186667219,2541368.16033825,9.20307607017364
"48205","Texas","TX","Hartley County",11009.3259225221,35574.6180893834,0.128135642990886
"48207","Texas","TX","Haskell County",66813.3928596114,205985.504012121,0.731270091687724
"48209","Texas","TX","Hays County",6823435.58115005,22182607.2029197,80.3265126226198
"48211","Texas","TX","Hemphill County",18529.2686195073,60336.0033879698,0.218500564027032
"48213","Texas","TX","Henderson County",952164.26784549,3092810.21057351,11.2024091306104
"48215","Texas","TX","Hidalgo County",11441559.9481281,37146339.5683259,134.530432142018
"48217","Texas","TX","Hill County",579970.951497998,1884105.39783275,6.81755317256601
"48219","Texas","TX","Hockley County",431447.712436304,1403999.12242736,5.08161224109965
"48221","Texas","TX","Hood County",837206.105677436,2725764.07660511,9.87210318574091
"48223","Texas","TX","Hopkins County",189090.017654135,605462.071696196,2.17583584066129
"48225","Texas","TX","Houston County",398208.652184731,1296761.60461787,4.6967817031806
"48227","Texas","TX","Howard County",172238.357318339,560570.807601994,2.02979907840785
"48229","Texas","TX","Hudspeth County",5722.93381547545,18576.3417340626,0.0671876650590292
"48231","Texas","TX","Hunt County",1133336.38512834,3668211.52103178,13.2163362216185
"48233","Texas","TX","Hutchinson County",54638.3676163577,172877.125615524,0.61286644334353
"48235","Texas","TX","Irion County",815.620208016716,2653.32642425366,0.00962223279416214
"48237","Texas","TX","Jack County",76816.9429582473,245789.747567173,0.893360535034261
"48239","Texas","TX","Jackson County",161273.547978079,525294.449813351,1.90268101560875
"48241","Texas","TX","Jasper County",308646.583661212,1003967.13103175,3.63574275230214
"48243","Texas","TX","Jeff Davis County",64609.7187299479,210465.765260123,0.762394681013385
"48245","Texas","TX","Jefferson County",4122547.95434403,13367686.0944431,48.4059010439556
"48247","Texas","TX","Jim Hogg County",23902.2818923021,77840.8117212521,0.281943150365385
"48249","Texas","TX","Jim Wells County",177170.33693291,576943.470255785,2.08956054647758
"48251","Texas","TX","Johnson County",6008855.19154151,19553030.686115,70.79984121696
"48253","Texas","TX","Jones County",127342.358524404,414186.597130548,1.50061304439087
"48255","Texas","TX","Karnes County",383684.873406606,1222344.99149471,4.44984673337632
"48257","Texas","TX","Kaufman County",4700774.55556694,15301718.0557536,55.4299726471944
"48259","Texas","TX","Kendall County",2081405.19268867,6777358.83764172,24.5494854390433
"48261","Texas","TX","Kenedy County",767.875104943355,2501.34847764304,0.00906092623833159
"48263","Texas","TX","Kent County",554.341876748233,1805.76528731227,0.00654123414562915
"48265","Texas","TX","Kerr County",563086.675827782,1831562.30411108,6.63491735099082
"48267","Texas","TX","Kimble County",31292.631234247,101857.713800065,0.368918127596614
"48269","Texas","TX","King County",2.91661241665859,9.50084718376424,0.0000344160265165713
"48271","Texas","TX","Kinney County",13638.9482135376,44428.7907381778,0.160939588919744
"48273","Texas","TX","Kleberg County",805116.99006359,2616666.39310007,9.46365412509885
"48275","Texas","TX","Knox County",8550.40477141806,27725.7556298235,0.100347763961291
"48277","Texas","TX","Lamar County",290791.923889002,919006.375191626,3.27652341970695
"48279","Texas","TX","Lamb County",240503.680955715,782319.897090513,2.8321736966357
"48281","Texas","TX","Lampasas County",146426.625943415,461837.604319455,1.65617456526425
"48283","Texas","TX","La Salle County",83898.0359513899,272934.530056929,0.98825938202136
"48285","Texas","TX","Lavaca County",554583.988905418,1804161.21696865,6.53372503041158
"48287","Texas","TX","Lee County",959529.566353433,3093722.75452928,11.1995415585362
"48289","Texas","TX","Leon County",679081.940180802,2212034.999721,8.01283108371353
"48291","Texas","TX","Liberty County",3044621.44528317,9850481.46546749,35.6330411675695
"48293","Texas","TX","Limestone County",511944.623696204,1666954.27746796,6.03716594650169
"48295","Texas","TX","Lipscomb County",11480.7044686476,37383.8250287585,0.13542960831645
"48297","Texas","TX","Live Oak County",146199.053106948,469422.166767023,1.69733102834288
"48299","Texas","TX","Llano County",240370.636322501,782950.183952001,2.83612892177558
"48301","Texas","TX","Loving County",198.18972425969,645.601819710042,0.00233863874626434
"48303","Texas","TX","Lubbock County",16670815.6522091,51861541.2100133,188.805150001366
"48305","Texas","TX","Lynn County",86424.473684322,281513.86700111,1.01974497058191
"48307","Texas","TX","McCulloch County",16377.0322143468,52756.1923852855,0.192901379257896
"48309","Texas","TX","McLennan County",8155968.27368528,26547668.3011484,96.1915843487516
"48311","Texas","TX","McMullen County",857.960498681781,2794.80109908479,0.010123933884445
"48313","Texas","TX","Madison County",546112.64407885,1778516.45480563,6.44233107920527
"48315","Texas","TX","Marion County",90550.8974006056,293540.889675574,1.05907295870858
"48317","Texas","TX","Martin County",17554.1864184718,57009.4533933356,0.206383222561323
"48319","Texas","TX","Mason County",25042.002176737,74249.976868099,0.272063372052402
"48321","Texas","TX","Matagorda County",1068007.00698528,3476783.81638861,12.5945063721732
"48323","Texas","TX","Maverick County",298002.93504399,964781.406483946,3.48581448900278
"48325","Texas","TX","Medina County",2114495.86251322,6885678.45452376,24.9393569466724
"48327","Texas","TX","Menard County",38867.2039149716,115698.915974245,0.385771121337752
"48329","Texas","TX","Midland County",706792.416637468,2289056.41016895,8.29489088470737
"48331","Texas","TX","Milam County",938444.417838328,3045504.93798271,11.0156732134665
"48333","Texas","TX","Mills County",57602.6208680959,187640.186651565,0.679710926243532
"48335","Texas","TX","Mitchell County",29451.7543606188,94978.0962832639,0.344262888903773
"48337","Texas","TX","Montague County",201092.714317944,655020.24481407,2.37269737800506
"48339","Texas","TX","Montgomery County",27415318.0189793,89131425.4164633,322.865311259559
"48341","Texas","TX","Moore County",43916.1570388761,140617.588672355,0.509648005151936
"48343","Texas","TX","Morris County",42274.3323290673,132066.773365521,0.461858856358666
"48345","Texas","TX","Motley County",14481.0309967033,47016.9049906314,0.170066531477412
"48347","Texas","TX","Nacogdoches County",1115468.98497587,3614031.72187896,13.0928126255746
"48349","Texas","TX","Navarro County",1041777.42929513,3388364.06723638,12.2662915389707
"48351","Texas","TX","Newton County",208562.729558537,679222.617280807,2.45998930321765
"48353","Texas","TX","Nolan County",139332.975681466,450749.902414343,1.63372702090608
"48355","Texas","TX","Nueces County",2196884.99357466,7069625.58793443,25.4632547223227
"48357","Texas","TX","Ochiltree County",33894.1490360028,110399.841543079,0.399897967888798
"48359","Texas","TX","Oldham County",4839.01723397762,15752.9266569989,0.0570474126249003
"48361","Texas","TX","Orange County",1683125.92229616,5475892.37414533,19.8310745020038
"48363","Texas","TX","Palo Pinto County",82729.4982858804,269480.694294984,0.976155089037353
"48365","Texas","TX","Panola County",475554.669469086,1545634.17216584,5.59739768877333
"48367","Texas","TX","Parker County",5524337.43191325,17978999.1408519,65.1162630150332
"48369","Texas","TX","Parmer County",32250.2440881888,104279.000857305,0.376498719237194
"48371","Texas","TX","Pecos County",65586.7402202413,213464.560430642,0.773365011800413
"48373","Texas","TX","Polk County",939580.110959464,3060363.91600419,11.0858185639155
"48375","Texas","TX","Potter County",511537.307879682,1655715.63442703,5.96279604081134
"48377","Texas","TX","Presidio County",31446.8497413026,102372.71833459,0.370576737929919
"48379","Texas","TX","Rains County",77620.9002222408,251727.076131912,0.911350868413486
"48381","Texas","TX","Randall County",830699.012384241,2698203.99086174,9.77108692289017
"48383","Texas","TX","Reagan County",5001.76291782166,16293.2122417845,0.0590208024302956
"48385","Texas","TX","Real County",17130.478529209,55795.702882818,0.202105553287183
"48387","Texas","TX","Red River County",50376.5681116049,159998.707898108,0.570484377201838
"48389","Texas","TX","Reeves County",51331.830519097,159907.97796789,0.578627369399925
"48391","Texas","TX","Refugio County",25076.7598869916,81496.7321720867,0.295034880968621
"48393","Texas","TX","Roberts County",1208.99332461692,3653.55117884344,0.0124492410249303
"48395","Texas","TX","Robertson County",2289255.82248894,7452117.74709863,26.9873542467962
"48397","Texas","TX","Rockwall County",3625560.75946037,11805650.312566,42.7639620734292
"48399","Texas","TX","Runnels County",28607.4386317547,92535.5154967873,0.336900682830219
"48401","Texas","TX","Rusk County",880147.771610698,2855332.0163628,10.3379638430755
"48403","Texas","TX","Sabine County",98047.096095082,319296.531512327,1.15658362366863
"48405","Texas","TX","San Augustine County",61860.024869378,201465.303348267,0.729743976481608
"48407","Texas","TX","San Jacinto County",462222.88472896,1504538.49868236,5.44925020330598
"48409","Texas","TX","San Patricio County",342860.954968417,1110093.85809772,4.03634374767982
"48411","Texas","TX","San Saba County",23843.5653588847,77573.3365708944,0.28135407123484
"48413","Texas","TX","Schleicher County",3748.88833574311,11950.92265848,0.0428299089942918
"48415","Texas","TX","Scurry County",46013.4166838452,138853.096817992,0.479032452195315
"48417","Texas","TX","Shackelford County",67461.9036935469,219756.740407938,0.796050463583853
"48419","Texas","TX","Shelby County",249870.020253543,811140.949427475,2.93637286245493
"48421","Texas","TX","Sherman County",7995.86559982633,26046.4834929625,0.0943512140779507
"48423","Texas","TX","Smith County",5122097.68847837,16661499.3273735,60.3316995884009
"48425","Texas","TX","Somervell County",46542.5679432429,151605.899765831,0.54917689902909
"48427","Texas","TX","Starr County",287703.223250865,933178.825865278,3.37089618720276
"48429","Texas","TX","Stephens County",39379.1740541106,127794.210742667,0.463124074900572
"48431","Texas","TX","Sterling County",1077.27714210048,3509.22372928272,0.0127118702767856
"48433","Texas","TX","Stonewall County",8504.0767105586,27691.8355800761,0.100295114448556
"48435","Texas","TX","Sutton County",4930.86440757508,16032.9832707705,0.0580582311457554
"48437","Texas","TX","Swisher County",13113.4333732333,42395.8203155197,0.153277292380116
"48439","Texas","TX","Tarrant County",108093407.336798,351301326.298942,1272.60076647693
"48441","Texas","TX","Taylor County",733276.047893068,2385911.97740889,8.63970028455152
"48443","Texas","TX","Terrell County",930.211070408054,2952.47962996733,0.0107096758168898
"48445","Texas","TX","Terry County",107160.790192792,344756.890539295,1.25177796487463
"48447","Texas","TX","Throckmorton County",17060.1153139485,55473.5731122265,0.200957512190128
"48449","Texas","TX","Titus County",128688.754907944,408493.538620201,1.45732107056277
"48451","Texas","TX","Tom Green County",410805.054400334,1335823.75396755,4.83662521497962
"48453","Texas","TX","Travis County",70146968.6708003,227030306.11337,821.88813140674
"48455","Texas","TX","Trinity County",203829.712890875,662849.285254011,2.40000243582614
"48457","Texas","TX","Tyler County",212089.363015708,682182.614926201,2.45320590716702
"48459","Texas","TX","Upshur County",630008.241832172,2044808.04847096,7.39903226851041
"48461","Texas","TX","Upton County",10521.7994286014,34270.0623305144,0.124141311651213
"48463","Texas","TX","Uvalde County",196015.428132878,638066.212682189,2.31073458692868
"48465","Texas","TX","Val Verde County",464746.235380052,1511778.04070574,5.47259005107207
"48467","Texas","TX","Van Zandt County",683413.276044019,2223072.81427547,8.04524374370078
"48469","Texas","TX","Victoria County",1020817.53866598,3323824.57129229,12.0378958263021
"48471","Texas","TX","Walker County",1789565.88084488,5828426.4217443,21.1114076796458
"48473","Texas","TX","Waller County",2879355.82250177,9361443.43132403,33.9085387331224
"48475","Texas","TX","Ward County",82061.822058596,264878.985566259,0.957831569201047
"48477","Texas","TX","Washington County",1425904.84413386,4644160.64498598,16.8211321221837
"48479","Texas","TX","Webb County",1442394.70481333,4677923.2835743,16.9278662299
"48481","Texas","TX","Wharton County",1697098.03702476,5527749.30825026,20.0223841141756
"48483","Texas","TX","Wheeler County",4542.89351303365,14752.642251091,0.0533668262122049
"48485","Texas","TX","Wichita County",867324.091536565,2797977.13703618,10.0949452950155
"48487","Texas","TX","Wilbarger County",101504.143116119,330542.863442119,1.19730466812817
"48489","Texas","TX","Willacy County",132538.328270123,423587.804625281,1.52147012462022
"48491","Texas","TX","Williamson County",19349636.1102816,62992535.4914486,228.153769928732
"48493","Texas","TX","Wilson County",1556801.65617119,5071021.85331267,18.3689178460147
"48495","Texas","TX","Winkler County",25211.4229504221,82121.1277018016,0.29747132900449
"48497","Texas","TX","Wise County",695926.71283188,2266533.25531623,8.20849620887127
"48499","Texas","TX","Wood County",572490.10371327,1864220.89304029,6.74848400889901
"48501","Texas","TX","Yoakum County",41905.0508624049,106850.221598774,0.380814137077157
"48503","Texas","TX","Young County",1189337.53668436,2701267.27296426,10.2951735819167
"48505","Texas","TX","Zapata County",110665.462420843,356971.743015838,1.28757770428989
"48507","Texas","TX","Zavala County",132982.389372681,433180.328666352,1.56915019343076
"49001","Utah","UT","Beaver County",48913.6518274545,134336.202005111,0.561828201127078
"49003","Utah","UT","Box Elder County",1815322.92664343,4985719.74306105,20.8678788270415
"49005","Utah","UT","Cache County",9585568.18911977,26319762.2060293,109.891930636647
"49007","Utah","UT","Carbon County",522560.696435372,1438125.02578568,6.00408156229674
"49009","Utah","UT","Daggett County",12677.0771803211,34820.0130428923,0.145771640905692
"49011","Utah","UT","Davis County",36431064.4491143,100082174.388081,418.669879943197
"49013","Utah","UT","Duchesne County",104788.403181198,288299.401857219,1.19947521750085
"49015","Utah","UT","Emery County",62154.8752138329,170709.046755819,0.713850207927099
"49017","Utah","UT","Garfield County",37430.9972133528,103090.84813707,0.429608676823315
"49019","Utah","UT","Grand County",71426.055550246,196248.180561924,0.820707199831882
"49021","Utah","UT","Iron County",466402.371628084,1282226.72817173,5.34261259645117
"49023","Utah","UT","Juab County",162866.75264241,447232.734447419,1.8713737975247
"49025","Utah","UT","Kane County",86582.9674658184,239904.976153029,0.996495410757888
"49027","Utah","UT","Millard County",131672.475573347,361828.889461398,1.51157600802171
"49029","Utah","UT","Morgan County",632174.029599764,1736344.57577077,7.26849133177549
"49031","Utah","UT","Piute County",23725.532653684,65165.5735876559,0.27282894099243
"49033","Utah","UT","Rich County",35955.7815536067,98769.7832153665,0.41308639065203
"49035","Utah","UT","Salt Lake County",175029427.327368,480772457.979393,2011.27168781655
"49037","Utah","UT","San Juan County",213047.712210571,587545.492932406,2.41076043206801
"49039","Utah","UT","Sanpete County",283221.813619961,782619.161039718,3.20612220614762
"49041","Utah","UT","Sevier County",281916.369434606,777243.402091039,3.23564161909227
"49043","Utah","UT","Summit County",5791254.00942142,15888707.9879411,66.3654269226612
"49045","Utah","UT","Tooele County",4226666.21351443,11607319.2307743,48.4730503769221
"49047","Utah","UT","Uintah County",367997.0207026,1011296.47787494,4.22928711536516
"49049","Utah","UT","Utah County",23292710.5728455,63997561.2699546,266.721027667348
"49051","Utah","UT","Wasatch County",2756469.54596107,7586090.77978473,31.6502052993094
"49053","Utah","UT","Washington County",1395323.8165065,3847656.67420829,15.9310829150415
"49055","Utah","UT","Wayne County",46864.0221014356,128719.429689037,0.53893625416651
"49057","Utah","UT","Weber County",10595089.3686798,29114087.5179274,121.625819472406
"50001","Vermont","VT","Addison County",3228600.94023371,7409996.22115423,24.2734067045406
"50003","Vermont","VT","Bennington County",591659.189603516,1382827.27585952,4.47721436204787
"50005","Vermont","VT","Caledonia County",915225.261029905,2163222.07694183,6.64520063215228
"50007","Vermont","VT","Chittenden County",46977545.0815943,108015746.345143,352.693074466156
"50009","Vermont","VT","Essex County",242595.563879271,581896.768624583,1.725892444791
"50011","Vermont","VT","Franklin County",4695934.43772224,10787738.7943367,35.2943896880998
"50013","Vermont","VT","Grand Isle County",1227259.0023056,2818215.14096088,9.2313757881113
"50015","Vermont","VT","Lamoille County",1299819.80988198,3012215.16645148,9.65742761920464
"50017","Vermont","VT","Orange County",12103845.4511984,29168356.5496234,85.1090468201307
"50019","Vermont","VT","Orleans County",698505.969045177,1628187.84941858,5.19141125280481
"50021","Vermont","VT","Rutland County",2414224.76191527,5626033.00551683,17.9980175490022
"50023","Vermont","VT","Washington County",4275692.0328523,9950795.48805355,31.8042577532901
"50025","Vermont","VT","Windham County",1042524.64460514,2399704.18362139,7.81117760123854
"50027","Vermont","VT","Windsor County",22955788.9304323,55320964.7470967,161.288018622128
"51001","Virginia","VA","Accomack County",559312.41506755,1439706.19546722,4.14656904689753
"51003","Virginia","VA","Albemarle County",64220471.5391159,177268419.665499,545.646050580855
"51005","Virginia","VA","Alleghany County",824075.727781739,2174332.1252863,7.33894323031903
"51007","Virginia","VA","Amelia County",606689.458302574,1650670.4142305,5.2592150737997
"51009","Virginia","VA","Amherst County",940042.191365185,2580103.98692838,8.0230684266379
"51011","Virginia","VA","Appomattox County",569196.901131647,1533778.68714609,4.97994851948762
"51013","Virginia","VA","Arlington County",34713373.4605093,79142818.9598391,195.4721696709
"51015","Virginia","VA","Augusta County",5264107.7971174,14427011.5317509,45.2398718539303
"51017","Virginia","VA","Bath County",203202.491601057,534821.645292746,1.7670063512612
"51019","Virginia","VA","Bedford County",1834391.64793844,4943146.30449983,16.097362661058
"51021","Virginia","VA","Bland County",158103.160447858,428275.699000291,1.38349242253631
"51023","Virginia","VA","Botetourt County",1229643.36975571,3379829.43241483,10.476717600579
"51025","Virginia","VA","Brunswick County",125126.944653567,340064.286805036,1.08653784786679
"51027","Virginia","VA","Buchanan County",247151.827719134,676283.331874025,2.14654250639701
"51029","Virginia","VA","Buckingham County",2020387.99669692,5566020.36199302,17.1811664509965
"51031","Virginia","VA","Campbell County",1445948.40452733,3887548.33547181,12.7829217818573
"51033","Virginia","VA","Caroline County",1391966.09184723,3688183.1151256,10.8591760762732
"51035","Virginia","VA","Carroll County",834909.790355869,2222910.82727927,7.40107793288122
"51036","Virginia","VA","Charles City County",213486.398885762,589182.863743367,1.81339898526657
"51037","Virginia","VA","Charlotte County",345509.976046808,952804.274139702,2.94005402467287
"51041","Virginia","VA","Chesterfield County",24762661.7325672,67157458.9361904,208.255197134868
"51043","Virginia","VA","Clarke County",1382031.20339433,3314693.33515055,11.1867588506534
"51045","Virginia","VA","Craig County",252283.660510079,697136.931999767,2.14473492008025
"51047","Virginia","VA","Culpeper County",2712731.0540078,7284538.39562923,21.7613702085464
"51049","Virginia","VA","Cumberland County",521777.826334621,1430813.99958773,4.44074487561992
"51051","Virginia","VA","Dickenson County",172110.02179655,474276.1050296,1.47261308630228
"51053","Virginia","VA","Dinwiddie County",644092.446969609,1767722.26902483,5.47134889426351
"51057","Virginia","VA","Essex County",636460.597153732,1714300.41558571,5.19894566822062
"51059","Virginia","VA","Fairfax County",154654591.811034,381934870.378623,1122.76221782892
"51061","Virginia","VA","Fauquier County",8084069.31653126,20717623.2595197,65.0329420603575
"51063","Virginia","VA","Floyd County",1195587.08956324,3302971.05580182,10.1632674179067
"51065","Virginia","VA","Fluvanna County",10166972.1905483,28063427.2718924,86.4134105195533
"51067","Virginia","VA","Franklin County",1245832.02261786,3382459.97392598,10.7822216168215
"51069","Virginia","VA","Frederick County",2800199.06794177,7464148.56176509,23.7800227317324
"51071","Virginia","VA","Giles County",2006675.7523717,5538999.74231444,17.0845222692433
"51073","Virginia","VA","Gloucester County",514334.479756796,1387474.89682207,4.35947956426133
"51075","Virginia","VA","Goochland County",1731592.07740039,4650774.95737223,14.9478381216403
"51077","Virginia","VA","Grayson County",221751.565090768,599342.89930637,1.94535678315853
"51079","Virginia","VA","Greene County",6933848.87611078,19140227.7981625,58.9360437805851
"51081","Virginia","VA","Greensville County",147708.174431542,399129.763423399,1.18870518012258
"51083","Virginia","VA","Halifax County",839435.475561567,2208783.94085909,7.55372269221897
"51085","Virginia","VA","Hanover County",8063476.84306641,21838291.8235008,68.0328776992857
"51087","Virginia","VA","Henrico County",30233259.3754111,82884862.5339418,256.956090521796
"51089","Virginia","VA","Henry County",859665.23892041,2320530.03963858,7.54890351096186
"51091","Virginia","VA","Highland County",52891.2445518882,144597.40226371,0.449321021604862
"51093","Virginia","VA","Isle of Wight County",544732.285704396,1490114.75397498,4.6312020817863
"51095","Virginia","VA","James City County",1711447.45269751,4661484.22301448,14.4249103847458
"51097","Virginia","VA","King and Queen County",374397.979471699,1003222.77947533,3.00349026792855
"51099","Virginia","VA","King George County",860738.16544808,2141712.29777137,5.83994877251685
"51101","Virginia","VA","King William County",551656.492105464,1465852.90041533,4.47065035640941
"51103","Virginia","VA","Lancaster County",299946.503714003,767097.818728916,2.23281969557833
"51105","Virginia","VA","Lee County",139782.919628732,382654.734642987,1.22904189181054
"51107","Virginia","VA","Loudoun County",56839087.1005748,140491363.43104,453.808091578298
"51109","Virginia","VA","Louisa County",5510859.17567091,15177402.4249041,46.7649727586287
"51111","Virginia","VA","Lunenburg County",175548.923818844,459359.563285094,1.60739950816806
"51113","Virginia","VA","Madison County",1281578.92701161,3533709.9519101,10.8845585807883
"51115","Virginia","VA","Mathews County",139885.12000698,383959.620094606,1.18324767291029
"51117","Virginia","VA","Mecklenburg County",378966.894290752,1012798.18731189,3.36041793857594
"51119","Virginia","VA","Middlesex County",390789.734596586,1040886.14482819,3.17077761511191
"51121","Virginia","VA","Montgomery County",21835400.4776933,60304421.4688102,185.757267458175
"51125","Virginia","VA","Nelson County",3182247.10496704,8789909.04594053,27.0475587536355
"51127","Virginia","VA","New Kent County",1117129.83883906,3083301.53903222,9.55804650578381
"51131","Virginia","VA","Northampton County",274771.810405723,722840.442075281,2.17539342983448
"51133","Virginia","VA","Northumberland County",271226.918841063,695776.734670288,2.14032253657954
"51135","Virginia","VA","Nottoway County",424665.041997562,1162283.89132111,3.6426989103925
"51137","Virginia","VA","Orange County",4012497.91807338,11026114.406412,33.8714081631672
"51139","Virginia","VA","Page County",990945.705090117,2726389.28606581,8.36133225480202
"51141","Virginia","VA","Patrick County",281607.835202187,759406.206990947,2.47713150113899
"51143","Virginia","VA","Pittsylvania County",1421782.17007255,3765551.71452342,12.6713913990874
"51145","Virginia","VA","Powhatan County",1203174.44557488,3283369.71788202,9.97812787349248
"51147","Virginia","VA","Prince Edward County",909964.603311609,2486763.13525744,7.9031019018471
"51149","Virginia","VA","Prince George County",944062.618827853,2555432.69553342,7.95206573744006
"51153","Virginia","VA","Prince William County",44008492.3277673,114275307.117811,338.527894768953
"51155","Virginia","VA","Pulaski County",4501811.14457101,12430134.6948375,38.3102782428795
"51157","Virginia","VA","Rappahannock County",299455.661552194,820376.58002636,2.52914701648366
"51159","Virginia","VA","Richmond County",607207.819704471,1561904.26558062,5.34239801878829
"51161","Virginia","VA","Roanoke County",4373600.15295507,11868076.1207402,38.0099889356784
"51163","Virginia","VA","Rockbridge County",993711.764797657,2707303.07232972,8.55767284997128
"51165","Virginia","VA","Rockingham County",4412756.97333229,11921645.4115775,38.3026930846096
"51167","Virginia","VA","Russell County",208872.999410008,577666.08685111,1.8172317587729
"51169","Virginia","VA","Scott County",197937.479895672,543196.005932831,1.7486684987604
"51171","Virginia","VA","Shenandoah County",1360679.22516243,3625851.75491482,11.1693073094699
"51173","Virginia","VA","Smyth County",373106.497197003,1012968.8629058,3.2413836561202
"51175","Virginia","VA","Southampton County",269097.116906071,733546.581876404,2.26119508107846
"51177","Virginia","VA","Spotsylvania County",6688895.6292584,17793605.763113,52.7982990010259
"51179","Virginia","VA","Stafford County",6686322.61148534,17360336.4825724,49.9019752763311
"51181","Virginia","VA","Surry County",120755.810852845,321859.513139597,0.959995451210453
"51183","Virginia","VA","Sussex County",813661.655242291,2064830.57744494,7.75252031690631
"51185","Virginia","VA","Tazewell County",900632.13297366,2367051.57843052,8.20375679102194
"51187","Virginia","VA","Warren County",4198898.44049453,10553980.1845713,34.4018140057317
"51191","Virginia","VA","Washington County",638942.985679041,1735378.68037897,5.64333101544774
"51193","Virginia","VA","Westmoreland County",430580.735828176,1102683.0866064,3.10298617691578
"51195","Virginia","VA","Wise County",293286.475159791,799263.362072536,2.55792116723463
"51197","Virginia","VA","Wythe County",1205413.87801313,3303090.39694453,10.3354318913948
"51199","Virginia","VA","York County",1543793.86905836,4215047.71719059,13.0895873449256
"51510","Virginia","VA","Alexandria city",16265155.9573943,37304988.4754662,89.3071487122187
"51520","Virginia","VA","Bristol city",253412.180364711,686715.483664185,2.2591002031829
"51530","Virginia","VA","Buena Vista city",138148.239681457,379931.470925928,1.15859626692076
"51540","Virginia","VA","Charlottesville city",40848312.6519553,112787931.523999,347.079822649466
"51550","Virginia","VA","Chesapeake city",4303558.62265672,11618398.7114374,37.2426980867829
"51570","Virginia","VA","Colonial Heights city",574434.205619572,1563826.85830341,4.94003724329867
"51580","Virginia","VA","Covington city",288518.800691078,793943.95678545,2.43741072893815
"51590","Virginia","VA","Danville city",1257003.43994768,3434307.23778697,10.7877275347759
"51595","Virginia","VA","Emporia city",155723.154700826,419548.058847552,1.35419927426298
"51600","Virginia","VA","Fairfax city",3650963.10339534,9458314.38885308,28.1154067903815
"51610","Virginia","VA","Falls Church city",1709609.94335191,4029149.69601657,10.8072402960576
"51620","Virginia","VA","Franklin city",128634.01917885,339560.632610284,1.15149238940292
"51630","Virginia","VA","Fredericksburg city",980763.418513895,2571413.35712558,7.53478695508035
"51640","Virginia","VA","Galax city",203444.81773853,550935.074813489,1.793577330615
"51650","Virginia","VA","Hampton city",3881417.12406879,10605154.3633312,32.7169624569202
"51660","Virginia","VA","Harrisonburg city",2533374.77511614,6885433.44612272,21.3620912746491
"51670","Virginia","VA","Hopewell city",364498.480321097,987582.275306202,3.01306096222925
"51678","Virginia","VA","Lexington city",269139.776568563,739057.334343068,2.27660358690908
"51680","Virginia","VA","Lynchburg city",2682925.13527556,7167720.59530218,23.7566992226699
"51683","Virginia","VA","Manassas city",5267869.0459293,14101135.0674633,42.252337347247
"51685","Virginia","VA","Manassas Park city",2659805.53361361,6533536.62498032,21.5709494136533
"51690","Virginia","VA","Martinsville city",274003.1785348,748269.891436799,2.39813480765827
"51700","Virginia","VA","Newport News city",4073222.44523377,11048998.7837272,34.259494882817
"51710","Virginia","VA","Norfolk city",6306718.80340166,17034766.7657371,54.4901454635267
"51720","Virginia","VA","Norton city",51708.0138438091,142821.972337919,0.440077460059493
"51730","Virginia","VA","Petersburg city",744796.927689345,2031695.86682234,6.17489826629536
"51735","Virginia","VA","Poquoson city",297599.349020952,812175.358828939,2.48112427136154
"51740","Virginia","VA","Portsmouth city",1503247.70657552,4093767.3182876,12.5285078312375
"51750","Virginia","VA","Radford city",3958801.42122166,10922076.0319162,33.6682034274467
"51760","Virginia","VA","Richmond city",34562796.9011898,95128321.433367,293.64737836881
"51770","Virginia","VA","Roanoke city",2766471.54674663,7565926.50301544,23.641372990057
"51775","Virginia","VA","Salem city",796023.684132739,2189903.47974033,6.7720144313727
"51790","Virginia","VA","Staunton city",1785455.3883249,4906303.10012208,15.246229165142
"51800","Virginia","VA","Suffolk city",1835910.84772184,4942375.64610781,15.8221346582449
"51810","Virginia","VA","Virginia Beach city",9139854.52281277,24540825.7970199,76.9319633610165
"51820","Virginia","VA","Waynesboro city",3426841.34970969,9457935.07968331,29.1652380262021
"51830","Virginia","VA","Williamsburg city",443436.469432,1207088.49657409,3.74447438114544
"51840","Virginia","VA","Winchester city",2271936.38921629,5489850.23383054,19.2011097583304
"53001","Washington","WA","Adams County",707716.717013609,1728905.37048773,5.53493368034049
"53003","Washington","WA","Asotin County",749657.396248191,2077618.42233797,6.02997383436185
"53005","Washington","WA","Benton County",18218471.3589454,44074947.8475447,142.256250110448
"53007","Washington","WA","Chelan County",4022080.64422107,9747131.23811961,31.3224148078639
"53009","Washington","WA","Clallam County",4908066.84236023,11877338.1344436,38.3284155588428
"53011","Washington","WA","Clark County",33618821.2748829,81553777.2385512,282.852991011567
"53013","Washington","WA","Columbia County",22386.0267784239,72250.9375313165,0.190807397252239
"53015","Washington","WA","Cowlitz County",4371819.44534909,10590200.4970702,35.251559669274
"53017","Washington","WA","Douglas County",1475006.98797059,3574867.13988371,11.5360620305959
"53019","Washington","WA","Ferry County",345537.544916214,844640.398342695,2.70285973705328
"53021","Washington","WA","Franklin County",4726235.17504339,11432107.1133035,36.8767845806645
"53023","Washington","WA","Garfield County",135899.856958722,334117.337552533,1.06452338273
"53025","Washington","WA","Grant County",1882973.51951983,4611610.72936192,14.7259605266846
"53027","Washington","WA","Grays Harbor County",3989393.35541515,9659823.21370843,31.1718288104344
"53029","Washington","WA","Island County",4863278.49833862,11773715.4555479,38.0238715817773
"53031","Washington","WA","Jefferson County",706010.467098723,1710802.94485788,5.54526231223528
"53033","Washington","WA","King County",976966358.514283,2361739675.43234,7622.55260757697
"53035","Washington","WA","Kitsap County",31954742.3683146,77331505.1496896,249.692038978827
"53037","Washington","WA","Kittitas County",2423806.7367982,5875686.31087373,18.8901885961373
"53039","Washington","WA","Klickitat County",286214.886825747,693885.644309943,2.38468684808063
"53041","Washington","WA","Lewis County",3611360.00674333,8745225.86961401,28.2690488859863
"53043","Washington","WA","Lincoln County",1409882.30542974,3414680.67278374,11.0027417586698
"53045","Washington","WA","Mason County",3294392.10318468,7963795.927898,25.7297673332486
"53047","Washington","WA","Okanogan County",1032189.68527536,2497974.63636539,8.01169518373833
"53049","Washington","WA","Pacific County",344414.443122414,833129.412942416,2.7224313393077
"53051","Washington","WA","Pend Oreille County",1120876.92834211,2740563.60123136,8.76790047502884
"53053","Washington","WA","Pierce County",49250044.5735791,119227330.37281,384.822189047531
"53055","Washington","WA","San Juan County",686991.217377934,1660732.14705593,5.35834457142493
"53057","Washington","WA","Skagit County",10507896.6008125,25424104.8274337,82.0727545921399
"53059","Washington","WA","Skamania County",340625.846173447,829566.075155466,2.87592041442288
"53061","Washington","WA","Snohomish County",192944260.415547,466469685.546749,1505.1533709377
"53063","Washington","WA","Spokane County",15172861.6075816,36947077.3880415,119.191772505238
"53065","Washington","WA","Stevens County",777738.13069514,1915074.13672356,6.11553576654939
"53067","Washington","WA","Thurston County",10892852.246832,26373538.9924856,85.2232890161667
"53069","Washington","WA","Wahkiakum County",29272.0416498968,70944.9318304464,0.245890399115766
"53071","Washington","WA","Walla Walla County",5499088.30121361,13365232.2035561,42.9356070438341
"53073","Washington","WA","Whatcom County",7915753.9003959,19200841.3031981,62.0198472570669
"53075","Washington","WA","Whitman County",16546921.8072872,41221421.39092,130.063755907913
"53077","Washington","WA","Yakima County",6994385.74839895,16957883.2728312,54.6728187147546
"54001","West Virginia","WV","Barbour County",334016.798768889,924655.879903843,2.59313752382358
"54003","West Virginia","WV","Berkeley County",20596401.7523048,45838876.4063853,172.053432527231
"54005","West Virginia","WV","Boone County",120073.536937319,324199.239346324,1.00786273322458
"54007","West Virginia","WV","Braxton County",406995.900831392,1119753.95368771,3.08046896962556
"54009","West Virginia","WV","Brooke County",333925.325219099,885096.558502034,2.70036665745962
"54011","West Virginia","WV","Cabell County",3741428.8690145,10437849.9778761,29.1973919291443
"54013","West Virginia","WV","Calhoun County",67699.6557012448,178533.710730622,0.591864957435131
"54015","West Virginia","WV","Clay County",17748.5755756623,49505.0357066562,0.137268685821019
"54017","West Virginia","WV","Doddridge County",249289.567740752,691678.863782423,1.95617718364155
"54019","West Virginia","WV","Fayette County",462416.832892961,1217237.60163236,3.73582829151357
"54021","West Virginia","WV","Gilmer County",175003.151059266,480756.944103797,1.34754838036003
"54023","West Virginia","WV","Grant County",297901.466252823,736621.946667256,2.44841003886112
"54025","West Virginia","WV","Greenbrier County",298851.359836784,816852.19599284,2.39393522667447
"54027","West Virginia","WV","Hampshire County",3833272.74324095,8546347.4664992,32.0242198513999
"54029","West Virginia","WV","Hancock County",1205133.19794937,3010225.04414051,9.99110478488302
"54031","West Virginia","WV","Hardy County",1276323.96929795,2845367.59294406,10.6607109302962
"54033","West Virginia","WV","Harrison County",2707306.17295974,7448578.6971168,21.3102151022081
"54035","West Virginia","WV","Jackson County",171045.222583994,458954.074027974,1.37428684262855
"54037","West Virginia","WV","Jefferson County",11291649.0915433,25335952.2204875,94.4289315560345
"54039","West Virginia","WV","Kanawha County",1402250.60610061,3794206.2941792,11.877370109766
"54041","West Virginia","WV","Lewis County",321693.299880866,891834.074134002,2.48388939513528
"54043","West Virginia","WV","Lincoln County",148598.787018474,409197.292496171,1.16341071006906
"54045","West Virginia","WV","Logan County",201125.894816858,549662.410274545,1.64655977761817
"54047","West Virginia","WV","McDowell County",87913.8988527575,241900.683069989,0.749105158196288
"54049","West Virginia","WV","Marion County",4553073.1213382,12697450.5218069,35.3511315888
"54051","West Virginia","WV","Marshall County",922979.20389344,2348606.34405975,7.62819003179217
"54053","West Virginia","WV","Mason County",299904.814201529,833269.961014327,2.33853887026807
"54055","West Virginia","WV","Mercer County",816035.347822237,2136799.11048109,6.84435314670683
"54057","West Virginia","WV","Mineral County",1669542.29377989,3819278.08434375,13.8248790515724
"54059","West Virginia","WV","Mingo County",116145.536392515,309881.530123149,1.00905113210434
"54061","West Virginia","WV","Monongalia County",19260251.6490255,53422897.9676685,149.123657282169
"54063","West Virginia","WV","Monroe County",249824.817711124,690746.677536162,2.09976060444216
"54065","West Virginia","WV","Morgan County",510952.107406326,1206568.40244002,4.18173777774122
"54067","West Virginia","WV","Nicholas County",146142.288966708,378435.258907837,1.20310796011992
"54069","West Virginia","WV","Ohio County",1646921.01702793,4218056.6418477,13.6606566737735
"54071","West Virginia","WV","Pendleton County",143173.622595793,345793.88942397,1.09310333087359
"54073","West Virginia","WV","Pleasants County",122884.207820633,336254.28908308,1.03956004735444
"54075","West Virginia","WV","Pocahontas County",20620.6236694294,52489.6303210139,0.172525981756488
"54077","West Virginia","WV","Preston County",3896632.23552955,10663142.5459356,30.3667823591006
"54079","West Virginia","WV","Putnam County",400262.992388141,1110598.93709375,3.10258887262185
"54081","West Virginia","WV","Raleigh County",549130.943956899,1525673.21770391,4.45054114073054
"54083","West Virginia","WV","Randolph County",255422.115772802,672906.66750604,2.04840153558851
"54085","West Virginia","WV","Ritchie County",16613.9647310929,45279.1205439178,0.141496715886157
"54087","West Virginia","WV","Roane County",154651.297442698,416796.344191403,1.22529041218409
"54089","West Virginia","WV","Summers County",389967.770612606,985486.34581975,3.28577679440348
"54091","West Virginia","WV","Taylor County",1065247.03783942,2860239.35813838,8.43176145332045
"54093","West Virginia","WV","Tucker County",1851655.71246772,4182407.52038217,15.3921855081767
"54095","West Virginia","WV","Tyler County",53107.1099039348,147974.316412486,0.409375619888852
"54097","West Virginia","WV","Upshur County",370996.201650814,1026884.38539791,2.86283260556549
"54099","West Virginia","WV","Wayne County",1112941.8157471,3108349.31406352,8.57250833161418
"54101","West Virginia","WV","Webster County",67413.9791694068,183163.558038881,0.524523126193993
"54103","West Virginia","WV","Wetzel County",58981.0675340938,146576.695488963,0.485996356803167
"54105","West Virginia","WV","Wirt County",92445.7354544865,251496.762939864,0.671604387982749
"54107","West Virginia","WV","Wood County",716413.006559297,1928528.06930243,6.09558075702697
"54109","West Virginia","WV","Wyoming County",64987.2176786228,178367.696923244,0.525048511533889
"55001","Wisconsin","WI","Adams County",353763.747662287,845887.105399399,3.3012251901008
"55003","Wisconsin","WI","Ashland County",120476.566826649,291046.657099771,1.11669653600227
"55005","Wisconsin","WI","Barron County",823552.322222865,1976498.15060525,7.66480068107002
"55007","Wisconsin","WI","Bayfield County",111359.487681494,270900.810136375,1.02103695871416
"55009","Wisconsin","WI","Brown County",6147375.72673625,14768628.3012488,57.5169769261086
"55011","Wisconsin","WI","Buffalo County",289365.01358951,712367.881208976,2.6453123990455
"55013","Wisconsin","WI","Burnett County",210115.355260402,499806.393104558,1.96976257462964
"55015","Wisconsin","WI","Calumet County",906255.848241354,2190872.41051085,8.5442381066553
"55017","Wisconsin","WI","Chippewa County",826478.767291524,2025780.40685273,7.63499196316726
"55019","Wisconsin","WI","Clark County",291701.852198829,700401.800339625,2.71294486933385
"55021","Wisconsin","WI","Columbia County",9656198.62104229,22939492.7530405,90.6715511572719
"55023","Wisconsin","WI","Crawford County",177997.819047153,436466.696820932,1.63515229428203
"55025","Wisconsin","WI","Dane County",303010174.268586,718179312.494175,2848.13158822576
"55027","Wisconsin","WI","Dodge County",3923258.57585404,9413021.58956806,36.8296535100278
"55029","Wisconsin","WI","Door County",384345.508370848,936531.387064733,3.61098012460324
"55031","Wisconsin","WI","Douglas County",589463.903491796,1431975.30414564,5.4280440467176
"55033","Wisconsin","WI","Dunn County",707316.907099112,1701531.62116761,6.55434597520447
"55035","Wisconsin","WI","Eau Claire County",1894692.37310758,4620757.42183704,17.4337920158811
"55037","Wisconsin","WI","Florence County",13229.8227278205,33886.6721206361,0.133398223751993
"55039","Wisconsin","WI","Fond du Lac County",2880788.99047196,6857119.03506352,27.0362683843511
"55041","Wisconsin","WI","Forest County",505390.164622918,1197967.37829596,4.74678030747814
"55043","Wisconsin","WI","Grant County",2595520.41762518,6180390.24774449,24.3516755770281
"55045","Wisconsin","WI","Green County",3597874.08766749,8544531.46936,33.7826386753484
"55047","Wisconsin","WI","Green Lake County",860417.475139389,2058275.03331415,8.08966309408881
"55049","Wisconsin","WI","Iowa County",2246065.69527514,5329753.83567143,21.0861126638986
"55051","Wisconsin","WI","Iron County",210549.684946522,501448.469894336,1.97069748871927
"55053","Wisconsin","WI","Jackson County",167181.369440557,406112.053541913,1.54311093683513
"55055","Wisconsin","WI","Jefferson County",4581913.25086111,10904645.7513663,43.0858529807176
"55057","Wisconsin","WI","Juneau County",424539.091258568,1013851.72906216,3.9683939684012
"55059","Wisconsin","WI","Kenosha County",4021295.30735327,10256581.0871064,38.4237950311866
"55061","Wisconsin","WI","Kewaunee County",213245.709995359,519900.43806056,1.97926639872097
"55063","Wisconsin","WI","La Crosse County",1808877.99612308,4392905.00811635,16.7469916606307
"55065","Wisconsin","WI","Lafayette County",768220.824489208,1827228.73289318,7.17178586165131
"55067","Wisconsin","WI","Langlade County",696899.347472537,1652933.87640621,6.5497709139713
"55069","Wisconsin","WI","Lincoln County",621907.878637197,1480380.27994086,5.82508643144345
"55071","Wisconsin","WI","Manitowoc County",1191174.05516347,2891393.40407484,11.1448836703834
"55073","Wisconsin","WI","Marathon County",5008755.05369383,11896671.2126933,46.9674973235308
"55075","Wisconsin","WI","Marinette County",768142.505239597,1850561.68384018,7.17021261006665
"55077","Wisconsin","WI","Marquette County",562929.5861922,1336564.67842573,5.28256270843492
"55078","Wisconsin","WI","Menominee County",29515.2426802245,71244.8215058619,0.273569475243094
"55079","Wisconsin","WI","Milwaukee County",99988276.9275696,237771381.250983,939.674647186252
"55081","Wisconsin","WI","Monroe County",422757.202297448,1033488.88607938,3.88257957752531
"55083","Wisconsin","WI","Oconto County",794591.030561052,1902570.70348013,7.45660977283603
"55085","Wisconsin","WI","Oneida County",1131781.07382919,2687783.3924046,10.6163249447752
"55087","Wisconsin","WI","Outagamie County",4108408.54842653,9896529.07796477,38.5416536424652
"55089","Wisconsin","WI","Ozaukee County",7298466.92358463,17451487.1156064,68.5431258282448
"55091","Wisconsin","WI","Pepin County",268269.837347167,659844.244266596,2.45064775882613
"55093","Wisconsin","WI","Pierce County",1702889.79195539,4106131.57269123,15.7765183762884
"55095","Wisconsin","WI","Polk County",1300483.88357315,3169545.31172889,11.9618269904449
"55097","Wisconsin","WI","Portage County",1660883.15664949,3962754.3823293,15.4961145843697
"55099","Wisconsin","WI","Price County",156940.738894615,380213.259509465,1.4502978662123
"55101","Wisconsin","WI","Racine County",6456713.87265405,15572931.6447552,60.8896201167581
"55103","Wisconsin","WI","Richland County",2002214.81050503,4744359.91087002,18.8099258455142
"55105","Wisconsin","WI","Rock County",8842331.7002404,21169591.6880168,83.145436672696
"55107","Wisconsin","WI","Rusk County",231293.228219148,551187.745142648,2.16483534101415
"55109","Wisconsin","WI","St. Croix County",3680223.92470491,9049329.18154198,33.6393945601275
"55111","Wisconsin","WI","Sauk County",9057214.62677178,21510638.0871544,85.1033644256666
"55113","Wisconsin","WI","Sawyer County",249558.645751077,594587.223898872,2.33623745679005
"55115","Wisconsin","WI","Shawano County",1068546.28298621,2543880.51683693,10.0426110829595
"55117","Wisconsin","WI","Sheboygan County",2017770.4270311,4880981.64944819,18.882234158244
"55119","Wisconsin","WI","Taylor County",356891.766712319,862067.33341305,3.30689810749596
"55121","Wisconsin","WI","Trempealeau County",583755.046116923,1405564.34133007,5.41951897114784
"55123","Wisconsin","WI","Vernon County",427981.241862213,1037713.00275263,3.95316093104474
"55125","Wisconsin","WI","Vilas County",987152.909463309,2341333.96623399,9.26714059294681
"55127","Wisconsin","WI","Walworth County",5190917.06455325,12347164.2231133,48.8124979693552
"55129","Wisconsin","WI","Washburn County",257836.628562683,624294.886456173,2.40786922394674
"55131","Wisconsin","WI","Washington County",14212966.5519833,33860045.5835442,133.523474720226
"55133","Wisconsin","WI","Waukesha County",47664172.6917368,113482796.596107,447.902700460171
"55135","Wisconsin","WI","Waupaca County",1020952.6539924,2432953.3034582,9.5613107366621
"55137","Wisconsin","WI","Waushara County",449362.563679673,1068371.22507637,4.212557536462
"55139","Wisconsin","WI","Winnebago County",5840345.21577742,13891006.4473146,54.8083120645992
"55141","Wisconsin","WI","Wood County",6980948.78278911,16553884.3551199,65.5504566352519
"56001","Wyoming","WY","Albany County",10036259.5258323,38905885.1199151,78.7868936897401
"56003","Wyoming","WY","Big Horn County",30605.0971347251,100792.831990814,0.268493396320768
"56005","Wyoming","WY","Campbell County",95105.1675480764,294370.630955505,0.901019530686554
"56007","Wyoming","WY","Carbon County",171087.908548716,665998.460742696,1.33768382999729
"56009","Wyoming","WY","Converse County",142534.455042356,469607.714541415,1.27094949127098
"56011","Wyoming","WY","Crook County",56214.3801279908,215982.931653081,0.455964638342615
"56013","Wyoming","WY","Fremont County",164593.925087996,602598.677672588,1.31550300365484
"56015","Wyoming","WY","Goshen County",98299.8077831408,318327.202617009,0.923036940859512
"56017","Wyoming","WY","Hot Springs County",15763.8119718258,44532.6559858728,0.150319067305083
"56019","Wyoming","WY","Johnson County",33314.9323757477,120471.448104315,0.269026216960089
"56021","Wyoming","WY","Laramie County",1735244.5427807,5521927.70950968,15.6280855678325
"56023","Wyoming","WY","Lincoln County",53234.322147571,149429.852171195,0.529296273994489
"56025","Wyoming","WY","Natrona County",616611.395237099,2231859.60568396,5.19887493649473
"56027","Wyoming","WY","Niobrara County",81077.6292012386,313682.883079434,0.649235699013418
"56029","Wyoming","WY","Park County",46312.3116332346,133430.608455566,0.451310418654647
"56031","Wyoming","WY","Platte County",40765.0808817019,158078.486852603,0.319978040308051
"56033","Wyoming","WY","Sheridan County",219070.79880752,787228.417839135,1.85347819908052
"56035","Wyoming","WY","Sublette County",14656.464604285,41223.741989478,0.160477095231163
"56037","Wyoming","WY","Sweetwater County",81114.4205023685,229707.251751934,0.811468920828949
"56039","Wyoming","WY","Teton County",8661.67693589095,27594.6839480673,0.0895164744061079
"56041","Wyoming","WY","Uinta County",19891.8492739848,57070.0421060621,0.190561261093989
"56043","Wyoming","WY","Washakie County",935.563737308149,2937.00988480545,0.00809572760118869
"56045","Wyoming","WY","Weston County",19696.0673353652,54221.7773715291,0.183859989191593
"60010","American Samoa","AS","Eastern District",1374878.57433577,3533437.93604294,12.2364193115884
"66010","Guam","GU","Guam",1896921.86248781,4875089.18659368,16.8826045761415
"72005","Puerto Rico","PR","Aguadilla Municipio",153708.733200804,395031.444326066,1.36800772548716
"72025","Puerto Rico","PR","Caguas Municipio",1187345.78246635,3051478.66093852,10.5673774639505
"72031","Puerto Rico","PR","Carolina Municipio",68987.2509616129,177297.234971345,0.613986533558355
"72035","Puerto Rico","PR","Cayey Municipio",557763.782710256,1433452.92156536,4.96409766612128
"72041","Puerto Rico","PR","Cidra Municipio",921840.239821442,2369129.41634111,8.20437813441083
"72063","Puerto Rico","PR","Gurabo Municipio",77281.8362930889,198614.319273238,0.687808343008491
"72069","Puerto Rico","PR","Humacao Municipio",307024.912147729,789054.024219664,2.73252171811479
"72097","Puerto Rico","PR","Mayagüez Municipio",726301.409278738,1866594.62184636,6.46408254258077
"72113","Puerto Rico","PR","Ponce Municipio",8725247.76417501,22423886.7539298,77.6547051011575
"72117","Puerto Rico","PR","Rincón Municipio",29452.9521971886,75694.0871467747,0.262131274554979
"72127","Puerto Rico","PR","San Juan Municipio",38133295.5847764,98002569.6528754,339.38633070451
"72139","Puerto Rico","PR","Trujillo Alto Municipio",76197.1121492087,195826.578223466,0.678154298127957
"78030","Virgin Islands","VI","St. Thomas Island",537608.647470012,1381654.22399793,4.7847169624831
