"CBSA_FIPS","CBSA_NAME","state_name","state","raw_funding","econ_impact","jobs"
"01011","Bullock County, AL","Alabama","AL",165295.174663137,407417.770864032,1.52250904218262
"01013","Butler County, AL","Alabama","AL",239707.350858261,603576.422225215,2.2596304710154
"01019","Cherokee County, AL","Alabama","AL",203754.70223426,503953.576874513,1.88636885835804
"01023","Choctaw County, AL","Alabama","AL",33240.9116443769,88437.350935439,0.317829251839508
"01025","Clarke County, AL","Alabama","AL",255945.855305877,634389.361748133,2.35721109884531
"01027","Clay County, AL","Alabama","AL",243190.889611824,601983.996714664,2.24178889605593
"01029","Cleburne County, AL","Alabama","AL",175594.341251614,446370.897411883,1.68635909286149
"01035","Conecuh County, AL","Alabama","AL",158310.438883896,401161.802190804,1.48230905227309
"01039","Covington County, AL","Alabama","AL",318106.381449916,795830.623545482,2.92922637048959
"01041","Crenshaw County, AL","Alabama","AL",85068.8040538614,212243.685592469,0.793335135888234
"01053","Escambia County, AL","Alabama","AL",360646.494675454,897930.615523112,3.33958368929536
"01057","Fayette County, AL","Alabama","AL",631657.817892466,1567790.84506496,5.86683888893844
"01075","Lamar County, AL","Alabama","AL",181393.301436247,454906.644427539,1.67793779296354
"01091","Marengo County, AL","Alabama","AL",433832.324202795,1072118.97669124,3.99898962694897
"01093","Marion County, AL","Alabama","AL",558658.843543763,1393688.85670618,5.18993028470537
"01099","Monroe County, AL","Alabama","AL",139319.40100794,346989.690585227,1.28417852483507
"01105","Perry County, AL","Alabama","AL",298257.555376957,741912.913730434,2.76235166762712
"01111","Randolph County, AL","Alabama","AL",331949.014378633,819440.973986012,3.06426283549481
"01119","Sumter County, AL","Alabama","AL",212567.273294989,530837.160493113,1.96477383730369
"01129","Washington County, AL","Alabama","AL",220306.917652964,554553.378755869,2.04155334047707
"01131","Wilcox County, AL","Alabama","AL",65868.1851583085,168541.030318001,0.614743344525472
"01133","Winston County, AL","Alabama","AL",798182.012738055,1994119.06322729,7.46876772825043
"02013","Aleutians East Borough, AK","Alaska","AK",2522.44468864396,6280.38478114378,0.0196771968760311
"02016","Aleutians West Census Area, AK","Alaska","AK",2975.72870476925,9576.54942727034,0.0232735622922601
"02050","Bethel Census Area, AK","Alaska","AK",214306.63070945,851438.889192434,1.67187287354597
"02060","Bristol Bay Borough, AK","Alaska","AK",512.494284593633,2037.40059151334,0.00399745541983034
"02063","Chugach Census Area, AK","Alaska","AK",57453.6215445731,228090.233524806,0.448368467920055
"02066","Copper River Census Area, AK","Alaska","AK",4560.67378464974,18101.083792669,0.035641898894384
"02068","Denali Borough, AK","Alaska","AK",18561.8648616729,73791.9535605156,0.144782545921049
"02070","Dillingham Census Area, AK","Alaska","AK",7194.95523402313,28398.7083616316,0.05619814626131
"02100","Haines Borough, AK","Alaska","AK",2071.19152616992,8233.93931876139,0.0161552939041254
"02105","Hoonah-Angoon Census Area, AK","Alaska","AK",4559.5829140543,18126.4400509643,0.0355647467296236
"02122","Kenai Peninsula Borough, AK","Alaska","AK",307820.327693816,1177363.35701763,2.43349761347797
"02150","Kodiak Island Borough, AK","Alaska","AK",17951.4256441334,70784.5139191961,0.140346110390553
"02158","Kusilvak Census Area, AK","Alaska","AK",21614.3650228632,85734.9132447066,0.16860963331159
"02164","Lake and Peninsula Borough, AK","Alaska","AK",6392.31801895852,25397.0543916027,0.0498854832490514
"02180","Nome Census Area, AK","Alaska","AK",1266.5719731495,3061.4916949655,0.00987926139056611
"02185","North Slope Borough, AK","Alaska","AK",14841.8171043189,52911.492982542,0.115976043576306
"02188","Northwest Arctic Borough, AK","Alaska","AK",2378.0660531961,9039.3572831521,0.0185489152149296
"02195","Petersburg Borough, AK","Alaska","AK",5872.47188946984,21471.6865531507,0.04584677222783
"02198","Prince of Wales-Hyder Census Area, AK","Alaska","AK",12281.6338994232,47597.1652746988,0.0959405839225439
"02220","Sitka City and Borough, AK","Alaska","AK",677135.576591139,2686345.93976767,5.28166895339224
"02230","Skagway Municipality, AK","Alaska","AK",1425.50458181462,5667.0366197293,0.0111189357381541
"02240","Southeast Fairbanks Census Area, AK","Alaska","AK",79636.6919911455,316577.646829069,0.621200519217993
"02275","Wrangell City and Borough, AK","Alaska","AK",5429.7290388083,21517.5048371235,0.0423518865027047
"02282","Yakutat City and Borough, AK","Alaska","AK",3172.34088919201,12611.5147005916,0.0247442589356977
"02290","Yukon-Koyukuk Census Area, AK","Alaska","AK",86846.1503561519,345237.899629584,0.677417558911241
"04001","Apache County, AZ","Arizona","AZ",902382.0749119,2636772.56193727,9.17872797892528
"04011","Greenlee County, AZ","Arizona","AZ",105116.62290123,308127.431763783,1.06914271222504
"04012","La Paz County, AZ","Arizona","AZ",68096.8826837907,215028.945179685,0.683496104923644
"05001","Arkansas County, AR","Arkansas","AR",124577.247574887,350273.891080946,1.10729802455505
"05003","Ashley County, AR","Arkansas","AR",63733.1517892959,182268.572148806,0.580300557525015
"05011","Bradley County, AR","Arkansas","AR",64743.983539549,184123.247010011,0.583020131567318
"05015","Carroll County, AR","Arkansas","AR",104841.779188155,301531.577945673,0.988977478158875
"05017","Chicot County, AR","Arkansas","AR",52892.6185898206,150604.442184317,0.478644292508489
"05021","Clay County, AR","Arkansas","AR",106804.811219926,295702.240816702,1.01458273496577
"05023","Cleburne County, AR","Arkansas","AR",124080.029605452,353082.570465762,1.15157797379267
"05029","Conway County, AR","Arkansas","AR",292664.284038601,816518.408699003,2.58328206332109
"05037","Cross County, AR","Arkansas","AR",148566.640573383,405756.60870074,1.43275463331964
"05039","Dallas County, AR","Arkansas","AR",53049.9985741237,148838.693172968,0.469698713502435
"05041","Desha County, AR","Arkansas","AR",82040.6081011809,227925.406732026,0.743963877888385
"05043","Drew County, AR","Arkansas","AR",104610.454077511,292575.203960838,0.97441025715773
"05047","Franklin County, AR","Arkansas","AR",34091.5647555786,96434.7243704266,0.304953771199234
"05049","Fulton County, AR","Arkansas","AR",76173.2495593971,212654.162342562,0.685209919442122
"05057","Hempstead County, AR","Arkansas","AR",129394.595229838,365646.622386378,1.18585439343569
"05061","Howard County, AR","Arkansas","AR",23039.3705087255,66894.2818924829,0.215240180096622
"05065","Izard County, AR","Arkansas","AR",61329.8658413572,174529.952547032,0.55443433136722
"05067","Jackson County, AR","Arkansas","AR",153122.990287825,430214.686509749,1.35070818444467
"05071","Johnson County, AR","Arkansas","AR",202578.67836712,568913.075660269,1.78431720584875
"05073","Lafayette County, AR","Arkansas","AR",86529.1131647146,243166.834870313,0.810643011253856
"05075","Lawrence County, AR","Arkansas","AR",118716.818113788,326016.273755582,1.09323969792154
"05077","Lee County, AR","Arkansas","AR",111125.502785872,302675.908296947,1.07442139712472
"05079","Lincoln County, AR","Arkansas","AR",91797.4053347456,260926.147548058,0.833104332957044
"05083","Logan County, AR","Arkansas","AR",57316.1592304372,160778.027384481,0.506836765995884
"05089","Marion County, AR","Arkansas","AR",95119.2893859349,262623.63902049,0.860935519147045
"05095","Monroe County, AR","Arkansas","AR",84973.2895813315,238804.702838977,0.747980293426663
"05097","Montgomery County, AR","Arkansas","AR",92811.2249005986,264307.699172182,0.842672562976599
"05099","Nevada County, AR","Arkansas","AR",29192.8773074366,82702.1555234184,0.261989175780492
"05107","Phillips County, AR","Arkansas","AR",105778.637946073,292822.913660706,0.990014095832379
"05109","Pike County, AR","Arkansas","AR",52663.9993674189,146281.110647963,0.484004467849393
"05113","Polk County, AR","Arkansas","AR",55415.6636975642,161342.798346068,0.526104941406582
"05117","Prairie County, AR","Arkansas","AR",125679.090642709,352759.315304097,1.10597362918451
"05121","Randolph County, AR","Arkansas","AR",143899.033641689,398062.077600924,1.32857587821867
"05127","Scott County, AR","Arkansas","AR",25944.3933136013,72972.5978158541,0.229280408295253
"05129","Searcy County, AR","Arkansas","AR",45864.0518009052,128366.21286306,0.403759812957675
"05133","Sevier County, AR","Arkansas","AR",25532.3920012211,77157.887246501,0.261352344956245
"05135","Sharp County, AR","Arkansas","AR",85160.1147795222,237667.503706875,0.774618013153735
"05137","Stone County, AR","Arkansas","AR",37451.3723270091,105245.054248541,0.329873227432539
"05141","Van Buren County, AR","Arkansas","AR",84617.3768512325,236664.716267133,0.784260024217329
"05147","Woodruff County, AR","Arkansas","AR",52322.692535626,145322.095058603,0.477061865147127
"06005","Amador County, CA","California","CA",3524954.5129291,9521852.84639947,31.0168598031319
"06009","Calaveras County, CA","California","CA",1868823.40398399,5066083.54206476,16.4481788955267
"06011","Colusa County, CA","California","CA",925859.509371314,2486609.69573523,8.15928835852395
"06021","Glenn County, CA","California","CA",153353.679337856,423868.583462695,1.34752432152321
"06043","Mariposa County, CA","California","CA",926194.699647414,2488404.28863088,8.15019689895119
"06049","Modoc County, CA","California","CA",25932.8327652074,69672.3355117829,0.227606853046322
"06051","Mono County, CA","California","CA",341140.858948947,929112.920191989,3.00489331307248
"06063","Plumas County, CA","California","CA",316949.445563132,983396.929015359,2.78401510473116
"06091","Sierra County, CA","California","CA",17150.9610118255,49036.2577830936,0.162241193409704
"06093","Siskiyou County, CA","California","CA",387280.467133221,1047521.77263833,3.40602209481923
"06105","Trinity County, CA","California","CA",33688.4842531933,90389.9599447779,0.296518263754019
"08007","Archuleta County, CO","Colorado","CO",129394.108780166,365590.474488271,1.25657990785807
"08009","Baca County, CO","Colorado","CO",47218.7732138591,132634.426725192,0.455002369434315
"08011","Bent County, CO","Colorado","CO",19692.1685653594,57001.6668777131,0.19720622452336
"08015","Chaffee County, CO","Colorado","CO",367932.02548548,1028343.1602006,3.51975338088178
"08017","Cheyenne County, CO","Colorado","CO",4826.09541967671,13515.1544202961,0.0463163851659536
"08025","Crowley County, CO","Colorado","CO",71131.3769591548,199196.846688405,0.67993010630316
"08027","Custer County, CO","Colorado","CO",39879.9965991499,111679.156665644,0.382909556946244
"08029","Delta County, CO","Colorado","CO",150909.848870611,416837.031319027,1.44480345693033
"08033","Dolores County, CO","Colorado","CO",17113.1102141336,47789.9670009007,0.16335160465943
"08049","Grand County, CO","Colorado","CO",282626.457196161,791520.292243149,2.7121352404849
"08051","Gunnison County, CO","Colorado","CO",149027.940036883,417339.172548249,1.4306964819063
"08053","Hinsdale County, CO","Colorado","CO",2993.32838102861,8383.90214883096,0.0287359524578747
"08055","Huerfano County, CO","Colorado","CO",14140.1728625736,36479.5756330074,0.124650486525471
"08057","Jackson County, CO","Colorado","CO",68357.3907570318,191784.993005371,0.655700688141724
"08061","Kiowa County, CO","Colorado","CO",20130.493620519,56382.8357248649,0.193253068450033
"08063","Kit Carson County, CO","Colorado","CO",26552.1552804365,74363.581679161,0.254880285031242
"08071","Las Animas County, CO","Colorado","CO",100802.900658352,280768.025200397,0.986474685109524
"08073","Lincoln County, CO","Colorado","CO",72363.1197599208,201997.569687806,0.716014563849385
"08079","Mineral County, CO","Colorado","CO",21169.5752738339,59293.0761466087,0.203227922628805
"08083","Montezuma County, CO","Colorado","CO",46699.2971334928,131109.239757788,0.454306033232111
"08089","Otero County, CO","Colorado","CO",35246.825757482,98743.8691273057,0.34692788353342
"08091","Ouray County, CO","Colorado","CO",19781.2306837423,55405.9138782423,0.189904648456336
"08095","Phillips County, CO","Colorado","CO",88763.2021528678,248618.236206535,0.852213473874564
"08099","Prowers County, CO","Colorado","CO",173674.13356555,488312.657973921,1.67579064721998
"08103","Rio Blanco County, CO","Colorado","CO",36395.2578640667,115251.662859203,0.345480083538301
"08105","Rio Grande County, CO","Colorado","CO",71865.8282235368,202506.199889446,0.695405213916265
"08109","Saguache County, CO","Colorado","CO",25989.1534637391,72769.7524858671,0.249259465923326
"08111","San Juan County, CO","Colorado","CO",14371.8166908063,40253.4869212213,0.137969440231741
"08113","San Miguel County, CO","Colorado","CO",35923.9271366216,104935.182334451,0.365260273286003
"08115","Sedgwick County, CO","Colorado","CO",8599.04356814356,24461.0647052541,0.0819741252684098
"08121","Washington County, CO","Colorado","CO",152389.286100105,425225.45306497,1.45960590189787
"08125","Yuma County, CO","Colorado","CO",14557.7698056847,41029.4567232411,0.140889189417833
"10100","Brown County, SD","South Dakota","SD",320871.538040399,934752.953447799,2.74061637198658
"10100","Edmunds County, SD","South Dakota","SD",40607.9388511633,136752.533160241,0.330669453720144
"10140","Grays Harbor County, WA","Washington","WA",3989393.35541515,9659823.21370843,31.1718288104344
"10180","Callahan County, TX","Texas","TX",101361.461978097,330090.024476204,1.19504296022711
"10180","Jones County, TX","Texas","TX",127342.358524404,414186.597130548,1.50061304439087
"10180","Taylor County, TX","Texas","TX",733276.047893068,2385911.97740889,8.63970028455152
"10220","Pontotoc County, OK","Oklahoma","OK",81063.4557917386,228792.472436459,0.852611424443744
"10300","Lenawee County, MI","Michigan","MI",9586106.69057142,24490683.8070543,93.1395742920476
"10380","Aguadilla Municipio, PR","Puerto Rico","PR",153708.733200804,395031.444326066,1.36800772548716
"10380","Rincón Municipio, PR","Puerto Rico","PR",29452.9521971886,75694.0871467747,0.262131274554979
"10420","Portage County, OH","Ohio","OH",11251113.1931453,29216603.524469,110.433847238868
"10420","Summit County, OH","Ohio","OH",26354555.2662482,68736739.3823133,260.253250987923
"10460","Otero County, NM","New Mexico","NM",807396.869850143,1935478.96991715,6.52859399132668
"10480","Alamosa County, CO","Colorado","CO",65999.8841002141,180976.639003039,0.622765617749511
"10480","Conejos County, CO","Colorado","CO",53106.4941390572,148653.565946437,0.511902191841974
"10480","Costilla County, CO","Colorado","CO",42831.8034774469,119944.103264605,0.411101971876217
"10500","Dougherty County, GA","Georgia","GA",463740.83148854,1360237.3282958,5.30870424682934
"10500","Lee County, GA","Georgia","GA",93372.8581698052,273780.246297825,1.0762217706704
"10500","Terrell County, GA","Georgia","GA",30645.2998186808,93127.557147931,0.354274144461193
"10500","Worth County, GA","Georgia","GA",302315.321290099,895093.049530599,3.55167209242632
"10540","Linn County, OR","Oregon","OR",4557522.21406336,11089923.9306374,40.1211247408608
"10580","Albany County, NY","New York","NY",29877069.1058202,70404632.5109566,213.58159637486
"10580","Rensselaer County, NY","New York","NY",16067560.2634953,37881705.0696599,114.840024211398
"10580","Saratoga County, NY","New York","NY",13156773.8166346,31018210.7985684,94.1315417307683
"10580","Schenectady County, NY","New York","NY",11919535.3371639,28098448.4337903,85.3461718230913
"10580","Schoharie County, NY","New York","NY",662228.45479628,1556359.61751382,4.75278623121104
"10620","Stanly County, NC","North Carolina","NC",1785085.49424708,4487879.85398029,17.2953837442843
"10660","Freeborn County, MN","Minnesota","MN",2970212.95750544,7344313.65313112,27.0182060818022
"10700","Marshall County, AL","Alabama","AL",1930550.72460407,4799970.38575165,17.9448269767462
"10740","Bernalillo County, NM","New Mexico","NM",83681403.0466366,195146415.749228,654.297511282247
"10740","Sandoval County, NM","New Mexico","NM",9142210.45739428,21388258.9590356,71.7914345207925
"10740","Torrance County, NM","New Mexico","NM",350191.24013915,820214.397316351,2.75033211415014
"10740","Valencia County, NM","New Mexico","NM",4748422.77069775,11147210.4290533,37.5598230297596
"10760","Tallapoosa County, AL","Alabama","AL",1611122.4996351,3991833.98225928,14.9214373588004
"10780","Grant Parish, LA","Louisiana","LA",53208.0809385469,152929.257513879,0.535215205393573
"10780","Rapides Parish, LA","Louisiana","LA",711163.95340768,2081809.9816048,7.41066495221989
"10820","Douglas County, MN","Minnesota","MN",254085.146825005,630634.611771201,2.27135571073389
"10860","Brooks County, TX","Texas","TX",26896.1786327888,83798.7417177662,0.297880493948475
"10860","Jim Wells County, TX","Texas","TX",177170.33693291,576943.470255785,2.08956054647758
"10900","Carbon County, PA","Pennsylvania","PA",1947951.69165698,4894836.00208276,16.4214447795815
"10900","Lehigh County, PA","Pennsylvania","PA",12043833.8107812,29078044.358013,99.6463140940993
"10900","Northampton County, PA","Pennsylvania","PA",10134346.5781676,24904307.0832582,85.0722485000128
"10900","Warren County, NJ","New Jersey","NJ",2961086.33839,8906122.06278026,25.3699402453506
"10940","Gratiot County, MI","Michigan","MI",576008.552077437,1488282.4640426,5.6056785792016
"10980","Alpena County, MI","Michigan","MI",156214.420583339,398884.827373262,1.50041791324867
"11020","Blair County, PA","Pennsylvania","PA",5695000.96362452,13685344.1690363,48.3820034467776
"11060","Jackson County, OK","Oklahoma","OK",76163.3439407997,216456.950262898,0.80502121086935
"11100","Armstrong County, TX","Texas","TX",1156.41988876941,3767.0307445413,0.013645754687479
"11100","Carson County, TX","Texas","TX",16600.102875999,53264.059224054,0.19345632718825
"11100","Oldham County, TX","Texas","TX",4839.01723397762,15752.9266569989,0.0570474126249003
"11100","Potter County, TX","Texas","TX",511537.307879682,1655715.63442703,5.96279604081134
"11100","Randall County, TX","Texas","TX",830699.012384241,2698203.99086174,9.77108692289017
"11140","Schley County, GA","Georgia","GA",28431.2736348183,77431.3211821011,0.263905735612058
"11140","Sumter County, GA","Georgia","GA",148371.796967829,417151.844018105,1.65379685192348
"11180","Boone County, IA","Iowa","IA",1488574.08221324,3657577.57787649,11.802789532028
"11180","Story County, IA","Iowa","IA",9241904.21721697,22696496.0968707,73.1321218623816
"11200","Hampshire County, MA","Massachusetts","MA",32048010.0113176,71823276.1068592,252.92629242011
"11220","Montgomery County, NY","New York","NY",1421042.22479604,3345379.16049637,10.1327800281699
"11260","Anchorage Municipality, AK","Alaska","AK",5866553.11884619,22087248.4916391,46.34675198035
"11260","Matanuska-Susitna Borough, AK","Alaska","AK",853989.516810666,3352999.68156964,6.68990939629281
"11360","Harnett County, NC","North Carolina","NC",14277090.1022756,35749956.2553737,138.31804508452
"11380","Andrews County, TX","Texas","TX",59061.4750892699,192096.393167107,0.693373983004453
"11420","Steuben County, IN","Indiana","IN",182744.386432522,496116.044083106,1.64324232955055
"11460","Washtenaw County, MI","Michigan","MI",372287411.7078,948639149.474155,3611.09246537144
"11500","Calhoun County, AL","Alabama","AL",2295291.82885093,5694508.92407698,21.2853243574672
"11540","Calumet County, WI","Wisconsin","WI",906255.848241354,2190872.41051085,8.5442381066553
"11540","Outagamie County, WI","Wisconsin","WI",4108408.54842653,9896529.07796477,38.5416536424652
"11580","DeSoto County, FL","Florida","FL",129385.396536815,405683.592627127,1.44427698575381
"11620","Carter County, OK","Oklahoma","OK",106893.178290801,302392.171800042,1.1148822243951
"11660","Clark County, AR","Arkansas","AR",272715.48086991,766310.17780952,2.42758393408146
"11680","Cowley County, KS","Kansas","KS",257492.297423296,710739.224889868,2.08892766981167
"11700","Buncombe County, NC","North Carolina","NC",5713090.51607097,14412591.872372,55.5817460526536
"11700","Henderson County, NC","North Carolina","NC",3010613.41643968,7573927.37136419,29.1584046562728
"11700","Madison County, NC","North Carolina","NC",618844.274540536,1570934.65280947,6.02274717991092
"11740","Ashland County, OH","Ohio","OH",794759.003620696,2067040.04495628,7.82067519486419
"11820","Clatsop County, OR","Oregon","OR",805933.676109311,1977112.20623949,7.20370936420632
"11860","Atchison County, KS","Kansas","KS",438975.693398759,1191945.05349714,3.61519693477359
"11900","Athens County, OH","Ohio","OH",4702793.93742063,12258446.0906258,46.2921370118917
"11940","McMinn County, TN","Tennessee","TN",412251.763158731,1125669.55036827,4.17744853888142
"11940","Meigs County, TN","Tennessee","TN",83139.5674274868,225175.116001531,0.854142602236144
"11980","Henderson County, TX","Texas","TX",952164.26784549,3092810.21057351,11.2024091306104
"12007","Bradford County, FL","Florida","FL",5608104.40591795,18011176.2084833,62.7995176173186
"12013","Calhoun County, FL","Florida","FL",268175.614375867,838900.157644716,2.98131649301798
"12020","Clarke County, GA","Georgia","GA",27350070.8593592,80311796.0604404,322.578664475738
"12020","Madison County, GA","Georgia","GA",4877356.75097719,14299478.716845,57.4231925338094
"12020","Oconee County, GA","Georgia","GA",20732701.5961092,60886959.2534357,244.573263091426
"12020","Oglethorpe County, GA","Georgia","GA",4254100.82001875,12484461.1384993,50.1260984519644
"12029","Dixie County, FL","Florida","FL",1708023.1555728,5475755.75201207,19.1034242800179
"12037","Franklin County, FL","Florida","FL",184860.790511664,593752.771410662,2.07030853860519
"12045","Gulf County, FL","Florida","FL",205125.385002145,644639.914291345,2.25083579165618
"12047","Hamilton County, FL","Florida","FL",232526.70039736,746814.323685846,2.60403494798432
"12049","Hardee County, FL","Florida","FL",126386.920868502,401328.382696071,1.39750227684042
"12059","Holmes County, FL","Florida","FL",122188.41265814,355652.065353481,1.28912953802837
"12060","Barrow County, GA","Georgia","GA",4663343.31491388,13680366.365609,54.922849334793
"12060","Bartow County, GA","Georgia","GA",2682618.20760256,7864356.15397191,31.4787441956277
"12060","Butts County, GA","Georgia","GA",258166.04066355,735598.021957655,2.92199670231462
"12060","Carroll County, GA","Georgia","GA",3451024.02740186,10106783.8377838,40.5454225235706
"12060","Cherokee County, GA","Georgia","GA",8381256.62560792,24570319.9217727,98.4997453602147
"12060","Clayton County, GA","Georgia","GA",20756174.4540589,60875946.8466029,244.349814907832
"12060","Cobb County, GA","Georgia","GA",53901253.1687434,157964537.210096,633.15836787738
"12060","Coweta County, GA","Georgia","GA",5262117.88053688,15407007.2556315,61.7482871500627
"12060","Dawson County, GA","Georgia","GA",986875.896998622,2892931.31648235,11.6081909181567
"12060","DeKalb County, GA","Georgia","GA",217890125.643238,639723688.73651,2568.90296120487
"12060","Douglas County, GA","Georgia","GA",6497655.79874491,19045729.0589189,76.3865745110536
"12060","Fayette County, GA","Georgia","GA",7183623.86195441,21088013.6693772,84.6254583756052
"12060","Forsyth County, GA","Georgia","GA",8061090.71058355,23626238.3276541,94.8032288088762
"12060","Fulton County, GA","Georgia","GA",145033049.820064,425320219.260194,1706.10742353429
"12060","Gwinnett County, GA","Georgia","GA",80932508.1596707,237162459.145543,951.367502290751
"12060","Haralson County, GA","Georgia","GA",234731.302749514,682202.824962145,2.71675105266516
"12060","Heard County, GA","Georgia","GA",289775.467493753,845788.978627266,3.38477022914395
"12060","Henry County, GA","Georgia","GA",16678262.6097901,48957120.1010444,196.60199890309
"12060","Jasper County, GA","Georgia","GA",159277.551276849,467451.263985675,1.87414367857869
"12060","Lumpkin County, GA","Georgia","GA",145877.960432536,426377.738664142,1.70607543903024
"12060","Meriwether County, GA","Georgia","GA",281682.47441106,792234.114873427,3.12902505077166
"12060","Morgan County, GA","Georgia","GA",1815730.7017647,5320843.8187845,21.3307299170178
"12060","Newton County, GA","Georgia","GA",9297692.69716487,27280759.7571149,109.502461039451
"12060","Paulding County, GA","Georgia","GA",4016069.99875502,11783132.7910633,47.2454730518573
"12060","Pickens County, GA","Georgia","GA",921906.884472276,2702834.1722823,10.8345350971509
"12060","Pike County, GA","Georgia","GA",311642.386633427,914529.291923326,3.67047165252815
"12060","Rockdale County, GA","Georgia","GA",8568982.02365936,25127111.3900156,100.795096317964
"12060","Spalding County, GA","Georgia","GA",1506379.39116103,4426703.61237353,17.744418329743
"12060","Walton County, GA","Georgia","GA",3245931.89591227,9511260.71005128,38.05619486762
"12063","Jackson County, FL","Florida","FL",297054.845187833,920447.768472722,3.2235471722506
"12067","Lafayette County, FL","Florida","FL",273276.91848338,877776.200146256,3.06061964464274
"12077","Liberty County, FL","Florida","FL",120581.922719344,387057.050675271,1.34978101330688
"12079","Madison County, FL","Florida","FL",316192.682449836,977943.171573368,3.43349956717265
"12100","Atlantic County, NJ","New Jersey","NJ",7795546.22967501,20965276.2943267,65.1032459348895
"12100","Cape May County, NJ","New Jersey","NJ",2696482.49362055,6885921.90424407,22.0099207470538
"12121","Suwannee County, FL","Florida","FL",1989875.5936062,6377350.27226669,22.272472771983
"12123","Taylor County, FL","Florida","FL",125501.628077267,401511.375118928,1.40764742830095
"12125","Union County, FL","Florida","FL",3151629.8737616,10117818.6758783,35.3100309244565
"12140","DeKalb County, IN","Indiana","IN",204718.761040744,549917.930826943,1.8342738476676
"12180","Cayuga County, NY","New York","NY",5120996.58382589,12088163.6036473,36.6230556420595
"12220","Lee County, AL","Alabama","AL",7640807.14490993,18930570.2924549,70.4020798651405
"12220","Macon County, AL","Alabama","AL",3033706.41301498,7482081.49942873,27.9637094173028
"12260","Aiken County, SC","South Carolina","SC",9176246.75853869,26887856.4849785,106.629260259647
"12260","Burke County, GA","Georgia","GA",1554429.96727035,4564773.42995516,18.3294644338415
"12260","Columbia County, GA","Georgia","GA",15893867.2067975,46610066.1900085,186.895436650232
"12260","Edgefield County, SC","South Carolina","SC",1543753.1357605,4517217.38792194,17.7173038657724
"12260","Lincoln County, GA","Georgia","GA",360668.71963062,1042053.76145189,4.16696921369171
"12260","McDuffie County, GA","Georgia","GA",1481256.51765098,4338674.31549753,17.4019311512727
"12260","Richmond County, GA","Georgia","GA",25949743.8251513,76141505.4127543,305.520066272188
"12300","Kennebec County, ME","Maine","ME",2259877.62198246,5171699.1225505,19.2421452954219
"12380","Mower County, MN","Minnesota","MN",8319578.34292865,20565672.8962026,75.6825711045563
"12420","Bastrop County, TX","Texas","TX",2319163.74603956,7551450.03162679,27.3511561308078
"12420","Caldwell County, TX","Texas","TX",983986.296640831,3196144.22294647,11.5641448012322
"12420","Hays County, TX","Texas","TX",6823435.58115005,22182607.2029197,80.3265126226198
"12420","Travis County, TX","Texas","TX",70146968.6708003,227030306.11337,821.88813140674
"12420","Williamson County, TX","Texas","TX",19349636.1102816,62992535.4914486,228.153769928732
"12460","Decatur County, GA","Georgia","GA",289787.954107653,885031.838159506,3.26642313876891
"12520","Baker County, OR","Oregon","OR",129053.24417649,325119.183247983,1.10337432624818
"12540","Kern County, CA","California","CA",7798309.87172878,20938288.7017199,68.581960672631
"12580","Anne Arundel County, MD","Maryland","MD",97423948.6363428,213524452.455037,784.511119921982
"12580","Baltimore County, MD","Maryland","MD",416884476.884509,913855646.755847,3491.84994169261
"12580","Baltimore city, MD","Maryland","MD",404187830.121245,885782437.350887,3385.28418777719
"12580","Carroll County, MD","Maryland","MD",52513095.0737858,115318815.251846,439.176921795759
"12580","Harford County, MD","Maryland","MD",48569886.9282757,106777468.274938,405.234874522233
"12580","Howard County, MD","Maryland","MD",125286228.400941,274509419.751131,1032.55932733681
"12580","Queen Anne's County, MD","Maryland","MD",4890651.67391561,10746682.6746092,40.0091904226399
"12620","Penobscot County, ME","Maine","ME",10106271.3615245,23555219.3858625,93.5879812234998
"12660","Sauk County, WI","Wisconsin","WI",9057214.62677178,21510638.0871544,85.1033644256666
"12700","Barnstable County, MA","Massachusetts","MA",26469481.287689,59356628.6632893,208.925685093908
"12740","Washington County, VT","Vermont","VT",4275692.0328523,9950795.48805355,31.8042577532901
"12780","Washington County, OK","Oklahoma","OK",247546.233535409,696340.872261013,2.57467026038037
"12860","Genesee County, NY","New York","NY",4509096.68023123,10618114.4025888,32.2008534354811
"12900","Independence County, AR","Arkansas","AR",192057.338022591,541465.239386628,1.77189656877474
"12940","Ascension Parish, LA","Louisiana","LA",3688967.65309005,10238791.3973344,36.3268331697178
"12940","Assumption Parish, LA","Louisiana","LA",301935.290082215,837580.687798182,2.96683143198159
"12940","East Baton Rouge Parish, LA","Louisiana","LA",31228706.3896175,86570917.1559113,306.775589145601
"12940","East Feliciana Parish, LA","Louisiana","LA",334136.413467046,927276.553339297,3.28295309904011
"12940","Iberville Parish, LA","Louisiana","LA",1005596.71180003,2783180.59759474,9.85354477237606
"12940","Livingston Parish, LA","Louisiana","LA",3503508.7258059,9706486.69403712,34.3597128056499
"12940","Pointe Coupee Parish, LA","Louisiana","LA",476797.215575678,1319571.40867052,4.67317048829977
"12940","St. Helena Parish, LA","Louisiana","LA",60466.6450813261,167297.781996402,0.592580053554284
"12940","West Baton Rouge Parish, LA","Louisiana","LA",1085053.13636123,3010205.70093732,10.6870181172715
"12940","West Feliciana Parish, LA","Louisiana","LA",247970.107127427,686371.879082047,2.40918967734096
"12980","Calhoun County, MI","Michigan","MI",1782557.1994921,4598854.70533577,17.2934454206574
"13001","Appling County, GA","Georgia","GA",67806.2511647325,193081.415655454,0.76967335388887
"13005","Bacon County, GA","Georgia","GA",13814.0627036304,41319.7860176094,0.158265071295515
"13007","Baker County, GA","Georgia","GA",27136.2497720101,83107.7956514832,0.312216090160171
"13011","Banks County, GA","Georgia","GA",167491.170681157,490858.568309232,1.96600534623788
"13019","Berrien County, GA","Georgia","GA",323091.766905868,952236.72662179,3.80371750343217
"13020","Bay County, MI","Michigan","MI",921682.970623234,2350410.88756075,8.93638890768296
"13023","Bleckley County, GA","Georgia","GA",74186.4742604381,218104.433459172,0.86900368888082
"13037","Calhoun County, GA","Georgia","GA",39707.6310728991,118264.999814399,0.464239475479302
"13043","Candler County, GA","Georgia","GA",41313.2866355921,121296.894262915,0.487014495139738
"13049","Charlton County, GA","Georgia","GA",48539.5149604696,142525.297745009,0.571695372438584
"13060","Matagorda County, TX","Texas","TX",1068007.00698528,3476783.81638861,12.5945063721732
"13061","Clay County, GA","Georgia","GA",29569.9768265079,88513.3843042798,0.344873068308776
"13065","Clinch County, GA","Georgia","GA",18081.6099860434,53065.5164134191,0.213160200604482
"13075","Cook County, GA","Georgia","GA",109074.637404296,336112.269956225,1.25146862552574
"13091","Dodge County, GA","Georgia","GA",113341.175573885,332831.476496351,1.33476944770287
"13093","Dooly County, GA","Georgia","GA",26688.1746698589,77895.386713859,0.311853095348606
"13099","Early County, GA","Georgia","GA",54314.708559839,164914.653919519,0.629160904548262
"13100","Gage County, NE","Nebraska","NE",189363.732359691,491633.742442727,1.72367710567312
"13105","Elbert County, GA","Georgia","GA",482072.821691809,1392443.16217684,5.52528779616171
"13107","Emanuel County, GA","Georgia","GA",211800.739464129,618651.853225967,2.46256529810675
"13111","Fannin County, GA","Georgia","GA",203283.476990976,578900.739820038,2.29546548069351
"13119","Franklin County, GA","Georgia","GA",670849.042693052,1969065.54948968,7.90390522459615
"13123","Gilmer County, GA","Georgia","GA",277055.392286281,807755.297983617,3.23131480413123
"13125","Glascock County, GA","Georgia","GA",96995.2151435332,284884.781776223,1.14453608281941
"13133","Greene County, GA","Georgia","GA",408167.966595367,1198233.81937166,4.78554205543768
"13140","Hardin County, TX","Texas","TX",1115098.23202982,3616080.95554089,13.0935896565436
"13140","Jefferson County, TX","Texas","TX",4122547.95434403,13367686.0944431,48.4059010439556
"13140","Orange County, TX","Texas","TX",1683125.92229616,5475892.37414533,19.8310745020038
"13141","Hancock County, GA","Georgia","GA",87406.7849217862,257114.85270106,1.02517728763208
"13147","Hart County, GA","Georgia","GA",780861.835895838,2289872.83846465,9.1753986339719
"13155","Irwin County, GA","Georgia","GA",15671.2847468343,46580.5334407887,0.183639385405253
"13161","Jeff Davis County, GA","Georgia","GA",42008.0819450465,123233.866305329,0.485663605860959
"13163","Jefferson County, GA","Georgia","GA",755984.583029591,2221791.06032449,8.91622133806266
"13165","Jenkins County, GA","Georgia","GA",366638.844754384,1075370.07944119,4.31700227811488
"13171","Lamar County, GA","Georgia","GA",253340.072710891,736297.65485109,2.94430633000274
"13180","Dodge County, WI","Wisconsin","WI",3923258.57585404,9413021.58956806,36.8296535100278
"13193","Macon County, GA","Georgia","GA",61405.345988809,172716.857176388,0.675636443823547
"13201","Miller County, GA","Georgia","GA",54328.4508161902,164079.331541242,0.63067303489723
"13205","Mitchell County, GA","Georgia","GA",114309.970174878,351284.748416841,1.31081676797189
"13220","Fayette County, WV","West Virginia","WV",462416.832892961,1217237.60163236,3.73582829151357
"13220","Raleigh County, WV","West Virginia","WV",549130.943956899,1525673.21770391,4.45054114073054
"13235","Pulaski County, GA","Georgia","GA",34945.0140346044,102488.348642331,0.410036373022087
"13237","Putnam County, GA","Georgia","GA",233281.786801606,674967.026492927,2.70289444814343
"13241","Rabun County, GA","Georgia","GA",103236.458569566,302927.818500204,1.21556639549038
"13243","Randolph County, GA","Georgia","GA",48071.6787989326,141214.590971238,0.567156430528304
"13251","Screven County, GA","Georgia","GA",189782.585671263,558183.0595741,2.23766399709987
"13253","Seminole County, GA","Georgia","GA",20926.5451863538,62226.1107976475,0.244841219261434
"13260","Lawrence County, IN","Indiana","IN",2359537.63836857,6345075.78594949,20.7759398828278
"13265","Taliaferro County, GA","Georgia","GA",19137.8732651229,56174.6418643119,0.224653199787659
"13267","Tattnall County, GA","Georgia","GA",131137.813722462,387537.553813267,1.54594648841153
"13269","Taylor County, GA","Georgia","GA",36323.9932215739,105685.413833867,0.414102502612935
"13271","Telfair County, GA","Georgia","GA",68286.3856155707,200583.248624175,0.805419582357051
"13281","Towns County, GA","Georgia","GA",328367.527800624,956795.232546958,3.79614762224192
"13283","Treutlen County, GA","Georgia","GA",41666.9355942872,123864.81038817,0.487518327607039
"13291","Union County, GA","Georgia","GA",353950.153587341,1037114.37688734,4.15278383814078
"13300","Bee County, TX","Texas","TX",226373.933419547,669691.836974725,2.31792752988448
"13301","Warren County, GA","Georgia","GA",551836.106394544,1620766.71228575,6.51057277783844
"13303","Washington County, GA","Georgia","GA",403090.567870932,1175649.76887104,4.70136823961237
"13307","Webster County, GA","Georgia","GA",4087.29207638133,11862.3635128953,0.0474498089553489
"13309","Wheeler County, GA","Georgia","GA",58613.805853755,171434.309212072,0.666666710071206
"13311","White County, GA","Georgia","GA",311743.287247426,904753.639576596,3.57629520322197
"13315","Wilcox County, GA","Georgia","GA",42565.5642497986,124931.384934063,0.501580974485804
"13317","Wilkes County, GA","Georgia","GA",361570.127469024,1061524.36771559,4.25195157424984
"13319","Wilkinson County, GA","Georgia","GA",171877.834933719,484437.782078098,1.92971539969884
"13340","Logan County, OH","Ohio","OH",571533.178039772,1493947.83201551,5.60345826916007
"13380","Whatcom County, WA","Washington","WA",7915753.9003959,19200841.3031981,62.0198472570669
"13420","Beltrami County, MN","Minnesota","MN",299426.205191889,850653.167782403,2.58861131115552
"13460","Crook County, OR","Oregon","OR",308980.99894833,754432.658258824,2.72936340065972
"13460","Deschutes County, OR","Oregon","OR",2215149.1903874,5428830.11350404,19.4873666105666
"13460","Jefferson County, OR","Oregon","OR",346194.719224602,861410.525974083,3.03056981202676
"13540","Bennington County, VT","Vermont","VT",591659.189603516,1382827.27585952,4.47721436204787
"13660","Mecosta County, MI","Michigan","MI",607191.796675479,1555508.47494311,5.87230511241701
"13700","Howard County, TX","Texas","TX",172238.357318339,560570.807601994,2.02979907840785
"13740","Carbon County, MT","Montana","MT",39639.7693648388,105929.927322901,0.39089363272145
"13740","Stillwater County, MT","Montana","MT",48088.0896112518,127016.865356374,0.442320140796475
"13740","Yellowstone County, MT","Montana","MT",1737975.79339829,4600424.55090114,16.1126376402808
"13780","Broome County, NY","New York","NY",12604935.2599119,29734009.7577413,90.0475433904208
"13780","Tioga County, NY","New York","NY",8311353.85212505,19596477.6811181,59.0898965084989
"13820","Bibb County, AL","Alabama","AL",626763.737248079,1556630.25841205,5.8153522425275
"13820","Blount County, AL","Alabama","AL",7679171.06256712,18948892.1819015,70.8363590544339
"13820","Chilton County, AL","Alabama","AL",2026031.45047014,5007657.80825288,18.6908083036026
"13820","Jefferson County, AL","Alabama","AL",217483234.841842,536121347.500891,2003.15045943976
"13820","Shelby County, AL","Alabama","AL",45508275.9807976,112108741.204205,418.872239549597
"13820","St. Clair County, AL","Alabama","AL",14296777.8275286,35233162.4318504,131.644488598732
"13820","Walker County, AL","Alabama","AL",6740716.32904067,16645579.9894449,62.2401147631161
"13860","Inyo County, CA","California","CA",640166.667566248,1716679.21382302,5.63237696114144
"13900","Burleigh County, ND","North Dakota","ND",454185.452405432,1652982.50081472,3.39540906049886
"13900","Morton County, ND","North Dakota","ND",71123.9036151237,259369.008292023,0.531212721785143
"13900","Oliver County, ND","North Dakota","ND",763.920195790955,2264.71026891806,0.00648807384719844
"13940","Bingham County, ID","Idaho","ID",138600.416006146,445017.958096043,1.46080673744489
"13980","Floyd County, VA","Virginia","VA",1195587.08956324,3302971.05580182,10.1632674179067
"13980","Giles County, VA","Virginia","VA",2006675.7523717,5538999.74231444,17.0845222692433
"13980","Montgomery County, VA","Virginia","VA",21835400.4776933,60304421.4688102,185.757267458175
"13980","Pulaski County, VA","Virginia","VA",4501811.14457101,12430134.6948375,38.3102782428795
"13980","Radford city, VA","Virginia","VA",3958801.42122166,10922076.0319162,33.6682034274467
"14010","McLean County, IL","Illinois","IL",5309639.97008456,15119963.7184197,52.3807208567962
"14020","Monroe County, IN","Indiana","IN",30045647.0854889,80810985.7834656,264.511151132541
"14020","Owen County, IN","Indiana","IN",2514018.48762535,6768507.04901389,22.0310472563163
"14100","Columbia County, PA","Pennsylvania","PA",2588212.09119861,6219664.95090059,21.8901615538714
"14140","Mercer County, WV","West Virginia","WV",816035.347822237,2136799.11048109,6.84435314670683
"14140","Tazewell County, VA","Virginia","VA",900632.13297366,2367051.57843052,8.20375679102194
"14180","Mississippi County, AR","Arkansas","AR",314025.468825443,863588.199946045,3.06941256817474
"14220","Washington Parish, LA","Louisiana","LA",2032038.90065896,5641737.6305862,19.9675878656458
"14260","Ada County, ID","Idaho","ID",8668782.62897325,33900469.1812202,78.795699887844
"14260","Boise County, ID","Idaho","ID",50923.2703879076,211832.897420801,0.469011298702322
"14260","Canyon County, ID","Idaho","ID",1201585.73738262,4578907.91594018,11.277277597522
"14260","Gem County, ID","Idaho","ID",57758.7686352177,236273.496522408,0.531577227116085
"14260","Owyhee County, ID","Idaho","ID",17118.0335027001,70609.3805398268,0.158028037445379
"14300","Fannin County, TX","Texas","TX",396860.560702501,1280812.91038069,4.62751234138622
"14380","Watauga County, NC","North Carolina","NC",1075407.29078898,2696538.26208939,10.4389527777242
"14420","Hutchinson County, TX","Texas","TX",54638.3676163577,172877.125615524,0.61286644334353
"14460","Essex County, MA","Massachusetts","MA",216014863.407242,484147172.05159,1705.82515943221
"14460","Middlesex County, MA","Massachusetts","MA",1103141163.7638,2471972843.16476,8714.0307673347
"14460","Norfolk County, MA","Massachusetts","MA",527916902.323289,1182663051.61513,4168.38433162339
"14460","Plymouth County, MA","Massachusetts","MA",153146835.291164,342969897.904338,1208.34779811823
"14460","Rockingham County, NH","New Hampshire","NH",30529031.4959594,68880607.0462155,238.702901729959
"14460","Strafford County, NH","New Hampshire","NH",5839820.63864824,13599947.1763477,43.4168557043209
"14460","Suffolk County, MA","Massachusetts","MA",835141680.019323,1871042385.17337,6595.10733770242
"14500","Boulder County, CO","Colorado","CO",48124071.4923501,134715293.467282,461.778544929393
"14540","Allen County, KY","Kentucky","KY",232904.74944093,615751.560276841,2.12771886422215
"14540","Butler County, KY","Kentucky","KY",198074.515971148,527907.103763942,1.88483279033701
"14540","Edmonson County, KY","Kentucky","KY",287944.932615844,756677.468427634,2.54828335866334
"14540","Warren County, KY","Kentucky","KY",1852353.49087497,4909831.55478658,17.3063424616551
"14580","Gallatin County, MT","Montana","MT",14301830.1200955,37758334.1447688,131.562247197983
"14620","McKean County, PA","Pennsylvania","PA",790864.22285602,1900311.58168371,6.57156740574623
"14660","Cass County, MN","Minnesota","MN",114085.977303637,293967.514492385,1.02129310024531
"14660","Crow Wing County, MN","Minnesota","MN",602585.305717362,1524563.72040888,5.39231906464289
"14700","Taney County, MO","Missouri","MO",1178442.90991805,2803266.55582949,10.216292698205
"14710","Windham County, VT","Vermont","VT",1042524.64460514,2399704.18362139,7.81117760123854
"14720","Lake County, CO","Colorado","CO",89998.1600125556,252049.508360384,0.863426887334958
"14720","Summit County, CO","Colorado","CO",694224.173417997,1946242.07154835,6.67276747461525
"14740","Kitsap County, WA","Washington","WA",31954742.3683146,77331505.1496896,249.692038978827
"14780","Washington County, TX","Texas","TX",1425904.84413386,4644160.64498598,16.8211321221837
"14820","Transylvania County, NC","North Carolina","NC",653215.195753574,1669829.3951053,6.40916796233487
"14860","Greater Bridgeport Planning Region, CT","Connecticut","CT",51325656.5514019,117477043.792282,388.828579393394
"14860","Western Connecticut Planning Region, CT","Connecticut","CT",49380303.7484131,113921118.586303,370.626576523037
"14940","Box Elder County, UT","Utah","UT",1815322.92664343,4985719.74306105,20.8678788270415
"14940","Oneida County, ID","Idaho","ID",5569.09499345938,22580.8307748986,0.0515540109328155
"15020","Lincoln County, MS","Mississippi","MS",407115.954320867,1273023.05314105,3.68057506377647
"15060","Curry County, OR","Oregon","OR",142158.550497018,364762.003993897,1.25020533797664
"15100","Brookings County, SD","South Dakota","SD",1908886.56862068,5893766.54953204,15.9561480081645
"15180","Cameron County, TX","Texas","TX",1659613.98427184,5389524.51686718,19.5052682510573
"15220","Brown County, TX","Texas","TX",428267.129671893,1390922.90357414,5.03363646431679
"15260","Brantley County, GA","Georgia","GA",72651.5876684168,222281.95353219,0.817480127396066
"15260","Glynn County, GA","Georgia","GA",834730.190491586,2459627.70561435,9.50374113347279
"15260","McIntosh County, GA","Georgia","GA",140170.578094146,410776.170049617,1.62371914176517
"15340","Crawford County, OH","Ohio","OH",924632.820254343,2407697.31688042,9.11289587936871
"15380","Erie County, NY","New York","NY",95413398.757274,225168702.433916,680.610504221947
"15380","Niagara County, NY","New York","NY",12032904.9414424,28433724.756983,86.5061855081419
"15420","Cassia County, ID","Idaho","ID",108284.020423904,302809.455001434,0.958146540421729
"15420","Minidoka County, ID","Idaho","ID",11785.4247444539,44565.9817025363,0.109163660437425
"15460","Des Moines County, IA","Iowa","IA",846525.19381004,2083734.07986452,6.73491731537494
"15460","Henderson County, IL","Illinois","IL",12002.0374520179,33917.1039402716,0.116089092930057
"15500","Alamance County, NC","North Carolina","NC",63077903.6337322,157817989.404098,611.734714438081
"15540","Chittenden County, VT","Vermont","VT",46977545.0815943,108015746.345143,352.693074466156
"15540","Franklin County, VT","Vermont","VT",4695934.43772224,10787738.7943367,35.2943896880998
"15540","Grand Isle County, VT","Vermont","VT",1227259.0023056,2818215.14096088,9.2313757881113
"15580","Silver Bow County, MT","Montana","MT",1223442.40788261,3201121.46603138,11.0815452979025
"15620","Missaukee County, MI","Michigan","MI",53451.8496298877,138714.847184525,0.518184905179076
"15620","Wexford County, MI","Michigan","MI",263551.811649904,681334.74033704,2.55974189297643
"15660","Gordon County, GA","Georgia","GA",433915.299902967,1249276.07136215,4.94057879574009
"15700","Dorchester County, MD","Maryland","MD",5202997.34721728,11488230.9735483,43.0398036102848
"15740","Guernsey County, OH","Ohio","OH",231529.175308639,604322.068496908,2.14495913831842
"15780","Calhoun County, AR","Arkansas","AR",28250.0164448128,79269.0831501773,0.248853022743475
"15780","Ouachita County, AR","Arkansas","AR",156114.788214767,436945.058597481,1.39019059037653
"15820","Green County, KY","Kentucky","KY",218791.266470052,573282.325305106,1.90548722008303
"15820","Taylor County, KY","Kentucky","KY",156234.02397039,408492.28344325,1.34412840518462
"15860","Fremont County, CO","Colorado","CO",909846.08080756,2545571.95812535,8.72823315959706
"15900","Fulton County, IL","Illinois","IL",243404.976195311,655381.606432138,2.20876578315485
"15940","Carroll County, OH","Ohio","OH",193395.206406126,513673.349160679,1.9395093072033
"15940","Stark County, OH","Ohio","OH",4777851.02248497,12428044.343718,46.9298645557902
"15980","Lee County, FL","Florida","FL",3924634.59276282,12164285.7736012,42.6647095041257
"16003","Adams County, ID","Idaho","ID",6409.46685094823,25986.8519114402,0.0593817783885663
"16007","Bear Lake County, ID","Idaho","ID",2577.89511365708,10106.7034158986,0.0243420708361433
"16009","Benewah County, ID","Idaho","ID",114428.207412571,357235.466385042,0.958212164050331
"16020","Alexander County, IL","Illinois","IL",29615.7855710163,75332.6071477496,0.268685161199728
"16020","Bollinger County, MO","Missouri","MO",30161.855505039,71574.7649160311,0.260982114869299
"16020","Cape Girardeau County, MO","Missouri","MO",321703.874280232,775367.29358425,2.80401746526481
"16021","Boundary County, ID","Idaho","ID",47288.8497221388,178571.715446959,0.423433680951784
"16029","Caribou County, ID","Idaho","ID",39076.3408455688,113299.188305466,0.439396834950811
"16033","Clark County, ID","Idaho","ID",4127.21768308244,16062.2526510906,0.0379704026843584
"16035","Clearwater County, ID","Idaho","ID",379651.485902661,1003439.07650501,3.03263311522754
"16037","Custer County, ID","Idaho","ID",7650.61817392334,29343.7521554788,0.069758719020235
"16047","Gooding County, ID","Idaho","ID",9486.21143745449,36334.7652325291,0.0876603738592982
"16049","Idaho County, ID","Idaho","ID",100912.278233634,374061.43679654,0.932133864276163
"16059","Lemhi County, ID","Idaho","ID",97986.4471394651,248779.954333741,0.812557930860519
"16060","Jackson County, IL","Illinois","IL",1057070.70569945,3000697.20536692,10.4081258657438
"16061","Lewis County, ID","Idaho","ID",40367.1377813372,158433.183564252,0.363796029833121
"16077","Power County, ID","Idaho","ID",31804.7324755324,121189.931508283,0.316761630621897
"16079","Shoshone County, ID","Idaho","ID",71601.8760852754,271772.377246808,0.677168353965954
"16085","Valley County, ID","Idaho","ID",20714.6555720229,86021.1620351168,0.191025987283074
"16087","Washington County, ID","Idaho","ID",20831.0961966333,86406.5758840337,0.191513762502067
"16100","Eddy County, NM","New Mexico","NM",211457.269928892,513150.419681691,1.73351245541672
"16140","Carroll County, IA","Iowa","IA",200286.138228859,502977.797789401,1.62493741439
"16180","Carson City, NV","Nevada","NV",752760.356512703,3279197.84769411,6.59052493905528
"16220","Natrona County, WY","Wyoming","WY",616611.395237099,2231859.60568396,5.19887493649473
"16260","Iron County, UT","Utah","UT",466402.371628084,1282226.72817173,5.34261259645117
"16300","Benton County, IA","Iowa","IA",1509839.90535483,3708885.72406868,11.9472504199553
"16300","Jones County, IA","Iowa","IA",936226.20473639,2303825.54897065,7.438591975591
"16300","Linn County, IA","Iowa","IA",16630588.1048642,40837914.7712932,131.798741699043
"16340","Polk County, GA","Georgia","GA",565681.671454701,1647682.9881207,6.5733590573853
"16380","Mercer County, OH","Ohio","OH",148746.392314889,390052.26605694,1.42979151752045
"16460","Marion County, IL","Illinois","IL",209813.430286192,541771.441856115,1.9127334977499
"16500","Lewis County, WA","Washington","WA",3611360.00674333,8745225.86961401,28.2690488859863
"16540","Franklin County, PA","Pennsylvania","PA",31045788.9011073,68722624.5937485,260.401199283109
"16580","Champaign County, IL","Illinois","IL",60189460.9777627,172111808.791574,595.528338387127
"16580","Ford County, IL","Illinois","IL",1444011.62970936,4122857.72377361,14.2541561867509
"16580","Piatt County, IL","Illinois","IL",3298998.58495561,9422163.55323266,32.6030242143706
"16620","Boone County, WV","West Virginia","WV",120073.536937319,324199.239346324,1.00786273322458
"16620","Clay County, WV","West Virginia","WV",17748.5755756623,49505.0357066562,0.137268685821019
"16620","Kanawha County, WV","West Virginia","WV",1402250.60610061,3794206.2941792,11.877370109766
"16660","Coles County, IL","Illinois","IL",1830316.43762083,5229729.83844702,18.0830500485197
"16700","Berkeley County, SC","South Carolina","SC",22080075.4123992,63728510.1203791,226.957583051688
"16700","Charleston County, SC","South Carolina","SC",94168893.9004832,272196474.065108,969.519531474371
"16700","Dorchester County, SC","South Carolina","SC",16971660.0924576,49002535.8568021,174.583345611412
"16740","Anson County, NC","North Carolina","NC",570732.774408301,1436033.07593149,5.55199619119806
"16740","Cabarrus County, NC","North Carolina","NC",7487470.6805979,18817199.8628295,72.7623868689255
"16740","Chester County, SC","South Carolina","SC",445017.092282965,1206339.56571284,4.40421695481425
"16740","Gaston County, NC","North Carolina","NC",8150664.93970445,20492536.7870875,79.1753943947738
"16740","Iredell County, NC","North Carolina","NC",8760724.8522694,22037511.046944,85.2922146582791
"16740","Lancaster County, SC","South Carolina","SC",860976.364903423,2393157.6328715,8.74808187257747
"16740","Lincoln County, NC","North Carolina","NC",2666458.06978365,6688476.26585052,25.8843743661591
"16740","Mecklenburg County, NC","North Carolina","NC",51137379.7524,128597975.151131,496.123500169279
"16740","Rowan County, NC","North Carolina","NC",5873966.57143183,14725658.9407199,56.9369498194646
"16740","Union County, NC","North Carolina","NC",7225441.06853951,18112606.5095963,69.9880892562721
"16740","York County, SC","South Carolina","SC",2690854.85061865,7129312.42851938,26.5943890692629
"16820","Albemarle County, VA","Virginia","VA",64220471.5391159,177268419.665499,545.646050580855
"16820","Charlottesville city, VA","Virginia","VA",40848312.6519553,112787931.523999,347.079822649466
"16820","Fluvanna County, VA","Virginia","VA",10166972.1905483,28063427.2718924,86.4134105195533
"16820","Greene County, VA","Virginia","VA",6933848.87611078,19140227.7981625,58.9360437805851
"16820","Nelson County, VA","Virginia","VA",3182247.10496704,8789909.04594053,27.0475587536355
"16860","Catoosa County, GA","Georgia","GA",241431.143032853,671052.124621828,2.59834628507978
"16860","Dade County, GA","Georgia","GA",310311.606470744,907411.593539883,3.62983531159354
"16860","Hamilton County, TN","Tennessee","TN",3566622.28872021,9459818.31452621,34.3638239595184
"16860","Marion County, TN","Tennessee","TN",227596.995417667,607227.065865057,2.26303489681636
"16860","Sequatchie County, TN","Tennessee","TN",62686.4132620311,169440.250157073,0.632743969561897
"16860","Walker County, GA","Georgia","GA",245923.11364047,681717.112100434,2.64375280198094
"16940","Laramie County, WY","Wyoming","WY",1735244.5427807,5521927.70950968,15.6280855678325
"16980","Cook County, IL","Illinois","IL",897441922.933617,2561940946.07556,8874.2337454993
"16980","DeKalb County, IL","Illinois","IL",1643786.07548864,4588469.02045202,16.0865595559375
"16980","DuPage County, IL","Illinois","IL",55223818.4684131,156611452.068329,542.068403473298
"16980","Grundy County, IL","Illinois","IL",1727929.45815959,4889269.82119007,16.9105245411115
"16980","Jasper County, IN","Indiana","IN",508911.320840671,1369628.57885286,4.52435175851795
"16980","Kane County, IL","Illinois","IL",12572150.983174,35404424.7796424,122.76167230575
"16980","Kendall County, IL","Illinois","IL",3643533.42277032,10274503.3135294,35.5540050085657
"16980","Lake County, IL","Illinois","IL",38669437.9697372,109182544.777821,379.537396959218
"16980","Lake County, IN","Indiana","IN",23186180.0970206,65302623.6213453,223.391093682871
"16980","McHenry County, IL","Illinois","IL",7792277.10884638,21740494.805926,76.0857367172876
"16980","Newton County, IN","Indiana","IN",312908.377171829,858202.381457093,2.83159091839598
"16980","Porter County, IN","Indiana","IN",5448256.625384,15220977.3758535,51.824596995701
"16980","Will County, IL","Illinois","IL",29497082.840437,83981956.8719373,290.553289793181
"17009","Brown County, IL","Illinois","IL",33606.6005880204,94689.5919288639,0.327293611756875
"17015","Carroll County, IL","Illinois","IL",86752.6803839319,239855.294580203,0.816822597562323
"17017","Cass County, IL","Illinois","IL",2116275.52671681,5023506.87677768,18.3217060901808
"17020","Butte County, CA","California","CA",2817516.24822581,7617834.54711176,24.829443313701
"17023","Clark County, IL","Illinois","IL",137881.023568897,393240.396701722,1.35799521263382
"17025","Clay County, IL","Illinois","IL",116748.104645515,332350.596606639,1.14729857376654
"17033","Crawford County, IL","Illinois","IL",176279.953195647,492800.708617673,1.67295220128783
"17039","De Witt County, IL","Illinois","IL",706068.923982205,1991926.16499808,6.91757402438859
"17041","Douglas County, IL","Illinois","IL",2478029.6664401,7086134.97918166,24.5172959989844
"17045","Edgar County, IL","Illinois","IL",419252.822333887,1196259.45676511,4.13115878928879
"17047","Edwards County, IL","Illinois","IL",45758.1682093921,129556.262208215,0.48770754251059
"17051","Fayette County, IL","Illinois","IL",181307.253983235,510981.114027785,1.77453922362928
"17055","Franklin County, IL","Illinois","IL",276641.111923563,783625.179921053,2.6812485242744
"17059","Gallatin County, IL","Illinois","IL",14763.9544770875,41287.1196597657,0.138608119483
"17060","Ross County, OH","Ohio","OH",1203380.20785361,3166956.20412333,11.7644015992031
"17061","Greene County, IL","Illinois","IL",1160359.85040695,2790833.40340374,10.1382998494572
"17065","Hamilton County, IL","Illinois","IL",19584.3172506191,55204.999491299,0.188538584518964
"17067","Hancock County, IL","Illinois","IL",208757.507081101,575534.181008344,1.95982039806452
"17069","Hardin County, IL","Illinois","IL",24216.500540791,62531.0600617913,0.228148968199819
"17075","Iroquois County, IL","Illinois","IL",815796.39036305,2323620.93000201,8.02622401795912
"17079","Jasper County, IL","Illinois","IL",72299.6270635881,205974.160592039,0.702422192086285
"17085","Jo Daviess County, IL","Illinois","IL",77702.8463747006,208478.578418933,0.701810328006432
"17087","Johnson County, IL","Illinois","IL",104717.099065331,294568.388083182,0.984189175184349
"17101","Lawrence County, IL","Illinois","IL",104952.522740279,289844.976561788,1.00916003843313
"17125","Mason County, IL","Illinois","IL",89846.7476117718,255402.762411545,0.88528116083633
"17135","Montgomery County, IL","Illinois","IL",267812.535069688,742278.497621591,2.58412376836988
"17139","Moultrie County, IL","Illinois","IL",576845.004238966,1648765.19603327,5.70704299901027
"17140","Boone County, KY","Kentucky","KY",9604052.35714857,25086664.9642977,92.9467148799162
"17140","Bracken County, KY","Kentucky","KY",148432.463813523,388273.900360371,1.32682382656425
"17140","Brown County, OH","Ohio","OH",1288335.76485901,3360270.49393115,12.7412166493369
"17140","Butler County, OH","Ohio","OH",25867316.1702241,67507576.1529899,255.719686061721
"17140","Campbell County, KY","Kentucky","KY",12201993.7136856,31861107.2310801,119.298198031848
"17140","Clermont County, OH","Ohio","OH",19686105.7684297,51324937.5887701,194.437602993499
"17140","Dearborn County, IN","Indiana","IN",3974475.35377539,10400725.4390362,38.6772094067206
"17140","Franklin County, IN","Indiana","IN",1198992.27129518,3159744.11594545,11.4405651724667
"17140","Gallatin County, KY","Kentucky","KY",253299.231519004,663152.100879508,2.27707275897915
"17140","Grant County, KY","Kentucky","KY",608574.979151125,1588460.21549616,5.64508567938411
"17140","Hamilton County, OH","Ohio","OH",161776548.055846,422094202.763525,1599.02814892505
"17140","Kenton County, KY","Kentucky","KY",16081274.7935585,41968217.9412628,156.45250513331
"17140","Ohio County, IN","Indiana","IN",403239.776675082,1062794.0797076,3.84163422121263
"17140","Pendleton County, KY","Kentucky","KY",633213.803333347,1652415.25057972,6.00696226211063
"17140","Warren County, OH","Ohio","OH",15022173.2924809,39193649.0465695,148.301489662909
"17145","Perry County, IL","Illinois","IL",171776.939588518,495488.107876336,1.67381356568951
"17149","Pike County, IL","Illinois","IL",57231.3461149395,160685.810467032,0.552747567343699
"17151","Pope County, IL","Illinois","IL",10876.9685277819,30765.607761538,0.106761999413805
"17153","Pulaski County, IL","Illinois","IL",54001.2581698187,149333.368499313,0.544495418811856
"17157","Randolph County, IL","Illinois","IL",1204535.714957,2887482.47683558,10.5014576259088
"17159","Richland County, IL","Illinois","IL",85367.8918143066,239985.157988123,0.82080628707601
"17165","Saline County, IL","Illinois","IL",128449.467906257,359683.506050597,1.28294209815684
"17169","Schuyler County, IL","Illinois","IL",36010.4191019794,102575.179056741,0.355340243583966
"17173","Shelby County, IL","Illinois","IL",399591.265507894,1136765.43604204,3.92372591532205
"17181","Union County, IL","Illinois","IL",192687.981354818,540874.138643516,1.87807920550641
"17185","Wabash County, IL","Illinois","IL",50291.2005762981,132321.676664254,0.475226674847058
"17187","Warren County, IL","Illinois","IL",116626.984828815,332452.536552558,1.14848710540889
"17189","Washington County, IL","Illinois","IL",90841.4772305745,236264.041419635,0.863054789718913
"17191","Wayne County, IL","Illinois","IL",92748.1943217857,264521.446423896,0.916053486939715
"17193","White County, IL","Illinois","IL",41640.5996308898,115463.784771863,0.404264130167908
"17220","Doddridge County, WV","West Virginia","WV",249289.567740752,691678.863782423,1.95617718364155
"17220","Harrison County, WV","West Virginia","WV",2707306.17295974,7448578.6971168,21.3102151022081
"17220","Taylor County, WV","West Virginia","WV",1065247.03783942,2860239.35813838,8.43176145332045
"17260","Coahoma County, MS","Mississippi","MS",226893.967422441,655352.905545774,2.17543209726096
"17300","Christian County, KY","Kentucky","KY",1071611.69011048,2864839.63990049,10.188744168106
"17300","Montgomery County, TN","Tennessee","TN",9120336.22939769,24524968.4597071,90.9158378755804
"17300","Stewart County, TN","Tennessee","TN",178844.910922971,482309.760210504,1.80545352474286
"17300","Trigg County, KY","Kentucky","KY",129149.475758907,346253.050131167,1.26657438276782
"17340","Lake County, CA","California","CA",591113.922819889,1591546.05945398,5.22724457820679
"17380","Bolivar County, MS","Mississippi","MS",247791.26465652,767601.871816945,2.30326993318609
"17410","Ashtabula County, OH","Ohio","OH",2076623.65283991,5410144.79102495,20.4914655776517
"17410","Cuyahoga County, OH","Ohio","OH",245389126.850238,639955501.7057,2426.22384903792
"17410","Geauga County, OH","Ohio","OH",10361668.7289591,27027988.2663647,102.591362551702
"17410","Lake County, OH","Ohio","OH",24933349.489645,65009905.8154242,246.638247347188
"17410","Lorain County, OH","Ohio","OH",19103316.816668,49852120.1155613,188.695598586455
"17410","Medina County, OH","Ohio","OH",12674667.5639312,33072839.715781,125.353546860576
"17420","Bradley County, TN","Tennessee","TN",515003.681701083,1420220.58067433,5.38087718042238
"17420","Polk County, TN","Tennessee","TN",362166.543618946,1029480.25574821,4.02512897883359
"17500","Glades County, FL","Florida","FL",76001.9974492348,238377.303403465,0.861857001799158
"17500","Hendry County, FL","Florida","FL",123874.477999129,391676.252176935,1.39696184050086
"17540","Clinton County, IA","Iowa","IA",884815.49847445,2173985.385656,7.03137383172139
"17580","Curry County, NM","New Mexico","NM",207074.307053832,484866.036534434,1.6240525189795
"17580","Roosevelt County, NM","New Mexico","NM",69096.7064714637,166921.335906211,0.5649308271535
"17650","Park County, WY","Wyoming","WY",46312.3116332346,133430.608455566,0.451310418654647
"17660","Kootenai County, ID","Idaho","ID",4111654.15318,11274691.1139043,33.4324376045379
"17740","Branch County, MI","Michigan","MI",504322.231644782,1295919.36235962,4.91498644505462
"17780","Brazos County, TX","Texas","TX",54932228.8485636,178908419.712746,648.114497084638
"17780","Burleson County, TX","Texas","TX",2144363.46746139,6974254.73251679,25.2637772355068
"17780","Robertson County, TX","Texas","TX",2289255.82248894,7452117.74709863,26.9873542467962
"17820","El Paso County, CO","Colorado","CO",22962218.3703784,64263497.3157631,220.487987927312
"17820","Teller County, CO","Colorado","CO",487020.321637646,1368714.47120723,4.72857818608868
"17860","Boone County, MO","Missouri","MO",47728195.2709132,112312248.79804,410.618371619922
"17860","Cooper County, MO","Missouri","MO",1397071.29397734,3286248.62154649,12.0154314157907
"17860","Howard County, MO","Missouri","MO",595291.623231877,1423213.64530773,5.19289694582094
"17900","Calhoun County, SC","South Carolina","SC",307319.073736056,883426.504007641,3.17405776505072
"17900","Fairfield County, SC","South Carolina","SC",878482.37499534,2342560.12251626,8.73410414185388
"17900","Kershaw County, SC","South Carolina","SC",1627156.03895624,4592162.3163852,16.5702660520942
"17900","Lexington County, SC","South Carolina","SC",15741993.2240744,45450864.1982017,162.303458144398
"17900","Richland County, SC","South Carolina","SC",31281730.9491993,90305715.0205477,322.272617416715
"17900","Saluda County, SC","South Carolina","SC",161792.346524676,466836.026137557,1.73583301422966
"17980","Chattahoochee County, GA","Georgia","GA",67371.1946333547,187571.200583055,0.74496177680284
"17980","Harris County, GA","Georgia","GA",259353.483870125,745028.901662265,2.96253930946162
"17980","Marion County, GA","Georgia","GA",26778.5841763811,77875.3892599421,0.312070869689969
"17980","Muscogee County, GA","Georgia","GA",1484678.97147707,4237424.79098569,16.7134492732788
"17980","Russell County, AL","Alabama","AL",751976.810011809,1868159.11504433,7.00462893017085
"17980","Stewart County, GA","Georgia","GA",85281.3546980972,261857.315532919,0.981296432881971
"17980","Talbot County, GA","Georgia","GA",44257.624089151,123534.573667041,0.479225056229373
"18009","Blackford County, IN","Indiana","IN",143535.244423504,386117.63981051,1.26395910637746
"18020","Bartholomew County, IN","Indiana","IN",2625054.87775137,7066540.0352657,23.2640677572358
"18025","Crawford County, IN","Indiana","IN",317221.260155796,845716.815225107,2.77281889687282
"18045","Fountain County, IN","Indiana","IN",861509.639800121,2335480.15399869,7.71157297270477
"18049","Fulton County, IN","Indiana","IN",207948.156290928,561638.909015958,1.84434597529295
"18051","Gibson County, IN","Indiana","IN",241064.302586142,647894.921301541,2.12910880254053
"18055","Greene County, IN","Indiana","IN",2841861.81405076,7653602.02600075,25.0812722599909
"18060","Lowndes County, MS","Mississippi","MS",520187.359513483,1602722.43976677,4.67264422207457
"18060","Noxubee County, MS","Mississippi","MS",73566.0204576016,234417.758025049,0.656025074439343
"18075","Jay County, IN","Indiana","IN",333138.301014461,896251.647170796,2.9636984382189
"18079","Jennings County, IN","Indiana","IN",474160.632660076,1268812.21846875,4.26433988552876
"18087","LaGrange County, IN","Indiana","IN",245172.900874403,662917.679698685,2.21489222082449
"18100","Colfax County, NE","Nebraska","NE",36841.1961021671,99431.9297304171,0.33138677636511
"18100","Platte County, NE","Nebraska","NE",653088.555384238,1693692.95503022,5.99565288067963
"18101","Martin County, IN","Indiana","IN",73335.331348651,197541.135709472,0.646950597208779
"18117","Orange County, IN","Indiana","IN",500218.143474525,1343030.9838081,4.41131544948712
"18121","Parke County, IN","Indiana","IN",445980.39856337,1199784.94452148,3.92650261422909
"18123","Perry County, IN","Indiana","IN",281118.419687305,755439.309516925,2.48482405597782
"18125","Pike County, IN","Indiana","IN",86978.6095448532,232738.256803757,0.763350928613479
"18131","Pulaski County, IN","Indiana","IN",181705.293873284,491652.704365026,1.61709028562012
"18135","Randolph County, IN","Indiana","IN",488036.736377537,1313993.8819078,4.32775808322737
"18137","Ripley County, IN","Indiana","IN",703067.802594011,1856198.04402844,6.66015998596485
"18139","Rush County, IN","Indiana","IN",275514.728245307,738681.265964058,2.45071285642521
"18140","Delaware County, OH","Ohio","OH",28904984.6583943,75385839.642305,285.918055922646
"18140","Fairfield County, OH","Ohio","OH",12090070.0161625,31498175.7413986,119.245283064713
"18140","Franklin County, OH","Ohio","OH",246828351.877581,643820359.004171,2440.74806844256
"18140","Hocking County, OH","Ohio","OH",482579.406691052,1259184.06051184,4.77059492400112
"18140","Licking County, OH","Ohio","OH",10504548.973554,27403420.9348309,103.95945007153
"18140","Madison County, OH","Ohio","OH",3918785.27202135,10226980.3034974,38.8191229775204
"18140","Morrow County, OH","Ohio","OH",505110.262699864,1313942.06971667,4.98664892020644
"18140","Perry County, OH","Ohio","OH",754308.79983219,1913768.3914158,7.01659242124615
"18140","Pickaway County, OH","Ohio","OH",4849488.06117721,12640363.8374938,47.9562045687419
"18140","Union County, OH","Ohio","OH",6352495.36704955,16562937.2916699,62.8673516963328
"18143","Scott County, IN","Indiana","IN",301522.991921228,806787.448806649,2.68074936737876
"18147","Spencer County, IN","Indiana","IN",115551.957048501,310233.680727144,1.03365751715444
"18149","Starke County, IN","Indiana","IN",247150.064390225,670197.518017919,2.2100440408887
"18155","Switzerland County, IN","Indiana","IN",196009.097324757,521764.576337108,1.76671709818058
"18161","Union County, IN","Indiana","IN",276820.74501041,725053.264851627,2.59936771998902
"18180","Merrimack County, NH","New Hampshire","NH",8684836.90570467,20239383.3339709,64.6935155993208
"18220","Fayette County, IN","Indiana","IN",416505.326926469,1111511.29123911,3.80265222041295
"18260","Jackson County, TN","Tennessee","TN",308044.762665153,831599.015893783,3.08739896838816
"18260","Overton County, TN","Tennessee","TN",325932.096669186,877160.937215987,3.25747260912534
"18260","Putnam County, TN","Tennessee","TN",969654.98970716,2601298.30346154,9.64814716618942
"18260","White County, TN","Tennessee","TN",224629.059533529,609587.134736131,2.28108762980152
"18300","Coos County, OR","Oregon","OR",420438.12549805,1062054.61303157,3.67443130126018
"18340","Clay County, KY","Kentucky","KY",563446.579283998,1472837.26803233,4.84643417724354
"18340","Knox County, KY","Kentucky","KY",216683.025353092,566745.390732917,1.86666236013713
"18340","Laurel County, KY","Kentucky","KY",1447063.39490431,3779523.36360086,12.4502897127936
"18340","Whitley County, KY","Kentucky","KY",180422.615809287,471507.110355547,1.56206098647037
"18380","Crisp County, GA","Georgia","GA",131588.042581205,377444.57024244,1.48047850648648
"18420","Alcorn County, MS","Mississippi","MS",148534.983843829,438500.426839019,1.38622732299535
"18460","Habersham County, GA","Georgia","GA",402761.229502076,1182444.38612631,4.74433319864511
"18500","Steuben County, NY","New York","NY",3587921.51167916,8464695.15598871,25.6604880142124
"18580","Aransas County, TX","Texas","TX",89036.3321358932,289803.851672366,1.04948326200281
"18580","Nueces County, TX","Texas","TX",2196884.99357466,7069625.58793443,25.4632547223227
"18580","San Patricio County, TX","Texas","TX",342860.954968417,1110093.85809772,4.03634374767982
"18620","Navarro County, TX","Texas","TX",1041777.42929513,3388364.06723638,12.2662915389707
"18660","Cortland County, NY","New York","NY",6337532.38295139,14947918.290885,45.1454922338985
"18700","Benton County, OR","Oregon","OR",16039950.4681678,38945586.3240696,141.075121624575
"18740","Coshocton County, OH","Ohio","OH",575166.72882248,1496718.49062993,5.65507576085228
"18820","Montgomery County, IN","Indiana","IN",1220530.76566901,3295565.56294665,10.8528539893337
"18860","Del Norte County, CA","California","CA",153830.835148522,424882.893667681,1.35153749988438
"18880","Okaloosa County, FL","Florida","FL",1034618.98441656,3157909.97106026,11.1624865475302
"18880","Walton County, FL","Florida","FL",304243.077453051,947886.591407484,3.34107255607757
"18900","Cumberland County, TN","Tennessee","TN",590381.587504134,1596072.87164521,5.93211270001545
"18980","Cullman County, AL","Alabama","AL",4381304.91378285,10838681.7737814,40.5258800345992
"19001","Adair County, IA","Iowa","IA",52485.0847803696,129399.073734985,0.416384082892629
"19003","Adams County, IA","Iowa","IA",67069.5192379103,164764.263947409,0.530074391081909
"19005","Allamakee County, IA","Iowa","IA",235868.514474742,581073.290442532,1.98157852485636
"19007","Appanoose County, IA","Iowa","IA",131431.55963184,326357.683531041,1.0566451163873
"19009","Audubon County, IA","Iowa","IA",40398.2284378305,103192.400753695,0.338026257032566
"19019","Buchanan County, IA","Iowa","IA",334234.161175236,826144.079409234,2.86093751011128
"19023","Butler County, IA","Iowa","IA",139854.678618567,346555.153352686,1.2249268557674
"19025","Calhoun County, IA","Iowa","IA",55398.8893430201,137908.392477816,0.450694331671397
"19029","Cass County, IA","Iowa","IA",316178.251879644,803301.100896781,2.74851672454971
"19031","Cedar County, IA","Iowa","IA",4642606.70583418,11405261.6688327,36.7210345552963
"19035","Cherokee County, IA","Iowa","IA",50854.2119356412,138213.173368778,0.420193526384332
"19037","Chickasaw County, IA","Iowa","IA",183332.264986822,452314.497247434,1.53349456067137
"19039","Clarke County, IA","Iowa","IA",136165.348963741,337157.031750826,1.09976494196245
"19043","Clayton County, IA","Iowa","IA",311542.461132471,768999.527024291,2.63833501822022
"19047","Crawford County, IA","Iowa","IA",467407.130818976,1208609.13303971,4.17243915299323
"19051","Davis County, IA","Iowa","IA",102452.778336929,251627.920599072,0.809775385495292
"19053","Decatur County, IA","Iowa","IA",201084.474001984,496472.62539455,1.62437380563371
"19055","Delaware County, IA","Iowa","IA",232220.04945656,575303.690903614,1.90417959310212
"19060","Allegany County, MD","Maryland","MD",1372998.50220412,3143347.42879751,11.416370083896
"19060","Mineral County, WV","West Virginia","WV",1669542.29377989,3819278.08434375,13.8248790515724
"19063","Emmet County, IA","Iowa","IA",44237.5639116496,117086.640866564,0.368039090497681
"19065","Fayette County, IA","Iowa","IA",161077.088698443,397006.33606494,1.39385438963248
"19067","Floyd County, IA","Iowa","IA",109485.374775632,273212.053290679,0.941315848403552
"19069","Franklin County, IA","Iowa","IA",137713.24885711,342080.983768117,1.16595805259202
"19071","Fremont County, IA","Iowa","IA",217477.500363727,560479.956899488,1.97618354168566
"19073","Greene County, IA","Iowa","IA",406730.79079025,1053161.4836131,3.67505196082251
"19079","Hamilton County, IA","Iowa","IA",284998.937333462,701292.864717379,2.25733527096984
"19081","Hancock County, IA","Iowa","IA",239179.683171514,589400.839027008,2.0251673261434
"19083","Hardin County, IA","Iowa","IA",268852.779580377,660494.792819486,2.13544056694141
"19087","Henry County, IA","Iowa","IA",1327125.04344346,3265050.17994037,10.5176028958943
"19089","Howard County, IA","Iowa","IA",133309.247830299,328495.809782552,1.10982588088691
"19091","Humboldt County, IA","Iowa","IA",78967.457335167,194824.105752505,0.625715776890645
"19093","Ida County, IA","Iowa","IA",25708.7738829115,66121.7248796064,0.211555239943379
"19095","Iowa County, IA","Iowa","IA",4926631.38329117,12099793.246778,38.9546664635243
"19097","Jackson County, IA","Iowa","IA",205418.48374929,506953.781142654,1.63540915045386
"19100","Collin County, TX","Texas","TX",40425718.2171599,130930737.303876,473.878877792754
"19100","Dallas County, TX","Texas","TX",173554027.385893,564185110.903973,2044.12162742857
"19100","Denton County, TX","Texas","TX",34724674.6100533,112864977.927568,408.84886623888
"19100","Ellis County, TX","Texas","TX",7434434.43897949,24175202.7363158,87.5241296093999
"19100","Hunt County, TX","Texas","TX",1133336.38512834,3668211.52103178,13.2163362216185
"19100","Johnson County, TX","Texas","TX",6008855.19154151,19553030.686115,70.79984121696
"19100","Kaufman County, TX","Texas","TX",4700774.55556694,15301718.0557536,55.4299726471944
"19100","Parker County, TX","Texas","TX",5524337.43191325,17978999.1408519,65.1162630150332
"19100","Rockwall County, TX","Texas","TX",3625560.75946037,11805650.312566,42.7639620734292
"19100","Tarrant County, TX","Texas","TX",108093407.336798,351301326.298942,1272.60076647693
"19100","Wise County, TX","Texas","TX",695926.71283188,2266533.25531623,8.20849620887127
"19101","Jefferson County, IA","Iowa","IA",137701.103386,341064.736183297,1.12840835195354
"19107","Keokuk County, IA","Iowa","IA",242953.139450641,598023.64907082,1.93127965963582
"19109","Kossuth County, IA","Iowa","IA",126990.611313938,315285.61454857,1.06471194547106
"19115","Louisa County, IA","Iowa","IA",933409.348600329,2300383.88287753,7.41958112602435
"19117","Lucas County, IA","Iowa","IA",99021.0167165984,245170.836914246,0.790441269950312
"19119","Lyon County, IA","Iowa","IA",50008.5464552767,133990.823924484,0.410589551962647
"19131","Mitchell County, IA","Iowa","IA",167702.509222924,415369.326667869,1.44146297972775
"19133","Monona County, IA","Iowa","IA",68911.2823767662,177053.377552979,0.585359780512758
"19135","Monroe County, IA","Iowa","IA",100539.538396787,253362.495330049,0.83776881964875
"19137","Montgomery County, IA","Iowa","IA",94679.4987809309,249194.439427106,0.846425779860529
"19140","Murray County, GA","Georgia","GA",210772.248145442,607802.957405263,2.40543005189124
"19140","Whitfield County, GA","Georgia","GA",1166915.7219127,3202939.03564632,12.3874557483044
"19141","O'Brien County, IA","Iowa","IA",39453.7498233118,106394.495909179,0.336010713818363
"19143","Osceola County, IA","Iowa","IA",9671.19385581479,27404.6996721902,0.0800426792471433
"19145","Page County, IA","Iowa","IA",435953.128174649,1119880.97290437,3.89011443207843
"19147","Palo Alto County, IA","Iowa","IA",26546.6222710943,71869.3204112617,0.229683566766362
"19151","Pocahontas County, IA","Iowa","IA",50030.7943463273,126990.512496357,0.405840272714289
"19157","Poweshiek County, IA","Iowa","IA",530138.204048735,1296957.06622826,4.15741530168966
"19159","Ringgold County, IA","Iowa","IA",66973.1138938912,164713.512578453,0.530257525518273
"19161","Sac County, IA","Iowa","IA",39355.2708155811,105859.344211098,0.321395640297014
"19165","Shelby County, IA","Iowa","IA",88081.9002399866,221725.11256329,0.740078529824022
"19167","Sioux County, IA","Iowa","IA",334900.495109502,857019.144214103,2.76044082414162
"19171","Tama County, IA","Iowa","IA",346017.322642508,857882.87457342,2.78867881987933
"19173","Taylor County, IA","Iowa","IA",50696.533605366,125225.784042058,0.404428344308345
"19175","Union County, IA","Iowa","IA",219331.040187649,541624.45484142,1.7703081525526
"19177","Van Buren County, IA","Iowa","IA",53722.0666795212,132804.585674355,0.429173783714004
"19180","Vermilion County, IL","Illinois","IL",6549039.95127792,18684750.9420085,64.594672862488
"19185","Wayne County, IA","Iowa","IA",96119.0093702891,235071.544620702,0.771652437061625
"19189","Winnebago County, IA","Iowa","IA",88658.29723743,218968.25495808,0.783791205258572
"19191","Winneshiek County, IA","Iowa","IA",239413.431221555,591774.851791904,2.04069533549428
"19197","Wright County, IA","Iowa","IA",63710.5636483218,163804.080951731,0.534237493944044
"19220","Boyle County, KY","Kentucky","KY",1580183.30857232,4130076.70562182,13.6619489171902
"19220","Lincoln County, KY","Kentucky","KY",647448.537879354,1693203.30425749,5.6593939591241
"19260","Danville city, VA","Virginia","VA",1257003.43994768,3434307.23778697,10.7877275347759
"19260","Pittsylvania County, VA","Virginia","VA",1421782.17007255,3765551.71452342,12.6713913990874
"19300","Baldwin County, AL","Alabama","AL",2325990.93511054,5811590.83546331,21.5599529736044
"19340","Henry County, IL","Illinois","IL",456547.664051663,1223387.32111091,4.1118933797891
"19340","Mercer County, IL","Illinois","IL",309920.295181301,773705.879119898,2.79254241970595
"19340","Rock Island County, IL","Illinois","IL",2133722.64475638,5584816.9272547,19.1276221558826
"19340","Scott County, IA","Iowa","IA",4163051.03841107,10253257.4999957,33.0666005864536
"19430","Greene County, OH","Ohio","OH",3875698.61777093,10118770.8085716,38.2624311571386
"19430","Miami County, OH","Ohio","OH",1065574.73505107,2788750.6569667,10.4918577587726
"19430","Montgomery County, OH","Ohio","OH",9347737.9604394,24405886.293873,91.9362517895597
"19460","Lawrence County, AL","Alabama","AL",422643.442984992,1056830.95385517,3.94119173966234
"19460","Morgan County, AL","Alabama","AL",2227817.47053838,5545306.46376898,20.7396964390624
"19500","Macon County, IL","Illinois","IL",3871203.70565065,11027292.4720385,38.1550267420205
"19540","Adams County, IN","Indiana","IN",479509.890766916,1283415.69983885,4.27990601726427
"19580","Defiance County, OH","Ohio","OH",263344.676907594,687901.184044428,2.58179154841322
"19620","Val Verde County, TX","Texas","TX",464746.235380052,1511778.04070574,5.47259005107207
"19660","Flagler County, FL","Florida","FL",2685709.23849159,8598200.32854894,30.0077979921798
"19660","Volusia County, FL","Florida","FL",3297198.37814598,10501690.1880632,36.5886912979925
"19700","Luna County, NM","New Mexico","NM",120441.283360012,295259.723104288,0.998140620035952
"19740","Adams County, CO","Colorado","CO",45526467.7200073,127509494.711804,437.034539729113
"19740","Arapahoe County, CO","Colorado","CO",102251758.052483,286201758.443189,981.09489315434
"19740","Broomfield County, CO","Colorado","CO",8666110.94601173,24257318.978494,83.1467049948755
"19740","Clear Creek County, CO","Colorado","CO",448825.612909757,1252041.7401589,4.32101454270741
"19740","Denver County, CO","Colorado","CO",132145431.033767,370063269.256724,1268.51202495542
"19740","Douglas County, CO","Colorado","CO",28797053.9602623,80693885.6638228,276.503380858316
"19740","Elbert County, CO","Colorado","CO",1854333.55306933,5195159.19592073,17.8050728329179
"19740","Gilpin County, CO","Colorado","CO",442714.76785921,1240007.75238392,4.2492320199621
"19740","Jefferson County, CO","Colorado","CO",50516653.7149677,141356164.243511,484.905345225052
"19740","Park County, CO","Colorado","CO",170379.304079308,479134.739250245,1.64491869647772
"19760","Beauregard Parish, LA","Louisiana","LA",110592.041508889,310366.03577204,1.10202190013596
"19780","Dallas County, IA","Iowa","IA",1298465.79439177,3204342.76360138,10.3804206143936
"19780","Guthrie County, IA","Iowa","IA",100598.344852232,262779.252724342,0.874541719739572
"19780","Jasper County, IA","Iowa","IA",451576.280108595,1108858.5352982,3.61465108495393
"19780","Madison County, IA","Iowa","IA",185025.614419324,455042.451068679,1.46547293110858
"19780","Polk County, IA","Iowa","IA",6690243.00368109,16536645.1779764,53.7666639994046
"19780","Warren County, IA","Iowa","IA",691346.188437244,1708410.5394085,5.57465502153153
"19810","Becker County, MN","Minnesota","MN",342988.94283507,1005268.17662525,2.9030660766773
"19820","Lapeer County, MI","Michigan","MI",1129527.34009978,2900171.52890877,10.9471278083832
"19820","Livingston County, MI","Michigan","MI",48694912.9350188,124089736.09862,472.296854216403
"19820","Macomb County, MI","Michigan","MI",26000864.5629885,66234880.5279126,251.160978695278
"19820","Oakland County, MI","Michigan","MI",88950995.1531498,226582459.791659,858.493244943618
"19820","St. Clair County, MI","Michigan","MI",2478005.30146148,6328900.06827766,24.036382489146
"19820","Wayne County, MI","Michigan","MI",163133810.205945,415686723.312933,1581.40999554956
"19860","Billings County, ND","North Dakota","ND",0,0,0
"19860","Dunn County, ND","North Dakota","ND",10408.6780660478,37732.5862037718,0.0780944428517141
"19860","Stark County, ND","North Dakota","ND",45178.2550239261,158535.502396981,0.347623729084078
"19940","Lee County, IL","Illinois","IL",329944.126559279,937009.032043638,3.251768269211
"19980","Ford County, KS","Kansas","KS",213157.641372993,582393.256015649,1.74864260014788
"20001","Allen County, KS","Kansas","KS",38996.6983355678,107571.48883387,0.316169708199934
"20003","Anderson County, KS","Kansas","KS",6503.72063436684,17966.5189058919,0.0526817293151492
"20007","Barber County, KS","Kansas","KS",31330.9727247729,82777.7503609885,0.282050825601663
"20011","Bourbon County, KS","Kansas","KS",169128.482537643,466811.469542567,1.37049511146783
"20013","Brown County, KS","Kansas","KS",289867.144198879,800893.948997123,2.350275674411
"20019","Chautauqua County, KS","Kansas","KS",897.529730691067,2385.7181364249,0.00738396623491548
"20020","Geneva County, AL","Alabama","AL",135670.235310208,349809.456439639,1.33519153049648
"20020","Henry County, AL","Alabama","AL",135751.745006245,347368.177110473,1.31949688304007
"20020","Houston County, AL","Alabama","AL",903783.445170897,2289073.23132525,8.58025333425975
"20023","Cheyenne County, KS","Kansas","KS",11282.5994396999,31155.1860205057,0.0914757304571405
"20025","Clark County, KS","Kansas","KS",117525.930738881,324674.699409698,0.952003465696285
"20027","Clay County, KS","Kansas","KS",80363.6628025278,224036.322351179,0.667104876960206
"20029","Cloud County, KS","Kansas","KS",66086.0851812131,182346.312723899,0.537585848417696
"20031","Coffey County, KS","Kansas","KS",122474.459774077,336138.113791777,0.994720398278054
"20033","Comanche County, KS","Kansas","KS",10844.0868876852,29957.5472958679,0.0878371037902505
"20039","Decatur County, KS","Kansas","KS",12844.1362420117,35455.2576600706,0.104210853551438
"20041","Dickinson County, KS","Kansas","KS",261802.162526092,724706.975549152,2.1490991447473
"20047","Edwards County, KS","Kansas","KS",16556.4072139768,45737.2009778118,0.134115993803796
"20049","Elk County, KS","Kansas","KS",2782.44599972193,7776.06941975728,0.0226799820232736
"20053","Ellsworth County, KS","Kansas","KS",71414.0984184171,189990.989974201,0.588994866382526
"20060","Atkinson County, GA","Georgia","GA",24659.5688219908,72260.9492988792,0.287916000121038
"20060","Coffee County, GA","Georgia","GA",93541.5110011482,273728.205641176,1.08122352597645
"20063","Gove County, KS","Kansas","KS",1410.51467276674,4002.8199230728,0.0115786803444438
"20065","Graham County, KS","Kansas","KS",30419.427734995,82913.0921362643,0.24014837171557
"20067","Grant County, KS","Kansas","KS",52277.836761365,144927.827752533,0.447037184757416
"20069","Gray County, KS","Kansas","KS",7348.55030990992,20699.336102466,0.0656728226195357
"20071","Greeley County, KS","Kansas","KS",83.0076981799548,225.161605985369,0.000662115433135152
"20073","Greenwood County, KS","Kansas","KS",5252.41506137289,14234.6480670679,0.0433234969628042
"20075","Hamilton County, KS","Kansas","KS",1161.53964423774,3558.98009539427,0.010094221180001
"20077","Harper County, KS","Kansas","KS",16856.8548509643,45947.4117019778,0.136345927217969
"20081","Haskell County, KS","Kansas","KS",2724.95076891901,7200.63347405127,0.022938416780524
"20083","Hodgeman County, KS","Kansas","KS",24938.5424966742,68950.2029829934,0.20214708796784
"20089","Jewell County, KS","Kansas","KS",28296.8360627993,78161.9225820292,0.22935852188531
"20093","Kearny County, KS","Kansas","KS",777.842145340823,2164.26543597507,0.00690463435322323
"20095","Kingman County, KS","Kansas","KS",23225.1327788647,64277.0305331521,0.193864930203577
"20097","Kiowa County, KS","Kansas","KS",35408.140624353,97817.4611102938,0.28680593905726
"20099","Labette County, KS","Kansas","KS",60723.5747484109,163302.731696956,0.510861394186637
"20100","Kent County, DE","Delaware","DE",10544914.0426917,24824905.905993,62.7457567073266
"20101","Lane County, KS","Kansas","KS",1938.41528366351,5355.52732451868,0.0157050493129239
"20105","Lincoln County, KS","Kansas","KS",12421.9260113139,34316.4540752132,0.100617894633272
"20109","Logan County, KS","Kansas","KS",35992.8784467192,99433.1373855262,0.291553957524742
"20115","Marion County, KS","Kansas","KS",77021.0673764365,210564.35464444,0.629574313203944
"20117","Marshall County, KS","Kansas","KS",69659.4454693618,192936.983109403,0.57066912616761
"20119","Meade County, KS","Kansas","KS",2110.3588638244,5831.12235821393,0.0171373335083236
"20123","Mitchell County, KS","Kansas","KS",156534.745773288,434488.443956806,1.28336381347448
"20125","Montgomery County, KS","Kansas","KS",117764.013771997,326555.700206905,1.02632199838204
"20127","Morris County, KS","Kansas","KS",120451.706149052,333542.633886614,0.981921958735412
"20129","Morton County, KS","Kansas","KS",15617.6902824379,41240.6566138116,0.125231885938087
"20131","Nemaha County, KS","Kansas","KS",128566.827538622,329474.886979958,1.09443818133564
"20133","Neosho County, KS","Kansas","KS",48997.3358027017,133143.151603514,0.399621364531129
"20135","Ness County, KS","Kansas","KS",117265.32556112,323954.759407446,0.949892563756415
"20137","Norton County, KS","Kansas","KS",17250.4465697216,47648.2607862055,0.139815212181851
"20140","Johnson County, GA","Georgia","GA",66602.3823753368,195632.088546798,0.785877604221566
"20140","Laurens County, GA","Georgia","GA",561198.352442005,1617667.73755989,6.45709211139911
"20141","Osborne County, KS","Kansas","KS",7743.61255835642,21400.8726134749,0.0629570135437
"20145","Pawnee County, KS","Kansas","KS",260474.552148411,719580.503221705,2.11079993496024
"20147","Phillips County, KS","Kansas","KS",7747.60343692609,21053.2653943135,0.0636684686581181
"20151","Pratt County, KS","Kansas","KS",22199.0360286938,61740.2534881107,0.203472320178443
"20153","Rawlins County, KS","Kansas","KS",8111.03426096619,22408.9836442848,0.0666519574326336
"20157","Republic County, KS","Kansas","KS",49690.372187206,136197.873669911,0.411985811585266
"20159","Rice County, KS","Kansas","KS",3087.15035574861,8697.78566479893,0.0273645075377304
"20163","Rooks County, KS","Kansas","KS",13783.9064725463,36782.8520941643,0.111155900507507
"20165","Rush County, KS","Kansas","KS",6295.83301839913,17392.6783664713,0.050996247449033
"20167","Russell County, KS","Kansas","KS",56828.9957787973,153878.655393829,0.452907035595488
"20171","Scott County, KS","Kansas","KS",7620.3072797011,21458.4599237745,0.0618838275812954
"20179","Sheridan County, KS","Kansas","KS",8897.71797415939,24755.6027088859,0.0746959949197644
"20180","Clearfield County, PA","Pennsylvania","PA",9264709.31993159,22282059.0874456,78.7565790730644
"20181","Sherman County, KS","Kansas","KS",23310.9493343204,64407.3796490714,0.189116726332228
"20183","Smith County, KS","Kansas","KS",17526.3096964269,48109.702392055,0.142651258534259
"20185","Stafford County, KS","Kansas","KS",132998.465356324,367566.944694433,1.07904888427469
"20187","Stanton County, KS","Kansas","KS",2010.88067881592,6508.48875411106,0.0234227603219977
"20189","Stevens County, KS","Kansas","KS",997.266433992758,2764.1358329501,0.00851550743779752
"20193","Thomas County, KS","Kansas","KS",18389.6054151262,50802.5691496085,0.148955803862523
"20195","Trego County, KS","Kansas","KS",6012.99052653007,16783.2647989575,0.0500250988107889
"20199","Wallace County, KS","Kansas","KS",453.340841600706,1257.47761461257,0.00382576542522193
"20201","Washington County, KS","Kansas","KS",55568.7148790804,153511.592045694,0.450160129518757
"20203","Wichita County, KS","Kansas","KS",588.834603716294,1648.85809810777,0.00563765877945911
"20205","Wilson County, KS","Kansas","KS",16157.9562880616,44670.3658076097,0.132443062330143
"20207","Woodson County, KS","Kansas","KS",7351.08431481435,19950.0157855891,0.0599442564147618
"20220","Dubuque County, IA","Iowa","IA",1871901.13323054,4602225.89927569,14.8793661839771
"20260","Carlton County, MN","Minnesota","MN",657418.300489806,1649773.00316884,5.97088974295534
"20260","Douglas County, WI","Wisconsin","WI",589463.903491796,1431975.30414564,5.4280440467176
"20260","St. Louis County, MN","Minnesota","MN",3194926.45786215,7925556.01103355,29.0927050880149
"20300","Moore County, TX","Texas","TX",43916.1570388761,140617.588672355,0.509648005151936
"20340","Stephens County, OK","Oklahoma","OK",250436.618678543,705197.770517394,2.62429421534305
"20420","La Plata County, CO","Colorado","CO",695323.788368844,1957223.75160392,6.67941225022348
"20460","Bryan County, OK","Oklahoma","OK",134207.112071607,384629.589411147,1.42177807885327
"20500","Chatham County, NC","North Carolina","NC",69676464.721861,174339707.239467,675.74116439313
"20500","Durham County, NC","North Carolina","NC",524189254.10682,1311511380.38654,5084.17299660181
"20500","Orange County, NC","North Carolina","NC",327736903.064259,819988596.62528,3179.05873983785
"20500","Person County, NC","North Carolina","NC",24147745.551259,60407296.5419629,234.139750708994
"20540","Dyer County, TN","Tennessee","TN",437785.73512982,1179770.57528756,4.37235182483771
"20580","Maverick County, TX","Texas","TX",298002.93504399,964781.406483946,3.48581448900278
"20660","Talbot County, MD","Maryland","MD",6410020.564463,14073503.2072754,53.3675429256642
"20700","Monroe County, PA","Pennsylvania","PA",4621474.23838566,11149286.5266211,34.9808907473895
"20740","Chippewa County, WI","Wisconsin","WI",826478.767291524,2025780.40685273,7.63499196316726
"20740","Eau Claire County, WI","Wisconsin","WI",1894692.37310758,4620757.42183704,17.4337920158811
"20780","Eagle County, CO","Colorado","CO",1404312.3686372,3930397.91349652,13.4394461881732
"20820","Cumberland County, IL","Illinois","IL",306554.925662026,876157.42390976,3.02999969676059
"20820","Effingham County, IL","Illinois","IL",307146.11510904,857549.602863731,2.9727155172033
"20900","Wharton County, TX","Texas","TX",1697098.03702476,5527749.30825026,20.0223841141756
"20940","Imperial County, CA","California","CA",2245125.22438901,6042221.61175491,19.8574282351923
"20980","Union County, AR","Arkansas","AR",233069.147658322,658140.756317502,2.07825888906707
"21001","Adair County, KY","Kentucky","KY",287266.651392026,751874.275785225,2.48803134220241
"21020","Pasquotank County, NC","North Carolina","NC",1326018.22569716,3340222.31896209,12.8266420257459
"21025","Breathitt County, KY","Kentucky","KY",32502.5130725687,91394.7072166181,0.352863224441975
"21027","Breckinridge County, KY","Kentucky","KY",340320.675450883,889617.24806561,2.93599875138931
"21033","Caldwell County, KY","Kentucky","KY",24945.4533709523,66206.8911373403,0.232058596291853
"21041","Carroll County, KY","Kentucky","KY",143324.460185646,373986.548851638,1.32324529125177
"21045","Casey County, KY","Kentucky","KY",107238.815143408,280399.603562838,0.922622797230055
"21053","Clinton County, KY","Kentucky","KY",102460.190020339,267859.658082352,0.881348891975525
"21055","Crittenden County, KY","Kentucky","KY",71519.6432562376,186960.878203853,0.615092472852756
"21057","Cumberland County, KY","Kentucky","KY",120315.716238493,315388.584090598,1.05278923970728
"21060","Hardin County, KY","Kentucky","KY",1783714.2051809,4671814.52633844,15.498636834733
"21060","Larue County, KY","Kentucky","KY",527723.854340837,1379827.90307641,4.53974803097082
"21063","Elliott County, KY","Kentucky","KY",115838.91591087,304141.361004306,0.990796861310196
"21069","Fleming County, KY","Kentucky","KY",476422.930366534,1252080.90370037,4.17773884996704
"21075","Fulton County, KY","Kentucky","KY",16549.1059919197,47057.0654538892,0.158035100332416
"21079","Garrard County, KY","Kentucky","KY",1077276.61352172,2816964.49992066,9.37435430502909
"21085","Grayson County, KY","Kentucky","KY",344742.345659182,891457.826403267,2.95201505505391
"21091","Hancock County, KY","Kentucky","KY",20887.1478356743,56845.3016381574,0.203810597973456
"21095","Harlan County, KY","Kentucky","KY",267379.677729996,700227.050927102,2.30308511201907
"21097","Harrison County, KY","Kentucky","KY",534928.057134896,1422742.79791889,4.74030083437095
"21099","Hart County, KY","Kentucky","KY",609077.862806761,1596986.81595113,5.32577960113888
"21105","Hickman County, KY","Kentucky","KY",7161.63963193311,19075.9592289195,0.063305927663319
"21109","Jackson County, KY","Kentucky","KY",202971.962292105,530646.733564057,1.74646453287454
"21115","Johnson County, KY","Kentucky","KY",172930.098584066,452220.639385741,1.48731983425599
"21119","Knott County, KY","Kentucky","KY",106019.220082599,277121.544976981,0.910864464200498
"21120","Beckham County, OK","Oklahoma","OK",200802.324452554,561071.240359809,2.09716978637559
"21129","Lee County, KY","Kentucky","KY",100123.240469053,261725.823193786,0.861423763982857
"21131","Leslie County, KY","Kentucky","KY",165543.966194785,432484.189621382,1.43049350660611
"21133","Letcher County, KY","Kentucky","KY",111153.819630455,290478.905670136,0.956124188595302
"21135","Lewis County, KY","Kentucky","KY",168120.196235926,439626.732701054,1.50440601084317
"21140","Elkhart County, IN","Indiana","IN",2007982.27382394,5397945.93323303,17.9272611874098
"21141","Logan County, KY","Kentucky","KY",551013.256188945,1475690.1009267,5.22555956725879
"21143","Lyon County, KY","Kentucky","KY",90781.1834237579,244016.608529928,0.903023430449665
"21147","McCreary County, KY","Kentucky","KY",237075.907462035,621852.96981609,2.07622083273418
"21153","Magoffin County, KY","Kentucky","KY",108868.474448904,284327.538559167,0.940165203696169
"21155","Marion County, KY","Kentucky","KY",313541.35489807,819825.179499337,2.71192629672605
"21157","Marshall County, KY","Kentucky","KY",127675.531327276,339379.415385269,1.18561957929169
"21159","Martin County, KY","Kentucky","KY",60745.6960771415,158963.656141172,0.524929930270571
"21161","Mason County, KY","Kentucky","KY",715877.879809118,1867187.6522643,6.28881570442389
"21167","Mercer County, KY","Kentucky","KY",775981.219730896,2027973.61161549,6.7080571201184
"21171","Monroe County, KY","Kentucky","KY",121254.845559513,317972.690173153,1.06072729230725
"21175","Morgan County, KY","Kentucky","KY",78994.0028057055,204610.233110822,0.74556974316288
"21177","Muhlenberg County, KY","Kentucky","KY",267753.503812475,702991.473756365,2.37783195121952
"21180","Randolph County, WV","West Virginia","WV",255422.115772802,672906.66750604,2.04840153558851
"21181","Nicholas County, KY","Kentucky","KY",339126.604101746,886378.718671765,2.93532331633686
"21183","Ohio County, KY","Kentucky","KY",161900.422722255,425457.010654033,1.4278723754112
"21187","Owen County, KY","Kentucky","KY",145206.330936866,378420.561450292,1.32436088330618
"21189","Owsley County, KY","Kentucky","KY",15301.12479634,56341.5916798162,0.122337309012387
"21193","Perry County, KY","Kentucky","KY",264650.422909423,691814.749101516,2.2869269828071
"21197","Powell County, KY","Kentucky","KY",347177.562560148,906045.834780635,2.99591633139285
"21201","Robertson County, KY","Kentucky","KY",15910.6390528264,41489.7171556266,0.148889345016452
"21205","Rowan County, KY","Kentucky","KY",1294875.44628389,3385004.23376574,11.3160283955727
"21207","Russell County, KY","Kentucky","KY",64722.2082023075,169109.89451328,0.55691584736231
"21219","Todd County, KY","Kentucky","KY",157965.279174991,420962.399459009,1.49764233766027
"21220","Elko County, NV","Nevada","NV",117377.846915209,380953.887128102,1.1302812328263
"21220","Eureka County, NV","Nevada","NV",19417.9196208602,102367.170010152,0.168953852567145
"21223","Trimble County, KY","Kentucky","KY",79276.7993770999,207234.1299143,0.681900966260789
"21225","Union County, KY","Kentucky","KY",58233.9435621829,153878.017652784,0.542515663298877
"21229","Washington County, KY","Kentucky","KY",151160.463093572,397058.469930805,1.33412304192188
"21231","Wayne County, KY","Kentucky","KY",277167.534160222,725707.393577971,2.39233011019652
"21237","Wolfe County, KY","Kentucky","KY",4611.91114830694,12061.711638478,0.0396672935059323
"21260","Kittitas County, WA","Washington","WA",2423806.7367982,5875686.31087373,18.8901885961373
"21300","Chemung County, NY","New York","NY",3271020.82336275,7741838.13804984,23.7170232243157
"21340","El Paso County, TX","Texas","TX",20359687.5027441,65558872.1743692,236.924731386763
"21340","Hudspeth County, TX","Texas","TX",5722.93381547545,18576.3417340626,0.0671876650590292
"21380","Chase County, KS","Kansas","KS",101038.141028898,279083.310802343,0.818619997786541
"21380","Lyon County, KS","Kansas","KS",381592.491573147,1048052.92008644,3.13433719392379
"21420","Garfield County, OK","Oklahoma","OK",276942.072793233,779825.055777743,2.88153297526839
"21460","Coffee County, AL","Alabama","AL",520154.131761228,1345434.57353576,5.06879514201672
"21500","Erie County, PA","Pennsylvania","PA",9853756.7098817,23757342.8420072,84.0943964157913
"21540","Delta County, MI","Michigan","MI",244056.158800057,633167.036712156,2.37582463246522
"21580","Rio Arriba County, NM","New Mexico","NM",309344.491801728,730880.653671844,2.45601756880181
"21640","Barbour County, AL","Alabama","AL",261110.823918554,648561.718120955,2.42845682976355
"21640","Quitman County, GA","Georgia","GA",13514.7111319994,41419.5695562074,0.155709009541764
"21660","Lane County, OR","Oregon","OR",52061460.8206256,126418242.176774,458.175395767169
"21700","Humboldt County, CA","California","CA",539794.213745751,1473187.76442582,4.74863903565635
"21740","Rich County, UT","Utah","UT",35955.7815536067,98769.7832153665,0.41308639065203
"21740","Uinta County, WY","Wyoming","WY",19891.8492739848,57070.0421060621,0.190561261093989
"21780","Posey County, IN","Indiana","IN",223665.307368239,601728.840150766,1.96956362083293
"21780","Vanderburgh County, IN","Indiana","IN",1897521.2248238,5098835.26104935,16.8404794269553
"21780","Warrick County, IN","Indiana","IN",775269.300736253,2076036.25133985,6.85015578376198
"21820","Fairbanks North Star Borough, AK","Alaska","AK",8545564.99872478,33932065.0589314,66.732624530385
"21860","Martin County, MN","Minnesota","MN",291933.876593322,733757.97272599,2.64167008511233
"21900","Marion County, WV","West Virginia","WV",4553073.1213382,12697450.5218069,35.3511315888
"21980","Churchill County, NV","Nevada","NV",166048.530591055,795488.472850781,1.44891325862658
"22003","Allen Parish, LA","Louisiana","LA",150092.859702358,449023.491335103,1.60634471981761
"22009","Avoyelles Parish, LA","Louisiana","LA",136646.017051092,370000.930010031,1.30796714063539
"22013","Bienville Parish, LA","Louisiana","LA",148406.461770567,413937.390051764,1.46307234043291
"22020","Cass County, ND","North Dakota","ND",5984433.72866955,22055442.3599489,44.3664452789734
"22020","Clay County, MN","Minnesota","MN",1709552.76685514,5774312.96343512,13.4024060575575
"22021","Caldwell Parish, LA","Louisiana","LA",37657.1194025717,106379.144639342,0.374228321647469
"22025","Catahoula Parish, LA","Louisiana","LA",43167.1604721599,119956.903933554,0.42226686014126
"22027","Claiborne Parish, LA","Louisiana","LA",155950.906782541,430816.276582529,1.52261157703086
"22035","East Carroll Parish, LA","Louisiana","LA",25992.6946918654,73953.8380212931,0.262969782611251
"22039","Evangeline Parish, LA","Louisiana","LA",300351.707993877,841836.463751195,2.98721986226122
"22041","Franklin Parish, LA","Louisiana","LA",61341.7633029959,170202.411236848,0.59736361128114
"22049","Jackson Parish, LA","Louisiana","LA",73462.2805851532,207128.906998499,0.735352485616406
"22059","La Salle Parish, LA","Louisiana","LA",48914.0696540921,135805.355583828,0.478834676644721
"22060","Rice County, MN","Minnesota","MN",2969872.46833031,7363657.47028169,26.996264387221
"22065","Madison Parish, LA","Louisiana","LA",25481.0267475547,71393.8597219545,0.248068952333138
"22081","Red River Parish, LA","Louisiana","LA",68560.6844849443,194365.628979673,0.68713337726451
"22085","Sabine Parish, LA","Louisiana","LA",90817.9116686125,252678.614441095,0.892072065322383
"22100","St. Francois County, MO","Missouri","MO",1254784.30803759,2958814.4076868,10.8021457150879
"22107","Tensas Parish, LA","Louisiana","LA",19412.6690442786,54290.079014277,0.191443388451434
"22115","Vernon Parish, LA","Louisiana","LA",178779.499000724,507699.32988572,1.73218402067507
"22123","West Carroll Parish, LA","Louisiana","LA",20198.4464225186,55802.5710284682,0.197617387435559
"22127","Winn Parish, LA","Louisiana","LA",57701.0924423668,166650.257976094,0.588604152195175
"22140","San Juan County, NM","New Mexico","NM",484410.020027922,1222770.21978425,4.21468648022501
"22180","Cumberland County, NC","North Carolina","NC",11049783.8689141,27722151.9181915,106.819545917161
"22180","Hoke County, NC","North Carolina","NC",1658746.45279549,4146294.2435861,16.0098334241927
"22190","Lincoln County, TN","Tennessee","TN",559933.256651371,1472018.33552102,5.47476110100261
"22220","Benton County, AR","Arkansas","AR",1670989.61297471,4685279.95166335,15.0054864750734
"22220","Madison County, AR","Arkansas","AR",55820.632274515,156442.036662831,0.49495678457839
"22220","Washington County, AR","Arkansas","AR",8455891.54130734,23722248.5059549,74.5936958549401
"22260","Otter Tail County, MN","Minnesota","MN",597419.424136278,1609204.50396686,5.29464118483212
"22300","Hancock County, OH","Ohio","OH",526259.22038769,1363903.32624247,5.12882044065633
"22340","Ben Hill County, GA","Georgia","GA",33524.5176994908,98381.1774187066,0.394935823244241
"22380","Coconino County, AZ","Arizona","AZ",10260857.9569962,30121091.8878981,104.593075457667
"22420","Genesee County, MI","Michigan","MI",22716616.2975395,57889480.4540111,220.321413250797
"22500","Darlington County, SC","South Carolina","SC",1463734.97864737,3402698.29439835,12.9260725921746
"22500","Florence County, SC","South Carolina","SC",1015370.26410377,2835513.76184169,10.1380531549686
"22520","Colbert County, AL","Alabama","AL",643786.708435112,1615886.85095765,5.9919253802222
"22520","Lauderdale County, AL","Alabama","AL",917020.024742957,2282106.54122613,8.52013860231544
"22540","Fond du Lac County, WI","Wisconsin","WI",2880788.99047196,6857119.03506352,27.0362683843511
"22580","Rutherford County, NC","North Carolina","NC",1210931.19154208,3053387.59404232,11.7707018439881
"22620","St. Francis County, AR","Arkansas","AR",318678.665911127,871719.27818587,3.10454829104765
"22660","Larimer County, CO","Colorado","CO",59335748.2092674,166327932.05196,568.508838565347
"22700","Webster County, IA","Iowa","IA",278445.872067218,689071.75905364,2.23264204745509
"22780","Pulaski County, MO","Missouri","MO",429163.757609484,1063077.91589444,3.64561892233127
"22800","Lee County, IA","Iowa","IA",569968.927751011,1400413.27069127,4.52526712830018
"22820","Morgan County, CO","Colorado","CO",611375.188294602,1715776.4526421,5.87990050677081
"22840","DeKalb County, AL","Alabama","AL",524320.091113928,1301161.59391225,4.86508501937408
"22900","Crawford County, AR","Arkansas","AR",225675.532246415,639266.61827104,2.03800128287598
"22900","Sebastian County, AR","Arkansas","AR",565863.274186811,1602994.44813297,5.08767461721216
"22900","Sequoyah County, OK","Oklahoma","OK",258352.713456469,719814.762276835,2.60101421683905
"23003","Aroostook County, ME","Maine","ME",472515.721574413,1104888.74781639,4.31285396676275
"23007","Franklin County, ME","Maine","ME",625993.654253882,1460476.73804638,5.76470982760453
"23009","Hancock County, ME","Maine","ME",68282178.5186371,159150044.508052,634.906357280222
"23013","Knox County, ME","Maine","ME",866475.989821427,2023859.35254431,8.0175230208771
"23015","Lincoln County, ME","Maine","ME",1148765.96606751,2644878.30947812,10.1520555851318
"23017","Oxford County, ME","Maine","ME",906805.230973427,2126382.35788054,8.02569877988892
"23021","Piscataquis County, ME","Maine","ME",564777.266577768,1312397.45009555,5.13874069738203
"23025","Somerset County, ME","Maine","ME",864217.878527611,2013909.34905118,7.915445336923
"23027","Waldo County, ME","Maine","ME",1233052.17747189,2867985.14178836,11.3994819146515
"23029","Washington County, ME","Maine","ME",3553238.37079448,8281832.27871335,33.0033534522789
"23060","Allen County, IN","Indiana","IN",5876083.52902459,15596496.5367395,52.8896714318735
"23060","Wells County, IN","Indiana","IN",280266.955961958,758657.621540366,2.49775426996042
"23060","Whitley County, IN","Indiana","IN",418641.801059756,1120467.30750544,3.73055694947051
"23140","Clinton County, IN","Indiana","IN",1340424.14592937,3607416.29309467,11.873893282432
"23180","Anderson County, KY","Kentucky","KY",1380497.05652355,3576246.7361572,12.2111538994305
"23180","Franklin County, KY","Kentucky","KY",2200969.5102499,5761873.87963846,19.0780819005
"23190","Simpson County, KY","Kentucky","KY",379498.909690523,996792.741442346,3.46809794237648
"23240","Gillespie County, TX","Texas","TX",367423.767123993,1187984.8912364,4.30354025946216
"23300","Stephenson County, IL","Illinois","IL",442174.840010529,1259921.69738441,4.36333152531834
"23340","Dodge County, NE","Nebraska","NE",804563.04318405,2090598.12575694,7.40156196470067
"23380","Sandusky County, OH","Ohio","OH",910207.838186373,2380103.26692019,8.9282963064247
"23420","Fresno County, CA","California","CA",17099464.3096458,45956303.0552393,150.681681812047
"23420","Madera County, CA","California","CA",1987345.83710494,5331212.62261492,17.4826949376668
"23460","Etowah County, AL","Alabama","AL",2924501.49868819,7225493.66373676,26.9984297193181
"23500","Cherokee County, SC","South Carolina","SC",1096326.54370154,2916314.37680576,10.8899708726896
"23540","Alachua County, FL","Florida","FL",173879504.543264,558434251.901436,1946.98658152786
"23540","Gilchrist County, FL","Florida","FL",3914418.99890957,12565887.2164877,43.8471840105156
"23540","Levy County, FL","Florida","FL",8189024.92329293,26290223.3807668,91.7072191125581
"23580","Hall County, GA","Georgia","GA",2944021.15899738,8634112.16938388,34.564246331571
"23620","Cooke County, TX","Texas","TX",363475.807148206,1179276.38515346,4.26107917369604
"23660","Knox County, IL","Illinois","IL",548609.218891672,1542356.33878456,5.30969576353184
"23680","Gallia County, OH","Ohio","OH",309949.816974387,830481.259445749,2.80071287380976
"23700","McKinley County, NM","New Mexico","NM",794279.82495031,1956825.81961811,6.61870937440463
"23780","Finney County, KS","Kansas","KS",129298.775155759,358349.112228314,1.07537142630889
"23820","Alpine County, CA","California","CA",52725.5682227908,167041.535403772,0.463006547253169
"23820","Douglas County, NV","Nevada","NV",363244.263155509,1681837.9438591,3.1705255478955
"23900","Adams County, PA","Pennsylvania","PA",15704262.1303299,34734236.1034359,131.376732864564
"23940","Campbell County, WY","Wyoming","WY",95105.1675480764,294370.630955505,0.901019530686554
"23980","Barren County, KY","Kentucky","KY",591535.207989182,1560779.06778617,5.34265287438486
"23980","Metcalfe County, KY","Kentucky","KY",129388.684386202,343160.438932506,1.20016330856796
"24011","Caroline County, MD","Maryland","MD",1991089.06906857,4391579.28311659,15.8731099965047
"24020","Warren County, NY","New York","NY",1135985.64685738,2657963.60391154,8.19860413090559
"24020","Washington County, NY","New York","NY",1051269.79480059,2471595.41682365,7.52764263038833
"24023","Garrett County, MD","Maryland","MD",898000.947071659,1976287.93575336,7.49438553181368
"24029","Kent County, MD","Maryland","MD",1247282.67740843,2806886.92000378,10.2053986171546
"24100","Fulton County, NY","New York","NY",1629195.03078353,3831997.19803033,11.7584216268169
"24140","Wayne County, NC","North Carolina","NC",4082784.23396671,10245702.3593783,39.5640663549387
"24180","Hood County, TX","Texas","TX",837206.105677436,2725764.07660511,9.87210318574091
"24220","Grand Forks County, ND","North Dakota","ND",12912450.0323783,47688164.7971833,95.5623002046559
"24220","Polk County, MN","Minnesota","MN",1737502.28752475,6282983.16326141,13.0455468497363
"24260","Hall County, NE","Nebraska","NE",618995.115162668,1612550.55714134,5.73804705703321
"24260","Howard County, NE","Nebraska","NE",175443.678001227,454374.022846281,1.61338899031865
"24260","Merrick County, NE","Nebraska","NE",8307.70927676685,21262.0621240185,0.075228029636383
"24300","Mesa County, CO","Colorado","CO",564849.391039885,1601023.20732847,5.43124527621718
"24330","Itasca County, MN","Minnesota","MN",215522.696275077,568335.116038728,1.92858038105844
"24340","Barry County, MI","Michigan","MI",1068301.93133935,2742815.68657841,10.3656638214772
"24340","Ionia County, MI","Michigan","MI",1731268.25499083,4430967.35279479,16.800680807547
"24340","Kent County, MI","Michigan","MI",25186570.444246,64554301.9115915,244.147151749269
"24340","Montcalm County, MI","Michigan","MI",1341456.24540099,3429419.28960126,12.9999141387677
"24340","Ottawa County, MI","Michigan","MI",5778105.99725377,14768805.1237579,56.0208478137719
"24420","Josephine County, OR","Oregon","OR",611853.799657069,1505804.04844213,5.37970101973682
"24460","Barton County, KS","Kansas","KS",1099753.66989874,2623911.39311,9.43030623972641
"24500","Cascade County, MT","Montana","MT",1642900.83997023,4348759.39205695,15.2192056671906
"24540","Weld County, CO","Colorado","CO",23184987.68377,64928056.5028964,222.58078950165
"24580","Brown County, WI","Wisconsin","WI",6147375.72673625,14768628.3012488,57.5169769261086
"24580","Kewaunee County, WI","Wisconsin","WI",213245.709995359,519900.43806056,1.97926639872097
"24580","Oconto County, WI","Wisconsin","WI",794591.030561052,1902570.70348013,7.45660977283603
"24600","Putnam County, IN","Indiana","IN",1134101.96693436,3057900.54359818,10.0245550124395
"24620","Greene County, TN","Tennessee","TN",456882.069821358,1226045.08333317,4.42226312459879
"24640","Franklin County, MA","Massachusetts","MA",12158098.5250932,27271742.4911297,95.7479266187604
"24660","Guilford County, NC","North Carolina","NC",48112750.1465208,120545919.589735,466.401850401361
"24660","Randolph County, NC","North Carolina","NC",7523764.87075286,18827548.7742717,72.8486738488836
"24660","Rockingham County, NC","North Carolina","NC",9166753.99894949,22996105.32156,88.6688024512924
"24700","Decatur County, IN","Indiana","IN",508211.281131488,1361966.59112701,4.55594690699532
"24740","Washington County, MS","Mississippi","MS",403325.06380445,1283833.92383297,3.60045203280594
"24780","Pitt County, NC","North Carolina","NC",11529579.862756,28839116.8446786,111.731212722957
"24820","Darke County, OH","Ohio","OH",463945.772591027,1209965.66949729,4.53998203197998
"24860","Anderson County, SC","South Carolina","SC",7181485.39511394,19995894.0711872,72.3859747786072
"24860","Greenville County, SC","South Carolina","SC",7336153.80451328,21013039.2835347,75.6154064313411
"24860","Laurens County, SC","South Carolina","SC",1099782.85064263,3069264.41940846,11.1817237289335
"24860","Pickens County, SC","South Carolina","SC",9285831.15610225,26823989.5202273,95.6903217936459
"24900","Carroll County, MS","Mississippi","MS",66073.6013589641,212281.271193068,0.589018515057668
"24900","Leflore County, MS","Mississippi","MS",185321.114581116,594357.278109322,1.64914877209492
"24940","Abbeville County, SC","South Carolina","SC",301487.748233366,860736.558297863,3.19746074842669
"24940","Greenwood County, SC","South Carolina","SC",956728.691199256,2743076.00038277,10.0002411089662
"24980","Grenada County, MS","Mississippi","MS",307788.56785134,970457.828101605,2.78905049807594
"24980","Montgomery County, MS","Mississippi","MS",109167.991074528,350933.264477925,0.972011700244357
"25060","Hancock County, MS","Mississippi","MS",418190.870422384,1223472.35516939,3.87973040765365
"25060","Harrison County, MS","Mississippi","MS",1127441.22183673,3450328.74610333,10.8135665217125
"25060","Jackson County, MS","Mississippi","MS",794351.858581003,2380016.837876,7.3935559743763
"25060","Stone County, MS","Mississippi","MS",134470.120679822,405114.645170056,1.26337925524904
"25100","Texas County, OK","Oklahoma","OK",52814.1488208764,163495.905941313,0.597815118678675
"25180","Berkeley County, WV","West Virginia","WV",20596401.7523048,45838876.4063853,172.053432527231
"25180","Morgan County, WV","West Virginia","WV",510952.107406326,1206568.40244002,4.18173777774122
"25180","Washington County, MD","Maryland","MD",91607653.8073902,200935029.924113,767.465720800988
"25200","Blaine County, ID","Idaho","ID",44158.2273572407,134440.129519918,0.449185006555238
"25200","Camas County, ID","Idaho","ID",222.651177430252,927.589955141317,0.00204839083235832
"25200","Lincoln County, ID","Idaho","ID",2949.10243107214,11302.091275794,0.0271198114804714
"25220","Tangipahoa Parish, LA","Louisiana","LA",1615710.22429927,4515151.281121,16.0914722145186
"25260","Kings County, CA","California","CA",1571969.07185939,4210799.2317839,13.8513617959541
"25300","Marion County, MO","Missouri","MO",2184451.56784257,5138373.22666027,18.7939519495248
"25300","Ralls County, MO","Missouri","MO",51818.3990721457,122387.678538063,0.447039196658199
"25420","Cumberland County, PA","Pennsylvania","PA",14355321.9637867,34252492.3671388,121.724682415385
"25420","Dauphin County, PA","Pennsylvania","PA",33557881.3661222,80634418.0959766,284.042490620872
"25420","Perry County, PA","Pennsylvania","PA",1671403.83313197,4012090.94295013,14.1667546034022
"25460","Boone County, AR","Arkansas","AR",198008.594882822,558532.4028155,1.79394424470635
"25460","Newton County, AR","Arkansas","AR",39707.5487219739,110002.293924769,0.353330449037866
"25500","Harrisonburg city, VA","Virginia","VA",2533374.77511614,6885433.44612272,21.3620912746491
"25500","Rockingham County, VA","Virginia","VA",4412756.97333229,11921645.4115775,38.3026930846096
"25540","Capitol Planning Region, CT","Connecticut","CT",126989668.941399,289100566.362926,967.364564946849
"25540","Lower Connecticut River Valley Planning Region, CT","Connecticut","CT",31940059.7450208,72676450.6448302,243.013318735703
"25580","Adams County, NE","Nebraska","NE",384227.475981709,998616.26186046,3.53865246369651
"25580","Clay County, NE","Nebraska","NE",56106.6833548796,145494.113465897,0.515627990701539
"25580","Webster County, NE","Nebraska","NE",3438.56869646835,8897.81509391313,0.0316348320075088
"25620","Forrest County, MS","Mississippi","MS",2378303.27559234,7584113.80452611,21.5474800302876
"25620","Lamar County, MS","Mississippi","MS",1329912.24078115,4208430.97334098,12.0660225689464
"25620","Perry County, MS","Mississippi","MS",125552.53131858,402886.764880686,1.11857716025999
"25700","Ellis County, KS","Kansas","KS",244442.566032938,672374.405439289,1.99245124871911
"25720","Summit County, UT","Utah","UT",5791254.00942142,15888707.9879411,66.3654269226612
"25720","Wasatch County, UT","Utah","UT",2756469.54596107,7586090.77978473,31.6502052993094
"25740","Broadwater County, MT","Montana","MT",46277.2541194009,121359.640071686,0.420437075337731
"25740","Jefferson County, MT","Montana","MT",353677.748760943,922637.225648038,3.21764864342901
"25740","Lewis and Clark County, MT","Montana","MT",1885692.43517023,4979003.36686626,17.3565933604209
"25770","Pike County, PA","Pennsylvania","PA",910134.622740824,2330180.40408597,7.19610446450976
"25775","Henderson County, KY","Kentucky","KY",259991.219591481,684903.728857341,2.29120301873386
"25775","Webster County, KY","Kentucky","KY",22658.9194456906,60205.5139481482,0.21214070069187
"25780","Vance County, NC","North Carolina","NC",7512075.22902797,18807724.622936,72.8259470886196
"25820","Deaf Smith County, TX","Texas","TX",37393.8133160031,121279.789424476,0.438774646221909
"25840","Morrow County, OR","Oregon","OR",300082.343109572,732425.932495477,2.637608150508
"25840","Umatilla County, OR","Oregon","OR",442558.672146664,1102748.69957532,3.86594136165888
"25850","Mercer County, PA","Pennsylvania","PA",4450698.22510086,10719772.7842625,37.8341388994896
"25860","Alexander County, NC","North Carolina","NC",1823202.39857715,4581622.40749816,17.7082193268749
"25860","Burke County, NC","North Carolina","NC",1904491.94557213,4810391.05571164,18.489546746075
"25860","Caldwell County, NC","North Carolina","NC",1921157.62793491,4829493.338397,18.5070714341953
"25860","Catawba County, NC","North Carolina","NC",3986668.40558597,9976306.66462115,38.5179872489524
"25880","Hillsdale County, MI","Michigan","MI",4919573.05934934,12566680.0751369,47.8461319817076
"25900","Hawaii County, HI","Hawaii","HI",1717017.56397518,4840333.37622587,15.5885756367988
"25940","Beaufort County, SC","South Carolina","SC",4302663.50158433,12280031.682598,44.0842668033553
"25940","Jasper County, SC","South Carolina","SC",758058.233440982,2185014.68641235,7.86945524733123
"25980","Liberty County, GA","Georgia","GA",521639.362058776,1519025.7050276,5.87808659776855
"25980","Long County, GA","Georgia","GA",120554.320414348,352957.862920656,1.38933237931296
"26001","Alcona County, MI","Michigan","MI",105583.717345641,269990.430997493,1.02085894868016
"26003","Alger County, MI","Michigan","MI",98757.2819005582,251109.080435766,0.957092367489673
"26009","Antrim County, MI","Michigan","MI",169774.463134168,445683.6223235,1.64861113898901
"26011","Arenac County, MI","Michigan","MI",89325.1755830409,227692.29559458,0.865143038461548
"26013","Baraga County, MI","Michigan","MI",111988.930576678,286685.791289275,1.08927605452431
"26020","Lea County, NM","New Mexico","NM",291653.937332702,709948.287205315,2.40414996753398
"26029","Charlevoix County, MI","Michigan","MI",172025.214066385,438462.187138423,1.66826947009007
"26031","Cheboygan County, MI","Michigan","MI",178110.449093223,455052.713892377,1.72348079677319
"26035","Clare County, MI","Michigan","MI",646246.368140329,1650043.13019793,6.27767691784715
"26039","Crawford County, MI","Michigan","MI",42800.9999477468,109132.448463708,0.414997452190013
"26051","Gladwin County, MI","Michigan","MI",153159.333811239,391110.698230673,1.485918039795
"26053","Gogebic County, MI","Michigan","MI",54767.2537765113,137833.728010552,0.526090363561287
"26063","Huron County, MI","Michigan","MI",403883.771582888,1032514.81315071,3.91604306646325
"26069","Iosco County, MI","Michigan","MI",308291.034634019,785429.67243561,2.99028166423891
"26071","Iron County, MI","Michigan","MI",78174.4055730059,197792.471533618,0.755951140616216
"26085","Lake County, MI","Michigan","MI",119738.644392037,305069.987871184,1.16143411225811
"26090","Allegan County, MI","Michigan","MI",2093342.22430921,5369130.26577831,20.3141352077949
"26095","Luce County, MI","Michigan","MI",10860.4555224481,27681.2504564294,0.105348499233718
"26097","Mackinac County, MI","Michigan","MI",63653.9876371124,162177.978356593,0.617450130799371
"26101","Manistee County, MI","Michigan","MI",161830.639407012,418555.291945345,1.57993922022508
"26119","Montmorency County, MI","Michigan","MI",87646.1470545437,223994.389753946,0.842246172756092
"26123","Newaygo County, MI","Michigan","MI",728635.871671563,1863882.37980234,7.08399132470577
"26127","Oceana County, MI","Michigan","MI",457112.925171863,1175233.93963671,4.43637973258127
"26129","Ogemaw County, MI","Michigan","MI",273581.942472583,697202.641105173,2.65252972270266
"26131","Ontonagon County, MI","Michigan","MI",119795.011165205,304852.879198058,1.1614198625559
"26133","Osceola County, MI","Michigan","MI",207197.385794949,537969.476438021,2.01666982637794
"26135","Oscoda County, MI","Michigan","MI",84756.6239202683,215937.354415317,0.821778492092032
"26137","Otsego County, MI","Michigan","MI",199531.116639633,508328.157998419,1.93517413298563
"26140","Citrus County, FL","Florida","FL",1123951.25931458,3590401.26559379,12.5173508043204
"26141","Presque Isle County, MI","Michigan","MI",55951.0853586988,143784.795549186,0.535340673849087
"26143","Roscommon County, MI","Michigan","MI",180121.26031407,459186.474192742,1.74480872754054
"26151","Sanilac County, MI","Michigan","MI",424573.041087531,1081613.8754931,4.11257849467617
"26153","Schoolcraft County, MI","Michigan","MI",68580.1806999313,175091.043093406,0.665881467847682
"26157","Tuscola County, MI","Michigan","MI",580861.491552323,1482424.62642402,5.64171957333183
"26159","Van Buren County, MI","Michigan","MI",1203268.76759211,3138641.07696284,11.6171635223708
"26220","Hood River County, OR","Oregon","OR",265399.747655352,643874.242504962,2.29709040306271
"26300","Garland County, AR","Arkansas","AR",1671395.73864598,4695712.97248113,14.772180771641
"26340","Houghton County, MI","Michigan","MI",3039006.143778,7750972.05345063,29.4831240349645
"26340","Keweenaw County, MI","Michigan","MI",57098.9457758222,145436.405151289,0.553807574443434
"26380","Lafourche Parish, LA","Louisiana","LA",1258922.16318979,3486639.63863596,12.3354605541796
"26380","Terrebonne Parish, LA","Louisiana","LA",583127.46159688,1610412.67109211,5.70696677168955
"26420","Austin County, TX","Texas","TX",1064620.62873213,3467884.73008522,12.5618426957928
"26420","Brazoria County, TX","Texas","TX",65748482.0921882,213524176.944524,773.691322442376
"26420","Chambers County, TX","Texas","TX",1821917.42350466,5909346.13737113,21.3708271319079
"26420","Fort Bend County, TX","Texas","TX",119981450.70158,390548149.252283,1414.45973020626
"26420","Galveston County, TX","Texas","TX",101845149.425256,331662383.268836,1201.37450355842
"26420","Harris County, TX","Texas","TX",570903139.488965,1858075331.47831,6729.85391719355
"26420","Liberty County, TX","Texas","TX",3044621.44528317,9850481.46546749,35.6330411675695
"26420","Montgomery County, TX","Texas","TX",27415318.0189793,89131425.4164633,322.865311259559
"26420","San Jacinto County, TX","Texas","TX",462222.88472896,1504538.49868236,5.44925020330598
"26420","Waller County, TX","Texas","TX",2879355.82250177,9361443.43132403,33.9085387331224
"26460","Columbia County, NY","New York","NY",2971453.9685127,7003917.75442961,21.1207686581202
"26500","Huntingdon County, PA","Pennsylvania","PA",3615388.32126913,8432538.2040003,29.7883260887699
"26540","Huntington County, IN","Indiana","IN",486054.275152681,1310886.6543782,4.29917328964484
"26580","Boyd County, KY","Kentucky","KY",805042.262887031,2154779.67961218,6.66997230171575
"26580","Cabell County, WV","West Virginia","WV",3741428.8690145,10437849.9778761,29.1973919291443
"26580","Carter County, KY","Kentucky","KY",135757.994223908,361330.063897818,1.14903080131731
"26580","Greenup County, KY","Kentucky","KY",502341.895085473,1331470.30049459,4.24132512209674
"26580","Lawrence County, KY","Kentucky","KY",202502.677820834,534847.685226627,1.71411538702297
"26580","Lawrence County, OH","Ohio","OH",1612081.89190247,4357717.17978915,13.7175208300274
"26580","Putnam County, WV","West Virginia","WV",400262.992388141,1110598.93709375,3.10258887262185
"26580","Wayne County, WV","West Virginia","WV",1112941.8157471,3108349.31406352,8.57250833161418
"26620","Limestone County, AL","Alabama","AL",1931625.95347072,4814810.8478223,18.0221102979243
"26620","Madison County, AL","Alabama","AL",10652582.077009,26480781.461584,99.0412375620194
"26660","Walker County, TX","Texas","TX",1789565.88084488,5828426.4217443,21.1114076796458
"26700","Beadle County, SD","South Dakota","SD",148401.038312129,448802.962556178,1.24875015092997
"26740","Reno County, KS","Kansas","KS",309389.517760619,857139.331973171,2.53371818339717
"26780","McLeod County, MN","Minnesota","MN",528473.953738359,1309783.79717294,4.78987889256178
"26820","Bonneville County, ID","Idaho","ID",642488.514778838,1943737.82764751,5.7823860205137
"26820","Butte County, ID","Idaho","ID",1218.25956549584,4566.44005933152,0.0110497261444801
"26820","Jefferson County, ID","Idaho","ID",78462.9386162382,270460.179463749,0.766988709763132
"26860","Indiana County, PA","Pennsylvania","PA",2848041.82127569,6870607.28928556,24.2694893469424
"26900","Boone County, IN","Indiana","IN",6761270.38980854,18185075.1840108,59.5868745903354
"26900","Brown County, IN","Indiana","IN",1694454.81368735,4569037.82195855,14.9884998627033
"26900","Hamilton County, IN","Indiana","IN",30623780.7801165,82452625.6110549,270.980684993379
"26900","Hancock County, IN","Indiana","IN",6543336.11643425,17658094.4891215,58.4477792674601
"26900","Hendricks County, IN","Indiana","IN",18414606.2203449,49556834.4815778,162.296626665868
"26900","Johnson County, IN","Indiana","IN",14664692.7892374,39484543.6072795,129.386339048694
"26900","Madison County, IN","Indiana","IN",3603046.39905995,9662646.28654682,31.9124681076074
"26900","Marion County, IN","Indiana","IN",125736803.072767,338339498.544008,1108.3257713846
"26900","Morgan County, IN","Indiana","IN",5368921.85779799,14449603.7952448,47.3780922712007
"26900","Shelby County, IN","Indiana","IN",1951405.65318752,5233720.50265162,17.2505019248263
"26900","Tipton County, IN","Indiana","IN",304807.460477772,820124.425028577,2.68528725275282
"26980","Johnson County, IA","Iowa","IA",125019160.555453,307055445.190736,987.839582225796
"26980","Washington County, IA","Iowa","IA",7348494.69968708,18049117.5451181,58.0768464962628
"27001","Aitkin County, MN","Minnesota","MN",134399.204604492,340356.031063889,1.2122127560028
"27011","Big Stone County, MN","Minnesota","MN",37320.2855276068,98479.5568019745,0.330929980911697
"27020","Dickinson County, MI","Michigan","MI",223306.943841093,567963.654292016,2.16408214025044
"27020","Florence County, WI","Wisconsin","WI",13229.8227278205,33886.6721206361,0.133398223751993
"27023","Chippewa County, MN","Minnesota","MN",124695.388101987,314095.843088781,1.10878232377525
"27029","Clearwater County, MN","Minnesota","MN",48922.8669853032,158578.76479428,0.392801788281203
"27031","Cook County, MN","Minnesota","MN",38894.3727998727,101869.345849908,0.345966600831305
"27033","Cottonwood County, MN","Minnesota","MN",256571.870586061,641677.417990637,2.32520200427046
"27043","Faribault County, MN","Minnesota","MN",245817.365178923,626043.314899742,2.24337846125498
"27051","Grant County, MN","Minnesota","MN",70614.7468531093,192466.889877739,0.617919421461766
"27057","Hubbard County, MN","Minnesota","MN",163545.172750897,475478.948604589,1.38823676527389
"27060","Tompkins County, NY","New York","NY",75857268.3396463,178786315.761242,539.099928812511
"27063","Jackson County, MN","Minnesota","MN",200955.013693622,507157.742425706,1.81517555939248
"27065","Kanabec County, MN","Minnesota","MN",198069.175174067,499999.739331842,1.78707269819548
"27069","Kittson County, MN","Minnesota","MN",64009.2729563229,177511.267060133,0.55583037933698
"27071","Koochiching County, MN","Minnesota","MN",60164.7903667031,154530.918836767,0.539565412722072
"27073","Lac qui Parle County, MN","Minnesota","MN",27076.1939109852,73903.9515770114,0.237763263172743
"27075","Lake County, MN","Minnesota","MN",99406.4650218339,263067.054454535,0.880457564741561
"27077","Lake of the Woods County, MN","Minnesota","MN",31953.6149195489,84761.9127371323,0.282757557974301
"27081","Lincoln County, MN","Minnesota","MN",67495.736901457,186510.625412164,0.589617914824692
"27087","Mahnomen County, MN","Minnesota","MN",31125.5495823639,80016.1442511355,0.278410935889438
"27089","Marshall County, MN","Minnesota","MN",178625.58951264,605097.946872193,1.39795904168636
"27093","Meeker County, MN","Minnesota","MN",321564.241130541,795952.749491965,2.92503818838587
"27097","Morrison County, MN","Minnesota","MN",126861.793902062,336233.453632173,1.12294609467788
"27100","Jackson County, MI","Michigan","MI",14696128.5756507,37501532.5753562,142.493403123392
"27101","Murray County, MN","Minnesota","MN",135868.411573483,344183.16224392,1.22578966949147
"27107","Norman County, MN","Minnesota","MN",56112.3381234095,184131.670548286,0.448535103891591
"27113","Pennington County, MN","Minnesota","MN",121816.333320728,364414.369148699,1.02137074747428
"27115","Pine County, MN","Minnesota","MN",415339.55901498,1032278.38846938,3.7691537774814
"27117","Pipestone County, MN","Minnesota","MN",173029.63552549,457149.331583603,1.53758656715059
"27121","Pope County, MN","Minnesota","MN",135267.796989017,353080.562648447,1.18620081022721
"27125","Red Lake County, MN","Minnesota","MN",47660.6445537075,172148.557118653,0.358232634644062
"27127","Redwood County, MN","Minnesota","MN",245234.401368213,623165.485693658,2.20913517500354
"27129","Renville County, MN","Minnesota","MN",202399.80388098,501927.134827274,1.84034746889805
"27135","Roseau County, MN","Minnesota","MN",132558.851567974,359743.629704834,1.16187142040467
"27140","Copiah County, MS","Mississippi","MS",819221.203890925,2623945.36847957,7.36863090106026
"27140","Hinds County, MS","Mississippi","MS",17411461.6380006,55799010.2692034,155.548340446583
"27140","Holmes County, MS","Mississippi","MS",244380.101673056,781984.045356613,2.1740341202126
"27140","Madison County, MS","Mississippi","MS",8219295.03070721,26318112.3624127,73.607862282047
"27140","Rankin County, MS","Mississippi","MS",10035109.3573248,32202868.7377663,89.5763884191885
"27140","Scott County, MS","Mississippi","MS",408613.836487905,1304633.28814745,3.65731967765025
"27140","Simpson County, MS","Mississippi","MS",579139.107580808,1857934.08010235,5.16698554223787
"27140","Yazoo County, MS","Mississippi","MS",503533.87299989,1601115.04738208,4.50127012232689
"27143","Sibley County, MN","Minnesota","MN",148192.598750984,367286.457163159,1.3481770425936
"27149","Stevens County, MN","Minnesota","MN",85586.9425513871,231614.111225707,0.75104611792852
"27151","Swift County, MN","Minnesota","MN",85176.798447701,236557.859479462,0.739358466066964
"27153","Todd County, MN","Minnesota","MN",157498.845167694,389548.072691053,1.43314189363075
"27155","Traverse County, MN","Minnesota","MN",15116.7057916532,37360.1564654955,0.137562022704044
"27159","Wadena County, MN","Minnesota","MN",166630.426421903,420379.692100012,1.50448921399374
"27161","Waseca County, MN","Minnesota","MN",705453.512678531,1749181.52538808,6.43381926383768
"27165","Watonwan County, MN","Minnesota","MN",156278.531125502,394068.508286359,1.41214116689992
"27173","Yellow Medicine County, MN","Minnesota","MN",149390.722408156,379977.868752996,1.34563171468494
"27180","Chester County, TN","Tennessee","TN",201813.871592159,546448.273670484,2.02133132999109
"27180","Crockett County, TN","Tennessee","TN",176057.751891054,476005.384099798,1.75330102469994
"27180","Gibson County, TN","Tennessee","TN",498691.282366696,1343194.84185916,4.97223986329876
"27180","Madison County, TN","Tennessee","TN",1266561.938651,3392216.11095642,12.5499854114371
"27220","Teton County, ID","Idaho","ID",19350.2113230212,69926.3719477739,0.170752389110367
"27220","Teton County, WY","Wyoming","WY",8661.67693589095,27594.6839480673,0.0895164744061079
"27260","Baker County, FL","Florida","FL",607422.000934341,1940816.15236202,6.72593780035392
"27260","Clay County, FL","Florida","FL",8398943.4567928,26796844.3042308,93.8896204193239
"27260","Duval County, FL","Florida","FL",43778332.1652071,139801419.630238,488.526531202825
"27260","Nassau County, FL","Florida","FL",1636201.76335194,4944993.11204892,17.1711735415534
"27260","St. Johns County, FL","Florida","FL",8459889.04021793,27028646.9324616,94.5112911412712
"27300","Morgan County, IL","Illinois","IL",1394167.92321747,3450531.07883244,12.4131249583369
"27300","Scott County, IL","Illinois","IL",70560.116561754,200785.512939909,0.672765487983024
"27340","Onslow County, NC","North Carolina","NC",8019640.30924993,20077321.2954478,77.5483853843797
"27380","Cherokee County, TX","Texas","TX",922210.795674071,2997021.28336907,10.8484833758101
"27420","Stutsman County, ND","North Dakota","ND",65136.658785693,239994.541164257,0.482733552153118
"27460","Chautauqua County, NY","New York","NY",3681563.51809327,8737202.24227209,26.4483940208942
"27500","Rock County, WI","Wisconsin","WI",8842331.7002404,21169591.6880168,83.145436672696
"27540","Dubois County, IN","Indiana","IN",383816.05896144,1029434.67671636,3.41495506834385
"27600","Jackson County, GA","Georgia","GA",4320015.00531425,12630144.2229916,50.5940293596022
"27620","Callaway County, MO","Missouri","MO",2956592.45287489,6978466.77109427,25.5029906235632
"27620","Cole County, MO","Missouri","MO",2288230.39671726,5410044.64424502,19.7237185710432
"27620","Moniteau County, MO","Missouri","MO",128735.021660846,311048.306955891,1.12948097967475
"27620","Osage County, MO","Missouri","MO",88203.4845065328,207478.296967365,0.758624270412879
"27700","Wayne County, GA","Georgia","GA",119981.878346331,350475.108611357,1.39692498445619
"27740","Carter County, TN","Tennessee","TN",1036207.29287552,2787601.63425239,10.4009258531984
"27740","Unicoi County, TN","Tennessee","TN",218270.442956376,587483.623926354,2.14186609277623
"27740","Washington County, TN","Tennessee","TN",3254816.90635172,8732634.5414295,32.4171195339439
"27780","Cambria County, PA","Pennsylvania","PA",5155500.32943882,12420819.4078715,43.7041324409496
"27860","Craighead County, AR","Arkansas","AR",1100737.61248897,3097727.96345527,9.90098427037778
"27860","Poinsett County, AR","Arkansas","AR",295979.656980857,810825.89159452,2.86941481631086
"27900","Cherokee County, KS","Kansas","KS",84422.6972177287,230847.644484749,0.691831868100214
"27900","Jasper County, MO","Missouri","MO",2741326.36130632,6545799.37989342,23.6516349029201
"27900","Newton County, MO","Missouri","MO",224803.90312275,542044.705006775,1.97936187789445
"27940","Juneau City and Borough, AK","Alaska","AK",165856.719575104,633846.416224048,1.31624037999216
"27980","Kalawao County, HI","Hawaii","HI",80654.34942157,228178.047014247,0.733954579736287
"27980","Maui County, HI","Hawaii","HI",1774162.91113695,5008533.45382546,16.1196001256352
"28005","Amite County, MS","Mississippi","MS",75974.2243582932,238212.444021434,0.688585824305452
"28007","Attala County, MS","Mississippi","MS",239146.053748087,750817.559884691,2.21890287134131
"28013","Calhoun County, MS","Mississippi","MS",243456.775138353,780625.649835259,2.17233388990167
"28017","Chickasaw County, MS","Mississippi","MS",82220.635354097,260770.546325881,0.731824344776964
"28019","Choctaw County, MS","Mississippi","MS",183529.003661821,587651.688006511,1.642198131798
"28020","Kalamazoo County, MI","Michigan","MI",5770333.06352273,14856779.8700874,55.8468686768778
"28021","Claiborne County, MS","Mississippi","MS",80458.47942377,259270.334997016,0.739855415461445
"28025","Clay County, MS","Mississippi","MS",300205.752058144,950493.301508761,2.67858717229058
"28031","Covington County, MS","Mississippi","MS",194853.206449151,624259.866211431,1.75315750487919
"28037","Franklin County, MS","Mississippi","MS",75572.4893148404,229171.881296495,0.705161157706912
"28039","George County, MS","Mississippi","MS",183409.818077478,543395.716921159,1.7374909359178
"28041","Greene County, MS","Mississippi","MS",66468.9620111286,210165.593358684,0.595928973161049
"28053","Humphreys County, MS","Mississippi","MS",40788.3391304739,130069.377475285,0.365277775502823
"28055","Issaquena County, MS","Mississippi","MS",6437.39993198954,20729.0971813459,0.0572928593947069
"28060","Flathead County, MT","Montana","MT",1006947.6589329,2655280.61913805,9.18561673608247
"28065","Jefferson Davis County, MS","Mississippi","MS",156020.615636822,501017.337873437,1.40360054619174
"28069","Kemper County, MS","Mississippi","MS",46146.6594987461,147473.90690668,0.41120502268896
"28077","Lawrence County, MS","Mississippi","MS",116325.53346959,368290.587908407,1.0354483575227
"28079","Leake County, MS","Mississippi","MS",325748.59246685,1028437.88889055,2.96442913426779
"28091","Marion County, MS","Mississippi","MS",172859.663529904,523897.174207815,1.58031462045631
"28095","Monroe County, MS","Mississippi","MS",190739.94391865,585363.09223005,1.73282588861697
"28099","Neshoba County, MS","Mississippi","MS",231399.21120325,708313.412439537,2.10748426467097
"28100","Kankakee County, IL","Illinois","IL",2397374.27866896,6808401.12393093,23.5011204492839
"28101","Newton County, MS","Mississippi","MS",121095.941437767,369817.572162243,1.14194478749404
"28107","Panola County, MS","Mississippi","MS",550526.390147156,1701143.91599435,5.04690136512234
"28115","Pontotoc County, MS","Mississippi","MS",225381.703526081,682079.359297057,2.0977896841796
"28119","Quitman County, MS","Mississippi","MS",59592.9289483984,172801.215641449,0.569785481483088
"28125","Sharkey County, MS","Mississippi","MS",35503.4953737794,116335.020132786,0.315791088418609
"28129","Smith County, MS","Mississippi","MS",193959.577604867,613670.808644572,1.74864778157093
"28133","Sunflower County, MS","Mississippi","MS",146096.515357389,465550.802448153,1.31277398777269
"28135","Tallahatchie County, MS","Mississippi","MS",84252.6227294407,254381.026472075,0.756118374460627
"28139","Tippah County, MS","Mississippi","MS",206110.115900129,590215.042499211,1.98468160421507
"28140","Bates County, MO","Missouri","MO",72465.0106790627,179154.827129665,0.653412323525587
"28140","Caldwell County, MO","Missouri","MO",48422.6686065254,116512.211202762,0.413142421601704
"28140","Cass County, MO","Missouri","MO",2362098.37542343,6049353.72948752,19.7815520318002
"28140","Clay County, MO","Missouri","MO",8255564.0538187,21150544.0323513,68.9746528276576
"28140","Clinton County, MO","Missouri","MO",1558557.2840952,3781699.8507799,13.2874274022276
"28140","Jackson County, MO","Missouri","MO",37476293.9246057,95468330.1547732,313.688644373955
"28140","Johnson County, KS","Kansas","KS",60715045.1780396,163697538.546613,497.42157564281
"28140","Lafayette County, MO","Missouri","MO",342154.695833544,826685.84684963,2.95929822375266
"28140","Leavenworth County, KS","Kansas","KS",1548923.90152006,4157751.83993805,12.7067712219761
"28140","Linn County, KS","Kansas","KS",7501.55533739717,20588.8388837214,0.0616227148283209
"28140","Miami County, KS","Kansas","KS",1233972.87033231,3380546.0541822,10.0471740736546
"28140","Platte County, MO","Missouri","MO",4791066.09336215,12448234.2037507,39.7928919440922
"28140","Ray County, MO","Missouri","MO",193815.121494752,480316.255578252,1.67285073692968
"28140","Wyandotte County, KS","Kansas","KS",7163942.76351585,19312617.0064825,58.8351766789862
"28141","Tishomingo County, MS","Mississippi","MS",97893.3715805851,294140.020433418,0.914841590120695
"28145","Union County, MS","Mississippi","MS",210464.804046826,644984.456565286,1.94361567259196
"28153","Wayne County, MS","Mississippi","MS",141602.296615586,444786.060139246,1.33472219865915
"28157","Wilkinson County, MS","Mississippi","MS",115947.360424062,343847.00935408,1.10230710730929
"28159","Winston County, MS","Mississippi","MS",177531.494007994,561909.158402407,1.60175994561896
"28180","Kauai County, HI","Hawaii","HI",372586.196484898,1054032.05953018,3.38888069092655
"28260","Buffalo County, NE","Nebraska","NE",617996.642776798,1615044.58504315,5.69082429429364
"28260","Kearney County, NE","Nebraska","NE",66817.4599775546,173285.841383286,0.613823323397017
"28300","Cheshire County, NH","New Hampshire","NH",8127120.75926644,19417145.9356056,58.0188673685777
"28340","Noble County, IN","Indiana","IN",302831.818540348,823938.308492324,2.69255070668299
"28380","Dunklin County, MO","Missouri","MO",124429.544544165,310798.16338551,1.12950845738437
"28420","Benton County, WA","Washington","WA",18218471.3589454,44074947.8475447,142.256250110448
"28420","Franklin County, WA","Washington","WA",4726235.17504339,11432107.1133035,36.8767845806645
"28450","Kenosha County, WI","Wisconsin","WI",4021295.30735327,10256581.0871064,38.4237950311866
"28500","Kerr County, TX","Texas","TX",563086.675827782,1831562.30411108,6.63491735099082
"28540","Ketchikan Gateway Borough, AK","Alaska","AK",12667.8809063256,48475.2981269264,0.0988953449509087
"28580","Monroe County, FL","Florida","FL",916384.01666915,2926791.39010582,10.1937697390853
"28620","Dare County, NC","North Carolina","NC",1221397.74705152,3072634.28290651,11.7540908189151
"28660","Bell County, TX","Texas","TX",3305951.71047012,10747405.8136795,38.9103730317637
"28660","Coryell County, TX","Texas","TX",484658.111855175,1573500.95801279,5.69051836363708
"28660","Lampasas County, TX","Texas","TX",146426.625943415,461837.604319455,1.65617456526425
"28680","Camden County, GA","Georgia","GA",595678.824095955,1732198.42949857,6.85242179660776
"28700","Bristol city, VA","Virginia","VA",253412.180364711,686715.483664185,2.2591002031829
"28700","Hawkins County, TN","Tennessee","TN",415609.800426835,1118606.71528851,4.07704189458553
"28700","Scott County, VA","Virginia","VA",197937.479895672,543196.005932831,1.7486684987604
"28700","Sullivan County, TN","Tennessee","TN",1795651.26533312,4820694.99666954,17.9326316293753
"28700","Washington County, VA","Virginia","VA",638942.985679041,1735378.68037897,5.64333101544774
"28740","Ulster County, NY","New York","NY",9443368.31996485,22284820.602657,67.8102975879559
"28780","Kleberg County, TX","Texas","TX",805116.99006359,2616666.39310007,9.46365412509885
"28820","Lenoir County, NC","North Carolina","NC",1466189.76739361,3667160.36048137,14.2100416077473
"28860","Adair County, MO","Missouri","MO",216216.814779664,520847.146700427,1.8700070677525
"28860","Schuyler County, MO","Missouri","MO",28292.5214762476,66970.3600166469,0.244460881855511
"28880","Dutchess County, NY","New York","NY",19088493.9420195,45203954.2858132,139.766959688803
"28880","Orange County, NY","New York","NY",24456924.4106621,58047676.3870372,175.98055623227
"28900","Klamath County, OR","Oregon","OR",860600.531952491,2099416.76727271,7.56826527972717
"28940","Anderson County, TN","Tennessee","TN",1228436.43937413,3339356.9902742,12.3257571802548
"28940","Blount County, TN","Tennessee","TN",990156.982387227,2656434.87463545,9.87500715858402
"28940","Campbell County, TN","Tennessee","TN",120430.05749676,324097.645201463,1.19446834132833
"28940","Grainger County, TN","Tennessee","TN",112091.307289217,301817.998906616,1.14864621691696
"28940","Knox County, TN","Tennessee","TN",11480050.7893636,30998327.6443867,115.292216517841
"28940","Loudon County, TN","Tennessee","TN",395453.642411534,1073450.19753998,4.0487291598214
"28940","Morgan County, TN","Tennessee","TN",43043.886313477,115138.723530132,0.427072004316108
"28940","Roane County, TN","Tennessee","TN",341159.079997927,912360.183435876,3.42196115212702
"28940","Union County, TN","Tennessee","TN",173618.277273835,472355.407139137,1.77115705669463
"29005","Atchison County, MO","Missouri","MO",28369.2643875461,66909.7093220941,0.243350170381475
"29009","Barry County, MO","Missouri","MO",148328.37946747,365524.447398589,1.3066668499009
"29011","Barton County, MO","Missouri","MO",50011.9640069978,117976.017971995,0.429787633955478
"29015","Benton County, MO","Missouri","MO",47822.797832348,114228.121046894,0.40051995850467
"29020","Howard County, IN","Indiana","IN",1544749.78132082,4146357.63755681,13.6005627343365
"29029","Camden County, MO","Missouri","MO",295057.960144376,696719.641871176,2.5414830423346
"29033","Carroll County, MO","Missouri","MO",1094225.29638083,2578849.48512771,9.42559559474923
"29035","Carter County, MO","Missouri","MO",1036776.27085363,2437832.2511556,8.91609847907787
"29039","Cedar County, MO","Missouri","MO",37035.5250844707,89312.5752629785,0.309606456100115
"29041","Chariton County, MO","Missouri","MO",130772.743427733,307824.175251224,1.12529559721296
"29045","Clark County, MO","Missouri","MO",40878.374083468,101171.456496783,0.35632620330034
"29055","Crawford County, MO","Missouri","MO",210140.499718128,503118.6318753,1.82100284115304
"29057","Dade County, MO","Missouri","MO",12501.8022432407,29965.8318604598,0.108863803672186
"29060","Belknap County, NH","New Hampshire","NH",1590675.66565852,3710400.69172552,11.8240342557933
"29061","Daviess County, MO","Missouri","MO",93377.1161292476,227791.15194638,0.813420776711422
"29065","Dent County, MO","Missouri","MO",111497.75717396,262379.828122552,0.959130871660405
"29067","Douglas County, MO","Missouri","MO",59785.2312452456,145863.243243284,0.517204515959522
"29073","Gasconade County, MO","Missouri","MO",54562.5376580379,128329.393643668,0.469187315753386
"29075","Gentry County, MO","Missouri","MO",156012.517453611,415199.703000886,1.28273327191189
"29079","Grundy County, MO","Missouri","MO",405407.653587252,1099401.70354586,3.29885560915421
"29081","Harrison County, MO","Missouri","MO",100370.824522556,239270.843550098,0.868321950493958
"29083","Henry County, MO","Missouri","MO",124312.019381996,300526.596464221,1.07334321828006
"29085","Hickory County, MO","Missouri","MO",48123.3204413934,115589.297829505,0.402173578988682
"29087","Holt County, MO","Missouri","MO",70233.0929813734,165215.672717364,0.603903583428331
"29093","Iron County, MO","Missouri","MO",52911.4788593302,125715.72311329,0.458018032129996
"29100","Houston County, MN","Minnesota","MN",763295.937673293,1888761.63630235,6.93583999762644
"29100","La Crosse County, WI","Wisconsin","WI",1808877.99612308,4392905.00811635,16.7469916606307
"29100","Vernon County, WI","Wisconsin","WI",427981.241862213,1037713.00275263,3.95316093104474
"29103","Knox County, MO","Missouri","MO",33358.9917149823,80017.5467815056,0.290324403313142
"29109","Lawrence County, MO","Missouri","MO",1176267.86254186,2784924.17328403,10.1641263101398
"29115","Linn County, MO","Missouri","MO",52760.5454302543,125397.266470968,0.456735521898037
"29117","Livingston County, MO","Missouri","MO",73534.2482697218,173880.949966933,0.633081364263632
"29119","McDonald County, MO","Missouri","MO",2094808.64256781,4939774.45533813,18.0311790748972
"29121","Macon County, MO","Missouri","MO",77672.7693874001,182787.021084385,0.667651629978166
"29123","Madison County, MO","Missouri","MO",61389.9105781732,147174.748762537,0.532135892360898
"29125","Maries County, MO","Missouri","MO",70837.7966601565,167433.325470938,0.608241625591157
"29129","Mercer County, MO","Missouri","MO",20513.6119638161,58472.9528482739,0.202523873698769
"29131","Miller County, MO","Missouri","MO",1259817.81328085,2964234.1124083,10.8420481346574
"29137","Monroe County, MO","Missouri","MO",127608.278744455,303953.975211607,1.08421427885449
"29139","Montgomery County, MO","Missouri","MO",1232078.50388948,2946358.25030778,10.7704679548707
"29141","Morgan County, MO","Missouri","MO",211412.717289602,528973.178149276,1.89530570637791
"29143","New Madrid County, MO","Missouri","MO",158355.025083584,379066.064122033,1.37665001703147
"29149","Oregon County, MO","Missouri","MO",37966.2477173116,91011.7848249421,0.327895265338639
"29153","Ozark County, MO","Missouri","MO",40899.4078659024,96830.1410679972,0.353437365179722
"29155","Pemiscot County, MO","Missouri","MO",37134.7774178642,89029.8532182389,0.320810708483818
"29157","Perry County, MO","Missouri","MO",118779.161760978,282317.156292163,1.0294473836862
"29163","Pike County, MO","Missouri","MO",263687.882075514,622703.423172967,2.26329916734117
"29171","Putnam County, MO","Missouri","MO",2666.2806796531,6271.75635611118,0.0229114467117256
"29179","Reynolds County, MO","Missouri","MO",52598.606773964,123670.230641879,0.45234801825609
"29180","Acadia Parish, LA","Louisiana","LA",870696.767770187,2421330.72004653,8.5865264451759
"29180","Lafayette Parish, LA","Louisiana","LA",6371652.18661189,17660743.1683615,62.5797215042894
"29180","St. Martin Parish, LA","Louisiana","LA",1006866.12295634,2799596.04230392,9.93392384068178
"29180","Vermilion Parish, LA","Louisiana","LA",759134.566767432,2117901.75765737,7.44644031077405
"29181","Ripley County, MO","Missouri","MO",26330.5038142261,62003.2449176057,0.226608000967759
"29185","St. Clair County, MO","Missouri","MO",1033760.30058358,2430605.58998469,8.8903133309659
"29186","Ste. Genevieve County, MO","Missouri","MO",43331.3915046134,104622.828604451,0.377148966516514
"29199","Scotland County, MO","Missouri","MO",3596.00160655055,8975.88350246869,0.0316424989264615
"29200","Benton County, IN","Indiana","IN",1210306.4481293,3263661.50229104,10.6992182154447
"29200","Carroll County, IN","Indiana","IN",1565596.24481267,4224641.74562217,13.8601637587105
"29200","Tippecanoe County, IN","Indiana","IN",46909335.4440726,126199152.524144,412.96114140826
"29200","Warren County, IN","Indiana","IN",1031159.0444346,2788445.34554714,9.16516989893517
"29203","Shannon County, MO","Missouri","MO",23519.2050606441,55445.8634197596,0.202198374634151
"29205","Shelby County, MO","Missouri","MO",32517.075144949,77459.7240722769,0.281348279338497
"29207","Stoddard County, MO","Missouri","MO",75515.7809705573,182393.396749101,0.658762483027426
"29209","Stone County, MO","Missouri","MO",143562.722521314,354671.347427125,1.27020602653051
"29211","Sullivan County, MO","Missouri","MO",27883.8073075696,67213.9907530857,0.246363326792567
"29215","Texas County, MO","Missouri","MO",57978.1206745406,137838.406574087,0.499279974568884
"29217","Vernon County, MO","Missouri","MO",82610.3051499607,195924.915245956,0.699678189082396
"29221","Washington County, MO","Missouri","MO",158545.21819453,374630.812543059,1.35299032630134
"29223","Wayne County, MO","Missouri","MO",23015.4610974477,54176.1660037606,0.198097098638079
"29227","Worth County, MO","Missouri","MO",19213.592608379,45726.0881429055,0.166257905827318
"29229","Wright County, MO","Missouri","MO",28036.346593332,66002.6297513488,0.24121292044271
"29260","Union County, OR","Oregon","OR",158709.39529725,391630.684406696,1.37756678102858
"29300","Chambers County, AL","Alabama","AL",1239290.81780913,3056621.17138279,11.4099680218658
"29300","Troup County, GA","Georgia","GA",626433.180409131,1801693.78799075,7.10626512286613
"29340","Calcasieu Parish, LA","Louisiana","LA",798124.992034703,2287808.95685602,8.1149035662733
"29340","Cameron Parish, LA","Louisiana","LA",11014.8692623343,30534.7624511688,0.107676980232185
"29340","Jefferson Davis Parish, LA","Louisiana","LA",151805.116900118,426192.958410214,1.51148198633305
"29380","Columbia County, FL","Florida","FL",7561987.31660784,24274183.480273,84.6521378791867
"29420","Mohave County, AZ","Arizona","AZ",990640.747181735,2971330.58010059,10.009486583745
"29460","Polk County, FL","Florida","FL",5080984.3288371,16207393.3828873,56.5533674253185
"29470","Orange County, VA","Virginia","VA",4012497.91807338,11026114.406412,33.8714081631672
"29540","Lancaster County, PA","Pennsylvania","PA",19831798.6288823,47608390.8940869,167.007366320616
"29620","Clinton County, MI","Michigan","MI",7790165.76312328,19867501.6381137,75.5677950922282
"29620","Eaton County, MI","Michigan","MI",13316759.3662369,33949437.1461162,129.133264696952
"29620","Ingham County, MI","Michigan","MI",59536964.0524415,151762557.977792,577.501418698714
"29660","Albany County, WY","Wyoming","WY",10036259.5258323,38905885.1199151,78.7868936897401
"29700","Webb County, TX","Texas","TX",1442394.70481333,4677923.2835743,16.9278662299
"29740","Do̱a Ana County, NM","New Mexico","NM",9641625.92605986,23214571.1103745,78.5067369162987
"29780","Mora County, NM","New Mexico","NM",23946.4771406282,60272.7368730992,0.20460833016367
"29780","San Miguel County, NM","New Mexico","NM",196941.374257284,459753.333471251,1.5415775947924
"29820","Clark County, NV","Nevada","NV",13690626.8575356,67373265.8354761,120.055420465615
"29860","Jasper County, MS","Mississippi","MS",117190.468392698,376565.827645331,1.04380928638611
"29860","Jones County, MS","Mississippi","MS",426913.527214467,1338330.10337131,3.87210266832863
"29900","Scotland County, NC","North Carolina","NC",1314025.03779062,3283287.75374368,12.6713168766125
"29940","Douglas County, KS","Kansas","KS",18527373.9167158,51049782.0372782,150.586754961073
"29980","Lawrence County, TN","Tennessee","TN",1523059.42989128,4106030.62316603,15.2511399053471
"30001","Beaverhead County, MT","Montana","MT",153696.194958263,405815.80727094,1.41338247372084
"30003","Big Horn County, MT","Montana","MT",68064.5147253085,176131.93384748,0.670128759461434
"30005","Blaine County, MT","Montana","MT",386399.27410325,1021077.06938483,3.5530132549782
"30011","Carter County, MT","Montana","MT",574.600007560095,1514.90780598198,0.00523735506862688
"30015","Chouteau County, MT","Montana","MT",68697.7325995974,181443.4469884,0.632017787136815
"30017","Custer County, MT","Montana","MT",55360.9461337329,147857.103820771,0.534256566063199
"30019","Daniels County, MT","Montana","MT",5539.90609565405,17165.964021986,0.0616636001027293
"30020","Comanche County, OK","Oklahoma","OK",1406792.22517126,3967110.43364849,14.7662812614018
"30020","Cotton County, OK","Oklahoma","OK",12171.777035989,34580.2218486796,0.128697157440764
"30021","Dawson County, MT","Montana","MT",38056.4101091705,100689.529444215,0.349693537433416
"30023","Deer Lodge County, MT","Montana","MT",273177.792782361,721259.068760843,2.51237455437462
"30025","Fallon County, MT","Montana","MT",5801.04545245579,13904.0106806671,0.0454038555341216
"30027","Fergus County, MT","Montana","MT",69027.7839770057,182350.879628973,0.635093270977752
"30033","Garfield County, MT","Montana","MT",1506.90268439082,3978.46275322268,0.0138635046963955
"30035","Glacier County, MT","Montana","MT",312408.42795896,825172.582859197,2.87400531321101
"30037","Golden Valley County, MT","Montana","MT",865.370711263348,2284.71631124796,0.0079614105436228
"30039","Granite County, MT","Montana","MT",39359.8241215614,103929.697427286,0.362401972211093
"30041","Hill County, MT","Montana","MT",111061.868810261,293344.807502731,1.02166555804686
"30045","Judith Basin County, MT","Montana","MT",5370.23759205664,14178.2813563642,0.049406185846921
"30047","Lake County, MT","Montana","MT",497183.995678638,1304822.22137452,4.48601448162459
"30051","Liberty County, MT","Montana","MT",4044.97967366876,10677.2620735611,0.0371648479968266
"30053","Lincoln County, MT","Montana","MT",290385.827532644,830239.572343275,3.24928873069683
"30055","McCone County, MT","Montana","MT",30819.6750547904,81368.84388223,0.283541010504072
"30057","Madison County, MT","Montana","MT",108025.391500776,285164.444497836,0.993169844655532
"30059","Meagher County, MT","Montana","MT",67834.7135059547,178834.738317447,0.622425106377826
"30060","Laclede County, MO","Missouri","MO",1436903.72631431,3498271.73629635,12.3211655070183
"30065","Musselshell County, MT","Montana","MT",39779.0597709887,105033.509019114,0.366056917229973
"30067","Park County, MT","Montana","MT",623355.6762689,1645906.29394621,5.7308163319925
"30069","Petroleum County, MT","Montana","MT",3138.17150884896,8408.91067058251,0.0287670603611556
"30071","Phillips County, MT","Montana","MT",24479.8196896443,64630.7940305724,0.225212702946002
"30073","Pondera County, MT","Montana","MT",59469.807730818,157605.122336732,0.545971846709918
"30075","Powder River County, MT","Montana","MT",2024.66923468352,5350.88404361034,0.0184981392994139
"30077","Powell County, MT","Montana","MT",191353.421217378,492131.531335249,1.67614180911407
"30079","Prairie County, MT","Montana","MT",1388.23456919431,3693.00389917488,0.0127196992764602
"30081","Ravalli County, MT","Montana","MT",1672966.42995334,4342321.23406765,14.9139505267985
"30083","Richland County, MT","Montana","MT",46599.0796004991,125323.057234459,0.445349450760776
"30085","Roosevelt County, MT","Montana","MT",48405.1970796631,127965.2429445,0.445109465388819
"30087","Rosebud County, MT","Montana","MT",51454.9160439435,138769.902079344,0.483600832949745
"30089","Sanders County, MT","Montana","MT",28434.8812765449,74757.741480066,0.259313411203658
"30091","Sheridan County, MT","Montana","MT",34296.0134260318,90546.4018366486,0.315445419146618
"30097","Sweet Grass County, MT","Montana","MT",1876.19620302638,4954.19677745041,0.0172769951311785
"30099","Teton County, MT","Montana","MT",49944.450618256,132885.110210159,0.450008930771046
"30101","Toole County, MT","Montana","MT",20702.8312700864,54659.6842895499,0.190480399549406
"30103","Treasure County, MT","Montana","MT",640.161651337491,1717.97241823283,0.00583742843217752
"30105","Valley County, MT","Montana","MT",85183.7073145338,226112.071156488,0.809898239303679
"30107","Wheatland County, MT","Montana","MT",11201.730998029,32182.0333403075,0.113752389204579
"30109","Wibaux County, MT","Montana","MT",69.5917654034137,211.577172665321,0.000588185481584005
"30140","Lebanon County, PA","Pennsylvania","PA",11550023.9530723,27506657.6420026,97.8078413398103
"30150","Grafton County, NH","New Hampshire","NH",54236720.4300247,130825425.528698,380.730262920087
"30150","Orange County, VT","Vermont","VT",12103845.4511984,29168356.5496234,85.1090468201307
"30150","Sullivan County, NH","New Hampshire","NH",6356327.8781261,15230879.8890034,45.3593197649444
"30150","Windsor County, VT","Vermont","VT",22955788.9304323,55320964.7470967,161.288018622128
"30180","Plymouth County, IA","Iowa","IA",174928.620211088,444748.268434096,1.43127240424627
"30260","Union County, PA","Pennsylvania","PA",1319434.25184591,3192519.04207757,11.178627519208
"30280","Marshall County, TN","Tennessee","TN",1905492.21993569,5156761.61851,19.1398207728986
"30300","Asotin County, WA","Washington","WA",749657.396248191,2077618.42233797,6.02997383436185
"30300","Nez Perce County, ID","Idaho","ID",1487955.65211174,4833335.67284169,12.7339869810123
"30340","Androscoggin County, ME","Maine","ME",2218388.64408677,5086499.12819147,19.0060723515724
"30380","Mifflin County, PA","Pennsylvania","PA",2919544.08691358,7011448.19619479,24.7935402980624
"30420","Dawson County, NE","Nebraska","NE",274975.785365436,713537.319362296,2.53244215989265
"30420","Gosper County, NE","Nebraska","NE",23170.9830763305,63033.2009002543,0.218962697189171
"30460","Bourbon County, KY","Kentucky","KY",1332774.37538043,3481831.58625183,11.519659298895
"30460","Clark County, KY","Kentucky","KY",2944738.6990062,7692378.44400804,25.380592494143
"30460","Fayette County, KY","Kentucky","KY",88626307.0722189,231370318.364478,763.231190973342
"30460","Jessamine County, KY","Kentucky","KY",7517159.02262295,19658285.9342769,64.8651844850256
"30460","Scott County, KY","Kentucky","KY",4985016.28671251,13013886.7204511,43.1607984451874
"30460","Woodford County, KY","Kentucky","KY",4773141.06467735,12474888.9827087,41.0751898268834
"30500","Calvert County, MD","Maryland","MD",6043183.91509394,13271289.9856638,45.8401887602711
"30500","St. Mary's County, MD","Maryland","MD",5478835.8919745,12117791.6465868,40.7915313447954
"30580","Seward County, KS","Kansas","KS",29271.1580503374,77221.6459532895,0.218379184197713
"30620","Allen County, OH","Ohio","OH",1299491.45405917,3403181.84473193,12.7728338364368
"30660","Logan County, IL","Illinois","IL",377137.947313244,1060159.08876048,3.6713376403735
"30700","Lancaster County, NE","Nebraska","NE",22179749.3469593,57408346.3399309,203.908303210003
"30700","Seward County, NE","Nebraska","NE",536465.982859275,1384025.39667059,4.89221399441371
"30780","Faulkner County, AR","Arkansas","AR",5157431.48044849,14477837.298103,45.5149811771655
"30780","Grant County, AR","Arkansas","AR",741229.792309565,2085314.54345688,6.55146947966625
"30780","Lonoke County, AR","Arkansas","AR",4153307.87799824,11649496.3329105,36.7210807595983
"30780","Perry County, AR","Arkansas","AR",168565.469408196,472672.735301188,1.48340524688595
"30780","Pulaski County, AR","Arkansas","AR",53172060.8717002,149235083.618339,468.545069698488
"30780","Saline County, AR","Arkansas","AR",10213108.1670563,28658746.3816309,90.181675152549
"30820","Clinton County, PA","Pennsylvania","PA",4004089.87412362,9637290.72339364,34.0107031080509
"30860","Cache County, UT","Utah","UT",9585568.18911977,26319762.2060293,109.891930636647
"30860","Franklin County, ID","Idaho","ID",54392.7910598282,159158.745605797,0.608427775897623
"30900","Cass County, IN","Indiana","IN",436368.579668035,1190516.35131301,3.94587249191641
"30980","Gregg County, TX","Texas","TX",1488996.6219935,4813553.61819139,17.4046606215224
"30980","Harrison County, TX","Texas","TX",788549.186667219,2541368.16033825,9.20307607017364
"30980","Rusk County, TX","Texas","TX",880147.771610698,2855332.0163628,10.3379638430755
"30980","Upshur County, TX","Texas","TX",630008.241832172,2044808.04847096,7.39903226851041
"31003","Antelope County, NE","Nebraska","NE",20124.3202355682,54816.9742134063,0.180533461934609
"31005","Arthur County, NE","Nebraska","NE",371.824150207252,962.15106575986,0.00342078218190672
"31009","Blaine County, NE","Nebraska","NE",7834.86544724339,20273.8959692331,0.0720807621146392
"31011","Boone County, NE","Nebraska","NE",20834.4892352149,54505.8772983174,0.190539361345789
"31013","Box Butte County, NE","Nebraska","NE",18816.401650344,49081.938260012,0.172520885266579
"31015","Boyd County, NE","Nebraska","NE",157.900367345839,408.591014437849,0.00145268337958172
"31017","Brown County, NE","Nebraska","NE",276.176188637615,714.647539938073,0.00254082093546606
"31020","Cowlitz County, WA","Washington","WA",4371819.44534909,10590200.4970702,35.251559669274
"31021","Burt County, NE","Nebraska","NE",1199119.95476585,3109770.85352622,11.021247415691
"31023","Butler County, NE","Nebraska","NE",41613.0523462836,109343.504569344,0.379868600724219
"31027","Cedar County, NE","Nebraska","NE",261281.690537921,718543.99240079,2.33229376072407
"31029","Chase County, NE","Nebraska","NE",2918.90175577265,7553.09851067927,0.0268538961531084
"31031","Cherry County, NE","Nebraska","NE",1703.38222088283,4858.59997916863,0.0149121359129199
"31033","Cheyenne County, NE","Nebraska","NE",353826.280873722,915578.864489418,3.25520178403824
"31039","Cuming County, NE","Nebraska","NE",199156.297352667,516949.085599118,1.83077578603106
"31041","Custer County, NE","Nebraska","NE",24296.8613274233,66228.8723530179,0.228178238353585
"31045","Dawes County, NE","Nebraska","NE",22441.070846395,61527.6612651368,0.210848934053555
"31049","Deuel County, NE","Nebraska","NE",1783.91850166789,4616.15816684254,0.0164120502153446
"31051","Dixon County, NE","Nebraska","NE",81740.4337400855,252934.994114543,0.682366390882208
"31057","Dundy County, NE","Nebraska","NE",1351.77616600622,3926.69075194683,0.0117135347716235
"31059","Fillmore County, NE","Nebraska","NE",5600.19178605046,14886.3438798266,0.0508948457651913
"31060","Los Alamos County, NM","New Mexico","NM",330545.331695388,770459.002444192,2.58188508060723
"31061","Franklin County, NE","Nebraska","NE",1006.23298664059,2605.40200081598,0.00924714086521211
"31063","Frontier County, NE","Nebraska","NE",167838.077328539,434324.44343337,1.54414242649531
"31065","Furnas County, NE","Nebraska","NE",8768.68569183278,22712.8247746856,0.0807009262397106
"31069","Garden County, NE","Nebraska","NE",1836.61754977941,4752.52490170031,0.0168968814579706
"31071","Garfield County, NE","Nebraska","NE",54139.7344510205,140196.864227988,0.498054862230365
"31075","Grant County, NE","Nebraska","NE",41.3964886685028,107.119657690107,0.000380847695750226
"31077","Greeley County, NE","Nebraska","NE",3893.3890861868,10076.3862710723,0.0358222841546029
"31080","Los Angeles County, CA","California","CA",1263136105.82234,3389178829.16601,11117.2910636027
"31080","Orange County, CA","California","CA",231759458.142177,621978677.130601,2040.3175825433
"31081","Hamilton County, NE","Nebraska","NE",59247.9435653486,153312.989523961,0.545081080801207
"31083","Harlan County, NE","Nebraska","NE",3293.23111480207,8299.5166140611,0.0293181910988415
"31085","Hayes County, NE","Nebraska","NE",41.3964886685028,107.119657690107,0.000380847695750226
"31087","Hitchcock County, NE","Nebraska","NE",2707.60384650087,7006.33330329467,0.024909955387808
"31089","Holt County, NE","Nebraska","NE",7513.16415530132,19750.8270141058,0.0685995603024605
"31091","Hooker County, NE","Nebraska","NE",17.035281049029,44.0813589104043,0.000156724585651067
"31095","Jefferson County, NE","Nebraska","NE",98222.6315218972,252852.848548009,0.90205248829961
"31097","Johnson County, NE","Nebraska","NE",344607.379593468,891397.012749361,3.16364737301439
"31101","Keith County, NE","Nebraska","NE",57649.6758160203,149246.717159619,0.530349331138765
"31103","Keya Paha County, NE","Nebraska","NE",1762.07952337015,4559.6465168258,0.0162111316150053
"31105","Kimball County, NE","Nebraska","NE",4880.0298752531,13960.0503074618,0.043791221677732
"31107","Knox County, NE","Nebraska","NE",30295.3094972266,89244.4743609456,0.260238118677459
"31115","Loup County, NE","Nebraska","NE",1.44431650428565,3.73738678113944,0.000013287711839428
"31117","McPherson County, NE","Nebraska","NE",78.7954505195737,203.895111848379,0.000724918144780078
"31123","Morrill County, NE","Nebraska","NE",3929.57519293539,10170.0232797347,0.03615519633669
"31125","Nance County, NE","Nebraska","NE",32463.981225577,83267.9199796828,0.276607600347529
"31127","Nemaha County, NE","Nebraska","NE",97969.3799790909,253130.384740261,0.893756416972977
"31129","Nuckolls County, NE","Nebraska","NE",5825.12564652032,15154.0072581733,0.053496607119653
"31131","Otoe County, NE","Nebraska","NE",530820.954136693,1374571.62946262,4.87672944100603
"31133","Pawnee County, NE","Nebraska","NE",221546.682069219,573286.49288944,2.03823142654179
"31135","Perkins County, NE","Nebraska","NE",2875.48172966769,7445.69709949029,0.0264730988223159
"31137","Phelps County, NE","Nebraska","NE",59890.6342251974,155382.30648859,0.550048893386991
"31140","Bullitt County, KY","Kentucky","KY",3522361.28834441,9213059.0242422,30.3711529266762
"31140","Clark County, IN","Indiana","IN",4119036.67379433,10854816.1716269,35.8096652711426
"31140","Floyd County, IN","Indiana","IN",3346326.61913807,8763075.84835296,29.3022638330329
"31140","Harrison County, IN","Indiana","IN",1251641.82303757,3303094.54194405,10.8997507641116
"31140","Henry County, KY","Kentucky","KY",538128.719557756,1406960.40234774,4.63850360316563
"31140","Jefferson County, KY","Kentucky","KY",66272468.2576211,173326361.533941,571.071658366997
"31140","Meade County, KY","Kentucky","KY",754916.93412091,1979856.22625785,6.5703855283169
"31140","Nelson County, KY","Kentucky","KY",1274313.11931984,3345852.77909939,11.0755541085187
"31140","Oldham County, KY","Kentucky","KY",4507824.72639478,11790930.042847,38.8859089865773
"31140","Shelby County, KY","Kentucky","KY",1535432.78480235,4021291.67521157,13.2873678035295
"31140","Spencer County, KY","Kentucky","KY",606172.349687225,1586488.3263754,5.2466163639623
"31140","Washington County, IN","Indiana","IN",600880.391876625,1608215.48057321,5.2697327212611
"31143","Polk County, NE","Nebraska","NE",14950.479978093,38683.4215740358,0.137542718197092
"31145","Red Willow County, NE","Nebraska","NE",9777.25849896451,25592.7175431542,0.0901091592860525
"31147","Richardson County, NE","Nebraska","NE",284980.794104407,737449.336545049,2.62137606964032
"31149","Rock County, NE","Nebraska","NE",2983.46628870747,7726.34170757866,0.0274594703124676
"31151","Saline County, NE","Nebraska","NE",219439.000105586,571527.68739212,2.02358224849604
"31161","Sheridan County, NE","Nebraska","NE",8983.20024085792,23273.094711019,0.0825940657124193
"31163","Sherman County, NE","Nebraska","NE",5950.00346747489,15834.9341230205,0.0549001267094358
"31165","Sioux County, NE","Nebraska","NE",1605.13882128768,4173.85264526436,0.0148053873271306
"31169","Thayer County, NE","Nebraska","NE",234590.209568396,605607.025206636,2.1510866948761
"31171","Thomas County, NE","Nebraska","NE",78.7954505195737,203.895111848379,0.000724918144780078
"31173","Thurston County, NE","Nebraska","NE",12400.5830643658,35909.0987286221,0.107414184258068
"31175","Valley County, NE","Nebraska","NE",8114.38079531502,22277.6313474572,0.0724937487873284
"31179","Wayne County, NE","Nebraska","NE",68900.8741272783,189072.29591368,0.592297484273205
"31180","Cochran County, TX","Texas","TX",36417.3011187518,118629.136596345,0.429724153201271
"31180","Crosby County, TX","Texas","TX",138413.174248826,450675.871471935,1.63228934220933
"31180","Garza County, TX","Texas","TX",83452.6681492774,242071.672219216,0.869628901898106
"31180","Hockley County, TX","Texas","TX",431447.712436304,1403999.12242736,5.08161224109965
"31180","Lubbock County, TX","Texas","TX",16670815.6522091,51861541.2100133,188.805150001366
"31180","Lynn County, TX","Texas","TX",86424.473684322,281513.86700111,1.01974497058191
"31183","Wheeler County, NE","Nebraska","NE",51933.2130013053,134385.021009765,0.477785559612009
"31185","York County, NE","Nebraska","NE",257422.103195227,666080.310549586,2.36454794521874
"31220","Mason County, MI","Michigan","MI",383983.324321153,988022.868915416,3.72874384934774
"31260","Angelina County, TX","Texas","TX",1407792.69687512,4577655.4376555,16.5792513683657
"31300","Robeson County, NC","North Carolina","NC",5829181.6411617,14611149.2519986,56.4516763491013
"31340","Amherst County, VA","Virginia","VA",940042.191365185,2580103.98692838,8.0230684266379
"31340","Appomattox County, VA","Virginia","VA",569196.901131647,1533778.68714609,4.97994851948762
"31340","Bedford County, VA","Virginia","VA",1834391.64793844,4943146.30449983,16.097362661058
"31340","Campbell County, VA","Virginia","VA",1445948.40452733,3887548.33547181,12.7829217818573
"31340","Lynchburg city, VA","Virginia","VA",2682925.13527556,7167720.59530218,23.7566992226699
"31380","McDonough County, IL","Illinois","IL",234645.016255011,654105.522787026,2.24223480132945
"31420","Bibb County, GA","Georgia","GA",2819854.01157611,8255970.10582231,33.1154880130626
"31420","Crawford County, GA","Georgia","GA",140298.403890066,413136.739265175,1.64784776692645
"31420","Jones County, GA","Georgia","GA",414029.830748228,1216344.84792461,4.8758803917495
"31420","Monroe County, GA","Georgia","GA",295278.420808083,826676.86663884,3.22260152945995
"31420","Twiggs County, GA","Georgia","GA",53251.8460738781,156264.877572303,0.62750479559103
"31500","Jefferson County, IN","Indiana","IN",484393.049352187,1294747.51343296,4.30912733297523
"31540","Columbia County, WI","Wisconsin","WI",9656198.62104229,22939492.7530405,90.6715511572719
"31540","Dane County, WI","Wisconsin","WI",303010174.268586,718179312.494175,2848.13158822576
"31540","Green County, WI","Wisconsin","WI",3597874.08766749,8544531.46936,33.7826386753484
"31540","Iowa County, WI","Wisconsin","WI",2246065.69527514,5329753.83567143,21.0861126638986
"31580","Hopkins County, KY","Kentucky","KY",465619.130778584,1224958.22932719,4.13415469430254
"31620","Columbia County, AR","Arkansas","AR",105706.459593192,296331.63894629,0.951248097971755
"31680","Hot Spring County, AR","Arkansas","AR",564989.467049746,1582569.19684359,4.99485215932226
"31700","Hillsborough County, NH","New Hampshire","NH",31617204.2290773,71577023.224227,245.80466354812
"31740","Geary County, KS","Kansas","KS",694055.301523528,1914806.85379537,5.64182086623177
"31740","Pottawatomie County, KS","Kansas","KS",1598758.54764077,4418120.614943,13.0126782814087
"31740","Riley County, KS","Kansas","KS",6917467.4444081,19106940.1543535,56.0491405961908
"31820","Manitowoc County, WI","Wisconsin","WI",1191174.05516347,2891393.40407484,11.1448836703834
"31860","Blue Earth County, MN","Minnesota","MN",2716385.07616386,6732609.91625023,24.709291510671
"31860","Nicollet County, MN","Minnesota","MN",1320547.90433748,3267118.2574736,11.9753957393647
"31900","Richland County, OH","Ohio","OH",1328628.7013413,3464697.21523552,13.042921434892
"31930","Washington County, OH","Ohio","OH",795860.832239679,2084208.11587575,7.72067372998086
"31940","Marinette County, WI","Wisconsin","WI",768142.505239597,1850561.68384018,7.17021261006665
"31940","Menominee County, MI","Michigan","MI",228074.51085406,590690.324132201,2.21263320245223
"31980","Grant County, IN","Indiana","IN",802422.154826626,2153652.89725671,7.086352776367
"32000","McDowell County, NC","North Carolina","NC",692769.523934211,1746708.27865513,6.67863650608859
"32009","Esmeralda County, NV","Nevada","NV",212.899781114323,1125.00082108888,0.00185086463125398
"32015","Lander County, NV","Nevada","NV",18976.0827517315,65902.2380788973,0.197248389765858
"32017","Lincoln County, NV","Nevada","NV",10140.1533334285,52170.6614569512,0.088701898311935
"32020","Marion County, OH","Ohio","OH",1393424.25476068,3626168.49586536,13.7106321559728
"32021","Mineral County, NV","Nevada","NV",16759.0124580362,83730.210162304,0.146695983559456
"32027","Pershing County, NV","Nevada","NV",22192.7371817262,98890.5172658631,0.193615210802272
"32033","White Pine County, NV","Nevada","NV",68453.8483374061,194490.455232062,0.722589014240688
"32060","Williamson County, IL","Illinois","IL",723117.454579136,2047163.32058786,7.10239244269376
"32100","Marquette County, MI","Michigan","MI",626450.009419114,1603250.26936013,6.07620919631173
"32140","Lyon County, MN","Minnesota","MN",258175.3222863,654856.758306939,2.32941472399423
"32180","Saline County, MO","Missouri","MO",1390084.48460873,3313197.81352719,12.0511018488453
"32260","Marshall County, IA","Iowa","IA",619278.45285591,1527331.71663759,4.97040212207362
"32280","Weakley County, TN","Tennessee","TN",482388.077176236,1304627.22837859,4.82876242713501
"32300","Henry County, VA","Virginia","VA",859665.23892041,2320530.03963858,7.54890351096186
"32300","Martinsville city, VA","Virginia","VA",274003.1785348,748269.891436799,2.39813480765827
"32340","Nodaway County, MO","Missouri","MO",166753.042126544,407752.904997092,1.45623075959319
"32380","Cerro Gordo County, IA","Iowa","IA",449434.531191112,1115236.65771447,3.80308953867759
"32380","Worth County, IA","Iowa","IA",99273.7815021238,244921.01575988,0.863214800036501
"32390","St. Lawrence County, NY","New York","NY",1889992.59778111,4463836.4469807,13.5096313294204
"32420","Mayagüez Municipio, PR","Puerto Rico","PR",726301.409278738,1866594.62184636,6.46408254258077
"32460","Graves County, KY","Kentucky","KY",396353.955550404,1047004.00723716,3.55130425612499
"32540","Pittsburg County, OK","Oklahoma","OK",204982.651172976,578304.728621267,2.13013103077322
"32580","Hidalgo County, TX","Texas","TX",11441559.9481281,37146339.5683259,134.530432142018
"32620","Pike County, MS","Mississippi","MS",273442.411813005,826052.211445663,2.6138739054987
"32620","Walthall County, MS","Mississippi","MS",70433.1873464123,211893.97734988,0.656508129113917
"32660","Warren County, TN","Tennessee","TN",1666903.97241955,4494608.22160194,16.6781002109212
"32700","McPherson County, KS","Kansas","KS",240917.947372363,662513.524451376,1.99502207688615
"32740","Crawford County, PA","Pennsylvania","PA",1873554.21803532,4518976.04219373,15.9556659039474
"32780","Jackson County, OR","Oregon","OR",1301134.77180727,3215090.87874347,11.4196671220025
"32820","Benton County, MS","Mississippi","MS",149423.729712771,425566.851323579,1.44848550252454
"32820","Crittenden County, AR","Arkansas","AR",4063551.88494866,10958581.1135532,40.5410577422419
"32820","DeSoto County, MS","Mississippi","MS",13559654.8898441,36728745.3007363,134.999723498587
"32820","Fayette County, TN","Tennessee","TN",2985986.28626258,8045904.1336426,29.831728032698
"32820","Marshall County, MS","Mississippi","MS",538476.225300209,1545693.87769981,5.15879914957387
"32820","Shelby County, TN","Tennessee","TN",145823492.32382,392492926.420776,1455.77098765931
"32820","Tate County, MS","Mississippi","MS",884138.589273078,2459795.07521953,8.65932380815858
"32820","Tipton County, TN","Tennessee","TN",5907449.53487493,15911324.7871598,59.0946772220284
"32820","Tunica County, MS","Mississippi","MS",153914.278954124,415972.870088101,1.42957382300402
"32860","Dunn County, WI","Wisconsin","WI",707316.907099112,1701531.62116761,6.55434597520447
"32900","Merced County, CA","California","CA",8510562.44698889,22856759.7968469,75.016929351135
"32940","Clarke County, MS","Mississippi","MS",71821.002870439,228920.456205789,0.638741906741271
"32940","Lauderdale County, MS","Mississippi","MS",459356.337375822,1390017.37719559,4.1880514985528
"33003","Carroll County, NH","New Hampshire","NH",1679904.377184,3858883.06649447,12.8446200186998
"33007","Coos County, NH","New Hampshire","NH",735475.908363118,1712394.33245731,5.4200944084368
"33020","Audrain County, MO","Missouri","MO",563513.844109329,1331676.12176145,4.82894623679054
"33060","Ottawa County, OK","Oklahoma","OK",89320.8469055769,251636.590407239,0.929229808331742
"33100","Broward County, FL","Florida","FL",42299078.7778381,135235799.1069,471.837218250614
"33100","Miami-Dade County, FL","Florida","FL",201965413.305738,648096113.254292,2260.25145985825
"33100","Palm Beach County, FL","Florida","FL",31982233.0615459,102165635.090646,356.980879305959
"33140","LaPorte County, IN","Indiana","IN",2151139.68083926,5878651.99934578,19.6565472015752
"33180","Bell County, KY","Kentucky","KY",415782.484083552,1086529.94769101,3.58486448584846
"33220","Midland County, MI","Michigan","MI",1176472.44653013,2997262.1820954,11.3861642481246
"33260","Martin County, TX","Texas","TX",17554.1864184718,57009.4533933356,0.206383222561323
"33260","Midland County, TX","Texas","TX",706792.416637468,2289056.41016895,8.29489088470737
"33300","Baldwin County, GA","Georgia","GA",722151.928385875,2098966.08074657,8.38178858471276
"33340","Milwaukee County, WI","Wisconsin","WI",99988276.9275696,237771381.250983,939.674647186252
"33340","Ozaukee County, WI","Wisconsin","WI",7298466.92358463,17451487.1156064,68.5431258282448
"33340","Washington County, WI","Wisconsin","WI",14212966.5519833,33860045.5835442,133.523474720226
"33340","Waukesha County, WI","Wisconsin","WI",47664172.6917368,113482796.596107,447.902700460171
"33380","Webster Parish, LA","Louisiana","LA",584219.699948386,1624701.52115716,5.78367634066197
"33420","Palo Pinto County, TX","Texas","TX",82729.4982858804,269480.694294984,0.976155089037353
"33460","Anoka County, MN","Minnesota","MN",31557153.0436968,78169403.1899702,287.24356566005
"33460","Carver County, MN","Minnesota","MN",5140952.67056766,12738927.2265538,46.7699768618163
"33460","Chisago County, MN","Minnesota","MN",2617532.09969882,6487754.27036271,23.7768774084056
"33460","Dakota County, MN","Minnesota","MN",32232553.3313911,79792972.1769613,293.358142437062
"33460","Hennepin County, MN","Minnesota","MN",202412907.999347,500656654.609107,1840.95492894063
"33460","Isanti County, MN","Minnesota","MN",1108447.18090013,2738770.30782326,10.0895015962098
"33460","Le Sueur County, MN","Minnesota","MN",1191498.36159935,2955453.86086338,10.824972331552
"33460","Mille Lacs County, MN","Minnesota","MN",266957.535635811,667607.444673715,2.41868107025534
"33460","Pierce County, WI","Wisconsin","WI",1702889.79195539,4106131.57269123,15.7765183762884
"33460","Ramsey County, MN","Minnesota","MN",91347008.1217124,225793771.361108,831.396310267422
"33460","Scott County, MN","Minnesota","MN",7314449.81884535,18163643.6869846,66.6027789790826
"33460","Sherburne County, MN","Minnesota","MN",3226993.99250699,8019690.43997095,29.3581203288147
"33460","St. Croix County, WI","Wisconsin","WI",3680223.92470491,9049329.18154198,33.6393945601275
"33460","Washington County, MN","Minnesota","MN",22429485.6996789,55674598.8629572,204.337598072313
"33460","Wright County, MN","Minnesota","MN",4944793.81318464,12264471.4332549,44.9356262192242
"33500","McHenry County, ND","North Dakota","ND",42684.7521013233,154626.358622141,0.318778184730355
"33500","Renville County, ND","North Dakota","ND",5115.70708857301,18647.9438626169,0.0382364321061395
"33500","Ward County, ND","North Dakota","ND",346946.155148416,1258532.48163702,2.60068282398554
"33540","Mineral County, MT","Montana","MT",137225.410160276,359379.102298893,1.2419852309918
"33540","Missoula County, MT","Montana","MT",17733136.1829923,46801667.8136927,163.031383427071
"33580","Davison County, SD","South Dakota","SD",239390.608410457,732860.712178236,2.01034276391428
"33580","Hanson County, SD","South Dakota","SD",23443.4444383441,73213.5398807248,0.194559870406982
"33580","Sanborn County, SD","South Dakota","SD",23207.7503462423,82381.8979970743,0.186288516638961
"33620","Randolph County, MO","Missouri","MO",807119.748048977,1905606.08719268,6.9340015828841
"33660","Mobile County, AL","Alabama","AL",8615513.97127191,21379992.6334884,79.5397987996874
"33700","Stanislaus County, CA","California","CA",14715133.6468375,39555488.1041797,129.483946007751
"33740","Morehouse Parish, LA","Louisiana","LA",83776.1799557156,237098.374797973,0.833758072487959
"33740","Ouachita Parish, LA","Louisiana","LA",863701.769276971,2410285.06310057,8.52304673514785
"33740","Richland Parish, LA","Louisiana","LA",86458.7561003125,232497.580317946,0.84677029621131
"33740","Union Parish, LA","Louisiana","LA",91927.860813499,256257.553126152,0.904478204954621
"33780","Monroe County, MI","Michigan","MI",16668110.363662,42538083.6835342,161.816514928942
"33860","Autauga County, AL","Alabama","AL",1274806.33152709,3143627.52381449,11.739681770115
"33860","Elmore County, AL","Alabama","AL",1868480.00136388,4662579.00294222,17.4792217883066
"33860","Lowndes County, AL","Alabama","AL",77692.0304444897,191693.606988796,0.715777358727352
"33860","Montgomery County, AL","Alabama","AL",4980920.72913211,12394066.4626198,46.4140075597076
"33900","White County, IN","Indiana","IN",1807341.32395962,4877061.88224685,15.9978220717737
"33910","Sullivan County, NY","New York","NY",3312275.77770768,7819930.85529077,23.6399163304951
"33940","Montrose County, CO","Colorado","CO",235240.585378825,655542.653974574,2.26943132861632
"33980","Carteret County, NC","North Carolina","NC",2356432.45910438,5915493.70912748,22.795838041162
"34020","St. Mary Parish, LA","Louisiana","LA",392339.927272079,1094513.75276199,3.87454825214315
"34060","Monongalia County, WV","West Virginia","WV",19260251.6490255,53422897.9676685,149.123657282169
"34060","Preston County, WV","West Virginia","WV",3896632.23552955,10663142.5459356,30.3667823591006
"34100","Hamblen County, TN","Tennessee","TN",241666.982999221,643366.100896123,2.41121970059657
"34100","Jefferson County, TN","Tennessee","TN",441786.326428028,1187862.24893162,4.4080759777128
"34140","Latah County, ID","Idaho","ID",11461136.5469187,38406147.7012244,98.1305290188096
"34180","Grant County, WA","Washington","WA",1882973.51951983,4611610.72936192,14.7259605266846
"34220","Colquitt County, GA","Georgia","GA",419321.608554605,1245082.39226685,4.91446442221798
"34260","Baxter County, AR","Arkansas","AR",218362.766292655,616273.514912107,1.97711612879924
"34300","Elmore County, ID","Idaho","ID",91155.517167817,376014.56280946,0.838716755575649
"34340","Surry County, NC","North Carolina","NC",4740386.31185645,11873148.4889171,46.0139861611961
"34380","Isabella County, MI","Michigan","MI",2407799.63759294,6151222.77717276,23.3748026914528
"34420","Camp County, TX","Texas","TX",121967.232765859,397276.118513257,1.4390853541472
"34420","Morris County, TX","Texas","TX",42274.3323290673,132066.773365521,0.461858856358666
"34420","Titus County, TX","Texas","TX",128688.754907944,408493.538620201,1.45732107056277
"34460","Bath County, KY","Kentucky","KY",592577.77790589,1551938.5726871,5.1385791328138
"34460","Menifee County, KY","Kentucky","KY",181302.360291029,474567.937126575,1.5789970644733
"34460","Montgomery County, KY","Kentucky","KY",1786819.88091174,4683210.67561067,15.5987873346188
"34500","Jefferson County, IL","Illinois","IL",172448.951432342,449801.042387866,1.6051409818179
"34540","Knox County, OH","Ohio","OH",611803.618395055,1591040.83115301,6.01812872662252
"34580","Skagit County, WA","Washington","WA",10507896.6008125,25424104.8274337,82.0727545921399
"34620","Delaware County, IN","Indiana","IN",4086047.57338782,10980177.8587458,36.0453476873476
"34660","Calloway County, KY","Kentucky","KY",368530.704044843,966967.704444885,3.21542369804041
"34680","Georgetown County, SC","South Carolina","SC",1268752.11102714,3631813.38490705,12.8568492518166
"34700","Muscatine County, IA","Iowa","IA",4680597.31077999,11494608.0981612,36.9229788076167
"34740","Muskegon County, MI","Michigan","MI",2029775.21525205,5217302.23354137,19.6825337687564
"34780","Muskogee County, OK","Oklahoma","OK",554091.763718974,1555783.02826825,5.68896959798913
"34820","Horry County, SC","South Carolina","SC",2525248.75460887,6908016.68212543,25.1106811296892
"34860","Nacogdoches County, TX","Texas","TX",1115468.98497587,3614031.72187896,13.0928126255746
"34880","Nantucket County, MA","Massachusetts","MA",885954.642348942,1978558.78069362,6.97624120204826
"34900","Napa County, CA","California","CA",8732671.95028161,23434358.8927225,76.8394294257412
"34940","Collier County, FL","Florida","FL",1917613.23288854,5587168.76398474,19.0636044869244
"34980","Cannon County, TN","Tennessee","TN",851134.496397649,2291677.2607276,8.51306301039006
"34980","Cheatham County, TN","Tennessee","TN",11766620.9007448,31674042.2835306,117.552835305989
"34980","Davidson County, TN","Tennessee","TN",294581039.319498,793079146.248019,2945.63420126245
"34980","Dickson County, TN","Tennessee","TN",7805767.42053657,21017727.0635391,78.0852731796045
"34980","Hickman County, TN","Tennessee","TN",655975.339471647,1759864.81805084,6.47185839625959
"34980","Macon County, TN","Tennessee","TN",592209.913316071,1590586.4701707,5.85402167945078
"34980","Maury County, TN","Tennessee","TN",7930866.1363086,21351774.9121636,79.3437808941105
"34980","Robertson County, TN","Tennessee","TN",10936641.9653766,29430083.1690296,109.268216861256
"34980","Rutherford County, TN","Tennessee","TN",38810850.6482255,104589088.891723,388.323792661424
"34980","Smith County, TN","Tennessee","TN",874614.397154898,2358819.90901606,8.73573312610576
"34980","Sumner County, TN","Tennessee","TN",30360716.2163926,81726957.122426,303.496888036207
"34980","Trousdale County, TN","Tennessee","TN",504967.322089396,1360240.49633511,5.05222255679293
"34980","Williamson County, TN","Tennessee","TN",65013259.6523601,175089671.429997,650.234456850444
"34980","Wilson County, TN","Tennessee","TN",23410117.3873198,63040646.8528105,233.932242352088
"35003","Catron County, NM","New Mexico","NM",18574.6718727567,45329.6247452123,0.153777426703654
"35006","Cibola County, NM","New Mexico","NM",339983.169935542,813683.679507369,2.77595378149572
"35007","Colfax County, NM","New Mexico","NM",53110.1356256154,128363.91967888,0.432862219241853
"35011","De Baca County, NM","New Mexico","NM",9930.96546701278,23221.0641628168,0.0778569734007895
"35019","Guadalupe County, NM","New Mexico","NM",28171.0069676786,73343.5003654232,0.247443937289567
"35020","Adams County, MS","Mississippi","MS",255573.417949235,767743.188383016,2.41168799030071
"35020","Concordia Parish, LA","Louisiana","LA",26930.5560570917,76979.5441508995,0.271783095123808
"35020","Jefferson County, MS","Mississippi","MS",49604.0087342711,159155.995115376,0.441788646279009
"35021","Harding County, NM","New Mexico","NM",11584.2096220918,27296.3795894481,0.0917785370455643
"35023","Hidalgo County, NM","New Mexico","NM",24632.7520278343,67066.4821091302,0.233743006448951
"35037","Quay County, NM","New Mexico","NM",84553.9416628379,199179.1806533,0.669363699626297
"35051","Sierra County, NM","New Mexico","NM",120734.011966025,290376.424795603,0.97913553294226
"35053","Socorro County, NM","New Mexico","NM",323384.837514994,754407.185148554,2.52907895427705
"35059","Union County, NM","New Mexico","NM",2456.07022677511,5746.19812540029,0.0192845818927497
"35060","Natchitoches Parish, LA","Louisiana","LA",245271.304166111,714492.838626208,2.53347442336923
"35100","Craven County, NC","North Carolina","NC",3857064.48604743,9666017.14450176,37.1878923292317
"35100","Jones County, NC","North Carolina","NC",277794.854693287,697576.696724695,2.69629769716511
"35100","Pamlico County, NC","North Carolina","NC",957490.316926458,2405410.65538042,9.22199306518015
"35140","Newberry County, SC","South Carolina","SC",961521.96342727,2707081.19169302,9.72717849701624
"35220","Henry County, IN","Indiana","IN",920314.433654286,2461595.21734149,8.09350033940314
"35300","South Central Connecticut Planning Region, CT","Connecticut","CT",369632378.607436,841093533.08351,2809.30201762784
"35340","Iberia Parish, LA","Louisiana","LA",669853.127828824,1863094.10570457,6.59848029530422
"35380","Jefferson Parish, LA","Louisiana","LA",38421627.575021,106394304.449042,377.140908955074
"35380","Orleans Parish, LA","Louisiana","LA",77389910.6868225,214153605.567403,758.755690800259
"35380","Plaquemines Parish, LA","Louisiana","LA",556374.050347552,1540294.22804918,5.45076660388221
"35380","St. Bernard Parish, LA","Louisiana","LA",2267477.73239256,6268486.62940431,22.2011450371109
"35380","St. Charles Parish, LA","Louisiana","LA",2195561.82164776,6077941.78980886,21.5100853154805
"35380","St. James Parish, LA","Louisiana","LA",255409.82540296,708542.248843905,2.48874936680992
"35380","St. John the Baptist Parish, LA","Louisiana","LA",1631424.77630215,4521776.43697205,16.0212039070894
"35420","Tuscarawas County, OH","Ohio","OH",1007561.82027579,2592215.69883622,9.3216656978704
"35440","Lincoln County, OR","Oregon","OR",888848.873297683,2157729.80814002,7.80471250997206
"35460","Cocke County, TN","Tennessee","TN",205764.693077024,549468.185299949,2.05087143892456
"35580","Brown County, MN","Minnesota","MN",223318.830213308,566234.102899282,1.99603272234964
"35620","Bergen County, NJ","New Jersey","NJ",126151402.800005,320923079.877438,947.619895292456
"35620","Bronx County, NY","New York","NY",468410108.12759,1104687076.52948,3329.42427264659
"35620","Essex County, NJ","New Jersey","NJ",45168641.2149156,128596089.422606,365.249469259336
"35620","Hudson County, NJ","New Jersey","NJ",72638748.496904,182354354.060195,539.19394352064
"35620","Hunterdon County, NJ","New Jersey","NJ",7268680.55896322,21350624.4480398,60.918366773728
"35620","Kings County, NY","New York","NY",657830652.369061,1552612171.80576,4685.73731715134
"35620","Middlesex County, NJ","New Jersey","NJ",116057490.958256,360498653.76277,994.420495902779
"35620","Monmouth County, NJ","New Jersey","NJ",37398817.9979681,105735678.732276,303.03807333311
"35620","Morris County, NJ","New Jersey","NJ",18449887.8697017,52104102.2378251,150.32994253673
"35620","Nassau County, NY","New York","NY",157049073.762874,370737956.638853,1122.28343075229
"35620","New York County, NY","New York","NY",522212514.540841,1233941433.9525,3730.5306814314
"35620","Ocean County, NJ","New Jersey","NJ",18105600.8450205,54387888.3957403,153.737669546336
"35620","Passaic County, NJ","New Jersey","NJ",19957573.3923884,55247822.5312636,159.389270685335
"35620","Putnam County, NY","New York","NY",8362445.32182089,19816945.9563807,60.6493106004549
"35620","Queens County, NY","New York","NY",422582744.874097,997057354.628667,3009.23291979229
"35620","Richmond County, NY","New York","NY",74485603.2825209,176814433.993161,531.863299509678
"35620","Rockland County, NY","New York","NY",37820490.3327917,90194887.1272606,272.214236108694
"35620","Somerset County, NJ","New Jersey","NJ",41211876.5696378,129942991.354373,357.231748875923
"35620","Suffolk County, NY","New York","NY",147311530.992165,347150062.667328,1053.85138799149
"35620","Sussex County, NJ","New Jersey","NJ",4309716.38074751,11965788.5184882,35.3067037217401
"35620","Union County, NJ","New Jersey","NJ",35593843.3713043,105041228.24373,293.369064193467
"35620","Westchester County, NY","New York","NY",139990942.367314,330032967.908994,1002.96578574741
"35660","Berrien County, MI","Michigan","MI",3498853.91095956,9196456.43981693,32.6883616746547
"35700","Santa Cruz County, AZ","Arizona","AZ",1316505.16493172,3860006.05115377,13.3951613713343
"35740","Madison County, NE","Nebraska","NE",1269276.47351896,3299433.825633,11.6678223881225
"35740","Pierce County, NE","Nebraska","NE",82684.2276425212,214142.219257468,0.756482927754
"35740","Stanton County, NE","Nebraska","NE",24223.4658553068,65422.9731557278,0.218220155684565
"35820","Lincoln County, NE","Nebraska","NE",237249.779692292,625564.394388871,2.23630135086279
"35820","Logan County, NE","Nebraska","NE",168747.967388689,436660.815542342,1.55248129997594
"35840","Manatee County, FL","Florida","FL",4523014.57733844,14303916.5861603,50.18747937068
"35840","Sarasota County, FL","Florida","FL",3289270.8787818,10400919.9117368,36.4509384286816
"35900","Wilkes County, NC","North Carolina","NC",4494794.20727009,11274748.7675717,43.4781111002806
"35940","Huron County, OH","Ohio","OH",666807.514875426,1735535.55407402,6.55931954158332
"35980","Southeastern Connecticut Planning Region, CT","Connecticut","CT",23554199.1891508,53381498.9098446,179.739700128156
"36003","Allegany County, NY","New York","NY",964511.00347772,2271847.16890622,6.86745391017172
"36017","Chenango County, NY","New York","NY",1180989.88197367,2794238.90529622,8.48429084092324
"36020","Island County, WA","Washington","WA",4863278.49833862,11773715.4555479,38.0238715817773
"36025","Delaware County, NY","New York","NY",1268237.27133729,2982175.77657925,9.05110172359985
"36031","Essex County, NY","New York","NY",915284.377405867,2203595.56779822,6.72763905841855
"36033","Franklin County, NY","New York","NY",941866.269634239,2227610.15498336,6.74191528198127
"36039","Greene County, NY","New York","NY",2484305.31729083,5865841.86485785,17.7071736315156
"36041","Hamilton County, NY","New York","NY",110974.792256311,259477.949824293,0.805445108664752
"36049","Lewis County, NY","New York","NY",265009.251607086,621042.884932971,1.91233637768563
"36097","Schuyler County, NY","New York","NY",3836934.06323911,9045240.43759089,27.2452210724607
"36100","Marion County, FL","Florida","FL",12790938.1717917,41068464.7285776,143.095556324622
"36121","Wyoming County, NY","New York","NY",2475302.87505737,5832615.67369827,17.599161317425
"36123","Yates County, NY","New York","NY",322113.355628914,759733.620732519,2.29645789536705
"36180","Worcester County, MD","Maryland","MD",1267199.93389864,2841147.85043903,10.1408051089278
"36220","Ector County, TX","Texas","TX",882409.44074269,2859968.73191889,10.3417406616004
"36260","Davis County, UT","Utah","UT",36431064.4491143,100082174.388081,418.669879943197
"36260","Morgan County, UT","Utah","UT",632174.029599764,1736344.57577077,7.26849133177549
"36260","Weber County, UT","Utah","UT",10595089.3686798,29114087.5179274,121.625819472406
"36340","Venango County, PA","Pennsylvania","PA",3589273.42368338,8642308.72762286,30.5820658880639
"36380","Okeechobee County, FL","Florida","FL",275117.617744172,876191.752304492,3.05002523633296
"36420","Canadian County, OK","Oklahoma","OK",6319988.8419106,17805814.4419722,66.3817051181225
"36420","Cleveland County, OK","Oklahoma","OK",23426635.7334369,65987187.8083026,246.013837359489
"36420","Grady County, OK","Oklahoma","OK",1348125.00622246,3798273.0695713,14.1407608219158
"36420","Lincoln County, OK","Oklahoma","OK",1093834.29631896,3080775.54960679,11.4656449840327
"36420","Logan County, OK","Oklahoma","OK",1861998.17943807,5244621.92572568,19.5494569509033
"36420","McClain County, OK","Oklahoma","OK",1273076.04583377,3585089.19827025,13.3671159667258
"36420","Oklahoma County, OK","Oklahoma","OK",65767019.0011917,185245785.590553,690.55434874868
"36460","Cattaraugus County, NY","New York","NY",1629594.323138,3839851.78983908,11.6217872241885
"36500","Thurston County, WA","Washington","WA",10892852.246832,26373538.9924856,85.2232890161667
"36540","Cass County, NE","Nebraska","NE",1791956.32195044,4637679.50731996,16.4786834169871
"36540","Douglas County, NE","Nebraska","NE",88658248.8361985,229421427.15862,815.302612962649
"36540","Harrison County, IA","Iowa","IA",228984.404401173,581740.422016327,1.97801759039465
"36540","Mills County, IA","Iowa","IA",350648.548035161,905308.466167764,3.18861471364793
"36540","Pottawattamie County, IA","Iowa","IA",3601454.65775855,9292441.48758967,32.7276251011619
"36540","Sarpy County, NE","Nebraska","NE",13624571.43322,35258317.0051669,125.194113413027
"36540","Saunders County, NE","Nebraska","NE",717081.772243788,1857317.45255715,6.5940807394642
"36540","Washington County, NE","Nebraska","NE",1289203.93150305,3335384.12300114,11.8361217877174
"36580","Otsego County, NY","New York","NY",1239288.01633495,2921293.29299408,8.84872052220654
"36620","Malheur County, OR","Oregon","OR",292844.733168961,718961.146963409,2.57891027455221
"36620","Payette County, ID","Idaho","ID",47731.3872190006,194747.71736701,0.439311547836175
"36660","St. Landry Parish, LA","Louisiana","LA",1049221.94813571,2910595.83743646,10.3007863563182
"36700","Orangeburg County, SC","South Carolina","SC",1494943.81704774,4317052.39611268,15.500121440982
"36740","Lake County, FL","Florida","FL",2004812.55685699,6341422.17412025,22.1662701138419
"36740","Orange County, FL","Florida","FL",18250071.7107742,57552502.3294075,201.524113932894
"36740","Osceola County, FL","Florida","FL",2284525.56574314,7130951.7363846,25.1347643546675
"36740","Seminole County, FL","Florida","FL",8447190.30833992,26962047.8161808,94.2155492678447
"36780","Winnebago County, WI","Wisconsin","WI",5840345.21577742,13891006.4473146,54.8083120645992
"36820","Mahaska County, IA","Iowa","IA",465289.380665293,1145020.48600934,3.71294982710377
"36830","Adams County, WA","Washington","WA",707716.717013609,1728905.37048773,5.53493368034049
"36837","Bureau County, IL","Illinois","IL",276991.491034537,783453.315916337,2.69380286577598
"36837","LaSalle County, IL","Illinois","IL",1257965.60329562,3502085.54440147,12.2855315647245
"36837","Putnam County, IL","Illinois","IL",22287.9855083962,63051.1821053697,0.216119096990854
"36840","Franklin County, KS","Kansas","KS",306815.836354991,843607.423467697,2.49661382356734
"36900","Wapello County, IA","Iowa","IA",274224.012324642,679357.446843584,2.20701752012573
"36940","Steele County, MN","Minnesota","MN",2891158.94607482,7156836.07453791,26.3398489005777
"36980","Daviess County, KY","Kentucky","KY",530667.021306976,1397208.78352829,4.63516988244571
"36980","McLean County, KY","Kentucky","KY",55167.1017318473,144311.859757199,0.476249376866204
"37005","Alleghany County, NC","North Carolina","NC",238875.842828476,602742.22547221,2.29862257993542
"37009","Ashe County, NC","North Carolina","NC",731883.211568084,1845689.99151139,7.16385423843992
"37011","Avery County, NC","North Carolina","NC",221120.697152313,556575.069654202,2.14944490695247
"37015","Bertie County, NC","North Carolina","NC",533009.222675258,1333789.26831815,5.08193192757211
"37017","Bladen County, NC","North Carolina","NC",1222315.30296713,3058426.98371227,11.8369286487767
"37020","Shiawassee County, MI","Michigan","MI",4504262.29494555,11480297.2395491,43.6845097827519
"37033","Caswell County, NC","North Carolina","NC",7033287.75242657,17618873.0843961,68.2217321242457
"37039","Cherokee County, NC","North Carolina","NC",318241.578308562,820023.169143954,3.13615148419102
"37041","Chowan County, NC","North Carolina","NC",739508.332308138,1847521.61146286,7.14956574248775
"37043","Clay County, NC","North Carolina","NC",198680.854904574,512953.318470824,1.94826443847283
"37047","Columbus County, NC","North Carolina","NC",3418219.21545494,8559313.77084996,33.119805231158
"37060","Lafayette County, MS","Mississippi","MS",5418275.81896504,17277797.0000988,48.6289479464417
"37060","Yalobusha County, MS","Mississippi","MS",348123.546173305,1120940.54923679,3.09841037376424
"37061","Duplin County, NC","North Carolina","NC",3100445.11469316,7778296.1699502,29.9761465770255
"37075","Graham County, NC","North Carolina","NC",142366.228249289,355600.916409236,1.37294111532544
"37077","Granville County, NC","North Carolina","NC",28194843.897315,70555328.553975,273.300627240178
"37079","Greene County, NC","North Carolina","NC",1082260.08902515,2709077.2702719,10.5043105581074
"37091","Hertford County, NC","North Carolina","NC",864209.745242653,2170607.79255512,8.4176649606516
"37095","Hyde County, NC","North Carolina","NC",85081.956863482,213654.701561077,0.822549861930452
"37099","Jackson County, NC","North Carolina","NC",843172.829655026,2178076.72119669,8.26093242592761
"37100","Ventura County, CA","California","CA",39200528.5581358,105216321.989143,345.30027933803
"37113","Macon County, NC","North Carolina","NC",1154787.97543713,2958044.51518803,11.30273021975
"37117","Martin County, NC","North Carolina","NC",1062024.17940685,2655169.95954057,10.281242718147
"37120","Dale County, AL","Alabama","AL",645821.140582452,1656521.01198715,5.89907160174281
"37121","Mitchell County, NC","North Carolina","NC",246353.349707954,618419.060654333,2.39184445633132
"37123","Montgomery County, NC","North Carolina","NC",580123.573883431,1456832.95040072,5.62103366057308
"37140","Ballard County, KY","Kentucky","KY",75818.088423593,198487.253808135,0.653036556427484
"37140","Carlisle County, KY","Kentucky","KY",28415.1035448198,74320.5490129598,0.244652628388778
"37140","Livingston County, KY","Kentucky","KY",23987.4897935103,62937.0360447286,0.213701501664462
"37140","Massac County, IL","Illinois","IL",22084.324901202,60354.2315374054,0.211504645154518
"37140","McCracken County, KY","Kentucky","KY",564402.714997963,1490730.56097101,5.06897291178037
"37143","Perquimans County, NC","North Carolina","NC",303372.136318373,770500.393119776,2.9710068857392
"37149","Polk County, NC","North Carolina","NC",392603.625519797,1002844.82087868,3.80369640133504
"37163","Sampson County, NC","North Carolina","NC",1987439.93294979,4989575.56758477,19.2569981823333
"37173","Swain County, NC","North Carolina","NC",146992.373423467,387200.144310316,1.45511434329635
"37177","Tyrrell County, NC","North Carolina","NC",143839.355610144,360337.383092699,1.39296956053351
"37185","Warren County, NC","North Carolina","NC",2916561.47626514,7294881.476255,28.2681256506896
"37187","Washington County, NC","North Carolina","NC",279097.240577818,699877.382472556,2.69947875794748
"37199","Yancey County, NC","North Carolina","NC",590975.365583339,1480248.25284101,5.73263424046227
"37220","Nye County, NV","Nevada","NV",159097.745041573,648547.255586187,1.42442962221819
"37260","Putnam County, FL","Florida","FL",2315084.15671956,7396029.40111629,25.8051078609076
"37300","Anderson County, TX","Texas","TX",648291.896696735,2109182.03193205,7.63041892272492
"37340","Brevard County, FL","Florida","FL",4308888.75207087,13602529.8605108,47.8974206833912
"37420","Gray County, TX","Texas","TX",120982.671859202,393639.649100722,1.42520476360097
"37420","Roberts County, TX","Texas","TX",1208.99332461692,3653.55117884344,0.0124492410249303
"37460","Bay County, FL","Florida","FL",884121.175659223,2684630.14617837,9.4274372366507
"37460","Washington County, FL","Florida","FL",116727.323708191,367057.352393721,1.28306523962119
"37500","Greene County, AR","Arkansas","AR",324951.726928271,898254.214415575,3.00988104532344
"37540","Henry County, TN","Tennessee","TN",446852.334602028,1199389.61170204,4.45300952099372
"37580","Lamar County, TX","Texas","TX",290791.923889002,919006.375191626,3.27652341970695
"37580","Red River County, TX","Texas","TX",50376.5681116049,159998.707898108,0.570484377201838
"37620","Wirt County, WV","West Virginia","WV",92445.7354544865,251496.762939864,0.671604387982749
"37620","Wood County, WV","West Virginia","WV",716413.006559297,1928528.06930243,6.09558075702697
"37740","Gila County, AZ","Arizona","AZ",655832.420255065,1929115.86348114,6.7022842355534
"37800","Marion County, IA","Iowa","IA",335434.798424907,825001.576938005,2.67388467004784
"37860","Escambia County, FL","Florida","FL",1574539.0542256,4710279.67187278,16.6593684990059
"37860","Santa Rosa County, FL","Florida","FL",613594.688276518,1869867.60958443,6.6746269079049
"37900","Marshall County, IL","Illinois","IL",62495.7933694188,177232.734304193,0.610049341045989
"37900","Peoria County, IL","Illinois","IL",1926946.19523223,5424540.94506697,18.7698492741873
"37900","Stark County, IL","Illinois","IL",22871.6870091011,65425.495284374,0.226414724287371
"37900","Tazewell County, IL","Illinois","IL",1316986.74713492,3741574.73403768,13.0216402360516
"37900","Woodford County, IL","Illinois","IL",441376.282641558,1238853.56348784,4.31900831709495
"37940","Miami County, IN","Indiana","IN",483337.404519495,1315471.74556618,4.37817318898847
"37950","Emmet County, MI","Michigan","MI",227519.894381748,578558.95269697,2.20500598789935
"37980","Bucks County, PA","Pennsylvania","PA",67053731.2607551,167151682.268433,569.213185359421
"37980","Burlington County, NJ","New Jersey","NJ",45241706.3729758,117882730.151447,385.073014404549
"37980","Camden County, NJ","New Jersey","NJ",79482858.8582468,200729237.128121,677.103821792794
"37980","Cecil County, MD","Maryland","MD",11345835.9948373,25760190.3683339,83.1168422884011
"37980","Chester County, PA","Pennsylvania","PA",64224904.7155539,154005493.861786,528.973275144161
"37980","Delaware County, PA","Pennsylvania","PA",168165437.590873,404362574.675248,1420.25190034752
"37980","Gloucester County, NJ","New Jersey","NJ",40108770.038385,100039137.511879,338.826714535602
"37980","Montgomery County, PA","Pennsylvania","PA",179714031.062636,432122103.129423,1522.47321950227
"37980","New Castle County, DE","Delaware","DE",65293957.4786528,154453041.473618,415.802404277902
"37980","Philadelphia County, PA","Pennsylvania","PA",575485598.309988,1384961449.22649,4883.86285857666
"37980","Salem County, NJ","New Jersey","NJ",4252185.60115125,10879565.455293,34.1670756130213
"38001","Adams County, ND","North Dakota","ND",338.341777535017,791.467406222724,0.00284702612244218
"38003","Barnes County, ND","North Dakota","ND",51293.3855826009,188265.548892701,0.381243610466892
"38005","Benson County, ND","North Dakota","ND",23835.8567493616,86349.4683502184,0.177965658556615
"38009","Bottineau County, ND","North Dakota","ND",34375.3615717119,115334.472296387,0.270605285415917
"38011","Bowman County, ND","North Dakota","ND",9480.12774542422,34960.3898235661,0.0702323807192611
"38013","Burke County, ND","North Dakota","ND",9599.46410504904,35337.4787460376,0.0711788895491156
"38019","Cavalier County, ND","North Dakota","ND",12491.5945327402,46046.0952759526,0.0926270711801027
"38021","Dickey County, ND","North Dakota","ND",9496.43741802691,35002.2966453474,0.0703787559289053
"38023","Divide County, ND","North Dakota","ND",9368.6478500103,23154.1285760668,0.0852546954350937
"38027","Eddy County, ND","North Dakota","ND",23601.599958957,87179.1156378698,0.174651839696282
"38029","Emmons County, ND","North Dakota","ND",22740.2309219715,83946.2605291365,0.168352368180509
"38031","Foster County, ND","North Dakota","ND",51.8204342186185,128.071522804028,0.000471565951389428
"38033","Golden Valley County, ND","North Dakota","ND",4734.79788354602,17489.3012731939,0.0350375043382406
"38037","Grant County, ND","North Dakota","ND",10015.725103512,36660.8120089028,0.0746427167433608
"38039","Griggs County, ND","North Dakota","ND",1279.97376378924,4724.48932168818,0.00947660690310056
"38041","Hettinger County, ND","North Dakota","ND",9411.40793306244,34746.4764091612,0.0696718548276374
"38043","Kidder County, ND","North Dakota","ND",4815.11110895397,17734.3372961228,0.0357110742610396
"38045","LaMoure County, ND","North Dakota","ND",18211.1711563342,67053.7482878653,0.135060725274412
"38047","Logan County, ND","North Dakota","ND",9397.20630831891,34711.211818288,0.0695393266815599
"38051","McIntosh County, ND","North Dakota","ND",20550.5236475991,75717.8746277381,0.152374639239811
"38053","McKenzie County, ND","North Dakota","ND",4949.86386623635,18020.8257253105,0.0369946047807225
"38055","McLean County, ND","North Dakota","ND",37137.8898243472,134073.824620005,0.27958967116545
"38057","Mercer County, ND","North Dakota","ND",20372.4706564188,73350.7040462778,0.151872468381173
"38060","Maricopa County, AZ","Arizona","AZ",127147747.006788,372592501.487689,1293.11965142061
"38060","Pinal County, AZ","Arizona","AZ",8033017.18933719,23565136.2953325,81.7989884052487
"38061","Mountrail County, ND","North Dakota","ND",30662.2035144485,110333.71673748,0.231388669152637
"38063","Nelson County, ND","North Dakota","ND",32012.9728204116,116917.157927973,0.238818555828574
"38067","Pembina County, ND","North Dakota","ND",57286.8073845158,210366.15850524,0.425960736447296
"38069","Pierce County, ND","North Dakota","ND",43871.1107932667,161885.527433643,0.324874444358588
"38071","Ramsey County, ND","North Dakota","ND",100925.435661278,371059.404761192,0.749479622467236
"38073","Ransom County, ND","North Dakota","ND",53099.6234903835,196014.07894997,0.39311000939237
"38079","Rolette County, ND","North Dakota","ND",63801.7036221826,230271.92886632,0.480517863150617
"38081","Sargent County, ND","North Dakota","ND",14730.7788060339,54225.3802072497,0.109260752798579
"38083","Sheridan County, ND","North Dakota","ND",9469.59576709204,34978.6025463878,0.0700750086764811
"38085","Sioux County, ND","North Dakota","ND",330.989027584861,818.022261553868,0.00301200015102224
"38087","Slope County, ND","North Dakota","ND",4734.79788354602,17489.3012731939,0.0350375043382406
"38091","Steele County, ND","North Dakota","ND",4743.5105734374,17510.8342356041,0.0351167898162522
"38095","Towner County, ND","North Dakota","ND",84.0867342726585,211.606272721434,0.000655546343839627
"38097","Traill County, ND","North Dakota","ND",245512.414875267,906576.990613473,1.81684009911668
"38099","Walsh County, ND","North Dakota","ND",94110.5663543786,345008.155049671,0.700118743270319
"38100","Pearl River County, MS","Mississippi","MS",488819.601770385,1467697.13571742,4.56835763519286
"38103","Wells County, ND","North Dakota","ND",5068.61105881336,18314.3032696684,0.0380752042331734
"38180","Hughes County, SD","South Dakota","SD",266132.408466413,792358.276791398,2.27070960752091
"38180","Stanley County, SD","South Dakota","SD",20421.2828720713,63635.7875065832,0.169262975437118
"38210","Floyd County, KY","Kentucky","KY",232066.858898141,607344.873814507,2.00058110153304
"38210","Pike County, KY","Kentucky","KY",540556.570100191,1413898.9635529,4.64526666265309
"38220","Cleveland County, AR","Arkansas","AR",61586.3868966898,176197.4673534,0.563125728043874
"38220","Jefferson County, AR","Arkansas","AR",2045535.61427403,5743491.87656266,18.1633021418216
"38240","Moore County, NC","North Carolina","NC",2980191.27674658,7480302.12117414,28.9055596885216
"38260","Crawford County, KS","Kansas","KS",125260.398791341,347130.255941959,1.03633589802421
"38300","Allegheny County, PA","Pennsylvania","PA",537664410.651604,1293517779.37502,4569.49014925778
"38300","Armstrong County, PA","Pennsylvania","PA",4681624.06107746,11282672.1406382,40.1450788975145
"38300","Beaver County, PA","Pennsylvania","PA",10616267.955253,25471356.8581739,89.9096705660453
"38300","Butler County, PA","Pennsylvania","PA",16202242.1427774,38978731.2172373,137.718751585247
"38300","Fayette County, PA","Pennsylvania","PA",7273220.01966508,18175034.8661236,60.3215865927139
"38300","Lawrence County, PA","Pennsylvania","PA",5900939.7440148,14198137.5887013,50.242039477397
"38300","Washington County, PA","Pennsylvania","PA",24372028.8942822,58789970.9664111,206.875953080448
"38300","Westmoreland County, PA","Pennsylvania","PA",52208986.8309299,125557771.972745,443.8267382076
"38340","Berkshire County, MA","Massachusetts","MA",8404897.73391445,18903055.8225172,66.055767071204
"38380","Floyd County, TX","Texas","TX",65098.2758509293,212051.589616769,0.768130149070994
"38380","Hale County, TX","Texas","TX",352814.15760342,1118568.11588344,4.04402519720923
"38420","Grant County, WI","Wisconsin","WI",2595520.41762518,6180390.24774449,24.3516755770281
"38460","Clinton County, NY","New York","NY",1542247.74569715,3599922.83750376,11.2998250832309
"38500","Marshall County, IN","Indiana","IN",522017.953999659,1393737.69286483,4.60345697030141
"38540","Bannock County, ID","Idaho","ID",1221773.91193589,4394201.14674492,12.3518440324923
"38620","Kay County, OK","Oklahoma","OK",334610.502545823,942308.644304182,3.5079678905629
"38660","Ponce Municipio, PR","Puerto Rico","PR",8725247.76417501,22423886.7539298,77.6547051011575
"38700","Livingston County, IL","Illinois","IL",638586.526861878,1799944.68102063,6.18512017092882
"38740","Butler County, MO","Missouri","MO",72210.7078098427,180895.541041093,0.628452653828573
"38820","Clallam County, WA","Washington","WA",4908066.84236023,11877338.1344436,38.3284155588428
"38860","Cumberland County, ME","Maine","ME",18516255.3027873,42889438.6332758,167.310057339102
"38860","Sagadahoc County, ME","Maine","ME",775304.148789188,1781495.46731095,6.7710343545505
"38860","York County, ME","Maine","ME",8006763.01714678,18543889.9929358,71.193858332235
"38900","Clackamas County, OR","Oregon","OR",45303861.8818598,110166429.797198,398.295740257526
"38900","Clark County, WA","Washington","WA",33618821.2748829,81553777.2385512,282.852991011567
"38900","Columbia County, OR","Oregon","OR",3944565.13883639,9582342.51247927,34.7049222570603
"38900","Multnomah County, OR","Oregon","OR",166903874.535854,405110783.965941,1467.23497045077
"38900","Skamania County, WA","Washington","WA",340625.846173447,829566.075155466,2.87592041442288
"38900","Washington County, OR","Oregon","OR",74195241.6511107,180235483.480426,652.766191755639
"38900","Yamhill County, OR","Oregon","OR",3314723.64695795,8054277.49542589,28.781739080814
"38920","Calhoun County, TX","Texas","TX",303459.138063315,988469.152846723,3.58058978521966
"38940","Martin County, FL","Florida","FL",3256189.53449444,10407414.4864833,36.4144967239369
"38940","St. Lucie County, FL","Florida","FL",3124080.59481885,10009095.2780116,34.9271640397544
"39001","Adams County, OH","Ohio","OH",223318.307159123,585140.761608244,2.11755812800614
"39020","Scioto County, OH","Ohio","OH",685921.95778863,1800928.67542565,6.69487360126813
"39040","Jefferson County, WA","Washington","WA",706010.467098723,1710802.94485788,5.54526231223528
"39060","Schuylkill County, PA","Pennsylvania","PA",3393705.53284255,8168569.44884362,28.7182202419854
"39065","Hardin County, OH","Ohio","OH",95591.2109211645,252674.952286439,0.940804695395731
"39067","Harrison County, OH","Ohio","OH",74893.8301397393,195052.144257755,0.723109083581977
"39069","Henry County, OH","Ohio","OH",234246.266909923,615018.198009829,2.30773996040174
"39071","Highland County, OH","Ohio","OH",775618.27015225,2021185.48408851,7.66658095830711
"39075","Holmes County, OH","Ohio","OH",464345.9846157,1211679.28982787,4.58865264769171
"39079","Jackson County, OH","Ohio","OH",240506.585753191,632216.922091341,2.3010380425799
"39105","Meigs County, OH","Ohio","OH",683798.117618121,1788586.57189904,6.75991799122833
"39111","Monroe County, OH","Ohio","OH",232494.361059935,609620.590104707,2.27158275885561
"39115","Morgan County, OH","Ohio","OH",34807.0283511549,91968.8391385371,0.330052453787007
"39121","Noble County, OH","Ohio","OH",44530.8804019637,116773.85343104,0.433203096943281
"39125","Paulding County, OH","Ohio","OH",93094.9223707827,244576.947450443,0.918701966246758
"39131","Pike County, OH","Ohio","OH",432885.967036517,1129598.96084434,4.20113943457659
"39135","Preble County, OH","Ohio","OH",590793.863007517,1548408.43741611,5.88039964922089
"39137","Putnam County, OH","Ohio","OH",235056.327264192,615196.910804783,2.30297508990524
"39150","Yavapai County, AZ","Arizona","AZ",2018181.64498886,5905067.83660199,20.4937376595896
"39163","Vinton County, OH","Ohio","OH",169136.616555161,441563.786541098,1.60482553139447
"39171","Williams County, OH","Ohio","OH",279506.392570105,727990.398715852,2.76207241202394
"39175","Wyandot County, OH","Ohio","OH",62085.7852077816,163727.895660627,0.603965337113574
"39220","Carbon County, UT","Utah","UT",522560.696435372,1438125.02578568,6.00408156229674
"39300","Bristol County, MA","Massachusetts","MA",92071304.6327973,203753404.332739,719.091351984656
"39300","Bristol County, RI","Rhode Island","RI",14470282.6412406,30482825.5861455,108.064113648786
"39300","Kent County, RI","Rhode Island","RI",31477846.591028,66660727.5802388,235.223641372857
"39300","Newport County, RI","Rhode Island","RI",9354819.56739853,20085988.6745638,70.7796641108144
"39300","Providence County, RI","Rhode Island","RI",160769663.992107,339167765.168531,1202.99678854249
"39300","Washington County, RI","Rhode Island","RI",19668339.623304,41401134.9056476,146.81357376501
"39340","Juab County, UT","Utah","UT",162866.75264241,447232.734447419,1.8713737975247
"39340","Utah County, UT","Utah","UT",23292710.5728455,63997561.2699546,266.721027667348
"39380","Pueblo County, CO","Colorado","CO",1405749.4196089,3918146.46486196,13.481860056473
"39420","Whitman County, WA","Washington","WA",16546921.8072872,41221421.39092,130.063755907913
"39460","Charlotte County, FL","Florida","FL",827376.583690554,2520768.47260415,8.79210133247889
"39480","Northeastern Connecticut Planning Region, CT","Connecticut","CT",10791401.0401817,24363471.4723893,82.3221935745946
"39500","Adams County, IL","Illinois","IL",214455.645335249,597385.083971973,2.07234163302521
"39500","Lewis County, MO","Missouri","MO",109268.020543032,263002.725620062,0.94403619452635
"39540","Racine County, WI","Wisconsin","WI",6456713.87265405,15572931.6447552,60.8896201167581
"39580","Franklin County, NC","North Carolina","NC",16319099.2229817,40822674.3348944,158.229561009476
"39580","Johnston County, NC","North Carolina","NC",33229167.5802596,83199579.0536341,322.076712835684
"39580","Wake County, NC","North Carolina","NC",494148211.149741,1236397207.82931,4790.47625126551
"39660","Custer County, SD","South Dakota","SD",56414.6283643856,164041.570179333,0.482550058418604
"39660","Meade County, SD","South Dakota","SD",158985.917981375,486421.073285894,1.35739032963698
"39660","Pennington County, SD","South Dakota","SD",2271101.56106143,6183947.11247584,17.7264305610324
"39700","Willacy County, TX","Texas","TX",132538.328270123,423587.804625281,1.52147012462022
"39740","Berks County, PA","Pennsylvania","PA",9811996.38838427,23713389.2798212,83.1840730138095
"39780","Tehama County, CA","California","CA",1658681.49574309,4450954.17291803,14.5982721950137
"39820","Shasta County, CA","California","CA",1091474.77748592,2919867.64990553,9.60080906210183
"39860","Goodhue County, MN","Minnesota","MN",9424081.65843162,23303880.601272,85.744187285211
"39900","Lyon County, NV","Nevada","NV",464348.948663044,2281203.19629263,4.06279069112491
"39900","Storey County, NV","Nevada","NV",104603.19125057,511842.950946627,0.911676254286576
"39900","Washoe County, NV","Nevada","NV",25520477.5239884,132692056.601906,222.367081043068
"39940","Fremont County, ID","Idaho","ID",117211.278546765,338211.896136648,1.06756655943156
"39940","Madison County, ID","Idaho","ID",211465.709318414,664096.279396486,2.01271265018801
"39960","Barron County, WI","Wisconsin","WI",823552.322222865,1976498.15060525,7.66480068107002
"39980","Wayne County, IN","Indiana","IN",1223412.06009157,3278068.64869699,10.8096921294714
"40001","Adair County, OK","Oklahoma","OK",300546.174022634,846141.104281673,3.11566087941301
"40003","Alfalfa County, OK","Oklahoma","OK",28301.0983666049,79690.415148,0.297006251016099
"40005","Atoka County, OK","Oklahoma","OK",66531.0819896252,187804.904987138,0.699893614672005
"40007","Beaver County, OK","Oklahoma","OK",8859.1064437373,24941.3303133907,0.092699502522017
"40011","Blaine County, OK","Oklahoma","OK",80376.5395837469,228127.316007515,0.843635961258358
"40015","Caddo County, OK","Oklahoma","OK",127307.993843931,361418.021356136,1.34305946915126
"40023","Choctaw County, OK","Oklahoma","OK",14910.0340475217,41900.7965893871,0.154588828213696
"40025","Cimarron County, OK","Oklahoma","OK",4165.59172986363,11769.1302187888,0.0438519277139856
"40029","Coal County, OK","Oklahoma","OK",22065.2219466052,62137.6939875663,0.231684830439354
"40035","Craig County, OK","Oklahoma","OK",66912.8801784727,188398.911269264,0.695329370825852
"40041","Delaware County, OK","Oklahoma","OK",209540.296454849,593042.919183483,2.2016086448128
"40043","Dewey County, OK","Oklahoma","OK",19162.092264798,54640.8918454612,0.198803337877477
"40045","Ellis County, OK","Oklahoma","OK",27408.0876365579,77175.9856166732,0.287571021410933
"40049","Garvin County, OK","Oklahoma","OK",130026.620368572,368848.482649666,1.36872839996513
"40053","Grant County, OK","Oklahoma","OK",50263.1646897822,141536.140481273,0.527694265604775
"40055","Greer County, OK","Oklahoma","OK",28484.2336385337,82029.5426969258,0.304414737223488
"40057","Harmon County, OK","Oklahoma","OK",15370.3119046147,45101.4375979794,0.166740298605952
"40059","Harper County, OK","Oklahoma","OK",12256.3080994688,34529.6470721952,0.128734695163234
"40060","Amelia County, VA","Virginia","VA",606689.458302574,1650670.4142305,5.2592150737997
"40060","Charles City County, VA","Virginia","VA",213486.398885762,589182.863743367,1.81339898526657
"40060","Chesterfield County, VA","Virginia","VA",24762661.7325672,67157458.9361904,208.255197134868
"40060","Colonial Heights city, VA","Virginia","VA",574434.205619572,1563826.85830341,4.94003724329867
"40060","Dinwiddie County, VA","Virginia","VA",644092.446969609,1767722.26902483,5.47134889426351
"40060","Goochland County, VA","Virginia","VA",1731592.07740039,4650774.95737223,14.9478381216403
"40060","Hanover County, VA","Virginia","VA",8063476.84306641,21838291.8235008,68.0328776992857
"40060","Henrico County, VA","Virginia","VA",30233259.3754111,82884862.5339418,256.956090521796
"40060","Hopewell city, VA","Virginia","VA",364498.480321097,987582.275306202,3.01306096222925
"40060","King William County, VA","Virginia","VA",551656.492105464,1465852.90041533,4.47065035640941
"40060","King and Queen County, VA","Virginia","VA",374397.979471699,1003222.77947533,3.00349026792855
"40060","New Kent County, VA","Virginia","VA",1117129.83883906,3083301.53903222,9.55804650578381
"40060","Petersburg city, VA","Virginia","VA",744796.927689345,2031695.86682234,6.17489826629536
"40060","Powhatan County, VA","Virginia","VA",1203174.44557488,3283369.71788202,9.97812787349248
"40060","Prince George County, VA","Virginia","VA",944062.618827853,2555432.69553342,7.95206573744006
"40060","Richmond city, VA","Virginia","VA",34562796.9011898,95128321.433367,293.64737836881
"40060","Sussex County, VA","Virginia","VA",813661.655242291,2064830.57744494,7.75252031690631
"40061","Haskell County, OK","Oklahoma","OK",131866.288904729,376482.653953326,1.39770369237211
"40063","Hughes County, OK","Oklahoma","OK",70029.9753441673,197640.221506668,0.73657930918467
"40067","Jefferson County, OK","Oklahoma","OK",88243.8978083004,248564.278578099,0.926681251215852
"40069","Johnston County, OK","Oklahoma","OK",45616.5434267312,129437.355535417,0.481810761141995
"40073","Kingfisher County, OK","Oklahoma","OK",162013.78276282,451835.967462929,1.66297466713426
"40075","Kiowa County, OK","Oklahoma","OK",23486.4472247567,66410.8644902469,0.247373596162123
"40077","Latimer County, OK","Oklahoma","OK",61468.735854138,174777.258087773,0.645041444181782
"40079","Le Flore County, OK","Oklahoma","OK",236795.097051098,665972.580362979,2.44496516388167
"40080","Estill County, KY","Kentucky","KY",551263.878121066,1447545.90728748,4.80535440656631
"40080","Madison County, KY","Kentucky","KY",6943752.96830286,18150651.3152904,59.825074647712
"40080","Rockcastle County, KY","Kentucky","KY",154709.444218214,404427.098640936,1.33057987019307
"40085","Love County, OK","Oklahoma","OK",40209.8608037601,115315.121898113,0.428228713606669
"40089","McCurtain County, OK","Oklahoma","OK",261421.627536478,734146.056429547,2.69783986527673
"40090","Garfield County, CO","Colorado","CO",458373.007243038,1344028.21242255,4.20890747985057
"40090","Pitkin County, CO","Colorado","CO",328592.292990896,923040.792349832,3.19841159603895
"40091","McIntosh County, OK","Oklahoma","OK",103108.460799356,290905.147015332,1.06744007984114
"40093","Major County, OK","Oklahoma","OK",56238.8032517893,158293.881371291,0.59023700464425
"40095","Marshall County, OK","Oklahoma","OK",38630.2923533026,110521.046701618,0.410671847688224
"40097","Mayes County, OK","Oklahoma","OK",381145.547964621,1076614.60464821,3.97179564364896
"40099","Murray County, OK","Oklahoma","OK",42557.4714254417,120271.32933663,0.448092793444814
"40100","Starr County, TX","Texas","TX",287703.223250865,933178.825865278,3.37089618720276
"40103","Noble County, OK","Oklahoma","OK",298696.993929125,841158.38979693,3.13625728613772
"40105","Nowata County, OK","Oklahoma","OK",36412.5178379339,102525.291762593,0.37922569872046
"40107","Okfuskee County, OK","Oklahoma","OK",154249.035178569,433882.305953572,1.6130338665321
"40127","Pushmataha County, OK","Oklahoma","OK",16093.6555038258,45270.3490987205,0.163080938905309
"40129","Roger Mills County, OK","Oklahoma","OK",4266.3982812062,11976.9853263505,0.044554049064376
"40133","Seminole County, OK","Oklahoma","OK",342745.893230303,970881.804843298,3.60860047606679
"40140","Riverside County, CA","California","CA",88334947.7826098,236825273.779695,777.556773480515
"40140","San Bernardino County, CA","California","CA",85433776.516266,229284229.226838,752.082283515088
"40141","Tillman County, OK","Oklahoma","OK",41436.7879471189,117528.209195519,0.437430149227572
"40151","Woods County, OK","Oklahoma","OK",32949.7300440747,94747.0735989182,0.33370423065469
"40180","Fremont County, WY","Wyoming","WY",164593.925087996,602598.677672588,1.31550300365484
"40220","Botetourt County, VA","Virginia","VA",1229643.36975571,3379829.43241483,10.476717600579
"40220","Craig County, VA","Virginia","VA",252283.660510079,697136.931999767,2.14473492008025
"40220","Franklin County, VA","Virginia","VA",1245832.02261786,3382459.97392598,10.7822216168215
"40220","Roanoke County, VA","Virginia","VA",4373600.15295507,11868076.1207402,38.0099889356784
"40220","Roanoke city, VA","Virginia","VA",2766471.54674663,7565926.50301544,23.641372990057
"40220","Salem city, VA","Virginia","VA",796023.684132739,2189903.47974033,6.7720144313727
"40260","Halifax County, NC","North Carolina","NC",2132331.86767326,5365543.04882477,20.5099180635191
"40260","Northampton County, NC","North Carolina","NC",341443.110887719,852541.688031216,3.26672665521396
"40300","Ogle County, IL","Illinois","IL",471658.149097327,1313673.80584442,4.53638565381503
"40340","Dodge County, MN","Minnesota","MN",13781176.8049009,34066734.8491874,125.431271064396
"40340","Fillmore County, MN","Minnesota","MN",8799473.51721426,21733823.7708145,80.098419896684
"40340","Olmsted County, MN","Minnesota","MN",188395672.973764,465636850.69357,1714.50062186057
"40340","Wabasha County, MN","Minnesota","MN",9486576.78075611,23432477.0514269,86.3311534135054
"40380","Livingston County, NY","New York","NY",5629099.51779279,13258214.212723,39.9415244380558
"40380","Monroe County, NY","New York","NY",155992007.236958,367759984.495658,1108.17410744637
"40380","Ontario County, NY","New York","NY",7864810.91771749,18523163.612532,55.8994394504712
"40380","Orleans County, NY","New York","NY",6173068.9273981,14556137.5850142,43.9697069732161
"40380","Wayne County, NY","New York","NY",12970046.3923214,30568587.3831892,92.1478238928823
"40420","Boone County, IL","Illinois","IL",443882.727716244,1183915.4169278,4.26340607529402
"40420","Winnebago County, IL","Illinois","IL",3018562.54592232,8394112.81676701,29.4119118197877
"40460","Richmond County, NC","North Carolina","NC",1849169.0537926,4631362.47803743,17.8269457563525
"40540","Sweetwater County, WY","Wyoming","WY",81114.4205023685,229707.251751934,0.811468920828949
"40580","Edgecombe County, NC","North Carolina","NC",2812593.50705874,7035733.18932378,27.2441973369983
"40580","Nash County, NC","North Carolina","NC",2737769.82219488,6865155.37127424,26.4614915051375
"40620","Phelps County, MO","Missouri","MO",675944.485296202,1595718.87064773,5.81793475999143
"40660","Floyd County, GA","Georgia","GA",2059905.28061103,5408514.77630234,20.7256644286807
"40700","Douglas County, OR","Oregon","OR",1482454.65687402,3615047.00866973,13.0334836440602
"40740","Chaves County, NM","New Mexico","NM",279191.795049135,720182.64750377,2.47192578797614
"40760","Lincoln County, NM","New Mexico","NM",144273.01028818,338577.741553796,1.13686477740992
"40770","Franklin County, AL","Alabama","AL",399964.34253231,1004843.96041245,3.69878990602917
"40780","Pope County, AR","Arkansas","AR",541286.154772111,1521740.56041488,4.78082429983843
"40780","Yell County, AR","Arkansas","AR",193603.161780747,545159.072364386,1.72669197387925
"40820","Lincoln Parish, LA","Louisiana","LA",333042.756530381,926023.332147154,3.27494498041121
"40860","Rutland County, VT","Vermont","VT",2414224.76191527,5626033.00551683,17.9980175490022
"40900","El Dorado County, CA","California","CA",7135213.65123133,19194431.5350893,62.8557356741259
"40900","Placer County, CA","California","CA",20039279.4541831,54025444.7750422,176.398448598732
"40900","Sacramento County, CA","California","CA",101499020.84823,272557330.506433,892.997267347831
"40900","Yolo County, CA","California","CA",100539325.659385,269796395.718591,884.83325236656
"40940","Graham County, AZ","Arizona","AZ",728102.230644394,2139360.2903815,7.43102549733516
"40980","Saginaw County, MI","Michigan","MI",2164622.9564985,5518297.00979787,20.981165238354
"41021","Gilliam County, OR","Oregon","OR",68804.0739140524,167028.96568693,0.605692124487047
"41023","Grant County, OR","Oregon","OR",95454.5983043805,231629.456465513,0.837917001207875
"41025","Harney County, OR","Oregon","OR",123249.220108478,300263.033990337,1.08704638879443
"41037","Lake County, OR","Oregon","OR",57168.6215729434,139380.21960207,0.494015593519871
"41055","Sherman County, OR","Oregon","OR",3489.54158631133,8444.06899459752,0.0304992042227513
"41057","Tillamook County, OR","Oregon","OR",521134.207150686,1272410.21198978,4.5577076671005
"41060","Benton County, MN","Minnesota","MN",533946.737655802,1319872.15981623,4.85721603309017
"41060","Stearns County, MN","Minnesota","MN",1921018.02147327,4805507.72803911,17.4052803480762
"41063","Wallowa County, OR","Oregon","OR",61198.1228324107,149070.465307415,0.53018918938734
"41069","Wheeler County, OR","Oregon","OR",9896.61657594622,24029.8277747849,0.0870041165649017
"41100","Washington County, UT","Utah","UT",1395323.8165065,3847656.67420829,15.9310829150415
"41140","Andrew County, MO","Missouri","MO",199801.29253333,519056.418786085,1.66177201145556
"41140","Buchanan County, MO","Missouri","MO",407997.562299072,990191.164509667,3.52296804334174
"41140","DeKalb County, MO","Missouri","MO",187924.233978969,490789.949591898,1.55736055883795
"41140","Doniphan County, KS","Kansas","KS",36847.47817313,97696.0940079122,0.307035364391643
"41180","Bond County, IL","Illinois","IL",163169.676966423,457507.274998907,1.5817553301586
"41180","Calhoun County, IL","Illinois","IL",72127.6447665662,185501.061347745,0.660896468317138
"41180","Clinton County, IL","Illinois","IL",358654.936091911,930064.149337357,3.3149357539221
"41180","Franklin County, MO","Missouri","MO",7018712.53008163,16535977.8917542,60.4159189320011
"41180","Jefferson County, MO","Missouri","MO",33019640.9306713,77698136.0928732,283.200645245811
"41180","Jersey County, IL","Illinois","IL",1179918.25479016,2805775.10125729,10.2331867579539
"41180","Lincoln County, MO","Missouri","MO",2461765.49886659,5802509.2250745,21.1955866242686
"41180","Macoupin County, IL","Illinois","IL",2436398.95010937,5889312.54508097,21.3529395525511
"41180","Madison County, IL","Illinois","IL",16941495.9576308,40540375.276093,147.591796946008
"41180","Monroe County, IL","Illinois","IL",1582818.82575963,3756128.30014673,13.6982096386395
"41180","St. Charles County, MO","Missouri","MO",51681099.8290496,121597818.671119,444.659718136737
"41180","St. Clair County, IL","Illinois","IL",15996009.8062693,38081906.7770711,138.822817209116
"41180","St. Louis County, MO","Missouri","MO",350787942.76722,825909785.316431,3020.05111955375
"41180","St. Louis city, MO","Missouri","MO",173524789.604752,408263015.791362,1493.17974712343
"41180","Warren County, MO","Missouri","MO",2393361.17169428,5635391.24961136,20.6092879971595
"41260","Elk County, PA","Pennsylvania","PA",326980.531092552,779332.360756989,2.72219333620103
"41400","Columbiana County, OH","Ohio","OH",817140.26512516,2130094.22500301,7.77817688283652
"41420","Marion County, OR","Oregon","OR",5668890.54596624,13786431.9142498,49.6153876562088
"41420","Polk County, OR","Oregon","OR",1685503.34902502,4100622.94042013,14.8321503418391
"41460","Ottawa County, KS","Kansas","KS",71675.9393116219,198399.031134162,0.580620066326798
"41460","Saline County, KS","Kansas","KS",638511.579878917,1759086.64714961,5.20577086311241
"41500","Monterey County, CA","California","CA",22382123.4406853,60037416.1352829,196.951458887107
"41540","Somerset County, MD","Maryland","MD",1273750.85955641,2798195.99130267,10.6062550506145
"41540","Wicomico County, MD","Maryland","MD",5624087.32663682,12543378.8198718,46.1998745700002
"41620","Salt Lake County, UT","Utah","UT",175029427.327368,480772457.979393,2011.27168781655
"41620","Tooele County, UT","Utah","UT",4226666.21351443,11607319.2307743,48.4730503769221
"41660","Irion County, TX","Texas","TX",815.620208016716,2653.32642425366,0.00962223279416214
"41660","Tom Green County, TX","Texas","TX",410805.054400334,1335823.75396755,4.83662521497962
"41700","Atascosa County, TX","Texas","TX",1560725.11818453,5083841.56422433,18.4155215812738
"41700","Bandera County, TX","Texas","TX",1004007.47342816,3266841.85470057,11.8305959156384
"41700","Bexar County, TX","Texas","TX",149674402.335549,487205827.172156,1764.74959459348
"41700","Comal County, TX","Texas","TX",3684201.97695808,11973654.0149599,43.3625372341917
"41700","Guadalupe County, TX","Texas","TX",5212147.42223864,16972973.6593006,61.4622873719291
"41700","Kendall County, TX","Texas","TX",2081405.19268867,6777358.83764172,24.5494854390433
"41700","Medina County, TX","Texas","TX",2114495.86251322,6885678.45452376,24.9393569466724
"41700","Wilson County, TX","Texas","TX",1556801.65617119,5071021.85331267,18.3689178460147
"41740","San Diego County, CA","California","CA",1048238005.44353,2812931634.47362,9226.07088047398
"41760","Bonner County, ID","Idaho","ID",571670.640690635,1727260.36006427,4.74867467594817
"41780","Erie County, OH","Ohio","OH",1036783.10327385,2706036.61416728,10.1585739088199
"41780","Ottawa County, OH","Ohio","OH",813766.208080416,2119158.06960065,8.00558776633768
"41820","Lee County, NC","North Carolina","NC",6582550.29586576,16480544.8215828,63.779577410331
"41860","Alameda County, CA","California","CA",403585043.207195,1082780085.10573,3551.40579626197
"41860","Contra Costa County, CA","California","CA",204302442.703474,548431893.238533,1798.56291763291
"41860","Marin County, CA","California","CA",63263603.1109764,169787284.176722,556.732975500569
"41860","San Francisco County, CA","California","CA",460461313.993347,1235454360.58802,4051.19417806204
"41860","San Mateo County, CA","California","CA",379987709.481297,1019661786.89027,3344.15002144345
"41940","San Benito County, CA","California","CA",1967386.28876969,5277062.26488946,17.3400226908053
"41940","Santa Clara County, CA","California","CA",363027253.389222,973910748.186466,3194.47081647016
"41980","Caguas Municipio, PR","Puerto Rico","PR",1187345.78246635,3051478.66093852,10.5673774639505
"41980","Carolina Municipio, PR","Puerto Rico","PR",68987.2509616129,177297.234971345,0.613986533558355
"41980","Cayey Municipio, PR","Puerto Rico","PR",557763.782710256,1433452.92156536,4.96409766612128
"41980","Cidra Municipio, PR","Puerto Rico","PR",921840.239821442,2369129.41634111,8.20437813441083
"41980","Gurabo Municipio, PR","Puerto Rico","PR",77281.8362930889,198614.319273238,0.687808343008491
"41980","Humacao Municipio, PR","Puerto Rico","PR",307024.912147729,789054.024219664,2.73252171811479
"41980","San Juan Municipio, PR","Puerto Rico","PR",38133295.5847764,98002569.6528754,339.38633070451
"41980","Trujillo Alto Municipio, PR","Puerto Rico","PR",76197.1121492087,195826.578223466,0.678154298127957
"42009","Bedford County, PA","Pennsylvania","PA",4451876.09914214,10002517.0860027,37.525624887291
"42020","San Luis Obispo County, CA","California","CA",5335348.69663673,14311415.8004703,46.9473994601979
"42023","Cameron County, PA","Pennsylvania","PA",16981.0128283667,41616.5146180395,0.142785027910115
"42031","Clarion County, PA","Pennsylvania","PA",1743761.45171969,4195511.82103177,14.8319205513584
"42053","Forest County, PA","Pennsylvania","PA",537759.695272432,1296618.88654509,4.58859835272948
"42057","Fulton County, PA","Pennsylvania","PA",429722.420766218,1039980.7493743,3.62813568441226
"42059","Greene County, PA","Pennsylvania","PA",2383693.60535181,6211021.02196098,19.2546861424555
"42065","Jefferson County, PA","Pennsylvania","PA",2379647.74033601,5719584.45908142,20.2376646757218
"42067","Juniata County, PA","Pennsylvania","PA",1499605.69734616,3490514.61171978,12.6624118851739
"42100","Santa Cruz County, CA","California","CA",58503018.7118846,156947159.178384,514.76699703339
"42105","Potter County, PA","Pennsylvania","PA",395345.763154456,953638.689374808,3.34070580665768
"42113","Sullivan County, PA","Pennsylvania","PA",95367.4637023431,228233.169981575,0.768811504731927
"42115","Susquehanna County, PA","Pennsylvania","PA",629488.588757974,1524193.96634279,4.75388362270353
"42117","Tioga County, PA","Pennsylvania","PA",586902.062639131,1405911.78120924,4.53586160698903
"42127","Wayne County, PA","Pennsylvania","PA",1045883.22106187,2530672.1298504,8.13021646247444
"42140","Santa Fe County, NM","New Mexico","NM",2458905.33668485,5790907.97107776,19.5417337410458
"42200","Santa Barbara County, CA","California","CA",23138443.5955931,62073738.5768719,203.406135101249
"42220","Sonoma County, CA","California","CA",34774262.8583324,93350511.8802476,305.938790192701
"42300","Chippewa County, MI","Michigan","MI",223511.944590816,579519.202338835,2.17459758470733
"42340","Bryan County, GA","Georgia","GA",237949.15604968,685624.623273556,2.58959074186474
"42340","Chatham County, GA","Georgia","GA",2964339.48442168,8699510.06438674,34.2260104515037
"42340","Effingham County, GA","Georgia","GA",425235.279998528,1251149.13072718,4.90811041752331
"42380","Bradford County, PA","Pennsylvania","PA",909197.008612695,2245660.98893443,7.32379012224843
"42420","Banner County, NE","Nebraska","NE",79.1049168262653,204.69590258947,0.000727765234801641
"42420","Scotts Bluff County, NE","Nebraska","NE",50894.8098854706,132820.493012896,0.466382710607614
"42460","Jackson County, AL","Alabama","AL",411945.450781803,1027194.09231358,3.83203942747
"42540","Lackawanna County, PA","Pennsylvania","PA",3966018.34527632,9497638.24945645,31.5706267744306
"42540","Luzerne County, PA","Pennsylvania","PA",4446562.95098915,10628682.0058371,36.9454085794388
"42540","Wyoming County, PA","Pennsylvania","PA",526513.140773583,1264637.42683758,4.43427140244802
"42580","Sussex County, DE","Delaware","DE",4741584.96721082,11051007.669815,31.1508559014896
"42620","White County, AR","Arkansas","AR",1402598.16052169,3937315.79924124,12.402397324656
"42660","King County, WA","Washington","WA",976966358.514283,2361739675.43234,7622.55260757697
"42660","Pierce County, WA","Washington","WA",49250044.5735791,119227330.37281,384.822189047531
"42660","Snohomish County, WA","Washington","WA",192944260.415547,466469685.546749,1505.1533709377
"42680","Indian River County, FL","Florida","FL",1076570.69498498,3439221.75513668,12.0244528318303
"42700","Highlands County, FL","Florida","FL",414587.683738596,1285661.51447244,4.61592376851489
"42740","Pettis County, MO","Missouri","MO",425969.580366451,1022950.34008233,3.71850780811147
"42780","Snyder County, PA","Pennsylvania","PA",1642129.15552542,3958856.81489041,14.0486517492539
"42820","Dallas County, AL","Alabama","AL",816092.714760829,2031477.39773173,7.59391458264861
"42860","Oconee County, SC","South Carolina","SC",4530928.84746503,13053248.1382306,46.617342627463
"42900","Seneca County, NY","New York","NY",2450611.95954883,5775826.6232925,17.4465293065375
"42940","Sevier County, TN","Tennessee","TN",448901.713158576,1197417.80033006,4.45016369620399
"42980","Jackson County, IN","Indiana","IN",1400004.49341102,3761766.03925493,12.3824363530267
"43020","Menominee County, WI","Wisconsin","WI",29515.2426802245,71244.8215058619,0.273569475243094
"43020","Shawano County, WI","Wisconsin","WI",1068546.28298621,2543880.51683693,10.0426110829595
"43060","Pottawatomie County, OK","Oklahoma","OK",1933201.88804434,5448198.6208807,20.2965923213726
"43100","Sheboygan County, WI","Wisconsin","WI",2017770.4270311,4880981.64944819,18.882234158244
"43140","Cleveland County, NC","North Carolina","NC",1777199.27986148,4447956.22993669,17.1423184731258
"43180","Bedford County, TN","Tennessee","TN",1857099.88982843,4991888.15911699,18.5316195366002
"43220","Mason County, WA","Washington","WA",3294392.10318468,7963795.927898,25.7297673332486
"43260","Sheridan County, WY","Wyoming","WY",219070.79880752,787228.417839135,1.85347819908052
"43300","Grayson County, TX","Texas","TX",1033212.73633722,3322862.35517112,11.9130068243427
"43320","Navajo County, AZ","Arizona","AZ",1185262.60788641,3462931.76107724,12.0505924020511
"43340","Bossier Parish, LA","Louisiana","LA",3085267.60731551,8555140.60774984,30.2911678743697
"43340","Caddo Parish, LA","Louisiana","LA",11012521.1844124,30483533.8444296,108.153007619418
"43340","De Soto Parish, LA","Louisiana","LA",417446.274928579,1163483.30784321,4.12092389907793
"43380","Shelby County, OH","Ohio","OH",447884.446338118,1158400.13662161,4.26790220165973
"43420","Cochise County, AZ","Arizona","AZ",2336494.24973748,6854530.59327598,23.7909497348161
"43460","Mississippi County, MO","Missouri","MO",1069729.9074194,2517020.44249787,9.20093452370436
"43460","Scott County, MO","Missouri","MO",1103880.46854524,2605613.03827093,9.52509572050652
"43500","Grant County, NM","New Mexico","NM",155332.6971122,393003.616174737,1.33649490412264
"43580","Dakota County, NE","Nebraska","NE",63470.9515375999,178871.387714624,0.546068886089359
"43580","Union County, SD","South Dakota","SD",507194.417516854,1558021.91873821,4.24677609618768
"43580","Woodbury County, IA","Iowa","IA",654455.986536889,1696562.88617599,5.42551178592005
"43620","Lincoln County, SD","South Dakota","SD",2933434.53244072,9094845.64778184,24.4634513180578
"43620","McCook County, SD","South Dakota","SD",143524.321184457,447964.139039259,1.19141277698101
"43620","Minnehaha County, SD","South Dakota","SD",10425697.3541437,32312065.9349807,86.8917984693186
"43620","Rock County, MN","Minnesota","MN",322059.475601792,911686.089581686,2.87585022669115
"43620","Turner County, SD","South Dakota","SD",240384.808981721,752583.575959488,1.99116419933631
"43640","St. Tammany Parish, LA","Louisiana","LA",9572475.0832342,26572553.5871754,94.0965441225984
"43660","Scurry County, TX","Texas","TX",46013.4166838452,138853.096817992,0.479032452195315
"43700","Pulaski County, KY","Kentucky","KY",528183.037020196,1385723.06513102,4.59218348667911
"43740","Somerset County, PA","Pennsylvania","PA",3463998.61292896,8225624.6693026,29.2780398445296
"43760","Tuolumne County, CA","California","CA",4910679.28212027,13203655.8807339,43.2129472978922
"43780","Cass County, MI","Michigan","MI",1394704.84124925,3726779.08168564,12.6221221398728
"43780","St. Joseph County, IN","Indiana","IN",24194338.6281667,65187917.7098168,213.734835625679
"43890","Monroe County, WI","Wisconsin","WI",422757.202297448,1033488.88607938,3.88257957752531
"43900","Spartanburg County, SC","South Carolina","SC",5595515.04234895,15720248.8120558,56.9099947136513
"43900","Union County, SC","South Carolina","SC",305216.03434085,832892.513455965,3.08936128135312
"43940","Lawrence County, SD","South Dakota","SD",196496.989764823,583551.697415721,1.69738309374642
"43980","Clay County, IA","Iowa","IA",28359.808239455,84316.5004656663,0.234138073832865
"44020","Dickinson County, IA","Iowa","IA",180063.613843892,461344.01241993,1.5045973957227
"44060","Spokane County, WA","Washington","WA",15172861.6075816,36947077.3880415,119.191772505238
"44060","Stevens County, WA","Washington","WA",777738.13069514,1915074.13672356,6.11553576654939
"44100","Menard County, IL","Illinois","IL",237638.199952563,678829.809676737,2.34894983034225
"44100","Sangamon County, IL","Illinois","IL",5596246.97723558,15964397.5648185,55.3257365148255
"44140","Hampden County, MA","Massachusetts","MA",39416629.5976701,88425383.5551169,310.154399149379
"44180","Christian County, MO","Missouri","MO",3001297.95693155,6988280.79870507,25.743970907664
"44180","Dallas County, MO","Missouri","MO",1194504.06916171,2856844.05702506,10.2142123413968
"44180","Greene County, MO","Missouri","MO",3079930.74641202,7230267.166175,26.610105637864
"44180","Polk County, MO","Missouri","MO",89307.1213891807,217245.760063545,0.759204706248635
"44180","Webster County, MO","Missouri","MO",1154127.11534723,2716785.95727673,9.9333109218692
"44220","Clark County, OH","Ohio","OH",2464530.50687118,6435184.21243988,24.1822651902273
"44260","Oktibbeha County, MS","Mississippi","MS",2571836.96467099,8251324.75290708,22.9464248025709
"44260","Webster County, MS","Mississippi","MS",216468.596036864,696744.35085315,1.92667450986156
"44300","Centre County, PA","Pennsylvania","PA",51771289.9583561,124506115.049104,439.934699059236
"44340","Bulloch County, GA","Georgia","GA",444842.753990125,1303774.27981842,5.22031862642323
"44340","Evans County, GA","Georgia","GA",23198.5026677235,68000.545731874,0.273029244075147
"44420","Augusta County, VA","Virginia","VA",5264107.7971174,14427011.5317509,45.2398718539303
"44420","Staunton city, VA","Virginia","VA",1785455.3883249,4906303.10012208,15.246229165142
"44420","Waynesboro city, VA","Virginia","VA",3426841.34970969,9457935.07968331,29.1652380262021
"44460","Moffat County, CO","Colorado","CO",180904.449888614,561327.459250903,1.63621833790727
"44460","Routt County, CO","Colorado","CO",588505.646731965,1711425.5455573,5.49678738874369
"44500","Erath County, TX","Texas","TX",415168.274893769,1350021.14141185,4.8882743569453
"44540","Logan County, CO","Colorado","CO",1469941.96340602,4119797.78848563,14.1228000060475
"44580","Whiteside County, IL","Illinois","IL",527433.466651216,1440436.58066209,4.90706630028939
"44620","Portage County, WI","Wisconsin","WI",1660883.15664949,3962754.3823293,15.4961145843697
"44660","Payne County, OK","Oklahoma","OK",6589054.09760304,18567312.0790829,69.201119181764
"44700","San Joaquin County, CA","California","CA",35574777.9713927,95502408.9036292,313.030725459614
"44740","Buena Vista County, IA","Iowa","IA",72949.1137875344,190709.99871636,0.598513479378242
"44780","St. Joseph County, MI","Michigan","MI",822582.441016422,2104216.32959113,7.92056360768119
"44860","Hopkins County, TX","Texas","TX",189090.017654135,605462.071696196,2.17583584066129
"44900","Chattooga County, GA","Georgia","GA",444630.608683792,1288972.94056757,5.1361115748695
"44940","Sumter County, SC","South Carolina","SC",1483793.2855828,4173289.59127158,15.2814368522569
"44980","Montour County, PA","Pennsylvania","PA",2095450.18235855,5042597.86457188,17.7809982131716
"44980","Northumberland County, PA","Pennsylvania","PA",3569819.83430207,8587098.1147126,30.3454751482311
"45000","Lassen County, CA","California","CA",95315.4818935654,252552.936698845,0.805835269749497
"45005","Allendale County, SC","South Carolina","SC",162715.084873396,463725.553310088,1.69078616230739
"45009","Bamberg County, SC","South Carolina","SC",284939.716895162,814849.489994015,3.01373827535197
"45011","Barnwell County, SC","South Carolina","SC",318411.259785493,908810.387009187,3.3381709014322
"45020","Nolan County, TX","Texas","TX",139332.975681466,450749.902414343,1.63372702090608
"45025","Chesterfield County, SC","South Carolina","SC",719460.326240027,1915963.17727124,7.10545846761425
"45027","Clarendon County, SC","South Carolina","SC",336008.313573787,962861.705706412,3.42460504164402
"45029","Colleton County, SC","South Carolina","SC",2094655.88888787,6027542.42436802,21.4319331591569
"45033","Dillon County, SC","South Carolina","SC",509182.267663165,1338878.42823658,5.03850977812742
"45049","Hampton County, SC","South Carolina","SC",998260.781002401,2879812.57995618,10.2925685387033
"45060","Madison County, NY","New York","NY",2804858.55468675,6571533.70963647,20.3216193868346
"45060","Onondaga County, NY","New York","NY",29601974.884735,69765916.8687703,211.705227263968
"45060","Oswego County, NY","New York","NY",3309486.62458622,7817944.91775386,23.9696059256561
"45061","Lee County, SC","South Carolina","SC",1343234.50324607,3099611.57570744,11.7306674918123
"45065","McCormick County, SC","South Carolina","SC",276135.421743178,806650.167912885,3.11678882953582
"45067","Marion County, SC","South Carolina","SC",244344.401154296,694685.842915182,2.4859804731254
"45069","Marlboro County, SC","South Carolina","SC",413382.462461518,1062192.68706279,4.06819638639976
"45089","Williamsburg County, SC","South Carolina","SC",384149.759193962,1077962.45595139,3.90153620275385
"45140","Cherokee County, OK","Oklahoma","OK",1598871.03321931,4502727.72868834,16.7385183267325
"45180","Coosa County, AL","Alabama","AL",304920.430477196,763224.59602639,2.86070312739011
"45180","Talladega County, AL","Alabama","AL",4301272.54704735,10614280.5048958,39.6537090217487
"45220","Gadsden County, FL","Florida","FL",2876045.65463361,9219527.50475725,32.2380372630869
"45220","Jefferson County, FL","Florida","FL",606445.501038062,1928146.73183563,6.75146926141853
"45220","Leon County, FL","Florida","FL",43061491.033897,138104969.22662,482.26267389979
"45220","Wakulla County, FL","Florida","FL",1923812.35331827,6165519.20413881,21.4981318002067
"45300","Hernando County, FL","Florida","FL",2065457.38418749,6603833.76237966,22.984030230605
"45300","Hillsborough County, FL","Florida","FL",113889582.630792,365330663.879224,1274.74890825399
"45300","Pasco County, FL","Florida","FL",24101869.2117496,77388336.0803016,269.813358771832
"45300","Pinellas County, FL","Florida","FL",17102097.6073176,54451994.7092114,190.601342327844
"45340","Taos County, NM","New Mexico","NM",600023.939869291,1399957.2441482,4.69351411773158
"45380","Christian County, IL","Illinois","IL",473839.059687405,1347807.1742129,4.65602928655985
"45460","Clay County, IN","Indiana","IN",407770.815845891,1111209.62290042,3.73738239352808
"45460","Sullivan County, IN","Indiana","IN",331366.609390298,891926.878453386,2.94171479557742
"45460","Vermillion County, IN","Indiana","IN",167235.090762745,455221.851206245,1.51947835086786
"45460","Vigo County, IN","Indiana","IN",1901140.05503736,5156246.34966719,17.0354117770451
"45500","Bowie County, TX","Texas","TX",406390.107446289,1276869.84968754,4.50921277321528
"45500","Little River County, AR","Arkansas","AR",62830.353409109,175064.13317309,0.568745344106026
"45500","Miller County, AR","Arkansas","AR",191624.200680778,542217.407240227,1.71854635682534
"45520","Wasco County, OR","Oregon","OR",295138.031110817,728822.430430075,2.59595440100207
"45580","Upson County, GA","Georgia","GA",135939.092271006,391709.223360767,1.55959614786613
"45620","Grady County, GA","Georgia","GA",284377.418926919,896502.153048992,3.21952434713005
"45620","Thomas County, GA","Georgia","GA",758757.207581336,2314086.4933773,8.5930241697042
"45660","Seneca County, OH","Ohio","OH",469585.075744328,1222756.9661668,4.58367702468879
"45700","Tift County, GA","Georgia","GA",438862.643917855,1296263.35970285,5.14400109860827
"45700","Turner County, GA","Georgia","GA",54357.7864483227,159669.504116912,0.641389051047274
"45740","Stephens County, GA","Georgia","GA",1013891.06123089,2970444.59216934,11.8645418948811
"45780","Fulton County, OH","Ohio","OH",1220698.69752509,3150299.69587961,11.8894430916946
"45780","Lucas County, OH","Ohio","OH",17532531.3531446,45485172.6120925,172.430921585282
"45780","Wood County, OH","Ohio","OH",3867244.76092504,10051653.0282809,38.1373162839839
"45820","Jackson County, KS","Kansas","KS",58536.8240629536,160160.159552482,0.475200366469163
"45820","Jefferson County, KS","Kansas","KS",783209.992619785,2154409.8375055,6.35705177536645
"45820","Osage County, KS","Kansas","KS",415733.70345011,1148735.58339514,3.42651622540084
"45820","Shawnee County, KS","Kansas","KS",2934515.92320858,8037379.84395428,24.0488109393753
"45820","Wabaunsee County, KS","Kansas","KS",54302.7300677397,149830.176471105,0.44007686354082
"45860","Northwest Hills Planning Region, CT","Connecticut","CT",12972355.9538288,29579129.5680686,98.6005796275994
"45880","Reeves County, TX","Texas","TX",51331.830519097,159907.97796789,0.578627369399925
"45900","Benzie County, MI","Michigan","MI",125465.077142532,320662.456240271,1.21327520234141
"45900","Grand Traverse County, MI","Michigan","MI",605750.929940951,1571722.3746017,5.874284686657
"45900","Kalkaska County, MI","Michigan","MI",132990.984297563,338789.275746438,1.28942802240048
"45900","Leelanau County, MI","Michigan","MI",152285.464252107,389669.119110304,1.47638089801721
"45940","Mercer County, NJ","New Jersey","NJ",49984227.1075051,152420722.903837,430.151975561282
"45980","Pike County, AL","Alabama","AL",441430.500109336,1111954.02186215,4.19387836245095
"46003","Aurora County, SD","South Dakota","SD",29642.0819369737,92344.5253497703,0.246501476788133
"46007","Bennett County, SD","South Dakota","SD",31408.5656809057,93746.5635424568,0.254537930820691
"46009","Bon Homme County, SD","South Dakota","SD",74149.5163654171,231414.807357429,0.615512126971594
"46015","Brule County, SD","South Dakota","SD",47415.9716111135,143546.616139137,0.400269265055004
"46017","Buffalo County, SD","South Dakota","SD",7337.48676799154,22940.1815455249,0.0608781624249092
"46019","Butte County, SD","South Dakota","SD",49901.7193386198,153743.687933634,0.417815145200567
"46020","Nevada County, CA","California","CA",1801656.54469324,5147075.64029937,15.8762703891074
"46021","Campbell County, SD","South Dakota","SD",9014.40883846503,28063.6525222251,0.0747107063933213
"46023","Charles Mix County, SD","South Dakota","SD",68843.4330697284,206141.686470304,0.582163665968648
"46025","Clark County, SD","South Dakota","SD",26976.8490880655,84183.9073472229,0.2239282786082
"46031","Corson County, SD","South Dakota","SD",68043.954974232,206347.807247342,0.572235807383421
"46037","Day County, SD","South Dakota","SD",37017.1543739512,118937.219269372,0.301838121962239
"46039","Deuel County, SD","South Dakota","SD",61987.4939918184,187406.383275548,0.521990158978808
"46041","Dewey County, SD","South Dakota","SD",762363.199158315,2371276.68620985,6.33811334546153
"46043","Douglas County, SD","South Dakota","SD",26465.2931667106,74175.0475119997,0.230045137711307
"46047","Fall River County, SD","South Dakota","SD",31798.8341470675,89605.6683083597,0.275812286478049
"46049","Faulk County, SD","South Dakota","SD",13221.4168614562,41257.4452661528,0.109753247777673
"46051","Grant County, SD","South Dakota","SD",95226.4512366805,294430.122315645,0.791113153781315
"46053","Gregory County, SD","South Dakota","SD",88692.1522711274,267931.766917626,0.746862599417911
"46055","Haakon County, SD","South Dakota","SD",10099.9798831968,27141.1826095686,0.0902295862715589
"46057","Hamlin County, SD","South Dakota","SD",80457.5998434911,251090.747650868,0.667863469993646
"46059","Hand County, SD","South Dakota","SD",25136.1346888729,72343.7102694756,0.216100643123158
"46060","Pima County, AZ","Arizona","AZ",163410791.192246,479693773.945867,1665.59679494956
"46063","Harding County, SD","South Dakota","SD",3413.64548493173,10655.7892047001,0.0283332575249333
"46067","Hutchinson County, SD","South Dakota","SD",75800.5045526405,236523.062955041,0.629243472012761
"46069","Hyde County, SD","South Dakota","SD",32585.0518818029,84851.9782158429,0.291208058718793
"46071","Jackson County, SD","South Dakota","SD",7336.67112883738,22901.6227250861,0.0608943703693503
"46073","Jerauld County, SD","South Dakota","SD",10474.2520140124,31127.3346560024,0.0899304481502751
"46075","Jones County, SD","South Dakota","SD",3023.02347438755,9417.00659015224,0.0251133904389716
"46077","Kingsbury County, SD","South Dakota","SD",145847.481989395,438382.338684005,1.23134000315791
"46079","Lake County, SD","South Dakota","SD",204213.391855727,637163.463535537,1.69528180054403
"46085","Lyman County, SD","South Dakota","SD",9216.49965676327,28826.5016624786,0.0764419270045431
"46089","McPherson County, SD","South Dakota","SD",44542.1516071051,121723.333995816,0.40881142804996
"46091","Marshall County, SD","South Dakota","SD",17783.5978339881,55385.6642718634,0.147726123997367
"46095","Mellette County, SD","South Dakota","SD",6182.46637738692,19263.7871215727,0.0513574852535011
"46097","Miner County, SD","South Dakota","SD",47374.2251593762,142682.968818601,0.413692363669077
"46100","Coffee County, TN","Tennessee","TN",803782.903939626,2189337.29879109,8.11268025589438
"46100","Moore County, TN","Tennessee","TN",68946.3872187307,184949.607814543,0.687007046314644
"46101","Moody County, SD","South Dakota","SD",159068.453315476,496440.42984247,1.32038650588988
"46102","Oglala Lakota County, SD","South Dakota","SD",10353.6965992511,32093.0753174695,0.0858730538949426
"46105","Perkins County, SD","South Dakota","SD",22422.3630403004,61346.1946650154,0.196745338847403
"46107","Potter County, SD","South Dakota","SD",14286.1075671035,44213.7572153633,0.120107354685866
"46109","Roberts County, SD","South Dakota","SD",47195.9112095823,140256.991609997,0.399730784644601
"46115","Spink County, SD","South Dakota","SD",41761.6814767244,121397.673724002,0.357665454025701
"46119","Sully County, SD","South Dakota","SD",29460.4799732478,91939.8193495307,0.244558880875382
"46121","Todd County, SD","South Dakota","SD",10520.6811373295,32714.1366550156,0.087713474476027
"46123","Tripp County, SD","South Dakota","SD",66081.7414172931,197859.956771777,0.559972096182992
"46129","Walworth County, SD","South Dakota","SD",63453.0220925483,200259.230265489,0.522800148016889
"46137","Ziebach County, SD","South Dakota","SD",89961.6619726924,280696.262927227,0.747060536009048
"46140","Creek County, OK","Oklahoma","OK",1390760.71963477,3920547.42184671,14.6116758317124
"46140","Okmulgee County, OK","Oklahoma","OK",604593.04427016,1704729.73390484,6.31101708428448
"46140","Osage County, OK","Oklahoma","OK",703268.471521099,1983894.99621967,7.37041188049584
"46140","Pawnee County, OK","Oklahoma","OK",374662.272945332,1057675.18934145,3.94150189503672
"46140","Rogers County, OK","Oklahoma","OK",1388563.62072361,3914385.78807437,14.5372816749516
"46140","Tulsa County, OK","Oklahoma","OK",12436666.219121,35024875.2605078,130.362571920805
"46140","Wagoner County, OK","Oklahoma","OK",1296559.08053545,3655843.01536018,13.6107755397069
"46180","Itawamba County, MS","Mississippi","MS",77024.1187507073,235067.535615253,0.712942919283354
"46180","Lee County, MS","Mississippi","MS",562622.156185902,1711142.99374869,5.22842232523383
"46180","Prentiss County, MS","Mississippi","MS",105904.709068167,314116.154793697,1.00126186614404
"46220","Greene County, AL","Alabama","AL",206265.818741325,512587.414187354,1.91663201740586
"46220","Hale County, AL","Alabama","AL",556715.213704592,1375507.79874054,5.13672631258896
"46220","Pickens County, AL","Alabama","AL",622381.559290897,1551013.38626377,5.7498483524178
"46220","Tuscaloosa County, AL","Alabama","AL",15121997.5222916,37322170.3686474,139.413861523181
"46300","Jerome County, ID","Idaho","ID",37507.2567109685,124108.14861386,0.361735699403449
"46300","Twin Falls County, ID","Idaho","ID",62238.2816273369,254627.289359298,0.571942547957896
"46340","Smith County, TX","Texas","TX",5122097.68847837,16661499.3273735,60.3316995884009
"46380","Mendocino County, CA","California","CA",1222355.3598405,3294918.89741329,10.7720775438919
"46460","Obion County, TN","Tennessee","TN",379259.31779721,1023452.85077427,3.78486153888781
"46500","Champaign County, OH","Ohio","OH",451903.146737929,1180025.01790198,4.45339842225832
"46520","Honolulu County, HI","Hawaii","HI",59630458.3227321,168158078.59261,541.993685081913
"46540","Herkimer County, NY","New York","NY",1215358.15563289,2860867.89305706,8.64560090098709
"46540","Oneida County, NY","New York","NY",4521589.82963558,10634012.3764114,32.462901722654
"46620","Uvalde County, TX","Texas","TX",196015.428132878,638066.212682189,2.31073458692868
"46660","Brooks County, GA","Georgia","GA",116834.697605772,344857.13449902,1.36610728904769
"46660","Echols County, GA","Georgia","GA",226307.795207022,664632.403977149,2.67015955783491
"46660","Lanier County, GA","Georgia","GA",275591.434934692,810169.197714139,3.2503113985843
"46660","Lowndes County, GA","Georgia","GA",698545.045565919,2054476.61005432,8.11646684337867
"46700","Solano County, CA","California","CA",70050829.3991538,187968153.829466,616.349347497286
"46780","Van Wert County, OH","Ohio","OH",107164.897216667,280794.742987433,1.04051479994811
"46820","Clay County, SD","South Dakota","SD",4436441.53347873,13809794.1856801,36.8813266063623
"46860","Uintah County, UT","Utah","UT",367997.0207026,1011296.47787494,4.22928711536516
"46900","Wilbarger County, TX","Texas","TX",101504.143116119,330542.863442119,1.19730466812817
"46980","Warren County, MS","Mississippi","MS",635595.736437631,2029514.92534158,5.67770327732041
"47005","Benton County, TN","Tennessee","TN",149139.192003424,397703.752423715,1.47738727027398
"47007","Bledsoe County, TN","Tennessee","TN",112892.168565317,300707.691078902,1.11897074443853
"47017","Carroll County, TN","Tennessee","TN",308830.536105702,827679.223784424,3.07469004806208
"47020","Goliad County, TX","Texas","TX",169860.19349251,553285.295394056,2.00419384004679
"47020","Victoria County, TX","Texas","TX",1020817.53866598,3323824.57129229,12.0378958263021
"47025","Claiborne County, TN","Tennessee","TN",135911.487622179,366817.980167423,1.29874742858748
"47027","Clay County, TN","Tennessee","TN",109159.44226129,289534.440054753,1.0217539172008
"47039","Decatur County, TN","Tennessee","TN",124380.724220988,335380.011340996,1.24233997450656
"47041","DeKalb County, TN","Tennessee","TN",838401.506608563,2263231.97143048,8.42078890261412
"47049","Fentress County, TN","Tennessee","TN",154166.718968754,414675.103403541,1.54112615945999
"47055","Giles County, TN","Tennessee","TN",1078447.93374854,2894398.3996112,10.7499686953117
"47061","Grundy County, TN","Tennessee","TN",104449.333258708,291756.225549893,1.12266918622555
"47067","Hancock County, TN","Tennessee","TN",18397.9945947371,49512.3970699864,0.183710173490473
"47069","Hardeman County, TN","Tennessee","TN",228319.503212529,615409.30042408,2.27561181798269
"47071","Hardin County, TN","Tennessee","TN",196625.858468751,531725.09595232,1.95601957450773
"47075","Haywood County, TN","Tennessee","TN",212702.817018911,572899.098317535,2.1226382068033
"47077","Henderson County, TN","Tennessee","TN",325091.936172996,874308.393303214,3.23741596199769
"47080","Montgomery County, GA","Georgia","GA",25341.2612873013,74330.34844157,0.297705156789226
"47080","Toombs County, GA","Georgia","GA",132000.131102066,387516.754458731,1.55623290722804
"47083","Houston County, TN","Tennessee","TN",109136.328724863,293581.887863019,1.09041030338749
"47085","Humphreys County, TN","Tennessee","TN",180000.853727818,484622.889340672,1.7975147661461
"47091","Johnson County, TN","Tennessee","TN",179177.904725543,467969.706697047,1.77045890463832
"47095","Lake County, TN","Tennessee","TN",51739.7730380628,139160.035319931,0.516880094064016
"47097","Lauderdale County, TN","Tennessee","TN",633484.432516887,1708704.68839412,6.3247848473648
"47101","Lewis County, TN","Tennessee","TN",464467.640843131,1245674.23079457,4.62630933893019
"47109","McNairy County, TN","Tennessee","TN",163256.59660983,439735.255449673,1.63132173291529
"47123","Monroe County, TN","Tennessee","TN",124777.640429086,332883.068781788,1.24042602549035
"47135","Perry County, TN","Tennessee","TN",132369.265127328,356235.270092328,1.32176825461462
"47137","Pickett County, TN","Tennessee","TN",28048.020918974,75247.8175548161,0.279944990851588
"47143","Rhea County, TN","Tennessee","TN",198610.94125628,529086.515748021,1.90545539362614
"47151","Scott County, TN","Tennessee","TN",119806.45103865,326102.263373907,1.16720811582625
"47175","Van Buren County, TN","Tennessee","TN",124763.693288381,338004.507971733,1.25444987380706
"47180","Knox County, IN","Indiana","IN",679368.525950636,1827237.02221607,5.98106149849066
"47181","Wayne County, TN","Tennessee","TN",415141.579736049,1116692.29222968,4.14780119548775
"47220","Cumberland County, NJ","New Jersey","NJ",3448695.84424961,9940793.06141957,29.2744579705939
"47240","Dukes County, MA","Massachusetts","MA",1210724.60417701,2716185.96884364,9.58067066438716
"47260","Camden County, NC","North Carolina","NC",226119.730241761,566710.117260872,2.10938129041539
"47260","Chesapeake city, VA","Virginia","VA",4303558.62265672,11618398.7114374,37.2426980867829
"47260","Currituck County, NC","North Carolina","NC",1139377.11117642,2865094.74702629,10.9767715420054
"47260","Gates County, NC","North Carolina","NC",224380.807771741,561101.444319448,2.09833915915824
"47260","Gloucester County, VA","Virginia","VA",514334.479756796,1387474.89682207,4.35947956426133
"47260","Hampton city, VA","Virginia","VA",3881417.12406879,10605154.3633312,32.7169624569202
"47260","Isle of Wight County, VA","Virginia","VA",544732.285704396,1490114.75397498,4.6312020817863
"47260","James City County, VA","Virginia","VA",1711447.45269751,4661484.22301448,14.4249103847458
"47260","Mathews County, VA","Virginia","VA",139885.12000698,383959.620094606,1.18324767291029
"47260","Newport News city, VA","Virginia","VA",4073222.44523377,11048998.7837272,34.259494882817
"47260","Norfolk city, VA","Virginia","VA",6306718.80340166,17034766.7657371,54.4901454635267
"47260","Poquoson city, VA","Virginia","VA",297599.349020952,812175.358828939,2.48112427136154
"47260","Portsmouth city, VA","Virginia","VA",1503247.70657552,4093767.3182876,12.5285078312375
"47260","Suffolk city, VA","Virginia","VA",1835910.84772184,4942375.64610781,15.8221346582449
"47260","Surry County, VA","Virginia","VA",120755.810852845,321859.513139597,0.959995451210453
"47260","Virginia Beach city, VA","Virginia","VA",9139854.52281277,24540825.7970199,76.9319633610165
"47260","Williamsburg city, VA","Virginia","VA",443436.469432,1207088.49657409,3.74447438114544
"47260","York County, VA","Virginia","VA",1543793.86905836,4215047.71719059,13.0895873449256
"47300","Tulare County, CA","California","CA",3781682.58745788,10129664.8706917,33.2630989780823
"47340","Wabash County, IN","Indiana","IN",496399.144204255,1354253.99373773,4.50680637512679
"47380","Bosque County, TX","Texas","TX",260762.126666624,848962.853649682,3.07510407081932
"47380","Falls County, TX","Texas","TX",540701.975316996,1761209.11385287,6.37961879138861
"47380","McLennan County, TX","Texas","TX",8155968.27368528,26547668.3011484,96.1915843487516
"47420","Richland County, ND","North Dakota","ND",88946.5913618495,327540.490715583,0.65964258508819
"47420","Wilkin County, MN","Minnesota","MN",43336.530133692,117747.790227061,0.379593989814535
"47460","Walla Walla County, WA","Washington","WA",5499088.30121361,13365232.2035561,42.9356070438341
"47540","Auglaize County, OH","Ohio","OH",278340.556311649,729242.531473754,2.72744667405065
"47580","Houston County, GA","Georgia","GA",1005263.4221102,2952931.39607689,11.8188746502976
"47580","Peach County, GA","Georgia","GA",210114.919910617,616107.62613336,2.46659105551498
"47620","Warren County, PA","Pennsylvania","PA",1025374.25487805,2464339.17208716,8.65249304781942
"47660","Johnson County, MO","Missouri","MO",394486.316332946,950648.580402714,3.45021462720075
"47700","Kosciusko County, IN","Indiana","IN",912891.25006451,2452618.86730628,8.07129231588907
"47780","Daviess County, IN","Indiana","IN",790701.56732812,2127973.55382951,6.99407484819554
"47820","Beaufort County, NC","North Carolina","NC",1459081.09731464,3650144.02621309,14.1114561018519
"47900","Alexandria city, VA","Virginia","VA",16265155.9573943,37304988.4754662,89.3071487122187
"47900","Arlington County, VA","Virginia","VA",34713373.4605093,79142818.9598391,195.4721696709
"47900","Charles County, MD","Maryland","MD",13637153.8762363,29828427.142507,84.0344283540211
"47900","Clarke County, VA","Virginia","VA",1382031.20339433,3314693.33515055,11.1867588506534
"47900","Culpeper County, VA","Virginia","VA",2712731.0540078,7284538.39562923,21.7613702085464
"47900","District of Columbia, DC","District of Columbia","DC",111724127.141833,234889867.40135,491.75590341112
"47900","Fairfax County, VA","Virginia","VA",154654591.811034,381934870.378623,1122.76221782892
"47900","Fairfax city, VA","Virginia","VA",3650963.10339534,9458314.38885308,28.1154067903815
"47900","Falls Church city, VA","Virginia","VA",1709609.94335191,4029149.69601657,10.8072402960576
"47900","Fauquier County, VA","Virginia","VA",8084069.31653126,20717623.2595197,65.0329420603575
"47900","Frederick County, MD","Maryland","MD",434598743.015915,952508854.016912,3644.09092687202
"47900","Fredericksburg city, VA","Virginia","VA",980763.418513895,2571413.35712558,7.53478695508035
"47900","Jefferson County, WV","West Virginia","WV",11291649.0915433,25335952.2204875,94.4289315560345
"47900","Loudoun County, VA","Virginia","VA",56839087.1005748,140491363.43104,453.808091578298
"47900","Manassas Park city, VA","Virginia","VA",2659805.53361361,6533536.62498032,21.5709494136533
"47900","Manassas city, VA","Virginia","VA",5267869.0459293,14101135.0674633,42.252337347247
"47900","Montgomery County, MD","Maryland","MD",414684867.33811,906987190.78227,3264.93967964859
"47900","Prince George's County, MD","Maryland","MD",166014613.728187,357681989.899257,1090.09447040693
"47900","Prince William County, VA","Virginia","VA",44008492.3277673,114275307.117811,338.527894768953
"47900","Rappahannock County, VA","Virginia","VA",299455.661552194,820376.58002636,2.52914701648366
"47900","Spotsylvania County, VA","Virginia","VA",6688895.6292584,17793605.763113,52.7982990010259
"47900","Stafford County, VA","Virginia","VA",6686322.61148534,17360336.4825724,49.9019752763311
"47900","Warren County, VA","Virginia","VA",4198898.44049453,10553980.1845713,34.4018140057317
"47920","Fayette County, OH","Ohio","OH",551787.057206751,1439762.01668834,5.33437922790303
"47930","Naugatuck Valley Planning Region, CT","Connecticut","CT",76567247.9385035,174739752.133636,581.372975290501
"47940","Black Hawk County, IA","Iowa","IA",1142950.60241574,2840903.87265686,9.32915725370014
"47940","Bremer County, IA","Iowa","IA",305337.998543588,752976.22397925,2.61898107614597
"47940","Grundy County, IA","Iowa","IA",212393.185763285,523821.2581576,1.79221998237416
"47980","Codington County, SD","South Dakota","SD",338967.132806519,1030309.12213498,2.8601475324554
"48017","Bailey County, TX","Texas","TX",45772.2015905923,149102.667907751,0.54011197876899
"48020","Jefferson County, WI","Wisconsin","WI",4581913.25086111,10904645.7513663,43.0858529807176
"48023","Baylor County, TX","Texas","TX",15425.4960273084,50242.4537524789,0.181941458939836
"48031","Blanco County, TX","Texas","TX",134178.172666871,437084.580256005,1.58330243746908
"48033","Borden County, TX","Texas","TX",7734.33762600825,25180.6666512315,0.0911926085176041
"48043","Brewster County, TX","Texas","TX",150892.759691989,491060.68584264,1.56301485410643
"48045","Briscoe County, TX","Texas","TX",8131.6549440691,26465.5748309732,0.0958377704508711
"48053","Burnet County, TX","Texas","TX",497438.077161315,1620034.02517561,5.86816739716552
"48060","Jefferson County, NY","New York","NY",1935063.33189675,4558669.55282493,13.8280087221384
"48067","Cass County, TX","Texas","TX",107253.130684797,323919.772606492,1.15579866007339
"48069","Castro County, TX","Texas","TX",10925.6218701301,35504.2883693804,0.128423326103123
"48075","Childress County, TX","Texas","TX",19831.1920366354,64578.6494739904,0.233913053406342
"48081","Coke County, TX","Texas","TX",12336.0975501591,40085.1140181073,0.145214102577413
"48083","Coleman County, TX","Texas","TX",78070.66881257,254314.728170933,0.921233891988327
"48087","Collingsworth County, TX","Texas","TX",5393.70506307431,17579.8799264497,0.0636306359933258
"48089","Colorado County, TX","Texas","TX",973130.995170526,3164907.88564972,11.4574709442988
"48093","Comanche County, TX","Texas","TX",106275.825640281,346083.063624991,1.25364990330482
"48095","Concho County, TX","Texas","TX",15526.8004218838,50578.4578089837,0.183216244978229
"48101","Cottle County, TX","Texas","TX",1673.81250568539,5452.43404298787,0.0197509875670876
"48103","Crane County, TX","Texas","TX",17027.4597939337,55325.4464848196,0.20018577702704
"48105","Crockett County, TX","Texas","TX",6886.95193270105,22434.2039760924,0.0812660328058724
"48109","Culberson County, TX","Texas","TX",14701.2033506482,47320.0180625083,0.168448591261948
"48111","Dallam County, TX","Texas","TX",4659.64209445587,15138.6796665359,0.0548081411382114
"48115","Dawson County, TX","Texas","TX",62411.0400215917,202555.370144046,0.733928657129352
"48119","Delta County, TX","Texas","TX",36318.0433099866,116895.42717889,0.419197550329514
"48123","DeWitt County, TX","Texas","TX",372976.219072028,1213715.21504767,4.39581516769514
"48125","Dickens County, TX","Texas","TX",48293.3259861995,157315.215271643,0.569861246637154
"48127","Dimmit County, TX","Texas","TX",42736.9438883547,139168.374586999,0.504050590688325
"48129","Donley County, TX","Texas","TX",9821.84720950275,31975.8691929519,0.11581717412172
"48131","Duval County, TX","Texas","TX",54507.6732153801,177065.721411054,0.640638960318078
"48133","Eastland County, TX","Texas","TX",154338.711490056,500406.769125011,1.80943100713384
"48137","Edwards County, TX","Texas","TX",30522.2825739402,99426.1495899753,0.360162934372494
"48140","Marathon County, WI","Wisconsin","WI",5008755.05369383,11896671.2126933,46.9674973235308
"48149","Fayette County, TX","Texas","TX",478519.47454586,1542428.3703579,5.52486780765758
"48151","Fisher County, TX","Texas","TX",17304.1772691492,56302.8615029608,0.203972857032705
"48155","Foard County, TX","Texas","TX",28680.2204723802,93373.1703061547,0.338165624325704
"48159","Franklin County, TX","Texas","TX",61799.149099156,195980.619962169,0.696767005966621
"48161","Freestone County, TX","Texas","TX",340105.331596201,1103118.42221738,3.98830777938548
"48163","Frio County, TX","Texas","TX",209070.364072349,680977.363080812,2.46669422793157
"48165","Gaines County, TX","Texas","TX",66155.0514288752,215321.167408571,0.779549708140999
"48173","Glasscock County, TX","Texas","TX",429.878378498927,1400.32619980468,0.00507256486628734
"48177","Gonzales County, TX","Texas","TX",277342.22427683,902153.82707549,3.26903441017955
"48180","Pierce County, GA","Georgia","GA",72054.833568149,213840.679850534,0.849767015632488
"48180","Ware County, GA","Georgia","GA",127049.122200273,373710.187090401,1.47318301422857
"48185","Grimes County, TX","Texas","TX",2524151.07040517,8216412.49863104,29.7548564872547
"48191","Hall County, TX","Texas","TX",23814.4976589377,72175.7912086892,0.26365356278172
"48193","Hamilton County, TX","Texas","TX",60765.4587740158,197925.632859444,0.717007010832212
"48195","Hansford County, TX","Texas","TX",11891.1912215972,38735.4829815697,0.140316056414847
"48197","Hardeman County, TX","Texas","TX",16535.6881360712,53860.8262352586,0.195099818415545
"48200","Haywood County, NC","North Carolina","NC",779089.13774142,1998869.55633612,7.48053033515821
"48205","Hartley County, TX","Texas","TX",11009.3259225221,35574.6180893834,0.128135642990886
"48207","Haskell County, TX","Texas","TX",66813.3928596114,205985.504012121,0.731270091687724
"48211","Hemphill County, TX","Texas","TX",18529.2686195073,60336.0033879698,0.218500564027032
"48217","Hill County, TX","Texas","TX",579970.951497998,1884105.39783275,6.81755317256601
"48220","Custer County, OK","Oklahoma","OK",180398.424502658,515969.357476155,1.91043303634335
"48220","Washita County, OK","Oklahoma","OK",24209.6620241223,68181.510672023,0.254033487314157
"48225","Houston County, TX","Texas","TX",398208.652184731,1296761.60461787,4.6967817031806
"48237","Jack County, TX","Texas","TX",76816.9429582473,245789.747567173,0.893360535034261
"48239","Jackson County, TX","Texas","TX",161273.547978079,525294.449813351,1.90268101560875
"48241","Jasper County, TX","Texas","TX",308646.583661212,1003967.13103175,3.63574275230214
"48243","Jeff Davis County, TX","Texas","TX",64609.7187299479,210465.765260123,0.762394681013385
"48247","Jim Hogg County, TX","Texas","TX",23902.2818923021,77840.8117212521,0.281943150365385
"48255","Karnes County, TX","Texas","TX",383684.873406606,1222344.99149471,4.44984673337632
"48260","Brooke County, WV","West Virginia","WV",333925.325219099,885096.558502034,2.70036665745962
"48260","Hancock County, WV","West Virginia","WV",1205133.19794937,3010225.04414051,9.99110478488302
"48260","Jefferson County, OH","Ohio","OH",1000991.58697709,2508048.61333455,9.0014965444323
"48261","Kenedy County, TX","Texas","TX",767.875104943355,2501.34847764304,0.00906092623833159
"48263","Kent County, TX","Texas","TX",554.341876748233,1805.76528731227,0.00654123414562915
"48267","Kimble County, TX","Texas","TX",31292.631234247,101857.713800065,0.368918127596614
"48269","King County, TX","Texas","TX",2.91661241665859,9.50084718376424,0.0000344160265165713
"48271","Kinney County, TX","Texas","TX",13638.9482135376,44428.7907381778,0.160939588919744
"48275","Knox County, TX","Texas","TX",8550.40477141806,27725.7556298235,0.100347763961291
"48279","Lamb County, TX","Texas","TX",240503.680955715,782319.897090513,2.8321736966357
"48283","La Salle County, TX","Texas","TX",83898.0359513899,272934.530056929,0.98825938202136
"48285","Lavaca County, TX","Texas","TX",554583.988905418,1804161.21696865,6.53372503041158
"48287","Lee County, TX","Texas","TX",959529.566353433,3093722.75452928,11.1995415585362
"48289","Leon County, TX","Texas","TX",679081.940180802,2212034.999721,8.01283108371353
"48293","Limestone County, TX","Texas","TX",511944.623696204,1666954.27746796,6.03716594650169
"48295","Lipscomb County, TX","Texas","TX",11480.7044686476,37383.8250287585,0.13542960831645
"48297","Live Oak County, TX","Texas","TX",146199.053106948,469422.166767023,1.69733102834288
"48299","Llano County, TX","Texas","TX",240370.636322501,782950.183952001,2.83612892177558
"48300","Chelan County, WA","Washington","WA",4022080.64422107,9747131.23811961,31.3224148078639
"48300","Douglas County, WA","Washington","WA",1475006.98797059,3574867.13988371,11.5360620305959
"48301","Loving County, TX","Texas","TX",198.18972425969,645.601819710042,0.00233863874626434
"48307","McCulloch County, TX","Texas","TX",16377.0322143468,52756.1923852855,0.192901379257896
"48311","McMullen County, TX","Texas","TX",857.960498681781,2794.80109908479,0.010123933884445
"48313","Madison County, TX","Texas","TX",546112.64407885,1778516.45480563,6.44233107920527
"48315","Marion County, TX","Texas","TX",90550.8974006056,293540.889675574,1.05907295870858
"48319","Mason County, TX","Texas","TX",25042.002176737,74249.976868099,0.272063372052402
"48327","Menard County, TX","Texas","TX",38867.2039149716,115698.915974245,0.385771121337752
"48331","Milam County, TX","Texas","TX",938444.417838328,3045504.93798271,11.0156732134665
"48333","Mills County, TX","Texas","TX",57602.6208680959,187640.186651565,0.679710926243532
"48335","Mitchell County, TX","Texas","TX",29451.7543606188,94978.0962832639,0.344262888903773
"48337","Montague County, TX","Texas","TX",201092.714317944,655020.24481407,2.37269737800506
"48345","Motley County, TX","Texas","TX",14481.0309967033,47016.9049906314,0.170066531477412
"48351","Newton County, TX","Texas","TX",208562.729558537,679222.617280807,2.45998930321765
"48357","Ochiltree County, TX","Texas","TX",33894.1490360028,110399.841543079,0.399897967888798
"48365","Panola County, TX","Texas","TX",475554.669469086,1545634.17216584,5.59739768877333
"48369","Parmer County, TX","Texas","TX",32250.2440881888,104279.000857305,0.376498719237194
"48371","Pecos County, TX","Texas","TX",65586.7402202413,213464.560430642,0.773365011800413
"48373","Polk County, TX","Texas","TX",939580.110959464,3060363.91600419,11.0858185639155
"48377","Presidio County, TX","Texas","TX",31446.8497413026,102372.71833459,0.370576737929919
"48379","Rains County, TX","Texas","TX",77620.9002222408,251727.076131912,0.911350868413486
"48383","Reagan County, TX","Texas","TX",5001.76291782166,16293.2122417845,0.0590208024302956
"48385","Real County, TX","Texas","TX",17130.478529209,55795.702882818,0.202105553287183
"48391","Refugio County, TX","Texas","TX",25076.7598869916,81496.7321720867,0.295034880968621
"48399","Runnels County, TX","Texas","TX",28607.4386317547,92535.5154967873,0.336900682830219
"48403","Sabine County, TX","Texas","TX",98047.096095082,319296.531512327,1.15658362366863
"48405","San Augustine County, TX","Texas","TX",61860.024869378,201465.303348267,0.729743976481608
"48411","San Saba County, TX","Texas","TX",23843.5653588847,77573.3365708944,0.28135407123484
"48413","Schleicher County, TX","Texas","TX",3748.88833574311,11950.92265848,0.0428299089942918
"48417","Shackelford County, TX","Texas","TX",67461.9036935469,219756.740407938,0.796050463583853
"48419","Shelby County, TX","Texas","TX",249870.020253543,811140.949427475,2.93637286245493
"48421","Sherman County, TX","Texas","TX",7995.86559982633,26046.4834929625,0.0943512140779507
"48425","Somervell County, TX","Texas","TX",46542.5679432429,151605.899765831,0.54917689902909
"48429","Stephens County, TX","Texas","TX",39379.1740541106,127794.210742667,0.463124074900572
"48431","Sterling County, TX","Texas","TX",1077.27714210048,3509.22372928272,0.0127118702767856
"48433","Stonewall County, TX","Texas","TX",8504.0767105586,27691.8355800761,0.100295114448556
"48435","Sutton County, TX","Texas","TX",4930.86440757508,16032.9832707705,0.0580582311457554
"48437","Swisher County, TX","Texas","TX",13113.4333732333,42395.8203155197,0.153277292380116
"48443","Terrell County, TX","Texas","TX",930.211070408054,2952.47962996733,0.0107096758168898
"48445","Terry County, TX","Texas","TX",107160.790192792,344756.890539295,1.25177796487463
"48447","Throckmorton County, TX","Texas","TX",17060.1153139485,55473.5731122265,0.200957512190128
"48455","Trinity County, TX","Texas","TX",203829.712890875,662849.285254011,2.40000243582614
"48457","Tyler County, TX","Texas","TX",212089.363015708,682182.614926201,2.45320590716702
"48460","Howell County, MO","Missouri","MO",141332.504086617,339024.234202032,1.22977318221671
"48461","Upton County, TX","Texas","TX",10521.7994286014,34270.0623305144,0.124141311651213
"48467","Van Zandt County, TX","Texas","TX",683413.276044019,2223072.81427547,8.04524374370078
"48475","Ward County, TX","Texas","TX",82061.822058596,264878.985566259,0.957831569201047
"48483","Wheeler County, TX","Texas","TX",4542.89351303365,14752.642251091,0.0533668262122049
"48495","Winkler County, TX","Texas","TX",25211.4229504221,82121.1277018016,0.29747132900449
"48499","Wood County, TX","Texas","TX",572490.10371327,1864220.89304029,6.74848400889901
"48501","Yoakum County, TX","Texas","TX",41905.0508624049,106850.221598774,0.380814137077157
"48503","Young County, TX","Texas","TX",1189337.53668436,2701267.27296426,10.2951735819167
"48507","Zavala County, TX","Texas","TX",132982.389372681,433180.328666352,1.56915019343076
"48540","Belmont County, OH","Ohio","OH",816094.034381264,2097808.89437382,7.36878307083554
"48540","Marshall County, WV","West Virginia","WV",922979.20389344,2348606.34405975,7.62819003179217
"48540","Ohio County, WV","West Virginia","WV",1646921.01702793,4218056.6418477,13.6606566737735
"48580","Walworth County, WI","Wisconsin","WI",5190917.06455325,12347164.2231133,48.8124979693552
"48620","Butler County, KS","Kansas","KS",509939.082205262,1403723.23188346,4.2299010479653
"48620","Harvey County, KS","Kansas","KS",384828.667331532,1065343.71285516,3.14963163289994
"48620","Sedgwick County, KS","Kansas","KS",4919931.15929735,13623985.3431102,40.5312425642885
"48620","Sumner County, KS","Kansas","KS",110615.037128738,309694.073340711,0.927137198308661
"48660","Archer County, TX","Texas","TX",88928.2197006702,288286.426336283,1.04005335433928
"48660","Clay County, TX","Texas","TX",62856.0612964191,204686.094677577,0.741370357443703
"48660","Wichita County, TX","Texas","TX",867324.091536565,2797977.13703618,10.0949452950155
"48680","Sumter County, FL","Florida","FL",708823.280095614,2272125.98941622,7.91281879859117
"48700","Lycoming County, PA","Pennsylvania","PA",2113090.25554952,5080895.80045652,17.3633546840579
"48780","Williams County, ND","North Dakota","ND",75939.8445769331,247619.690767168,0.609191207306794
"48820","Kandiyohi County, MN","Minnesota","MN",405369.266997045,1017919.35829617,3.62964945700834
"48900","Brunswick County, NC","North Carolina","NC",19512898.2302407,48805701.2652612,189.037424252378
"48900","New Hanover County, NC","North Carolina","NC",119705628.699761,299471610.405359,1160.9080433631
"48900","Pender County, NC","North Carolina","NC",12297793.5783391,30777035.8717116,119.136627889321
"48940","Clinton County, OH","Ohio","OH",930464.854610105,2423985.65832628,9.00492404215634
"48980","Wilson County, NC","North Carolina","NC",2826283.30323458,7066260.1643244,27.3233470620094
"49001","Beaver County, UT","Utah","UT",48913.6518274545,134336.202005111,0.561828201127078
"49009","Daggett County, UT","Utah","UT",12677.0771803211,34820.0130428923,0.145771640905692
"49010","Franklin County, TN","Tennessee","TN",666753.076931078,1787200.36163548,6.65674151072656
"49013","Duchesne County, UT","Utah","UT",104788.403181198,288299.401857219,1.19947521750085
"49015","Emery County, UT","Utah","UT",62154.8752138329,170709.046755819,0.713850207927099
"49017","Garfield County, UT","Utah","UT",37430.9972133528,103090.84813707,0.429608676823315
"49019","Grand County, UT","Utah","UT",71426.055550246,196248.180561924,0.820707199831882
"49020","Frederick County, VA","Virginia","VA",2800199.06794177,7464148.56176509,23.7800227317324
"49020","Hampshire County, WV","West Virginia","WV",3833272.74324095,8546347.4664992,32.0242198513999
"49020","Winchester city, VA","Virginia","VA",2271936.38921629,5489850.23383054,19.2011097583304
"49025","Kane County, UT","Utah","UT",86582.9674658184,239904.976153029,0.996495410757888
"49027","Millard County, UT","Utah","UT",131672.475573347,361828.889461398,1.51157600802171
"49031","Piute County, UT","Utah","UT",23725.532653684,65165.5735876559,0.27282894099243
"49037","San Juan County, UT","Utah","UT",213047.712210571,587545.492932406,2.41076043206801
"49039","Sanpete County, UT","Utah","UT",283221.813619961,782619.161039718,3.20612220614762
"49041","Sevier County, UT","Utah","UT",281916.369434606,777243.402091039,3.23564161909227
"49055","Wayne County, UT","Utah","UT",46864.0221014356,128719.429689037,0.53893625416651
"49080","Humboldt County, NV","Nevada","NV",67841.9903079345,278134.024956644,0.650260530708927
"49100","Winona County, MN","Minnesota","MN",7185900.0016059,17774357.6897494,65.4105364975236
"49180","Davidson County, NC","North Carolina","NC",15435842.7804393,38683241.3397275,149.712879648305
"49180","Davie County, NC","North Carolina","NC",5717847.73724142,14303956.5407786,55.4151896886286
"49180","Forsyth County, NC","North Carolina","NC",76366506.7047835,191197155.133788,740.705697808422
"49180","Stokes County, NC","North Carolina","NC",4992581.4585927,12496229.2429036,48.3971842154387
"49180","Yadkin County, NC","North Carolina","NC",3100706.35825133,7756079.58860282,30.0581009199687
"49220","Wood County, WI","Wisconsin","WI",6980948.78278911,16553884.3551199,65.5504566352519
"49260","Woodward County, OK","Oklahoma","OK",125858.691329112,355180.605883514,1.3237025154238
"49300","Wayne County, OH","Ohio","OH",2146536.03237254,5601612.60857669,21.2475883774191
"49340","Worcester County, MA","Massachusetts","MA",213100994.076672,477419588.320296,1679.43585768926
"49380","Nobles County, MN","Minnesota","MN",384272.834819906,980068.905766796,3.43981578474255
"49420","Yakima County, WA","Washington","WA",6994385.74839895,16957883.2728312,54.6728187147546
"49460","Yankton County, SD","South Dakota","SD",474337.257302987,1474163.85621193,3.9697956250516
"49620","York County, PA","Pennsylvania","PA",30073120.9671146,68314052.9903629,252.248796991371
"49660","Mahoning County, OH","Ohio","OH",4247773.26237011,10734629.3307302,39.5553783106434
"49660","Trumbull County, OH","Ohio","OH",4149186.43837306,10466405.1767498,38.269114470275
"49700","Sutter County, CA","California","CA",3609041.96948642,9697111.93608619,31.7852741108881
"49700","Yuba County, CA","California","CA",3964601.51837173,10644066.6737527,34.9207565359133
"49740","Yuma County, AZ","Arizona","AZ",2120250.39946678,6205211.3976334,21.5854594924728
"49780","Muskingum County, OH","Ohio","OH",1680950.99799835,4374482.84163085,16.4016850939646
"49820","Zapata County, TX","Texas","TX",110665.462420843,356971.743015838,1.28757770428989
"50001","Addison County, VT","Vermont","VT",3228600.94023371,7409996.22115423,24.2734067045406
"50005","Caledonia County, VT","Vermont","VT",915225.261029905,2163222.07694183,6.64520063215228
"50009","Essex County, VT","Vermont","VT",242595.563879271,581896.768624583,1.725892444791
"50015","Lamoille County, VT","Vermont","VT",1299819.80988198,3012215.16645148,9.65742761920464
"50019","Orleans County, VT","Vermont","VT",698505.969045177,1628187.84941858,5.19141125280481
"51001","Accomack County, VA","Virginia","VA",559312.41506755,1439706.19546722,4.14656904689753
"51005","Alleghany County, VA","Virginia","VA",824075.727781739,2174332.1252863,7.33894323031903
"51017","Bath County, VA","Virginia","VA",203202.491601057,534821.645292746,1.7670063512612
"51021","Bland County, VA","Virginia","VA",158103.160447858,428275.699000291,1.38349242253631
"51025","Brunswick County, VA","Virginia","VA",125126.944653567,340064.286805036,1.08653784786679
"51027","Buchanan County, VA","Virginia","VA",247151.827719134,676283.331874025,2.14654250639701
"51029","Buckingham County, VA","Virginia","VA",2020387.99669692,5566020.36199302,17.1811664509965
"51033","Caroline County, VA","Virginia","VA",1391966.09184723,3688183.1151256,10.8591760762732
"51035","Carroll County, VA","Virginia","VA",834909.790355869,2222910.82727927,7.40107793288122
"51037","Charlotte County, VA","Virginia","VA",345509.976046808,952804.274139702,2.94005402467287
"51049","Cumberland County, VA","Virginia","VA",521777.826334621,1430813.99958773,4.44074487561992
"51051","Dickenson County, VA","Virginia","VA",172110.02179655,474276.1050296,1.47261308630228
"51057","Essex County, VA","Virginia","VA",636460.597153732,1714300.41558571,5.19894566822062
"51077","Grayson County, VA","Virginia","VA",221751.565090768,599342.89930637,1.94535678315853
"51081","Greensville County, VA","Virginia","VA",147708.174431542,399129.763423399,1.18870518012258
"51083","Halifax County, VA","Virginia","VA",839435.475561567,2208783.94085909,7.55372269221897
"51091","Highland County, VA","Virginia","VA",52891.2445518882,144597.40226371,0.449321021604862
"51099","King George County, VA","Virginia","VA",860738.16544808,2141712.29777137,5.83994877251685
"51103","Lancaster County, VA","Virginia","VA",299946.503714003,767097.818728916,2.23281969557833
"51105","Lee County, VA","Virginia","VA",139782.919628732,382654.734642987,1.22904189181054
"51109","Louisa County, VA","Virginia","VA",5510859.17567091,15177402.4249041,46.7649727586287
"51111","Lunenburg County, VA","Virginia","VA",175548.923818844,459359.563285094,1.60739950816806
"51113","Madison County, VA","Virginia","VA",1281578.92701161,3533709.9519101,10.8845585807883
"51117","Mecklenburg County, VA","Virginia","VA",378966.894290752,1012798.18731189,3.36041793857594
"51119","Middlesex County, VA","Virginia","VA",390789.734596586,1040886.14482819,3.17077761511191
"51131","Northampton County, VA","Virginia","VA",274771.810405723,722840.442075281,2.17539342983448
"51133","Northumberland County, VA","Virginia","VA",271226.918841063,695776.734670288,2.14032253657954
"51135","Nottoway County, VA","Virginia","VA",424665.041997562,1162283.89132111,3.6426989103925
"51139","Page County, VA","Virginia","VA",990945.705090117,2726389.28606581,8.36133225480202
"51141","Patrick County, VA","Virginia","VA",281607.835202187,759406.206990947,2.47713150113899
"51147","Prince Edward County, VA","Virginia","VA",909964.603311609,2486763.13525744,7.9031019018471
"51159","Richmond County, VA","Virginia","VA",607207.819704471,1561904.26558062,5.34239801878829
"51163","Rockbridge County, VA","Virginia","VA",993711.764797657,2707303.07232972,8.55767284997128
"51167","Russell County, VA","Virginia","VA",208872.999410008,577666.08685111,1.8172317587729
"51171","Shenandoah County, VA","Virginia","VA",1360679.22516243,3625851.75491482,11.1693073094699
"51173","Smyth County, VA","Virginia","VA",373106.497197003,1012968.8629058,3.2413836561202
"51175","Southampton County, VA","Virginia","VA",269097.116906071,733546.581876404,2.26119508107846
"51193","Westmoreland County, VA","Virginia","VA",430580.735828176,1102683.0866064,3.10298617691578
"51195","Wise County, VA","Virginia","VA",293286.475159791,799263.362072536,2.55792116723463
"51197","Wythe County, VA","Virginia","VA",1205413.87801313,3303090.39694453,10.3354318913948
"51530","Buena Vista city, VA","Virginia","VA",138148.239681457,379931.470925928,1.15859626692076
"51580","Covington city, VA","Virginia","VA",288518.800691078,793943.95678545,2.43741072893815
"51595","Emporia city, VA","Virginia","VA",155723.154700826,419548.058847552,1.35419927426298
"51620","Franklin city, VA","Virginia","VA",128634.01917885,339560.632610284,1.15149238940292
"51640","Galax city, VA","Virginia","VA",203444.81773853,550935.074813489,1.793577330615
"51678","Lexington city, VA","Virginia","VA",269139.776568563,739057.334343068,2.27660358690908
"51720","Norton city, VA","Virginia","VA",51708.0138438091,142821.972337919,0.440077460059493
"53013","Columbia County, WA","Washington","WA",22386.0267784239,72250.9375313165,0.190807397252239
"53019","Ferry County, WA","Washington","WA",345537.544916214,844640.398342695,2.70285973705328
"53023","Garfield County, WA","Washington","WA",135899.856958722,334117.337552533,1.06452338273
"53039","Klickitat County, WA","Washington","WA",286214.886825747,693885.644309943,2.38468684808063
"53043","Lincoln County, WA","Washington","WA",1409882.30542974,3414680.67278374,11.0027417586698
"53047","Okanogan County, WA","Washington","WA",1032189.68527536,2497974.63636539,8.01169518373833
"53049","Pacific County, WA","Washington","WA",344414.443122414,833129.412942416,2.7224313393077
"53051","Pend Oreille County, WA","Washington","WA",1120876.92834211,2740563.60123136,8.76790047502884
"53055","San Juan County, WA","Washington","WA",686991.217377934,1660732.14705593,5.35834457142493
"53069","Wahkiakum County, WA","Washington","WA",29272.0416498968,70944.9318304464,0.245890399115766
"54001","Barbour County, WV","West Virginia","WV",334016.798768889,924655.879903843,2.59313752382358
"54007","Braxton County, WV","West Virginia","WV",406995.900831392,1119753.95368771,3.08046896962556
"54013","Calhoun County, WV","West Virginia","WV",67699.6557012448,178533.710730622,0.591864957435131
"54021","Gilmer County, WV","West Virginia","WV",175003.151059266,480756.944103797,1.34754838036003
"54023","Grant County, WV","West Virginia","WV",297901.466252823,736621.946667256,2.44841003886112
"54025","Greenbrier County, WV","West Virginia","WV",298851.359836784,816852.19599284,2.39393522667447
"54031","Hardy County, WV","West Virginia","WV",1276323.96929795,2845367.59294406,10.6607109302962
"54035","Jackson County, WV","West Virginia","WV",171045.222583994,458954.074027974,1.37428684262855
"54041","Lewis County, WV","West Virginia","WV",321693.299880866,891834.074134002,2.48388939513528
"54043","Lincoln County, WV","West Virginia","WV",148598.787018474,409197.292496171,1.16341071006906
"54045","Logan County, WV","West Virginia","WV",201125.894816858,549662.410274545,1.64655977761817
"54047","McDowell County, WV","West Virginia","WV",87913.8988527575,241900.683069989,0.749105158196288
"54053","Mason County, WV","West Virginia","WV",299904.814201529,833269.961014327,2.33853887026807
"54059","Mingo County, WV","West Virginia","WV",116145.536392515,309881.530123149,1.00905113210434
"54063","Monroe County, WV","West Virginia","WV",249824.817711124,690746.677536162,2.09976060444216
"54067","Nicholas County, WV","West Virginia","WV",146142.288966708,378435.258907837,1.20310796011992
"54071","Pendleton County, WV","West Virginia","WV",143173.622595793,345793.88942397,1.09310333087359
"54073","Pleasants County, WV","West Virginia","WV",122884.207820633,336254.28908308,1.03956004735444
"54075","Pocahontas County, WV","West Virginia","WV",20620.6236694294,52489.6303210139,0.172525981756488
"54085","Ritchie County, WV","West Virginia","WV",16613.9647310929,45279.1205439178,0.141496715886157
"54087","Roane County, WV","West Virginia","WV",154651.297442698,416796.344191403,1.22529041218409
"54089","Summers County, WV","West Virginia","WV",389967.770612606,985486.34581975,3.28577679440348
"54093","Tucker County, WV","West Virginia","WV",1851655.71246772,4182407.52038217,15.3921855081767
"54095","Tyler County, WV","West Virginia","WV",53107.1099039348,147974.316412486,0.409375619888852
"54097","Upshur County, WV","West Virginia","WV",370996.201650814,1026884.38539791,2.86283260556549
"54101","Webster County, WV","West Virginia","WV",67413.9791694068,183163.558038881,0.524523126193993
"54103","Wetzel County, WV","West Virginia","WV",58981.0675340938,146576.695488963,0.485996356803167
"54109","Wyoming County, WV","West Virginia","WV",64987.2176786228,178367.696923244,0.525048511533889
"55001","Adams County, WI","Wisconsin","WI",353763.747662287,845887.105399399,3.3012251901008
"55003","Ashland County, WI","Wisconsin","WI",120476.566826649,291046.657099771,1.11669653600227
"55007","Bayfield County, WI","Wisconsin","WI",111359.487681494,270900.810136375,1.02103695871416
"55011","Buffalo County, WI","Wisconsin","WI",289365.01358951,712367.881208976,2.6453123990455
"55013","Burnett County, WI","Wisconsin","WI",210115.355260402,499806.393104558,1.96976257462964
"55019","Clark County, WI","Wisconsin","WI",291701.852198829,700401.800339625,2.71294486933385
"55023","Crawford County, WI","Wisconsin","WI",177997.819047153,436466.696820932,1.63515229428203
"55029","Door County, WI","Wisconsin","WI",384345.508370848,936531.387064733,3.61098012460324
"55041","Forest County, WI","Wisconsin","WI",505390.164622918,1197967.37829596,4.74678030747814
"55047","Green Lake County, WI","Wisconsin","WI",860417.475139389,2058275.03331415,8.08966309408881
"55051","Iron County, WI","Wisconsin","WI",210549.684946522,501448.469894336,1.97069748871927
"55053","Jackson County, WI","Wisconsin","WI",167181.369440557,406112.053541913,1.54311093683513
"55057","Juneau County, WI","Wisconsin","WI",424539.091258568,1013851.72906216,3.9683939684012
"55065","Lafayette County, WI","Wisconsin","WI",768220.824489208,1827228.73289318,7.17178586165131
"55067","Langlade County, WI","Wisconsin","WI",696899.347472537,1652933.87640621,6.5497709139713
"55069","Lincoln County, WI","Wisconsin","WI",621907.878637197,1480380.27994086,5.82508643144345
"55077","Marquette County, WI","Wisconsin","WI",562929.5861922,1336564.67842573,5.28256270843492
"55085","Oneida County, WI","Wisconsin","WI",1131781.07382919,2687783.3924046,10.6163249447752
"55091","Pepin County, WI","Wisconsin","WI",268269.837347167,659844.244266596,2.45064775882613
"55095","Polk County, WI","Wisconsin","WI",1300483.88357315,3169545.31172889,11.9618269904449
"55099","Price County, WI","Wisconsin","WI",156940.738894615,380213.259509465,1.4502978662123
"55103","Richland County, WI","Wisconsin","WI",2002214.81050503,4744359.91087002,18.8099258455142
"55107","Rusk County, WI","Wisconsin","WI",231293.228219148,551187.745142648,2.16483534101415
"55113","Sawyer County, WI","Wisconsin","WI",249558.645751077,594587.223898872,2.33623745679005
"55119","Taylor County, WI","Wisconsin","WI",356891.766712319,862067.33341305,3.30689810749596
"55121","Trempealeau County, WI","Wisconsin","WI",583755.046116923,1405564.34133007,5.41951897114784
"55125","Vilas County, WI","Wisconsin","WI",987152.909463309,2341333.96623399,9.26714059294681
"55129","Washburn County, WI","Wisconsin","WI",257836.628562683,624294.886456173,2.40786922394674
"55135","Waupaca County, WI","Wisconsin","WI",1020952.6539924,2432953.3034582,9.5613107366621
"55137","Waushara County, WI","Wisconsin","WI",449362.563679673,1068371.22507637,4.212557536462
"56003","Big Horn County, WY","Wyoming","WY",30605.0971347251,100792.831990814,0.268493396320768
"56007","Carbon County, WY","Wyoming","WY",171087.908548716,665998.460742696,1.33768382999729
"56009","Converse County, WY","Wyoming","WY",142534.455042356,469607.714541415,1.27094949127098
"56011","Crook County, WY","Wyoming","WY",56214.3801279908,215982.931653081,0.455964638342615
"56015","Goshen County, WY","Wyoming","WY",98299.8077831408,318327.202617009,0.923036940859512
"56017","Hot Springs County, WY","Wyoming","WY",15763.8119718258,44532.6559858728,0.150319067305083
"56019","Johnson County, WY","Wyoming","WY",33314.9323757477,120471.448104315,0.269026216960089
"56023","Lincoln County, WY","Wyoming","WY",53234.322147571,149429.852171195,0.529296273994489
"56027","Niobrara County, WY","Wyoming","WY",81077.6292012386,313682.883079434,0.649235699013418
"56031","Platte County, WY","Wyoming","WY",40765.0808817019,158078.486852603,0.319978040308051
"56035","Sublette County, WY","Wyoming","WY",14656.464604285,41223.741989478,0.160477095231163
"56043","Washakie County, WY","Wyoming","WY",935.563737308149,2937.00988480545,0.00809572760118869
"56045","Weston County, WY","Wyoming","WY",19696.0673353652,54221.7773715291,0.183859989191593
"60010","Eastern District, AS","American Samoa","AS",1374878.57433577,3533437.93604294,12.2364193115884
"66010","Guam, GU","Guam","GU",1896921.86248781,4875089.18659368,16.8826045761415
"78030","St. Thomas Island, VI","Virgin Islands","VI",537608.647470012,1381654.22399793,4.7847169624831
