"CBSA_FIPS","CBSA_NAME","budg_CBET_cuts","budg_CHE_cuts","budg_NSF_cuts","econ_budg_CBET_cuts","econ_budg_CHE_cuts","econ_budg_NSF_cuts","jobs_budg_CBET_cuts","jobs_budg_CHE_cuts","jobs_budg_NSF_cuts"
"01011","Bullock County, AL",2888.00424881531,1200.78264854806,4088.78689736336,7624.33121687241,3170.06619216687,10794.3974090393,0.0401111701224348,0.0166775367853897,0.0567887069078245
"01013","Butler County, AL",6428.64804184625,1918.83941218645,8347.4874540327,16971.6308304741,5065.73604817223,22037.3668786463,0.0892867783589756,0.0266505473914785,0.115937325750454
"01019","Cherokee County, AL",1520.24909631363,783.637716203857,2303.88681251749,4013.457614268,2068.80357077818,6082.26118504618,0.0211145707821338,0.010883857169498,0.0319984279516318
"01023","Choctaw County, AL",902.694733660722,643.045359362761,1545.74009302348,2383.11409686431,1697.63974871769,4080.753845582,0.0125374268563989,0.00893118554670501,0.0214686124031039
"01025","Clarke County, AL",2269.52532272123,1107.51867284539,3377.04399556662,5991.54685198405,2923.84929631182,8915.39614829587,0.0315211850377949,0.0153822037895193,0.0469033888273142
"01027","Clay County, AL",6781.12118890249,3088.26375073353,9869.38493963602,17902.1599387026,8153.01630193652,26055.1762406391,0.0941822387347568,0.0428925520935213,0.137074790828278
"01029","Cleburne County, AL",1041.30918495073,990.043688113655,2031.35287306439,2749.05624826993,2613.71533662005,5362.77158488998,0.0144626275687602,0.0137506067793563,0.0282132343481165
"01035","Conecuh County, AL",1900.48536953783,789.898980337981,2690.38434987582,5017.28137557988,2085.33330809227,7102.61468367215,0.0263956301324699,0.0109708191713609,0.0373664493038308
"01039","Covington County, AL",3924.22270487861,1656.25260025763,5580.47530513624,10359.9479408795,4372.50686468014,14732.4548055597,0.054503093123314,0.0230035083369115,0.0775066014602255
"01041","Crenshaw County, AL",4034.36346857529,1325.04045073721,5359.4039193125,10650.7195570388,3498.10678994624,14148.826346985,0.0560328259524346,0.0184033395935724,0.074436165546007
"01053","Escambia County, AL",3565.42798762613,1905.80348640724,5471.23147403337,9412.72988733298,5031.32120411511,14444.0510914481,0.049519833161474,0.0264694928667672,0.0759893260282412
"01057","Fayette County, AL",16549.7375376472,5425.02691089398,21974.7644485412,43691.3070993887,14322.0710447601,58013.3781441488,0.229857465800656,0.0753475959846387,0.305205061785295
"01075","Lamar County, AL",4693.38068801762,2877.42694667843,7570.80763469605,12390.5250163665,7596.40713923106,19986.9321555976,0.0651858428891336,0.0399642631483116,0.105150106037445
"01091","Marengo County, AL",7813.95964229597,2403.79956052148,10217.7592028175,20628.8534556614,6346.03083977671,26974.8842954381,0.108527217254111,0.0333861050072428,0.141913322261354
"01093","Marion County, AL",6061.73007278707,3688.36079823173,9750.0908710188,16002.9673921579,9737.27250733178,25740.2398994896,0.0841906954553759,0.0512272333087741,0.13541792876415
"01099","Monroe County, AL",2458.67071108645,1495.328358625,3953.99906971144,6490.89067726822,3947.66686676999,10438.5575440382,0.0341482043206451,0.0207684494253472,0.0549166537459923
"01105","Perry County, AL",3071.50308275533,927.038018444377,3998.54110119971,8108.76813847408,2447.38036869316,10556.1485071672,0.0426597650382685,0.0128755280339497,0.0555352930722182
"01111","Randolph County, AL",5699.76326359394,2711.43305668408,8411.19632027802,15047.375015888,7158.18326964598,22205.558285534,0.079163378661027,0.0376587924539456,0.116822171114973
"01119","Sumter County, AL",5125.64088865062,2637.09403116068,7762.73491981129,13531.6919460376,6961.92824226418,20493.6201883018,0.0711894567868141,0.0366263059883427,0.107815762775157
"01129","Washington County, AL",1407.18790363291,1078.13265035977,2485.32055399268,3714.97606559089,2846.27019694978,6561.24626254068,0.019544276439346,0.0149740645883301,0.0345183410276761
"01131","Wilcox County, AL",1587.04486595333,868.147832497135,2455.19269845046,4189.79844611678,2291.91027779244,6481.70872390922,0.0220422898049073,0.0120576087846824,0.0340998985895897
"01133","Winston County, AL",2950.49162722031,1915.89269080573,4866.38431802604,7789.29789586162,5057.95670372714,12847.2545995888,0.0409790503780599,0.0266096207056352,0.0675886710836951
"02016","Aleutians West Census Area, AK",0,17.0217742206803,17.0217742206803,0,44.937483942596,44.937483942596,0,0.000236413530842782,0.000236413530842782
"02050","Bethel Census Area, AK",0,195.750403537824,195.750403537824,0,516.781065339854,516.781065339854,0,0.00271875560469199,0.00271875560469199
"02060","Bristol Bay Borough, AK",0,8.51088711034015,8.51088711034015,0,22.468741971298,22.468741971298,0,0.000118206765421391,0.000118206765421391
"02063","Chugach Census Area, AK",0,536.18588795143,536.18588795143,0,1415.53074419178,1415.53074419178,0,0.00744702622154764,0.00744702622154764
"02066","Copper River Census Area, AK",0,102.130645324082,102.130645324082,0,269.624903655577,269.624903655577,0,0.0014184811850567,0.0014184811850567
"02068","Denali Borough, AK",0,25.5326613310204,25.5326613310204,0,67.406225913894,67.406225913894,0,0.000354620296264173,0.000354620296264173
"02070","Dillingham Census Area, AK",0,119.152419544762,119.152419544762,0,314.562387598172,314.562387598172,0,0.00165489471589948,0.00165489471589948
"02122","Kenai Peninsula Borough, AK",84.0807986198472,2594.43372016099,2678.51451878084,221.973308356397,6849.30502122502,7071.27832958142,0.0011677888697201,0.0360338016689027,0.0372015905386228
"02150","Kodiak Island Borough, AK",0,204.261290648164,204.261290648164,0,539.249807311152,539.249807311152,0,0.00283696237011338,0.00283696237011338
"02158","Kusilvak Census Area, AK",0,153.195967986123,153.195967986123,0,404.437355483364,404.437355483364,0,0.00212772177758504,0.00212772177758504
"02164","Lake and Peninsula Borough, AK",0,144.685080875783,144.685080875783,0,381.968613512067,381.968613512067,0,0.00200951501216365,0.00200951501216365
"02185","North Slope Borough, AK",0,25.5326613310204,25.5326613310204,0,67.406225913894,67.406225913894,0,0.000354620296264173,0.000354620296264173
"02195","Petersburg Borough, AK",2363.36863576583,548.477786590002,2911.84642235583,6239.29319842178,1447.9813565976,7687.27455501938,0.0328245643856365,0.00761774703597225,0.0404423114216087
"02198","Prince of Wales-Hyder Census Area, AK",0,8.51088711034015,8.51088711034015,0,22.468741971298,22.468741971298,0,0.000118206765421391,0.000118206765421391
"02240","Southeast Fairbanks Census Area, AK",0,42.5544355517008,42.5544355517008,0,112.34370985649,112.34370985649,0,0.000591033827106955,0.000591033827106955
"02275","Wrangell City and Borough, AK",0,34.0435484413606,34.0435484413606,0,89.874967885192,89.874967885192,0,0.000472827061685564,0.000472827061685564
"02282","Yakutat City and Borough, AK",0,34.0435484413606,34.0435484413606,0,89.874967885192,89.874967885192,0,0.000472827061685564,0.000472827061685564
"02290","Yukon-Koyukuk Census Area, AK",2363.36863576583,718.695528796805,3082.06416456263,6239.29319842178,1897.35619602356,8136.64939444534,0.0328245643856365,0.00998188234440006,0.0428064467300365
"04001","Apache County, AZ",3243.98864235201,1340.56601844758,4584.55466079959,8564.13001580931,3539.09428870161,12103.2243045109,0.0450553978104446,0.0186189724784386,0.0636743702888832
"04011","Greenlee County, AZ",385.226113532808,667.074548034492,1052.3006615673,1016.99693972661,1761.07680681106,2778.07374653767,0.00535036268795567,0.00926492427825683,0.0146152869662125
"04012","La Paz County, AZ",728.812825213779,150.863091681851,879.675916895629,1924.06585856438,398.278562040086,2322.34442060446,0.0101224003501914,0.00209532071780348,0.0122177210679949
"05001","Arkansas County, AR",137.295293889648,462.487644389356,599.782938279004,362.459575868671,1220.9673811879,1583.42695705657,0.00190687908180067,0.00642343950540772,0.00833031858720838
"05003","Ashley County, AR",59.8771249859868,263.190749965565,323.067874951552,158.075609963005,694.823579909091,852.899189872096,0.000831626735916484,0.00365542708285506,0.00448705381877155
"05011","Bradley County, AR",59.8771249859868,172.348238458182,232.225363444169,158.075609963005,454.999349529601,613.074959492606,0.000831626735916484,0.00239372553414142,0.0032253522700579
"05015","Carroll County, AR",877.77897681399,669.764350280503,1547.54332709449,2317.33649878893,1768.17788474053,4085.51438352946,0.0121913746779721,0.00930228264278476,0.0214936573207568
"05017","Chicot County, AR",43.0998419061467,140.906204599801,184.006046505947,113.783582632227,371.992380143473,485.775962775701,0.000598608915363149,0.00195703061944167,0.00255563953480482
"05021","Clay County, AR",850.359944239098,1119.85772390695,1970.21766814605,2244.95025279122,2956.42439111435,5201.37464390556,0.0118105547810986,0.0155535794987076,0.0273641342798062
"05023","Cleburne County, AR",603.790080794841,623.121998856065,1226.91207965091,1594.00581329838,1645.04207698001,3239.04789027839,0.00838597334437279,0.00865447220633423,0.017040445550707
"05029","Conway County, AR",1340.28732797576,601.968850406932,1942.2561783827,3538.35854585602,1589.1977650743,5127.55631093032,0.0186151017774412,0.00836067847787405,0.0269757802553152
"05037","Cross County, AR",1104.64155240074,1780.50787327354,2885.14942567428,2916.25369833795,4700.54078544216,7616.79448378011,0.0153422437833436,0.0247292760176881,0.0400715198010317
"05039","Dallas County, AR",81.8146738078156,79.9430547870638,161.757728594879,215.990738852633,211.049664637848,427.040403490482,0.00113631491399744,0.00111032020537589,0.00224663511937333
"05041","Desha County, AR",18.9697880820791,332.351016118255,351.320804200334,50.0802405366887,877.406682552194,927.486923088883,0.000263469278917765,0.00461598633497577,0.00487945561389353
"05043","Drew County, AR",161.65866653064,497.262679205924,658.921345736564,426.778879640889,1312.77347310364,1739.55235274453,0.00224525925736999,0.00690642610008228,0.00915168535745228
"05047","Franklin County, AR",520.478018722544,345.595877790731,866.073896513274,1374.06196942751,912.373117367529,2286.43508679504,0.00722886137114644,0.00479994274709348,0.0120288041182399
"05049","Fulton County, AR",37.9395761641581,79.9430547870638,117.882630951222,100.160481073377,211.049664637848,311.210145711226,0.00052693855783553,0.00111032020537589,0.00163725876321142
"05057","Hempstead County, AR",37.9395761641581,83.0683991145348,121.007975278693,100.160481073377,219.300573662372,319.461054735749,0.00052693855783553,0.00115372776547965,0.00168066632331518
"05061","Howard County, AR",44.6276259856554,315.489961177843,360.117587163499,117.81693260213,832.893497509507,950.710430111637,0.000619828138689659,0.00438180501635894,0.0050016331550486
"05065","Izard County, AR",118.952813914398,202.281977807585,321.234791721983,314.035428734011,534.024421412025,848.059850146036,0.00165212241547775,0.00280947191399424,0.00446159432947199
"05067","Jackson County, AR",417.335337805739,679.520077341459,1096.8554151472,1101.76529180715,1793.93300418145,2895.6982959886,0.00579632413619082,0.00943777885196471,0.0152341029881555
"05071","Johnson County, AR",37.9395761641581,61.7745524855873,99.7141286497454,100.160481073377,163.08481856195,263.245299635328,0.00052693855783553,0.000857979895633156,0.00138491845346869
"05073","Lafayette County, AR",167.745338165127,133.815005143767,301.560343308894,442.847692755934,353.271613579546,796.11930633548,0.00232979636340454,0.00185854173810788,0.00418833810151242
"05075","Lawrence County, AR",1175.0422204644,1678.8118150961,2853.8540355605,3102.11146202602,4432.06319185371,7534.17465387973,0.0163200308397834,0.0233168307652236,0.039636861605007
"05077","Lee County, AR",56.9093642462371,165.335837934287,222.245202180524,150.240721610066,436.486612146518,586.727333756584,0.000790407836753293,0.00229633108242065,0.00308673891917395
"05079","Lincoln County, AR",450.058907104116,1501.9893796772,1952.04828678132,1188.15551475487,3965.25196234781,5153.40747710268,0.00625081815422384,0.0208609636066278,0.0271117817608516
"05083","Logan County, AR",560.222028992255,436.84058655044,997.062615542695,1478.98615653955,1153.25914849316,2632.24530503271,0.00778086151378131,0.00606723036875611,0.0138480918825374
"05089","Marion County, AR",931.004411520728,637.887987124617,1568.89239864535,2457.85164641472,1684.02428600899,4141.87593242371,0.0129306168266768,0.0088595553767308,0.0217901722034076
"05095","Monroe County, AR",363.850939474138,659.322459503808,1023.17339897795,960.566480211725,1740.61129309005,2701.17777330178,0.00505348527047414,0.00915725638199733,0.0142107416524715
"05097","Montgomery County, AR",70.2240490417418,83.0683991145348,153.292448156277,185.391489470198,219.300573662372,404.69206313257,0.000975334014468636,0.00115372776547965,0.00212906177994829
"05099","Nevada County, AR",382.829011373902,365.331252787867,748.160264161769,1010.6685900271,964.47450735997,1975.14309738707,0.00531706960241531,0.00507404517760927,0.0103911147800246
"05107","Phillips County, AR",1394.49029938693,1550.43636577716,2944.92666516409,3681.4543903815,4093.1520056517,7774.60639603319,0.0193679208248185,0.0215338384135716,0.0409017592383901
"05109","Pike County, AR",5.2360008504176,5.08103842407812,10.3170392744957,13.8230422451025,13.4139414395662,27.2369836846687,0.0000727222340335777,0.0000705699781121961,0.000143292212145774
"05113","Polk County, AR",33.5110122885564,83.255260311343,116.766272599899,88.4690724417889,219.793887221946,308.262959663734,0.00046543072622995,0.00115632305987976,0.00162175378610971
"05117","Prairie County, AR",75.8791523283161,141.717607272651,217.596759600967,200.320962146755,374.134483199798,574.455445346553,0.00105387711567106,0.00196830010100904,0.0030221772166801
"05121","Randolph County, AR",897.694767874853,1130.41434005101,2028.10910792586,2369.91418718961,2984.29385773467,5354.20804492428,0.0124679828871507,0.0157001991673751,0.0281681820545259
"05127","Scott County, AR",822.567386994043,490.369399525363,1312.93678651941,2171.57790166427,1294.57521474696,3466.15311641123,0.0114245470415839,0.00681068610451894,0.0182352331461029
"05129","Searcy County, AR",1148.48703412171,641.995543322785,1790.48257744449,3032.00577008131,1694.86823437215,4726.87400445346,0.0159512088072459,0.00891660476837202,0.024867813575618
"05133","Sevier County, AR",205.004235615234,32.4499484065291,237.454184021763,541.211182024217,85.6678637932368,626.879045817454,0.00284728105021158,0.00045069372786846,0.00329797477808004
"05135","Sharp County, AR",113.818728492474,230.757844584073,344.576573076548,300.481443220133,609.200709701953,909.682152922086,0.00158081567350659,0.00320497006366768,0.00478578573717427
"05137","Stone County, AR",226.552816360449,179.882190083734,406.435006444184,598.099435191586,474.888981821058,1072.98841701264,0.00314656689389513,0.00249836375116298,0.0056449306450581
"05141","Van Buren County, AR",56.9093642462371,112.393003193593,169.30236743983,150.240721610066,296.717528431085,446.958250041151,0.000790407836753293,0.00156101393324434,0.00235142176999764
"05147","Woodruff County, AR",62.0434496681606,126.225979216945,188.269428885106,163.794707123944,333.236585132735,497.031292256679,0.000861714578724453,0.00175313860023535,0.0026148531789598
"06005","Amador County, CA",19554.9575258804,14403.9825235312,33958.9400494116,51625.0878683242,38026.5138621223,89651.6017304465,0.271596632303894,0.200055312826822,0.471651945130716
"06009","Calaveras County, CA",12109.6679664369,10430.2107002102,22539.8786666471,31969.5234313934,27535.7562485548,59505.2796799482,0.168189832867179,0.144864037502919,0.313053870370098
"06011","Colusa County, CA",6811.09979580366,3823.31173119365,10634.4115269973,17981.3034609217,10093.5429703512,28074.8464312729,0.0945986082750508,0.053101551822134,0.147700160097185
"06021","Glenn County, CA",876.176681651652,840.217806749527,1716.39448840118,2313.10643956036,2218.17500981875,4531.28144937911,0.0121691205784952,0.0116696917604101,0.0238388123389053
"06043","Mariposa County, CA",26953.3747574543,17075.109403104,44028.4841605583,71156.9093596793,45078.2888241946,116235.198183874,0.374352427186865,0.237154297265334,0.611506724452199
"06049","Modoc County, CA",37.6240844237789,245.688486307192,283.312570730971,99.3275828787762,648.617603850986,747.945186729762,0.00052255672810804,0.00341234008759988,0.00393489681570792
"06051","Mono County, CA",2591.20380451494,1720.34490823447,4311.54871274941,6840.77804391944,4541.71055773899,11382.4886016584,0.0359889417293742,0.0238936792810343,0.0598826210104084
"06063","Plumas County, CA",3583.69793316431,4541.24965808103,8124.94759124534,9460.96254355378,11988.8990973339,21449.8616408877,0.0497735824050599,0.063072911917792,0.112846494322852
"06091","Sierra County, CA",419.961849493989,671.325858249602,1091.28770774359,1108.69928266413,1772.30026577895,2880.99954844308,0.00583280346519429,0.0093239702534667,0.015156773718661
"06093","Siskiyou County, CA",2295.09501061985,2338.42388267799,4633.51889329785,6059.05082803641,6173.43905026991,12232.4898783063,0.0318763195919424,0.0324781094816388,0.0643544290735812
"06105","Trinity County, CA",75.5404708074537,63.5351603689955,139.075631176449,199.426842931678,167.732823374148,367.159666305826,0.00104917320565908,0.000882432782902715,0.00193160598856179
"08007","Archuleta County, CO",4193.30707060058,2155.53828911437,6348.84535971495,11070.3306663855,5690.62108326193,16760.9517496475,0.0582403759805637,0.0299380317932551,0.0881784077738188
"08009","Baca County, CO",25.0886391935519,0,25.0886391935519,66.2340074709771,0,66.2340074709771,0.000348453322132666,0,0.000348453322132666
"08011","Bent County, CO",77.0452227065616,108.238066683219,185.28328938978,203.399387945323,285.748496043698,489.14788398902,0.00107007253759113,0.00150330648171137,0.0025733790193025
"08015","Chaffee County, CO",1886.13477637829,841.966280981881,2728.10105736017,4979.39580963868,2222.79098179217,7202.18679143085,0.0261963163385873,0.0116939761247483,0.0378902924633357
"08017","Cheyenne County, CO",0.744569418598737,55.4891719391143,56.233741357713,1.96566326510067,146.491413919262,148.457077184362,0.0000103412419249825,0.00077068294359881,0.000781024185523792
"08025","Crowley County, CO",3479.32323678927,1363.8557144555,4843.17895124477,9185.41334512367,3600.57908616253,12785.9924312862,0.0483239338442954,0.0189424404785486,0.067266374322844
"08027","Custer County, CO",16.9119018170176,49.9702086743776,66.8821104913952,44.6474207969265,131.921350900357,176.568771697283,0.000234887525236356,0.000694030676033022,0.000928918201269378
"08029","Delta County, CO",6635.72527922864,2487.22120647208,9122.94648570072,17518.3147371636,6566.2639850863,24084.5787222499,0.0921628511003978,0.0345447389787789,0.126707590079177
"08033","Dolores County, CO",8.36287973118396,37.399527442007,45.762407173191,22.0780024903257,98.7347524468985,120.812754937224,0.000116151107377555,0.000519437881138986,0.000635588988516541
"08049","Grand County, CO",1014.22254775545,464.534413493285,1478.75696124873,2677.54752607439,1226.37085162227,3903.91837769666,0.0140864242743812,0.0064518668540734,0.0205382911284546
"08051","Gunnison County, CO",5471.14184747245,2285.06895958821,7756.21080706066,14443.8144773273,6032.58205331289,20476.3965306402,0.0759880812148951,0.0317370688831696,0.107725150098065
"08053","Hinsdale County, CO",1.11685412789811,30.004448823116,31.1213029510141,2.948494897651,79.2117448930262,82.1602397906772,0.0000155118628874737,0.000416728455876611,0.000432240318764085
"08055","Huerfano County, CO",612.691539489911,477.664941220633,1090.35648071054,1617.50566425336,1261.03544482247,2878.54110907584,0.00850960471513765,0.00663423529473102,0.0151438400098687
"08057","Jackson County, CO",4437.86377643573,1837.45344785295,6275.31722428868,11715.9603697903,4850.87710233178,16566.8374721221,0.0616369968949407,0.0255201867757354,0.0871571836706761
"08061","Kiowa County, CO",272.637433251508,223.516116751851,496.153550003359,719.76282378398,590.082548224887,1309.84537200887,0.00378663101738205,0.00310439051044238,0.00689102152782443
"08063","Kit Carson County, CO",8.26072285829244,20.0029658820773,28.2636887403698,21.808308345892,52.8078299286842,74.6161382745762,0.000114732261920728,0.000277818970584407,0.000392551232505136
"08071","Las Animas County, CO",1357.93118942127,1001.31310771481,2359.24429713607,3584.93834007214,2643.4666043671,6228.40494443924,0.0188601554086287,0.013907126496039,0.0327672819046677
"08073","Lincoln County, CO",92.0436697507537,242.545682209087,334.589351959841,242.99528814199,640.32060103199,883.31588917398,0.0012783843020938,0.00336869003068177,0.00464707433277557
"08083","Montezuma County, CO",1128.42593499587,1763.60493341697,2892.03086841283,2979.04446838909,4655.91702422079,7634.96149260988,0.0156725824304982,0.0244945129641245,0.0401670953946227
"08089","Otero County, CO",1730.61539014378,735.485294734364,2466.10068487814,4568.82462997957,1941.68117809872,6510.50580807829,0.024036324863108,0.0102150735379773,0.0342513984010853
"08091","Ouray County, CO",387.544070302517,77.6718741023315,465.215944404849,1023.11634559865,205.053747630155,1228.1700932288,0.0053825565319794,0.00107877602919905,0.00646133256117845
"08095","Phillips County, CO",3737.99226282433,1384.78813383246,5122.78039665678,9868.29957385622,3655.84067331769,13524.1402471739,0.0519165592058934,0.0192331685254508,0.0711497277313442
"08099","Prowers County, CO",4832.9243803644,2058.40212627382,6891.32650663822,12758.920364162,5434.18161336289,18193.1019775249,0.0671239497272834,0.0285889184204697,0.0957128681477531
"08103","Rio Blanco County, CO",1025.27204795295,783.346575286543,1808.6186232395,2706.7182065958,2068.03495875647,4774.75316535227,0.0142398895549021,0.0108798135456464,0.0251197031005486
"08105","Rio Grande County, CO",1057.12144134766,341.002105911226,1398.12354725888,2790.80060515781,900.245559605637,3691.04616476345,0.0146822422409397,0.00473614035987814,0.0194183826008178
"08109","Saguache County, CO",534.63065992217,351.962362672568,886.593022594737,1411.42494219453,929.180637455579,2340.60557965011,0.00742542583225235,0.00488836614823011,0.0123137919804825
"08111","San Juan County, CO",8.54902208583364,5.00074147051933,13.549763556353,22.5694183066008,13.201957482171,35.7713757887719,0.000118736417858801,0.0000694547426461018,0.000188191160504902
"08113","San Miguel County, CO",941.722413524496,347.821210377114,1289.54362390161,2486.14717170467,918.24799539558,3404.39516710025,0.013079477965618,0.00483085014412658,0.0179103281097446
"08115","Sedgwick County, CO",242.60385050953,86.1827612126716,328.786611722201,640.474165345159,227.522489601453,867.996654946612,0.00336949792374347,0.00119698279462044,0.00456648071836391
"08121","Washington County, CO",3847.91563765488,1506.38727332266,5354.30291097754,10158.4972834089,3976.86240157183,14135.3596849807,0.0534432727452067,0.0209220454628148,0.0743653182080214
"08125","Yuma County, CO",83.6853717662208,73.2322749676329,156.917646733854,220.929381462823,193.333205914551,414.262587377374,0.0011622968300864,0.00101711493010601,0.00217941176019241
"10100","Aberdeen, SD",10822.216991318,1107.85038079687,11930.0673721149,28570.6528570796,2924.72500530373,31495.3778623834,0.150308569323862,0.0153868108444009,0.165695380168263
"10140","Aberdeen, WA",21341.3519287119,11182.7855693093,32524.1374980212,56341.1690917993,29522.5539029765,85863.7229947758,0.296407665676554,0.155316466240407,0.45172413191696
"10180","Abilene, TX",14571.3759111825,17773.688424648,32345.0643358306,38468.4324055219,46922.5374410708,85390.9698465927,0.202380220988646,0.246856783675667,0.449237004664314
"10220","Ada, OK",2421.22331031534,852.930428001566,3274.15373831691,6392.02953923251,2251.73632992413,8643.76586915664,0.0336281015321575,0.0118462559444662,0.0454743574766237
"10300","Adrian, MI",69442.2472636824,51681.6159595808,121123.863223263,183327.532776121,136439.466133293,319766.998909415,0.964475656440033,0.717800221660845,1.68227587810088
"10420","Akron, OH",450711.02017297,385385.553704044,836096.573877014,1189877.09325664,1017417.86177868,2207294.95503532,6.25987528018013,5.35257713477839,11.6124524149585
"10460","Alamogordo, NM",11593.4140954933,8151.17428796982,19744.5883834632,30606.6132121024,21519.1001202403,52125.7133323428,0.161019640215185,0.113210753999581,0.274230394214766
"10480","Alamosa, CO",954.081797825491,741.365913202133,1695.44771102762,2518.7759462593,1957.20601085363,4475.98195711293,0.0132511360809096,0.0102967487944741,0.0235478848753837
"10500","Albany, GA",12616.1899827103,10119.9943057618,22736.184288472,33306.7415543551,26716.7849672111,60023.5265215662,0.175224860870976,0.140555476468913,0.31578033733989
"10540","Albany, OR",237378.415623183,83225.08555731,320603.501180493,626679.017245202,219714.225871298,846393.2431165,3.29692243921087,1.15590396607375,4.45282640528462
"10580","Albany-Schenectady-Troy, NY",1112486.93698298,584492.521200123,1696979.4581831,2936965.51363505,1543060.25596832,4480025.76960338,15.4512074580969,8.11795168333504,23.5691591414319
"10620","Albemarle, NC",20132.4434351646,11905.5077632948,32037.9511984594,53149.6506688345,31430.5404950982,84580.1911639327,0.279617269932842,0.165354274490205,0.444971544423047
"10660","Albert Lea, MN",5102.54857220716,12698.2947470178,17800.843319225,13470.7282306269,33523.498132127,46994.2263627539,0.0708687301695439,0.176365204819692,0.247233934989235
"10700","Albertville, AL",17972.5721214403,6414.25180488608,24386.8239263264,47447.5904006024,16933.6247648993,64381.2151655016,0.249619057242226,0.0890868306234178,0.338705887865644
"10740","Albuquerque, NM",3268365.80337893,751989.935534048,4020355.73891298,8628485.72092038,1985253.42980989,10613739.1507303,45.3939694913741,10.4443046601951,55.8382741515692
"10760","Alexander City, AL",45619.7936321901,20062.1045095066,65681.8981416967,120436.255188982,52963.9559050975,173400.211094079,0.633608244891529,0.278640340409814,0.912248585301343
"10780","Alexandria, LA",8937.55169131116,10627.7650487178,19565.316740029,23595.1364650615,28057.299728615,51652.4361936765,0.124132662379322,0.147607847898859,0.27174051027818
"10820","Alexandria, MN",1003.12301333071,1147.73934890744,2150.86236223815,2648.24475519308,3030.03188111564,5678.27663630872,0.0139322640740377,0.0159408242903811,0.0298730883644188
"10860","Alice, TX",12140.6647999594,5677.47597333013,17818.1407732895,32051.3550718927,14988.5365695915,47039.8916414843,0.16862034444388,0.0788538329629185,0.247474177406799
"10900","Allentown-Bethlehem-Easton, PA-NJ",959159.250307957,523785.444076254,1482944.69438421,2532180.42081301,1382793.57236131,3914973.99317432,13.3216562542772,7.27479783439241,20.5964540886696
"10940","Alma, MI",7995.64880785086,7545.68061120499,15541.3294190558,21108.5128527263,19920.5968135812,41029.1096663074,0.111050677886817,0.104801119600069,0.215851797486887
"10980","Alpena, MI",3419.73258908222,3034.26041505476,6453.99300413698,9028.09403517706,8010.44749574456,17038.5415309216,0.0474962859594753,0.0421425057646494,0.0896387917241247
"11020","Altoona, PA",281844.522194525,139268.975244826,421113.497439351,744069.538593546,367670.094646341,1111739.63323989,3.91450725270173,1.93429132284481,5.84879857554654
"11060","Altus, OK",3116.29594668253,1093.56300334634,4209.85895002887,8227.02129924187,2887.00632883433,11114.0276280762,0.0432818881483684,0.0151883750464769,0.0584702631948453
"11100","Amarillo, TX",97685.1590497508,24737.8313677053,122422.990417456,257888.819891342,65307.8748107419,323196.694702084,1.35673832013543,0.343580991218129,1.70031931135356
"11140","Americus, GA",907.775563800008,1081.00449260025,1988.78005640026,2396.52748843202,2853.85186046466,5250.37934889668,0.0126079939416668,0.0150139512861146,0.0276219452277814
"11180","Ames, IA",817089.296236815,544562.484474389,1361651.7807112,2157115.74206519,1437644.95901239,3594760.70107758,11.3484624477335,7.56336783992207,18.9118302876556
"11200","Amherst Town-Northampton, MA",775016.68220279,208656.105905309,983672.788108098,2046044.04101536,550852.119590015,2596896.16060538,10.7641205861499,2.89800147090706,13.6621220570569
"11220","Amsterdam, NY",14970.5283967343,8986.66290022374,23957.191296958,39522.1949673784,23724.7900565907,63246.9850239691,0.207924005510198,0.124814762503108,0.332738768013306
"11260","Anchorage, AK",1664.75345098489,118729.374021752,120394.127472737,4394.94911060012,313445.547417425,317840.496528025,0.0231215757081235,1.64901908363544,1.67214065934357
"11360","Anderson Creek, NC",137440.975859365,69580.4844434188,207021.460302784,362844.176268724,183692.478930626,546536.655199349,1.90890244249118,0.966395617269706,2.87529805976089
"11380","Andrews, TX",1602.90645066105,2059.62812437492,3662.53457503597,4231.67302974517,5437.41824834978,9669.09127809495,0.0222625895925146,0.0286059461718738,0.0508685357643884
"11420","Angola, IN",16509.2506877697,25177.4535675088,41686.7042552785,43584.4218157119,66468.4774182233,110052.899233935,0.229295148441245,0.349686855104289,0.578982003545534
"11460","Ann Arbor, MI",2676569.92745523,1894694.98057797,4571264.90803319,7066144.6084818,5001994.74872584,12068139.3572076,37.174582325767,26.3152080635829,63.4897903893499
"11500","Anniston-Oxford, AL",17794.9865461173,8414.2310951552,26209.2176412725,46978.7644817498,22213.5700912097,69192.3345729595,0.247152590918296,0.116864320766045,0.364016911684341
"11540","Appleton, WI",28684.2315178694,55099.9353487396,83784.166866609,75726.3712071752,145463.829320673,221190.200527848,0.398392104414853,0.765276879843606,1.16366898425846
"11580","Arcadia, FL",1028.46072957215,997.458692966555,2025.9194225387,2715.13632607047,2633.29094943171,5348.42727550218,0.0142841767996132,0.0138535929578688,0.028137769757482
"11620","Ardmore, OK",2537.67733732197,1215.17631866658,3752.85365598855,6699.46817053,3208.06548127978,9907.53365180978,0.0352455185739162,0.0168774488703692,0.0521229674442854
"11660","Arkadelphia, AR",829.25543681554,866.521372129679,1695.77680894522,2189.23435319303,2287.61642242235,4476.85077561538,0.0115174366224381,0.0120350190573566,0.0235524556797947
"11680","Arkansas City-Winfield, KS",4674.97326575149,6468.05014686331,11143.0234126148,12341.9294215839,17075.6523877191,29417.5818093031,0.0649301842465485,0.089834029817546,0.154764214064094
"11700","Asheville, NC",25804.5949888633,37424.3641190878,63228.959107951,68124.130770599,98800.3212743918,166924.452044991,0.358397152623101,0.51978283498733,0.878179987610431
"11740","Ashland, OH",3781.13253481051,6349.46407387265,10130.5966086832,9982.18989189975,16762.5851550238,26744.7750469236,0.052515729650146,0.0881870010260091,0.140702730676155
"11820","Astoria, OR",12272.7208982939,8409.63792274273,20682.3588210367,32399.983171496,22201.4441160408,54601.4272875368,0.170454456920749,0.11680052670476,0.287254983625509
"11860","Atchison, KS",3540.06276603225,4358.75740886182,7898.82017489407,9345.76570232514,11507.1195593952,20852.8852617203,0.0491675384171146,0.060538297345303,0.109705835762418
"11900","Athens, OH",51442.0145114376,37793.9776062917,89235.9921177293,135806.918310195,99776.1008806101,235583.019190805,0.714472423769967,0.52491635564294,1.23938877941291
"11940","Athens, TN",12476.9114859948,11400.0418943454,23876.9533803402,32939.0463230263,30096.1106010719,63035.1569240982,0.173290437305483,0.158333915199242,0.331624352504725
"11980","Athens, TX",11748.3823501092,19607.5959397703,31355.9782898796,31015.7294042884,51764.0532809937,82779.7826852821,0.16317197708485,0.272327721385699,0.43549969847055
"12007","Bradford County, FL",48931.7779622225,40172.5476932708,89104.3256554932,129179.893820267,106055.525910235,235235.419730502,0.67960802725309,0.557952051295427,1.23756007854852
"12013","Calhoun County, FL",3019.77831180662,2661.49971805923,5681.27802986585,7972.21474316947,7026.35925567637,14998.5739988458,0.0419413654417586,0.0369652738619338,0.0789066393036924
"12020","Athens-Clarke County, GA",291220.005587105,258089.409186449,549309.414773554,768820.814749957,681356.040252226,1450176.85500218,4.0447222998209,3.58457512758957,7.62929742741048
"12029","Dixie County, FL",15400.8515314943,12577.2635717119,27978.1151032062,40658.2480431449,33203.9758293195,73862.2238724644,0.213900715715198,0.174684216273777,0.388584931988975
"12037","Franklin County, FL",3785.30766870865,3166.40403670753,6951.71170541618,9993.21224539083,8359.30665690788,18352.5189022987,0.0525737176209534,0.0439778338431601,0.0965515514641136
"12045","Gulf County, FL",3019.57011623341,2595.58225503907,5615.15237127248,7971.66510685621,6852.33715330314,14824.0022601593,0.0419384738365752,0.0360497535422093,0.0779882273787844
"12047","Hamilton County, FL",2027.60344442347,1724.03714775171,3751.64059217518,5352.87309327795,4551.45807006452,9904.33116334247,0.0281611589503259,0.0239449603854404,0.0521061193357664
"12049","Hardee County, FL",469.752794209188,432.586726819929,902.339521029117,1240.14737671226,1142.02895880461,2382.17633551687,0.00652434436401651,0.00600814898361012,0.0125324933476266
"12059","Holmes County, FL",1610.97002397864,1632.64688008494,3243.61690406357,4252.9608633036,4310.18776342423,8563.14862672783,0.02237458366637,0.0226756511122908,0.0450502347786607
"12060","Atlanta-Sandy Springs-Roswell, GA",4188662.23081073,5485010.48353418,9673672.71434492,11058068.2893403,14480427.6765302,25538495.9658706,58.1758643168157,76.180701160197,134.356565477013
"12063","Jackson County, FL",5125.30742671652,4763.08879664542,9888.39622336194,13530.8116065316,12574.5544231439,26105.3660296755,0.0711848253710628,0.0661540110645198,0.137338836435583
"12067","Lafayette County, FL",2387.05125502258,1844.09411707907,4231.14537210165,6301.81531325961,4868.40846908874,11170.2237823484,0.0331534896530914,0.0256124182927649,0.0587659079458562
"12077","Liberty County, FL",2373.14833522448,2279.651942842,4652.80027806648,6265.11160499264,6018.28112910287,12283.3927340955,0.0329603935447845,0.0316618325394722,0.0646222260842567
"12079","Madison County, FL",5195.23349385413,3717.7178645643,8912.95135841843,13715.4164237749,9814.77516244975,23530.1915862246,0.072156020747974,0.0516349703411708,0.123790991089145
"12100","Atlantic City-Hammonton, NJ",94637.818064058,79990.5541358028,174628.372199861,249843.839689113,211175.062918519,461018.902607632,1.31441413977858,1.11097991855282,2.4253940583314
"12121","Suwannee County, FL",18254.7726259403,15750.1260990828,34004.8987250231,48192.5997324823,41580.3329015787,89772.932634061,0.253538508693615,0.21875175137615,0.472290260069765
"12123","Taylor County, FL",2590.24205136605,2235.77165921946,4826.01371058551,6838.23901560638,5902.43718033937,12740.6761959458,0.0359755840467508,0.0310523841558258,0.0670279682025766
"12125","Union County, FL",26664.9458087534,23018.7020469034,49683.6478556568,70395.456935109,60769.373403825,131164.830338934,0.370346469566019,0.319704195095881,0.6900506646619
"12140","Auburn, IN",9555.74804490889,9097.1120579458,18652.8601028547,25227.1748385595,24016.3758329769,49243.5506715364,0.132718722845957,0.126348778582581,0.259067501428537
"12180","Auburn, NY",119536.144348916,82680.1579006826,202216.302249599,315575.42108114,218275.616857802,533851.037938942,1.66022422706828,1.14833552639837,2.80855975346665
"12220","Auburn-Opelika, AL",887415.730829211,400349.312497454,1287765.04332666,2342777.52938912,1056922.18499328,3399699.71438239,12.325218483739,5.56040711802019,17.8856256017592
"12260","Augusta-Richmond County, GA-SC",74638.4305484012,79259.8337707554,153898.264319157,197045.456647779,209245.961154794,406291.417802574,1.03664486872779,1.10083102459383,2.13747589332162
"12300","Augusta-Waterville, ME",10925.424692334,91374.2874210203,102299.712113354,28843.1211877617,241228.118791494,270071.239979255,0.15174200961575,1.26908732529195,1.4208293349077
"12380","Austin, MN",5711.91787371734,7509.90144667745,13221.8193203948,15079.4631866138,19826.1398192285,34905.6030058422,0.0793321926905186,0.104304186759409,0.183636379449928
"12420","Austin-Round Rock-San Marcos, TX",2747459.92647724,2176330.03581014,4923789.96228738,7253294.20589992,5745511.29453877,12998805.5004387,38.1591656455172,30.2268060529186,68.3859716984359
"12460","Bainbridge, GA",6731.15264975642,5850.9019215402,12582.0545712966,17770.2429953569,15446.3810728661,33216.6240682231,0.0934882312466169,0.0812625266880583,0.174750757934675
"12520","Baker City, OR",19.9002786553768,420.000927866972,439.901206522349,52.5367356501949,1108.80244956881,1161.339185219,0.000276392759102456,0.00583334622037462,0.00610973897947707
"12540","Bakersfield-Delano, CA",47702.2293104387,55558.6835122191,103260.912822658,125933.885379558,146674.924472258,272608.809851817,0.662530962644982,0.771648382114154,1.43417934475914
"12580","Baltimore-Columbia-Towson, MD",3334921.19150545,2340485.34195222,5675406.53345767,8804191.94557438,6178881.30275386,14983073.2483282,46.3183498820201,32.5067408604475,78.8250907424676
"12620","Bangor, ME",399998.801810301,19886.0591035792,419884.860913881,1055996.8367792,52499.1960334491,1108496.03281264,5.55553891403196,0.276195265327489,5.83173417935945
"12660","Baraboo, WI",65788.2694080418,130362.861933756,196151.131341798,173681.03123723,344157.955505116,517838.986742347,0.91372596400058,1.8105953046355,2.72432126863608
"12700","Barnstable Town, MA",79009.0317840426,138742.3479981,217751.379782143,208583.843909872,366279.798714984,574863.642624856,1.09734766366726,1.92697705552917,3.02432471919642
"12740","Barre, VT",23978.8838958893,27058.6639461973,51037.5478420866,63304.2534851478,71434.8728179608,134739.126303109,0.333040054109574,0.375814777030517,0.708854831140091
"12780","Bartlesville, OK",2428.49821594341,928.5599199768,3357.05813592021,6411.23529009061,2451.39818873875,8862.63347882936,0.033729141888103,0.0128966655552333,0.0466258074433363
"12860","Batavia, NY",41557.3535655462,55295.0958938015,96852.4494593478,109711.413413042,145979.053159636,255690.466572678,0.577185466188142,0.767987442969466,1.34517290915761
"12900","Batesville, AR",835.268564354394,781.671554153069,1616.94011850746,2205.1090098956,2063.6129029641,4268.7219128597,0.0116009522826999,0.0108565493632371,0.022457501645937
"12940","Baton Rouge, LA",1159480.63040986,1564387.69472244,2723868.3251323,3061028.86428204,4129983.51406724,7191012.37834928,16.1038976445814,21.727606871145,37.8315045157264
"12980","Battle Creek, MI",24106.0198392764,25000.0686823303,49106.0885216067,63639.8923756896,66000.1813213521,129640.073697042,0.334805831101061,0.347223176143477,0.682029007244537
"13001","Appling County, GA",1510.25076472266,1418.04628788151,2928.29705260417,3987.06201886783,3743.64220000719,7730.70421887502,0.0209757050655925,0.0196950873316877,0.0406707923972802
"13005","Bacon County, GA",376.283457454193,210.107227610402,586.390685064595,993.38832767907,554.683080891461,1548.07140857053,0.00522615913130824,0.00291815593903336,0.0081443150703416
"13007","Baker County, GA",334.654911615634,361.184243094042,695.839154709677,883.488966665275,953.526401768271,1837.01536843355,0.00464798488355048,0.00501644782075058,0.00966443270430106
"13011","Banks County, GA",4510.2737692282,3880.2840914747,8390.5578607029,11907.1227507624,10243.9500014932,22151.0727522557,0.0626426912392805,0.0538928346038153,0.116535525843096
"13019","Berrien County, GA",1124.23703117811,1347.40436332772,2471.64139450584,2967.98576231022,3557.14751918519,6525.13328149541,0.0156144032108071,0.0187139494906628,0.03432835270147
"13020","Bay City, MI",14427.6547672658,14410.1886427673,28837.8434100332,38089.0085855818,38042.8980169058,76131.9066024875,0.200384093989803,0.200141508927324,0.400525602917127
"13023","Bleckley County, GA",568.722028187919,1360.15395660425,1928.87598479217,1501.42615441611,3590.80644543521,5092.23259985132,0.00789891705816554,0.018891027175059,0.0267899442332245
"13037","Calhoun County, GA",336.015345883936,382.235721954608,718.251067838544,887.080513133591,1009.10230596016,1896.18281909376,0.00466687980394355,0.00530882947159177,0.00997570927553533
"13043","Candler County, GA",2796.5546727916,7500.72180087756,10297.2764736692,7382.90433616982,19801.9055543167,27184.8098904866,0.0388410371221055,0.104176691678855,0.14301772880096
"13049","Charlton County, GA",965.591304993194,852.509370079511,1818.10067507271,2549.16104518203,2250.62473700991,4799.78578219194,0.0134109903471277,0.011840407917771,0.0252513982648987
"13060","Bay City, TX",9250.66846672335,9385.1348302772,18635.8032970006,24421.7647521496,24776.7559519318,49198.5207040815,0.128481506482269,0.130349094864961,0.25883060134723
"13061","Clay County, GA",1141.95522790372,1110.47884245837,2252.43407036209,3014.76180166581,2931.66414409009,5946.42594575591,0.0158604892764405,0.0154233172563662,0.0312838065328068
"13065","Clinch County, GA",131.756806527172,412.10316880449,543.859975331662,347.837969231733,1087.95236564385,1435.79033487559,0.00182995564621072,0.00572365512228459,0.0075536107684953
"13075","Cook County, GA",1286.3563747659,991.857791969602,2278.2141667355,3395.98082938198,2618.50457079975,6014.48540018173,0.0178660607606375,0.0137758026662445,0.031641863426882
"13091","Dodge County, GA",1433.14874309441,1678.89964466763,3112.04838776204,3783.51268176925,4432.29506192253,8215.80774369178,0.0199048436540891,0.0233180506203837,0.0432228942744728
"13093","Dooly County, GA",24.7554324907346,95.8570938814645,120.612526372199,65.3543417755394,253.062727847066,318.417069622606,0.000343825451260203,0.00133134852613145,0.00167517397739165
"13099","Early County, GA",2235.13673363724,1815.05708636588,4050.19382000312,5900.76097680231,4791.75070800593,10692.5116848082,0.0310435657449616,0.0252091261995262,0.0562526919444878
"13100","Beatrice, NE",51696.6935502444,20380.2277644034,72076.9213146478,136479.270972645,53803.801298025,190283.07227067,0.718009632642284,0.283058718950047,1.00106835159233
"13105","Elbert County, GA",1726.61450014295,2121.3400717048,3847.95457184775,4558.26228037739,5600.33778930066,10158.6000696781,0.0239807569464299,0.0294630565514555,0.0534438134978854
"13107","Emanuel County, GA",3277.9586407335,5221.54832298456,8499.50696371806,8653.81081153644,13784.8875726792,22438.6983842157,0.0455272033435208,0.0725215044858966,0.118048707829417
"13111","Fannin County, GA",2104.61905931697,2575.59343032129,4680.21248963827,5556.19431659681,6799.56665604822,12355.760972645,0.0292308202682913,0.0357721309766846,0.0650029512449759
"13119","Franklin County, GA",8473.28390828166,8253.75831857017,16727.0422268518,22369.4695178636,21789.9219610252,44159.3914788888,0.117684498726134,0.114635532202363,0.232320030928498
"13123","Gilmer County, GA",433.640661140161,2370.59117637104,2804.2318375112,1144.81134541002,6258.36070561954,7403.17205102957,0.00602278696028001,0.0329248774495978,0.0389476644098778
"13125","Glascock County, GA",975.356950521234,933.792617115217,1909.14956763645,2574.94234937606,2465.21250918417,5040.15485856023,0.0135466243127949,0.012969341904378,0.0265159662171729
"13133","Greene County, GA",1416.60311030487,1726.31681808942,3142.91992839429,3739.83221120486,4557.47639975607,8297.30861096092,0.0196750431986788,0.0239766224734642,0.0436516656721429
"13140","Beaumont-Port Arthur, TX",24954.4088993102,59417.8591270996,84372.2680264097,65879.6394941788,156863.148095543,222742.787589722,0.346589012490419,0.825248043431938,1.17183705592236
"13141","Hancock County, GA",2401.26469188881,2157.84521302261,4559.10990491142,6339.33878658645,5696.71136237969,12036.0501489661,0.0333508984984556,0.0299700724030918,0.0633209709015475
"13147","Hart County, GA",3192.80568242077,3764.67978656181,6957.48546898259,8429.00700159084,9938.75463652319,18367.761638114,0.0443445233669552,0.052287219257803,0.0966317426247581
"13155","Irwin County, GA",194.194586500535,360.508245322083,554.702831822619,512.673708361413,951.7417676503,1464.41547601171,0.00269714703472966,0.00500705896280671,0.00770420599753637
"13161","Jeff Davis County, GA",223.93199437775,597.325954185888,821.257948563638,591.180465157261,1576.94051905075,2168.12098420801,0.00311016658857986,0.00829619380813734,0.0114063603967172
"13163","Jefferson County, GA",2799.99699346025,2474.71685864541,5274.71385210566,7391.99206273507,6533.25250682388,13925.2445695589,0.0388888471313924,0.0343710674811862,0.0732599146125786
"13165","Jenkins County, GA",1192.51584943531,3167.51142400096,4360.02727343627,3148.24184250922,8362.23015936253,11510.4720018717,0.016562720131046,0.0439932142222355,0.0605559343532815
"13171","Lamar County, GA",2522.72688065542,2759.00810610992,5281.73498676534,6659.9989649303,7283.78140013019,13943.7803650605,0.0350378733424364,0.0383195570293044,0.0733574303717408
"13180","Beaver Dam, WI",23447.1624796159,46030.8216310133,69477.9841106292,61900.5089461861,121521.369105875,183421.878052061,0.32565503443911,0.639316967097406,0.964972001536517
"13193","Macon County, GA",250.809279756329,346.883763116997,597.693042873326,662.136498556708,915.773134628872,1577.90963318558,0.0034834622188379,0.00481783004329163,0.00830129226212952
"13201","Miller County, GA",513.817409458937,520.082148658354,1033.89955811729,1356.47796097159,1373.01687245805,2729.49483342965,0.0071363529091519,0.00722336317581047,0.0143597160849624
"13205","Mitchell County, GA",2307.30691694417,2043.17303025346,4350.47994719763,6091.29026073262,5393.97679986912,11485.2670606017,0.0320459294020024,0.0283774031979647,0.060423332599967
"13220","Beckley, WV",22390.8423822609,20167.8100435172,42558.6524257781,59111.8238891689,53243.0185148853,112354.842404054,0.310983921975846,0.280108472826627,0.591092394802473
"13235","Pulaski County, GA",545.82171074125,654.632835847606,1200.45454658886,1440.9693163569,1728.23068663768,3169.20000299458,0.00758085709362847,0.00909212272010564,0.0166729798137341
"13237","Putnam County, GA",2648.68895677945,2832.79788177691,5481.48683855636,6992.53884589776,7478.58640789104,14471.1252537888,0.0367873466219369,0.0393444150246793,0.0761317616466161
"13241","Rabun County, GA",910.518478968791,1364.71212009396,2275.23059906275,2403.76878447761,3602.83999704805,6006.60878152566,0.0126460899856777,0.018954335001305,0.0316004249869826
"13243","Randolph County, GA",61.0820013505737,182.464028510941,243.546029861514,161.256483565515,481.705035268883,642.961518834398,0.000848361129869079,0.00253422261820751,0.00338258374807659
"13251","Screven County, GA",3423.95200399704,8307.84087984523,11731.7928838423,9039.23329055218,21932.6999227914,30971.9332133436,0.0475548889444033,0.115386678886739,0.162941567831143
"13253","Seminole County, GA",207.682398181198,360.914044413168,568.596442594366,548.281531198362,952.813077250764,1501.09460844913,0.00288447775251664,0.005012695061294,0.00789717281381064
"13260","Bedford, IN",19502.6180005061,83743.9690171146,103246.587017621,51486.9115213361,221084.078205183,272570.989726519,0.270869694451473,1.16311068079326,1.43398037524473
"13267","Tattnall County, GA",1792.01131358183,5115.06691453347,6907.0782281153,4730.90986785603,13503.7766543684,18234.6865222244,0.0248890460219698,0.0710425960351871,0.0959316420571569
"13269","Taylor County, GA",1009.76159580404,500.633035076009,1510.39463088005,2665.77061292267,1321.67121260066,3987.44182552333,0.0140244666083895,0.0069532365982779,0.0209777032066674
"13271","Telfair County, GA",1176.40189830775,1408.14637344777,2584.54827175552,3105.70101153247,3717.50642590212,6823.20743743458,0.0163389152542743,0.0195575885201079,0.0358965037743823
"13281","Towns County, GA",148.760537260897,833.306860137404,982.067397398301,392.727818368769,2199.93011076275,2592.65792913151,0.00206611857306802,0.0115737063907973,0.0136398249638653
"13283","Treutlen County, GA",601.957154748554,1117.54667383154,1719.5038285801,1589.16688853618,2950.32321891528,4539.49010745146,0.00836051603817436,0.0155214815809937,0.023881997619168
"13291","Union County, GA",1074.37428359928,1994.96246452829,3069.33674812757,2836.34810870209,5266.7009063547,8103.04901505679,0.01492186504999,0.0277078120073374,0.0426296770573274
"13300","Beeville, TX",2014.70243885647,2541.65601066368,4556.35844952015,5318.81443858107,6709.97186815213,12028.7863067332,0.0279819783174509,0.0353007779258845,0.0632827562433354
"13301","Warren County, GA",116.55037725484,304.626476980306,421.176854235146,307.692995952779,804.213899228008,1111.90689518079,0.00161875523965056,0.00423092329139314,0.0058496785310437
"13303","Washington County, GA",2715.4353883826,2952.99774804207,5668.43313642466,7168.74942533006,7795.91405483105,14964.6634801611,0.0377143803942027,0.0410138576116954,0.0787282380058981
"13309","Wheeler County, GA",313.053568248047,734.397131460502,1047.45069970855,826.461420174844,1938.80842705573,2765.26984723057,0.00434796622566732,0.0101999601591736,0.014547926384841
"13311","White County, GA",1529.69142408432,4804.41754115451,6334.10896523884,4038.38535958261,12683.6623086479,16722.0476682305,0.0212457142233934,0.0667280214049238,0.0879737356283172
"13315","Wilcox County, GA",9.75971582015851,391.784659079904,401.544374900062,25.7656497652185,1034.31149997095,1060.07714973616,0.000135551608613313,0.005441453598332,0.00557700520694531
"13317","Wilkes County, GA",1083.65892810988,1058.67113152203,2142.33005963191,2860.85957021009,2794.89178721815,5655.75135742825,0.0150508184459706,0.0147037657155837,0.0297545841615543
"13319","Wilkinson County, GA",1039.70380516069,1469.81019045695,2509.51399561764,2744.81804562422,3880.29890280634,6625.11694843056,0.0144403306272318,0.0204140304230132,0.034854361050245
"13340","Bellefontaine, OH",5978.70229533068,7028.05027048018,13006.7525658109,15783.774059673,18554.0527140677,34337.8267737407,0.0830375318795927,0.0976118093122247,0.180649341191817
"13380","Bellingham, WA",109084.195824896,533366.793199432,642450.989024328,287982.276977724,1408088.3340465,1696070.61102423,1.51505827534577,7.40787212776989,8.92293040311566
"13420","Bemidji, MN",2876.25395008195,3886.4495668911,6762.70351697306,7593.31042821636,10260.2268565925,17853.5372848089,0.039947971528916,0.0539784662068209,0.0939264377357369
"13460","Bend, OR",29544.2315368658,45069.7995287672,74614.031065633,77996.7712573256,118984.270755945,196981.042013271,0.410336549123136,0.625969437899545,1.03630598702268
"13540","Bennington, VT",5684.20407674841,3314.86578431116,8999.06986105957,15006.2987626158,8751.24567058147,23757.5444331973,0.0789472788437279,0.0460398025598773,0.124987081403605
"13660","Big Rapids, MI",40831.0285475271,24640.2991450786,65471.3276926056,107793.915365472,65050.3897430074,172844.305108479,0.567097618715654,0.34222637701498,0.909323995730634
"13700","Big Spring, TX",5145.9983259668,3296.06572373549,8442.06404970229,13585.4355805524,8701.61351066169,22287.049091214,0.0714721989717611,0.0457786906074373,0.117250889579198
"13740","Billings, MT",29412.3198276615,15537.0602021551,44949.3800298166,77648.5243450265,41017.8389336894,118666.363278716,0.408504442050855,0.21579250280771,0.624296944858564
"13780","Binghamton, NY",776531.876335074,461414.655598008,1237946.53193308,2050044.1535246,1218134.69077874,3268178.84430334,10.7851649490982,6.40853688330566,17.1937018324039
"13820","Birmingham, AL",355003.1527104,219625.844735349,574628.99744575,937208.323155456,579812.230101322,1517020.55325678,4.9305993432,3.05035895465763,7.98095829785763
"13860","Bishop, CA",5855.53699777381,4157.39153047098,10012.9285282448,15458.6176741229,10975.5136404434,26434.1313145662,0.0813269027468585,0.0577415490343191,0.139068451781178
"13900","Bismarck, ND",8509.94719225338,11627.8298575239,20137.7770497773,22466.2605875489,30697.4708238632,53163.7314114121,0.118193711003519,0.161497636910054,0.279691347913574
"13940","Blackfoot, ID",615.95064768299,7829.96961401745,8445.92026170044,1626.10970988309,20671.1197810061,22297.2294908892,0.00855487010670819,0.108749577972465,0.117304448079173
"13980","Blacksburg-Christiansburg-Radford, VA",2017204.90575435,2099936.92535918,4117141.83111353,5325420.95119147,5543833.48294824,10869254.4341397,28.0167348021437,29.1657906299886,57.1825254321323
"14010","Bloomington, IL",25371.3793924788,320593.689050809,345965.068443288,66980.4415961441,846367.339094136,913347.78069028,0.352380269339984,4.45269012570568,4.80507039504567
"14020","Bloomington, IN",226150.904991448,1081994.82464366,1308145.72963511,597038.389177423,2856466.33705926,3453504.72623669,3.14098479154789,15.0277058978286,18.1686906893765
"14100","Bloomsburg-Berwick, PA",19352.6437674508,13485.852117538,32838.4958849887,51090.97954607,35602.6495903003,86693.6291363703,0.268786718992372,0.187303501632472,0.456090220624844
"14140","Bluefield, WV-VA",28584.5054894141,29207.8530010641,57792.3584904782,75463.0944920531,77108.7319228093,152571.826414862,0.397007020686307,0.40566462501478,0.802671645701086
"14180","Blytheville, AR",1964.41593843574,2877.65865528091,4842.07459371665,5186.05807747035,7597.0188499416,12783.076927412,0.0272835547004964,0.039967481323346,0.0672510360238423
"14220","Bogalusa, LA",7544.13809071355,25404.9696504437,32949.1077411572,19916.5245594838,67069.1198771713,86985.644436655,0.104779695704355,0.352846800700606,0.457626496404961
"14260","Boise City, ID",281219.944492665,184167.015875092,465386.960367757,742420.653460635,486200.921910244,1228621.57537088,3.90583256239812,2.55787522048739,6.46370778288551
"14300","Bonham, TX",1394.46121320708,4765.86207737196,6160.32329057904,3681.37760286669,12581.875884262,16263.2534871287,0.0193675168500983,0.0661925288523884,0.0855600457024867
"14380","Boone, NC",1082.3943829535,36468.7072817682,37551.1016647217,2857.52117099725,96277.387223868,99134.9083948653,0.0150332553187986,0.506509823357892,0.52154307867669
"14420","Borger, TX",1561.72274523387,464.397861455177,2026.12060668905,4122.94804741743,1226.01035424167,5348.95840165909,0.0216905936838038,0.00644997029798858,0.0281405639817924
"14460","Boston-Cambridge-Newton, MA-NH",7622994.898899,6566922.45474594,14189917.353645,20124706.5330934,17336675.2805293,37461381.8136227,105.874929151375,91.2072563159159,197.082185467291
"14500","Boulder, CO",1811310.6656745,723484.372825132,2534795.03849964,4781860.15738069,1909998.74425835,6691858.90163904,25.1570925788126,10.0483940670157,35.2054866458283
"14540","Bowling Green, KY",10373.2320004141,31779.7483236592,42152.9803240734,27385.3324810933,83898.5355744604,111283.868055554,0.144072666672419,0.441385393384156,0.585458060056574
"14580","Bozeman, MT",949208.990491993,418624.093665125,1367833.08415712,2505911.73489886,1105167.60727593,3611079.34217479,13.1834582012777,5.81422352312674,18.9976817244044
"14620","Bradford, PA",11523.8317712955,6161.77922429247,17685.610995588,30422.9158762201,16267.0971521321,46690.0130283523,0.160053219045771,0.0855802670040621,0.245633486049833
"14660","Brainerd, MN",30544.6468038915,39587.4816195616,70132.1284234531,80637.8675622736,104510.951475643,185148.819037916,0.424231205609604,0.549826133605023,0.974057339214627
"14700","Branson, MO",3205.63891277316,3245.22667421366,6450.86558698681,8462.88672972114,8567.39841992405,17030.2851496452,0.044522762677405,0.0450725926974119,0.0895953553748169
"14710","Brattleboro, VT",6597.69955351494,5937.43105875377,12535.1306122687,17417.9268212794,15674.81799511,33092.7448163894,0.0916347160210408,0.0824643202604691,0.17409903628151
"14720","Breckenridge, CO",10136.6761572116,11978.8217343009,22115.4978915125,26760.8250550387,31624.0893785544,58384.9144335931,0.140787168850162,0.166372524087512,0.307159692937674
"14740","Bremerton-Silverdale-Port Orchard, WA",116393.10103527,64624.2998583594,181017.40089363,307277.786733114,170608.151626069,477885.938359183,1.61657084771209,0.897559720254992,2.51413056796708
"14780","Brenham, TX",44466.8195387649,38957.0107612563,83423.8303000212,117392.403582339,102846.508409717,220238.911992056,0.617594715816179,0.541069593906338,1.15866430972252
"14820","Brevard, NC",843.834299976935,1571.48506670264,2415.31936667957,2227.72255193911,4148.72057609497,6376.44312803407,0.011719920833013,0.0218261814819811,0.0335461023149941
"14860","Bridgeport-Stamford-Danbury, CT",306260.392907439,301036.700511613,607297.093419052,808527.437275638,794736.889350658,1603264.3266263,4.25361656815887,4.18106528488351,8.43468185304238
"14940","Brigham City, UT-ID",28705.7469508056,47789.2361228936,76494.9830736992,75783.1719501268,126163.583364439,201946.755314566,0.3986909298723,0.663739390595745,1.06243032046804
"15020","Brookhaven, MS",2334.7983578463,6359.12438753899,8693.92274538528,6163.86766471423,16788.0883831029,22951.9560478172,0.0324277549700875,0.0883211720491526,0.12074892701924
"15060","Brookings, OR",2870.58954147011,2015.05262067822,4885.64216214833,7578.35638948109,5319.7389185905,12898.0953080716,0.0398692991870849,0.0279868419538642,0.067856141140949
"15100","Brookings, SD",183639.70260024,4713.945168872,188353.647769112,484808.814864635,12444.8152458221,497253.630110457,2.55055142500334,0.0654714606787777,2.61602288568212
"15180","Brownsville-Harlingen, TX",19069.8054965758,12597.5190349166,31667.3245314924,50344.2865109601,33257.4502521799,83601.73676314,0.264858409674664,0.17496554215162,0.439823951826284
"15220","Brownwood, TX",2789.63487657211,10612.2718466168,13401.9067231889,7364.63607415038,28016.3976750684,35381.0337492188,0.0387449288412794,0.147392664536345,0.186137593377624
"15260","Brunswick-St. Simons, GA",6451.57417077143,8471.25822866341,14922.8323994348,17032.1558108366,22364.1217236714,39396.277534508,0.0896051968162699,0.117656364286992,0.207261561103262
"15340","Bucyrus, OH",4044.72567607826,9634.41410306523,13679.1397791435,10678.0757848466,25434.8532320922,36112.9290169388,0.056176745501087,0.133811306987017,0.189988052488104
"15380","Buffalo-Cheektowaga, NY",909859.818182618,897330.440537948,1807190.25872057,2402029.92000211,2368952.36302018,4770982.2830223,12.636941919203,12.4629227852493,25.0998647044523
"15420","Burley, ID",1389.19954266684,1837.7274343758,3226.92697704264,3667.48679264045,4851.60042675212,8519.08721939257,0.0192944380925949,0.0255239921441084,0.0448184302367033
"15460","Burlington, IA-IL",1268.16877705502,2537.83771608407,3806.0064931391,3347.96557142526,6699.89157046195,10047.8571418872,0.0176134552368753,0.0352477460567232,0.0528612012935985
"15500","Burlington, NC",170951.441922387,256820.085273345,427771.527195731,451311.806675101,678005.02512163,1129316.83179673,2.37432558225537,3.56694562879645,5.94127121105182
"15540","Burlington-South Burlington, VT",376256.731204196,442373.727776095,818630.458980291,993317.770379077,1167866.64132889,2161184.41170797,5.22578793339161,6.14407955244576,11.3698674858374
"15580","Butte-Silver Bow, MT",11614.8367395536,21739.4679061104,33354.304645664,30663.1689924214,57392.1952721315,88055.364264553,0.161317176938244,0.301937054251534,0.463254231189778
"15620","Cadillac, MI",4404.67208126665,3243.82476430011,7648.49684556676,11628.334294544,8563.69737775229,20192.0316722962,0.0611760011287034,0.0450531217263904,0.106229122855094
"15660","Calhoun, GA",2766.24016399333,3601.01363301823,6367.25379701157,7302.8740329424,9506.67599116814,16809.5500241105,0.0384200022776852,0.0500140782363643,0.0884340805140495
"15700","Cambridge, MD",111426.706461191,39593.6985499023,151020.405011093,294166.505057544,104527.364171742,398693.869229286,1.54759314529432,0.549912479859754,2.09750562515407
"15740","Cambridge, OH",1644.70964572004,2677.19025419913,4321.89989991916,4342.0334647009,7067.7822710857,11409.8157357866,0.0228431895238894,0.0371831979749879,0.0600263874988773
"15780","Camden, AR",165.897587726299,413.876451858718,579.774039585017,437.969631597429,1092.63383290701,1530.60346450444,0.00230413316286526,0.0057482840535933,0.00805241721645857
"15820","Campbellsville, KY",2884.83894641268,3002.7117212372,5887.55066764989,7615.97481852948,7927.15894406622,15543.1337625957,0.040067207589065,0.0417043294616279,0.0817715370506929
"15860","Cañon City, CO",8998.23397344852,12223.8682732676,21222.1022467161,23755.3376899041,32271.0122414264,56026.3499313305,0.124975471853452,0.169775948239827,0.294751420093279
"15900","Canton, IL",8989.21070895124,12602.5003331053,21591.7110420566,23731.5162716313,33270.6008793981,57002.1171510294,0.124850148735434,0.175034726848685,0.299884875584119
"15940","Canton-Massillon, OH",84056.4099737405,78609.1695867914,162665.579560532,221908.922330675,207528.207709129,429437.130039804,1.16745013852417,1.09179402203877,2.25924416056294
"15980","Cape Coral-Fort Myers, FL",20670.2268432864,19796.0054340275,40466.2322773139,54569.3988662762,52261.4543458325,106830.853212109,0.287086483934534,0.274944519917048,0.562031003851582
"16003","Adams County, ID",1146.17795072624,748.468337469932,1894.64628819617,3025.90978991727,1975.95641092062,5001.86620083789,0.0159191382045311,0.0103953935759713,0.0263145317805024
"16007","Bear Lake County, ID",573.088975363118,559.931996803823,1133.02097216694,1512.95489495863,1478.22047156209,2991.17536652072,0.00795956910226553,0.00777683328894199,0.0157364023912075
"16009","Benewah County, ID",4101.50850807574,2089.47526363367,6190.9837717094,10827.9824613199,5516.21469599288,16344.1971573128,0.0569653959454963,0.0290204897726898,0.0859858857181862
"16020","Cape Girardeau, MO-IL",40823.5210162772,9076.98147173957,49900.5024880168,107774.095482972,23963.2310853925,131737.326568364,0.566993347448295,0.126069187107494,0.693062534555789
"16021","Boundary County, ID",145.454703959922,174.989235590175,320.443939550097,384.000418454193,461.971581958063,845.972000412256,0.00202020422166558,0.00243040604986355,0.00445061027152912
"16029","Caribou County, ID",200.865091671605,1173.31183399252,1374.17692566413,530.283842013038,3097.54324174026,3627.82708375329,0.00278979293988341,0.0162959976943406,0.019085790634224
"16033","Clark County, ID",0,111.418696841315,111.418696841315,0,294.145359661072,294.145359661072,0,0.00154748190057382,0.00154748190057382
"16035","Clearwater County, ID",1443.1475319154,857.05607592086,2300.20360783626,3809.90948425666,2262.62804043107,6072.53752468773,0.0200437157210472,0.011903556610012,0.0319472723310592
"16037","Custer County, ID",45.2830420777463,350.076753091774,395.359795169521,119.54723108525,924.202628162284,1043.74985924753,0.000628931139968699,0.00486217712627464,0.00549110826624334
"16047","Gooding County, ID",49.2758138051723,308.283839721467,357.55965352664,130.088148445655,813.869336864674,943.957485310328,0.000684386302849615,0.00428171999613149,0.0049661062989811
"16049","Idaho County, ID",2524.44315598304,1561.64336217578,4086.08651815882,6664.52993179522,4122.73847614406,10787.2684079393,0.0350617104997644,0.0216894911413303,0.0567512016410947
"16059","Lemhi County, ID",2320.43655998344,1152.96984340655,3473.40640338999,6125.95251835627,3043.8403865933,9169.79290494957,0.0322282855553255,0.0160134700473132,0.0482417556026387
"16060","Carbondale, IL",59576.8741770245,103913.029277075,163489.903454099,157282.947827345,274330.397291477,431613.345118822,0.827456585792008,1.44323651773715,2.27069310352916
"16061","Lewis County, ID",273.054236158426,175.4527376959,448.506973854326,720.863183458246,463.195227517175,1184.05841097542,0.00379241994664481,0.00243684357910972,0.00622926352575453
"16077","Power County, ID",260.260088183603,2462.2746767695,2722.5347649531,687.086632804712,6500.40514667148,7187.49177947619,0.00361472344699449,0.0341982593995764,0.0378129828465709
"16079","Shoshone County, ID",526.75424102587,681.90106100307,1208.65530202894,1390.6311963083,1800.21880104811,3190.8499973564,0.00731603112535931,0.00947084806948709,0.0167868791948464
"16085","Valley County, ID",573.088975363118,485.65286557628,1058.7418409394,1512.95489495863,1282.12356512138,2795.07846008001,0.00795956910226553,0.00674517868855944,0.014704747790825
"16087","Washington County, ID",1146.17795072624,766.636839771408,1912.81479049765,3025.90978991727,2023.92125699652,5049.83104691379,0.0159191382045311,0.010647733885714,0.0265668720902451
"16100","Carlsbad-Artesia, NM",4056.0110270792,1895.75187827737,5951.76290535657,10707.8691114891,5004.78495865226,15712.6540701414,0.0563334864872111,0.0263298871982968,0.082663373685508
"16140","Carroll, IA",375.40468603236,685.665169570963,1061.06985560332,991.068371125432,1810.15604766734,2801.22441879277,0.00521395397267167,0.00952312735515227,0.0147370813278239
"16180","Carson City, NV",20689.4634753579,15954.1612482715,36643.6247236294,54620.1835749449,42118.9856954367,96739.1692703816,0.287353659379971,0.221585572892659,0.50893923227263
"16220","Casper, WY",20284.7685051969,19834.5386791714,40119.3071843684,53551.7888537199,52363.1821130126,105914.970966732,0.281732895905513,0.275479703877381,0.557212599782894
"16260","Cedar City, UT",2634.44258572234,62239.0412017272,64873.4837874495,6954.92842630697,164311.06877256,171265.997198867,0.0365894803572547,0.864431127801766,0.901020608159021
"16300","Cedar Rapids, IA",57684.9606416294,87804.5211058879,145489.481747517,152288.296093902,231803.935719544,384092.231813446,0.801180008911519,1.21950723758178,2.0206872464933
"16340","Cedartown, GA",1480.69600099362,3057.24897138889,4537.9449723825,3909.03744262314,8071.13728446666,11980.1747270898,0.0205652222360224,0.0424617912692901,0.0630270135053125
"16380","Celina, OH",2600.80987987104,2556.90875845971,5157.71863833075,6866.13808285955,6750.23912233364,13616.3772051932,0.0361223594426534,0.0355126216452738,0.0716349810879271
"16460","Centralia, IL",2190.09233489329,1769.0824963618,3959.17483125509,5781.8437641183,4670.37779039514,10452.2215545134,0.0304179490957402,0.0245705902272472,0.0549885393229874
"16500","Centralia, WA",16197.58340073,9117.71340173258,25315.2968024626,42761.6201779273,24070.763380574,66832.3835585013,0.22496643612125,0.126634908357397,0.351601344478647
"16540","Chambersburg, PA",56789.7045731546,29041.2754946717,85830.9800678262,149924.820073128,76668.9673059333,226593.787379061,0.788745896849369,0.403351048537107,1.19209694538648
"16580","Champaign-Urbana, IL",2758660.43414619,3765235.1899092,6523895.62405539,7282863.54614593,9940220.9013603,17223084.4475062,38.3147282520304,52.2949331931834,90.6096614452137
"16620","Charleston, WV",19548.7884173299,5278.16654184456,24826.9549591745,51608.8014217509,13934.3596704696,65543.1610922206,0.271510950240693,0.07330786863673,0.344818818877423
"16660","Charleston-Mattoon, IL",61050.0442503799,90687.6362439846,151737.680494364,161172.116821003,239415.359684119,400587.476505122,0.847917281255276,1.25955050338867,2.10746778464395
"16700","Charleston-North Charleston, SC",78124.899027432,158659.43888696,236784.337914392,206249.733432421,418860.918661573,625110.652093994,1.08506804204767,2.20360331787444,3.28867135992211
"16740","Charlotte-Concord-Gastonia, NC-SC",747736.294422667,675281.284103398,1423017.57852607,1974023.81727584,1782742.59003297,3756766.40730881,10.3852263114259,9.37890672365831,19.7641330350842
"16820","Charlottesville, VA",1462536.19817772,764544.919665411,2227081.11784313,3861095.56318919,2018398.58791669,5879494.15110587,20.3130027524684,10.6186794397974,30.9316821922657
"16860","Chattanooga, TN-GA",192166.151976695,57204.5864364662,249370.738413161,507318.641218474,151020.108192271,658338.749410745,2.66897433300965,0.79450814495092,3.46348247796057
"16940","Cheyenne, WY",45654.9475198,75132.4060730684,120787.353592868,120529.061452272,198349.5520329,318878.613485173,0.634096493330556,1.04350563990373,1.67760213323428
"16980","Chicago-Naperville-Elgin, IL-IN",6555141.86068205,9635718.06494937,16190859.9256314,17305574.5122006,25438295.6914663,42743870.203667,91.0436369539174,133.829417568741,224.873054522659
"17009","Brown County, IL",37.5756483862553,93.3279366093204,130.903584995576,99.1997117397139,246.385752648606,345.58546438832,0.000521884005364656,0.00129622134179612,0.00181810534716077
"17015","Carroll County, IL",19209.3241577647,13069.1014236168,32278.4255813814,50712.6157764988,34502.4277583482,85215.043534847,0.266796168857843,0.181515297550233,0.448311466408076
"17017","Cass County, IL",439.788135605597,896.582952952639,1336.37108855824,1161.04067799877,2366.97899579497,3528.01967379374,0.00610816855007773,0.0124525410132311,0.0185607095633088
"17020","Chico, CA",18909.1562323359,12217.7878153131,31126.944047649,49920.1724533668,32254.9598324267,82175.1322857935,0.262627169893554,0.169691497434905,0.432318667328459
"17023","Clark County, IL",292.368874440193,1181.84002524293,1474.20889968312,771.853828522109,3120.05766664132,3891.91149516343,0.00406067881166934,0.0164144447950406,0.02047512360671
"17025","Clay County, IL",2694.26346115542,2002.25730306719,4696.52076422261,7112.85553745031,5285.95928009739,12398.8148175477,0.0374203258493808,0.0278091292092666,0.0652294550586474
"17033","Crawford County, IL",128.215676727087,707.908767958121,836.124444685208,338.489386559509,1868.87914740944,2207.36853396895,0.0017807732878762,0.00983206622164057,0.0116128395095168
"17039","De Witt County, IL",10494.9424408408,15809.4298852044,26304.3723260452,27706.6480438196,41736.8948969397,69443.5429407593,0.145763089456122,0.219575415072284,0.365338504528405
"17041","Douglas County, IL",17070.7806555992,23767.099475242,40837.8801308412,45066.8609307818,62745.1426146389,107812.003545421,0.237094175772211,0.330098603822806,0.567192779595016
"17045","Edgar County, IL",17385.9161496767,24743.2133253661,42129.1294750427,45898.8186351464,65322.0831789665,111220.901814113,0.241471057634398,0.343655740630085,0.585126798264483
"17047","Edwards County, IL",132.258375073959,341.930961492733,474.189336566692,349.162110195251,902.697738340816,1251.85984853607,0.0018369218760272,0.00474904113184352,0.00658596300787072
"17051","Fayette County, IL",3393.09832524207,2235.13982474767,5628.23814998973,8957.77957863905,5900.76913733384,14858.5487159729,0.047126365628362,0.0310436086770509,0.078169974305413
"17055","Franklin County, IL",3596.46242284581,6467.65980611204,10064.1222289578,9494.66079631293,17074.6218881358,26569.2826844487,0.0499508669839695,0.0898286084182227,0.139779475402192
"17059","Gallatin County, IL",67.4397607682601,176.222596511696,243.662357279956,178.040968428207,465.227654790878,643.268623219085,0.000936663344003612,0.00244753606266245,0.00338419940666606
"17060","Chillicothe, OH",9759.06623919761,12895.4736962109,22654.5399354085,25763.9348714817,34044.0505579967,59807.9854294784,0.135542586655522,0.179103801336262,0.314646387991784
"17061","Greene County, IL",2116.88675580589,1413.59192201476,3530.47867782065,5588.58103532756,3731.88267411897,9320.46370944653,0.0294012049417485,0.0196332211390939,0.0490344260808424
"17065","Hamilton County, IL",605.004362857951,929.942893429264,1534.94725628722,1597.21151794499,2455.04923865326,4052.26075659825,0.0084028383730271,0.0129158735198509,0.021318711892878
"17067","Hancock County, IL",9288.20321891426,12483.3961347641,21771.5993536784,24520.8564979336,32956.1657957774,57477.022293711,0.12900282248492,0.173380501871724,0.302383324356645
"17069","Hardin County, IL",72.4629902966416,226.654745874439,299.117736171081,191.302294383134,598.36852910852,789.670823491654,0.00100643042078669,0.00314798258158944,0.00415441300237612
"17075","Iroquois County, IL",6793.33393199052,5784.17262314852,12577.506555139,17934.401580455,15270.2157251121,33204.6173055671,0.0943518601665351,0.0803357308770627,0.174687591043598
"17079","Jasper County, IL",548.559307180188,520.086126890732,1068.64543407092,1448.1965709557,1373.02737499153,2821.22394594723,0.0076188792663915,0.00722341842903794,0.0148422976954294
"17085","Jo Daviess County, IL",1651.98718451312,1245.13806587379,2897.12525038691,4361.24616711464,3287.16449390681,7648.41066102145,0.0229442664515711,0.0172935842482471,0.0402378506998182
"17087","Johnson County, IL",1126.00242033551,2052.71298411085,3178.71540444636,2972.64638968575,5419.16227805264,8391.80866773838,0.0156389225046599,0.0285099025570951,0.044148825061755
"17101","Lawrence County, IL",243.059082570147,199.831680091907,442.890762662054,641.675977985188,527.555635442635,1169.23161342782,0.00337582059125204,0.00277544000127649,0.00615126059252853
"17125","Mason County, IL",303.73707078786,603.040708648437,906.777779436298,801.865866879951,1592.02747083187,2393.89333771183,0.00421857042760917,0.00837556539789496,0.0125941358255041
"17135","Montgomery County, IL",10328.7318615894,12670.7307924183,22999.4626540077,27267.852114596,33450.7292919844,60718.5814065804,0.143454609188742,0.175982372116921,0.319436981305663
"17139","Moultrie County, IL",2217.64004390607,3771.24007011255,5988.88011401862,5854.56971591202,9956.07378509715,15810.6435010092,0.030800556165362,0.0523783343071188,0.0831788904724809
"17140","Cincinnati, OH-KY-IN",1320550.8306078,1655899.44421441,2976450.27482221,3486254.1928046,4371574.53272603,7857828.72553064,18.3409837584417,22.9986033918667,41.3395871503085
"17145","Perry County, IL",5951.61573210256,7580.29111379557,13531.9068458981,15712.2655327508,20011.9685404203,35724.2340731711,0.0826613296125356,0.105281821024938,0.187943150637474
"17149","Pike County, IL",463.399485260529,828.643333071913,1292.04281833244,1223.3746410878,2187.61839930985,3410.99304039765,0.00643610396195179,0.0115089351815543,0.0179450391435061
"17151","Pope County, IL",115.431878818431,409.470559150218,524.902437968649,304.740160080658,1081.00227615657,1385.74243623723,0.00160322053914488,0.00568709109930858,0.00729031163845345
"17153","Pulaski County, IL",1628.20783200247,1334.51727683164,2962.72510883411,4298.46867648653,3523.12561083553,7821.59428732206,0.022613997666701,0.0185349621782172,0.0411489598449182
"17157","Randolph County, IL",2676.19054427397,3606.07187568704,6282.262419961,7065.14303688327,9520.02975181378,16585.172788697,0.0371693131149162,0.0500843316067644,0.0872536447216806
"17159","Richland County, IL",770.068915943723,673.121089928627,1443.19000587235,2032.98193809143,1777.03967741158,3810.021615503,0.0106954016103295,0.00934890402678648,0.020044305637116
"17165","Saline County, IL",2167.67995392784,2743.03465169742,4910.71460562525,5722.67507836949,7241.61148048118,12964.2865588507,0.0301066660267755,0.0380977034957974,0.068204369522573
"17169","Schuyler County, IL",144.812339143915,253.360780555065,398.17311969898,382.304575339936,668.872460665371,1051.17703600531,0.00201128248810993,0.00351889972993145,0.00553018221804139
"17173","Shelby County, IL",2634.79695744837,5412.11478797365,8046.91174542202,6955.8639676637,14287.9830402504,21243.8470079141,0.0365944021867829,0.0751682609440785,0.111762663130861
"17181","Union County, IL",5499.51218478489,9197.71932949519,14697.2315142801,14518.7121678321,24281.9790298673,38800.6911976994,0.0763821136775679,0.127746101798544,0.204128215476112
"17185","Wabash County, IL",142.840827047655,354.893931973288,497.734759020942,377.099783405809,936.919980409479,1314.01976381529,0.00198390037566187,0.00492908238851788,0.00691298276417975
"17187","Warren County, IL",403.6890810616,526.328723225093,930.017804286692,1065.73917400262,1389.50782931424,2455.24700331687,0.00560679279252222,0.00731012115590406,0.0129169139484263
"17189","Washington County, IL",1973.95006154942,1366.1467143558,3340.09677590522,5211.22816249048,3606.62732589931,8817.85548838979,0.0274159730770753,0.0189742599216083,0.0463902329986837
"17191","Wayne County, IL",1698.90839870832,1390.3965526989,3089.30495140722,4485.11817258997,3670.64689912509,8155.76507171506,0.02359594998206,0.0193110632319291,0.0429070132139892
"17193","White County, IL",1599.48532201776,837.395243501407,2436.88056551917,4222.64125012689,2210.72344284372,6433.3646929706,0.0222150739169133,0.0116304894930751,0.0338455634099884
"17220","Clarksburg, WV",36228.5210489572,28604.2926696154,64832.8137185725,95643.2955692469,75515.3326477846,171158.628217032,0.503173903457738,0.397281842633547,0.900455746091285
"17260","Clarksdale, MS",2215.73164478664,4179.7646840753,6395.49632886193,5849.53154223672,11034.5787659588,16884.1103081955,0.0307740506220366,0.0580522872788236,0.0888263379008602
"17300","Clarksville, TN-KY",45393.9108814578,17812.9942327919,63206.9051142498,119839.924727049,47026.3047745707,166866.229501619,0.630470984464692,0.247402697677666,0.877873682142358
"17340","Clearlake, CA",1062.01895381352,1053.80457721312,2115.82353102663,2803.73003806768,2782.04408384263,5585.77412191031,0.0147502632474099,0.0146361746835155,0.0293864379309255
"17380","Cleveland, MS",2995.85279577184,10470.9590565496,13466.8118523215,7909.05138083767,27643.331909291,35552.3832901287,0.0416090666079423,0.145429986896523,0.187039053504465
"17410","Cleveland, OH",1628118.12786155,1071253.70328819,2699371.83114973,4298231.85755449,2828109.77668081,7126341.63423529,22.6127517758548,14.8785236567803,37.4912754326352
"17420","Cleveland, TN",17878.5678028066,8198.44150001432,26077.0093028209,47199.4189994094,21643.8855600378,68843.3045594472,0.248313441705647,0.113867243055754,0.362180684761401
"17500","Clewiston, FL",1155.13537437881,1247.5325775111,2402.66795188991,3049.55738836007,3293.4860046293,6343.04339298937,0.0160435468663724,0.0173268413543208,0.0333703882206932
"17540","Clinton, IA",20795.8819870978,16223.1416056144,37019.0235927122,54901.1284459382,42829.093838822,97730.2222847602,0.288831694265247,0.225321411189089,0.514153105454336
"17580","Clovis, NM",4686.07623993114,1002.09473249574,5688.17097242688,12371.2412734182,2645.53009378874,15016.771367207,0.0650843922212658,0.0139179823957741,0.07900237461704
"17650","Cody, WY",781.500627786583,723.856812614054,1505.35744040064,2063.16165735658,1910.9819853011,3974.14364265768,0.0108541753859248,0.0100535668418619,0.0209077422277866
"17660","Coeur d'Alene, ID",16681.2138507649,12117.124746473,28798.3385972379,44038.4045660194,31989.2093306887,76027.6138967081,0.231683525705069,0.168293399256569,0.399976924961638
"17740","Coldwater, MI",9175.50667554746,7928.01810354479,17103.5247790923,24223.3376234453,20929.9677933583,45153.3054168036,0.127437592715937,0.110111362549233,0.23754895526517
"17780","College Station-Bryan, TX",1916040.5342519,2435800.22867099,4351840.76292289,5058347.01042501,6430512.60369142,11488859.6141164,26.6116740868319,33.8305587315416,60.4422328183734
"17820","Colorado Springs, CO",178665.686290155,131619.37747671,310285.063766865,471677.411806009,347475.156538515,819152.568344524,2.48146786514104,1.82804690939875,4.3095147745398
"17860","Columbia, MO",582844.391632693,571253.040800951,1154097.43243364,1538709.19391031,1508108.02771451,3046817.22162482,8.09506099489851,7.93407001112432,16.0291310060228
"17900","Columbia, SC",946274.740790704,1160453.21433542,2106727.95512612,2498165.31568746,3063596.4858455,5561761.80153296,13.1427047332042,16.1174057546585,29.2601104878628
"17980","Columbus, GA-AL",42414.862917706,30017.6421706977,72432.5050884038,111975.238102744,79246.575330642,191221.813433386,0.589095318301473,0.416911696815246,1.00600701511672
"18009","Blackford County, IN",5239.16734533831,5529.84672990405,10769.0140752424,13831.4017916931,14598.7953669467,28430.1971586398,0.0727662131296987,0.076803426804223,0.149569639933922
"18020","Columbus, IN",13646.5487018448,42184.727910481,55831.2766123258,36026.8885728703,111367.68168367,147394.57025654,0.189535398636734,0.58589899875668,0.775434397393414
"18025","Crawford County, IN",627.531781388184,747.131564052509,1374.66334544069,1656.68390286481,1972.42732909862,3629.11123196343,0.008715719185947,0.0103768272785071,0.0190925464644541
"18045","Fountain County, IN",36484.4165271893,25965.4321545221,62449.8486817115,96318.8596317798,68548.7408879385,164867.600519718,0.506728007322074,0.360631002146141,0.867359009468215
"18049","Fulton County, IN",19889.9800912622,16216.8205662635,36106.8006575257,52509.5474409323,42812.4062949356,95321.9537358679,0.276249723489753,0.225233618975882,0.501483342465635
"18051","Gibson County, IN",11789.9176281957,21809.0753499047,33598.9929781005,31125.3825384367,57575.9589237485,88701.3414621852,0.163748855947163,0.302903824304232,0.466652680251395
"18055","Greene County, IN",5567.62271452973,10921.1623459225,16488.7850604522,14698.5239663585,28831.8685932353,43530.3925595938,0.0773280932573573,0.151682810360034,0.229010903617392
"18060","Columbus, MS",12482.6813835534,76881.6198356123,89364.3012191657,32954.2788525809,202967.476366016,235921.755218597,0.173370574771575,1.06780027549461,1.24117085026619
"18075","Jay County, IN",9275.67170464036,8594.37676443363,17870.048469074,24487.7733002506,22689.1546581048,47176.9279583554,0.128828773675561,0.119366343950467,0.248195117626028
"18079","Jennings County, IN",7373.77016502211,6354.97873807079,13728.7489030929,19466.7532356584,16777.1438685069,36243.8971041653,0.102413474514196,0.0882635935843165,0.190677068098512
"18087","LaGrange County, IN",3162.43717141582,4365.07615162359,7527.51332303942,8348.83413253777,11523.8010402863,19872.6351728241,0.0439227384918864,0.0606260576614388,0.104548796153325
"18100","Columbus, NE",4537.71453733364,1630.64785392008,6168.36239125372,11979.5663785608,4304.91033434902,16284.4767129098,0.0630238130185228,0.0226478868600012,0.0856716998785239
"18101","Martin County, IN",1375.12559224314,7470.38432935505,8845.50992159819,3630.33156352189,19721.8146294973,23352.1461930192,0.0190989665589325,0.103755337907709,0.122854304466642
"18117","Orange County, IN",4854.88038647944,3948.23754641337,8803.11793289281,12816.8842203057,10423.3471225313,23240.231342837,0.0674288942566588,0.0548366325890746,0.122265526845733
"18121","Parke County, IN",270.424754458018,1989.51004298082,2259.93479743883,713.921351769167,5252.30651346936,5966.22786523852,0.00375589936747247,0.0276320839302891,0.0313879832977616
"18123","Perry County, IN",5408.7053844261,10241.6467485064,15650.3521329325,14278.9822148849,27037.9474160568,41316.9296309417,0.0751209081170291,0.142245093729255,0.217366001846284
"18125","Pike County, IN",2829.75771548866,2132.11272683296,4961.87044232162,7470.56036889006,5628.77759883901,13099.3379677291,0.039302190492898,0.0296126767615689,0.0689148672544669
"18131","Pulaski County, IN",13324.4525058513,10224.2306401304,23548.6831459818,35176.5546154476,26991.9688899443,62168.5235053919,0.185061840359046,0.142003203335145,0.327065043694191
"18135","Randolph County, IN",13223.2162500365,13365.6710190895,26588.887269126,34909.2909000964,35285.3714903962,70194.6623904926,0.183655781250507,0.185634319709576,0.369290100960083
"18137","Ripley County, IN",2876.84222783504,9193.11159084578,12069.9538186808,7594.86348148451,24269.8145998329,31864.6780813174,0.0399561420532645,0.127682105428414,0.167638247481678
"18139","Rush County, IN",1443.6308067821,1222.51051982,2666.14132660211,3811.18532990476,3227.4277723248,7038.61310222956,0.0200504278719737,0.0169793127752778,0.0370297406472515
"18140","Columbus, OH",1263913.1613876,2821594.15628703,4085507.31767464,3336730.74606327,7449008.57259777,10785739.318661,17.5543494637167,39.1888077262088,56.7431571899255
"18143","Scott County, IN",4954.44073403615,10389.4266713531,15343.8674053893,13079.7235378554,27428.0864123722,40507.8099502276,0.0688116768616132,0.144297592657682,0.213109269519295
"18147","Spencer County, IN",4093.86838337104,2997.8514253966,7091.71980876765,10807.8125320995,7914.32776304704,18722.1402951466,0.0568592831023756,0.0416368253527306,0.0984961084551062
"18149","Starke County, IN",23896.8121120057,26834.1617499171,50730.9738619228,63087.583975695,70842.1870197811,133929.770995476,0.331900168222301,0.37269669097107,0.704596859193372
"18155","Switzerland County, IN",254.757457118371,635.126929480086,889.884386598457,672.5596867925,1676.73509382743,2349.29478061993,0.00353829801553293,0.00882120735389008,0.012359505369423
"18161","Union County, IN",4878.52448527045,11956.9436332141,16835.4681184846,12879.304641114,31566.3311916853,44445.6358327993,0.0677572845176451,0.166068661572418,0.233825946090063
"18180","Concord, NH",35359.7579061468,33064.4233621766,68424.1812683234,93349.7608722275,87290.0776761462,180639.838548374,0.491107748696483,0.459228102252453,0.950335850948936
"18220","Connersville, IN",3938.59687031991,5258.94589232699,9197.5427626469,10397.8957376446,13883.6171557433,24281.5128933878,0.0547027343099987,0.0730409151712083,0.127743649481207
"18260","Cookeville, TN",88126.8259549594,8410.47539358452,96537.301348544,232654.820521093,22203.6550390631,254858.475560156,1.22398369381888,0.116812158244229,1.34079585206311
"18300","Coos Bay-North Bend, OR",1693.05909998024,8231.31195935338,9924.37105933362,4469.67602394784,21730.6635726929,26200.3395966408,0.0235147097219478,0.114323777213241,0.137838486935189
"18340","Corbin, KY",9539.45355291174,4455.70594309863,13995.1594960104,25184.157379687,11763.0636897804,36947.2210694674,0.132492410457107,0.0618848047652587,0.194377215222366
"18380","Cordele, GA",191.944058112292,447.144443068894,639.088501181186,506.732313416451,1180.46132970188,1687.19364311833,0.00266588969600405,0.00621033948706797,0.00887622918307203
"18420","Corinth, MS",2612.80458987425,6249.3112134238,8862.11580329805,6897.80411726801,16498.1816034388,23395.9857207068,0.0362889526371423,0.0867959890753306,0.123084941712473
"18460","Cornelia, GA",2831.56362067227,5164.56622832525,7996.12984899753,7475.3279585748,13634.4548427787,21109.7828013535,0.0393272725093371,0.0717300865045174,0.111057359013855
"18500","Corning, NY",36117.2402810714,41222.0812146196,77339.321495691,95349.5143420284,108826.294406596,204175.808748624,0.501628337237102,0.572528905758606,1.07415724299571
"18580","Corpus Christi, TX",126840.86138875,88023.5887651878,214864.450153938,334859.8740663,232382.274340096,567242.148406396,1.76167863039931,1.22254984396094,2.98422847436025
"18620","Corsicana, TX",8574.16965599758,24318.2317162953,32892.4013722929,22635.8078918336,64200.1317310196,86835.9396228532,0.119085689666633,0.337753218281879,0.456838907948512
"18660","Cortland, NY",143602.311131033,95665.1115255203,239267.422656553,379110.101385928,252555.894427374,631665.995813301,1.99447654348657,1.32868210452112,3.32315864800769
"18700","Corvallis, OR",1031886.99433445,260489.226427524,1292376.22076198,2724181.66504296,687691.557768664,3411873.22281162,14.3317638102007,3.6179059226045,17.9496697328052
"18740","Coshocton, OH",4456.07561707153,7868.16657302979,12324.2421901013,11764.0396290689,20771.9597527986,32535.9993818675,0.0618899391259935,0.10928009129208,0.171170030418074
"18820","Crawfordsville, IN",74012.531831912,59177.4040947408,133189.935926653,195393.084036248,156228.346810116,351621.430846363,1.02795183099878,0.821908390204733,1.84986022120351
"18860","Crescent City, CA",353.121899301314,701.785457311558,1054.90735661287,932.241814155468,1852.71360730251,2784.95542145798,0.00490447082362936,0.00974702024043831,0.0146514910640677
"18880","Crestview-Fort Walton Beach-Destin, FL",22640.2580700964,20172.221796688,42812.4798667844,59770.2813050545,53254.6655432563,113024.946848311,0.314448028751339,0.280169747176222,0.594617775927561
"18900","Crossville, TN",7558.08600046446,1419.43851014673,8977.52451061119,19953.3470412262,3747.31766678737,23700.6647080135,0.104973416673117,0.0197144237520379,0.124687840425155
"18980","Cullman, AL",15679.4711988084,7043.97673428516,22723.4479330936,41393.8039648543,18596.0985785128,59989.9025433671,0.217770433316784,0.0978330101984049,0.315603443515189
"19001","Adair County, IA",88.8607912545168,388.765042459299,477.625833713816,234.592488911924,1026.33971209255,1260.93220100447,0.00123417765631273,0.00539951447860137,0.00663369213491411
"19003","Adams County, IA",29.6202637515056,131.361240022234,160.981503773739,78.1974963039747,346.793673658697,424.991169962672,0.000411392552104244,0.00182446166697547,0.00223585421907971
"19005","Allamakee County, IA",795.331600711033,320.676678012507,1116.00827872354,2099.67542587713,846.586429953018,2946.26185583015,0.0110462722320977,0.00445384275017371,0.0155001149822714
"19007","Appanoose County, IA",325.822901266561,1026.59822611398,1352.42112738054,860.172459343722,2710.21931694092,3570.39177628464,0.00452531807314668,0.0142583086960275,0.0187836267691742
"19009","Audubon County, IA",1492.51781528529,560.925984308288,2053.44379959358,3940.24703235317,1480.84459857388,5421.09163092705,0.0207294141011846,0.00779063867094844,0.028520052772133
"19019","Buchanan County, IA",5997.56913687239,1593.98699814114,7591.55613501352,15833.5825213431,4208.1256750926,20041.7081964357,0.0832995713454498,0.0221387083075158,0.105438279652966
"19023","Butler County, IA",379.473587251041,547.126846838375,926.600434089416,1001.81027034275,1444.41487565331,2446.22514599606,0.00527046648959779,0.00759898398386632,0.0128694504734641
"19025","Calhoun County, IA",290.105699471281,313.365648853168,603.471348324449,765.879046604182,827.285312972363,1593.16435957654,0.00402924582599001,0.00435230067851622,0.00838154650450623
"19029","Cass County, IA",254.356578524054,345.868403875291,600.224982399345,671.501367303503,913.092586230768,1584.59395353427,0.00353273025727853,0.00480372783160126,0.00833645808887979
"19031","Cedar County, IA",10456.4602008067,20070.1310687852,30526.5912695919,27605.0549301298,52985.1460215929,80590.2009517227,0.145228613900093,0.278751820399794,0.423980434299888
"19035","Cherokee County, IA",1506.37019736242,1033.20999967404,2539.58019703646,3976.8173210368,2727.67439913947,6704.49172017627,0.0209218082967003,0.0143501388843617,0.035271947181062
"19037","Chickasaw County, IA",329.758744051425,333.621684966459,663.380429017884,870.563084295761,880.761248311453,1751.32433260721,0.00457998255626979,0.00463363451342305,0.00921361706969283
"19039","Clarke County, IA",148.101318757528,594.007983956577,742.109302714105,390.987481519873,1568.18107764536,1959.16855916524,0.00205696276052122,0.00825011088828579,0.010307073648807
"19043","Clayton County, IA",267.897477169915,561.695507958372,829.592985128287,707.249339728574,1482.8761410101,2190.12548073868,0.00372079829402659,0.00780132649942184,0.0115221247934484
"19047","Crawford County, IA",214.272074349949,893.180968115645,1107.45304246559,565.678276283866,2357.9977558253,2923.67603210917,0.00297600103263819,0.0124052912238284,0.0153812922564666
"19051","Davis County, IA",177.721582509034,544.603707926177,722.325290435211,469.184977823849,1437.75378892511,1906.93876674896,0.00246835531262547,0.00756394038786357,0.010032295700489
"19053","Decatur County, IA",19303.1542849389,13191.6905475021,32494.844832441,50960.3273122387,34826.0630454055,85786.3903576442,0.268099365068596,0.183217924270862,0.451317289339458
"19055","Delaware County, IA",19502.5845666472,13648.6618859761,33151.2464526234,51486.8232559486,36032.467378977,87519.2906349257,0.270869230092322,0.189564748416335,0.460433978508658
"19060","Cumberland, MD-WV",14734.0095265057,10127.3809866476,24861.3905131533,38897.785149975,26736.2858047496,65634.0709547247,0.204639021201468,0.140658069258994,0.345297090460462
"19063","Emmet County, IA",92.8558867884635,255.660387329814,348.516274118278,245.139541121544,674.94342255071,920.082963672253,0.00128966509428422,0.00355083871291409,0.0048405038071983
"19065","Fayette County, IA",506.475600944201,761.030298905347,1267.50589984955,1337.09558649269,2009.11998911012,3346.21557560281,0.00703438334644724,0.0105698652625743,0.0176042486090215
"19067","Floyd County, IA",148.608415282771,475.646704928841,624.255120211611,392.326216346515,1255.70730101214,1648.03351735865,0.00206400576781626,0.00660620423512279,0.00867021000293905
"19069","Franklin County, IA",118.667197360672,338.58497741477,457.252174775442,313.281401032174,893.864340374994,1207.14574140717,0.00164815551889822,0.0047025691307607,0.00635072464965892
"19071","Fremont County, IA",118.481055006022,408.395792574117,526.876847580139,312.789985215899,1078.16489239567,1390.95487761157,0.00164557020841698,0.00567216378575163,0.0073177339941686
"19073","Greene County, IA",108.479312083034,309.755135085595,418.234447168629,286.385383899211,817.753556625971,1104.13894052518,0.00150665711226437,0.0043021546539666,0.00580881176623096
"19079","Hamilton County, IA",19130.3269608523,12957.7127912085,32088.0397520608,50504.0631766501,34208.3617687905,84712.4249454406,0.265698985567393,0.179968233211229,0.445667218778623
"19081","Hancock County, IA",207.341846260539,408.659530370276,616.001376630815,547.382474127823,1078.86116017753,1626.24363430535,0.00287974786472971,0.00567582681069828,0.00855557467542798
"19083","Hardin County, IA",355.443165018067,1204.81571213522,1560.25887715328,938.369955647697,3180.71348003697,4119.08343568467,0.00493671062525093,0.0167335515574336,0.0216702621826845
"19087","Henry County, IA",2699.88768633149,5311.68259843175,8011.57028476324,7127.70349191514,14022.8420598598,21150.545551775,0.0374984400879374,0.0737733694226632,0.111271809510601
"19089","Howard County, IA",283.821812820363,215.667668436435,499.489481256798,749.289585845759,569.362644672188,1318.65223051795,0.00394196962250505,0.00299538428383937,0.00693735390634442
"19091","Humboldt County, IA",88.8607912545168,278.129294179515,366.990085434031,234.592488911924,734.261336633919,968.853825545843,0.00123417765631273,0.00386290686360437,0.0050970845199171
"19093","Ida County, IA",90.7762908517564,149.61482671419,240.391117565947,239.649407848637,394.983142525463,634.6325503741,0.00126078181738551,0.00207798370436376,0.00333876552174926
"19095","Iowa County, IA",29166.3067030777,33179.5807420942,62345.8874451719,76999.0496961252,87594.0931591286,164593.142855254,0.405087593098302,0.460827510306864,0.865915103405165
"19097","Jackson County, IA",753.419809458509,1322.26652254355,2075.68633200206,1989.02829697046,3490.78361951497,5479.81191648544,0.0104641640202571,0.0183648128131049,0.0288289768333619
"19100","Dallas-Fort Worth-Arlington, TX",3073309.9213508,2750099.56490343,5823409.48625423,8113538.19236612,7260262.85134505,15373801.0437112,42.6848600187611,38.1958272903254,80.8806873090865
"19101","Jefferson County, IA",690.191823887369,1497.09934222984,2187.29116611721,1822.10641506266,3952.34226348677,5774.44867854942,0.00958599755399124,0.0207930464198588,0.0303790439738501
"19107","Keokuk County, IA",346.920103047736,1396.45463643367,1743.37473948141,915.869072046024,3686.64024018489,4602.50931223091,0.00481833476455189,0.019395203283801,0.0242135380483528
"19109","Kossuth County, IA",568.592836004839,947.098235678,1515.69107168284,1501.08508705277,2500.33934218992,4001.4244292427,0.00789712272228943,0.0131541421621944,0.0210512648844839
"19115","Louisa County, IA",2043.79819885389,3998.11757873294,6041.91577758682,5395.62724497426,10555.030407855,15950.6576528292,0.0283860860951929,0.0555294108157352,0.0839154969109281
"19117","Lucas County, IA",177.721582509034,657.821867371559,835.543449880593,469.184977823849,1736.64972986092,2205.83470768476,0.00246835531262547,0.00913641482460499,0.0116047701372305
"19119","Lyon County, IA",59.2405275030114,140.627051569445,199.867579072457,156.39499260795,371.255416143336,527.650408751286,0.000822785104208491,0.00195315349402008,0.00277593859822857
"19131","Mitchell County, IA",236.962110012044,570.55950427611,807.521614288154,625.579970431797,1506.27709128893,2131.85706172073,0.00329114041683395,0.00792443755939041,0.0112155779762244
"19133","Monona County, IA",134.104480300594,284.73953686308,418.844017163673,354.035827993567,751.712377318531,1105.7482053121,0.00186256222639713,0.003954715789765,0.00581727801616213
"19135","Monroe County, IA",266.58237376355,931.922226571722,1198.50460033527,703.777466735773,2460.27467814935,3164.05214488512,0.0037025329689382,0.0129433642579406,0.0166458972268788
"19137","Montgomery County, IA",303.909774442761,350.171982104659,654.081756547421,802.32180452889,924.454032756301,1726.77583728519,0.0042209690894828,0.0048634997514536,0.0090844688409364
"19140","Dalton, GA",11766.3315237845,8927.79833268737,20694.1298564719,31063.1152227911,23569.3875982946,54632.5028210858,0.163421271163674,0.123997199065102,0.287418470228776
"19141","O'Brien County, IA",320.23305974803,415.869110945021,736.10217069305,845.415277734798,1097.89445289485,1943.30973062965,0.0044476813853893,0.0057759598742364,0.0102236412596257
"19143","Osceola County, IA",0,16.659995668845,16.659995668845,0,43.9823885657509,43.9823885657509,0,0.000231388828733959,0.000231388828733959
"19145","Page County, IA",313.741562406866,559.391536624994,873.13309903186,828.277724754127,1476.79365668998,2305.07138144411,0.00435752170009537,0.00776932689756936,0.0121268485976647
"19147","Palo Alto County, IA",118.988151531265,264.43732628434,383.425477815606,314.128720042541,698.114541390658,1012.2432614332,0.00165261321571202,0.00367274064283806,0.00532535385855008
"19151","Pocahontas County, IA",59.2405275030114,288.777246085045,348.017773588057,156.39499260795,762.37192966452,918.76692227247,0.000822785104208491,0.00401079508451452,0.00483358018872301
"19157","Poweshiek County, IA",1126.30186239253,40339.5803716182,41465.8822340108,2973.43691671627,106496.492181072,109469.929097788,0.0156430814221184,0.560271949605809,0.575915031027927
"19159","Ringgold County, IA",148.153830902827,345.975360485744,494.12919138857,391.126113583462,913.374951682364,1304.50106526583,0.00205769209587259,0.00480521334007977,0.00686290543595237
"19161","Sac County, IA",166.227672448464,572.806791820462,739.034464268926,438.841055263945,1512.20993040602,1951.05098566996,0.00230871767289533,0.0079556498863953,0.0102643675592906
"19165","Shelby County, IA",390.66547118149,349.107964427129,739.773435608619,1031.35684391913,921.64502608762,1953.00187000675,0.00542590932196514,0.00484872172815456,0.0102746310501197
"19167","Sioux County, IA",210.063471241404,808.398626890243,1018.46209813165,554.567564077307,2134.17237499024,2688.73993906755,0.00291754821168617,0.0112277587068089,0.0141453069184951
"19171","Tama County, IA",503.691009107989,3535.14305614171,4038.8340652497,1329.74426404509,9332.77766821411,10662.5219322592,0.00699570845983318,0.0490992091130793,0.0560949175729125
"19173","Taylor County, IA",88.8607912545168,222.321866956554,311.18265821107,234.592488911924,586.929728765302,821.522217677226,0.00123417765631273,0.00308780370772991,0.00432198136404264
"19175","Union County, IA",414.18583375516,954.57981966893,1368.76565342409,1093.45060111362,2520.09072392598,3613.5413250396,0.00575258102437723,0.0132580530509574,0.0190106340753346
"19177","Van Buren County, IA",334.190206044667,344.978207167089,679.168413211756,882.262143957921,910.742466921116,1793.00461087904,0.00464153063950926,0.0047913639884318,0.00943289462794106
"19180","Danville, IL",74297.3744690547,83553.440767385,157850.81523644,196145.068598304,220581.083625896,416726.152224201,1.03190797873687,1.16046445510257,2.19237243383944
"19185","Wayne County, IA",59.2405275030114,237.935808092151,297.176335595162,156.39499260795,628.150533363278,784.545525971228,0.000822785104208491,0.00330466400127987,0.00412744910548836
"19189","Winnebago County, IA",177.721582509034,427.020658208156,604.74224071719,469.184977823849,1127.33453766953,1596.51951549338,0.00246835531262547,0.00593084247511328,0.00839919778773875
"19191","Winneshiek County, IA",282.205799058121,703.822331179511,986.028130237632,745.02330951344,1858.09095431391,2603.11426382735,0.00391952498691835,0.00977531015527099,0.0136948351421893
"19197","Wright County, IA",163.724744052099,265.341452304317,429.066196356416,432.233324297542,700.501434083398,1132.73475838094,0.00227395477850138,0.00368529794867107,0.00595925272717245
"19220","Danville, KY",8814.05548054176,4641.25469096796,13455.3101715097,23269.1064686303,12252.9123841554,35522.0188527857,0.122417437229747,0.0644618707078884,0.186879307937635
"19260","Danville, VA",63162.825575792,52235.7713746409,115398.596950433,166749.859520091,137902.436429052,304652.295949143,0.877261466330445,0.72549682464779,1.60275829097823
"19300","Daphne-Fairhope-Foley, AL",27416.5578717974,23536.4230465616,50952.9809183591,72379.7127815452,62136.1568429227,134515.869624468,0.380785525997187,0.326894764535578,0.707680290532765
"19340","Davenport-Moline-Rock Island, IA-IL",38895.8330996509,44523.1732587084,83419.0063583593,102684.999383078,117541.17740299,220226.176786069,0.540219904161818,0.61837740637095,1.15859731053277
"19430","Dayton-Kettering-Beavercreek, OH",241889.89208168,118659.302770084,360549.194851764,638589.315095636,313260.559313021,951849.874408657,3.35958183446778,1.64804587180672,5.0076277062745
"19460","Decatur, AL",40105.6240900507,12622.7268244661,52728.3509145167,105878.847597734,33323.9988165904,139202.846414324,0.557022556806259,0.175315650339806,0.732338207146065
"19500","Decatur, IL",16693.5688945453,31896.1052019218,48589.6740964671,44071.0218815997,84205.7177330735,128276.739614673,0.231855123535352,0.443001461137803,0.674856584673154
"19540","Decatur, IN",5928.46123796696,4392.74514562174,10321.2063835887,15651.1376682328,11596.8471844414,27247.9848526742,0.0823397394162078,0.0610103492447464,0.143350088660954
"19580","Defiance, OH",1241.33316301134,5885.62771731182,7126.96088032315,3277.11955034994,15538.0571737032,18815.1767240531,0.0172407383751575,0.0817448294071086,0.098985567782266
"19620","Del Rio, TX",7681.54575573709,5952.37601845849,13633.9217741956,20279.2807951459,15714.2726887304,35993.5534838763,0.106688135496348,0.0826718891452567,0.189360024641605
"19660","Deltona-Daytona Beach-Ormond Beach, FL",126117.323532067,56705.2195255723,182822.543057639,332949.734124656,149701.779547511,482651.513672167,1.75162949350093,0.787572493410726,2.53920198691165
"19700","Deming, NM",2267.89234517419,1319.2648735796,3587.15721875379,5987.23579125986,3482.85926625014,9470.09505751,0.0314985047940859,0.0183231232441611,0.049821628038247
"19740","Denver-Aurora-Centennial, CO",2973359.30136656,1394106.19642041,4367465.49778697,7849668.55560772,3680440.35854987,11530108.9141576,41.2966569634244,19.3625860613945,60.659243024819
"19760","DeRidder, LA",740.772156044327,1452.48266252317,2193.25481856749,1955.63849195702,3834.55422906116,5790.19272101818,0.0102885021672823,0.0201733703128218,0.0304618724801041
"19780","Des Moines-West Des Moines, IA",414925.651615519,307334.31827748,722259.969892999,1095403.72026497,811362.600252546,1906766.32051752,5.76285627243777,4.26853219829833,10.0313884707361
"19810","Detroit Lakes, MN",4878.3118433792,6821.79414320406,11700.1059865833,12878.7432665211,18009.5365380587,30888.2798045798,0.0677543311580445,0.0947471408778342,0.162501472035879
"19820","Detroit-Warren-Dearborn, MI",2544973.27223101,2413489.59753991,4958462.86977092,6718729.43868988,6371612.53750535,13090341.9761952,35.3468510032085,33.5206888547209,68.8675398579295
"19860","Dickinson, ND",1888.54666792366,2663.29765412585,4551.84432204951,4985.76320331846,7031.10580689226,12016.8690102107,0.0262298148322731,0.0369902451961924,0.0632200600284655
"19940","Dixon, IL",9338.63517469946,6289.50164787668,15628.1368225761,24653.9968612066,16604.2843503944,41258.281211601,0.12970326631527,0.0873541895538427,0.217057455869113
"19980","Dodge City, KS",1281.25135673662,1662.38352126228,2943.6348779989,3382.50358178468,4388.69249613241,7771.19607791709,0.0177951577324531,0.0230886600175316,0.0408838177499847
"20001","Allen County, KS",1944.45282836423,2260.43323750066,4204.88606586489,5133.35546688157,5967.54374700174,11100.8992138833,0.0270062892828365,0.0313949060763981,0.0584011953592346
"20003","Anderson County, KS",401.47622994811,285.055131665569,686.531361613679,1059.89724706301,752.545547597103,1812.44279466011,0.0055760587492793,0.00395909905091068,0.00953515780018998
"20007","Barber County, KS",1357.38938944459,1346.31194771692,2703.70133716151,3583.50798813372,3554.26354197266,7137.77153010638,0.0188526304089527,0.0186987770516238,0.0375514074605765
"20011","Bourbon County, KS",2036.09305494873,2152.87115707057,4188.9642120193,5375.28566506465,5683.57985466631,11058.865519731,0.0282790702076212,0.0299009882926468,0.0581800585002681
"20013","Brown County, KS",2525.19654630101,2578.32535442668,5103.52190072769,6666.51888223467,6806.77893568645,13473.2978179211,0.0350721742541807,0.0358100743670373,0.070882248621218
"20019","Chautauqua County, KS",401.47622994811,285.055131665569,686.531361613679,1059.89724706301,752.545547597103,1812.44279466011,0.0055760587492793,0.00395909905091068,0.00953515780018998
"20020","Dothan, AL",18272.2843386385,9039.73861830563,27312.0229569441,48238.8306540057,23864.9099523269,72103.7406063325,0.253781726925535,0.125551925254245,0.37933365217978
"20023","Cheyenne County, KS",392.904598978345,285.055131665569,677.959730643915,1037.26814130283,752.545547597103,1789.81368889993,0.00545700831914369,0.00395909905091068,0.00941610737005437
"20025","Clark County, KS",785.809197956691,570.110263331138,1355.91946128783,2074.53628260566,1505.0910951942,3579.62737779987,0.0109140166382874,0.00791819810182137,0.0188322147401087
"20027","Clay County, KS",10643.6774876448,7777.67385465695,18421.3513423018,28099.3085673823,20533.0589762944,48632.3675436766,0.147828853995067,0.108023247981347,0.255852101976413
"20029","Cloud County, KS",2412.98218925575,2130.75662998075,4543.7388192365,6370.27297963517,5625.19750314918,11995.4704827844,0.0335136415174409,0.029593842083066,0.0631074836005069
"20031","Coffey County, KS",3841.12963639869,4863.81707010352,8704.9467065022,10140.5822400925,12840.4770650733,22981.0593051658,0.0533490227277595,0.0675530148625489,0.120902037590308
"20039","Decatur County, KS",797.538847143136,894.096698941078,1691.63554608421,2105.50255645788,2360.41528520445,4465.91784166233,0.0110769284325436,0.012418009707515,0.0234949381400585
"20041","Dickinson County, KS",7649.93858904123,6653.38050752075,14303.319096562,20195.8378750688,17564.9245398548,37760.7624149236,0.106249147070017,0.0924080626044548,0.198657209674472
"20047","Edwards County, KS",392.904598978345,285.055131665569,677.959730643915,1037.26814130283,752.545547597103,1789.81368889993,0.00545700831914369,0.00395909905091068,0.00941610737005437
"20049","Elk County, KS",35.2533152294639,79.6226275228444,114.875942752308,93.0687522057847,210.203736660309,303.272488866094,0.000489629378186999,0.00110586982670617,0.00159549920489317
"20053","Ellsworth County, KS",1245.99804150716,1582.76089373943,2828.75893524659,3289.43482957889,4178.4887594721,7467.923589051,0.0173055283542661,0.0219827901908255,0.0392883185450915
"20060","Douglas, GA",2470.73080887762,3289.46321112599,5760.19402000362,6522.72933543692,8684.18287737262,15206.9122128095,0.0343157056788559,0.0456869890434166,0.0800026947222724
"20063","Gove County, KS",43.8249461992283,79.6226275228444,123.447573722073,115.697857965963,210.203736660309,325.901594626272,0.000608679808322615,0.00110586982670617,0.00171454963502879
"20065","Graham County, KS",392.904598978345,285.055131665569,677.959730643915,1037.26814130283,752.545547597103,1789.81368889993,0.00545700831914369,0.00395909905091068,0.00941610737005437
"20067","Grant County, KS",1611.0931589576,2114.19407078856,3725.28722974617,4253.28593964807,5581.47234688181,9834.75828652988,0.0223762938744111,0.02936380653873,0.0517401004131412
"20069","Gray County, KS",52.6955347697598,41.4915585854119,94.1870933551717,139.116211792166,109.537714665487,248.653926457653,0.000731882427357775,0.000576271647019609,0.00130815407437738
"20073","Greenwood County, KS",811.524090865984,570.110263331138,1381.63435419712,2142.4235998862,1505.0910951942,3647.5146950804,0.0112711679286942,0.00791819810182137,0.0191893660305156
"20075","Hamilton County, KS",0,8.51088711034015,8.51088711034015,0,22.468741971298,22.468741971298,0,0.000118206765421391,0.000118206765421391
"20077","Harper County, KS",211.519891376783,498.603990878358,710.123882255142,558.412513234708,1316.31453591887,1874.72704915357,0.00293777626912199,0.00692505542886609,0.00986283169798808
"20081","Haskell County, KS",428.344056562459,369.678500658933,798.022557221392,1130.82830932489,975.951241739583,2106.77955106447,0.00594922300781193,0.00513442362026296,0.0110836466280749
"20083","Hodgeman County, KS",809.268496329583,1218.08313455102,2027.3516308806,2136.4688303101,3215.73947521469,5352.20830552479,0.0112398402267998,0.0169178213132086,0.0281576615400084
"20089","Jewell County, KS",1575.90421139827,1140.22052666228,2716.12473806055,4160.38711809142,3010.18219038842,7170.56930847984,0.0218875584916426,0.0158363962036428,0.0377239546952854
"20093","Kearny County, KS",21.6707030107939,18.1685023014765,39.8392053122704,57.2106559484959,47.9648460758981,105.175502024394,0.000300981986261026,0.00025234030974273,0.000553322296003756
"20095","Kingman County, KS",521.843152667444,531.73480664184,1053.57795930928,1377.66592304205,1403.77988953446,2781.44581257651,0.00724782156482561,0.00738520564780334,0.014633027212629
"20097","Kiowa County, KS",813.554311814465,1218.08313455102,2031.63744636549,2147.78338319019,3215.73947521469,5363.52285840488,0.0112993654418676,0.0169178213132086,0.0282171867550762
"20099","Labette County, KS",1974.89038707844,2281.55360808488,4256.44399516332,5213.71062188709,6023.30152534407,11237.0121472312,0.0274290331538673,0.0316882445567344,0.0591172777106017
"20100","Dover, DE",257449.913943216,71251.1034128479,328701.017356064,679667.772810089,188102.913009918,867770.685820008,3.57569324921133,0.989598658511776,4.56529190772311
"20105","Lincoln County, KS",39.5391307143461,79.6226275228444,119.16175823719,104.383305085874,210.203736660309,314.587041746183,0.000549154593254807,0.00110586982670617,0.00165502441996098
"20109","Logan County, KS",1202.17309530793,1503.13826621659,2705.31136152452,3173.73697161293,3968.2850228118,7142.02199442473,0.0166968485459435,0.0208769203641193,0.0375737689100627
"20115","Marion County, KS",4443.66163145138,4636.23163293401,9079.89326438539,11731.2667070316,12239.6515109458,23970.9182179774,0.061717522659047,0.0643921060129724,0.126109628672019
"20117","Marshall County, KS",3945.06145445478,3174.53775226563,7119.59920672042,10414.9622397606,8380.77966598127,18795.7419057419,0.0547925202007609,0.0440908021148005,0.0988833223155614
"20123","Mitchell County, KS",1583.34804509983,1465.76963443595,3049.11767953578,4180.03883906354,3869.63183491091,8049.67067397446,0.0219909450708309,0.0203579115893882,0.0423488566602192
"20125","Montgomery County, KS",4992.01098681746,5218.51678345964,10210.5277702771,13178.9090051981,13776.8843083334,26955.7933135315,0.0693334859280203,0.0724793997702727,0.141812885698293
"20127","Morris County, KS",3965.362734611,3498.52418787558,7463.88692248657,10468.557619373,9236.10385599152,19704.6614753646,0.0550744824251527,0.0485906137204941,0.103665096145647
"20129","Morton County, KS",224.898967835891,45.7615956260098,270.660563461901,593.733275086752,120.810612452666,714.543887539418,0.00312359677549848,0.000635577717027915,0.0037591744925264
"20131","Nemaha County, KS",877.969112068746,1235.32586695373,2113.29497902247,2317.83845586149,3261.26028875784,5579.09874461932,0.0121940154453992,0.0171573037076906,0.0293513191530899
"20133","Neosho County, KS",2210.42978760819,2224.69467979534,4435.12446740352,5835.53463928561,5873.19395465969,11708.7285939453,0.0307004137167803,0.0308985372193797,0.06159895093616
"20137","Norton County, KS",401.47622994811,285.055131665569,686.531361613679,1059.89724706301,752.545547597103,1812.44279466011,0.0055760587492793,0.00395909905091068,0.00953515780018998
"20140","Dublin, GA",5888.20552193622,7510.90112413188,13399.1066460681,15544.8625779116,19828.7789677082,35373.6415456198,0.0817806322491141,0.104318071168498,0.186098703417612
"20141","Osborne County, KS",392.904598978345,285.055131665569,677.959730643915,1037.26814130283,752.545547597103,1789.81368889993,0.00545700831914369,0.00395909905091068,0.00941610737005437
"20145","Pawnee County, KS",818.967924567547,894.096698941078,1713.06462350863,2162.07532085833,2360.41528520445,4522.49060606277,0.0113745545078826,0.012418009707515,0.0237925642153976
"20147","Phillips County, KS",807.479900967485,570.110263331138,1377.59016429862,2131.74693855416,1505.0910951942,3636.83803374836,0.0112149986245484,0.00791819810182137,0.0191331967263698
"20151","Pratt County, KS",432.629872047341,371.692737955397,804.322610002738,1142.14286220498,981.268828202249,2123.41169040723,0.00600874822287974,0.0051623991382694,0.0111711473611491
"20153","Rawlins County, KS",397.190414463228,285.055131665569,682.245546128797,1048.58269418292,752.545547597103,1801.12824178002,0.00551653353421149,0.00395909905091068,0.00947563258512218
"20157","Republic County, KS",3163.53807198297,2604.42748893449,5767.96556091746,8351.74051003504,6875.68857078705,15227.4290808221,0.0439380287775412,0.036172604012979,0.0801106327905202
"20159","Rice County, KS",847.019031681831,666.549667708532,1513.56869939036,2236.13024364003,1759.69112275053,3995.82136639056,0.0117641532178032,0.00925763427372962,0.0210217874915328
"20167","Russell County, KS",1348.40830688556,1610.38975113712,2958.79805802269,3559.79793017789,4251.42894300201,7811.2268731799,0.0187278931511884,0.022366524321349,0.0410944174725374
"20171","Scott County, KS",790.095013441573,578.621150441478,1368.71616388305,2085.85083548575,1527.5598371655,3613.41067265126,0.0109735418533552,0.00803640486724276,0.0190099467205979
"20179","Sheridan County, KS",444.092228758192,310.811829443971,754.904058202163,1172.40348392163,820.543229732084,1992.94671365371,0.00616794762164155,0.0043168309644996,0.0104847785861411
"20180","DuBois, PA",127433.094353176,62888.5917353936,190321.68608857,336423.369092386,166025.882181439,502449.251273825,1.76990408823856,0.873452662991578,2.64335675123014
"20181","Sherman County, KS",1178.71379693504,855.165394996708,2033.87919193174,3111.8044239085,2257.63664279131,5369.4410666998,0.0163710249574311,0.011877297152732,0.0282483221101631
"20183","Smith County, KS",392.904598978345,285.055131665569,677.959730643915,1037.26814130283,752.545547597103,1789.81368889993,0.00545700831914369,0.00395909905091068,0.00941610737005437
"20185","Stafford County, KS",74.7924459438099,159.245255045689,234.037700989498,197.452057291658,420.407473320618,617.859530612276,0.0010387839714418,0.00221173965341234,0.00325052362485414
"20189","Stevens County, KS",790.095013441573,570.110263331138,1360.20527677271,2085.85083548575,1505.0910951942,3590.94193067996,0.0109735418533552,0.00791819810182137,0.0188917399551765
"20193","Thomas County, KS",1611.15752662773,1219.84315418512,2831.00068081285,4253.45587029721,3220.38592704873,7473.84179734593,0.0223771878698296,0.0169422660303489,0.0393194539001785
"20195","Trego County, KS",51.1876297798462,25.756697778402,76.9443275582482,135.135342618794,67.9976821349814,203.133024753775,0.000710939302497864,0.000357731913588917,0.00106867121608678
"20201","Washington County, KS",7465.18738058857,5416.04750164582,12881.2348822344,19708.0946847538,14298.365404345,34006.4600890988,0.10368315806373,0.075222881967303,0.178906040031033
"20205","Wilson County, KS",505.383212604277,768.286822321198,1273.67003492547,1334.21168127529,2028.27721092796,3362.48889220325,0.00701921128617051,0.0106706503100166,0.0176898615961871
"20207","Woodson County, KS",790.095013441573,570.110263331138,1360.20527677271,2085.85083548575,1505.0910951942,3590.94193067996,0.0109735418533552,0.00791819810182137,0.0188917399551765
"20220","Dubuque, IA",23563.3394836805,21559.488271453,45122.8277551335,62207.2162369164,56917.0490366359,119124.265273552,0.327268603940006,0.299437337103514,0.62670594104352
"20260","Duluth, MN-WI",112454.305015247,150667.269260141,263121.574275388,296879.365240253,397761.590846771,694640.956087024,1.56186534743399,2.0926009619464,3.65446630938039
"20300","Dumas, TX",1516.20050935091,568.210023288581,2084.41053263949,4002.7693446864,1500.07446148185,5502.84380616825,0.0210583404076515,0.00789180587900807,0.0289501462866596
"20340","Duncan, OK",2316.15017999786,899.022632566119,3215.17281256398,6114.63647519436,2373.41974997455,8488.05622516892,0.0321687524999703,0.0124864254523072,0.0446551779522775
"20420","Durango, CO",9782.32499908396,51443.5313992744,61225.8563983584,25825.3379975816,135810.922894084,161636.260891666,0.135865624987277,0.714493491656589,0.850359116643866
"20460","Durant, OK",2788.76741177616,1462.48931401937,4251.25672579553,7362.34596708907,3860.97178901115,11223.3177561002,0.0387328807191133,0.0203123515836024,0.0590452323027158
"20500","Durham-Chapel Hill, NC",1570066.4524751,3789629.83426063,5359696.28673573,4144975.43453426,10004622.7624481,14149598.1969823,21.8064785065986,52.6337476980643,74.4402262046629
"20540","Dyersburg, TN",4513.40769586979,1498.38594797625,6011.79364384605,11915.3963170963,3955.73890265731,15871.1352197536,0.0626862179981916,0.0208109159441146,0.0834971339423062
"20580","Eagle Pass, TX",1789.228069491,1390.57017515265,3179.79824464365,4723.56210345623,3671.105262403,8394.66736585923,0.0248503898540416,0.0193134746548979,0.0441638645089396
"20660","Easton, MD",34040.7800986672,15395.4061379772,49436.1862366444,89867.6594604813,40643.8722042598,130511.531664741,0.472788612481488,0.213825085249683,0.686613697731172
"20700","East Stroudsburg, PA",47435.9297163004,33194.1010445711,80630.0307608715,125230.854451033,87632.4267576676,212863.281208701,0.658832357170839,0.461029181174598,1.11986153834544
"20740","Eau Claire, WI",15135.1860525668,109635.550867203,124770.73691977,39956.8911787765,289437.854289417,329394.745468194,0.210210917396762,1.52271598426671,1.73292690166348
"20780","Edwards, CO",10291.0565433376,5227.83642765077,15518.8929709884,27168.3892744114,13801.488168998,40969.8774434094,0.142931340879689,0.0726088392729273,0.215540180152617
"20820","Effingham, IL",10320.6910709901,14571.3795129985,24892.0705839886,27246.6244274139,38468.441914316,65715.0663417298,0.143342931541529,0.202380271013868,0.345723202555397
"20900","El Campo, TX",9617.58237601182,6175.82299961138,15793.4053756232,25390.4174726712,16304.172718974,41694.5901916452,0.133577533000164,0.0857753194390469,0.219352852439211
"20940","El Centro, CA",25955.5223902031,29984.6506108507,55940.1730010537,68522.5791101362,79159.4776126457,147682.056722782,0.360493366530598,0.416453480706259,0.776946847236857
"20980","El Dorado, AR",698.965749628326,760.051295998851,1459.01704562718,1845.26957901878,2006.53542143697,3851.80500045575,0.00970785763372675,0.010556267999984,0.0202641256337108
"21001","Adair County, KY",1243.42628125401,594.73916379529,1838.1654450493,3282.64538251058,1570.11139241957,4852.75677493014,0.0172698094618612,0.00826026616382348,0.0255300756256847
"21020","Elizabeth City, NC",17998.0045537404,12698.7948414645,30696.7993952048,47514.7320218746,33524.8183814662,81039.5504033407,0.249972285468616,0.176372150575895,0.426344436044511
"21025","Breathitt County, KY",15.5009383292198,112.133225458012,127.634163787232,40.9224771891404,296.031715209151,336.954192398292,0.000215290810128053,0.00155740590913905,0.00177269671926711
"21027","Breckinridge County, KY",1445.33640818182,1087.90453672201,2533.24094490384,3815.68811760002,2872.06797694612,6687.75609454613,0.0200741167803031,0.0151097852322502,0.0351839020125533
"21033","Caldwell County, KY",44.8201595177813,855.432100632458,900.252260150239,118.325221126943,2258.34074566969,2376.66596679663,0.00062250221552474,0.011881001397673,0.0125035036131978
"21041","Carroll County, KY",923.917354219884,878.680672249274,1802.59802646916,2439.14181514049,2319.71697473808,4758.85878987858,0.0128321854752762,0.0122038982256844,0.0250360837009605
"21045","Casey County, KY",1724.58473545118,1299.86576766999,3024.45050312117,4552.90370159111,3431.64562664877,7984.54932823988,0.0239525657701553,0.0180536912176387,0.042006256987794
"21053","Clinton County, KY",386.517007707552,177.593144683879,564.110152391431,1020.40490034794,468.84590196544,1489.25080231338,0.005368291773716,0.00246657145394276,0.00783486322765877
"21055","Crittenden County, KY",282.898822889338,1355.14096333872,1638.03978622806,746.852892427854,3577.57214321421,4324.42503564207,0.00392915031790748,0.0188214022685933,0.0227505525865008
"21057","Cumberland County, KY",715.020309662232,299.207858875665,1014.2281685379,1887.65361750829,789.908747431756,2677.56236494005,0.00993083763419767,0.00415566470660646,0.0140865023408041
"21060","Elizabethtown, KY",10961.0213310948,10262.0387552398,21223.0600863346,28937.0963140902,27091.7823138331,56028.8786279233,0.152236407376316,0.142528316044997,0.294764723421314
"21063","Elliott County, KY",597.732875506826,207.374606538209,805.107482045035,1578.01479133802,547.468961260872,2125.48375259889,0.00830184549315036,0.00288020286858624,0.0111820483617366
"21069","Fleming County, KY",1870.94325087504,1341.9536630069,3212.89691388194,4939.2901823101,3542.75767033822,8482.04785264832,0.02598532292882,0.0186382453195403,0.0446235682483603
"21075","Fulton County, KY",44.8201595177813,58.5747749110694,103.394934428851,118.325221126943,154.637405765223,272.962626892166,0.00062250221552474,0.00081353854043152,0.00143604075595626
"21079","Garrard County, KY",4017.38302765593,2394.31217725746,6411.6952049134,10605.8911930117,6320.98414795971,16926.8753409714,0.0557969864952213,0.0332543357952426,0.0890513222904639
"21085","Grayson County, KY",1193.44287311498,1009.43700829568,2202.87988141065,3150.68918502354,2664.91370190058,5815.60288692412,0.0165755954599302,0.0140199584485511,0.0305955539084813
"21091","Hancock County, KY",0,9.07688029766791,9.07688029766791,0,23.9629639858433,23.9629639858433,0,0.000126067781912054,0.000126067781912054
"21095","Harlan County, KY",1182.61431087811,739.83931502177,1922.45362589988,3122.10178071822,1953.17579165747,5075.2775723757,0.016425198762196,0.010275546041969,0.0267007448041651
"21097","Harrison County, KY",1756.35054555977,1141.57263452961,2897.92318008938,4636.76544027779,3013.75175515818,7650.51719543597,0.024393757577219,0.015855175479578,0.040248933056797
"21099","Hart County, KY",2558.64289070823,1538.76054818884,4097.40343889707,6754.81723146972,4062.32784721854,10817.1450786883,0.035536706815392,0.0213716742804006,0.0569083810957926
"21105","Hickman County, KY",0,13.6899106092649,13.6899106092649,0,36.1413640084594,36.1413640084594,0,0.000190137647350902,0.000190137647350902
"21109","Jackson County, KY",773.034015415103,332.56867878635,1105.60269420145,2040.80980069587,877.981311995965,2918.79111269184,0.010736583547432,0.0046190094275882,0.0153555929750202
"21115","Johnson County, KY",790.9913793606,287.09429858248,1078.08567794308,2088.21724151198,757.928948257747,2846.14618976973,0.0109859913800083,0.00398742081364555,0.0149734121936539
"21119","Knott County, KY",530.107314232613,323.545240337101,853.652554569714,1399.4833095741,854.159434489947,2253.64274406404,0.00736260158656406,0.00449368389357085,0.0118562854801349
"21120","Elk City, OK",2074.1173930453,762.046055909597,2836.1634489549,5475.66991763959,2011.80158760134,7487.47150524093,0.0288071860145181,0.0105839729987444,0.0393911590132625
"21129","Lee County, KY",386.517007707552,159.439384088543,545.956391796095,1020.40490034794,420.919973993754,1441.32487434169,0.005368291773716,0.00221443589011865,0.00758272766383466
"21131","Leslie County, KY",624.595671079108,323.551000098678,948.146671177785,1648.93257164884,854.174640260509,2503.10721190935,0.00867493987609872,0.00449376389025941,0.0131687037663581
"21133","Letcher County, KY",770.583369213865,479.295429430278,1249.87879864414,2034.3400947246,1265.33993369593,3299.68002842054,0.010702546794637,0.00665688096430942,0.0173594277589464
"21135","Lewis County, KY",750.24603402239,694.908743173215,1445.15477719561,1980.64952981911,1834.55908197729,3815.2086117964,0.0104200838058665,0.00965151032185021,0.0200715941277167
"21140","Elkhart-Goshen, IN",126828.409302341,174441.547825777,301269.957128118,334827.000558181,460525.68626005,795352.686818231,1.76150568475474,2.42279927535801,4.18430496011275
"21141","Logan County, KY",1607.41605134305,1252.57508880368,2859.99114014674,4243.57837554567,3306.79823444172,7550.37660998739,0.0223252229353202,0.0173968762333845,0.0397220991687047
"21143","Lyon County, KY",1811.78411521571,1834.2840672957,3646.06818251141,4783.11006416948,4842.50993766065,9625.62000183012,0.0251636682668849,0.0254761676013292,0.050639835868214
"21147","McCreary County, KY",2155.92190267651,1416.9172272143,3572.83912989081,5691.63382306599,3740.66147984575,9432.29530291174,0.029943359759396,0.019679405933532,0.0496227656929279
"21153","Magoffin County, KY",390.717242754681,173.129294697808,563.846537452489,1031.49352087236,457.061338002213,1488.55485887457,0.0054266283715928,0.00240457353746956,0.00783120190906235
"21155","Marion County, KY",1310.46027619961,838.783932184395,2149.244208384,3459.61512916696,2214.3895809668,5674.00471013376,0.018200837169439,0.0116497768358944,0.0298506140053333
"21157","Marshall County, KY",398.52581913347,4990.77225286969,5389.29807200316,1052.10816251236,13175.638747576,14227.7469100883,0.00553508082129819,0.0693162812898568,0.074851362111155
"21159","Martin County, KY",272.349561221868,214.020481891969,486.370043113837,719.002841625733,565.014072194798,1284.01691382053,0.00378263279474817,0.00297250669294401,0.00675513948769219
"21161","Mason County, KY",1994.59422255494,1273.2055360384,3267.79975859334,5265.72874754504,3361.26261514139,8626.99136268643,0.0277026975354853,0.0176834102227556,0.0453861077582409
"21167","Mercer County, KY",3137.13667193623,1815.45823217236,4952.59490410858,8282.04081391164,4792.80973293503,13074.8505468467,0.0435713426657809,0.0252146976690605,0.0687860403348415
"21171","Monroe County, KY",431.337167225334,316.297170110224,747.634337335558,1138.73012147488,835.024529090992,1973.75465056587,0.00599079398924074,0.00439301625153089,0.0103838102407716
"21175","Morgan County, KY",210.107424563168,886.078461422281,1096.18588598545,554.683600846764,2339.24713815482,2893.93073900159,0.00291815867448844,0.0123066452975317,0.0152248039720201
"21177","Muhlenberg County, KY",1172.12568120744,861.809135078995,2033.93481628643,3094.41179838764,2275.17611660855,5369.58791499619,0.0162795233501033,0.0119695713205416,0.0282490946706449
"21180","Elkins, WV",2592.75791951304,1973.28408312666,4566.0420026397,6844.88090751441,5209.46997945438,12054.3508869688,0.0360105266599033,0.0274067233767592,0.0634172500366624
"21181","Nicholas County, KY",1204.37118264044,539.94328532456,1744.314467965,3179.53992217075,1425.45027325684,4604.99019542759,0.0167273775366727,0.00749921229617444,0.0242265898328472
"21183","Ohio County, KY",735.44109789289,424.393098651083,1159.83419654397,1941.56449843723,1120.39778043886,3061.96227887609,0.0102144596929568,0.00589434859237615,0.016108808285333
"21187","Owen County, KY",853.766875649657,1144.8768086361,1998.64368428575,2253.9445517151,3022.4747747993,5276.41932651439,0.0118578732729119,0.0159010667866125,0.0277589400595244
"21189","Owsley County, KY",41.8582759550419,28.0463443703466,69.9046203253885,110.505848521311,74.042349137715,184.548197659026,0.000581364943820027,0.000389532560699258,0.000970897504519285
"21193","Perry County, KY",966.292519268879,421.36525112829,1387.65777039717,2551.01225086984,1112.40426297869,3663.41651384853,0.01342072943429,0.00585229515455958,0.0192730245888496
"21197","Powell County, KY",1599.43278435221,825.236657077724,2424.66944142993,4222.50255068983,2178.62477468519,6401.12732537502,0.022214344227114,0.0114616202371906,0.0336759644643046
"21201","Robertson County, KY",0,215.564130154962,215.564130154962,0,569.0893036091,569.0893036091,0,0.00299394625215225,0.00299394625215225
"21205","Rowan County, KY",4918.29008206869,3251.18917444825,8169.47925651694,12984.2858166614,8583.13942054337,21567.4252372047,0.0683095844731763,0.0451554052006701,0.113464989673846
"21207","Russell County, KY",267.698927123063,190.306934314631,458.005861437694,706.725167604886,502.410306590625,1209.13547419551,0.00371804065448699,0.00264315186548098,0.00636119251996797
"21219","Todd County, KY",543.094008972788,411.250113435915,954.344122408703,1433.76818368816,1085.70029947082,2519.46848315897,0.00754297234684428,0.00571180713105437,0.0132547794778986
"21220","Elko, NV",1774.9939720955,1792.91983917231,3567.91381126781,4685.98408633212,4733.3083754149,9419.29246174703,0.024652694056882,0.0249016644329488,0.0495543584898307
"21223","Trimble County, KY",238.078663371557,127.654914493938,365.733577865495,628.527671300912,337.008974263995,965.536645564907,0.00330664810238274,0.00177298492352691,0.00507963302590965
"21225","Union County, KY",134.460478553344,569.027031348191,703.487509901535,354.975663380828,1502.23136275922,1857.20702614005,0.00186750664657422,0.00790315321316932,0.00977065985974354
"21229","Washington County, KY",432.331319766196,257.521218663672,689.852538429868,1141.35468418276,679.856017272093,1821.21070145485,0.00600460166341939,0.003576683592551,0.00958128525597038
"21231","Wayne County, KY",1072.62612003484,512.056672528697,1584.68279256354,2831.73295689198,1351.82961547576,4183.56257236774,0.0148975850004839,0.00711189822956524,0.0220094832300491
"21237","Wolfe County, KY",123.200513604088,54.5841885762892,177.784702180377,325.249355914792,144.102257841403,469.351613756195,0.00171111824450122,0.000758113730226238,0.00246923197472746
"21260","Ellensburg, WA",11191.9652189291,5432.63097563448,16624.5961945635,29546.7881779727,14342.145775675,43888.9339536478,0.155443961374015,0.0754532079949234,0.230897169368938
"21300","Elmira, NY",66193.3223663324,45378.6411924781,111571.96355881,174750.371047118,119799.612748142,294549.98379526,0.919351699532395,0.630258905451084,1.54961060498348
"21340","El Paso, TX",411116.825949435,133559.119629859,544675.945579293,1085348.42050651,352596.075822827,1437944.49632933,5.70995591596437,1.85498777263692,7.56494368860129
"21380","Emporia, KS",11906.0294575953,14992.9407965709,26898.9702541662,31431.9177680516,39581.3637029471,71013.2814709987,0.165361520244379,0.208235288841262,0.373596809085641
"21420","Enid, OK",4782.70079854497,2201.92239760207,6984.62319614704,12626.3301081587,5813.07512966947,18439.4052378282,0.0664263999797913,0.030582255522251,0.0970086555020423
"21460","Enterprise, AL",8399.18998410807,4221.56757511838,12620.7575592264,22173.8615580453,11144.9383983125,33318.7999563578,0.116655416445945,0.0586328829877552,0.175288299433701
"21500","Erie, PA",20492.8761202072,16240.0496655233,36732.9257857306,54101.1929573471,42873.7311169816,96974.9240743287,0.284623279447323,0.225556245354491,0.510179524801813
"21540","Escanaba, MI",4746.02793610991,3491.97602802091,8238.00396413081,12529.5137513302,9218.8167139752,21748.3304653053,0.0659170546681931,0.048499667055846,0.114416721724039
"21580","Española, NM",6755.55434477891,3677.03398870077,10432.5883334797,17834.6634702163,9707.36973017002,27542.0332003863,0.0938271436774848,0.0510699165097329,0.144897060187218
"21640","Eufaula, AL-GA",11594.3316816689,5460.80878358366,17055.1404652526,30609.035639606,14416.5351886609,45025.5708282668,0.161032384467624,0.0758445664386619,0.236876950906286
"21660","Eugene-Springfield, OR",289548.313480836,1692771.47766562,1982319.79114646,764407.547589406,4468916.70103725,5233324.24862665,4.0215043539005,23.5107149675781,27.5322193214786
"21700","Eureka-Arcata, CA",1808.14302614987,3315.36947658875,5123.51250273862,4773.49758903566,8752.57541819429,13526.0730072299,0.0251130975854149,0.0460467982859548,0.0711598958713697
"21740","Evanston, WY-UT",1434.366072444,1832.36895110918,3266.73502355317,3786.72643125215,4837.45403092823,8624.18046218038,0.0199217510061666,0.0254495687654052,0.0453713197715718
"21780","Evansville, IN",57564.3876604059,86436.202284803,144000.589945209,151969.983423471,228191.57403188,380161.557455351,0.799505384172304,1.20050280951115,2.00000819368346
"21820","Fairbanks-College, AK",206.075976334005,396.617623941431,602.693600275436,544.040577521772,1047.07052720538,1591.11110472715,0.00286216633797229,0.00550857811029765,0.00837074444826994
"21860","Fairmont, MN",1980.35865392754,1796.33966849507,3776.69832242262,5228.14684636872,4742.33672482699,9970.4835711957,0.0275049813045492,0.0249491620624315,0.0524541433669808
"21900","Fairmont, WV",60045.45743617,48285.1465377716,108330.603973942,158520.007631489,127472.786859717,285992.794491206,0.833964686613472,0.670627035246828,1.5045917218603
"21980","Fallon, NV",5888.07270284548,4805.63910849385,10693.7118113393,15544.5119355121,12686.8872464238,28231.3991819358,0.0817787875395205,0.0667449876179701,0.148523775157491
"22003","Allen Parish, LA",148.912046274899,557.923603279325,706.835649554223,393.127802165733,1472.91831265742,1866.04611482315,0.00206822286492915,0.00774893893443506,0.00981716179936421
"22009","Avoyelles Parish, LA",635.716167729307,909.012578586106,1544.72874631541,1678.29068280537,2399.79320746732,4078.08389027269,0.0088293912184626,0.0126251747025848,0.0214545659210474
"22013","Bienville Parish, LA",2900.68826553503,1001.74111447937,3902.42938001439,7657.81702101247,2644.59654222553,10302.413563238,0.0402873370213198,0.0139130710344357,0.0542004080557555
"22020","Fargo, ND-MN",276672.36594745,391336.229196675,668008.595144125,730415.046101267,1033127.64507922,1763542.69118049,3.84267174927013,5.43522540550938,9.27789715477952
"22021","Caldwell Parish, LA",605.76747204411,492.739962917485,1098.5074349616,1599.22612619645,1300.83350210216,2900.05962829861,0.00841343711172375,0.00684361059607618,0.0152570477077999
"22025","Catahoula Parish, LA",414.86482520371,444.990346192487,859.855171396196,1095.24313853779,1174.77451394817,2270.01765248596,0.00576201146116263,0.00618042147489565,0.0119424329360583
"22027","Claiborne Parish, LA",1837.93707977847,400.654485343475,2238.59156512194,4852.15389061515,1057.72784130677,5909.88173192192,0.025526903885812,0.00556464562977048,0.0310915495155825
"22035","East Carroll Parish, LA",590.091518139888,638.25689507829,1228.34841321818,1557.8416078893,1684.99820300669,3242.83981089599,0.00819571552972066,0.00886467909830959,0.0170603946280303
"22039","Evangeline Parish, LA",1589.97444053468,3391.92402154707,4981.89846208175,4197.53252301155,8954.67941688427,13152.2119398958,0.0220829783407594,0.0471100558548204,0.0691930341955799
"22041","Franklin Parish, LA",456.252493608738,500.729908719828,956.982402328566,1204.50658312707,1321.92695902035,2526.43354214741,0.00633684018901025,0.00695458206555317,0.0132914222545634
"22049","Jackson Parish, LA",4886.53759332478,110.515189253164,4997.05278257795,12900.4592463774,291.760099628353,13192.2193460058,0.0678685776850664,0.00153493318407172,0.0694035108691381
"22059","La Salle Parish, LA",426.396573444804,473.785353251976,900.181926696779,1125.68695389428,1250.79333258522,2376.4802864795,0.00592217463117783,0.00658035212849966,0.0125025267596775
"22060","Faribault-Northfield, MN",16794.1637883621,50711.7058507802,67505.8696391423,44336.592401276,133878.90344606,178215.495847336,0.233252274838363,0.704329247927503,0.937581522765865
"22065","Madison Parish, LA",234.504046845607,237.890821283331,472.394868128938,619.090683672402,628.031768187994,1247.1224518604,0.00325700065063343,0.00330403918449071,0.00656103983512414
"22081","Red River Parish, LA",308.515075394224,346.270170247488,654.785245641712,814.479799040751,914.153249453369,1728.63304849412,0.00428493160269756,0.004809307920104,0.00909423952280156
"22085","Sabine Parish, LA",1119.60688851089,1426.56231016279,2546.16919867369,2955.76218566876,3766.12449882978,6721.88668449854,0.0155500956737624,0.0198133654189277,0.0353634610926901
"22100","Farmington, MO",11981.7926807541,6223.34480064025,18205.1374813943,31631.9326771907,16429.6302736903,48061.562950881,0.166413787232695,0.0864353444533369,0.252849131686032
"22107","Tensas Parish, LA",65.7945181173991,169.855386659428,235.649904776827,173.697527829934,448.418220780889,622.115748610823,0.000913812751630543,0.00235910259249205,0.0032729153441226
"22115","Vernon Parish, LA",3866.33662116237,2055.9985444077,5922.33516557007,10207.1286798687,5427.83615723633,15634.964837105,0.0536991197383662,0.0285555353389959,0.0822546550773621
"22123","West Carroll Parish, LA",190.698362599852,107.589356380159,298.28771898001,503.443677263609,284.035900843619,787.479578107228,0.00264858836944239,0.00149429661639109,0.00414288498583348
"22127","Winn Parish, LA",1065.09607755957,699.894656047492,1764.99073360706,2811.85364475726,1847.72189196538,4659.57553672264,0.0147930010772162,0.00972075911177073,0.024513760188987
"22140","Farmington, NM",10609.833364752,5538.55871074095,16148.3920754929,28009.9600829452,14621.7949963561,42631.7550793014,0.147358796732666,0.0769244265380688,0.224283223270735
"22180","Fayetteville, NC",125009.399211699,67545.0752023625,192554.474414062,330024.813918886,178318.998534237,508343.812453122,1.73624165571804,0.938126044477256,2.6743677001953
"22190","Fayetteville, TN",12561.5263703344,3374.82147003049,15936.3478403648,33162.4296176827,8909.52868088048,42071.9582985632,0.174465644032422,0.0468725204170901,0.221338164449512
"22220","Fayetteville-Springdale-Rogers, AR",663750.46574355,346707.334329729,1010457.80007328,1752301.22956297,915307.362630485,2667608.59219346,9.21875646866042,4.81537964346846,14.0341361121289
"22260","Fergus Falls, MN",4765.76842197111,6229.26407966389,10995.032501635,12581.6286340037,16445.2571703127,29026.8858043164,0.0661912280829321,0.0865175566619985,0.152708784744931
"22300","Findlay, OH",3516.50480365635,23900.978661144,27417.4834648004,9283.57268165277,63098.5836654202,72382.156347073,0.0488403444952271,0.331958036960334,0.380798381455561
"22340","Fitzgerald, GA",119.861665078782,328.544769732071,448.406434810853,316.434795807985,867.358192092667,1183.79298790065,0.00166474534831642,0.00456312180183431,0.00622786715015073
"22380","Flagstaff, AZ",310539.049395289,5474.69035557222,316013.739750861,819823.090403562,14453.1825387107,834276.272942272,4.31304235271234,0.0760373660496142,4.38907971876195
"22420","Flint, MI",185545.783651758,127020.82640767,312566.610059428,489840.868840641,335334.98171625,825175.850556891,2.57702477294108,1.76417814455098,4.34120291749206
"22500","Florence, SC",19573.2902428661,23047.3902874611,42620.6805303272,51673.4862411665,60845.1103588972,112518.596600064,0.27185125337314,0.320102642881404,0.591953896254544
"22520","Florence-Muscle Shoals, AL",22278.7130447399,8763.08462071931,31041.7976654592,58815.8024381133,23134.543398699,81950.3458368123,0.309426570065832,0.121709508621101,0.431136078686933
"22540","Fond du Lac, WI",18360.7514836847,52546.305392719,70907.0568764037,48472.3839169276,138722.246236778,187194.630153706,0.255010437273399,0.729809797121098,0.984820234394497
"22580","Forest City, NC",19935.8873181661,8654.78274342605,28590.6700615921,52630.7425199584,22848.6264426448,75479.3689626032,0.276887323863418,0.120205315880917,0.397092639744335
"22620","Forrest City, AR",916.194025932332,1015.59439204191,1931.78841797425,2418.75222846136,2681.16919499065,5099.92142345201,0.0127249170268379,0.0141054776672488,0.0268303946940868
"22660","Fort Collins-Loveland, CO",619430.326296198,1843149.22152084,2462579.54781703,1635296.06142196,4865913.944815,6501210.00623697,8.60319897633608,25.5992947433449,34.202493719681
"22700","Fort Dodge, IA",460.459252162022,1054.99203722776,1515.45128938978,1215.61242570774,2785.17897828128,4000.79140398901,0.00639526739113919,0.0146526671837188,0.021047934574858
"22780","Fort Leonard Wood, MO",43625.3961616026,39543.3342803052,83168.7304419078,115171.045866631,104394.402500006,219565.448366637,0.605908280022259,0.54921297611535,1.15512125613761
"22800","Fort Madison, IA",918.228176296671,1966.62776730842,2884.85594360509,2424.12238542321,5191.89730569423,7616.01969111744,0.0127531691152315,0.0273142745459503,0.0400674436611818
"22820","Fort Morgan, CO",13587.576677468,5911.48179774597,19499.058475214,35871.2024285156,15606.3119460494,51477.514374565,0.188716342742612,0.082103913857583,0.270820256600195
"22840","Fort Payne, AL",7928.91742345995,2608.6929698581,10537.610393318,20932.3419979343,6886.94944042538,27819.2914383597,0.11012385310361,0.0362318468035847,0.146355699907195
"22900","Fort Smith, AR-OK",14619.9111059308,7725.97612584337,22345.8872317741,38596.5653196572,20396.5769722265,58993.1422918837,0.203054320915705,0.107305223970047,0.310359544885752
"23003","Aroostook County, ME",7269.54968202668,1631.16848463224,8900.71816665892,19191.6111605504,4306.28479942911,23497.8959599796,0.100965967805926,0.0226551178421144,0.123621085648041
"23007","Franklin County, ME",2645.2495114556,3088.94288224383,5734.19239369943,6983.45871024279,8154.80920912371,15138.2679193665,0.0367395765479945,0.0429019844756088,0.0796415610236032
"23009","Hancock County, ME",19279.4777476389,4071.88989059171,23351.3676382306,50897.8212537668,10749.7893111621,61647.6105649289,0.267770524272763,0.0565540262582182,0.324324550530981
"23013","Knox County, ME",6922.30609413263,4567.73511123706,11490.0412053697,18274.8880885101,12058.8206936658,30333.708782176,0.0961431401962866,0.063440765433848,0.159583905630135
"23015","Lincoln County, ME",4444.39352979991,49385.6699258119,53830.0634556118,11733.1989186718,130378.168604144,142111.367522815,0.0617276879138876,0.685912082302944,0.747639770216831
"23017","Oxford County, ME",4837.77567382057,3949.60259816515,8787.37827198572,12771.7277788863,10426.950859156,23198.6786380423,0.0671913288030635,0.0548555916411826,0.122046920444246
"23021","Piscataquis County, ME",5877.8772275024,811.350611097306,6689.2278385997,15517.5958806063,2141.96561329689,17659.5614939032,0.0816371837153111,0.0112687584874626,0.0929059422027737
"23025","Somerset County, ME",10439.0667098577,22597.1539577664,33036.2206676241,27559.1361140243,59656.4864485034,87215.6225625277,0.144987037636912,0.313849360524534,0.458836398161446
"23027","Waldo County, ME",17855.932277762,6172.35216702985,24028.2844447918,47139.6612132916,16295.0097209588,63434.6709342503,0.24799905941336,0.0857271134309701,0.33372617284433
"23029","Washington County, ME",3163.61412510525,1472.91641659567,4636.53054170093,8351.94129027787,3888.49933981258,12240.4406300904,0.0439390850709063,0.0204571724527177,0.064396257523624
"23060","Fort Wayne, IN",96766.6803377144,130381.768929652,227148.449267366,255464.036091566,344207.869974281,599671.906065847,1.34398167135715,1.81085790180072,3.15483957315786
"23140","Frankfort, IN",56899.5178344072,40503.2913437542,97402.8091781614,150214.727082835,106928.689147511,257143.416230346,0.790271081033433,0.562545713107697,1.35281679414113
"23180","Frankfort, KY",12863.9381030402,7736.83342112876,20600.771524169,33960.7965920262,20425.2402317799,54386.0368238062,0.17866580698667,0.107456019737899,0.286121826724569
"23190","Franklin, KY",9540.76560776021,12616.2396205352,22157.0052282954,25187.621204487,33306.872598213,58494.4938026999,0.132510633441114,0.175225550285211,0.307736183726325
"23240","Fredericksburg, TX",3780.2333556304,3657.3055725627,7437.53892819311,9979.81605886426,9655.28671156554,19635.1027704298,0.0525032410504222,0.0507959107300376,0.10329915178046
"23300","Freeport, IL",11134.1462635848,8679.48839738731,19813.6346609721,29394.1461358638,22913.8493691025,52307.9955049663,0.154640920327566,0.120548449963713,0.275189370291279
"23340","Fremont, NE",6562.64579134212,2835.64305302895,9398.28884437106,17325.3848891432,7486.09765999642,24811.4825491396,0.091147858213085,0.0393839312920687,0.130531789505154
"23380","Fremont, OH",3577.75452568031,20318.5515849213,23896.3061106016,9445.27194779601,53640.9761841923,63086.2481319883,0.0496910350788932,0.28220210534613,0.331893140425023
"23420","Fresno, CA",118707.974853457,110139.772096336,228847.746949792,313389.053613126,290768.998334326,604158.051947452,1.64872187296468,1.52971905689355,3.17844092985823
"23460","Gadsden, AL",11069.9477574082,5261.08244078995,16331.0301981982,29224.6620795577,13889.2576436855,43113.9197232432,0.153749274408448,0.073070589455416,0.226819863863864
"23500","Gaffney, SC",11366.0156096,10447.7544998223,21813.7701094222,30006.2812093439,27582.0718795308,57588.3530888747,0.157861327911111,0.14510770138642,0.302969029297531
"23540","Gainesville, FL",1610214.50912283,1340650.03419899,2950864.54332182,4250966.30408428,3539316.09028532,7790282.3943696,22.3640904044838,18.6201393638748,40.9842297683586
"23580","Gainesville, GA",16402.6863746635,26246.6366866926,42649.3230613561,43303.0920291117,69291.1208528684,112594.21288198,0.227815088536993,0.364536620648508,0.592351709185501
"23620","Gainesville, TX",11395.0687573041,8007.73403203142,19402.8027893355,30082.9815192828,21140.4178445629,51223.3993638458,0.158264843851446,0.111218528222659,0.269483372074104
"23660","Galesburg, IL",12094.3292373163,15443.4854869731,27537.8147242894,31929.029186515,40770.8016856091,72699.830872124,0.167976794962726,0.214492853985738,0.382469648948464
"23680","Gallipolis, OH",2345.49266368396,1567.78663663605,3913.27930032,6192.10063212564,4138.95672071916,10331.0573528448,0.0325762869956105,0.0217748143977229,0.0543511013933334
"23700","Gallup, NM",23800.5426430918,6316.66755356964,30117.2101966615,62833.4325777625,16676.0023414239,79509.4349191863,0.330563092265164,0.0877314937995783,0.418294586064743
"23780","Garden City, KS",4667.94942187189,5269.01300733935,9936.96242921124,12323.3864737418,13910.1943393759,26233.5808131177,0.0648326308593318,0.0731807362130466,0.138013367072378
"23820","Gardnerville Ranchos, NV-CA",11548.4257668659,9762.46434624769,21310.8901131136,30487.844024526,25772.9058740939,56260.7498986199,0.160394802317582,0.135589782586773,0.295984584904356
"23900","Gettysburg, PA",40415.1892856332,35919.7426177596,76334.9319033928,106696.099714072,94828.1205108854,201524.220224957,0.561322073411572,0.49888531413555,1.06020738754712
"23940","Gillette, WY",1562.03288652234,960.056455797337,2522.08934231967,4123.76682041897,2534.54904330497,6658.31586372394,0.0216949012016991,0.0133341174416297,0.0350290186433288
"23980","Glasgow, KY",2395.37101404757,3519.4484895226,5914.81950357016,6323.77947708557,9291.34401233966,15615.1234894252,0.0332690418617718,0.0488812290211472,0.082150270882919
"24011","Caroline County, MD",22210.5883435561,10125.1979743877,32335.7863179438,58635.953226988,26730.5226523835,85366.4758793715,0.308480393660501,0.140627749644273,0.449108143304774
"24020","Glens Falls, NY",29415.0969597603,21378.1535674925,50793.2505272528,77655.8559737671,56438.3254181802,134094.181391947,0.408543013330004,0.296918799548507,0.705461812878511
"24023","Garrett County, MD",6903.64714589936,4231.20569104363,11134.852836943,18225.6284651743,11170.3830243552,29396.0114895295,0.0958839881374911,0.0587667457089393,0.15465073384643
"24029","Kent County, MD",11294.817758864,5556.05752908754,16850.8752879516,29818.3188834011,14667.9918767911,44486.3107601922,0.156872468873112,0.0771674656817714,0.234039934554883
"24100","Gloversville, NY",12978.2155521145,8298.16879853811,21276.3843506526,34262.4890575823,21907.1656281406,56169.654685723,0.180252993779368,0.11525234442414,0.295505338203509
"24140","Goldsboro, NC",75677.3692309228,31153.0236661586,106830.392897081,199788.254769636,82243.9824786587,282032.237248295,1.05107457265171,0.432680884252203,1.48375545690391
"24180","Granbury, TX",7465.29683069484,8126.61852729679,15591.9153579916,19708.3836330344,21454.2729120635,41162.6565450979,0.103684678204095,0.112869701768011,0.216554379972106
"24220","Grand Forks, ND-MN",153699.992594838,201529.810976798,355229.803571636,405767.980450373,532038.700978746,937806.681429119,2.13472211937275,2.79902515245552,4.93374727182827
"24260","Grand Island, NE",17345.7537315255,4512.71887156084,21858.4726030863,45792.7898512273,11913.5778209206,57706.367672148,0.240913246271188,0.0626766509939006,0.303589897265088
"24300","Grand Junction, CO",109545.233743447,2325.66859642842,111870.902339875,289199.4170827,6139.76509457103,295339.182177271,1.5214615797701,0.0323009527281725,1.55376253249827
"24330","Grand Rapids, MN",3590.48215453048,4784.97457201399,8375.45672654447,9478.87288796048,12632.3328701169,22111.2057580774,0.0498678077018123,0.066457980166861,0.116325787868673
"24340","Grand Rapids-Wyoming-Kentwood, MI",221717.447607898,288799.522586971,510516.970194868,585334.06168485,762430.739629602,1347764.80131445,3.07940899455414,4.01110448037459,7.09051347492873
"24420","Grants Pass, OR",4344.20926644904,12499.2801722742,16843.4894387232,11468.7124634255,32998.0996548039,44466.8121182294,0.0603362398117922,0.173601113503808,0.233937353315601
"24460","Great Bend, KS",3295.25453616703,2843.29537150302,6138.54990767006,8699.47197548097,7506.29978076797,16205.7717562489,0.045767424113431,0.0394902134930975,0.0852576376065285
"24500","Great Falls, MT",25378.7386698411,13440.799509236,38819.5381790771,66999.8700883806,35483.710704383,102483.580792764,0.352482481525571,0.186677770961611,0.539160252487182
"24540","Greeley, CO",393312.094075921,353767.151083758,747079.245159679,1038343.92836043,933945.278861122,1972289.20722155,5.46266797327668,4.91343265394109,10.3761006272178
"24580","Green Bay, WI",32532.5591949457,59071.3791864022,91603.9383813479,85885.9562746567,155948.441052102,241834.397326758,0.451841099929802,0.820435822033363,1.27227692196316
"24600","Greencastle, IN",15278.4809824563,60309.4252098634,75587.9061923197,40335.1897936846,159216.882554039,199552.072347724,0.212201124756337,0.837630905692548,1.04983203044888
"24620","Greeneville, TN",6167.21899108274,4000.79336209664,10168.0123531794,16281.4581364584,10562.0944759351,26843.5526123936,0.0856558193205937,0.0555665744735644,0.141222393794158
"24640","Greenfield, MA",330019.011470093,82764.4346930669,412783.44616316,871250.190281046,218498.107589697,1089748.29787074,4.58359738152907,1.14950603740371,5.73310341893278
"24660","Greensboro-High Point, NC",506107.950855697,373107.852083918,879215.802939615,1336124.99025904,985004.729501544,2321129.71976058,7.02927709521801,5.18205350116553,12.2113305963835
"24700","Greensburg, IN",3544.00532785708,3639.69577590727,7183.70110376435,9356.1740655427,9608.79684839519,18964.9709139379,0.0492222962202373,0.0505513302209343,0.0997736264411716
"24740","Greenville, MS",2875.42920812899,12747.8228397193,15623.2520478483,7591.13310946053,33654.2522968591,41245.3854063196,0.0399365167795693,0.177053094996102,0.216989611775671
"24780","Greenville, NC",66661.730076295,123725.949609296,190387.679685591,175986.967401419,326636.506968543,502623.474369961,0.925857362170764,1.71841596679578,2.64427332896655
"24820","Greenville, OH",6182.10477618469,6884.69785188859,13066.8026280733,16320.7566091276,18175.6023289859,34496.3589381135,0.0858625663358984,0.0956208034984527,0.181483369834351
"24860","Greenville-Anderson-Greer, SC",803769.739018168,788262.90529877,1592032.64431694,2121952.11100796,2081014.06998875,4202966.18099671,11.1634685974746,10.9480959069274,22.1115645044019
"24900","Greenwood, MS",3724.92730672825,8661.2998111341,12386.2271178623,9833.80808976258,22865.831501394,32699.6395911566,0.0517351014823368,0.120295830710196,0.172030932192533
"24940","Greenwood, SC",24878.5230587187,19282.9748889867,44161.4979477053,65679.3008750173,50907.0537069248,116586.354581942,0.345535042482204,0.26781909568037,0.613354138162574
"24980","Grenada, MS",4887.95027365622,13104.6458714821,17992.5961451383,12904.1887224524,34596.2651007126,47500.453823165,0.0678881982452252,0.182008970437251,0.249897168682476
"25060","Gulfport-Biloxi, MS",21755.7060084616,60520.2753942946,82275.9814027563,57435.0638623387,159773.527040938,217208.590903277,0.302162583450856,0.840559380476314,1.14272196392717
"25100","Guymon, OK",485.111068382704,231.28584378804,716.396912170744,1280.69322053034,610.594627600427,1891.28784813076,0.00673765372753755,0.003212303385945,0.00994995711348256
"25180","Hagerstown-Martinsburg, MD-WV",53708.0562394909,30950.8399096333,84658.8961491242,141789.268472256,81710.217361432,223499.485833688,0.745945225548485,0.429872776522685,1.17581800207117
"25200","Hailey, ID",998.565241223136,1369.4179890339,2367.98323025704,2636.21223682908,3615.26349104951,6251.47572787859,0.0138689616836547,0.0190196942921376,0.0328886559757922
"25220","Hammond, LA",12364.8171243188,47926.5305464039,60291.3476707227,32643.1172082016,126526.040642506,159169.157850708,0.171733571171094,0.665646257588943,0.837379828760037
"25260","Hanford-Corcoran, CA",13233.1542315922,15302.8440951272,28535.9983267194,34935.5271714034,40399.5084111357,75335.0355825391,0.183793808772114,0.21253950132121,0.396333310093324
"25300","Hannibal, MO",6779.98860601939,5188.57665231141,11968.5652583308,17899.1699198912,13697.8423621021,31597.0122819933,0.094166508416936,0.0720635646154363,0.166230073032372
"25420","Harrisburg-Carlisle, PA",311641.580013194,173479.809938617,485121.389951811,822733.771234832,457986.69823795,1280720.46947278,4.32835527796103,2.40944180470302,6.73779708266404
"25460","Harrison, AR",4968.98035643822,2915.23647500325,7884.21683144147,13118.1081409969,7696.22429400859,20814.3324350055,0.0690136160616419,0.0404893954861563,0.109503011547798
"25500","Harrisonburg, VA",64725.2199998866,113595.463019303,178320.68301919,170874.580799701,299892.022370961,470766.603170661,0.898961388887314,1.57771476415699,2.4766761530443
"25540","Hartford-West Hartford-East Hartford, CT",1110779.11681316,803436.545111497,1914215.66192465,2932456.86838673,2121072.47909435,5053529.34748108,15.4274877335161,11.1588409043263,26.5863286378424
"25580","Hastings, NE",9463.06101659066,3107.33502993637,12570.396046527,24982.4810837993,8203.36447903201,33185.8455628314,0.131431403008204,0.0431574309713384,0.174588833979542
"25620","Hattiesburg, MS",68613.5312436789,224462.616645333,293076.147889012,181139.722483312,592581.307943679,773721.030426992,0.952965711717763,3.11753634229629,4.07050205401405
"25700","Hays, KS",862.309330589135,927.730252650178,1790.03958323931,2276.49663275532,2449.20786699647,4725.70449975179,0.0119765184804047,0.0128851423979191,0.0248616608783238
"25720","Heber, UT",55963.6777261502,177063.717149063,233027.394875213,147744.109197036,467448.213273526,615192.322470563,0.777273301752086,2.45921829373698,3.23649159548907
"25740","Helena, MT",86257.8471513435,58159.163389953,144417.010541297,227720.716479547,153540.191349476,381260.907829023,1.19802565487977,0.807766158193792,2.00579181307356
"25770","Hemlock Farms, PA",7992.56303110389,6501.8250615191,14494.388092623,21100.3664021143,17164.8181624104,38265.1845645247,0.111007819876443,0.090303125854432,0.201310945730875
"25775","Henderson, KY",923.466283617536,1788.34513967581,2711.81142329334,2437.9509887503,4721.23116874413,7159.18215749443,0.0128259206057991,0.0248381269399418,0.0376640475457409
"25780","Henderson, NC",28433.9019993305,30243.6016597286,58677.5036590591,75065.5012782325,79843.1083816834,154908.609659916,0.394915305546257,0.420050023051786,0.814965328598042
"25820","Hereford, TX",1973.46610243896,443.406467235787,2416.87256967474,5209.95051043885,1170.59307350248,6380.54358394132,0.0274092514227633,0.00615842315605259,0.0335676745788159
"25840","Hermiston-Pendleton, OR",5279.84442072975,5569.78104142193,10849.6254621517,13938.7892707266,14704.2219493539,28643.0112200804,0.0733311725101355,0.077358070019749,0.150689242529884
"25850","Hermitage, PA",25287.8058359806,16781.5050910537,42069.3109270342,66759.8074069887,44303.1734403817,111062.98084737,0.35121952549973,0.233076459597968,0.584295985097697
"25860","Hickory-Lenoir-Morganton, NC",34953.6610469911,38960.6790985398,73914.3401455308,92277.6651640565,102856.192820145,195133.857984201,0.485467514541543,0.541120543035274,1.02658805757682
"25880","Hillsdale, MI",38643.0981699976,27979.8808364107,66622.9790064083,102017.779168794,73866.8854081243,175884.664576918,0.536709696805522,0.38860945606126,0.925319152866782
"25900","Hilo-Kailua, HI",8688.72106036997,15325.0365231344,24013.7575835044,22938.2235993767,40458.0964210748,63396.3200204516,0.120676681394027,0.212847729487978,0.333524410882005
"25940","Hilton Head Island-Bluffton-Port Royal, SC",18423.5099973559,23171.6045688289,41595.1145661848,48638.0663930196,61173.0360617082,109811.102454728,0.25588208329661,0.321827841233734,0.577709924530344
"25980","Hinesville, GA",4815.34483038382,7760.64155532852,12575.9863857123,12712.5103522133,20488.0937060673,33200.6040582806,0.0668797893108864,0.107786688268452,0.174666477579338
"26001","Alcona County, MI",1205.99834805681,684.004724290607,1890.00307234741,3183.83563886997,1805.7724721272,4989.60811099717,0.0167499770563445,0.00950006561514732,0.0262500426714918
"26003","Alger County, MI",1317.32059627666,889.731257812942,2207.0518540896,3477.72637417037,2348.89052062617,5826.61689479654,0.0182961193927313,0.0123573785807353,0.0306534979734666
"26009","Antrim County, MI",1490.77975916184,1008.94610185435,2499.72586101619,3935.65856418725,2663.61770889548,6599.27627308273,0.0207052744328033,0.0140131403035326,0.0347184147363359
"26011","Arenac County, MI",1419.69879158854,762.157055808596,2181.85584739713,3748.00480979374,2012.09462733469,5760.09943712843,0.019718038772063,0.0105855146640083,0.0303035534360713
"26013","Baraga County, MI",8674.59999988911,6013.26126332795,14687.8612632171,22900.9439997072,15875.0097351858,38775.953734893,0.120480555554015,0.0835175175462215,0.203998073100237
"26020","Hobbs, NM",5222.00610432661,2406.68055368357,7628.68665801019,13786.0961154223,6353.63666172463,20139.7327771469,0.0725278625600918,0.0334261188011607,0.105953981361253
"26029","Charlevoix County, MI",2673.59065897258,1798.86021793021,4472.45087690279,7058.27933968762,4748.99097533576,11807.2703150234,0.0371332035968414,0.0249841696934751,0.0621173732903166
"26031","Cheboygan County, MI",2000.92665923912,2957.6493601213,4958.57601936042,5282.44638039127,7808.19431072023,13090.6406911115,0.0277906480449877,0.041078463335018,0.0688691113800058
"26035","Clare County, MI",11243.2389602152,12748.2995182196,23991.5384784348,29682.1508549682,33655.5107280996,63337.6615830678,0.156156096669656,0.177059715530827,0.333215812200483
"26039","Crawford County, MI",2706.63008953354,2021.54997009633,4728.18005962987,7145.50343636855,5336.89192105431,12482.3953574229,0.0375920845768547,0.0280770829180046,0.0656691674948593
"26051","Gladwin County, MI",1692.17529409749,1671.9669964577,3364.14229055519,4467.34277641738,4413.99287064833,8881.3356470657,0.0235024346402429,0.0232217638396903,0.0467241984799332
"26053","Gogebic County, MI",2401.71632546537,1545.89565735605,3947.61198282142,6340.53109922857,4081.16453541998,10421.6956346485,0.033357171187019,0.0214707730188341,0.054827944205853
"26063","Huron County, MI",5396.55301358539,4036.103887255,9432.6569008404,14246.8999558654,10655.3142623532,24902.2142182186,0.074952125188686,0.0560569984340973,0.131009123622783
"26069","Iosco County, MI",2264.07025742701,2248.94231002388,4513.01256745088,5977.1454796073,5937.20769846304,11914.3531780703,0.0314454202420418,0.0312353098614427,0.0626807301034845
"26071","Iron County, MI",2398.00416236862,1444.684592609,3842.68875497762,6330.73098865316,3813.96732448775,10144.6983131409,0.0333056133662309,0.020065063786236,0.0533706771524669
"26085","Lake County, MI",1461.71946372377,1263.30756907437,2725.02703279814,3858.93938423075,3335.13198235633,7194.07136658708,0.0203016592183857,0.0175459384593662,0.0378475976777519
"26090","Holland, MI",21569.435026482,35747.0475918077,57316.4826182897,56943.3084699125,94372.2056423722,151315.514112285,0.299575486478917,0.49648677210844,0.796062258587357
"26095","Luce County, MI",342.243384139983,221.609931701153,563.853315841136,903.522534129555,585.050219691043,1488.5727538206,0.00475338033527754,0.00307791571807157,0.0078312960533491
"26097","Mackinac County, MI",1230.44259870416,789.914603870937,2020.3572025751,3248.36846057899,2085.37455421927,5333.74301479827,0.0170894805375578,0.0109710361648741,0.028060516702432
"26101","Manistee County, MI",2878.27165922176,2186.02364900695,5064.29530822871,7598.63718034544,5771.10243337836,13369.7396137238,0.0399759952669689,0.030361439569541,0.0703374348365099
"26119","Montmorency County, MI",1610.75519282577,1373.8973404406,2984.65253326637,4252.39370906002,3627.08897876319,7879.48268782322,0.0223715999003579,0.0190819075061195,0.0414535074064774
"26123","Newaygo County, MI",13036.0932600518,8319.11767820981,21355.2109382616,34415.2862065368,21962.4706704739,56377.7568770107,0.181056850834053,0.115543301086247,0.2966001519203
"26127","Oceana County, MI",3583.80908500707,3148.7147070021,6732.52379200917,9461.25598441867,8312.60682648554,17773.8628109042,0.0497751261806538,0.0437321487083625,0.0935072748890162
"26129","Ogemaw County, MI",3569.52531287418,3300.50840921575,6870.03372208993,9423.54682598784,8713.34220032957,18136.8890263174,0.0495767404565858,0.045840394572441,0.0954171350290268
"26131","Ontonagon County, MI",3495.31180816615,2403.67751310443,5898.98932127058,9227.62317355864,6345.7086345957,15573.3318081543,0.048545997335641,0.0333844099042282,0.0819304072398692
"26133","Osceola County, MI",9442.80657617509,5755.65359020209,15198.4601663772,24929.0093611022,15194.9254781335,40123.9348392357,0.131150091335765,0.0799396331972512,0.211089724533016
"26135","Oscoda County, MI",409.910391688273,403.337809921342,813.248201609616,1082.16343405704,1064.81181819234,2146.97525224939,0.00569319988455935,0.00560191402668531,0.0112951139112447
"26137","Otsego County, MI",2166.77141057594,1916.62155298802,4083.39296356396,5720.27652392048,5059.88089988837,10780.1574238088,0.0300940473691102,0.0266197437915003,0.0567137911606105
"26140","Homosassa Springs, FL",8263.55122818582,6125.17114959262,14388.7223777784,21815.7752424106,16170.4518349245,37986.2270773351,0.114771544835914,0.0850718215221197,0.199843366358034
"26141","Presque Isle County, MI",1010.66835443501,871.703655175121,1882.37200961013,2668.16445570843,2301.29764966232,4969.46210537075,0.0140370604782641,0.0121069952107656,0.0261440556890296
"26143","Roscommon County, MI",2808.81023545338,7735.74947588986,10544.5597113432,7415.25902159693,20422.3786163492,27837.6376379462,0.0390112532701859,0.107440964942915,0.146452218213101
"26151","Sanilac County, MI",6242.09341123618,5161.10371642064,11403.1971276568,16479.1266056635,13625.3138113505,30104.440417014,0.0866957418227248,0.0716819960613977,0.158377737884123
"26153","Schoolcraft County, MI",1249.27188013703,672.909943669749,1922.18182380678,3298.07776356176,1776.48225128814,5074.56001484989,0.0173509983352365,0.00934597143985762,0.0266969697750941
"26157","Tuscola County, MI",8705.83427090717,6546.9560377033,15252.7903086105,22983.4024751949,17283.9639395367,40267.3664147316,0.120914364873711,0.0909299449681013,0.211844309841812
"26159","Van Buren County, MI",15626.7643628209,28272.3885233574,43899.1528861783,41254.6579178471,74639.1057016635,115893.763619511,0.217038393928068,0.392672062824408,0.609710456752476
"26220","Hood River, OR",538.204825324308,1101.77114117211,1639.97596649642,1420.86073885617,2908.67581269438,4329.53655155055,0.00747506701839316,0.0153023769607238,0.022777443979117
"26300","Hot Springs, AR",2558.34661120449,1571.69491994669,4130.04153115118,6754.03505357986,4149.27458865925,10903.3096422391,0.0355325918222846,0.0218290961103706,0.0573616879326553
"26340","Houghton, MI",288712.627342686,197072.869906062,485785.497248747,762201.33618469,520272.376552003,1282473.71273669,4.00989760198174,2.73712319313974,6.74702079512149
"26380","Houma-Bayou Cane-Thibodaux, LA",10084.0971309691,26719.3779958007,36803.4751267698,26622.0164257584,70539.1579089139,97161.1743346724,0.140056904596793,0.371102472163899,0.511159376760692
"26420","Houston-Pasadena-The Woodlands, TX",4412654.90013434,3282063.99174605,7694718.8918804,11649408.9363547,8664648.93820958,20314057.8745642,61.286873612977,45.5842221075841,106.871095720561
"26460","Hudson, NY",24248.2523429827,18771.5867332346,43019.8390762174,64015.3861854745,49556.9889757394,113572.375161214,0.336781282541427,0.260716482406036,0.597497764947463
"26500","Huntingdon, PA",65065.7476900805,32381.5670561852,97447.3147462657,171773.573901813,85487.3370283289,257260.910930142,0.903690940140007,0.449743986891461,1.35343492703147
"26540","Huntington, IN",8870.41970402023,7319.78894251269,16190.2086465329,23417.9080186134,19324.2428082335,42742.1508268469,0.123200273666948,0.101663735312676,0.224864008979624
"26580","Huntington-Ashland, WV-KY-OH",195080.556517984,11834.139146019,206914.695664003,515012.669207477,31242.1273454902,546254.796552967,2.70945217386088,0.164363043694709,2.87381521755559
"26620","Huntsville, AL",363806.301413655,91639.5778134891,455445.879227144,960448.63573205,241928.485427611,1202377.12115966,5.05286529741188,1.27277191407624,6.32563721148812
"26660","Huntsville, TX",19476.7237079869,67870.5711453722,87347.2948533591,51418.5505890855,179178.307823783,230596.858412868,0.270510051499819,0.942646821463503,1.21315687296332
"26700","Huron, SD",5705.94249257759,834.82604719424,6540.76853977183,15063.6881804048,2203.94076459279,17267.6289449976,0.0792492012857999,0.0115948062110311,0.090844007496831
"26740","Hutchinson, KS",5630.16404717172,5200.40447181486,10830.5685189866,14863.6330845334,13729.0678055912,28592.7008901246,0.078196722877385,0.0722278398863175,0.150424562763703
"26780","Hutchinson, MN",2800.58021082763,4080.04680134004,6880.62701216766,7393.53175658493,10771.3235555377,18164.8553121226,0.0388969473726059,0.0566673166852783,0.0955642640578842
"26820","Idaho Falls, ID",20926.9117742968,23803.938884218,44730.8506585148,55247.0470841435,62842.3986543357,118089.445738479,0.290651552420788,0.330610262280806,0.621261814701595
"26860","Indiana, PA",25250.0045738229,15708.8697586321,40958.874332455,66660.0120748924,41471.4161627888,108131.428237681,0.350694507969762,0.218178746647668,0.56887325461743
"26900","Indianapolis-Carmel-Greenwood, IN",798854.267521776,1165062.28058509,1963916.54810687,2108975.26625749,3075764.42074465,5184739.68700214,11.0951981600247,16.1814205636819,27.2766187237065
"26980","Iowa City, IA",371536.332609851,661128.418889506,1032664.75149936,980855.918090008,1745379.0258683,2726234.9439583,5.16022684180349,9.18233915124313,14.3425659930466
"27001","Aitkin County, MN",7367.56410030883,9406.62771702702,16774.1918173359,19450.3692248153,24833.4971729513,44283.8663977667,0.102327279170956,0.130647607180931,0.232974886351887
"27011","Big Stone County, MN",269.937067334104,382.129826737356,652.06689407146,712.633857762033,1008.82274258662,1721.45660034865,0.00374912593519588,0.0053073587046855,0.00905648463988139
"27020","Iron Mountain, MI-WI",10619.5862184557,7096.29523053836,17715.8814489941,28035.7076167232,18734.2194086213,46769.9270253444,0.147494253034108,0.0985596559796995,0.246053909013807
"27023","Chippewa County, MN",833.29885051355,500.555031027054,1333.8538815406,2199.90896535577,1321.46528191142,3521.37424726719,0.0115735951460215,0.00695215320870908,0.0185257483547306
"27029","Clearwater County, MN",1689.56739578545,2241.52395896917,3931.09135475462,4460.4579248736,5917.6232516786,10378.0811765522,0.0234662138303535,0.0311322772079051,0.0545984910382586
"27031","Cook County, MN",19.3365383009654,25.6677633868179,45.0043016877833,51.0484611145486,67.7628953411993,118.811356455748,0.000268563031957852,0.000356496713705804,0.000625059745663657
"27033","Cottonwood County, MN",388.86279207071,170.787435868013,559.650227938723,1026.59777106667,450.878830691554,1477.47660175823,0.00540087211209319,0.00237204772038907,0.00777291983248226
"27043","Faribault County, MN",417.99140739377,875.455350615217,1293.44675800899,1103.49731551955,2311.20212562417,3414.69944114373,0.00580543621380237,0.012159102091878,0.0179645383056804
"27051","Grant County, MN",356.504324205973,570.971664436175,927.475988642148,941.171415903769,1507.3651941115,2448.53661001527,0.00495144894730518,0.00793016200605799,0.0128816109533632
"27057","Hubbard County, MN",4751.72544012399,6428.32289154204,11180.048331666,12544.5551619273,16970.772433671,29515.3275955983,0.0659961866683887,0.0892822623825284,0.155278449050917
"27060","Ithaca, NY",1883610.55793188,1210624.65504905,3094235.21298093,4972731.87294016,3196049.08932949,8168780.96226966,26.1612577490539,16.8142313201257,42.9754890691796
"27063","Jackson County, MN",468.225505135778,238.281090459223,706.506595595,1236.11533355845,629.062078812348,1865.1774123708,0.00650313201577469,0.00330945958971143,0.00981259160548612
"27065","Kanabec County, MN",5123.43562140742,6589.87474165375,11713.3103630612,13525.8700405156,17397.2693179659,30923.1393584815,0.0711588280751031,0.0915260380785243,0.162684866153627
"27069","Kittson County, MN",116.486495737761,158.672141584146,275.158637321908,307.52434874769,418.894453782147,726.418802529836,0.00161786799635779,0.00220377974422426,0.00382164774058205
"27071","Koochiching County, MN",3780.9386749519,4827.99134060323,8608.93001555513,9981.67810187301,12745.8971391925,22727.5752410655,0.0525130371521097,0.067055435286156,0.119568472438266
"27073","Lac qui Parle County, MN",754.028032256213,329.854911400035,1083.88294365625,1990.6340051564,870.816966096092,2861.45097125249,0.0104726115591141,0.00458131821388937,0.0150539297730034
"27075","Lake County, MN",1833.83830370938,2430.68622325622,4264.5245269656,4841.33312179276,6417.01162939642,11258.3447511892,0.025469976440408,0.0337595308785586,0.0592295073189666
"27077","Lake of the Woods County, MN",168.424200273693,242.42549283327,410.849693106962,444.639888722548,640.003301079832,1084.64318980238,0.00233922500380129,0.00336702073379541,0.0057062457375967
"27081","Lincoln County, MN",3410.89176437866,371.031195162569,3781.92295954123,9004.75425795967,979.522355229182,9984.27661318885,0.0473734967274814,0.00515321104392457,0.052526707771406
"27087","Mahnomen County, MN",408.421988232281,576.764038537502,985.186026769784,1078.23404893322,1522.65706173901,2600.89111067223,0.00567252761433724,0.0080106116463542,0.0136831392606914
"27089","Marshall County, MN",1835.44122574005,2436.63837398498,4272.07959972503,4845.56483595372,6432.72530732036,11278.2901432741,0.0254922392463895,0.0338421996386803,0.0593344388850699
"27093","Meeker County, MN",1409.40494779794,1976.82796522551,3386.23291302346,3720.82906218657,5218.82582819535,8939.65489038192,0.0195750687194159,0.0274559439614655,0.0470310126808813
"27097","Morrison County, MN",246.264202066844,435.218107007801,681.482309074645,650.137493456468,1148.97580250059,1799.11329595706,0.00342033613981728,0.0060446959306639,0.00946503207048117
"27100","Jackson, MI",124746.766834356,89389.1146710117,214135.881505367,329331.464442699,235987.262731471,565318.72717417,1.7325939838105,1.24151548154183,2.97410946535233
"27101","Murray County, MN",155.747955438381,133.081972828882,288.829928267262,411.174602357325,351.336408268248,762.511010625573,0.00216316604775529,0.00184836073373447,0.00401152678148976
"27107","Norman County, MN",1676.46105590024,2422.40539982958,4098.86645572982,4425.85718757663,6395.15025555009,10821.0074431267,0.0232841813319478,0.0336445194420775,0.0569287007740253
"27113","Pennington County, MN",680.235977393706,941.10500913477,1621.34098652848,1795.82298031938,2484.51722411579,4280.34020443518,0.00944772190824591,0.0130709029046496,0.0225186248128955
"27115","Pine County, MN",13082.7721370834,16576.5693931053,29659.3415301887,34538.5184419001,43762.1431977981,78300.6616396982,0.181705168570603,0.230230130459796,0.411935299030399
"27117","Pipestone County, MN",2784.81272083767,3124.19002925775,5909.00275009542,7351.90558301145,8247.86167724047,15599.7672602519,0.0386779544560788,0.0433915281841354,0.0820694826402142
"27121","Pope County, MN",709.472220671196,1006.8061677935,1716.2783884647,1873.00666257196,2657.96828297484,4530.9749455468,0.0098537808426555,0.013983418997132,0.0238371998397875
"27125","Red Lake County, MN",804.583452809748,889.300605325807,1693.88405813555,2124.10031541774,2347.75359806013,4471.85391347786,0.0111747701779132,0.0123513972961918,0.0235261674741049
"27127","Redwood County, MN",764.54090025258,473.799643852228,1238.34054410481,2018.38797666681,1250.83105976988,3269.21903643669,0.0106186236146192,0.00658055060905872,0.0171991742236779
"27129","Renville County, MN",171.049291955268,282.994719787111,454.044011742379,451.570130761907,747.106060237974,1198.67619099988,0.00237568461048983,0.00393048221926544,0.00630616682975527
"27135","Roseau County, MN",407.826160938576,555.874857514486,963.701018453062,1076.66106487784,1467.50962383824,2544.17068871608,0.005664252235258,0.00772048413214564,0.0133847363674036
"27140","Jackson, MS",41938.2239503957,160908.654036473,202846.877986869,110716.911229045,424798.846656288,535515.757885333,0.582475332644385,2.23484241717323,2.81731774981762
"27143","Sibley County, MN",5859.33246308725,7214.42363851719,13073.7561016044,15468.6377025503,19046.0784056854,34514.7161082357,0.0813796175428785,0.100200328312739,0.181579945855617
"27149","Stevens County, MN",558.305750019613,791.170936505225,1349.47668652484,1473.92718005178,2088.69127237379,3562.61845242557,0.00775424652805018,0.0109884852292392,0.0187427317572894
"27151","Swift County, MN",496.738942381062,679.888464300717,1176.62740668178,1311.390807886,1794.90554575389,3106.2963536399,0.00689915197751474,0.00944289533750995,0.0163420473150247
"27153","Todd County, MN",1313.45151425521,1766.55974015624,3080.01125441144,3467.51199763375,4663.71771401247,8131.22971164621,0.0182423821424334,0.0245355519466144,0.0427779340890478
"27155","Traverse County, MN",67.7378150961474,97.5857560743286,165.323571170476,178.827831853829,257.626396036228,436.454227890057,0.000940802987446491,0.00135535772325456,0.00229616071070106
"27159","Wadena County, MN",2652.7994711004,3541.8392600917,6194.6387311921,7003.39060370505,9350.45564664209,16353.8462503471,0.0368444370986166,0.049192211945718,0.0860366490443347
"27161","Waseca County, MN",6167.12447287884,10074.8988256444,16242.0232985232,16281.2086084001,26597.7328997011,42878.9415081012,0.0856545065677617,0.139929150356172,0.225583656923933
"27165","Watonwan County, MN",1514.96755146329,1860.94978312622,3375.91733458951,3999.51433586308,4912.90742745322,8912.4217633163,0.0210412159925457,0.0258465247656419,0.0468877407581876
"27173","Yellow Medicine County, MN",792.477504134037,739.956500667989,1532.43400480203,2092.14061091386,1953.48516176349,4045.62577267735,0.0110066320018616,0.0102771736203887,0.0212838056222504
"27180","Jackson, TN",16237.6950683316,10503.7842794491,26741.4793477807,42867.5149803954,27729.9904977457,70597.505478141,0.225523542615716,0.145885892770127,0.371409435385843
"27220","Jackson, WY-ID",2378.18219839135,1981.48205353909,4359.66425193044,6278.40100375315,5231.1126213432,11509.5136250964,0.0330303083109909,0.0275205840769318,0.0605508923879227
"27260","Jacksonville, FL",200927.89480053,145240.731434054,346168.626234584,530449.642273399,383435.530985902,913885.173259301,2.79066520556291,2.01723238102853,4.80789758659144
"27300","Jacksonville, IL",8389.0363801701,4316.87624631383,12705.9126264839,22147.0560436491,11396.5532902685,33543.6093339175,0.116514394169029,0.0599566145321365,0.176471008701166
"27340","Jacksonville, NC",56802.6051364795,34314.212771241,91116.8179077205,149958.877560306,90589.5217160762,240548.399276382,0.788925071339994,0.476586288489458,1.26551135982945
"27380","Jacksonville, TX",3665.40617365957,7370.08024429027,11035.4864179498,9676.67229846126,19457.0118449263,29133.6841433876,0.0509084190786051,0.102362225615143,0.153270644693748
"27420","Jamestown, ND",4543.97390911972,6429.77565229672,10973.7495614164,11996.0911200761,16974.6077220633,28970.6988421394,0.0631107487377738,0.0893024396152322,0.152413188353006
"27460","Jamestown-Dunkirk, NY",44207.8170237355,38197.8785686202,82405.6955923557,116708.636942662,100842.399421157,217551.036363819,0.613997458662993,0.530526091230836,1.14452354989383
"27500","Janesville-Beloit, WI",60034.9784874816,117884.098213657,177919.076701139,158492.343206951,311214.019284056,469706.362491007,0.833819145659467,1.63727914185635,2.47109828751582
"27540","Jasper, IN",7656.8625832094,12494.8818694608,20151.7444526702,20214.1172196728,32986.4881353766,53200.6053550494,0.106345313655686,0.173540025964734,0.27988533962042
"27600","Jefferson, GA",33067.3070124197,30696.5454067272,63763.8524191468,87297.6905127879,81038.8798737597,168336.570386548,0.459268152950273,0.426340908426766,0.885609061377039
"27620","Jefferson City, MO",79893.4180991145,78736.1980813557,158629.61618047,210918.623781662,207863.562934779,418782.186716441,1.10963080693215,1.0935583066855,2.20318911361764
"27700","Jesup, GA",2602.03210074871,2785.68539101057,5387.71749175928,6869.3647459766,7354.2094322679,14223.5741782445,0.036139334732621,0.0386900748751468,0.0748294096077678
"27740","Johnson City, TN",11817.279498829,8902.56474408413,20719.8442429131,31197.6178769085,23502.7709243821,54700.3888012906,0.16412888192818,0.123646732556724,0.287775614484905
"27780","Johnstown, PA",73150.3451926878,43435.814215189,116586.159407877,193116.911308696,114670.549528099,307787.460836795,1.01597701656511,0.603275197433181,1.61925221399829
"27860","Jonesboro, AR",42649.4836358352,68646.4671764056,111295.950812241,112594.636798605,181226.673345711,293821.310144316,0.5923539393866,0.953423155227856,1.54577709461446
"27900","Joplin, MO-KS",14283.2415395942,13532.3484837848,27815.590023379,37707.7576645288,35725.3999971919,73433.1576617206,0.198378354716587,0.187949284497011,0.386327639213598
"27940","Juneau, AK",0.994152540862317,27.0953334947559,28.0894860356183,2.62456270787652,71.5316804261557,74.1562431340322,0.0000138076741786433,0.000376324076316055,0.000390131750494698
"27980","Kahului-Wailuku, HI",8651.64380187122,15879.1779604263,24530.8217622975,22840.33963694,41921.0298155253,64761.3694524653,0.120161719470434,0.220544138339254,0.340705857809687
"28005","Amite County, MS",807.698016573893,2745.37590678981,3553.0739233637,2132.32276375508,7247.7923939251,9380.11515768017,0.0112180280079707,0.0381302209276362,0.049348248935607
"28007","Attala County, MS",2040.07398235242,5200.14880058063,7240.22278293305,5385.79531341039,13728.3928335329,19114.1881469433,0.0283343608660058,0.0722242888969532,0.100558649762959
"28013","Calhoun County, MS",5256.31387898094,9381.74051583666,14638.0543948176,13876.6686405097,24767.7949618088,38644.4636023185,0.0730043594302909,0.130301951608842,0.203306311039133
"28017","Chickasaw County, MS",2553.39105794188,8505.6664302768,11059.0574882187,6740.95239296658,22454.9593759308,29195.9117688973,0.0354637646936373,0.118134255976067,0.153598020669704
"28019","Choctaw County, MS",2764.12944843367,18996.1821863475,21760.3116347812,7297.30174386488,50149.9209719575,57447.2227158224,0.0383906867838009,0.263835863699271,0.302226550483072
"28020","Kalamazoo-Portage, MI",125152.37339727,297142.016276007,422294.389673277,330402.265768793,784454.922968659,1114857.18873745,1.73822740829542,4.12697244827787,5.86519985657329
"28021","Claiborne County, MS",150.827881375591,1082.95610096852,1233.78398234411,398.185606831559,2859.00410655689,3257.18971338845,0.00209483168577209,0.0150410569578961,0.0171358886436682
"28025","Clay County, MS",7197.84817425009,46836.2776261797,54034.1258004298,19002.3191800202,123647.772933114,142650.092113135,0.0999701135312513,0.650503855919162,0.750473969450413
"28031","Covington County, MS",2598.03025145004,9493.21103408586,12091.2412855359,6858.7998638281,25062.0771299867,31920.8769938148,0.0360837534923616,0.131850153251192,0.167933906743554
"28037","Franklin County, MS",362.946720880024,1131.31758293599,1494.26430381601,958.179343123264,2986.678418951,3944.85776207427,0.00504092667888922,0.0157127442074443,0.0207536708863335
"28039","George County, MS",1064.89624711536,3486.65927744332,4551.55552455868,2811.32609238455,9204.78049245036,12016.1065848349,0.01479022565438,0.0484258232978239,0.0632160489522039
"28041","Greene County, MS",623.285261608881,2390.67769410177,3013.96295571065,1645.47309064745,6311.38911242867,7956.86220307612,0.0086567397445678,0.0332038568625246,0.0418605966070924
"28053","Humphreys County, MS",745.651840235264,2084.34282076347,2829.99466099874,1968.5208582211,5502.66504681557,7471.18590503666,0.0103562755588231,0.0289492058439371,0.0393054814027602
"28060","Kalispell, MT",844.985997034799,9383.3371070754,10228.3231041102,2230.76303217187,24772.0099626791,27002.7729948509,0.0117359166254833,0.130324126487158,0.142060043112642
"28065","Jefferson Davis County, MS",1774.00308398516,5892.46416317223,7666.46724715739,4683.36814172082,15556.1053907747,20239.4735324955,0.0246389317220161,0.0818397800440588,0.106478711766075
"28069","Kemper County, MS",441.763605303358,857.062100904828,1298.82570620819,1166.25591800086,2262.64394638875,3428.89986438961,0.0061356056292133,0.0119036402903448,0.0180392459195581
"28077","Lawrence County, MS",510.606542906924,1523.48687913402,2034.09342204094,1348.00127327428,4022.00536091381,5370.00663418809,0.00709175754037395,0.0211595399879725,0.0282512975283464
"28079","Leake County, MS",708.609681521856,1966.39711288246,2675.00679440431,1870.7295592177,5191.28837800968,7062.01793722738,0.009841801132248,0.0273110710122563,0.0371528721445043
"28091","Marion County, MS",1395.40809933223,3969.81308540183,5365.22118473406,3683.87738223709,10480.3065454608,14164.1839276979,0.019380668046281,0.0551362928528032,0.0745169608990842
"28095","Monroe County, MS",3070.41417525801,13186.4200512703,16256.8342265283,8105.89342268114,34812.1489353535,42918.0423580347,0.0426446413230279,0.183144722934309,0.225789364257337
"28099","Neshoba County, MS",1006.83251008896,3448.78877633938,4455.62128642834,2658.03782663485,9104.80236953596,11762.8401961708,0.0139837848623466,0.0478998441158247,0.0618836289781714
"28100","Kankakee, IL",37034.3221262621,43956.2524132271,80990.5745394892,97770.6104133319,116044.50637092,213815.116784251,0.514365585086973,0.610503505739265,1.12486909082624
"28101","Newton County, MS",911.126343235959,3108.47567744941,4019.60202068537,2405.37354614293,8206.37578846644,10611.7493346094,0.0126545325449439,0.0431732732979084,0.0558278058428523
"28107","Panola County, MS",18500.3552842869,26830.7172026024,45331.0724868893,48840.9379505174,70833.0934148703,119674.031365388,0.256949378948429,0.372648850036144,0.629598228984573
"28115","Pontotoc County, MS",5487.47911596366,11313.2529302524,16800.7320462161,14486.9448661441,29866.9877358664,44353.9326020105,0.0762149877217174,0.157128512920173,0.23334350064189
"28119","Quitman County, MS",650.850096667166,1035.01295946207,1685.86305612924,1718.24425520132,2732.43421297987,4450.67846818119,0.00903958467593286,0.0143751799925288,0.0234147646684616
"28125","Sharkey County, MS",87.300499233438,527.348318308723,614.648817542161,230.473317976276,1392.19956033503,1622.67287831131,0.00121250693379775,0.00732428219873227,0.00853678913253002
"28129","Smith County, MS",377.044580567507,1521.72515441634,1898.76973498385,995.39769269822,4017.35440765914,5012.75210035735,0.00523673028565983,0.0211350715891158,0.0263718018747756
"28133","Sunflower County, MS",1710.43466072325,4599.04916766566,6309.48382838891,4515.54750430938,12141.4898026373,16657.0373069467,0.0237560369544896,0.0638756828842453,0.0876317198387349
"28135","Tallahatchie County, MS",911.289571441994,2351.70026819792,3262.98983963992,2405.80446860686,6208.48870804251,8614.29317664938,0.012656799603361,0.0326625037249711,0.0453193033283322
"28139","Tippah County, MS",2475.62352813855,4868.3293366935,7343.95286483205,6535.64611428577,12852.3894488708,19388.0355631566,0.0343836601130354,0.0676156852318541,0.10199934534489
"28140","Kansas City, MO-KS",372090.588107042,368451.482255701,740542.070362743,982319.152602591,972711.913155051,1955031.06575764,5.16792483482003,5.11738169799585,10.2853065328159
"28141","Tishomingo County, MS",1816.67347407245,3348.20068173553,5164.87415580798,4796.01797155126,8839.24979978181,13635.2677713331,0.025231576028784,0.0465027872463268,0.0717343632751108
"28145","Union County, MS",5539.17846414709,12461.7663528271,18000.9448169742,14623.4311453483,32899.0631714635,47522.4943168118,0.0769330342242651,0.173080088233709,0.250013122457975
"28153","Wayne County, MS",1234.52627228789,5614.40010942513,6848.92638171302,3259.14935884003,14822.0162888823,18081.1656477224,0.0171461982262207,0.0779777792975712,0.095123977523792
"28157","Wilkinson County, MS",488.891775555247,1749.53214330453,2238.42391885977,1290.67428746585,4618.76485832395,5909.4391457898,0.00679016354937844,0.0242990575458962,0.0310892210952746
"28159","Winston County, MS",3629.18687854959,22251.7480005493,25880.9348790989,9581.05335937091,58744.6147214502,68325.6680808212,0.0504053733131887,0.309052055563185,0.359457428876374
"28180","Kapaa, HI",1630.53144788233,3074.3159298831,4704.84737776543,4304.60302240936,8116.19405489138,12420.7970773007,0.0226462701094769,0.0426988323594875,0.0653451024689643
"28260","Kearney, NE",17425.0492186061,4700.53547802304,22125.5846966291,46002.1299371201,12409.4136619808,58411.5435991009,0.24201457248064,0.0652852149725422,0.307299787453182
"28300","Keene, NH",32135.5928961695,34064.8909220979,66200.4838182674,84837.9652458874,89931.3120343386,174769.277280226,0.446327679113465,0.473123485029138,0.919451164142603
"28340","Kendallville, IN",9274.11847499373,15487.0994765694,24761.2179515632,24483.6727739835,40885.9426181433,65369.6153921267,0.12880720104158,0.215098603841242,0.343905804882822
"28380","Kennett, MO",1750.83646494895,1771.56329494408,3522.39975989303,4622.20826746523,4676.92709865237,9299.1353661176,0.024317173124291,0.0246050457631122,0.0489222188874032
"28420","Kennewick-Richland, WA",23786.7844394481,17169.1917548271,40955.9761942752,62797.110920143,45326.6662327436,108123.777152887,0.330372006103446,0.238460996594821,0.568833002698267
"28450","Kenosha, WI",17662.5366443701,32395.2161243067,50057.7527686768,46629.096741137,85523.3705681697,132152.467309307,0.245313008949584,0.449933557282038,0.695246566231622
"28500","Kerrville, TX",5160.79963851065,4996.11909957395,10156.9187380846,13624.5110456681,13189.7544228752,26814.2654685433,0.0716777727570924,0.0693905430496382,0.141068315806731
"28540","Ketchikan, AK",7.18984931848796,0,7.18984931848796,18.9812022008082,0,18.9812022008082,0.0000998590183123328,0,0.0000998590183123328
"28580","Key West-Key Largo, FL",5563.70118555445,3840.6725393243,9404.37372487875,14688.1711298638,10139.3755038162,24827.5466336799,0.0772736275771452,0.0533426741572819,0.130616301734427
"28620","Kill Devil Hills, NC",7267.05722640045,6746.49883961717,14013.5560660176,19185.0310776972,17810.7569365893,36995.7880142865,0.100931350366673,0.0937013727724607,0.194632723139134
"28660","Killeen-Temple, TX",108550.265830839,124264.894962627,232815.160793466,286572.701793415,328059.322701335,614632.02449475,1.50764258098387,1.72590131892537,3.23354389990925
"28680","Kingsland, GA",1148.27361866263,2793.57723510802,3941.85085377065,3031.44235326933,7375.04390068517,10406.4862539545,0.0159482447036476,0.0387996838209447,0.0547479285245923
"28700","Kingsport-Bristol, TN-VA",56994.0995506916,47258.0952667283,104252.19481742,150464.422813826,124761.371504163,275225.794317989,0.791584715981828,0.656362434260115,1.44794715024194
"28740","Kingston, NY",33615.4727412274,34666.0876307674,68281.5603719948,88744.8480368403,91518.4713452259,180263.319382066,0.46688156585038,0.481473439316214,0.948355005166594
"28780","Kingsville, TX",56022.6821264053,242.763993926624,56265.4461203319,147899.88081371,640.896943966288,148540.777757676,0.778092807311184,0.00337172213786978,0.781464529449054
"28820","Kinston, NC",45786.776939605,14765.1466848967,60551.9236245017,120877.091120557,38979.9872481273,159857.078368684,0.635927457494514,0.205071481734676,0.84099893922919
"28860","Kirksville, MO",10107.3882439799,10026.4836682386,20133.8719122185,26683.5049641069,26469.91688415,53153.4218482569,0.140380392277498,0.139256717614426,0.279637109891924
"28880","Kiryas Joel-Poughkeepsie-Newburgh, NY",149683.11749534,117863.264878147,267546.382373487,395163.430187697,311159.019278307,706322.449466005,2.07893218743528,1.63698978997426,3.71592197740954
"28900","Klamath Falls, OR",5475.28897809864,3651.3437756566,9126.63275375524,14454.7629021804,9639.54756773343,24094.3104699138,0.07604568025137,0.0507131079952306,0.126758788246601
"28940","Knoxville, TN",1060322.86816162,1178702.1644877,2239025.03264932,2799252.37194668,3111773.71424753,5911026.08619421,14.7267065022448,16.3708633956625,31.0975698979073
"29009","Barry County, MO",825.816391476843,1076.48806757561,1902.30445905245,2180.15527349886,2841.92849839961,5022.08377189848,0.011469672103845,0.0149512231607724,0.0264208952646174
"29011","Barton County, MO",3574.89441392614,2331.22789371797,5906.12230764411,9437.72125276502,6154.44163941545,15592.1628921805,0.0496513113045298,0.0323781651905274,0.0820294764950572
"29015","Benton County, MO",232.660600413675,363.646570993613,596.307171407288,614.223985092101,960.026947423139,1574.25093251524,0.0032313972279677,0.00505064681935574,0.00828204404732344
"29020","Kokomo, IN",25431.7079582853,38020.9450700399,63452.6530283252,67139.7090098731,100375.294984905,167515.003994779,0.353218166087295,0.528068681528332,0.881286847615628
"29029","Camden County, MO",11054.9288267671,10735.3759121755,21790.3047389427,29185.0121026652,28341.3924081434,57526.4045108087,0.153540678149543,0.14910244322466,0.302643121374204
"29033","Carroll County, MO",5491.04760688568,4361.53582731789,9852.58343420357,14496.3656821782,11514.4545841192,26010.8202662974,0.0762645500956345,0.0605768864905263,0.136841436586161
"29035","Carter County, MO",491.239169170926,732.369396784007,1223.60856595493,1296.87140661124,1933.45520750978,3230.32661412102,0.00682276623848508,0.0101717971775556,0.0169945634160407
"29039","Cedar County, MO",1333.00845780272,1641.58014303473,2974.58860083745,3519.14232859918,4333.77157761169,7852.91390621087,0.0185140063583711,0.0227997242088157,0.0413137305671868
"29041","Chariton County, MO",2929.21760390078,3012.77633136217,5941.99393526295,7733.13447429807,7953.72951479612,15686.8639890942,0.0406835778319553,0.0418441157133634,0.0825276935453188
"29045","Clark County, MO",1804.92033870402,1844.62346910103,3649.54380780505,4764.98969417862,4869.80595842672,9634.79565260534,0.0250683380375559,0.025619770404181,0.0506881084417369
"29055","Crawford County, MO",28012.2415778931,25716.2723328447,53728.5139107378,73952.3177656377,67890.95895871,141843.276724348,0.38905891080407,0.357170449067288,0.746229359871358
"29057","Dade County, MO",0,636.078619782357,636.078619782357,0,1679.24755622542,1679.24755622542,0,0.00883442527475497,0.00883442527475497
"29060","Laconia, NH",14359.0056045877,8576.14568483765,22935.1512894254,37907.7747961116,22641.0246079714,60548.799404083,0.199430633397052,0.119113134511634,0.318543767908686
"29061","Daviess County, MO",914.566991273603,946.886514418142,1861.45350569175,2414.45685696231,2499.7803980639,4914.23725502621,0.0127023193232445,0.0131512015891409,0.0258535209123853
"29065","Dent County, MO",40922.4433479888,37274.8410927983,78197.2844407871,108035.25043869,98405.5804849876,206440.830923678,0.568367268722067,0.517706126288866,1.08607339501093
"29067","Douglas County, MO",1064.47666272515,1707.65109915007,2772.12776187522,2810.2183895944,4508.19890175618,7318.41729135059,0.0147843980934049,0.0237173763770843,0.0385017744704892
"29073","Gasconade County, MO",5747.80627294259,5345.85323700249,11093.6595099451,15174.2085605684,14113.0525456866,29287.261106255,0.0798306426797582,0.0742479616250346,0.154078604304793
"29075","Gentry County, MO",923.138622243368,914.396950351733,1837.5355725951,2437.08596272249,2414.00794892857,4851.09391165107,0.0128213697533801,0.0126999576437741,0.0255213273971542
"29079","Grundy County, MO",8.57163096976436,3.71537260794288,12.2870035777072,22.6291057601779,9.8085836849692,32.4376894451471,0.000119050430135616,0.00005160239733254,0.000170652827468156
"29081","Harrison County, MO",1807.7049051228,1795.47390936578,3603.17881448858,4772.34094952419,4740.05112072565,9512.39207024984,0.02510701257115,0.0249371376300802,0.0500441502012302
"29083","Henry County, MO",2399.47979959205,2566.34824399478,4965.82804358683,6334.62667092302,6775.15936414621,13109.7860350692,0.0333261083276674,0.0356437256110386,0.068969833938706
"29085","Hickory County, MO",1114.54583032683,1085.00443805807,2199.5502683849,2942.40099206283,2864.41171647331,5806.81270853613,0.0154798031989837,0.0150695060841399,0.0305493092831236
"29087","Holt County, MO",17.1432619395287,0,17.1432619395287,45.2582115203558,0,45.2582115203558,0.000238100860271232,0,0.000238100860271232
"29093","Iron County, MO",1213.20611691748,1243.17485461905,2456.38097153653,3202.86414866214,3281.9816161943,6484.84576485644,0.0168500849571872,0.0172663174252646,0.0341164023824518
"29100","La Crosse-Onalaska, WI-MN",92084.8812584431,21907.4085936545,113992.289852098,243104.08652229,57835.5586872478,300939.645209538,1.27895668414504,0.304269563800756,1.5832262479458
"29103","Knox County, MO",2763.71136603716,2797.4581596827,5561.16952571986,7296.1980063381,7385.28954156234,14681.4875479004,0.0383848800838495,0.0388535855511487,0.0772384656349981
"29109","Lawrence County, MO",3049.58349151707,4093.90632848076,7143.48981999784,8050.90041760507,10807.9127071892,18858.8131247943,0.0423553262710705,0.0568598101177884,0.0992151363888588
"29115","Linn County, MO",4044.98775210355,4011.62717978906,8056.6149318926,10678.7676655534,10590.6957546431,21269.4634201965,0.0561803854458826,0.0557170441637369,0.11189742960962
"29117","Livingston County, MO",2747.98678930569,2693.21086404867,5441.19765335436,7254.68512376703,7110.07668108848,14364.7618048555,0.0381664831848013,0.0374057064451204,0.0755721896299217
"29119","McDonald County, MO",6595.52202025715,2958.29324076639,9553.81526102354,17412.1781334789,7809.89415562328,25222.0722891021,0.0916044725035715,0.0410874061217555,0.132691878625327
"29121","Macon County, MO",4054.89990955645,4117.60284386327,8172.50275341972,10704.935761229,10870.471507799,21575.4072690281,0.0563180542993951,0.0571889283869898,0.113506982686385
"29123","Madison County, MO",1758.27092921278,2097.45353081934,3855.72446003212,4641.83525312174,5537.27732136305,10179.1125744848,0.0244204295723997,0.0291312990391575,0.0535517286115572
"29125","Maries County, MO",23491.0363700547,20064.937863039,43555.9742330937,62016.3360169443,52971.4359584229,114987.771975367,0.326264394028537,0.278679692542208,0.604944086570745
"29129","Mercer County, MO",206.98127506769,153.330363422679,360.311638490369,546.430566178702,404.792159435872,951.222725614575,0.0028747399314957,0.00212958838087054,0.00500432831236624
"29131","Miller County, MO",8762.61531687135,8323.95808803539,17086.5734049067,23133.3044365404,21975.2493524134,45108.5537889538,0.121702990512102,0.115610529000492,0.237313519512594
"29137","Monroe County, MO",2715.04079190977,2757.46771360351,5472.50850551328,7167.7076906418,7279.71476391326,14447.4224545551,0.0377088998876357,0.0382981626889376,0.0760070625765734
"29139","Montgomery County, MO",5797.64958214615,5315.70628946957,11113.3558716157,15305.7948968658,14033.4646041997,29339.2595010655,0.080522910863141,0.0738292540204108,0.154352164883552
"29141","Morgan County, MO",4056.34738609858,4164.0228097844,8220.37019588297,10708.7570993002,10993.0202178308,21701.777317131,0.056338158140258,0.0578336501358944,0.114171808276152
"29143","New Madrid County, MO",320.450197640037,348.29540791779,668.745605557827,845.988521769697,919.499876902965,1765.48839867266,0.00445069718944496,0.00483743622108041,0.00928813341052537
"29149","Oregon County, MO",280.033009341602,560.344184843742,840.377194185344,739.287144661829,1479.30864798748,2218.59579264931,0.00388934735196669,0.00778255812282975,0.0116719054747964
"29153","Ozark County, MO",418.441466529117,609.382446990626,1027.82391351974,1104.68547163687,1608.76966005525,2713.45513169212,0.00581168703512662,0.00846364509709202,0.0142753321322186
"29155","Pemiscot County, MO",1340.20745145898,1388.04565840069,2728.25310985967,3538.1476718517,3664.44053817783,7202.58821002953,0.0186139923813747,0.0192784119222319,0.0378924043036065
"29157","Perry County, MO",4556.73382209401,1439.17923431151,5995.91305640552,12029.7772903282,3799.43317858239,15829.2104689106,0.0632879697513057,0.0199886004765488,0.0832765702278544
"29163","Pike County, MO",2813.31725703852,2830.10005076919,5643.41730780771,7427.15755858169,7471.46413403067,14898.6216926124,0.0390738507922016,0.0393069451495721,0.0783807959417738
"29171","Putnam County, MO",960.292276399245,1001.98425031693,1962.27652671617,2535.17160969401,2645.23842083668,5180.41003053069,0.0133373927277673,0.0139164479210684,0.0272538406488357
"29179","Reynolds County, MO",911.621702271858,958.278431629787,1869.90013390164,2406.68129399771,2529.85505950264,4936.53635350034,0.0126614125315536,0.0133094226615248,0.0259708351930784
"29180","Lafayette, LA",65937.718055114,165018.866218458,230956.584273572,174075.575665501,435649.806816729,609725.38248223,0.915801639654361,2.29192869747858,3.20773033713295
"29181","Ripley County, MO",263.356891213027,183.55211076724,446.909001980267,695.262192802391,484.577572425514,1179.8397652279,0.00365773460018093,0.00254933487176722,0.00620706947194815
"29185","St. Clair County, MO",24.1101303906851,121.082953893799,145.193084284484,63.6507442314086,319.65899827963,383.309742511038,0.000334862922092848,0.00168170769296943,0.00201657061506228
"29186","Ste. Genevieve County, MO",4815.27002950302,2054.93565080264,6870.20568030567,12712.312877888,5425.03011811898,18137.342996007,0.0668787504097642,0.0285407729278145,0.0954195233375787
"29200","Lafayette-West Lafayette, IN",3224684.32737587,2279445.87618216,5504130.20355803,8513166.6242723,6017737.1131209,14530903.7373932,44.7872823246649,31.65897050253,76.4462528271949
"29203","Shannon County, MO",2740.09143566193,2549.70595158805,5289.79738724998,7233.84139014749,6731.22371219245,13965.0651023399,0.0380568254953045,0.0354125826609451,0.0734694081562497
"29207","Stoddard County, MO",1811.87176094864,1515.93034328873,3327.80210423738,4783.34144890442,4002.05610628226,8785.39755518668,0.0251648855687311,0.0210545881012324,0.0462194736699636
"29209","Stone County, MO",1924.02208976392,2778.43059262006,4702.45268238398,5079.41831697676,7335.05676451695,12414.4750814937,0.0267225290244989,0.0385893137863897,0.0653118428108886
"29211","Sullivan County, MO",69.659781481156,167.69175599295,237.351537474106,183.901823110252,442.706235821388,626.60805893164,0.000967496965016055,0.00232905216656875,0.00329654913158481
"29215","Texas County, MO",11847.3499632103,11282.1010442823,23129.4510074925,31277.0039028751,29784.7467569053,61061.7506597803,0.164546527266809,0.156695847837254,0.321242375104063
"29217","Vernon County, MO",1105.97419935706,1130.43862518538,2236.41282454245,2919.77188630265,2984.35797048941,5904.12985679206,0.0153607527688481,0.0157005364609081,0.0310612892297562
"29221","Washington County, MO",2335.99371431447,2492.01311680319,4828.00683111766,6167.0234057902,6578.91462836043,12745.9380341506,0.0324443571432565,0.0346112932889332,0.0670556504321898
"29223","Wayne County, MO",282.534104269738,294.765743825152,577.29984809489,745.890035272109,778.181563698402,1524.07159897051,0.00392408478152414,0.00409396866423823,0.00801805344576237
"29227","Worth County, MO",8.57163096976436,0,8.57163096976436,22.6291057601779,0,22.6291057601779,0.000119050430135616,0,0.000119050430135616
"29229","Wright County, MO",3557.15005381436,4828.67675698559,8385.82681079995,9390.87614206991,12747.706638442,22138.5827805119,0.0494048618585328,0.0670649549581332,0.116469816816666
"29260","La Grande, OR",41.9932307645186,378.348428782882,420.341659547401,110.862129218329,998.839851986809,1109.70198120514,0.00058323931617387,0.00525483928865114,0.00583807860482501
"29300","LaGrange, GA-AL",64642.5919782868,32403.937256751,97046.5292350378,170656.442822677,85546.3943578226,256202.8371805,0.897813777476206,0.450054684121541,1.34786846159775
"29340","Lake Charles, LA",5724.29538843941,12029.3654739926,17753.660862432,15112.13982548,31757.5248513405,46869.6646768205,0.079504102617214,0.167074520472119,0.246578623089333
"29380","Lake City, FL",63743.7181983161,54667.5321906606,118411.250388977,168283.416043554,144322.284983344,312605.701026898,0.885329419421056,0.759271280425841,1.6446006998469
"29420","Lake Havasu City-Kingman, AZ",18507.6019540265,4957.69192159016,23465.2938756167,48860.06915863,13088.306672998,61948.375831628,0.257050027139257,0.0688568322443078,0.325906859383565
"29460","Lakeland-Winter Haven, FL",59180.4104443562,21081.2889503901,80261.6993947463,156236.2835731,55654.6028290298,211890.88640213,0.821950145060503,0.292795679866529,1.11474582492703
"29470","Lake of the Woods, VA",44753.221151197,24534.2472313029,69287.4683824999,118148.50383916,64770.4126906397,182918.9165298,0.621572515988848,0.340753433768096,0.962325949756943
"29540","Lancaster, PA",141309.093739603,205276.93557973,346586.029319333,373056.007472552,541931.109930488,914987.11740304,1.96262630193893,2.85106854971848,4.81369485165741
"29620","Lansing-East Lansing, MI",2181544.99439713,913811.39132968,3095356.38572681,5759278.78520842,2412462.07311036,8171740.85831878,30.2992360332935,12.6918248795789,42.9910609128724
"29660","Laramie, WY",404673.240619009,388684.354235211,793357.59485422,1068337.35523418,1026126.69518096,2094464.05041514,5.62046167526401,5.39839380882237,11.0188554840864
"29700","Laredo, TX",64398.4280334187,12417.832813154,76816.2608465727,170011.850008225,32783.0786267265,202794.928634952,0.894422611575259,0.172469900182694,1.06689251175795
"29740","Las Cruces, NM",59293.9156388543,86087.4519291856,145381.36756804,156535.937286575,227270.87309305,383806.810379626,0.823526606095199,1.19565905457202,2.01918566066722
"29780","Las Vegas, NM",5029.8118469618,1530.20929383172,6560.02114079352,13278.7032759792,4039.75253571574,17318.4558116949,0.0698584978744694,0.0212529068587739,0.0911114047332433
"29820","Las Vegas-Henderson-North Las Vegas, NV",332764.959526106,151897.833190303,484662.792716409,878499.493148919,401010.2796224,1279509.77277132,4.62173554897369,2.1096921276431,6.73142767661679
"29860","Laurel, MS",4348.44664689145,15633.6915595945,19982.138206486,11479.8991477934,41272.9457173295,52752.8448651229,0.0603950923179368,0.217134604994368,0.277529697312305
"29900","Laurinburg, NC",12498.2874239516,5231.30144728066,17729.5888712323,32995.4787992323,13810.635820821,46806.1146200532,0.173587325332661,0.0726569645455648,0.246244289878226
"29940","Lawrence, KS",486091.041150991,722210.741463404,1208301.78261439,1283280.34863862,1906636.35746339,3189916.706102,6.75126446043043,10.0307047425473,16.7819692029777
"29980","Lawrenceburg, TN",9856.8887728103,4201.70089164775,14058.5896644581,26022.1863602192,11092.4903539501,37114.6767141693,0.136901232955699,0.058356956828441,0.19525818978414
"30001","Beaverhead County, MT",6621.68686436719,3862.04389547059,10483.7307598378,17481.2533219294,10195.7958840424,27677.0492059717,0.091967873116211,0.0536394985482027,0.145607371664414
"30003","Big Horn County, MT",294.726224637882,620.233903336921,914.960127974803,778.077233044008,1637.41750480947,2415.49473785348,0.00409341978663725,0.00861435976856835,0.0127077795552056
"30005","Blaine County, MT",2378.85359925433,946.29014172501,3325.14374097934,6280.17350203143,2498.20597415403,8778.37947618546,0.0330396333229768,0.0131429186350696,0.0461825519580464
"30011","Carter County, MT",0,9.07688029766791,9.07688029766791,0,23.9629639858433,23.9629639858433,0,0.000126067781912054,0.000126067781912054
"30015","Chouteau County, MT",2207.22895478907,1238.62541895232,3445.85437374139,5827.08444064314,3269.97110603411,9097.05554667726,0.0306559577054037,0.0172031308187822,0.0478590885241859
"30017","Custer County, MT",2274.18398534627,1188.8358239341,3463.01980928037,6003.84572131415,3138.52657518602,9142.37229650017,0.0315858886853648,0.0165116086657514,0.0480974973511162
"30019","Daniels County, MT",0,1.56267216373549,1.56267216373549,0,4.12545451226169,4.12545451226169,0,0.0000217037800518818,0.0000217037800518818
"30020","Lawton, OK",7983.25054331856,2901.47171129595,10884.7222546145,21075.781434361,7659.88531782131,28735.6667521823,0.110878479768313,0.0402982182124438,0.151176697980757
"30021","Dawson County, MT",2207.22895478907,946.29014172501,3153.51909651408,5827.08444064314,2498.20597415403,8325.29041479717,0.0306559577054037,0.0131429186350696,0.0437988763404733
"30023","Deer Lodge County, MT",8829.67341560339,6861.18613035816,15690.8595459615,23310.3378171929,18113.5313841455,41423.8692013385,0.122634352994492,0.09529425181053,0.217928604805021
"30025","Fallon County, MT",34.7630501784065,42.2537721718687,77.0168223502752,91.7744524709931,111.549958533733,203.324411004727,0.000482820141366757,0.00058685794683151,0.00106967808819827
"30027","Fergus County, MT",4414.45790957814,1892.58028345002,6307.03819302816,11654.1688812863,4996.41194830805,16650.5808295943,0.0613119154108075,0.0262858372701392,0.0875977526809467
"30035","Glacier County, MT",0,292.335277227306,292.335277227306,0,771.765131880087,771.765131880087,0,0.00406021218371258,0.00406021218371258
"30039","Granite County, MT",0,584.670554454612,584.670554454612,0,1543.53026376018,1543.53026376018,0,0.00812042436742517,0.00812042436742517
"30041","Hill County, MT",4417.30562108705,2184.91556067733,6602.22118176437,11661.6868396698,5768.17708018814,17429.8639198579,0.0613514669595423,0.0303460494538518,0.0916975164133941
"30047","Lake County, MT",184.317748629225,5777.22532524984,5961.54307387907,486.598856381154,15251.8748586596,15738.4737150407,0.00255996873096146,0.08023924062847,0.0827992093594315
"30051","Liberty County, MT",0,9.07688029766791,9.07688029766791,0,23.9629639858433,23.9629639858433,0,0.000126067781912054,0.000126067781912054
"30053","Lincoln County, MT",24.65652255403,618.962460953151,643.618983507181,65.0932195426392,1634.06089691632,1699.15411645896,0.000342451702139306,0.00859670084657155,0.00893915254871085
"30055","McCone County, MT",2207.22895478907,946.29014172501,3153.51909651408,5827.08444064314,2498.20597415403,8325.29041479717,0.0306559577054037,0.0131429186350696,0.0437988763404733
"30057","Madison County, MT",6622.4444608143,2845.37557774643,9467.82003856073,17483.2533765498,7511.79152525057,24995.0449018003,0.0919783952890875,0.0395191052464782,0.131497500535566
"30059","Meagher County, MT",4414.45790957814,2038.74792206367,6453.20583164181,11654.1688812863,5382.2945142481,17036.4633955344,0.0613119154108075,0.0283159433619955,0.089627858772803
"30060","Lebanon, MO",9273.65684316721,8512.33523088379,17785.992074051,24482.4540659614,22472.5650095332,46955.0190754946,0.128800789488433,0.118226878206719,0.247027667695153
"30065","Musselshell County, MT",2207.22895478907,946.29014172501,3153.51909651408,5827.08444064314,2498.20597415403,8325.29041479717,0.0306559577054037,0.0131429186350696,0.0437988763404733
"30067","Park County, MT",37525.638132943,17847.4492252604,55373.0873582034,99067.6846709695,47117.2659546875,146184.950625657,0.521189418513097,0.247881239239728,0.769070657752825
"30071","Phillips County, MT",0,146.167638613653,146.167638613653,0,385.882565940044,385.882565940044,0,0.00203010609185629,0.00203010609185629
"30073","Pondera County, MT",0,292.335277227306,292.335277227306,0,771.765131880087,771.765131880087,0,0.00406021218371258,0.00406021218371258
"30077","Powell County, MT",4414.45790957814,3500.4243082002,7914.88221777834,11654.1688812863,9241.12017364854,20895.2890549348,0.0613119154108075,0.0486170042805584,0.109928919691366
"30081","Ravalli County, MT",18293.4917019637,32142.7742532789,50436.2659552426,48294.8180931841,84856.9240286564,133151.74212184,0.254076273638384,0.44642742018443,0.700503693822814
"30083","Richland County, MT",142.198007427328,556.102122465474,698.300129892802,375.402739608146,1468.10960330885,1843.512342917,0.00197497232537956,0.00772364058979825,0.0096986129151778
"30085","Roosevelt County, MT",2207.22895478907,1238.62541895232,3445.85437374139,5827.08444064314,3269.97110603411,9097.05554667726,0.0306559577054037,0.0172031308187822,0.0478590885241859
"30087","Rosebud County, MT",2207.22895478907,1240.18809111605,3447.41704590512,5827.08444064314,3274.09656054638,9101.18100118952,0.0306559577054037,0.017224834598834,0.0478807923042378
"30089","Sanders County, MT",322.330049963599,441.815764120727,764.145814084325,850.951331903901,1166.39361727872,2017.34494918262,0.00447680624949443,0.00613633005723231,0.0106131363067267
"30091","Sheridan County, MT",2207.22895478907,946.29014172501,3153.51909651408,5827.08444064314,2498.20597415403,8325.29041479717,0.0306559577054037,0.0131429186350696,0.0437988763404733
"30099","Teton County, MT",75.2429768701262,167.388801642734,242.63177851286,198.641458937133,441.906436336817,640.54789527395,0.00104504134541842,0.00232484446726019,0.00336988581267861
"30105","Valley County, MT",4481.41294013534,2135.12596565911,6616.53890579445,11830.9301619573,5636.73254934005,17467.6627112974,0.0622418463907687,0.029654527300821,0.0918963736915896
"30107","Wheatland County, MT",0,147.730310777388,147.730310777388,0,390.008020452305,390.008020452305,0,0.00205180987190817,0.00205180987190817
"30140","Lebanon, PA",53634.5784450162,36164.7835782795,89799.3620232957,141595.287094843,95475.0286466578,237070.315741501,0.744924700625226,0.502288660809437,1.24721336143466
"30150","Lebanon-Claremont, NH-VT",203030.044535635,360435.674772717,563465.719308352,535999.317574076,951550.181399972,1487549.49897405,2.8198617296616,5.00605103850995,7.82591276817155
"30180","Le Mars, IA",1522.50071918224,931.604091641789,2454.10481082403,4019.40189864111,2459.43480193432,6478.83670057543,0.0211458433219755,0.0129389457172471,0.0340847890392226
"30260","Lewisburg, PA",20697.5615285725,97434.2546536598,118131.816182232,54641.5624354313,257226.432285662,311867.994721093,0.287466132341284,1.35325353685639,1.64071966919767
"30280","Lewisburg, TN",13844.0628034452,6226.87140527109,20070.9342087163,36548.3258010953,16438.9405099157,52987.2663110109,0.19227865004785,0.0864843250732096,0.278762975121059
"30300","Lewiston, ID-WA",46169.0122653436,22668.6176213914,68837.629886735,121886.192380507,59845.1505204734,181731.34290098,0.641236281463105,0.314841911408214,0.95607819287132
"30340","Lewiston-Auburn, ME",7928.78550813554,17880.6853762152,25809.4708843508,20931.9937414778,47205.0093932083,68137.0031346861,0.110122020946327,0.248342852447434,0.358464873393761
"30380","Lewistown, PA",107659.158499394,54271.0269872637,161930.185486658,284220.178438401,143275.511246376,427495.689684777,1.49526609026936,0.753764263711996,2.24903035398136
"30420","Lexington, NE",5841.26306014606,1473.97462035327,7315.23768049933,15420.9344787856,3891.29299773265,19312.2274765182,0.0811286536131397,0.0204718697271288,0.101600523340268
"30460","Lexington-Fayette, KY",418187.893122083,186157.847574464,604345.740696547,1104016.0378423,491456.717596586,1595472.75543889,5.80816518225116,2.58552566075645,8.3936908430076
"30500","Lexington Park, MD",104066.403069824,54460.2367654561,158526.63983528,274735.304104336,143775.025060804,418510.32916514,1.44536670930311,0.756392177298001,2.20175888660111
"30580","Liberal, KS",3704.39805202422,3006.83208776619,6711.2301397904,9779.61085734393,7938.03671170273,17717.6475690467,0.0514499729447808,0.0417615567745304,0.0932115297193112
"30620","Lima, OH",6896.8624823442,13252.2500885692,20149.1125709134,18207.7169533887,34985.9402338228,53193.6571872115,0.095789756699225,0.184059029007906,0.279848785707131
"30660","Lincoln, IL",3707.1918863564,7182.73811064152,10889.9299969979,9786.98657998091,18962.4286120936,28749.4151920745,0.0514887761993945,0.0997602515366878,0.151249027736082
"30700","Lincoln, NE",1405585.41820348,326763.368260982,1732348.78646447,3710745.5040572,862655.292208993,4573400.79626619,19.5220196972706,4.53838011473586,24.0603998120065
"30780","Little Rock-North Little Rock-Conway, AR",18384.6342799387,27258.9373029674,45643.5715829061,48535.4344990381,71963.594479834,120499.028978872,0.255342142776926,0.378596351430103,0.633938494207029
"30820","Lock Haven, PA",77639.8923220676,39512.1373246661,117152.029646734,204969.315730259,104312.042537118,309281.358267377,1.0783318378065,0.548779685064807,1.6271115228713
"30860","Logan, UT-ID",398410.967360956,384944.643813339,783355.611174294,1051804.95383292,1016253.85966721,2068058.81350014,5.53348565779105,5.34645338629637,10.8799390440874
"30900","Logansport, IN",9483.88274138819,7792.60353860651,17276.4862799947,25037.4504372648,20572.4733419212,45609.923779186,0.131720593630392,0.108230604702868,0.23995119833326
"30980","Longview, TX",62555.8184236312,52736.0256998911,115291.844123522,165147.360638386,139223.107847712,304370.468486099,0.868830811439322,0.732444801387376,1.6012756128267
"31003","Antelope County, NE",90.7762908517564,175.967844432734,266.74413528449,239.649407848637,464.555109302418,704.204517151054,0.00126078181738551,0.00244399783934353,0.00370477965672903
"31009","Blaine County, NE",1417.50940610791,342.697435786522,1760.20684189443,3742.22483212487,904.721230476419,4646.94606260129,0.0196876306403876,0.00475968660814614,0.0244473172485337
"31011","Boone County, NE",45.3881454258782,44.7912079573885,90.1793533832667,119.824703924318,118.248789007506,238.073492931824,0.000630390908692753,0.000622100110519285,0.00125249101921204
"31013","Box Butte County, NE",246.488597262841,29.8608053049256,276.349402567767,650.729896773901,78.8325260050037,729.562422778904,0.00342345273976168,0.000414733407012856,0.00383818614677454
"31020","Longview-Kelso, WA",13436.7611235408,8199.57699471305,21636.3381182539,35473.0493661478,21646.8832660425,57119.9326321902,0.1866216822714,0.113883013815459,0.300504696086859
"31021","Burt County, NE",1417.50940610791,700.499832279811,2118.00923838772,3742.22483212487,1849.3195572187,5591.54438934357,0.0196876306403876,0.0097291643372196,0.0294167949776072
"31023","Butler County, NE",4297.9163637496,1242.98465212187,5540.90101587146,11346.4992002989,3281.47948160173,14627.9786819007,0.0596932828298555,0.0172636757239148,0.0769569585537703
"31027","Cedar County, NE",2835.01881221582,2894.60058137363,5729.61939358945,7484.44966424976,7641.74553482639,15126.1951990761,0.0393752612807752,0.0402027858524115,0.0795780471331868
"31029","Chase County, NE",1462.89755153378,342.697435786522,1805.59498732031,3862.04953604919,904.721230476419,4766.77076652561,0.0203180215490803,0.00475968660814614,0.0250777081572265
"31031","Cherry County, NE",171.624644465259,0,171.624644465259,453.089061388283,0,453.089061388283,0.00238367561757304,0,0.00238367561757304
"31033","Cheyenne County, NE",0,44.7912079573885,44.7912079573885,0,118.248789007506,118.248789007506,0,0.000622100110519285,0.000622100110519285
"31039","Cuming County, NE",2835.01881221582,795.774397768106,3630.79320998392,7484.44966424976,2100.8444101078,9585.29407435756,0.0393752612807752,0.0110524221912237,0.050427683471999
"31041","Custer County, NE",4432.51574252016,1013.1619047071,5445.67764722726,11701.8415602532,2674.74742842675,14376.58898868,0.0615627186461133,0.014071693120932,0.0756344117670453
"31045","Dawes County, NE",289.099055022636,162.90648781704,452.005542839676,763.221505259759,430.073127836985,1193.29463309674,0.00401526465309217,0.00226259010857,0.00627785476166216
"31049","Deuel County, NE",0,14.9304026524629,14.9304026524629,0,39.416263002502,39.416263002502,0,0.000207366703506429,0.000207366703506429
"31051","Dixon County, NE",0,2128.68698891045,2128.68698891045,0,5619.73365072359,5619.73365072359,0,0.0295650970682007,0.0295650970682007
"31057","Dundy County, NE",1417.50940610791,327.76703313406,1745.27643924197,3742.22483212487,865.304967473917,4607.52979959879,0.0196876306403876,0.00455231990463971,0.0242399505450273
"31059","Fillmore County, NE",4372.78031654718,998.23150205464,5371.01181860182,11544.1400356845,2635.33116542425,14179.4712011088,0.0607330599520441,0.0138643264174256,0.0745973863694697
"31060","Los Alamos, NM",10684.9834121081,22761.0958433376,33446.0792554457,28208.3562079655,60089.2930264112,88297.6492343767,0.148402547390391,0.316126331157466,0.464528878547857
"31063","Frontier County, NE",0,16.8167768545498,16.8167768545498,0,44.3962908960114,44.3962908960114,0,0.00023356634520208,0.00023356634520208
"31065","Furnas County, NE",0,14.9304026524629,14.9304026524629,0,39.416263002502,39.416263002502,0,0.000207366703506429,0.000207366703506429
"31069","Garden County, NE",45.3881454258782,0,45.3881454258782,119.824703924318,0,119.824703924318,0.000630390908692753,0,0.000630390908692753
"31071","Garfield County, NE",109.111530826193,118.115279859651,227.226810685845,288.05444138115,311.824338829479,599.87878021063,0.00151543792814157,0.00164048999805071,0.00315592792619229
"31077","Greeley County, NE",2835.01881221582,670.464468920583,3505.4832811364,7484.44966424976,1770.02619795034,9254.4758622001,0.0393752612807752,0.00931200651278587,0.0486872677935611
"31080","Los Angeles-Long Beach-Anaheim, CA",8761628.95385295,9295354.87629735,18056983.8301503,23130700.4381718,24539736.873425,47670437.3115968,121.689291025735,129.102151059685,250.791442085421
"31081","Hamilton County, NE",2835.01881221582,700.325274225508,3535.34408644133,7484.44966424976,1848.85872395534,9333.3083882051,0.0393752612807752,0.00972673991979873,0.049102001200574
"31083","Harlan County, NE",1073.33418928422,897.736954682888,1971.0711439671,2833.60225971033,2370.02556036282,5203.62782007315,0.0149074192956141,0.0124685688150401,0.0273759881106542
"31087","Hitchcock County, NE",0,14.9304026524629,14.9304026524629,0,39.416263002502,39.416263002502,0,0.000207366703506429,0.000207366703506429
"31089","Holt County, NE",74.8639527975823,74.6520132623142,149.515966059896,197.640835385617,197.081315012509,394.722150398127,0.00103977712218864,0.00103683351753214,0.00207661063972078
"31095","Jefferson County, NE",4389.19975112659,983.301099402178,5372.50085052877,11587.4873429742,2595.91490242175,14183.402245396,0.060961107654536,0.0136569597139191,0.0746180673684552
"31097","Johnson County, NE",2971.18324849345,655.53406626812,3626.71731476157,7843.92377602271,1730.60993494784,9574.53371097055,0.0412664340068535,0.00910463980927944,0.050371073816133
"31101","Keith County, NE",171.624644465259,44.7912079573885,216.415852422647,453.089061388283,118.248789007506,571.337850395789,0.00238367561757304,0.000622100110519285,0.00300577572809232
"31103","Keya Paha County, NE",0,14.9304026524629,14.9304026524629,0,39.416263002502,39.416263002502,0,0.000207366703506429,0.000207366703506429
"31105","Kimball County, NE",74.7698149495218,119.044609355424,193.814424304946,197.392311466738,314.27776869832,511.670080165058,0.00103846965207669,0.00165339735215867,0.00269186700423536
"31107","Knox County, NE",392.904598978345,899.344093481725,1292.24869246007,1037.26814130283,2374.26840679175,3411.53654809459,0.00545700831914369,0.0124908901872462,0.0179478985063899
"31115","Loup County, NE",1417.50940610791,327.76703313406,1745.27643924197,3742.22483212487,865.304967473917,4607.52979959879,0.0196876306403876,0.00455231990463971,0.0242399505450273
"31123","Morrill County, NE",0,44.7912079573885,44.7912079573885,0,118.248789007506,118.248789007506,0,0.000622100110519285,0.000622100110519285
"31125","Nance County, NE",45.3881454258782,69.3036908456153,114.691836271494,119.824703924318,182.961743832425,302.786447756743,0.000630390908692753,0.000962551261744658,0.00159294217043741
"31127","Nemaha County, NE",4389.19975112659,1072.88351531695,5462.08326644355,11587.4873429742,2832.41248043676,14419.899823411,0.060961107654536,0.0149011599349577,0.0758622675894937
"31129","Nuckolls County, NE",1526.6209369341,475.743118298636,2002.36405523274,4030.27927350603,1255.9618323084,5286.24110581443,0.0212030685685292,0.00660754330970328,0.0278106118782325
"31131","Otoe County, NE",29858.4738191178,7211.57655416942,37070.0503732872,78826.3708824709,19038.5621030073,97864.9329854782,0.414701025265525,0.100160785474575,0.5148618107401
"31133","Pawnee County, NE",5670.03762443162,1311.06813253624,6981.10575696785,14968.8993284995,3461.21986989566,18430.1191983951,0.0787505225615502,0.0182092796185588,0.0969598021801091
"31135","Perkins County, NE",1417.50940610791,357.627838438985,1775.13724454689,3742.22483212487,944.137493478921,4686.36232560379,0.0196876306403876,0.00496705331165257,0.0246546839520402
"31137","Phelps County, NE",2835.01881221582,685.394871573046,3520.41368378886,7484.44966424976,1809.44246095284,9293.8921252026,0.0393752612807752,0.0095193732162923,0.0488946344970675
"31140","Louisville/Jefferson County, KY-IN",546481.822448576,585670.13468214,1132151.95713072,1442712.01126424,1546169.15556085,2988881.16682509,7.59002531178577,8.13430742614084,15.7243327379266
"31143","Polk County, NE",12848.3609458229,3039.48571412131,15887.8466599442,33919.6728969725,8024.24228528026,41943.9151822527,0.178449457580874,0.042215079362796,0.22066453694367
"31145","Red Willow County, NE",3053.24187386821,878.720597537046,3931.96247140525,8060.55854701206,2319.8223774978,10380.3809245099,0.0424061371370584,0.0122044527435701,0.0546105898806285
"31147","Richardson County, NE",1509.04329340677,349.202588357929,1858.2458817647,3983.87429459388,921.894833264933,4905.76912785882,0.0209589346306496,0.00485003594941568,0.0258089705800653
"31149","Rock County, NE",0,46.6775821594754,46.6775821594754,0,123.228816901015,123.228816901015,0,0.000648299752214936,0.000648299752214936
"31151","Saline County, NE",14299.6319747874,3537.35388406028,17836.9858588477,37751.0284134388,9338.61425391915,47089.6426673579,0.198605999649825,0.0491299150563928,0.247735914706218
"31161","Sheridan County, NE",171.624644465259,29.8608053049256,201.485449770185,453.089061388283,78.8325260050037,531.921587393287,0.00238367561757304,0.000414733407012856,0.0027984090245859
"31163","Sherman County, NE",1417.50940610791,357.627838438985,1775.13724454689,3742.22483212487,944.137493478921,4686.36232560379,0.0196876306403876,0.00496705331165257,0.0246546839520402
"31165","Sioux County, NE",45.3881454258782,0,45.3881454258782,119.824703924318,0,119.824703924318,0.000630390908692753,0,0.000630390908692753
"31169","Thayer County, NE",3030.13486323686,670.464468920583,3700.59933215744,7999.55603894531,1770.02619795034,9769.58223689565,0.0420852064338453,0.00931200651278587,0.0513972129466311
"31173","Thurston County, NE",90.7762908517564,196.764954713018,287.541245564774,239.649407848637,519.459480442367,759.108888291004,0.00126078181738551,0.00273284659323636,0.00399362841062186
"31175","Valley County, NE",0,110.379526195061,110.379526195061,0,291.401949154961,291.401949154961,0,0.0015330489749314,0.0015330489749314
"31179","Wayne County, NE",1508.28569695966,1047.08719872858,2555.37289568824,3981.87423997351,2764.31020464345,6746.18444461696,0.0209484124577731,0.0145428777601191,0.0354912902178922
"31180","Lubbock, TX",624902.079847697,326720.858502541,951622.938350239,1649741.49079792,862543.06644671,2512284.55724463,8.67919555344024,4.53778970142419,13.2169852548644
"31183","Wheeler County, NE",1417.50940610791,327.76703313406,1745.27643924197,3742.22483212487,865.304967473917,4607.52979959879,0.0196876306403876,0.00455231990463971,0.0242399505450273
"31185","York County, NE",18428.129375928,4431.07256754767,22859.2019434756,48650.2615524498,11698.0315783258,60348.2931307756,0.255946241332333,0.0615426745492732,0.317488915881606
"31220","Ludington, MI",10954.5292926538,7637.6245432692,18592.153835923,28919.9573326059,20163.3287942307,49083.2861268366,0.152146240175747,0.106078118656517,0.258224358832263
"31260","Lufkin, TX",16172.4709903735,10410.3507331958,26582.8217235693,42695.323414586,27483.325935637,70178.6493502231,0.224617652644076,0.14458820462772,0.369205857271796
"31300","Lumberton, NC",75512.4548571779,37260.2551377058,112772.709994884,199352.88082295,98367.0735635433,297719.954386493,1.04878409523858,0.517503543579247,1.56628763881783
"31340","Lynchburg, VA",117180.35067217,104756.105363731,221936.456035901,309356.12577453,276556.118160249,585912.243934779,1.62750487044681,1.45494590782959,3.0824507782764
"31380","Macomb, IL",781.963501447084,1398.76053394661,2180.7240353937,2064.3836438203,3692.72780961906,5757.11145343936,0.0108606041867651,0.0194272296381474,0.0302878338249125
"31420","Macon-Bibb County, GA",23308.6755922461,25930.8586376704,49239.5342299164,61534.9035635296,68457.4668034497,129992.370366979,0.323731605447862,0.360150814412088,0.68388241985995
"31500","Madison, IN",5880.46321064873,10815.9437462459,16696.4069568947,15524.4228761126,28554.0914900893,44078.5143662019,0.081673100147899,0.150221440920082,0.231894541067981
"31540","Madison, WI",2392749.22722059,4739169.48348498,7131918.71070557,6316857.95986237,12511407.4364003,18828265.3962627,33.2326281558416,65.8217983817358,99.0544265375774
"31580","Madisonville, KY",1700.97563304271,2052.42365119924,3753.39928424195,4490.57567123275,5418.39843916599,9908.97411039874,0.0236246615700376,0.0285058840444339,0.0521305456144715
"31620","Magnolia, AR",407.076122459042,422.417566018442,829.493688477484,1074.68096329187,1115.18237428869,2189.86333758056,0.00565383503415335,0.00586691063914503,0.0115207456732984
"31680","Malvern, AR",543.647825699073,487.354176512148,1031.00200221122,1435.23025984555,1286.61502599207,2721.84528583763,0.00755066424582047,0.00676880800711317,0.0143194722529336
"31700","Manchester-Nashua, NH",175181.336802431,101283.041745308,276464.378547739,462478.729158417,267387.230207613,729865.95936603,2.43307412225598,1.40670891312928,3.83978303538526
"31740","Manhattan, KS",436983.660644953,326806.277689842,763789.938334796,1153636.86410268,862768.573101184,2016405.43720386,6.06921750895769,4.53897607902559,10.6081935879833
"31820","Manitowoc, WI",7406.52608309485,12794.7095267774,20201.2356098722,19553.2288593704,33778.0331506923,53331.2620100627,0.102868417820762,0.177704298983019,0.280572716803781
"31860","Mankato, MN",20683.6024943806,92445.7717136984,113129.374208079,54604.7105851648,244056.837324164,298661.547909328,0.287272256866397,1.28396905157914,1.57124130844554
"31900","Mansfield, OH",3311.21880885064,10368.3577374297,13679.5765462803,8741.61765536569,27372.4644268144,36114.0820821801,0.0459891501229255,0.144004968575413,0.189994118698338
"31930","Marietta, OH",11501.7000482654,11044.4956972654,22546.1957455308,30364.4881274206,29157.4686407807,59521.9567682013,0.159745834003686,0.153395773573131,0.313141607576816
"31940","Marinette, WI-MI",10309.319714953,11902.3969211854,22211.7166361384,27216.6040474759,31422.3278719294,58638.9319194053,0.143184996041014,0.165311068349797,0.308496064390811
"31980","Marion, IN",23160.2053618876,26076.7360098758,49236.9413717634,61142.9421553833,68842.5830660721,129985.525221455,0.321669518915106,0.362176889026053,0.683846407941158
"32000","Marion, NC",3123.3186647361,4141.43110440611,7264.74976914222,8245.56127490332,10933.3781156321,19178.9393905355,0.0433794258991126,0.0575198764500849,0.100899302349197
"32015","Lander County, NV",451.324910135525,419.59856801205,870.923478147575,1191.49776275779,1107.74021955181,2299.2379823096,0.00626840152966008,0.00582775788905624,0.0120961594187163
"32017","Lincoln County, NV",193.305057626401,177.052885802962,370.357943429363,510.325352133699,467.41961851982,977.744970653519,0.00268479246703335,0.00245906785837448,0.00514386032540782
"32020","Marion, OH",6371.00139765664,14002.5978317136,20373.5992293702,16819.4436898135,36966.8582757239,53786.3019655374,0.0884861305230089,0.194480525440467,0.282966655963476
"32021","Mineral County, NV",579.915172879203,531.158657408887,1111.07383028809,1530.9760564011,1402.25885555946,2933.23491196056,0.00805437740110005,0.00737720357512343,0.0154315809762235
"32027","Pershing County, NV",685.005599378926,651.247987527019,1336.25358690594,1808.41478236036,1719.29468707133,3527.70946943169,0.00951396665804063,0.00904511093787526,0.0185590775959159
"32033","White Pine County, NV",134.01933121533,519.548055818739,653.567387034069,353.811034408472,1371.60686736147,1725.41790176994,0.00186137960021292,0.0072159452197047,0.00907732481991763
"32060","Marion-Herrin, IL",21396.5460985988,37761.5087451888,59158.0548437876,56486.8817003008,99690.3830872986,156177.264787599,0.297174251369428,0.524465399238734,0.821639650608162
"32100","Marquette, MI",14306.7514126018,9536.05046900795,23842.8018816098,37769.8237292689,25175.173238181,62944.9969674499,0.198704880730581,0.132445145402888,0.331150026133469
"32140","Marshall, MN",1583.54455320098,1039.08821082142,2622.6327640224,4180.5576204506,2743.19287656855,6923.75049701915,0.0219936743500137,0.0144317807058531,0.0364254550558667
"32180","Marshall, MO",8150.44233076617,5497.77094273867,13648.2132735048,21517.1677532227,14514.1152888301,36031.2830420528,0.113200587927308,0.0763579297602594,0.189558517687567
"32260","Marshalltown, IA",21817.3784579963,20735.4204599955,42552.7989179917,57597.8791291102,54741.510014388,112339.389143498,0.303019145249948,0.28799195083327,0.591011096083219
"32280","Martin, TN",2787.93647179034,1725.66831531956,4513.60478710989,7360.15228552649,4555.76435244363,11915.9166379701,0.0387213398859769,0.0239676154905494,0.0626889553765263
"32300","Martinsville, VA",39988.786920811,40563.4977315601,80552.2846523711,105570.397470941,107087.634011319,212658.03148226,0.555399818344597,0.563381912938335,1.11878173128293
"32340","Maryville, MO",4651.60868155424,3495.71079601685,8147.31947757109,12280.2469193032,9228.67650148448,21508.9234207877,0.0646056761326978,0.0485515388335673,0.113157214966265
"32380","Mason City, IA",672.258475902502,1681.16189842483,2353.42037432733,1774.7623763826,4438.26741184155,6213.02978822415,0.00933692327642363,0.0233494708114559,0.0326863940878796
"32390","Massena-Ogdensburg, NY",604206.426878431,47769.5469405598,651975.973818991,1595104.96695906,126111.603923078,1721216.57088214,8.3917559288671,0.663465929729997,9.0552218585971
"32420","Mayagaez, PR",378977.269750449,0,378977.269750449,1000499.99214118,0,1000499.99214118,5.26357319097845,0,5.26357319097845
"32460","Mayfield, KY",1134.95146650142,6036.04691104887,7170.9983775503,2996.27187156376,15935.163845169,18931.4357167328,0.0157632148125198,0.0838339848756788,0.0995971996881986
"32540","McAlester, OK",1572.24590721186,619.554490128151,2191.80039734001,4150.7291950393,1635.62385393832,5786.35304897762,0.0218367487112758,0.0086049234740021,0.0304416721852779
"32580","McAllen-Edinburg-Mission, TX",56226.3774103858,41340.743200686,97567.1206110718,148437.636363418,109139.562049811,257577.19841323,0.78092190847758,0.574176988898417,1.355098897376
"32620","McComb, MS",2035.81874945687,6534.39126466321,8570.21001412008,5374.56149856615,17250.7929387109,22625.354437277,0.0282752604091232,0.0907554342314334,0.119030694640557
"32660","McMinnville, TN",8012.53952081611,2258.86123362143,10271.4007544375,21153.1043349545,5963.39365676058,27116.4979917151,0.111285271122446,0.0313730726891866,0.142658343811633
"32700","McPherson, KS",2531.76108070858,2530.4781347533,5062.23921546187,6683.84925307064,6680.4622757487,13364.3115288193,0.0351633483431747,0.0351455296493513,0.070308877992526
"32740","Meadville, PA",5823.49361651621,3785.14874938087,9608.64236589708,15374.0231476028,9992.79269836549,25366.8158459683,0.0808818557849474,0.0525715104080676,0.133453366193015
"32780","Medford, OR",14101.6779427431,76641.9892889043,90743.6672316474,37228.4297688418,202334.851722707,239563.281491549,0.195856638093654,1.064472073457,1.26032871155066
"32820","Memphis, TN-MS-AR",195309.382888103,361071.030109979,556380.412998082,515616.770824592,953227.519490344,1468844.29031494,2.71263031789032,5.01487541819415,7.72750573608447
"32860","Menomonie, WI",1478.6821046751,9624.1188270463,11102.8009317214,3903.72075634227,25407.6737034022,29311.3944597445,0.0205372514538209,0.13366831704231,0.154205568496131
"32900","Merced, CA",499131.932286904,320149.682851385,819281.61513829,1317708.30123743,845195.162727657,2162903.46396508,6.93238794842923,4.4465233729359,11.3789113213651
"32940","Meridian, MS",4256.51455583528,17414.0268009665,21670.5413568018,11237.1984274051,45973.0307545516,57210.2291819567,0.0591182577199344,0.241861483346757,0.300979741066691
"33003","Carroll County, NH",8021.44954523363,5123.11465532367,13144.5642005573,21176.6267994168,13525.0226900545,34701.6494894713,0.111409021461578,0.0711543702128288,0.182563391674407
"33007","Coos County, NH",4516.32251153081,3690.96901280884,8207.29152433964,11923.0914304413,9744.15819381533,21667.2496242567,0.062726701549039,0.0512634585112338,0.113990160060273
"33020","Mexico, MO",11070.6483035644,11037.3195691564,22107.9678727208,29226.51152141,29138.5236625728,58365.0351839828,0.153759004216172,0.153296105127172,0.307055109343344
"33060","Miami, OK",1366.58891724891,526.753695794956,1893.34261304386,3607.79474153712,1390.62975689869,4998.4244984358,0.018980401628457,0.00731602355270773,0.0262964251811648
"33100","Miami-Fort Lauderdale-West Palm Beach, FL",1616151.44438185,1092189.57667432,2708341.02105616,4266639.81316807,2883380.4824202,7150020.29558827,22.4465478386367,15.1692996760322,37.6158475146689
"33140","Michigan City-La Porte, IN",56839.6899334075,86614.915649479,143454.605582886,150056.781424196,228663.377314625,378720.15873882,0.789440137963993,1.2029849395761,1.99242507754009
"33180","Middlesborough, KY",1829.02451641957,934.546643368042,2763.57115978761,4828.62472334766,2467.20313849163,7295.82786183929,0.0254031182836051,0.0129798144912228,0.0383829327748279
"33220","Midland, MI",10245.9324161361,14441.6785942688,24687.6110104048,27049.2615785992,38126.0314888696,65175.2930674687,0.142304616890779,0.200578869364844,0.342883486255623
"33260","Midland, TX",18080.4539908446,7377.17809293884,25457.6320837834,47732.3985358298,19475.7501653585,67208.1487011883,0.251117416539508,0.102460806846373,0.353578223385881
"33300","Milledgeville, GA",6119.90260681745,7137.14345417989,13257.0460609973,16156.5428819981,18842.0587190349,34998.601601033,0.084998647316909,0.0991269924191652,0.184125639736074
"33340","Milwaukee-Waukesha, WI",764575.251543664,956805.944088531,1721381.1956322,2018478.66407527,2525967.69239372,4544446.356469,10.6191007158842,13.288971445674,23.9080721615583
"33380","Minden, LA",1901.11549987392,2097.40401128296,3998.51951115688,5018.94491966715,5537.14658978702,10556.0915094542,0.0264043819426933,0.0291306112678189,0.0555349932105123
"33420","Mineral Wells, TX",1974.66531397394,1472.7587186222,3447.42403259614,5213.11642889119,3888.08301716261,9101.1994460538,0.0274259071385269,0.0204549822030861,0.047880889341613
"33460","Minneapolis-St. Paul-Bloomington, MN-WI",3680444.95145364,4844802.33327391,8525247.28472755,9716374.67183761,12790278.1598431,22506652.8316807,51.1172909924117,67.2889212954709,118.406212287883
"33500","Minot, ND",6062.12651289913,8361.33814466495,14423.4646575641,16004.0139940537,22073.9327019155,38077.9466959692,0.0841962015680435,0.11612969645368,0.200325898021723
"33540","Missoula, MT",48993.1027748893,403476.947395875,452470.050170765,129341.791325708,1065179.14112511,1194520.93245082,0.680459760762351,5.60384649160938,6.28430625237173
"33580","Mitchell, SD",8523.51154554271,2239.60761978223,10763.1191653249,22502.0704802328,5912.56411622508,28414.6345964578,0.118382104799204,0.0311056613858643,0.149487766185069
"33620","Moberly, MO",5824.80367453143,6056.00477231973,11880.8084468512,15377.481700763,15987.8525989241,31365.3342996871,0.0809000510351588,0.0841111773933297,0.165011228428488
"33660","Mobile, AL",113624.709170385,114996.015356753,228620.724527138,299969.232209816,303589.480541829,603558.712751645,1.57812096069979,1.59716687995491,3.1752878406547
"33700","Modesto, CA",108689.168572744,85865.1394057994,194554.307978543,286939.405032044,226683.96803131,513623.373063354,1.50957178573255,1.1925713806361,2.70214316636865
"33740","Monroe, LA",17017.6483151457,7348.10777788415,24365.7560930299,44926.5915519848,19399.0045336142,64325.5960855989,0.236356226599246,0.102057052470613,0.33841327906986
"33780","Monroe, MI",114538.31740028,102435.071102308,216973.388502589,302381.15793674,270428.587710094,572809.745646835,1.59080996389278,1.4227093208654,3.01351928475818
"33860","Montgomery, AL",249062.662379859,42491.5534384348,291554.215818294,657525.428682829,112177.701077468,769703.129760297,3.45920364416471,0.590160464422706,4.04936410858742
"33900","Monticello, IN",146452.930950057,103716.331885931,250169.262835987,386635.737708149,273811.116178857,660446.853887006,2.03406848541745,1.44050460952681,3.47457309494427
"33910","Monticello, NY",14304.7214354645,20150.1875808222,34454.9090162867,37764.4645896264,53196.4952133705,90960.9598029969,0.198676686603674,0.279863716400308,0.478540403003982
"33940","Montrose, CO",10088.0807556768,4499.18724320533,14587.2679988821,26632.5331949868,11877.8543220621,38510.3875170489,0.140112232717734,0.0624887117111851,0.202600944428919
"33980","Morehead City, NC",2190.00849762164,11740.3417764594,13930.3502740811,5781.62243372114,30994.5022898529,36776.124723574,0.0304167846891895,0.163060302450825,0.193477087140015
"34020","Morgan City, LA",2905.36917734993,6031.41754334036,8936.78672069029,7670.17462820381,15922.9423144186,23593.1169426224,0.0403523496854157,0.0837696881019495,0.124122037787365
"34060","Morgantown, WV",323594.901174922,261168.25458857,584763.155763492,854290.539101795,689484.192113824,1543774.73121562,4.49437362742948,3.62733686928569,8.12171049671517
"34100","Morristown, TN",38825.4000780274,44627.8234604387,83453.2235384661,102499.056205992,117817.453935558,220316.510141551,0.539241667750381,0.619830881394981,1.15907254914536
"34140","Moscow, ID",256912.413869137,141994.398961337,398906.812830474,678248.772614523,374865.213257929,1053113.98587245,3.56822797040469,1.97214443001856,5.54037240042325
"34180","Moses Lake, WA",7955.27561847735,4576.19469964185,12531.4703181192,21001.9276327802,12081.1540070545,33083.0816398347,0.110489939145519,0.0635582597172479,0.174048198862767
"34220","Moultrie, GA",4145.56384477182,3548.26556487504,7693.82940964687,10944.2885501976,9367.42109127011,20311.7096414677,0.0575772756218309,0.04928146617882,0.106858741800651
"34260","Mountain Home, AR",6067.12081339489,3399.13097362514,9466.25178702004,16017.1989473625,8973.70577037038,24990.9047177329,0.0842655668527068,0.0472101524114603,0.131475719264167
"34300","Mountain Home, ID",1742.48673111724,1351.5977573648,3094.08448848204,4600.16497014951,3568.21807944307,8168.38304959258,0.0242012045988506,0.0187721910745111,0.0429733956733617
"34340","Mount Airy, NC",5106.65481897396,18950.8016677033,24057.4564866773,13481.5687220913,50030.1164027367,63511.685124828,0.0709257613746384,0.263205578718101,0.33413134009274
"34380","Mount Pleasant, MI",11071.486761164,79207.2708961863,90278.7576573503,29228.725049473,209107.195165932,238335.920215405,0.153770649460611,1.10010098466925,1.25387163412987
"34420","Mount Pleasant, TX",5118.16029501822,6275.82223719264,11393.9825322109,13511.9431788481,16568.1707061886,30080.1138850367,0.0710855596530308,0.0871641977387867,0.158249757391817
"34460","Mount Sterling, KY",9940.18197213176,5915.02976309683,15855.2117352286,26242.0804064278,15615.6785745756,41857.7589810035,0.138058082946274,0.0821531911541226,0.220211274100397
"34500","Mount Vernon, IL",2444.11555403822,2279.84455834604,4723.96011238426,6452.46506266091,6018.78963403354,12471.2546966944,0.033946049361642,0.0316645077548061,0.0656105571164481
"34540","Mount Vernon, OH",5064.78566602386,45412.3090664209,50477.0947324447,13371.034158303,119888.495935351,133259.530093654,0.0703442453614425,0.630726514811401,0.701070760172844
"34580","Mount Vernon-Anacortes, WA",78579.4786426876,62973.2171843752,141552.695827063,207449.823616695,166249.293366751,373699.116983446,1.09138164781511,0.874628016449656,1.96600966426476
"34620","Muncie, IN",73516.4322522788,123384.431203268,196900.863455547,194083.381146016,325734.898376629,519818.279522645,1.02106155905943,1.71367265560095,2.73473421466038
"34660","Murray, KY",952.314653486228,27188.9996762419,28141.3143297282,2514.11068520364,71778.9591452787,74293.0698304824,0.0132265924095309,0.37762499550336,0.390851587912891
"34680","Murrells Inlet, SC",4895.13941257969,6744.42346065794,11639.5628732376,12923.1680492104,17805.277936137,30728.4459853473,0.0679880473969401,0.0936725480646936,0.161660595461634
"34700","Muscatine, IA",8308.50826679703,16276.8123360989,24585.3206028959,21934.4618243442,42970.784567301,64905.2463916451,0.115395948149959,0.226066838001373,0.341462786151332
"34740","Muskegon-Norton Shores, MI",18779.5984831025,19187.7095857086,37967.3080688111,49578.1399953906,50655.5533062707,100233.693301661,0.260827756709757,0.266495966468175,0.527323723177931
"34780","Muskogee, OK",13074.4207402666,6170.54575531221,19244.9664955788,34516.4707543037,16290.2407940242,50806.711548328,0.181589176948147,0.0857020243793362,0.267291201327483
"34820","Myrtle Beach-Conway-North Myrtle Beach, SC",19911.4069841052,27799.3928312484,47710.7998153537,52566.1144380378,73390.3970744959,125956.511512534,0.276547319223684,0.386102678211784,0.662649997435468
"34860","Nacogdoches, TX",4124.47316837153,12622.3198978202,16746.7930661918,10888.6091645008,33322.9245302454,44211.5336947462,0.0572843495607156,0.175309998580836,0.232594348141552
"34880","Nantucket, MA",3680.1435371426,3203.35717366149,6883.50071080409,9715.57893805647,8456.86293846633,18172.4418765228,0.0511131046825362,0.0444910718564096,0.0956041765389457
"34900","Napa, CA",23659.907401547,25235.9072820476,48895.8146835946,62462.155540084,66622.7952246058,129084.95076469,0.328609825021486,0.350498712250662,0.679108537272148
"34940","Naples-Marco Island, FL",12450.6459155992,7462.0561600087,19912.7020756079,32869.705217182,19699.828262423,52569.533479605,0.172925637716656,0.10363966888901,0.276565306605666
"34980","Nashville-Davidson--Murfreesboro--Franklin, TN",1927489.33456893,511890.046326875,2439379.3808958,5088571.84326197,1351389.72230295,6439961.56556492,26.7706852023462,7.10958397676215,33.8802691791084
"35003","Catron County, NM",89.2733370304898,112.486055310239,201.759392340729,235.681609760493,296.963186019032,532.644795779525,0.0012399074587568,0.00156230632375332,0.00280221378251012
"35006","Cibola County, NM",11326.9451330988,2932.6094614132,14259.554594512,29903.1351513809,7742.08897813086,37645.2241295118,0.157318682404151,0.0407306869640723,0.198049369368223
"35007","Colfax County, NM",1749.05248238455,479.515636150368,2228.56811853492,4617.49855349521,1265.92127943697,5883.41983293218,0.0242923955886743,0.00665993939097733,0.0309523349796516
"35011","De Baca County, NM",203.228264825097,45.7615956260098,248.989860451107,536.522619138256,120.810612452666,657.333231590922,0.00282261478923746,0.000635577717027915,0.00345819250626537
"35019","Guadalupe County, NM",313.556604722615,116.222963445585,429.7795681682,827.789436467703,306.828623496345,1134.61805996405,0.00435495284336965,0.00161420782563313,0.00596916066900278
"35020","Natchez, MS-LA",3761.15611317819,8988.4971377327,12749.6532509109,9929.45213879041,23729.6324436143,33659.0845824047,0.052238279349697,0.124840238024065,0.177078517373762
"35021","Harding County, NM",457.644159430042,117.279889030422,574.924048460464,1208.18058089531,309.618907040314,1517.79948793562,0.0063561688809728,0.00162888734764475,0.00798505622861755
"35023","Hidalgo County, NM",454.800947650119,257.339902391573,712.140850041692,1200.67450179631,679.377342313753,1880.05184411007,0.00631667982847388,0.00357416531099407,0.00989084513946795
"35037","Quay County, NM",1059.48273014708,267.068733798879,1326.55146394596,2797.03440758828,705.061457229042,3502.09586481732,0.0147150379187094,0.00370928796942888,0.0184243258881383
"35051","Sierra County, NM",4465.7016233851,1593.25347875089,6058.95510213598,11789.4522857367,4206.18918390234,15995.641469639,0.0620236336581263,0.0221285205382067,0.0841521541963331
"35053","Socorro County, NM",84882.310417013,30123.767194669,115006.077611682,224089.299500914,79526.7453939262,303616.044894841,1.17892097801407,0.418385655481514,1.59730663349558
"35059","Union County, NM",115.976081773519,23.4514213728341,139.427503146353,306.17685588209,61.911752424282,368.088608306372,0.0016107789135211,0.000325714185733807,0.0019364930992549
"35060","Natchitoches, LA",2921.63223672497,2420.8457800645,5342.47801678947,7713.10910495392,6391.03285937028,14104.1419643242,0.040578225510069,0.0336228580564514,0.0742010835665204
"35100","New Bern, NC",39624.1206588651,30916.0160668972,70540.1367257622,104607.678539404,81618.2824166085,186225.960956012,0.550335009150904,0.429389112040238,0.979724121191142
"35140","Newberry, SC",23290.2800593756,21007.0062854564,44297.286344832,61486.3393567516,55458.496593605,116944.835950357,0.323476111935772,0.291763976186895,0.615240088122667
"35220","New Castle, IN",10074.4238371645,12501.7876136273,22576.2114507918,26596.4789301144,33004.719299976,59601.1982300903,0.139922553293952,0.173635939078156,0.313558492372108
"35300","New Haven, CT",951448.477907204,1107139.06588911,2058587.54379631,2511823.98167502,2922847.13394724,5434671.11562226,13.2145621931556,15.376931470682,28.5914936638376
"35340","New Iberia, LA",6212.88941045778,12864.0895469429,19076.9789574006,16402.0280436085,33961.1964039291,50363.2244475377,0.0862901307008025,0.178667910374206,0.264958041075009
"35380","New Orleans-Metairie, LA",381215.159322942,1306222.13097285,1687437.29029579,1006408.02061257,3448426.42576832,4454834.44638089,5.29465499059641,18.1419740412896,23.436629031886
"35420","New Philadelphia-Dover, OH",3934.49751838325,7347.44323281676,11281.9407512,10387.0734485318,19397.2501346363,29784.323583168,0.054645798866434,0.102047822678011,0.156693621544445
"35440","Newport, OR",21112.6195835908,8668.77760810398,29781.3971916948,55737.3157006798,22885.5728853945,78622.8885860743,0.293230827549873,0.120399689001444,0.413630516551317
"35460","Newport, TN",4962.34584834391,4987.7483569883,9950.09420533221,13100.5930396279,13167.6556624491,26268.248702077,0.0689214701158876,0.0692742827359486,0.138195752851836
"35580","New Ulm, MN",1064.80050276242,920.432378939272,1985.23288170169,2811.07332729278,2429.94148039968,5241.01480769246,0.0147888958717002,0.0127837830408232,0.0275726789125234
"35620","New York-Newark-Jersey City, NY-NJ",9245943.83394221,7857327.08898278,17103270.922925,24409291.7216074,20743343.5149145,45152635.236522,128.415886582531,109.129542902539,237.545429485069
"35660","Niles, MI",148754.345756385,200259.080505545,349013.426261929,392711.472796856,528683.972534638,921395.445331494,2.06603257994979,2.78137611813256,4.84740869808235
"35700","Nogales, AZ",9188.34088756497,8236.06640819841,17424.4072957634,24257.2199431715,21743.2153176438,46000.4352608153,0.127615845660625,0.114389811224978,0.242005656885602
"35740","Norfolk, NE",9144.43627044721,3448.44175452577,12592.878024973,24141.3117539806,9103.88623194804,33245.1979859287,0.127006059311767,0.0478950243684135,0.17490108368018
"35820","North Platte, NE",4660.25534168584,1451.1081057992,6111.36344748504,12303.0741020506,3830.92539930988,16133.9995013605,0.0647257686345256,0.020154279247211,0.0848800478817367
"35840","North Port-Bradenton-Sarasota, FL",39937.8179169245,35028.7862004564,74966.6041173808,105435.839300681,92475.9955692048,197911.834869885,0.55469191551284,0.486510919450783,1.04120283496362
"35900","North Wilkesboro, NC",5208.36564144158,10557.3898158904,15765.755457332,13750.0852934058,27871.5091139506,41621.5944073564,0.0723384116866886,0.146630414109589,0.218968825796277
"35940","Norwalk, OH",2787.64271480838,9276.43311075931,12064.0758255677,7359.37676709411,24489.7834124046,31849.1601794987,0.0387172599278941,0.128839348760546,0.16755660868844
"35980","Norwich-New London-Willimantic, CT",261781.00409744,189791.587563798,451572.591661239,691101.850817243,501049.791168428,1192151.64198567,3.63584727913112,2.63599427171942,6.27184155085054
"36003","Allegany County, NY",34232.2559284513,13084.7164828957,47316.9724113469,90373.1556511113,34543.6515148445,124916.807165956,0.475447999006267,0.181732173373551,0.657180172379818
"36017","Chenango County, NY",26987.4002079556,29486.8295061245,56474.2297140801,71246.7365490029,77845.2298961687,149091.966445172,0.374825002888273,0.409539298696174,0.784364301584446
"36020","Oak Harbor, WA",26341.7060781855,15446.8430905281,41788.5491687135,69542.1040464096,40779.6657589941,110321.769805404,0.365857028863687,0.214539487368446,0.580396516232132
"36025","Delaware County, NY",8369.0871531394,7479.90237164994,15848.9895247893,22094.390084288,19746.9422611558,41841.3323454438,0.11623732157138,0.103887532939582,0.220124854510963
"36031","Essex County, NY",12174.7525285721,8063.09448062912,20237.8470092012,32141.3466754303,21286.5694288609,53427.9161042912,0.169093785119057,0.111987423342071,0.281081208461128
"36033","Franklin County, NY",31011.2259008988,7691.74272293791,38702.9686238367,81869.6363783728,20306.2007885561,102175.837166929,0.430711470845816,0.106829760040804,0.537541230886621
"36039","Greene County, NY",16722.7639128814,23504.6373675589,40227.4012804403,44148.0967300068,62052.2426503555,106200.339380362,0.23226060990113,0.326453296771652,0.558713906672782
"36041","Hamilton County, NY",3587.64340235388,1644.89119120756,5232.53459356144,9471.37858221425,4342.51274478796,13813.8913270022,0.0498283805882484,0.0228457109889939,0.0726740915772422
"36049","Lewis County, NY",4245.68787008624,2563.44404217973,6809.13191226597,11208.6159770277,6767.49227135449,17976.1082483822,0.0589678870845311,0.0356033894747185,0.0945712765592496
"36097","Schuyler County, NY",92341.9496170415,59000.3803826874,151342.329999729,243782.74698899,155761.004210295,399543.751199284,1.28252707801447,0.819449727537325,2.10197680555179
"36100","Ocala, FL",114534.832930446,91260.7737706506,205795.606701096,302371.958936376,240928.442754518,543300.401690894,1.59076156847841,1.26751074681459,2.858272315293
"36121","Wyoming County, NY",22086.70165214,28865.4597871409,50952.161439281,58308.8923616497,76204.813838052,134513.706199702,0.306759745168612,0.40090916371029,0.707668908878902
"36123","Yates County, NY",5395.49712264694,4249.57539422945,9645.07251687639,14244.1124037879,11218.8790407658,25462.9914445537,0.0749374600367631,0.0590218804754091,0.133959340512172
"36180","Ocean Pines, MD",33603.4839475796,12937.9800228317,46541.4639704112,88713.19762161,34156.2672602757,122869.464881886,0.466715054827494,0.179694166983773,0.646409221811267
"36220","Odessa, TX",15759.9748282554,8842.08049242614,24602.0553206815,41606.3335465942,23343.092500005,64949.4260465992,0.218888539281325,0.122806673505919,0.341695212787243
"36260","Ogden, UT",327431.766827245,998120.62551247,1325552.39233972,864419.864423926,2635038.45135292,3499458.31577685,4.54766342815618,13.862786465451,18.4104498936072
"36340","Oil City, PA",9530.38676147643,5902.08973731319,15432.4764987896,25160.2210502978,15581.5169065068,40741.7379568046,0.132366482798284,0.0819734685737943,0.214339951372078
"36380","Okeechobee, FL",2715.81117057223,695.790370995189,3411.60154156742,7169.74149031068,1836.8865794273,9006.62806973798,0.0377195995912809,0.00966375515271096,0.0473833547439919
"36420","Oklahoma City, OK",1361515.55773209,368377.905256051,1729893.46298814,3594401.07241272,972517.669875974,4566918.74228869,18.9099383018346,5.11635979522292,24.0262980970575
"36460","Olean, NY",56070.99648782,32989.4769561564,89060.4734439764,148027.430727845,87092.219164253,235119.649892098,0.778763840108611,0.458187179946617,1.23695102005523
"36500","Olympia-Lacey-Tumwater, WA",51743.2932406318,29466.8471342108,81210.1403748426,136602.294155268,77792.4764343164,214394.770589584,0.71865685056433,0.409261765752927,1.12791861631726
"36540","Omaha, NE-IA",349895.039056239,177935.052271531,527830.09132777,923722.903108471,469748.537996842,1393471.44110531,4.85965332022554,2.47132017043793,7.33097349066347
"36580","Oneonta, NY",8419.75896176988,10794.787889454,19214.5468512239,22228.1636590725,28498.2400281586,50726.4036872311,0.116941096691248,0.14992760957575,0.266868706266999
"36620","Ontario, OR-ID",5468.04402951744,1905.9838700117,7374.02789952914,14435.636237926,5031.7974168309,19467.4336547569,0.07594505596552,0.026471998194607,0.102417054160127
"36660","Opelousas, LA",6018.99393139376,16408.8452737963,22427.83920519,15890.1439788795,43319.3515228221,59209.4955017017,0.0835971379360245,0.227900628802726,0.31149776673875
"36700","Orangeburg, SC",23288.1376170786,28485.4871175115,51773.6247345901,61480.6833090874,75201.6859902305,136682.369299318,0.323446355792758,0.395631765520994,0.719078121313751
"36740","Orlando-Kissimmee-Sanford, FL",1095760.83614508,629019.056279253,1724779.89242434,2892808.60742302,1660610.30857723,4553418.91600025,15.2189005020151,8.7363757816563,23.9552762836713
"36780","Oshkosh-Neenah, WI",38584.5927042478,78789.2596340458,117373.852338294,101863.324739214,208003.645433881,309866.970173095,0.535897120892331,1.09429527269508,1.63019239358741
"36820","Oskaloosa, IA",19489.0149052674,19325.8091426282,38814.8240478956,51450.999349906,51020.1361365384,102471.135486444,0.270680762573159,0.268414015869836,0.539094778442994
"36830","Othello, WA",979.00933943934,463.831419532282,1442.84075897162,2584.58465611986,1224.51494756522,3809.09960368508,0.0135973519366575,0.00644210304905947,0.020039454985717
"36837","Ottawa, IL",8922.93623479468,9756.01527621546,18678.9515110101,23556.551659858,25755.8803292088,49312.4319890668,0.123929669927704,0.135500212169659,0.259429882097363
"36840","Ottawa, KS",7594.80043933317,8180.87642600655,15775.6768653397,20050.2731598396,21597.5137646573,41647.7869244969,0.105483339435183,0.113623283694535,0.219106623129718
"36900","Ottumwa, IA",1070.61531053908,3057.80440030516,4128.41971084424,2826.42441982317,8072.60361680563,10899.0280366288,0.0148696570908206,0.0424695055597939,0.0573391626506145
"36940","Owatonna, MN",1593.93218520802,2776.02518151342,4369.95736672144,4207.98096894918,7328.70647919542,11536.6874481446,0.0221379470167781,0.0385559052987975,0.0606938523155756
"36980","Owensboro, KY",2563.68945826352,2650.22675768559,5213.91621594911,6768.14016981569,6996.59864028995,13764.7388101056,0.0356067980314378,0.0368087049678554,0.0724155029992932
"37005","Alleghany County, NC",6052.35620494539,2161.39942825716,8213.75563320255,15978.2203810558,5706.09449059891,21684.3148716547,0.0840605028464637,0.0300194365035717,0.114079939350035
"37009","Ashe County, NC",761.238227276909,7144.2122569759,7905.45048425281,2009.66892001104,18860.7203584164,20870.3892784274,0.0105727531566237,0.0992251702357764,0.1097979233924
"37011","Avery County, NC",324.508576002872,1670.69149163386,1995.20006763673,856.702640647583,4410.6255379134,5267.32817856098,0.00450706355559545,0.0232040484949148,0.0277111120505102
"37015","Bertie County, NC",22552.0262856796,7365.91207751344,29917.9383631931,59537.3493941942,19446.0078846355,78983.3572788297,0.313222587301106,0.102304334409909,0.415526921711015
"37017","Bladen County, NC",6193.16444098655,2936.31781740467,9129.48225839121,16349.9541242045,7751.87903794832,24101.8331621528,0.0860161727914798,0.0407821919083982,0.126798364699878
"37020","Owosso, MI",113369.055422611,53347.1071975226,166716.162620133,299294.306315692,140836.36300146,440130.669317152,1.57457021420293,0.740932044410036,2.31550225861296
"37033","Caswell County, NC",23596.8822773731,30151.7455981263,53748.6278754994,62295.7692122651,79600.6083790533,141896.377591318,0.327734476074627,0.41877424441842,0.746508720493047
"37039","Cherokee County, NC",2453.63330873343,2189.12399366307,4642.7573023965,6477.59193505625,5779.2873432705,12256.8792783268,0.0340782403990754,0.0304044999119871,0.0644827403110625
"37041","Chowan County, NC",1415.91798962017,3594.94581141557,5010.86380103574,3738.02349259726,9490.65694213711,13228.6804347344,0.0196655276336135,0.0499298029363274,0.0695953305699409
"37043","Clay County, NC",434.131668541128,413.592632458972,847.7243010001,1146.10760494858,1091.88454969169,2237.99215464026,0.00602960650751567,0.00574434211748572,0.0117739486250014
"37047","Columbus County, NC",8104.21065708455,8492.40339725904,16596.6140543436,21395.1161347032,22419.9449687639,43815.0611034671,0.112558481348396,0.117950047184153,0.23050852853255
"37060","Oxford, MS",263908.743525284,370458.017874938,634366.761400222,696719.082906749,978009.167189837,1674728.25009659,3.66539921562894,5.14525024826303,8.81064946389197
"37061","Duplin County, NC",8714.8159805389,11642.7426892424,20357.5586697813,23007.1141886227,30736.8406995999,53743.9548882226,0.121039110840818,0.161704759572811,0.282743870413629
"37075","Graham County, NC",2293.16096301077,1262.07376904609,3555.23473205686,6053.94494234843,3331.87475028167,9385.8196926301,0.031849457819594,0.0175288023478623,0.0493782601674563
"37077","Granville County, NC",81478.9898034666,108514.249914986,189993.239718453,215104.533081152,286477.619775563,501582.152856715,1.13165263615926,1.50714235993036,2.63879499608962
"37079","Greene County, NC",17298.6790413677,8494.1298345893,25792.808875957,45668.5126692108,22424.5027633157,68093.0154325265,0.240259431130107,0.117974025480407,0.358233456610514
"37091","Hertford County, NC",787.799506827749,3113.45406942726,3901.253576255,2079.79069802526,8219.51874328795,10299.3094413132,0.0109416598170521,0.0432424176309341,0.0541840774479862
"37095","Hyde County, NC",64.6410643721183,1175.27951708176,1239.92058145388,170.652409942392,3102.73792509585,3273.39033503824,0.000897792560723865,0.0163233266261356,0.0172211191868594
"37099","Jackson County, NC",8537.34413971093,7871.37847211004,16408.722611821,22538.5885288369,20780.4391663705,43319.0276952074,0.118574224162652,0.109324701001528,0.22789892516418
"37100","Oxnard-Thousand Oaks-Ventura, CA",243095.688629221,342300.223158861,585395.911788081,641772.617981142,903672.589139392,1545445.20712053,3.37632900873917,4.75416976609529,8.13049877483446
"37113","Macon County, NC",1966.5976844284,4065.67807623661,6032.27576066501,5191.81788689098,10733.3901212646,15925.2080081556,0.0273138567281722,0.0564677510588417,0.083781607787014
"37117","Martin County, NC",1200.46706967199,6582.03320413421,7782.5002738062,3169.23306393405,17376.5676589143,20545.8007228484,0.0166731537454443,0.0914171278351974,0.108090281580642
"37120","Ozark, AL",7547.3226313499,3562.3201545306,11109.6427858805,19924.9317467637,9404.5252079608,29329.4569547245,0.104823925435415,0.0494766688129251,0.15430059424834
"37121","Mitchell County, NC",194.259310170154,976.391339890762,1170.65065006092,512.844578849207,2577.67313731161,3090.51771616082,0.00269804597458547,0.0135609908318161,0.0162590368064016
"37123","Montgomery County, NC",1699.19241360846,1371.67530641828,3070.86772002675,4485.86797192635,3621.22280894427,8107.09078087062,0.0235998946334509,0.0190510459224762,0.0426509405559271
"37140","Paducah, KY-IL",4748.09527116545,10773.1180163244,15521.2132874898,12534.9715158768,28441.0315630964,40976.0030789732,0.0659457676550757,0.149626639115617,0.215572406770692
"37143","Perquimans County, NC",2122.03781690354,2133.12046598511,4255.15828288865,5602.17983662534,5631.43803020069,11233.617866826,0.0294727474569936,0.0296266731386821,0.0590994205956756
"37149","Polk County, NC",1029.82275454863,3336.20018514357,4366.02293969221,2718.7320720084,8807.56848877903,11526.3005607874,0.0143030938131755,0.0463361136825496,0.0606392074957251
"37163","Sampson County, NC",23669.3727838579,10228.4498069748,33897.8225908327,62487.1441493849,27003.1074904134,89490.2516397983,0.328741288664693,0.142061802874649,0.470803091539343
"37173","Swain County, NC",1676.32158340869,2376.22646346273,4052.54804687142,4425.48898019893,6273.23786354162,10698.7268437406,0.0232822442140096,0.0330031453258713,0.0562853895398809
"37177","Tyrrell County, NC",11125.1678401865,2823.04281815426,13948.2106583407,29370.4430980923,7452.83303992726,36823.2761380195,0.15451622000259,0.0392089280299203,0.19372514803251
"37185","Warren County, NC",30442.355798018,17538.0187758779,47980.3745738959,80367.8193067676,46300.3695683177,126668.188875085,0.422810497194695,0.243583594109415,0.66639409130411
"37187","Washington County, NC",5874.97315462917,3093.47558528401,8968.44873991318,15509.929128221,8166.77554514978,23676.7046733708,0.0815968493698496,0.0429649386845001,0.12456178805435
"37199","Yancey County, NC",503.643280348674,1929.36602992373,2433.00931027241,1329.6182601205,5093.52631899865,6423.14457911915,0.00699504556039825,0.0267967504156074,0.0337917959760057
"37220","Pahrump, NV",2027.80272605369,1383.11647224862,3410.91919830232,5353.39919678175,3651.42748673637,9004.82668351811,0.0281639267507457,0.0192099510034531,0.0473738777541988
"37260","Palatka, FL",19793.0232705396,15843.9611027225,35636.9843732621,52253.5814342246,41828.0573111874,94081.638745412,0.274903100979717,0.22005501531559,0.494958116295307
"37300","Palestine, TX",11054.3548896012,23012.1587333432,34066.5136229444,29183.4969085471,60752.0990560261,89935.5959645732,0.153532706800016,0.319613315740878,0.473146022540894
"37340","Palm Bay-Melbourne-Titusville, FL",311254.544026671,74391.2006650834,385645.744691754,821711.996230412,196392.76975582,1018104.76598623,4.32297977814821,1.03321112034838,5.35619089849659
"37420","Pampa, TX",4612.53004607179,2674.59905874275,7287.12910481454,12177.0793216295,7060.94151508087,19238.0208367104,0.0640629173065526,0.0371472091492049,0.101210126455758
"37460","Panama City-Panama City Beach, FL",18509.5163019182,15576.110356231,34085.6266581492,48865.1230370642,41120.9313404498,89986.0543775139,0.25707661530442,0.216334866058764,0.473411481363184
"37500","Paragould, AR",4905.52655152558,7275.11650559478,12180.6430571204,12950.5900960275,19206.3075747702,32156.8976707978,0.0681323132156331,0.101043284799927,0.169175598015561
"37540","Paris, TN",2886.89078317077,1200.53868078935,4087.42946396012,7621.39166757083,3169.42211728388,10790.8137848547,0.0400957053218162,0.0166741483442965,0.0567698536661127
"37580","Paris, TX",6365.05396011637,9789.33951747054,16154.3934775869,16803.7424547072,25843.8563261222,42647.5987808294,0.0884035272238384,0.135963048853758,0.224366576077596
"37620","Parkersburg-Vienna, WV",13542.0680424033,10303.8611576147,23845.929200018,35751.0596319448,27202.1934561028,62953.2530880476,0.188084278366713,0.143109182744649,0.331193461111362
"37740","Payson, AZ",14005.6355847227,5345.50320829566,19351.1387930183,36974.8779436678,14112.1284699006,51087.0064135684,0.194522716454481,0.0742431001152176,0.268765816569699
"37800","Pella, IA",19892.4474793582,38804.9262503033,58697.3737296616,52516.0613455058,102445.005300801,154961.066646307,0.276283992768865,0.53895730903199,0.815241301800855
"37860","Pensacola-Ferry Pass-Brent, FL",20717.2231626155,18958.197724642,39675.4208872575,54693.4691493049,50049.6419930548,104743.11114236,0.287739210591882,0.263308301731138,0.55104751232302
"37900","Peoria, IL",36932.6477949028,74875.8991042348,111808.546899138,97502.1901785435,197672.37363518,295174.563813723,0.512953441595873,1.03994304311437,1.55289648471025
"37940","Peru, IN",14747.0345925802,17560.1852848727,32307.2198774529,38932.1713244117,46358.889152064,85291.0604764757,0.204819924896947,0.243891462289899,0.448711387186846
"37950","Petoskey, MI",3510.36988076097,2416.57497022119,5926.94485098217,9267.37648520897,6379.75792138395,15647.1344065929,0.0487551372327913,0.0335635412530721,0.0823186784858634
"37980","Philadelphia-Camden-Wilmington, PA-NJ-DE-MD",7495060.3097366,4410026.9783061,11905087.2880427,19786959.2177046,11642471.2227281,31429430.4404327,104.098059857453,61.2503746986958,165.348434556149
"38001","Adams County, ND",66.3151165074902,71.4822636864721,137.797380193962,175.071907579774,188.713176132286,363.78508371206,0.000921043284826253,0.000992809217867668,0.00191385250269392
"38003","Barnes County, ND",3468.28241198526,4901.25634534731,8369.53875733258,9156.26556764109,12939.3167517169,22095.582319358,0.0481705890553508,0.0680730047964905,0.116243593851841
"38005","Benson County, ND",413.64762663273,571.548881436779,985.196508069508,1092.02973431041,1508.8890469931,2600.9187813035,0.00574510592545458,0.00793817890884415,0.0136832848342987
"38009","Bottineau County, ND",432.636761087263,603.94165322131,1036.57841430857,1142.16104927037,1594.40596450426,2736.56701377463,0.00600884390398976,0.00838807851696264,0.0143969224209524
"38011","Bowman County, ND",216.318380543631,301.970826610655,518.289207154287,571.080524635187,797.20298225213,1368.28350688732,0.00300442195199488,0.00419403925848132,0.0071984612104762
"38013","Burke County, ND",399.021401801811,556.175424879141,955.196826680952,1053.41650075678,1468.30312168093,2521.71962243771,0.00554196391391404,0.00772465867887696,0.013266622592791
"38019","Cavalier County, ND",686.933410539961,970.698023401028,1657.63143394099,1813.5042038255,2562.64278177871,4376.14698560421,0.00954074181305501,0.0134819169916809,0.023022658804736
"38021","Dickey County, ND",955.85628482358,1489.77713470085,2445.63341952443,2523.46059193425,3933.01163561023,6456.47222754448,0.0132757817336608,0.0206913490930673,0.0339671308267281
"38023","Divide County, ND",33.6153592854521,47.7662283421695,81.3815876276217,88.7445485135937,126.102842823328,214.847391336921,0.000466879990075724,0.000663419838085688,0.00113029982816141
"38027","Eddy County, ND",346.416908061825,476.01642475244,822.433332814265,914.540637283219,1256.68336134644,2171.22399862966,0.00481134594530313,0.00661133923267278,0.0114226851779759
"38029","Emmons County, ND",264.559964660002,365.110511510463,629.670476170465,698.438306702406,963.891750387621,1662.33005709003,0.00367444395361114,0.0050709793265342,0.00874542328014534
"38031","Foster County, ND",1176.53757499082,1671.81799197593,2848.35556696676,3106.05919797578,4413.59949881646,7519.65869679224,0.0163407996526503,0.0232196943329991,0.0395604939856494
"38033","Golden Valley County, ND",48.2415841163707,63.1396848998075,111.381269016178,127.357782067219,166.688768135492,294.04655020271,0.00067002200161626,0.000876940068052882,0.00154696206966914
"38037","Grant County, ND",291.182333341214,301.970826610655,593.153159951869,768.721360020804,797.20298225213,1565.92434227293,0.00404419907418352,0.00419403925848132,0.00823823833266485
"38039","Griggs County, ND",201.692155712713,286.597370053017,488.28952576573,532.467291081562,756.617056939966,1289.08434802153,0.00280127994045435,0.00398051902851413,0.00678179896896848
"38041","Hettinger County, ND",106.082078706774,148.379723450587,254.461802157361,280.056687785884,391.722469909549,671.779157695433,0.00147336220426075,0.00206082949236926,0.00353419169663001
"38043","Kidder County, ND",249.933739829084,349.737054952825,599.670794781909,659.825073148781,923.305825075458,1583.13089822424,0.00347130194207061,0.00485745909656701,0.00832876103863762
"38045","LaMoure County, ND",850.647297343606,1192.50984988498,2043.15714722859,2245.70886498712,3148.22600369635,5393.93486868347,0.011814545796439,0.0165626368039581,0.028377182600397
"38047","Logan County, ND",67.2307185709042,95.532456684339,162.763175255243,177.489097027187,252.205685646655,429.694782673842,0.000933759980151447,0.00132683967617137,0.00226059965632282
"38051","McIntosh County, ND",394.658492178196,539.156109652248,933.814601830444,1041.89841935044,1423.37212948193,2465.27054883237,0.00548136794691939,0.00748827930072566,0.0129696472476451
"38053","McKenzie County, ND",350.96596004009,498.036481449853,849.002441489943,926.550134505837,1314.81631102761,2241.36644553345,0.00487452722277903,0.00691717335347018,0.0117917005762492
"38055","McLean County, ND",592.196424760826,886.130418233456,1478.32684299428,1563.39856136858,2339.38430413632,3902.7828655049,0.00822495034390036,0.0123073669199091,0.0205323172638095
"38057","Mercer County, ND",701.55963537088,986.071479958666,1687.63111532955,1852.11743737912,2603.22870709088,4455.34614447,0.00974388382459555,0.0136954372216481,0.0234393210462437
"38060","Phoenix-Mesa-Chandler, AZ",3257262.09293465,844073.387864933,4101335.48079958,8599171.92534748,2228353.74396342,10827525.6693109,45.239751290759,11.7232414981241,56.9629927888831
"38061","Mountrail County, ND",678.207591292733,936.659392947243,1614.86698423998,1790.46804101282,2472.78079738072,4263.24883839354,0.00941954987906574,0.0130091582353784,0.0224287081144441
"38063","Nelson County, ND",643.159619642691,762.114340535004,1405.2739601777,1697.94139585671,2011.98185901241,3709.92325486912,0.00893277249503738,0.0105849213963195,0.0195176938913569
"38067","Pembina County, ND",1104.50101628675,1549.78170071446,2654.28271700121,2915.88268299702,4091.42368988618,7007.3063728832,0.0153402918928715,0.0215247458432564,0.0368650377361279
"38069","Pierce County, ND",529.119929320005,730.221023020926,1259.34095234093,1396.87661340481,1927.78350077524,3324.66011418006,0.00734888790722229,0.0101419586530684,0.0174908465602907
"38071","Ramsey County, ND",2074.77878236977,2632.64086336143,4707.4196457312,5477.4159854562,6950.17187927418,12427.5878647304,0.028816371977358,0.0365644564355754,0.0653808284129334
"38073","Ransom County, ND",1224.7791591072,1734.95767687574,2959.73683598294,3233.416980043,4580.28826695195,7813.70524699495,0.0170108216542666,0.024096634401052,0.0411074560553186
"38079","Rolette County, ND",591.987738267293,874.322482716043,1466.31022098334,1562.84762902565,2308.21135437035,3871.05898339601,0.00822205192037908,0.0121433678155006,0.0203654197358797
"38081","Sargent County, ND",466.252120372716,651.707881563481,1117.9600019362,1230.90559778397,1720.50880732759,2951.41440511156,0.0064757238940655,0.00905149835504835,0.0155272222491139
"38083","Sheridan County, ND",230.94460537455,317.344283168293,548.288888542844,609.693758188813,837.788907564294,1447.48266575311,0.00320756396353542,0.00440755948844852,0.00761512345198394
"38085","Sioux County, ND",235.307514998165,334.363598395187,569.671113393351,621.211839595155,882.719899763293,1503.93173935845,0.00326815993053007,0.00464393886659981,0.00791209879712988
"38087","Slope County, ND",149.087661972727,206.438369926316,355.526031899043,393.591427608,544.997296605475,938.588724213475,0.00207066197184343,0.00286719958230995,0.00493786155415338
"38091","Steele County, ND",216.318380543631,301.970826610655,518.289207154287,571.080524635187,797.20298225213,1368.28350688732,0.00300442195199488,0.00419403925848132,0.0071984612104762
"38095","Towner County, ND",134.461437141809,191.064913368678,325.526350510487,354.978194054375,504.411371293311,859.389565347686,0.0018675199603029,0.00265367935234276,0.00452119931264566
"38097","Traill County, ND",3065.39725707305,4079.91604004924,7145.31329712228,8092.64875867284,10770.97834573,18863.6271044028,0.0425749619037923,0.0566655005562394,0.0992404624600317
"38099","Walsh County, ND",1874.17921167761,2475.61458044654,4349.79379212415,4947.8331188289,6535.62249237886,11483.4556112078,0.0260302668288557,0.0343835358395353,0.060413802668391
"38100","Picayune, MS",4957.57916155816,15383.5600379269,20341.139199485,13088.0089865135,40612.5985001269,53700.6074866405,0.0688552661327523,0.213660556082318,0.28251582221507
"38103","Wells County, ND",258.216628566756,374.29116605637,632.507794623126,681.691899416235,988.128678388818,1669.82057780505,0.00358634206342716,0.00519848841744959,0.00878483048087675
"38180","Pierre, SD",4350.81475974226,1818.58138210036,6169.39614184263,11486.1509657196,4801.05484874496,16287.2058144645,0.0604279827741981,0.0252580747513939,0.085686057525592
"38210","Pikeville, KY",2745.2908813516,1118.17619281513,3863.46707416673,7247.56792676822,2951.98514903195,10199.5530758002,0.0381290400187722,0.0155302249002101,0.0536592649189824
"38220","Pine Bluff, AR",946.706646970494,33788.9067533306,34735.6134003011,2499.3055480021,89202.7138287927,91702.0193767948,0.0131487034301458,0.469290371574036,0.482439075004182
"38240","Pinehurst-Southern Pines, NC",19878.5986375589,12237.5851767672,32116.1838143261,52479.5004031556,32307.2248666653,84786.725269821,0.276091647743874,0.169966460788433,0.446058108532307
"38260","Pittsburg, KS",3478.15700176893,4242.16568984245,7720.32269161138,9182.33448466998,11199.3174211841,20381.651905854,0.0483077361356796,0.0589189679144785,0.107226704050158
"38300","Pittsburgh, PA",4605636.47349555,3220184.3880504,7825820.86154595,12158880.2900282,8501286.78445306,20660167.0744813,63.9671732429937,44.7247831673667,108.69195641036
"38340","Pittsfield, MA",63639.5315207403,35753.121535396,99392.6530561363,168008.363214754,94388.2408534456,262396.6040682,0.883882382232504,0.496571132436056,1.38045351466856
"38380","Plainview, TX",13568.1306188899,7659.341585546,21227.4722044359,35819.8648338693,20220.6617858415,56040.5266197107,0.188446258595693,0.106379744243694,0.294826002839387
"38420","Platteville, WI",18381.3348862748,35940.6042863209,54321.9391725956,48526.7240997654,94883.1953158871,143409.919415653,0.255296317864927,0.499175059532234,0.754471377397162
"38460","Plattsburgh, NY",21113.2257113431,16152.4098363205,37265.6355476636,55738.9158779457,42642.3619678862,98381.2778458319,0.293239245990876,0.224339025504452,0.517578271495328
"38500","Plymouth, IN",29588.8914703676,41953.8811614941,71542.7726318616,78114.6734817703,110758.246266344,188872.919748115,0.410956825977327,0.58269279390964,0.993649619886967
"38540","Pocatello, ID",17295.3877171435,130967.972242511,148263.359959655,45659.823573259,345755.44672023,391415.270293489,0.24021371829366,1.81899961447932,2.05921333277298
"38620","Ponca City, OK",6356.20784230627,2810.07117189594,9166.2790142022,16780.3887036885,7418.58789380527,24198.9765974938,0.0882806644764759,0.0390287662763324,0.127309430752808
"38660","Ponce, PR",67728.6018737879,0,67728.6018737879,178803.5089468,0,178803.5089468,0.940675026024832,0,0.940675026024832
"38700","Pontiac, IL",15624.5107521466,21641.266868004,37265.7776201506,41248.708385667,57132.9445315305,98381.6529171975,0.217007093779814,0.3005731509445,0.517580244724314
"38740","Poplar Bluff, MO",2630.29078623093,2596.6834102248,5226.97419645572,6943.96767564965,6855.24420299346,13799.2118786431,0.0365318164754295,0.0360650473642333,0.0725968638396628
"38820","Port Angeles, WA",26681.7683824916,13865.9422042568,40547.7105867485,70439.8685297779,36606.0874192381,107045.955949016,0.370580116423495,0.192582530614678,0.563162647038173
"38860","Portland-South Portland, ME",59423.8602110926,139425.621168184,198849.481379276,156878.990957284,368083.639884005,524962.630841289,0.825331391820731,1.93646696066922,2.76179835248995
"38900","Portland-Vancouver-Hillsboro, OR-WA",912972.583439969,572588.91990054,1485561.50334051,2410247.62028152,1511634.74853742,3921882.36881894,12.6801747699996,7.95262388750749,20.6327986575071
"38920","Port Lavaca, TX",6838.67443283413,5891.88383140086,12730.558264235,18054.1005026821,15554.5733148983,33608.6738175804,0.0949815893449185,0.0818317198805675,0.176813309225486
"38940","Port St. Lucie, FL",28491.5094827792,13715.2112407699,42206.7207235491,75217.5850345371,36208.1576756325,111425.74271017,0.395715409483044,0.190489045010693,0.586204454493737
"39001","Adams County, OH",1161.79034230394,1912.15652195759,3073.94686426152,3067.12650368239,5048.09321796803,8115.21972165042,0.0161359769764436,0.0265577294716331,0.0426937064480767
"39020","Portsmouth, OH",4031.56548089283,7964.70434788914,11996.269828782,10643.3328695571,21026.8194784273,31670.1523479844,0.0559939650124004,0.110620893720682,0.166614858733083
"39040","Port Townsend, WA",269.872518003446,533.827267626593,803.699785630039,712.463447529099,1409.30398653421,2121.7674340633,0.00374822941671453,0.0074142676059249,0.0111624970226394
"39060","Pottsville, PA",53784.7525316955,29274.69750067,83059.4500323655,141991.746683676,77285.2014017688,219276.948085445,0.747010451829105,0.406593020842639,1.15360347267174
"39065","Hardin County, OH",272.333891132737,1318.87941180022,1591.21330293295,718.961472590427,3481.84164715257,4200.803119743,0.00378241515462135,0.0183177696083363,0.0221001847629577
"39067","Harrison County, OH",1888.89692546105,1256.05986839105,3144.9567938521,4986.68788321717,3315.99805255238,8302.68593576956,0.0262346795202924,0.0174452759498758,0.0436799554701681
"39069","Henry County, OH",804.256220614091,13659.0498909502,14463.3061115643,2123.2364224212,36059.8917121086,38183.1281345298,0.0111702252863068,0.189709026263198,0.200879251549504
"39071","Highland County, OH",8464.48466968707,9597.38032395908,18061.8649936461,22346.2395279739,25337.084055252,47683.3235832258,0.117562287078987,0.133296948943876,0.250859236022863
"39075","Holmes County, OH",2002.94362480503,6795.3751496949,8798.31877449992,5287.77116948528,17939.7903951945,23227.5615646798,0.0278186614556254,0.0943802104124291,0.122198871868054
"39079","Jackson County, OH",858.153914972096,619.141815855245,1477.29573082734,2265.52633552633,1634.53439385785,3900.06072938418,0.0119188043746124,0.00859919188687841,0.0205179962614909
"39105","Meigs County, OH",6554.53050482958,5553.61811192823,12108.1486167578,17303.9605327501,14661.5518154905,31965.5123482406,0.0910351459004109,0.0771335848878922,0.168168730788303
"39111","Monroe County, OH",985.921427954326,1932.72150225849,2918.64293021282,2602.83256979942,5102.38476596242,7705.21733576184,0.0136933531660323,0.0268433541980346,0.0405367073640669
"39115","Morgan County, OH",344.1783660061,426.420302795783,770.598668801883,908.630886256104,1125.74959938087,2034.38048563697,0.00478025508341805,0.00592250420549698,0.010702759288915
"39121","Noble County, OH",1697.98795123328,1150.26128378232,2848.2492350156,4482.68819125585,3036.68978918532,7519.37798044117,0.0235831659893511,0.0159758511636433,0.0395590171529944
"39125","Paulding County, OH",211.787134335873,1000.6282187539,1212.41535308978,559.118034646704,2641.65849751031,3200.77653215701,0.00294148797688712,0.0138976141493598,0.0168391021262469
"39131","Pike County, OH",3026.60452934357,4535.46285925239,7562.06738859596,7990.23595746702,11973.6219484263,19963.8579058933,0.0420361740186606,0.0629925397118388,0.105028713730499
"39135","Preble County, OH",11458.5389268225,25863.7257540617,37322.2646808843,30250.5427668115,68280.235990723,98530.7787575345,0.159146373983646,0.359218413250858,0.518364787234504
"39137","Putnam County, OH",967.521387740734,2499.06815724842,3466.58954498916,2554.25646363554,6597.53993513584,9151.79639877138,0.0134377970519546,0.0347092799617837,0.0481470770137383
"39150","Prescott Valley-Prescott, AZ",47181.8371704204,8645.05399471184,55826.8911651322,124560.05012991,22822.9425460393,147382.992675949,0.655303294033616,0.120070194370998,0.775373488404614
"39163","Vinton County, OH",6050.27105732012,3871.65433539381,9921.92539271393,15972.7155913251,10221.1674454397,26193.8830367648,0.0840315424627794,0.0537729768804696,0.137804519343249
"39171","Williams County, OH",1306.58939358814,4503.92732049284,5810.51671408098,3449.3959990727,11890.3681261011,15339.7641251738,0.0181470749109464,0.062554546117956,0.0807016210289025
"39175","Wyandot County, OH",1804.08427990459,2718.4143417539,4522.49862165849,4762.78249894812,7176.6138622303,11939.3963611784,0.025056726109786,0.0377557547465819,0.0628124808563679
"39220","Price, UT",9092.89112897488,13352.6543837331,22445.545512708,24005.2325804937,35251.0075730555,59256.2401535492,0.126290154569096,0.185453533107405,0.3117436876765
"39300","Providence-Warwick, RI-MA",2232515.96289583,1644293.08464169,3876809.04753752,5893842.14204498,4340933.74345407,10234775.885499,31.0071661513309,22.8374039533568,53.8445701046878
"39340","Provo-Orem-Lehi, UT",422784.324509645,771949.768747647,1194734.09325729,1116150.61670546,2037947.38949379,3154098.00619925,5.8720045070784,10.7215245659395,16.5935290730179
"39380","Pueblo, CO",6473.70459723562,5056.37500041854,11530.0795976542,17090.580136702,13348.830001105,30439.410137807,0.0899125638504948,0.0702274305613686,0.160139994411863
"39420","Pullman, WA",390930.515324623,152515.862857375,543446.378181998,1032056.56045701,402641.877943469,1434698.43840048,5.42959049061977,2.11827587301909,7.54786636363886
"39460","Punta Gorda, FL",3780.4215729758,2643.92911281488,6424.35068579069,9980.31295265612,6979.97285783129,16960.2858104874,0.0525058551802195,0.0367212376779845,0.089227092858204
"39480","Putnam, CT",146806.158598116,95980.0098283982,242786.168426515,387568.258699028,253387.225946971,640955.484645999,2.03897442497384,1.33305569206109,3.37203011703493
"39500","Quincy, IL-MO",1462.10823381516,2564.19356086365,4026.30179467881,3859.96573727201,6769.47100068004,10629.4367379521,0.0203070588029883,0.0356137994564396,0.0559208582594279
"39540","Racine-Mount Pleasant, WI",31770.0195605012,42258.6453465726,74028.6649070738,83872.8516397231,111562.823714952,195435.675354675,0.441250271673628,0.586925629813509,1.02817590148714
"39580","Raleigh-Cary, NC",4227967.95150238,2004575.82210945,6232543.77361183,11161835.3919663,5292080.17036894,16453915.5623352,58.7217771041998,27.8413308626312,86.563107966831
"39660","Rapid City, SD",458532.692576204,3011.85176225421,461544.544338458,1210526.30840118,7951.2886523511,1218477.59705353,6.36850961911394,0.0418312744757529,6.4103408935897
"39700","Raymondville, TX",2019.72547728376,345.520915405754,2365.24639268952,5332.07526002913,912.175216671191,6244.25047670033,0.0280517427400523,0.0047989016028577,0.03285064434291
"39740","Reading, PA",125760.725290572,73039.1242453155,198799.849535888,332008.314767111,192823.288007633,524831.602774744,1.74667674014684,1.01443228118494,2.76110902133178
"39780","Red Bluff, CA",8856.66036676591,5483.77515413269,14340.4355208986,23381.583368262,14477.1664069103,37858.7497751723,0.123009171760638,0.0761635438073984,0.199172715568036
"39820","Redding, CA",6502.97523554875,6741.53753313715,13244.5127686859,17167.8546218487,17797.6590874821,34965.5137093308,0.0903191004937326,0.093632465738016,0.183951566231749
"39860","Red Wing, MN",6860.3766210618,11233.9677918352,18094.344412897,18111.3942796031,29657.674970445,47769.0692500482,0.0952830086258583,0.156027330442156,0.251310339068014
"39900","Reno, NV",1132267.35272832,915712.705228562,2047980.05795688,2989185.81120275,2417481.5418034,5406667.35300616,15.7259354545599,12.7182320170634,28.4441674716233
"39940","Rexburg, ID",15714.0229624175,9337.66363055398,25051.6865929714,41485.0206207821,24651.4319846625,66136.4526054446,0.218250318922465,0.129689772646583,0.347940091569048
"39960","Rice Lake, WI",6259.87866769481,12831.7407507029,19091.6194183977,16526.0796827143,33875.7955818558,50401.8752645701,0.0869427592735391,0.178218621537541,0.26516138081108
"39980","Richmond, IN",17191.9151683584,21795.3047852078,38987.2199535662,45386.6560444661,57539.6046329486,102926.260677415,0.238776599560533,0.302712566461219,0.541489166021752
"40001","Adair County, OK",3664.36994744184,1515.02118490626,5179.3911323481,9673.93666124645,3999.65592815253,13673.592589399,0.0508940270478033,0.0210419609014759,0.0719359879492792
"40003","Alfalfa County, OK",1314.71530094597,445.028049512171,1759.74335045814,3470.84839449735,1174.87405071213,4645.72244520948,0.0182599347353606,0.00618094513211349,0.0244408798674741
"40005","Atoka County, OK",1001.19657354014,407.259736748574,1408.45631028871,2643.15895414597,1075.16570501623,3718.3246591622,0.0139055079658353,0.00565638523261908,0.0195618931984543
"40007","Beaver County, OK",942.365938960285,375.783838465812,1318.1497774261,2487.84607885515,992.069333549744,3479.9154124049,0.0130884158188928,0.00521921997869184,0.0183076357975847
"40011","Blaine County, OK",1367.7348574831,568.990741220245,1936.72559870334,3610.82002375538,1502.13555682145,5112.95558057683,0.018996317465043,0.00790264918361451,0.0268989666486575
"40015","Caddo County, OK",2803.00865520568,832.31319564195,3635.32185084763,7399.942849743,2197.30683649475,9597.24968623775,0.0389306757667456,0.0115599054950271,0.0504905812617727
"40023","Choctaw County, OK",322.958572409618,145.661282745994,468.619855155612,852.610631161392,384.545786449425,1237.15641761082,0.00448553572791136,0.00202307337147214,0.0065086090993835
"40025","Cimarron County, OK",161.479286204809,71.8235227247647,233.302808929573,426.305315580695,189.614099993379,615.919415574074,0.00224276786395568,0.000997548926732844,0.00324031679068852
"40029","Coal County, OK",242.218929307213,111.763758680076,353.982687987289,639.457973371043,295.0563229154,934.514296286443,0.00336415179593352,0.00155227442611216,0.00491642622204568
"40035","Craig County, OK",1540.22875797593,574.072549482362,2114.30130745829,4066.20392105646,1515.55153063343,5581.75545168989,0.021392066082999,0.00797322985392169,0.0293652959369207
"40041","Delaware County, OK",3205.49442879239,1092.03718329264,4297.53161208503,8462.50529201192,2882.97816389256,11345.4834559045,0.0445207559554499,0.0151671831012866,0.0596879390567365
"40043","Dewey County, OK",1200.86163389259,664.024151415505,1864.88578530809,3170.27471347643,1753.02375973693,4923.29847321336,0.0166786338040637,0.00922255765854869,0.0259011914626124
"40045","Ellis County, OK",263.889632318007,107.735284087147,371.624916405154,696.668629319538,284.421149990068,981.089779309607,0.00366513378219454,0.00149632339009927,0.00516145717229381
"40049","Garvin County, OK",7153.576436629,1977.98974002154,9131.56617665054,18885.4417927006,5221.89291365687,24107.3347063574,0.0993552282865139,0.0274720797225214,0.126827308009035
"40053","Grant County, OK",285.560335328801,109.749521383611,395.309856712412,753.879285268034,289.738736452734,1043.61802172077,0.00396611576845557,0.00152429890810572,0.00549041467656128
"40055","Greer County, OK",1131.56531173036,376.781436247606,1508.34674797797,2987.33242296816,994.70299169368,3982.03541466184,0.0157161848851439,0.00523307550343897,0.0209492603885829
"40057","Harmon County, OK",296.448794141049,90.0524197304884,386.501213871538,782.62481653237,237.738388088489,1020.36320462086,0.00411734436307013,0.00125072805181234,0.00536807241488247
"40059","Harper County, OK",538.667723448263,196.2250316539,734.892755102163,1422.08278990341,518.034083566297,1940.11687346971,0.00748149615900365,0.00272534766185973,0.0102068438208634
"40060","Richmond, VA",477361.53426867,646472.590832619,1123834.12510129,1260234.45046929,1706687.63979811,2966922.0902674,6.63002130928709,8.97878598378637,15.6088072930735
"40061","Haskell County, OK",404.371425280299,187.164190865041,591.53561614534,1067.54056273999,494.113463883708,1561.6540266237,0.00561626979555971,0.00259950265090334,0.00821577244646306
"40063","Hughes County, OK",1128.69350599124,423.925961590562,1552.6194675818,2979.75085581687,1119.16453859908,4098.91539441596,0.0156762986943228,0.00588786057764669,0.0215641592719695
"40067","Jefferson County, OK",174.396503640642,75.8519973176935,250.248500958335,460.406769611294,200.249272918711,660.656042530005,0.00242217366167558,0.00105349996274574,0.00347567362442132
"40069","Johnston County, OK",551.584940884096,350.576708631193,902.161649515289,1456.18424393401,925.52251078635,2381.70675472036,0.00766090195672355,0.00486912095321101,0.0125300229099346
"40073","Kingfisher County, OK",1507.81535252471,741.696665284715,2249.51201780943,3980.63253066524,1958.07919635165,5938.71172701689,0.0209418798961766,0.0103013425733988,0.0312432224695754
"40075","Kiowa County, OK",754.376874486909,250.817255154736,1005.19412964164,1991.55494864544,662.157553608502,2653.71250225394,0.010477456590096,0.00348357298826022,0.0139610295783562
"40077","Latimer County, OK",88.6534502645383,43.2807289019462,131.934179166485,234.045108698381,114.261124301138,348.306232999519,0.00123129792034081,0.000601121234749253,0.00183241915509006
"40079","Le Flore County, OK",2662.43609381075,1322.06096265381,3984.49705646456,7028.83128766039,3490.24094140605,10519.0722290664,0.0369782790807049,0.0183619578146362,0.0553402368953411
"40080","Richmond-Berea, KY",30465.2867071499,13721.988049364,44187.2747565139,80428.3569068757,36226.048450321,116654.405357197,0.423128982043748,0.190583167352278,0.613712149396026
"40085","Love County, OK",996.595803794122,364.143685998547,1360.73948979267,2631.01292201648,961.339331036163,3592.35225305265,0.0138416083860295,0.00505755119442426,0.0188991595804537
"40089","McCurtain County, OK",777.844417701486,369.902928050508,1147.74734575199,2053.50926273192,976.543730053341,3030.05299278526,0.0108033946902984,0.00513754066736817,0.0159409353576666
"40090","Rifle, CO",8734.12915200953,11968.6789294943,20702.8080815039,23058.1009613052,31597.3123738651,54655.4133351702,0.121307349333466,0.166231651798533,0.287539001131998
"40091","McIntosh County, OK",3704.72090921451,1568.97835467647,5273.69926389099,9780.46320032632,4142.10285634589,13922.5660566722,0.0514544570724238,0.0217913660371733,0.0732458231095971
"40093","Major County, OK",1173.69640945525,510.82160825921,1684.51801771446,3098.55852096185,1348.56904580431,4447.12756676617,0.0163013390202118,0.00709474455915569,0.0233960835793675
"40095","Marshall County, OK",1599.28391232545,625.74261118061,2225.02652350606,4222.10952853918,1651.96049351681,5874.07002205599,0.0222122765600756,0.0086908695997307,0.0309031461598063
"40097","Mayes County, OK",2529.83806175316,910.311981238199,3440.15004299136,6678.77248302835,2403.22363046885,9081.9961134972,0.0351366397465717,0.0126432219616417,0.0477798617082133
"40099","Murray County, OK",1131.56531173036,442.189345985998,1573.75465771636,2987.33242296816,1167.37987340304,4154.71229637119,0.0157161848851439,0.00614151869424998,0.0218577035793939
"40100","Rio Grande City-Roma, TX",2151.76496168997,549.246952898189,2701.01191458816,5680.65949886151,1450.01195565122,7130.67145451273,0.0298856244679162,0.00762842990136374,0.0375140543692799
"40103","Noble County, OK",24599.0813679648,10901.9583922368,35501.0397602015,64941.574811427,28781.1701555051,93722.744966932,0.341653907888399,0.151416088781066,0.493069996669466
"40105","Nowata County, OK",1144.4825291662,373.204526787406,1517.6870559536,3021.43387699876,985.259950718753,4006.69382771751,0.0158955906828638,0.00518339620538064,0.0210789868882445
"40107","Okfuskee County, OK",700.147009653072,274.091266268058,974.23827592113,1848.38810548411,723.600942947674,2571.98904843178,0.00972426402295933,0.00380682314261192,0.0135310871655712
"40127","Pushmataha County, OK",484.437858614427,215.470568174295,699.908426788721,1278.91594674209,568.842299980138,1847.75824672222,0.00672830359186704,0.00299264678019854,0.00972095037206558
"40129","Roger Mills County, OK",673.637231384504,212.891256495888,886.528487880393,1778.40229085509,562.032917149145,2340.43520800424,0.00935607265811811,0.00295682300688734,0.0123128956650055
"40133","Seminole County, OK",3950.79832145467,2371.92947168399,6322.72779313867,10430.1075686403,6261.89380524574,16692.0013738861,0.0548721989090927,0.0329434648844999,0.0878156637935926
"40140","Riverside-San Bernardino-Ontario, CA",2342077.57389242,2839850.94956049,5181928.52345291,6183084.79507599,7497206.50683969,13680291.3019157,32.5288551929503,39.4423742994512,71.9712294924015
"40141","Tillman County, OK",592.8975882821,183.022207022899,775.919795304999,1565.24963306474,483.178626540454,2048.4282596052,0.00823468872614027,0.00254197509754027,0.0107766638236805
"40151","Woods County, OK",1025.93088579584,512.862130268517,1538.79301606435,2708.45753850101,1353.95602390889,4062.4135624099,0.0142490400804977,0.0071230851426183,0.021372125223116
"40180","Riverton, WY",5642.444835194,4793.84045938473,10436.2852945787,14896.0543649122,12655.7388127757,27551.7931776878,0.0783672893776945,0.0665811174914545,0.144948406869149
"40220","Roanoke, VA",372545.548703043,374399.002033231,746944.550736274,983520.248576033,988413.365367731,1971933.61394376,5.1742437319867,5.19998613935043,10.3742298713371
"40260","Roanoke Rapids, NC",26291.4908571501,15784.2116902695,42075.7025474197,69409.5358628764,41670.3188623116,111079.854725188,0.365159595238196,0.219225162364855,0.584384757603051
"40300","Rochelle, IL",15824.6310786092,11791.4447127147,27616.0757913239,41777.0260475284,31129.4140415668,72906.4400890951,0.219786542758461,0.163770065454371,0.383556608212832
"40340","Rochester, MN",27345.686106584,38655.464519451,66001.150626035,72192.6113213817,102050.426331351,174243.037652732,0.379801195924778,0.536881451659042,0.91668264758382
"40380","Rochester, NY",1214436.2793417,1981411.91029948,3195848.18964117,3206111.77746208,5230927.44319062,8437039.2206527,16.8671705464125,27.5196098652705,44.386780411683
"40420","Rockford, IL",41581.5537783981,39774.3789461457,81355.9327245438,109775.301974971,105004.360417825,214779.662392796,0.577521580255529,0.552421929807579,1.12994351006311
"40460","Rockingham, NC",30197.2046681152,11478.7966561078,41676.001324223,79720.6203238242,30304.0231721245,110024.643495949,0.419405620390489,0.15942773133483,0.578833351725319
"40540","Rock Springs, WY",1906.95764096342,2272.22677767905,4179.18441864248,5034.36817214344,5998.6786930727,11033.0468652161,0.0264855227911586,0.0315587052455424,0.0580442280367011
"40580","Rocky Mount, NC",111533.334604843,43022.3724667767,154555.70707162,294448.003356785,113579.06331229,408027.066669075,1.54907409173393,0.597532950927454,2.14660704266138
"40620","Rolla, MO",341330.057303608,307363.911309094,648693.968612702,901111.351281526,811440.725856008,1712552.07713753,4.74069524032789,4.2689432126263,9.0096384529542
"40660","Rome, GA",10365.380180239,20685.3605308966,31050.7407111357,27364.6036758311,54609.3518015671,81973.9554773982,0.143963613614431,0.287296674040231,0.431260287654662
"40700","Roseburg, OR",12508.1779330117,40599.1818934801,53107.3598264918,33021.5897431508,107181.840198787,140203.429941938,0.173724693514051,0.563877526298335,0.737602219812386
"40740","Roswell, NM",5314.50324248925,2308.73108322889,7623.23432571814,14030.2885601716,6095.05005972426,20125.3386198959,0.0738125450345729,0.0320657094892901,0.105878254523863
"40760","Ruidoso, NM",2584.04604408908,593.346525192835,3177.39256928192,6821.88155639518,1566.43482650908,8388.31638290427,0.0358895283901262,0.0082409239610116,0.0441304523511378
"40770","Russellville, AL",3345.32864887334,4066.52170541827,7411.85035429161,8831.66763302562,10735.6173023042,19567.2849353298,0.0464628979010186,0.0564794681308092,0.102942366031828
"40780","Russellville, AR",1822.07619167418,1985.27717359952,3807.3533652737,4810.28114601984,5241.13173830272,10051.4128843226,0.0253066137732525,0.0275732940777711,0.0528799078510236
"40820","Ruston, LA",51649.371162791,1360.02150198217,53009.3926647732,136354.339869768,3590.45676523292,139944.796635001,0.717352377260987,0.0188891875275301,0.736241564788517
"40860","Rutland, VT",11611.4789399561,9398.61521043618,21010.0941503923,30654.3044014842,24812.3441555515,55466.6485570357,0.161270540832724,0.130536322367169,0.291806863199893
"40900","Sacramento-Roseville-Folsom, CA",1586142.72639197,1026307.2541464,2612449.98053837,4187416.7976748,2709451.1509465,6896867.94862131,22.0297600887774,14.2542674187,36.2840275074774
"40940","Safford, AZ",8837.04145053636,5961.57831437861,14798.619764915,23329.789429416,15738.5667499595,39068.3561793755,0.122736686813005,0.082799698810814,0.205536385623819
"40980","Saginaw, MI",22532.2572051829,24195.3866529506,46727.6438581335,59485.1590216829,63875.8207637896,123360.979785473,0.312948016738652,0.336047036846536,0.648995053585188
"41021","Gilliam County, OR",116.812592857194,1088.75452414727,1205.56711700446,308.385245142993,2874.31194374878,3182.69718889178,0.00162239712301659,0.0151215906131565,0.0167439877361731
"41023","Grant County, OR",269.601120696636,123.396949602525,392.998070299162,711.74695863912,325.767946950667,1037.51490558979,0.0037444600096755,0.0017138465222573,0.0054583065319328
"41025","Harney County, OR",189.385965097306,207.099524909156,396.485490006462,499.978947856889,546.742745760171,1046.72169361706,0.00263036062635148,0.00287638229040494,0.00550674291675642
"41037","Lake County, OR",2374.97966160121,548.477786590002,2923.45744819121,6269.9463066272,1447.9813565976,7717.92766322481,0.0329858286333502,0.00761774703597225,0.0406035756693224
"41057","Tillamook County, OR",7307.96188995666,5658.67798022547,12966.6398701821,19293.0193894856,14938.9098677952,34231.9292572808,0.101499470693843,0.0785927497253537,0.180092220419196
"41060","St. Cloud, MN",25968.3745843214,33587.2341061702,59555.6086904916,68556.5089026085,88670.2980402894,157226.806942898,0.360671869226686,0.466489362585698,0.827161231812384
"41063","Wallowa County, OR",57.442636842865,297.026998702531,354.469635545396,151.648561265164,784.151276574683,935.799837839846,0.000797814400595347,0.0041253749819796,0.00492318938257495
"41069","Wheeler County, OR",2363.36863576583,548.477786590002,2911.84642235583,6239.29319842178,1447.9813565976,7687.27455501938,0.0328245643856365,0.00761774703597225,0.0404423114216087
"41100","St. George, UT",7621.97891506636,33032.5583614786,40654.5372765449,20122.0243357752,87205.9540743035,107327.978410079,0.10586081826481,0.458785532798314,0.564646351063124
"41140","St. Joseph, MO-KS",5619.7208828182,5986.293705401,11606.0145882192,14836.0631306401,15803.8153822586,30639.8785128987,0.0780516789280306,0.0831429681305694,0.1611946470586
"41180","St. Louis, MO-IL",2934542.83831092,1133678.68960009,4068221.527911,7747193.09314082,2992911.74054423,10740104.8336851,40.7575394209849,15.7455373555568,56.5030767765417
"41260","St. Marys, PA",6005.97542309017,3791.28241746801,9797.25784055817,15855.775116958,10008.9855821155,25864.7606990736,0.0834163253206968,0.0526567002426112,0.136073025563308
"41400","Salem, OH",8567.90547320166,13957.0980649422,22525.0035381438,22619.2704492524,36846.7388914473,59466.0093406997,0.118998687127801,0.193848584235308,0.312847271363109
"41420","Salem, OR",178234.190396351,64045.8210918872,242280.011488238,470538.262646367,169080.967682582,639619.230328949,2.47547486661599,0.889525292942877,3.36500015955886
"41460","Salina, KS",13432.3067719661,12189.0117883766,25621.3185603427,35461.2898779904,32178.9911213142,67640.2809993046,0.186559816277307,0.169291830394119,0.355851646671426
"41500","Salinas, CA",113800.747912279,125575.583307965,239376.331220245,300433.974488417,331519.539933028,631953.514421446,1.5805659432261,1.74410532372174,3.32467126694784
"41540","Salisbury, MD",111762.647605583,22029.8015028872,133792.44910847,295053.389678738,58158.6759676221,353212.06564636,1.55225899452198,0.305969465317877,1.85822845983986
"41620","Salt Lake City-Murray, UT",1091137.00975301,3735393.96378612,4826530.97353913,2880601.70574795,9861440.06439537,12742041.7701433,15.154680691014,51.8804717192517,67.0351524102658
"41660","San Angelo, TX",3139.35537664632,11543.84862088,14683.2039975263,8287.89819434627,30475.7603591232,38763.6585534694,0.0436021580089766,0.160331230845555,0.203933388854532
"41700","San Antonio-New Braunfels, TX",1036801.78149325,896489.971196994,1933291.75269024,2737156.70314218,2366733.52396007,5103890.22710224,14.4000247429618,12.4512495999583,26.85127434292
"41740","San Diego-Chula Vista-Carlsbad, CA",2863468.83006426,5585044.32341539,8448513.15347965,7559557.71136965,14744517.0138166,22304074.7251863,39.7704004175592,77.5700600474359,117.340460464995
"41760","Sandpoint, ID",1749.47789743098,1789.69467205087,3539.17256948185,4618.62164921778,4724.79393421431,9343.41558343209,0.0242983041309858,0.024856870445151,0.0491551745761368
"41780","Sandusky, OH",9190.61188715072,32996.5782459873,42187.190133138,24263.2153820779,87110.9665694064,111374.181951484,0.127647387321538,0.458285808972046,0.585933196293583
"41820","Sanford, NC",98548.7376875507,35448.2161002603,133996.953787811,260168.667495134,93583.2905046871,353751.957999821,1.36873246788265,0.492336334725837,1.86106880260849
"41860","San Francisco-Oakland-Fremont, CA",4064180.17870486,6874719.85109945,10938900.0298043,10729435.6717808,18149260.4069025,28878696.0786834,56.4469469264563,95.482220154159,151.929167080615
"41940","San Jose-Sunnyvale-Santa Clara, CA",1362860.5560229,1111571.0824416,2474431.6384645,3597951.86790045,2934547.65764583,6532499.52554628,18.9286188336513,15.4384872561334,34.3671060897847
"41980","San Juan-Bayaman-Caguas, PR",0,191358.087079141,191358.087079141,0,505185.349888931,505185.349888931,0,2.65775120943251,2.65775120943251
"42009","Bedford County, PA",66685.1243788196,33031.505680785,99716.6300596046,176048.728360084,87203.1749972724,263251.903357356,0.92618228303916,0.458770912233125,1.38495319527229
"42020","San Luis Obispo-Paso Robles, CA",107309.140653841,130500.697505194,237809.838159035,283296.13132614,344521.841413712,627817.972739852,1.49040473130334,1.81250968757214,3.30291441887548
"42023","Cameron County, PA",577.103639961663,293.479532152942,870.583172114605,1523.55360949879,774.785964883766,2298.33957438256,0.00801532833280088,0.0040761046132353,0.0120914329460362
"42031","Clarion County, PA",5722.11394823128,3637.29321140498,9359.40715963626,15106.3808233306,9602.45407810915,24708.8349014397,0.0794738048365456,0.0505179612695136,0.129991766106059
"42053","Forest County, PA",649.759883560744,508.845743484111,1158.60562704485,1715.36609260036,1343.35276279805,3058.71885539842,0.00902444282723255,0.00706730199283487,0.0160917448200674
"42057","Fulton County, PA",21178.8259124236,10805.2143957379,31984.0403081615,55912.1004087983,28525.7660047481,84437.8664135464,0.294150359894772,0.150072422163026,0.444222782057799
"42059","Greene County, PA",36193.3311754069,50899.1328157035,87092.4639911103,95550.3943030742,134373.710633457,229924.104936531,0.502685155213984,0.706932400218103,1.20961755543209
"42065","Jefferson County, PA",64171.7270600775,31431.2693111907,95602.9963712681,169413.359438604,82978.5509815434,252391.910420148,0.89127398694552,0.436545407099871,1.32781939404539
"42067","Juniata County, PA",14172.8051372809,7817.37013283793,21990.1752701188,37416.2055624215,20637.8571506921,58054.0627131136,0.196844515795568,0.108574585178305,0.305419100973872
"42100","Santa Cruz-Watsonville, CA",416726.487422369,445542.524783103,862269.012205471,1100157.92679505,1176232.26542739,2276390.19222244,5.78786788086623,6.18809062198754,11.9759585028538
"42105","Potter County, PA",5674.83049013235,3016.77532066254,8691.6058107949,14981.5524939494,7964.28684654912,22945.8393404985,0.0788170901407271,0.0418996572314242,0.120716747372151
"42113","Sullivan County, PA",1248.66493495562,689.634701675856,1938.29963663148,3296.47542828284,1820.63561242426,5117.1110407071,0.0173425685410503,0.00957825974549801,0.0269208282865483
"42115","Susquehanna County, PA",23017.0836329094,14162.9487979863,37180.0324308957,60765.1007908809,37390.1848266839,98155.2856175647,0.319681717123742,0.196707622194254,0.516389339317996
"42117","Tioga County, PA",19615.7633561143,10471.0074435734,30086.7707996877,51785.6152601417,27643.4596510338,79429.0749111755,0.27244115772381,0.145430658938519,0.417871816662329
"42127","Wayne County, PA",8677.00832388872,6509.92214795529,15186.930471844,22907.3019750662,17186.194470602,40093.4964456682,0.120514004498454,0.0904155853882679,0.210929589886722
"42140","Santa Fe, NM",70482.8693139818,22035.0265441699,92517.8958581516,186074.774988912,58172.4700766084,244247.24506552,0.978928740471969,0.306042035335692,1.28497077580766
"42200","Santa Maria-Santa Barbara, CA",1045272.71545352,1367101.10308438,2412373.8185379,2759519.96879729,3609146.91214276,6368666.88094005,14.5176766035211,18.9875153206164,33.5051919241374
"42220","Santa Rosa-Petaluma, CA",85478.1748335276,103150.662556913,188628.83739044,225662.381560513,272317.749150249,497980.130710762,1.18719687268788,1.43264809106823,2.61984496375611
"42300","Sault Ste. Marie, MI",3722.81153168168,2553.88814974483,6276.69968142651,9828.22244363964,6742.26471532635,16570.487158966,0.0517057157178011,0.035470668746456,0.0871763844642571
"42340","Savannah, GA",25483.7389368491,37943.4416809661,63427.1806178152,67277.0707932817,100170.68603775,167447.756831032,0.353940818567349,0.526992245568974,0.880933064136323
"42380","Sayre, PA",22331.026567215,12638.5536485188,34969.5802157339,58953.9101374477,33365.7816320897,92319.6917695374,0.310153146766875,0.175535467340539,0.485688614107415
"42420","Scottsbluff, NE",2046.65103691122,447.210254353762,2493.86129126499,5403.15873744563,1180.63507149393,6583.79380893956,0.0284257088459892,0.00621125353269113,0.0346369623786804
"42460","Scottsboro, AL",10629.7479238801,3025.114888455,13654.8628123351,28062.5345190434,7986.3033055212,36048.8378245646,0.147635387831668,0.042015484561875,0.189650872393543
"42540","Scranton--Wilkes-Barre, PA",168444.261577321,147736.184388007,316180.445965328,444692.850564128,390023.526784337,834716.377348465,2.33950363301835,2.05189144983342,4.39139508285177
"42580","Seaford, DE",53298.263795337,20153.8554424989,73452.1192378359,140707.41641969,53206.1783681971,193913.594787887,0.740253663824125,0.279914658923596,1.02016832274772
"42620","Searcy, AR",1599.56644959403,1813.80959284703,3413.37604244105,4222.85542692823,4788.45732511615,9011.31275204438,0.0222162006888059,0.0251917999006531,0.0474080005894591
"42660","Seattle-Tacoma-Bellevue, WA",4044342.74306306,2047979.75427446,6092322.49733752,10677064.8416865,5406666.55128458,16083731.3929711,56.171426986987,28.444163253812,84.6155902407989
"42680","Sebastian-Vero Beach-West Vero Corridor, FL",15139.3391245568,5195.05137711618,20334.390501673,39967.85528883,13714.9356355867,53682.7909244167,0.210268598952178,0.0721534913488358,0.282422090301014
"42700","Sebring, FL",2869.05016106458,2296.58718632871,5165.63734739329,7574.29242521049,6062.99017190779,13637.2825971183,0.0398479189036747,0.0318970442545654,0.0717449631582401
"42740","Sedalia, MO",16555.3086237235,9660.07486098817,26215.3834847116,43706.01476663,25502.5976330088,69208.6123996387,0.229934841996159,0.134167706402613,0.364102548398773
"42780","Selinsgrove, PA",10464.5887188765,27964.3883457524,38428.977064629,27626.5142178341,73825.9852327865,101452.499450621,0.145341509984396,0.388394282579895,0.533735792564291
"42820","Selma, AL",9194.71543186375,3602.91362671092,12797.6290585747,24274.0487401203,9511.69197451683,33785.7407146371,0.127704380998108,0.0500404670376517,0.177744848035759
"42860","Seneca, SC",190587.060707925,108327.514381985,298914.575089911,503149.840268923,285984.637968441,789134.478237364,2.6470425098323,1.50454881086091,4.1515913206932
"42900","Seneca Falls, NY",57632.9379778471,38789.0796577118,96422.0176355589,152150.956261516,102403.170296359,254554.126557876,0.800457471914543,0.538737217468219,1.33919468938276
"42940","Sevierville, TN",29714.8610649464,28569.7258910259,58284.5869559723,78447.2332114586,75424.0763523084,153871.309563767,0.412706403679812,0.396801748486471,0.809508152166282
"42980","Seymour, IN",3440.05045428109,9890.20786111594,13330.258315397,9081.73319930207,26110.1487533461,35191.8819526481,0.0477784785316818,0.137363998071055,0.185142476602736
"43020","Shawano, WI",6168.65636308019,12541.5268655302,18710.1832286104,16285.2527985317,33109.6309249998,49394.8837235315,0.0856757828205582,0.174187873132364,0.259863655952922
"43060","Shawnee, OK",13760.3860149979,4740.26398386596,18500.6499988639,36327.4190795945,12514.2969174061,48841.7159970006,0.191116472430526,0.0658369997759161,0.256953472206442
"43100","Sheboygan, WI",48044.296152324,41645.6498705013,89689.9460228253,126836.941842135,109944.515658124,236781.457500259,0.6672818910045,0.578411803756963,1.24569369476146
"43140","Shelby-Kings Mountain, NC",5000.9375110578,7753.55544451399,12754.4929555718,13202.4750291926,20469.3863735169,33671.8614027095,0.0694574654313583,0.107688270062694,0.177145735494053
"43180","Shelbyville, TN",11577.9530779731,2774.10748620011,14352.0605641732,30565.7961258491,7323.64376356829,37889.4398894174,0.160804903860738,0.0385292706416682,0.199334174502406
"43220","Shelton, WA",21364.0551177171,10397.6450569206,31761.7001746376,56401.1055107731,27449.7829502703,83850.8884610434,0.296722987746071,0.144411736901674,0.441134724647745
"43260","Sheridan, WY",3468.58350522251,2776.97784804952,6245.56135327203,9157.06045378742,7331.22151885074,16488.2819726382,0.0481747709058682,0.0385691367784656,0.0867439076843338
"43300","Sherman-Denison, TX",15161.8888348766,14278.6821490554,29440.570983932,40027.3865240742,37695.7208735063,77723.1073975805,0.210581789373286,0.198315029847992,0.408896819221278
"43320","Show Low, AZ",8397.46108803084,2878.68182442977,11276.1429124606,22169.2972724014,7599.7200164946,29769.017288896,0.116631404000428,0.0399816920059691,0.156613096006397
"43340","Shreveport-Bossier City, LA",13546.4740338243,17679.5100322505,31225.9840660749,35762.6914492962,46673.9064851414,82436.5979344376,0.188145472692004,0.245548750447924,0.433694223139929
"43380","Sidney, OH",3172.56175756203,3560.60008661751,6733.16184417954,8375.56303996377,9399.98422867022,17775.547268634,0.0440633577439171,0.0494527789807987,0.0935161367247159
"43420","Sierra Vista-Douglas, AZ",33877.1898851748,21094.1891214292,54971.379006604,89435.7812968615,55688.659280573,145124.440577435,0.470516526182984,0.292974848908738,0.763491375091722
"43460","Sikeston, MO",7346.72598223972,4936.8839666541,12283.6099488938,19395.3565931129,13033.3736719668,32428.7302650797,0.102037860864441,0.0685678328701958,0.170605693734636
"43500","Silver City, NM",4205.96036344162,1535.48448106099,5741.44484450261,11103.7353594859,4053.67903000101,15157.4143894869,0.0584161161589114,0.0213261733480693,0.0797422895069807
"43580","Sioux City, IA-NE-SD",28501.2839707501,29994.5823125302,58495.8662832803,75243.3896827802,79185.6973050797,154429.08698786,0.395851166260418,0.416591421007364,0.812442587267782
"43620","Sioux Falls, SD-MN",43358.3104509091,34118.2323849595,77476.5428358686,114465.9395904,90072.1334962931,204538.073086693,0.602198756262626,0.473864338679993,1.07606309494262
"43640","Slidell-Mandeville-Covington, LA",43270.8516865965,136522.151957351,179793.003643947,114235.048452615,360418.481167406,474653.529620021,0.600984051202729,1.89614099940765,2.49712505061038
"43660","Snyder, TX",1396.67797202613,985.955185168304,2382.63315719444,3687.22984614899,2602.92168884432,6290.15153499331,0.0193983051670296,0.0136938220162264,0.033092127183256
"43700","Somerset, KY",2069.21601741373,1415.19881736319,3484.41483477691,5462.73028597223,3736.12487783881,9198.85516381105,0.0287391113529684,0.0196555391300443,0.0483946504830127
"43740","Somerset, PA",23254.8844646754,14276.9011648638,37531.7856295392,61392.8949867431,37691.0190752403,99083.9140619835,0.322984506453825,0.198290293956441,0.521274800410266
"43760","Sonora, CA",19320.5448253371,18779.3440134299,38099.888838767,51006.2383388899,49577.468195455,100583.706534345,0.268340900351904,0.260824222408749,0.529165122760653
"43780","South Bend-Mishawaka, IN-MI",2200787.00710909,3134433.50656188,5335220.51367098,5810077.698768,8274904.45732337,14084982.1560914,30.5664862098485,43.5337987022484,74.1002849120969
"43890","Sparta, WI",3450.04932502592,2274.29026108989,5724.33958611581,9108.13021806843,6004.1262892773,15112.2565073457,0.0479173517364711,0.0315873647373595,0.0795047164738306
"43900","Spartanburg, SC",63078.9836621183,63678.3212966149,126757.304958733,166528.516867992,168110.768223063,334639.285091055,0.876096995307198,0.884421129119651,1.76051812442685
"43940","Spearfish, SD",22019.5642468012,1046.26916878268,23065.8334155839,58131.6496115551,2762.15060558628,60893.8002171414,0.305827281205572,0.0145315162330928,0.320358797438665
"43980","Spencer, IA",327.449488104198,421.881154708336,749.330642812534,864.466648595083,1113.76624843001,1978.23289702509,0.00454790955700275,0.00585946048206022,0.010407370039063
"44020","Spirit Lake, IA",179.242872084763,551.692564374564,730.935436459327,473.201182303775,1456.46836994885,1929.66955225262,0.0024894843345106,0.0076623967274245,0.0101518810619351
"44060","Spokane-Spokane Valley, WA",45373.1466813409,65827.2442466872,111200.390928028,119785.10723874,173783.924811254,293569.032049994,0.630182592796401,0.914267281203989,1.54444987400039
"44100","Springfield, IL",52291.8646322177,82589.2380951651,134881.102727383,138050.522629055,218035.588571236,356086.111200291,0.72627589766969,1.14707275132174,1.87334864899143
"44140","Springfield, MA",790750.452142402,249188.831942943,1039939.28408535,2087581.19365594,657858.516329369,2745439.70998531,10.9826451686445,3.46095599920754,14.443601167852
"44180","Springfield, MO",15447.8883584763,133709.946480617,149157.834839093,40782.4252663774,352994.258708828,393776.683975205,0.214554004978837,1.85708259000857,2.0716365949874
"44220","Springfield, OH",16800.819904129,16444.241912865,33245.061816994,44354.1645469007,43412.7986499635,87766.9631968641,0.233344720890681,0.228392248789791,0.461736969680472
"44260","Starkville, MS",64675.4157534098,546824.042131302,611499.457884712,170743.097589002,1443615.47122664,1614358.56881564,0.898269663241803,7.59477836293475,8.49304802617655
"44300","State College, PA",3530235.62850378,1720661.85507466,5250897.48357844,9319822.05924999,4542547.29739709,13862369.3566471,49.0310503958859,23.8980813204813,72.9291317163672
"44340","Statesboro, GA",37165.6855534138,93279.8484686408,130445.534022055,98117.4098610125,246258.799957212,344376.209818224,0.516190077130748,1.29555345095334,1.81174352808409
"44420","Staunton-Stuarts Draft, VA",135216.406668083,95654.8809646224,230871.287632705,356971.313603738,252528.885746603,609500.199350341,1.87800564816781,1.32854001339753,3.20654566156535
"44460","Steamboat Springs, CO",13466.6344392312,13234.8166726669,26701.4511118981,35551.9149195703,34939.9160158406,70491.830935411,0.187036589433766,0.183816898231485,0.370853487665251
"44500","Stephenville, TX",40971.1404176315,29702.3026877413,70673.4431053728,108163.810702547,78414.0790956371,186577.889798184,0.569043616911548,0.412531981774185,0.981575598685733
"44540","Sterling, CO",66419.1522307368,33457.6765144085,99876.8287451452,175346.561889145,88328.2659980383,263674.827887183,0.922488225426899,0.464689951589006,1.38717817701591
"44580","Sterling, IL",4892.43477931718,4035.51780783919,8927.95258715637,12916.0278173973,10653.7670126955,23569.7948300928,0.0679504830460719,0.056048858442211,0.123999341488283
"44620","Stevens Point-Plover, WI",6815.23889275135,45473.127628984,52288.3665217353,17992.2306768636,120049.056940518,138041.287617381,0.0946560957326576,0.631571217069222,0.726227312801879
"44660","Stillwater, OK",374642.957515201,165763.983050122,540406.940565323,989057.40784013,437616.915252323,1426674.32309245,5.20337440993334,2.30227754236281,7.50565195229615
"44700","Stockton-Lodi, CA",138099.18798376,218250.241240123,356349.429223884,364581.856277127,576180.636873926,940762.493151053,1.91804427755223,3.03125335055727,4.9492976281095
"44740","Storm Lake, IA",177.721582509034,561.128194484298,738.849776993331,469.184977823849,1481.37843343855,1950.5634112624,0.00246835531262547,0.00779344714561525,0.0102618024582407
"44780","Sturgis, MI",13027.9606514071,16723.949001283,29751.9096526901,34393.8161197148,44151.2253633872,78545.041483102,0.18094389793621,0.232277069462264,0.413220967398474
"44860","Sulphur Springs, TX",1688.893130975,17230.0852574107,18918.9783883857,4458.677865774,45487.4250795643,49946.1029453383,0.0234568490413194,0.23930673968626,0.262763588727579
"44900","Summerville, GA",1613.92061886304,2245.33331202605,3859.25393088909,4260.75043379842,5927.67994374879,10188.4303775472,0.0224155641508755,0.0311851848892508,0.0536007490401263
"44940","Sumter, SC",35671.8803054954,36366.9753528828,72038.8556583781,94173.7640065078,96008.8149316105,190182.578938118,0.495442782020769,0.50509687990115,1.00053966192192
"44980","Sunbury, PA",36703.7195206522,51372.603491036,88076.3230116881,96897.8195345217,135623.673216335,232521.492750857,0.50977388223128,0.713508381819944,1.22328226405122
"45000","Susanville, CA",4948.53589221094,1415.08697494325,6363.62286715419,13064.1347554369,3735.82961385019,16799.9643692871,0.0687296651695963,0.0196539857631007,0.0883836509326971
"45005","Allendale County, SC",188.206174371334,278.353302128684,466.559476500018,496.864300340322,734.852717619726,1231.71701796005,0.00261397464404631,0.00386601808512061,0.00647999272916692
"45009","Bamberg County, SC",1396.22869338901,1975.05327001707,3371.28196340608,3686.04375054698,5214.14063284507,8900.18438339206,0.0193920651859585,0.0274312954169038,0.0468233606028623
"45011","Barnwell County, SC",2731.95727822039,3302.30301404101,6034.2602922614,7212.36721450184,8718.07995706827,15930.4471715701,0.0379438510863944,0.0458653196394585,0.0838091707258528
"45020","Sweetwater, TX",753.360790666993,1545.70743877506,2299.06822944206,1988.87248736086,4080.66763836617,6069.54012572703,0.0104633443148194,0.0214681588718759,0.0319315031866952
"45025","Chesterfield County, SC",9141.59402702175,9311.02434500613,18452.6183720279,24133.8082313374,24581.1042708162,48714.9125021536,0.126966583708635,0.12931978256953,0.256286366278165
"45027","Clarendon County, SC",2648.96622569045,3649.21696133525,6298.1831870257,6993.27083582278,9633.93277792507,16627.2036137478,0.036791197579034,0.0506835689074341,0.087474766486468
"45029","Colleton County, SC",6010.93087649297,6378.99798868869,12389.9288651817,15868.8575139414,16840.5546901381,32709.4122040796,0.0834851510624023,0.0885971942873429,0.172082345349745
"45033","Dillon County, SC",2415.37332038783,4477.70513782671,6893.07845821454,6376.58556582387,11821.1415638625,18197.7271296864,0.0335468516720532,0.0621903491364821,0.0957372008085353
"45049","Hampton County, SC",3884.3364985046,3717.91487227588,7602.25137078048,10254.6483560521,9815.29526280831,20069.9436188605,0.0539491180347861,0.0516377065593872,0.105586824594173
"45060","Syracuse, NY",776621.353693119,791941.638323293,1568562.99201641,2050280.37374983,2090725.92517349,4141006.29892333,10.7864076901822,10.9991894211568,21.785597111339
"45061","Lee County, SC",5701.57183876576,5863.32662731839,11564.8984660841,15052.1496543416,15479.1822961205,30531.3319504622,0.0791884977606356,0.0814350920460887,0.160623589806724
"45065","McCormick County, SC",538.556047224081,682.028277396452,1220.58432462053,1421.78796467157,1800.55465232663,3222.34261699821,0.00747994510033446,0.00947261496383961,0.0169525600641741
"45067","Marion County, SC",4722.35159088439,4385.39869079503,9107.75028167942,12467.0081999348,11577.4525436989,24044.4607436337,0.065588216540061,0.060908315149931,0.126496531689992
"45069","Marlboro County, SC",4039.63448390954,5081.12004341502,9120.75452732456,10664.6350375212,13414.1569146156,24078.7919521368,0.0561060344987437,0.0705711117140975,0.126677146212841
"45089","Williamsburg County, SC",2747.251071926,3935.48872499504,6682.73979692103,7252.74282988463,10389.6902339869,17642.4330638715,0.038156264887861,0.0546595656249311,0.0928158305127921
"45140","Tahlequah, OK",8644.73483066182,3831.58039461679,12476.3152252786,22822.0999529472,10115.3722417883,32937.4721947355,0.12006576153697,0.0532163943696776,0.173282155906647
"45180","Talladega-Sylacauga, AL",27840.286247422,13607.7854518253,41448.0716992473,73498.3556931941,35924.5535928188,109422.909286013,0.386670642325306,0.18899702016424,0.575667662489546
"45220","Tallahassee, FL",1302422.13212135,1204569.5685648,2506991.70068615,3438394.42880036,3180063.66101107,6618458.08981143,18.0891962794632,16.7301328967333,34.8193291761965
"45300","Tampa-St. Petersburg-Clearwater, FL",581190.723762718,418808.336289597,999999.060052315,1534343.51073358,1105654.00780454,2639997.51853811,8.07209338559331,5.81678244846663,13.8888758340599
"45340","Taos, NM",25767.9736896074,6617.36047482318,32385.3341644306,68027.4505405635,17469.8316535332,85497.2821940967,0.35788852346677,0.0919077843725441,0.449796307839314
"45380","Taylorville, IL",12057.8119876348,19191.9576134481,31249.7696010829,31832.623647356,50666.768099503,82499.391746859,0.167469610939373,0.266554966853446,0.434024577792819
"45460","Terre Haute, IN",52771.2346055693,125288.633394379,178059.867999948,139316.059358703,330761.99216116,470078.051519863,0.732933813966241,1.74011990825526,2.4730537222215
"45500","Texarkana, TX-AR",3539.53957878206,5809.47683598336,9349.01641476541,9344.38448798464,15337.0188469961,24681.4033349807,0.0491602719275286,0.0806871782775466,0.129847450205075
"45520","The Dalles, OR",3305.93892155668,955.108807805266,4261.04772936195,8727.67875290965,2521.4872526059,11249.1660055155,0.045915818354954,0.0132654001084065,0.0591812184633604
"45580","Thomaston, GA",4181.35567522212,3397.80126100347,7579.1569362256,11038.7789825864,8970.19532904917,20008.9743116356,0.058074384378085,0.0471916841806038,0.105266068558689
"45620","Thomasville, GA",20515.0258254411,18658.1379578777,39173.1637833188,54159.6681791645,49257.4842087971,103417.152387962,0.284930914242237,0.259140804970523,0.544071719212761
"45660","Tiffin, OH",2996.31759138873,14015.0429826898,17011.3605740785,7910.27844126624,36999.713474301,44909.9919155673,0.0416155221026212,0.19465337475958,0.236268896862201
"45700","Tifton, GA",2799.28906952333,2646.04917293713,5445.33824246045,7390.12314354158,6985.56981655401,14375.6929600956,0.0388790148544907,0.0367506829574601,0.0756296978119507
"45740","Toccoa, GA",6552.22867164565,6606.29015905581,13158.5188307015,17297.8836931445,17440.6060199073,34738.4897130519,0.0910031759950785,0.0917540299868862,0.182757205981965
"45780","Toledo, OH",175723.56601345,557027.079695914,732750.645709365,463910.214275509,1470551.49039721,1934461.70467272,2.44060508352015,7.73648721799881,10.177092301519
"45820","Topeka, KS",59320.2536842716,67426.6271754431,126746.880859715,156605.469726477,178006.29574317,334611.765469647,0.82389241228155,0.936480932992265,1.76037334527382
"45860","Torrington, CT",29567.5230776642,24202.3190870284,53769.8421646927,78058.2609250336,63894.1223897551,141952.383314789,0.410660042745337,0.336143320653173,0.746803363398509
"45880","Town of Pecos, TX",1139.85480989635,562.512799281672,1702.36760917802,3009.21669812636,1485.03379010361,4494.25048822997,0.015831316804116,0.007812677767801,0.0236439945719169
"45900","Traverse City, MI",16996.3541910578,15187.8715306786,32184.2257217364,44870.3750643926,40095.9808409915,84966.3559053841,0.236060474875803,0.210942660148314,0.447003135024116
"45940","Trenton-Princeton, NJ",923528.36972924,492049.675569727,1415578.04529897,2438114.89608519,1299011.14350408,3737126.03958927,12.8267829129061,6.83402327180176,19.6608061847079
"45980","Troy, AL",7340.46564004814,2851.71238716117,10192.1780272093,19378.8292897271,7528.52070210549,26907.3499918326,0.101950911667335,0.0396071164883496,0.141558028155685
"46003","Aurora County, SD",471.080455655588,524.706545901379,995.787001556967,1243.65240293075,1385.22528117964,2628.87768411039,0.00654278410632761,0.00728759091529693,0.0138303750216245
"46007","Bennett County, SD",151.598659728987,73.0804082967615,224.679068025748,400.220461684525,192.93227790345,593.152739587975,0.00210553694068037,0.00101500567078835,0.00312054261146873
"46009","Bon Homme County, SD",1659.72996422961,1049.41309180276,2709.14305603237,4381.68710556616,2770.45056235929,7152.13766792545,0.0230518050587445,0.0145751818305939,0.0376269868893384
"46015","Brule County, SD",1197.82324476132,199.157271510555,1396.98051627187,3162.25336616988,525.775196787865,3688.02856295774,0.0166364339550183,0.00276607321542437,0.0194025071704427
"46017","Buffalo County, SD",74.8639527975823,65.5883182376725,140.452271035255,197.640835385617,173.153160147455,370.793995533073,0.00103977712218864,0.000910948864412118,0.00195072598660076
"46019","Butte County, SD",6477.94301193965,0,6477.94301193965,17101.7695515207,0,17101.7695515207,0.089971430721384,0,0.089971430721384
"46020","Truckee-Grass Valley, CA",16374.1853736373,16901.2781630259,33275.4635366632,43227.8493864026,44619.3743503884,87847.2237367909,0.227419241300519,0.234739974486471,0.462159215786989
"46021","Campbell County, SD",672.325363872353,119.163457760698,791.48882163305,1774.93896062301,314.591528488242,2089.53048911125,0.0093378522760049,0.00165504802445413,0.010992900300459
"46023","Charles Mix County, SD",1114.29265230168,787.05981885207,1901.35247115375,2941.73260207644,2077.83792176947,5019.5705238459,0.0154762868375233,0.0109313863729454,0.0264076732104688
"46025","Clark County, SD",922.809056669142,572.472774243548,1495.28183091269,2436.21590960653,1511.32812400297,3947.5440336095,0.0128167924537381,0.00795101075338262,0.0207678032071207
"46031","Corson County, SD",1276.23646405439,0,1276.23646405439,3369.2642651036,0,3369.2642651036,0.0177255064451999,0,0.0177255064451999
"46037","Day County, SD",1657.99788005417,633.809204125941,2291.80708418012,4377.11440334302,1673.25629889249,6050.3707022355,0.0230277483340857,0.0088029056128603,0.031830653946946
"46039","Deuel County, SD",4729.15202893048,262.35327295069,4991.50530188117,12484.9613563765,692.612640589822,13177.5739969663,0.0656826670684788,0.00364379545764848,0.0693264625261273
"46041","Dewey County, SD",836.733579981443,0,836.733579981443,2208.97665115101,0,2208.97665115101,0.0116212997219645,0,0.0116212997219645
"46043","Douglas County, SD",150.235002120408,65.5883182376725,215.82332035808,396.620405597876,173.153160147455,569.773565745332,0.00208659725167233,0.000910948864412118,0.00299754611608445
"46047","Fall River County, SD",1627.71637439157,53.5751395230252,1681.29151391459,4297.17122839374,141.438368340786,4438.60959673452,0.0226071718665495,0.000744099160042016,0.0233512710265916
"46049","Faulk County, SD",654.423720536205,178.942864817515,833.36658535372,1727.67862221558,472.409163118239,2200.08778533382,0.00908921834078063,0.00248531756690993,0.0115745359076906
"46051","Grant County, SD",2409.1884449907,938.761070522914,3347.94951551361,6360.25749477545,2478.32922618049,8838.58672095594,0.0334609506248708,0.0130383482017071,0.0464992988265779
"46053","Gregory County, SD",374.826860513156,459.11822766371,833.945088176866,989.542911754732,1212.0721210322,2201.61503278693,0.00520592861823828,0.00637664205088486,0.0115825706691231
"46055","Haakon County, SD",836.2264834562,2.39231679753699,838.618800253737,2207.63791632437,6.31571634549765,2213.95363266987,0.0116142567146694,0.0000332266221880137,0.0116474833368575
"46057","Hamlin County, SD",5156.62514920052,726.472242084917,5883.09739128544,13613.4903938894,1917.88671910418,15531.3771129936,0.0716197937388962,0.0100898922511794,0.0817096859900756
"46059","Hand County, SD",748.639527975823,65.5883182376725,814.227846213495,1976.40835385617,173.153160147455,2149.56151400363,0.0103977712218864,0.000910948864412118,0.0113087200862985
"46060","Tucson, AZ",955012.207450016,1303585.87466698,2258598.08211699,2521232.22766804,3441466.70912082,5962698.93678887,13.2640584368058,18.1053593703747,31.3694178071805
"46063","Harding County, SD",171.624644465259,0,171.624644465259,453.089061388283,0,453.089061388283,0.00238367561757304,0,0.00238367561757304
"46067","Hutchinson County, SD",1219.71998363141,787.05981885207,2006.77980248348,3220.06075678693,2077.83792176947,5297.8986785564,0.0169405553282141,0.0109313863729454,0.0278719417011595
"46069","Hyde County, SD",493.991387576169,65.5883182376725,559.579705813841,1304.13726320109,173.153160147455,1477.29042334854,0.00686099149411345,0.000910948864412118,0.00777194035852557
"46071","Jackson County, SD",1962.73504191543,0,1962.73504191543,5181.62051065673,0,5181.62051065673,0.0272602089154921,0,0.0272602089154921
"46073","Jerauld County, SD",350.972813811929,53.5751395230252,404.547953334954,926.568228463493,141.438368340786,1068.00659680428,0.00487462241405457,0.000744099160042016,0.00561872157409659
"46077","Kingsbury County, SD",6772.38530411835,1228.35595662028,8000.74126073863,17879.0972028725,3242.85972547753,21121.95692835,0.0940609070016438,0.0170604993975039,0.111121406399148
"46079","Lake County, SD",4471.03510190702,1675.46100556934,6146.49610747636,11803.5326690345,4423.21705470305,16226.7497237376,0.0620977097487086,0.0232702917440186,0.0853680014927272
"46085","Lyman County, SD",739.465791788524,0,739.465791788524,1952.1896903217,0,1952.1896903217,0.0102703582192851,0,0.0102703582192851
"46089","McPherson County, SD",224.591858392747,0,224.591858392747,592.922506156852,0,592.922506156852,0.00311933136656593,0,0.00311933136656593
"46091","Marshall County, SD",224.591858392747,196.764954713018,421.356813105765,592.922506156852,519.459480442367,1112.38198659922,0.00311933136656593,0.00273284659323636,0.00585217795980229
"46097","Miner County, SD",497.932397427108,261.467311776561,759.399709203669,1314.54152920757,690.27370309012,2004.81523229769,0.00691572774204317,0.00363149044134112,0.0105472181833843
"46100","Tullahoma-Manchester, TN",29904.9991608982,4854.73396877383,34759.733129672,78949.1977847713,12816.4976775629,91765.6954623342,0.415347210568031,0.0674268606774143,0.482774071245445
"46101","Moody County, SD",6803.44596839269,393.529909426036,7196.97587781873,17961.0973565567,1038.91896088473,19000.0163174414,0.0944923051165651,0.00546569318647272,0.0999579983030379
"46102","Oglala Lakota County, SD",1545.37939663444,6.50515257140687,1551.88454920585,4079.80160711492,17.1736027885141,4096.97520990344,0.0214636027310339,0.0000903493412695399,0.0215539520723034
"46105","Perkins County, SD",687.005674386279,0,687.005674386279,1813.69498037978,0,1813.69498037978,0.0095417454775872,0,0.0095417454775872
"46107","Potter County, SD",107.331928057996,53.5751395230252,160.907067581021,283.356290073108,141.438368340786,424.794658413895,0.00149072122302772,0.000744099160042016,0.00223482038306973
"46109","Roberts County, SD",976.283367121873,441.296137768205,1417.57950489008,2577.38808920175,1165.02180370806,3742.40989290981,0.013559491210026,0.00612911302455841,0.0196886042345844
"46115","Spink County, SD",1122.01617718309,250.340094236043,1372.35627141913,2962.12270776336,660.897848783154,3623.02055654651,0.0155835580164318,0.00347694575327837,0.0190605037697102
"46119","Sully County, SD",567.841147323265,262.35327295069,830.194420273955,1499.10062893342,692.612640589822,2191.71326952324,0.00788668260171201,0.00364379545764848,0.0115304780593605
"46121","Todd County, SD",321.352550060423,0,321.352550060423,848.370732159518,0,848.370732159518,0.00446322986195032,0,0.00446322986195032
"46123","Tripp County, SD",995.821364118559,529.707287371898,1525.52865149046,2628.968401273,1398.42723866181,4027.39563993481,0.0138308522794244,0.00735704565794303,0.0211878979373675
"46129","Walworth County, SD",982.769261200868,224.260459821819,1207.02972102269,2594.51084957029,592.047613929602,3186.55846349989,0.0136495730722343,0.00311472860863637,0.0167643016808707
"46137","Ziebach County, SD",359.942570660916,0,359.942570660916,950.248386544819,0,950.248386544819,0.0049992023702905,0,0.0049992023702905
"46140","Tulsa, OK",202350.698134901,70874.2344270036,273224.932561904,534205.843076138,187107.978887289,721313.821963428,2.81042636298473,0.984364367041716,3.79479073002645
"46180","Tupelo, MS",17046.9858646921,36179.4601079816,53226.4459726737,45004.0426827871,95513.7746850714,140517.817367859,0.236763692565168,0.502492501499745,0.739256194064912
"46220","Tuscaloosa, AL",1189238.60948428,343057.870718328,1532296.48020261,3139589.9290385,905672.778696386,4045262.70773489,16.5172029095039,4.76469264886567,21.2818955583696
"46300","Twin Falls, ID",4099.47167593413,3853.54290001785,7953.01457595198,10822.6052244661,10173.3532560471,20995.9584805132,0.0569371066101962,0.0535214291669146,0.110458535777111
"46340","Tyler, TX",38327.626210803,17765.611029698,56093.237240501,101184.93319652,46901.2131184027,148086.146314923,0.532328141816709,0.246744597634694,0.779072739451403
"46380","Ukiah, CA",4645.83721616241,5303.62921273076,9949.46642889317,12265.0102506688,14001.5811216092,26266.591372278,0.0645255168911446,0.0736615168434828,0.138187033734627
"46460","Union City, TN",2544.03614043983,1906.68033071643,4450.71647115626,6716.25541076115,5033.63607309138,11749.8914838525,0.0353338352838865,0.0264816712599504,0.061815506543837
"46500","Urbana, OH",1947.06333134529,3688.07895957196,5635.14229091724,5140.24719475155,9736.52845326997,14876.7756480215,0.0270425462686845,0.0512233188829439,0.0782658651516284
"46520","Urban Honolulu, HI",288246.386549524,540698.081180787,828944.467730311,760970.460490744,1427442.93431728,2188413.39480802,4.00342203541006,7.50969557195538,11.5131176073654
"46540","Utica-Rome, NY",61939.8084662761,101097.155272824,163036.9637391,163521.094350969,266896.489920256,430417.584271225,0.860275117587168,1.40412715656701,2.26440227415417
"46620","Uvalde, TX",1689.14055025429,1264.18598093745,2953.32653119174,4459.33105267132,3337.45098967487,7796.78204234619,0.0234602854201984,0.0175581386241313,0.0410184240443297
"46660","Valdosta, GA",9030.82474863839,8106.71040713466,17137.535155773,23841.3773364053,21401.7154748355,45243.0928112408,0.125428121508866,0.112593200099092,0.238021321607959
"46700","Vallejo, CA",303886.251925493,279997.827654622,583884.079580116,802259.705083302,739194.265008203,1541453.9700915,4.22064238785407,3.88885871742531,8.10950110527938
"46780","Van Wert, OH",770.625438810145,1491.11165606824,2261.73709487839,2034.45115845878,3936.53477202016,5970.98593047895,0.0107031310945853,0.0207098841120589,0.0314130152066443
"46820","Vermillion, SD",2639.43784307533,117467.792002498,120107.229845573,6968.11590571888,310114.970886594,317083.086792312,0.0366588589316018,1.6314971111458,1.6681559700774
"46860","Vernal, UT",2118.71059090575,7400.5575985473,9519.26818945306,5593.39595999118,19537.4720601649,25130.8680201561,0.0294265359848021,0.102785522202046,0.132212058186848
"46900","Vernon, TX",555.256472548742,501.204574638291,1056.46104718703,1465.87708752868,1323.18007704509,2789.05716457377,0.00771189545206587,0.00696117464775405,0.0146730700998199
"46980","Vicksburg, MS",1630.17210936438,5171.65623496328,6801.82834432767,4303.65436872197,13653.1724603031,17956.826829025,0.0226412792967275,0.0718285588189345,0.094469838115662
"47005","Benton County, TN",2304.15500008088,484.063954455047,2788.21895453593,6082.96920021353,1277.92883976132,7360.89803997485,0.0320021527789012,0.00672311047854231,0.0387252632574435
"47007","Bledsoe County, TN",1362.00882975682,55.005460847239,1417.01429060406,3595.70331055801,145.214416636711,3740.91772719472,0.0189167893021781,0.000763964733989431,0.0196807540361675
"47017","Carroll County, TN",4271.01780756938,2092.47654287864,6363.49435044802,11275.4870119832,5524.13807319961,16799.6250851828,0.0593196917717969,0.0290621742066478,0.0883818659784447
"47020","Victoria, TX",10464.2713611977,13026.8242573986,23491.0956185963,27625.676393562,34390.8160395323,62016.4924330943,0.145337102238857,0.180928114686091,0.326265216924949
"47025","Claiborne County, TN",4997.53131758125,4764.44974155774,9761.98105913899,13193.4826784145,12578.1473177124,25771.6299961269,0.0694101571886284,0.0661729130771909,0.135583070265819
"47027","Clay County, TN",2498.11667382444,682.473847687304,3180.59052151175,6595.02801889653,1801.73095789448,8396.75897679101,0.0346960649142284,0.00947880344010144,0.0441748683543298
"47039","Decatur County, TN",977.060064565901,279.070696022869,1256.13076058877,2579.43857045398,736.746637500373,3316.18520795435,0.0135702786745264,0.00387598188920651,0.0174462605637329
"47041","DeKalb County, TN",6577.32191919163,1657.09798954074,8234.41990873238,17364.1298666659,4374.73869238756,21738.8685590535,0.091351693322106,0.0230152498547325,0.114366943176839
"47049","Fentress County, TN",2648.1536934677,589.784078007827,3237.93777147553,6991.12575075472,1557.02996594066,8548.15571669539,0.0367799124092736,0.00819144552788649,0.0449713579371601
"47055","Giles County, TN",4238.38384048423,948.544397219248,5186.92823770347,11189.3333388784,2504.15720865881,13693.4905475372,0.0588664422289476,0.0131742277391562,0.0720406699681038
"47061","Grundy County, TN",4319.97952250234,2583.34775068409,6903.32727318643,11404.7459394062,6820.038061806,18224.7840012122,0.0599997155903103,0.0358798298706124,0.0958795454609227
"47067","Hancock County, TN",2349.60772616809,2405.86821546663,4755.47594163472,6202.96439708375,6351.4920888319,12554.4564859156,0.0326334406412234,0.0334148363259254,0.0660482769671488
"47069","Hardeman County, TN",1944.53333378423,628.09972495596,2572.63305874019,5133.56800119036,1658.18327388373,6791.75127507409,0.0270074074136698,0.008723607291055,0.0357310147047248
"47071","Hardin County, TN",2626.02116270431,974.581864837197,3600.60302754151,6932.69586953939,2572.8961231702,9505.59199270959,0.036472516148671,0.01353585923385,0.050008375382521
"47075","Haywood County, TN",1400.41985337732,408.072068174577,1808.4919215519,3697.10841291613,1077.31025998088,4774.41867289702,0.0194502757413517,0.0056676676135358,0.0251179433548875
"47077","Henderson County, TN",1298.88245812236,407.250170769349,1706.13262889171,3429.04968944303,1075.14045083108,4504.19014027411,0.0180400341405883,0.00565625237179651,0.0236962865123848
"47080","Vidalia, GA",1800.95340327749,2049.25259450863,3850.20599778613,4754.51698465259,5410.02684950279,10164.5438341554,0.0250132417121874,0.0284618415903977,0.0534750833025851
"47083","Houston County, TN",877.463055712527,209.7364767775,1087.19953249003,2316.50246708107,553.704298692601,2870.20676577367,0.0121869868848962,0.00291300662190973,0.0150999935068059
"47085","Humphreys County, TN",2431.05145814864,366.182711338416,2797.23416948706,6417.97584951242,966.722357933417,7384.69820744583,0.0337646035853978,0.00508587099081133,0.0388504745762091
"47091","Johnson County, TN",632.428253434716,1553.73405514627,2186.16230858099,1669.61058906765,4101.85790558617,5771.46849465382,0.00878372574214883,0.0215796396548094,0.0303633653969582
"47095","Lake County, TN",647.230114783105,328.821361972889,976.051476755993,1708.6875030274,868.088395608426,2576.77589863582,0.00898930714976534,0.00456696336073456,0.0135562705104999
"47097","Lauderdale County, TN",2247.69629408514,1161.55262831003,3409.24892239518,5933.91821638478,3066.49893873848,9000.41715512327,0.0312180040845159,0.0161326753931949,0.0473506794777108
"47101","Lewis County, TN",1966.54683758551,492.871679968567,2459.41851755407,5191.68365122574,1301.18123511702,6492.86488634275,0.0273131505220209,0.00684543999956343,0.0341585905215843
"47109","McNairy County, TN",2380.63088525532,608.653827124812,2989.28471238013,6284.86553707403,1606.8461036095,7891.71164068354,0.0330643178507683,0.0084535253767335,0.0415178432275018
"47123","Monroe County, TN",2815.11931884467,752.335884186342,3567.45520303101,7431.91500174993,1986.16673425194,9418.08173600187,0.0390988794283982,0.0104491095025881,0.0495479889309863
"47135","Perry County, TN",1859.1384610046,419.680166124273,2278.81862712887,4908.12553705214,1107.95563856808,6016.08117562022,0.0258213675139527,0.00582889119617046,0.0316502587101232
"47137","Pickett County, TN",988.831209753501,125.358522684127,1114.18973243763,2610.51439374924,330.946499886095,2941.46089363534,0.013733766802132,0.00174109059283509,0.015474857394967
"47143","Rhea County, TN",8597.72842009566,6857.62433291135,15455.352753007,22698.0030290525,18104.128238886,40802.1312679385,0.119412894723551,0.0952447824015466,0.214657677125097
"47151","Scott County, TN",908.868730131544,450.675665725888,1359.54439585743,2399.41344754728,1189.78375751634,3589.19720506362,0.0126231768073826,0.00625938424619289,0.0188825610535754
"47175","Van Buren County, TN",3234.9756730802,1374.21568036197,4609.19135344217,8540.33577693173,3627.9293961556,12168.2651730873,0.0449302176816694,0.0190863288939162,0.0640165465755857
"47180","Vincennes, IN",18082.7394048021,51432.6992296275,69515.4386344296,47738.4320286776,135782.325966217,183520.757994894,0.251149158400029,0.714343044855937,0.965492203255966
"47181","Wayne County, TN",2027.38792595992,334.289393824338,2361.67731978426,5352.3041245342,882.523999696251,6234.82812423045,0.0281581656383323,0.00464290824756024,0.0328010738858925
"47220","Vineland, NJ",44376.2222792206,43566.9107110666,87943.1329902872,117153.226817142,115016.644277216,232169.871094358,0.616336420544731,0.605095982098147,1.22143240264288
"47240","Vineyard Haven, MA",4281.45780980515,3899.24464047413,8180.70245027928,11303.0486178856,10294.0058508517,21597.0544687373,0.0594646918028493,0.0541561755621407,0.11362086736499
"47260","Virginia Beach-Chesapeake-Norfolk, VA-NC",413145.816929828,649800.943003364,1062946.75993319,1090704.95669475,1715474.48952888,2806179.44622363,5.73813634624761,9.02501309726895,14.7631494435166
"47300","Visalia, CA",28073.3273055686,36149.7716789203,64223.0989844889,74113.584086701,95435.3972323497,169548.981319051,0.389907323688452,0.502080162207227,0.891987485895679
"47340","Wabash, IN",10596.8130272515,8585.90029777322,19182.7133250247,27975.5863919439,22666.7767861213,50642.3631780652,0.147177958711826,0.11924861524685,0.266426573958677
"47380","Waco, TX",211663.713703112,668867.969123704,880531.682826816,558792.204176216,1765811.43848658,2324603.6426628,2.93977380143211,9.28983290449589,12.229606705928
"47420","Wahpeton, ND-MN",5076.26665594972,7208.02877065989,12284.2954266096,13401.3439717073,19029.1959545421,32430.5399262494,0.0705037035548572,0.10011151070361,0.170615214258467
"47460","Walla Walla, WA",9893.8748631629,88957.7288970682,98851.6037602311,26119.8296387501,234848.40428826,260968.23392701,0.13741492865504,1.23552401245928,1.37293894111432
"47540","Wapakoneta, OH",1049.32866362293,2166.26064333768,3215.58930696061,2770.22767196454,5718.92809841148,8489.15577037602,0.0145740092169852,0.03008695337969,0.0446609625966752
"47580","Warner Robins, GA",18990.6206454768,17345.6973927551,36336.3180382318,50135.2385040587,45792.6411168734,95927.8796209321,0.263758620076066,0.240912463788265,0.504671083864331
"47620","Warren, PA",2369.26240187363,1755.1937780057,4124.45617987933,6254.85274094637,4633.71157393505,10888.5643148814,0.0329064222482448,0.0243776913611903,0.0572841136094351
"47660","Warrensburg, MO",3003.20581670996,3072.35440702941,6075.56022373937,7928.46335611428,8111.01563455766,16039.4789906719,0.0417111918987494,0.0426715889865196,0.084382780885269
"47700","Warsaw, IN",16489.8091262441,31037.9215632084,47527.7306894525,43533.0960932844,81940.1129268702,125473.209020155,0.22902512675339,0.43108224393345,0.66010737068684
"47780","Washington, IN",15093.7731273735,17869.9420902867,32963.7152176603,39847.5610562661,47176.647118357,87024.2081746231,0.209635737880188,0.248193640142871,0.457829378023059
"47820","Washington, NC",12521.8245866491,20170.6250657601,32692.4496524092,33057.6169087536,53250.4501736066,86308.0670823602,0.173914230370126,0.280147570357779,0.454061800727905
"47900","Washington-Arlington-Alexandria, DC-VA-MD-WV",7671816.05948779,3607285.19420932,11279101.2536971,20253594.3970478,9523232.91271259,29776827.3097603,106.553000826219,50.1011832529072,156.654184079126
"47920","Washington Court House, OH",1722.19157371535,3166.11469816483,4888.30627188018,4546.58575460853,8358.54280315515,12905.1285577637,0.0239193274127132,0.0439738152522893,0.0678931426650025
"47930","Waterbury-Shelton, CT",235822.078097201,249815.143380668,485637.221477868,622570.28617661,659511.978524963,1282082.26470157,3.2753066402389,3.46965476917594,6.74496140941484
"47940","Waterloo-Cedar Falls, IA",64369.4630926919,46847.5534666587,111217.016559351,169935.382564707,123677.541151979,293612.923716686,0.894020320731832,0.650660464814704,1.54468078554654
"47980","Watertown, SD",10194.7987579491,3203.37708709505,13398.1758450441,26914.2687209856,8456.91550993092,35371.1842309165,0.141594427193737,0.0444913484318756,0.186085775625613
"48017","Bailey County, TX",2315.63330672343,1164.86471822265,3480.49802494608,6113.27192974985,3075.2428561078,9188.51478585765,0.0321615737044921,0.0161786766419813,0.0483402503464733
"48020","Watertown-Fort Atkinson, WI",29190.8471952142,55758.4881036082,84949.3352988224,77063.8365953655,147202.408593526,224266.245188891,0.405428433266864,0.774423445883448,1.17985187915031
"48023","Baylor County, TX",51.3737721344959,35.4454557401278,86.8192278746237,135.626758435069,93.5760031539374,229.202761589007,0.000713524612979109,0.000492297996390664,0.00120582260936977
"48031","Blanco County, TX",2498.78577428622,3366.91762008405,5865.70339437027,6596.79444411563,8888.66251702189,15485.4569611375,0.0347053579761975,0.0467627447233896,0.0814681026995871
"48033","Borden County, TX",188.672227023413,1006.15652113557,1194.82874815898,498.09467934181,2656.2532157979,3154.34789513971,0.0026204475975474,0.0139743961268829,0.0165948437244303
"48043","Brewster County, TX",777.617940796491,1281.06628907223,2058.68422986873,2052.91136370274,3382.0150031507,5434.92636685343,0.010800249177729,0.0177925873482255,0.0285928365259545
"48045","Briscoe County, TX",281.719139140321,1.56267216373549,283.281811304056,743.738527330447,4.12545451226169,747.863981842709,0.00391276582139335,0.0000217037800518818,0.00393446960144523
"48053","Burnet County, TX",8896.60688247667,11049.6428746263,19946.249757103,23487.0421697384,29171.0571890135,52658.099358752,0.123563984478843,0.153467262147588,0.277031246626431
"48060","Watertown-Fort Drum, NY",15504.9785956968,11128.6896637136,26633.6682594104,40933.1434926394,29379.740712204,70312.8842048434,0.215346924940233,0.154565134218245,0.369912059158478
"48067","Cass County, TX",1606.30378582388,1710.53805835812,3316.841844182,4240.64199457505,4515.82047406544,8756.46246864048,0.0223097748031095,0.0237574730327517,0.0460672478358611
"48069","Castro County, TX",1497.34106981306,227.044976446607,1724.38604625967,3952.98042430649,599.398737819044,4552.37916212553,0.0207964037474037,0.00315340245064732,0.023949806198051
"48075","Childress County, TX",644.14283482954,57.7640842117461,701.906919041286,1700.53708394998,152.49718231901,1853.03426626899,0.00894642826152138,0.000802278947385363,0.00974870720890674
"48081","Coke County, TX",167.999089255418,128.07540524002,296.074494495438,443.517595634303,338.119069833653,781.636665467955,0.00233332068410302,0.00177882507277805,0.00411214575688108
"48083","Coleman County, TX",506.172952751443,1852.9533429876,2359.12629573904,1336.29659526381,4891.79682548726,6228.09342075107,0.00703017989932559,0.02573546309705,0.0327656429963756
"48087","Collingsworth County, TX",248.091925140973,103.026791113608,351.118716254581,654.962682372168,271.990728539926,926.953410912094,0.00344572118251351,0.00143092765435567,0.00487664883686918
"48089","Colorado County, TX",20235.4822377081,14671.1315706691,34906.6138083772,53421.6731075494,38731.7873465664,92153.4604541158,0.281048364412613,0.203765716259293,0.484814080671905
"48093","Comanche County, TX",2000.45276988947,2129.83520861297,4130.28797850244,5281.19531250819,5622.76495073825,10903.9602632464,0.0277840662484648,0.0295810445640691,0.0573651108125339
"48095","Concho County, TX",174.900982147241,168.862862722924,343.763844870165,461.738592868715,445.797957588519,907.536550457234,0.00242918030760056,0.00234531753781839,0.00477449784541895
"48101","Cottle County, TX",70.2599738072727,62.5526638785135,132.812637685786,185.4863308512,165.139032639276,350.625363490475,0.000975832969545454,0.000868786998312687,0.00184461996785814
"48103","Crane County, TX",204.750519119385,114.143159262217,318.893678381602,540.541370475177,301.337940452253,841.87931092743,0.00284375720999146,0.00158532165641968,0.00442907886641114
"48105","Crockett County, TX",283.464129194435,230.394112701638,513.858241896073,748.34530107331,608.240457532324,1356.58575860563,0.00393700179436716,0.00319991823196719,0.00713692002633435
"48109","Culberson County, TX",3603.71144277176,454.007783438213,4057.71922620998,9513.79820891745,1198.58054827688,10712.3787571943,0.0500515478162745,0.00630566365886407,0.0563572114751386
"48111","Dallam County, TX",313.104034173354,103.026791113608,416.130825286963,826.594650217656,271.990728539926,1098.58537875758,0.00434866714129659,0.00143092765435567,0.00577959479565226
"48115","Dawson County, TX",798.316419785149,1277.25712774368,2075.57354752883,2107.55534823279,3371.95881724331,5479.5141654761,0.0110877280525715,0.0177396823297733,0.0288274103823448
"48119","Delta County, TX",127.381961193269,11084.0297118033,11211.4116729966,336.28837755023,29261.8384391608,29598.1268167111,0.00176919390546207,0.15394485710838,0.155714051013842
"48123","DeWitt County, TX",971.246126038144,1575.25583441368,2546.50196045182,2564.0897727407,4158.67540285211,6722.76517559281,0.0134895295283075,0.0218785532557455,0.0353680827840531
"48125","Dickens County, TX",1740.37941251477,875.727724465669,2616.10713698044,4594.601649039,2311.92119258937,6906.52284162836,0.0241719362849274,0.0121628850620232,0.0363348213469506
"48127","Dimmit County, TX",728.95063225633,436.460593320085,1165.41122557642,1924.42966915671,1152.25596636502,3076.68563552174,0.0101243143368935,0.00606195268500118,0.0161862670218947
"48129","Donley County, TX",480.491402765428,154.540186670412,635.031589435841,1268.49730330073,407.986092809889,1676.48339611062,0.00667349170507539,0.00214639148153351,0.0088198831866089
"48131","Duval County, TX",1420.67338854812,271.366345053986,1692.03973360211,3750.57774576705,716.407150942523,4466.98489670957,0.0197315748409462,0.00376897701463869,0.0235005518555849
"48133","Eastland County, TX",1162.16511550474,1085.19324115801,2247.35835666275,3068.1159049325,2864.91015665715,5933.02606158965,0.016141182159788,0.0150721283494168,0.0312133105092048
"48137","Edwards County, TX",76.6018251750154,3.12534432747098,79.7271695024864,202.228818462041,8.25090902452339,210.479727486564,0.00106391423854188,0.0000434075601037636,0.00110732179864564
"48140","Wausau, WI",14433.3417768522,32923.7083063817,47357.050083234,38104.0222908898,86918.5899288478,125022.612219738,0.200463080234058,0.457273726477524,0.657736806711583
"48149","Fayette County, TX",33111.8420121143,12509.6538363214,45621.4958484357,87415.2629119817,33025.4861278885,120440.74903987,0.459886694612698,0.173745192171131,0.633631886783829
"48151","Fisher County, TX",209.328855334268,314.386288342926,523.715143677194,552.628178082467,829.979801225326,1382.60797930779,0.00290734521297594,0.00436647622698509,0.00727382143996103
"48155","Foard County, TX",44.0222505940605,13.448243068759,57.4704936628195,116.21874156832,35.5033617015237,151.722103269844,0.000611420147139729,0.000186781153732764,0.000798201300872493
"48159","Franklin County, TX",899.358043687103,1002.3247476645,1901.6827913516,2374.30523533395,2646.13733383428,5020.44256916823,0.0124910839400986,0.0139211770508958,0.0264122609909945
"48161","Freestone County, TX",5099.33908392867,11997.565331582,17096.9044155107,13462.2551815717,31673.5724753766,45135.8276569483,0.0708241539434538,0.166632851827528,0.237457005770982
"48163","Frio County, TX",2961.4396154878,1940.68518932295,4902.12480481075,7818.20058488779,5123.40889981259,12941.6094847004,0.0411311057706639,0.0269539609628188,0.0680850667334826
"48165","Gaines County, TX",1626.29278216148,2455.41299881494,4081.70578097642,4293.41294490631,6482.29031687143,10775.7032617777,0.0225873997522428,0.0341029583168741,0.0566903580691169
"48177","Gonzales County, TX",2577.82101911756,2277.08014095357,4854.90116007113,6805.44749047035,6011.49157211743,12816.9390625878,0.0358030697099661,0.0316261130687996,0.0674291827787657
"48180","Waycross, GA",2555.84644804704,4048.47482539798,6604.32127344502,6747.43462284419,10687.9735390507,17435.4081618949,0.0354978673339867,0.0562288170194164,0.0917266843534031
"48185","Grimes County, TX",104462.821753483,77437.0053133631,181899.827066846,275781.849429194,204433.694027279,480215.543456473,1.45087252435392,1.0755139626856,2.52638648703952
"48191","Hall County, TX",579.130725797158,56.6529771807395,635.783702977898,1528.9051161045,149.563859757152,1678.46897586165,0.00804348230273831,0.000786846905288049,0.00883032920802636
"48193","Hamilton County, TX",250.256498587791,678.436796423563,928.693295011354,660.677156271768,1791.07314255821,2451.75029882998,0.00347578470260821,0.0094227332836606,0.0128985179862688
"48195","Hansford County, TX",328.796481689871,156.102858834148,484.899340524019,868.022711661261,412.111547322151,1280.13425898341,0.00456661780124821,0.00216809526158539,0.0067347130628336
"48197","Hardeman County, TX",6.60225975577721,1.56267216373549,8.1649319195127,17.4299657552518,4.12545451226169,21.5554202675135,0.0000916980521635724,0.0000217037800518818,0.000113401832215454
"48200","Waynesville, NC",16479.9327107468,9842.25363343922,26322.186344186,43507.0223563716,25983.5495922795,69490.5719486511,0.228887954315928,0.1366979671311,0.365585921447028
"48205","Hartley County, TX",496.183850281945,207.616254390952,703.800104672898,1309.92536474434,548.106911592114,1858.03227633645,0.00689144236502702,0.00288355908876322,0.00977500145379024
"48207","Haskell County, TX",871.286460991276,493.233848123319,1364.5203091146,2300.19625701697,1302.13735904556,3602.33361606253,0.0121012008471011,0.00685047011282388,0.0189516709599249
"48211","Hemphill County, TX",194.882219093759,54.6387398842751,249.520958978034,514.489058407523,144.246273294486,658.735331702009,0.00270669748741331,0.000758871387281599,0.00346556887469491
"48217","Hill County, TX",13795.7499135267,22369.3337052684,36165.0836187951,36420.7797717105,59055.0409819086,95475.8207536191,0.191607637687871,0.31068519035095,0.502292828038821
"48220","Weatherford, OK",4420.35824508703,1419.42561843992,5839.78386352694,11669.7457670298,3747.28363268138,15417.0293997111,0.0613938645150976,0.0197142447005544,0.081108109215652
"48225","Houston County, TX",5223.3229194204,9695.1438348306,14918.466754251,13789.5725072699,25595.1797239528,39384.7522312226,0.0725461516586166,0.134654775483758,0.207200927142375
"48237","Jack County, TX",509.658139917519,374.830076446927,884.488216364446,1345.49748938225,989.551401819886,2335.04889120214,0.00707858527663221,0.00520597328398509,0.0122845585606173
"48239","Jackson County, TX",3485.55663755771,1631.03938535462,5116.59602291232,9201.86952315235,4305.94397733619,13507.8135004885,0.0484105088549682,0.0226533247965919,0.0710638336515601
"48241","Jasper County, TX",860.290521270669,2389.86682600512,3250.15734727579,2271.16697615457,6309.24842065351,8580.41539680808,0.0119484794620926,0.0331925948056266,0.0451410742677193
"48243","Jeff Davis County, TX",204.750519119385,112.580487098482,317.331006217867,540.541370475177,297.212485939991,837.753856415168,0.00284375720999146,0.0015636178763678,0.00440737508635926
"48247","Jim Hogg County, TX",1710.34377192004,62.2650448615116,1772.60881678155,4515.3075578689,164.379718434391,4679.68727630329,0.0237547746100005,0.000864792289743216,0.0246195668997437
"48255","Karnes County, TX",4748.72843941843,3268.32771037662,8017.05614979505,12536.6430800647,8628.38515539429,21165.0282354589,0.0659545616585893,0.0453934404218976,0.111348002080487
"48260","Weirton-Steubenville, WV-OH",20848.0430666405,18599.1311146423,39447.1741812829,55038.833695931,49101.7061426558,104140.539838587,0.289556153703341,0.258321265481144,0.547877419184484
"48261","Kenedy County, TX",62.330353984594,0,62.330353984594,164.552134519328,0,164.552134519328,0.000865699360897139,0,0.000865699360897139
"48263","Kent County, TX",13.7629901476023,50.8053119048139,64.5683020524162,36.3342939896701,134.126023428709,170.460317418379,0.000191152640938921,0.000705629332011304,0.000896781972950225
"48267","Kimble County, TX",369.397356661544,1186.1357520071,1555.53310866865,975.209021586477,3131.39838529875,4106.60740688522,0.00513051884252145,0.0164741076667653,0.0216046265092867
"48271","Kinney County, TX",141.030919547791,109.713175980424,250.744095528215,372.321627606167,289.642784588319,661.964412194487,0.00195876277149709,0.00152379411083922,0.00348255688233632
"48275","Knox County, TX",57.0117772707368,36.8730659270108,93.8848431977476,150.511091994745,97.3448940473084,247.855986042054,0.000791830239871344,0.000512125915652927,0.00130395615552427
"48279","Lamb County, TX",8049.64584357637,3726.70622390899,11776.3520674854,21251.0650270416,9838.50443111974,31089.5694581614,0.111800636716339,0.0517598086654027,0.163560445381741
"48283","La Salle County, TX",406.996780887931,83.6351481161132,490.631929004044,1074.47150154414,220.796791026539,1295.26829257068,0.00565273306788793,0.00116159927939046,0.0068143323472784
"48285","Lavaca County, TX",5324.16395509292,4885.93487176885,10210.0988268618,14055.7928414453,12898.8680614698,26954.6609029151,0.0739467215985128,0.0678602065523451,0.141806928150858
"48287","Lee County, TX",13303.203414519,22284.4827442795,35587.6861587985,35120.4570143303,58831.0344448979,93951.4914592282,0.184766714090542,0.30950670478166,0.494273418872202
"48289","Leon County, TX",8773.38783300706,23084.4772416758,31857.8650746829,23161.7438791386,60943.0199180242,84104.7637971628,0.121852608791765,0.32061773946772,0.442470348259485
"48293","Limestone County, TX",8962.57231531583,28345.4027474331,37307.9750627489,23661.1909124338,74831.8632532234,98493.0541656572,0.124480171046053,0.393686149269904,0.518166320315957
"48295","Lipscomb County, TX",782.013276652562,80.395437662677,862.408714315239,2064.51505036276,212.243955429467,2276.75900579223,0.0108612955090634,0.00111660330087051,0.0119778988099339
"48297","Live Oak County, TX",5821.86133531587,5294.40265440847,11116.2639897243,15369.7139252339,13977.2230076384,29346.9369328723,0.0808591852127205,0.0735333702001176,0.154392555412838
"48299","Llano County, TX",7912.95383475025,5527.38060024243,13440.3344349927,20890.1981237407,14592.28478464,35482.4829083807,0.109902136593753,0.0767691750033671,0.186671311597121
"48300","Wenatchee-East Wenatchee, WA",22956.88976862,11778.1291374478,34735.0189060678,60606.1889891568,31094.2609228621,91700.4499120189,0.318845691230833,0.163585126908997,0.48243081813983
"48307","McCulloch County, TX",590.589907873513,396.050667520659,986.640575394172,1559.15735678607,1045.57376225454,2604.73111904061,0.00820263760935435,0.00550070371556471,0.0137033413249191
"48311","McMullen County, TX",193.10327434061,61.4024118188957,254.505686159506,509.792644259211,162.102367201885,671.895011461096,0.00268198992139737,0.000852811275262441,0.00353480119665981
"48313","Madison County, TX",10987.2692702887,24799.6764569201,35786.9457272089,29006.3908735622,65471.1458462691,94477.5367198314,0.152600962087343,0.344439950790557,0.497040912877901
"48315","Marion County, TX",310.18355228538,1473.30727836277,1783.49083064815,818.884578033404,3889.53121487772,4708.41579291112,0.00430810489285251,0.0204626010883718,0.0247707059812243
"48319","Mason County, TX",3542.52191340816,502.778739426955,4045.30065283512,9352.25785139755,1327.33587208716,10679.5937234847,0.04920169324178,0.00698303804759659,0.0561847312893766
"48327","Menard County, TX",1768.68122075072,2572.95425566699,4341.63547641771,4669.31842278191,6792.59923496085,11461.9176577428,0.0245650169548712,0.0357354757731526,0.0603004927280238
"48331","Milam County, TX",21392.0966389382,33293.2361948534,54685.3328337917,56475.135126797,87894.1435544131,144369.27868121,0.297112453318587,0.462406058261853,0.75951851158044
"48333","Mills County, TX",232.646370571042,670.4933616852,903.139732256242,614.186418307551,1770.10247484893,2384.28889315648,0.00323119959126447,0.00931240780118333,0.0125436073924478
"48335","Mitchell County, TX",698.878260425849,335.363728130851,1034.2419885567,1845.03860752424,885.360242265446,2730.39884978969,0.00970664250591457,0.00465782955737293,0.0143644720632875
"48337","Montague County, TX",3427.90084657828,2447.82739350649,5875.72824008477,9049.65823496666,6462.26431885712,15511.9225538238,0.0476097339802539,0.0339976026875901,0.081607336667844
"48345","Motley County, TX",563.063927578308,284.886347726158,847.950275304467,1486.48876880673,752.099957997057,2238.58872680379,0.00782033232747651,0.00395675482952997,0.0117770871570065
"48351","Newton County, TX",409.950752905354,1265.23166401668,1675.18241692204,1082.26998767014,3340.21159300404,4422.48158067418,0.00569376045701881,0.0175726620002317,0.0232664224572505
"48357","Ochiltree County, TX",589.031060174048,167.354288959609,756.385349133657,1555.04199885949,441.815322853368,1996.85732171286,0.00818098694686178,0.00232436512443902,0.0105053520713008
"48365","Panola County, TX",7956.05449395603,7983.71916756838,15939.7736615244,21003.9838640439,21077.0186023805,42081.0024664244,0.1105007568605,0.11088498843845,0.22138574529895
"48369","Parmer County, TX",1155.95764352307,391.893071678983,1547.85071520205,3051.7281789009,1034.59770923251,4086.32588813342,0.0160549672711537,0.00544295932887476,0.0214979266000285
"48371","Pecos County, TX",4392.42568058404,951.355930475786,5343.78161105982,11596.0037967419,2511.57965645608,14107.5834531979,0.0610059122303339,0.0132132768121637,0.0742191890424976
"48373","Polk County, TX",8357.03980435359,14573.6923906049,22930.7321949585,22062.5850834935,38474.547911197,60537.1329946905,0.116069997282689,0.202412394313957,0.318482391596646
"48377","Presidio County, TX",666.433339678863,344.3907671041,1010.82410678296,1759.3840167522,909.191625154824,2668.57564190702,0.00925601860665088,0.00478320509866806,0.0140392237053189
"48379","Rains County, TX",501.420442075663,785.851214889379,1287.27165696504,1323.74996707975,2074.64720730796,3398.39717438771,0.00696417280660644,0.0109146002067969,0.0178787730134034
"48383","Reagan County, TX",174.227772378964,168.862862722924,343.090635101888,459.961319080464,445.797957588519,905.759276668983,0.00241983017193005,0.00234531753781839,0.00476514770974844
"48385","Real County, TX",152.456035481067,161.220143582563,313.67617906363,402.483933670016,425.621179057967,828.105112727983,0.00211744493723704,0.00223916866086893,0.00435661359810597
"48391","Refugio County, TX",494.135970432465,1132.35772826937,1626.49369870183,1304.51896194171,2989.42440263113,4293.94336457283,0.0068629995893398,0.0157271906704079,0.0225901902597477
"48399","Runnels County, TX",650.354786818092,246.051992481698,896.40677929979,1716.93663719976,649.577260151683,2366.51389735145,0.0090327053724735,0.00341738878446803,0.0124500941569415
"48403","Sabine County, TX",93.7220853712186,162.058144046338,255.780229417557,247.426305380017,427.833500282333,675.25980566235,0.00130169563015581,0.00225080755619914,0.00355250318635496
"48405","San Augustine County, TX",42.3542195861021,85.5282490412985,127.882468627401,111.81513970731,225.794577469028,337.609717176338,0.000588253049806974,0.00118789234779581,0.00177614539760279
"48411","San Saba County, TX",265.162534124173,1329.91369935284,1595.07623347701,700.029090087816,3510.9721662915,4211.00125637931,0.00368281297394685,0.0184710236021228,0.0221538365760696
"48413","Schleicher County, TX",51.1876297798462,25.756697778402,76.9443275582482,135.135342618794,67.9976821349814,203.133024753775,0.000710939302497864,0.000357731913588917,0.00106867121608678
"48417","Shackelford County, TX",2263.14978027087,1764.70796257798,4027.85774284886,5974.71541991511,4658.82902120588,10633.544441121,0.0314326358370955,0.0245098328135831,0.0559424686506786
"48419","Shelby County, TX",3539.62570291461,3598.45945253827,7138.08515545288,9344.61185569456,9499.93295470105,18844.5448103956,0.0491614680960362,0.049978603507476,0.0991400716035123
"48421","Sherman County, TX",218.57499837192,78.8327654989415,297.407763870862,577.037995701869,208.118500917206,785.156496619075,0.00303576386627667,0.00109489952081863,0.0041306633870953
"48425","Somervell County, TX",316.398752105544,634.655390444673,951.054142550217,835.292705558635,1675.49023077394,2510.78293633257,0.004394427112577,0.00881465820062046,0.0132090853131975
"48429","Stephens County, TX",336.208479803442,200.827632100067,537.03611190351,887.590386681088,530.184948744178,1417.77533542527,0.00466956221949225,0.00278927266805649,0.00745883488754875
"48431","Sterling County, TX",102.375259559693,51.5133955568042,153.888655116497,270.270685237588,135.995364269963,406.266049507551,0.00142187860499573,0.000715463827177836,0.00213734243217357
"48433","Stonewall County, TX",21.6707030107939,1.56267216373549,23.2333751745294,57.2106559484959,4.12545451226169,61.3361104607575,0.000300981986261026,0.0000217037800518818,0.000322685766312908
"48435","Sutton County, TX",82.3528067721431,35.3103937632753,117.663200535418,217.411409878458,93.2194395350468,310.630849413505,0.00114378898294643,0.000490422135601046,0.00163421111854748
"48437","Swisher County, TX",1296.13189341734,131.908833219481,1428.04072663682,3421.78819862177,348.23931969943,3770.0275183212,0.0180018318530186,0.00183206712804835,0.0198338989810669
"48443","Terrell County, TX",51.1876297798462,25.756697778402,76.9443275582482,135.135342618794,67.9976821349814,203.133024753775,0.000710939302497864,0.000357731913588917,0.00106867121608678
"48445","Terry County, TX",2090.84659721544,1206.25948328306,3297.1060804985,5519.83501664876,3184.52503586729,8704.36005251605,0.0290395360724366,0.016753603934487,0.0457931400069237
"48447","Throckmorton County, TX",0.673209768276982,3.12534432747098,3.79855409574796,1.77727378825123,8.25090902452339,10.0281828127746,0.00000935013567051364,0.0000434075601037636,0.0000527576957742773
"48455","Trinity County, TX",3614.71045718279,4916.0186887513,8530.72914593408,9542.83560696256,12978.2893383034,22521.124945266,0.0502043119053165,0.068278037343768,0.118482349249085
"48457","Tyler County, TX",469.687699331336,2590.06531145094,3059.75301078227,1239.97552623473,6837.77242223047,8077.7479484652,0.00652344026849078,0.0359731293257075,0.0424965695941982
"48460","West Plains, MO",6199.23855761064,14557.2077261368,20756.4462837474,16365.9897920921,38431.0283970011,54797.0181890932,0.08610053552237,0.202183440640789,0.288283976163159
"48461","Upton County, TX",51.1876297798462,27.3193699421375,78.5069997219837,135.135342618794,72.1231366472431,207.258479266037,0.000710939302497864,0.000379435693640799,0.00109037499613866
"48467","Van Zandt County, TX",5574.19119116642,5371.99019075785,10946.1813819243,14715.8647446793,14182.0541036007,28897.9188482801,0.0774193220995336,0.0746109748716368,0.15203029697117
"48475","Ward County, TX",1021.5886904115,530.334122021603,1551.9228124331,2696.99414268636,1400.08208213703,4097.07622482339,0.0141887318112708,0.00736575169474448,0.0215544835060153
"48483","Wheeler County, TX",783.881244916543,154.540186670412,938.421431586956,2069.44648657967,407.986092809889,2477.43257938956,0.0108872395127298,0.00214639148153351,0.0130336309942633
"48495","Winkler County, TX",692.965167433206,438.01036709259,1130.9755345258,1829.42804202366,1156.34736912444,2985.7754111481,0.00962451621435008,0.00608347732073042,0.0157079935350805
"48499","Wood County, TX",4835.15668038589,3826.71374354283,8661.87042392872,12764.8136362188,10102.5242829531,22867.3379191718,0.0671549538942485,0.0531488019936504,0.120303755887899
"48501","Yoakum County, TX",430.846673628623,218.088007386904,648.934681015527,1137.43521837957,575.752339501427,1713.18755788099,0.00598398157817532,0.00302900010259589,0.00901298168077121
"48503","Young County, TX",2398.77451295001,1580.98338740602,3979.75790035602,6332.76471418802,4173.79614275188,10506.5608569399,0.0333163126798612,0.0219581026028613,0.0552744152827225
"48507","Zavala County, TX",498.502138874575,250.169101549423,748.671240423998,1316.04564662888,660.446428090476,1976.49207471935,0.00692364081770243,0.00347457085485309,0.0103982116725555
"48540","Wheeling, WV-OH",21942.6035497836,18678.9524375178,40621.5559873014,57928.4733714288,49312.4344350471,107240.907806476,0.304758382635884,0.259429894965525,0.564188277601409
"48580","Whitewater-Elkhorn, WI",34042.0887370692,64520.9254605629,98563.0141976322,89871.1142658628,170335.243215886,260206.357481749,0.472806788014851,0.896123964730041,1.36893075274489
"48620","Wichita, KS",159588.223975796,271285.016387861,430873.240363657,421312.911296101,716192.443263953,1137505.35456005,2.21650311077494,3.7678474498314,5.98435056060634
"48660","Wichita Falls, TX",14763.2060633264,10478.6305823642,25241.8366456906,38974.8640071817,27663.5847374415,66638.4487446232,0.205044528657311,0.145536535866169,0.35058106452348
"48680","Wildwood-The Villages, FL",7274.73831243865,5162.68194984356,12437.4202622822,19205.309144838,13629.480347587,32834.789492425,0.101038032117203,0.0717039159700494,0.172741948087253
"48700","Williamsport, PA",35064.9660457683,26447.2003083841,61512.1663541524,92571.5103608283,69820.6088141341,162392.119174962,0.487013417302337,0.367322226505335,0.854335643807672
"48780","Williston, ND",1682.67327432235,2375.45515439319,4058.12842871554,4442.25744421101,6271.20160759801,10713.459051809,0.023370462143366,0.0329924326999054,0.0563628948432714
"48820","Willmar, MN",6666.32382546817,8876.87888265184,15543.20270812,17599.094899236,23434.9602502009,41034.0551494368,0.0925878309092802,0.123289984481276,0.215877815390556
"48900","Wilmington, NC",75767.0245198208,97387.1265214692,173154.15104129,200024.944732327,257102.014016679,457126.958749005,1.05231978499751,1.35259897946485,2.40491876446236
"48940","Wilmington, OH",5277.239693385,8167.99228770731,13445.2319810923,13931.9127905364,21563.4996395473,35495.4124300837,0.0732949957414584,0.113444337329268,0.186739333070727
"48980","Wilson, NC",31053.3173689256,17531.7104659725,48585.027834898,81980.7578539635,46283.7156301673,128264.473484131,0.431296074568411,0.243495978694062,0.674792053262472
"49001","Beaver County, UT",267.820122228806,1602.72601871165,1870.54614094045,707.045122684048,4231.19668939875,4938.2418120828,0.00371972391984453,0.0222600835932173,0.0259798075130619
"49009","Daggett County, UT",66.9550305572017,242.545682209087,309.500712766289,176.761280671013,640.32060103199,817.081881703003,0.000929930979961135,0.00336869003068177,0.0042986210106429
"49010","Winchester, TN",38540.0686780738,3106.63535914165,41646.7040372155,101745.781310115,8201.51734813395,109947.298658249,0.535278731639914,0.0431477133214117,0.578426444961326
"49013","Duchesne County, UT",565.38908409518,1765.70216640312,2331.0912504983,1492.62718201128,4661.45371930425,6154.08090131552,0.00785262616798862,0.0245236412000434,0.032376267368032
"49015","Emery County, UT",584.166567211786,1484.25797480349,2068.42454201527,1542.19973743911,3918.4410534812,5460.64079092032,0.00811342454460814,0.0206146940944929,0.028728118639101
"49017","Garfield County, UT",251.760939748608,1182.07367026835,1433.83461001696,664.648880936326,3120.67448950844,3785.32337044476,0.00349667971873067,0.0164176898648382,0.0199143695835688
"49019","Grand County, UT",401.730183343211,1455.27409325453,1857.00427659774,1060.56768402608,3841.92360619195,4902.49129021803,0.00557958587976683,0.0202121401840906,0.0257917260638575
"49020","Winchester, VA-WV",31275.7903138029,26122.0138550624,57397.8041688653,82568.0864284398,68962.1165773648,151530.203005805,0.434385976580596,0.362805747986978,0.797191724567574
"49025","Kane County, UT",468.685213900413,2367.06703138461,2835.75224528502,1237.32896469709,6249.05696285537,7486.38592755246,0.00650951685972796,0.0328759309914529,0.0393854478511809
"49027","Millard County, UT",940.08872843723,3466.65147628742,4406.74020472465,2481.83424307429,9151.95989739879,11633.7941404731,0.0130567878949615,0.0481479371706586,0.0612047250656202
"49031","Piute County, UT",133.910061114403,485.091364418175,619.001425532578,353.522561342025,1280.64120206398,1634.16376340601,0.00185986195992227,0.00673738006136354,0.0085972420212858
"49037","San Juan County, UT",825.105639722756,2512.50438875178,3337.61002847454,2178.27888886808,6633.01158630471,8811.29047517279,0.011459800551705,0.0348958942882192,0.0463556948399242
"49039","Sanpete County, UT",1850.8866626514,5322.42531968881,7173.31198234021,4886.34078939969,14051.2028439785,18937.5436333781,0.0257067592034916,0.0739225738845668,0.0996293330880584
"49041","Sevier County, UT",1371.23389825557,5080.61274265096,6451.84664090653,3620.05749139471,13412.8176405985,17032.8751319932,0.0190449152535496,0.0705640658701523,0.0896089811237019
"49055","Wayne County, UT",267.820122228806,1110.74790436419,1378.568026593,707.045122684048,2932.37446752146,3639.41959020551,0.00371972391984453,0.0154270542272804,0.019146778147125
"49080","Winnemucca, NV",1575.2495263311,1247.89520562046,2823.14473195156,4158.65874951411,3294.44334283802,7453.10209235213,0.0218784656434875,0.0173318778558398,0.0392103434993273
"49100","Winona, MN",7100.34020106569,12300.8565789477,19401.1967800134,18744.8981308134,32474.261368422,51219.1594992354,0.0986158361259123,0.170845230263163,0.269461066389075
"49180","Winston-Salem, NC",296160.708046449,385876.728042883,682037.436089332,781864.269242625,1018714.56203321,1800578.83127584,4.11334316731179,5.3593990005956,9.47274216790739
"49220","Wisconsin Rapids-Marshfield, WI",8173.81632227997,22130.4835270083,30304.2998492883,21578.8750908191,58424.476511302,80003.3516021211,0.113525226698333,0.307367826764004,0.420893053462337
"49260","Woodward, OK",2099.23072066251,933.705795421942,3032.93651608446,5541.96910254904,2464.98329991393,8006.95240246297,0.0291559822314238,0.012968136047527,0.0421241182789508
"49300","Wooster, OH",20256.1887769521,44465.1123756942,64721.3011526463,53476.3383711534,117387.896671833,170864.235042986,0.281335955235445,0.617571005217975,0.89890696045342
"49340","Worcester, MA",1348410.2617303,600969.950268963,1949380.21199926,3559803.090968,1586560.66871006,5146363.75967806,18.7279203018097,8.34680486484671,27.0747251666564
"49380","Worthington, MN",710.52790677774,383.802015462433,1094.32992224017,1875.79367389324,1013.23732082082,2889.03099471406,0.00986844314969084,0.00533058354808935,0.0151990266977802
"49420","Yakima, WA",18754.7533430214,10362.175071588,29116.9284146094,49512.5488255766,27356.1421889922,76868.6910145688,0.260482685319742,0.143919098216499,0.404401783536242
"49460","Yankton, SD",4811.51606885754,8770.12659277851,13581.6426616361,12702.4024217839,23153.1342049353,35855.5366267192,0.0668266120674659,0.12180731378859,0.188633925856056
"49620","York-Hanover, PA",122585.912737821,83998.6929073458,206584.605645167,323626.809627849,221756.549275393,545383.358903242,1.70258212135863,1.16664851260203,2.86923063396066
"49660","Youngstown-Warren, OH",29758.4590583322,88285.9573999257,118044.416458258,78562.3319139969,233074.927535804,311637.259449801,0.413311931365725,1.22619385277675,1.63950578414247
"49700","Yuba City, CA",44370.9382573346,34295.8138048815,78666.7520622162,117139.276999363,90540.9484448872,207680.225444251,0.61626303135187,0.476330747290021,1.09259377864189
"49740","Yuma, AZ",17358.159996851,8951.03023154768,26309.1902283987,45825.5423916868,23630.7198112859,69456.2622029726,0.24108555551182,0.124319864327051,0.365405419838871
"49780","Zanesville, OH",8633.16248727126,15219.4250928795,23852.5875801508,22791.5489663961,40179.2822452019,62970.831211598,0.119905034545434,0.211380904067771,0.331285938613205
"49820","Zapata, TX",4453.54591709368,1783.73755144024,6237.28346853392,11757.3612211273,4709.06713580222,16466.4283569296,0.061854804404079,0.0247741326588922,0.0866289370629711
"50001","Addison County, VT",19790.6571615857,20157.8464465101,39948.5036080959,52247.3349065863,53216.7146187868,105464.049525373,0.274870238355357,0.279970089534863,0.55484032789022
"50005","Caledonia County, VT",5449.44840823738,5603.29475270362,11052.743160941,14386.5437977467,14792.6981471376,29179.2419448842,0.0756867834477414,0.0778235382319947,0.153510321679736
"50009","Essex County, VT",428.4187591363,334.633369029632,763.052128165932,1131.02552411983,883.432094238229,2014.45761835806,0.00595026054355973,0.00464768568096711,0.0105979462245268
"50015","Lamoille County, VT",10900.9349439088,9410.82610367034,20311.7610475792,28778.4682519193,24844.5809136897,53623.049165609,0.151401874220956,0.130705918106532,0.282107792327488
"50019","Orleans County, VT",4564.81744643917,3978.03474098322,8542.85218742239,12051.1180585994,10502.0117161957,22553.1297747951,0.0634002423116551,0.0552504825136559,0.118650724825311
"51001","Accomack County, VA",9255.83022396997,6465.96136367618,15721.7915876461,24435.3917912807,17070.1380001051,41505.5297913858,0.128553197555138,0.089805018939947,0.218358216495085
"51005","Alleghany County, VA",4471.12068861575,5185.9871006614,9657.10778927714,11803.7586179456,13691.0059457461,25494.7645636917,0.0620988984529965,0.0720275986202971,0.134126497073294
"51017","Bath County, VA",5035.38498321215,4918.17822576957,9953.56320898172,13293.4163556801,12983.9905160317,26277.4068717117,0.0699359025446132,0.0683080309134662,0.138243933458079
"51021","Bland County, VA",7196.10414664085,7488.47603116692,14684.5801778078,18997.7149471319,19769.5767222807,38767.2916694125,0.0999458909255674,0.104006611543985,0.203952502469552
"51025","Brunswick County, VA",1856.24451293973,2174.34929896202,4030.59381190175,4900.48551416089,5740.28214925974,10640.7676634206,0.0257811737908296,0.030199295818917,0.0559804696097466
"51027","Buchanan County, VA",8339.73310785549,8880.52387271941,17220.2569805749,22016.8954047385,23444.5830239793,45461.4784287178,0.115829626497993,0.123340609343325,0.239170235841318
"51029","Buckingham County, VA",27569.0785786132,16974.7570499112,44543.8356285244,72782.3674475389,44813.3586117655,117595.726059304,0.382903869147406,0.2357605145821,0.618664383729506
"51033","Caroline County, VA",7064.58328892007,9905.50390729445,16970.0871962145,18650.499882749,26150.5303152574,44801.0301980064,0.0981192123461122,0.137576443156867,0.23569565550298
"51035","Carroll County, VA",29512.637764861,31806.9268247089,61319.5645895699,77913.363699233,83970.2868172316,161883.650516465,0.40989774673418,0.441762872565402,0.851660619299582
"51037","Charlotte County, VA",4636.2899009917,1845.26623285519,6481.55613384689,12239.8053386181,4871.5028547377,17111.3081933558,0.0643929152915514,0.0256286976785443,0.0900216129700957
"51049","Cumberland County, VA",8678.09443305369,5396.304877121,14074.3993101747,22910.1693032617,14246.2448755994,37156.4141788612,0.120529089347968,0.0749486788489028,0.195477768196871
"51051","Dickenson County, VA",4899.33968850372,4767.10379757502,9666.44348607873,12934.2567776498,12585.154025598,25519.4108032479,0.0680463845625516,0.0662097749663196,0.134256159528871
"51057","Essex County, VA",5406.79010744163,4155.75679154389,9562.54689898552,14273.9258836459,10971.1979296759,25245.1238133218,0.0750943070478004,0.0577188443269984,0.132813151374799
"51077","Grayson County, VA",10286.2895286427,10898.9712303724,21185.2607590152,27155.8043556168,28773.2840481832,55929.0884038,0.14286513234226,0.151374600421839,0.294239732764099
"51081","Greensville County, VA",1014.45984647937,883.682431357443,1898.14227783681,2678.17399470553,2332.92161878365,5011.09561348918,0.0140897200899912,0.0122733671021867,0.0263630871921779
"51083","Halifax County, VA",6989.77399298835,6816.88352422369,13806.657517212,18453.0033414892,17996.5725039505,36449.5758454398,0.0970801943470604,0.0946789378364401,0.191759132183501
"51091","Highland County, VA",707.861466735972,440.756989683042,1148.61845641901,1868.75427218297,1163.59845276323,3032.3527249462,0.00983140926022183,0.00612162485670892,0.0159530341169307
"51099","King George County, VA",5400.24783703213,3824.34627053515,9224.59410756728,14256.6542897648,10096.2741542128,24352.9284439776,0.0750034421810018,0.0531159204240993,0.128119362605101
"51103","Lancaster County, VA",1966.16216475535,1616.14920093144,3582.31136568679,5190.66811495411,4266.63389045901,9457.30200541312,0.0273078078438242,0.0224465166796034,0.0497543245234276
"51105","Lee County, VA",5767.84420761817,6029.4247506561,11797.2689582743,15227.108708112,15917.6813417321,31144.7900498441,0.0801089473280302,0.0837420104257792,0.163850957753809
"51109","Louisa County, VA",61028.9406801581,33558.5104157897,94587.4510959477,161116.403395617,88594.4674976847,249710.870893302,0.847624176113307,0.466090422441523,1.31371459855483
"51111","Lunenburg County, VA",1032.35305071075,569.658141530046,1602.01119224079,2725.41205387637,1503.89749363932,4229.30954751569,0.014338236815427,0.00791191863236175,0.0222501554477888
"51113","Madison County, VA",12829.117807988,8087.70725966431,20916.8250676523,33868.8710130884,21351.5471655138,55220.4181786022,0.178182191777611,0.112329267495338,0.290511459272949
"51117","Mecklenburg County, VA",1946.87481398557,2355.92183802895,4302.79665201452,5139.7495089219,6219.63365239643,11359.3831613183,0.0270399279720218,0.032721136639291,0.0597610646113128
"51119","Middlesex County, VA",5015.24952744368,5956.35729888001,10971.6068263237,13240.2587524513,15724.7832690432,28965.0420214945,0.0696562434367177,0.0827271847066668,0.152383428143385
"51131","Northampton County, VA",3397.47247629379,2937.63669405082,6335.10917034461,8969.32733741559,7755.36087229417,16724.6882097098,0.0471871177263026,0.0408005096395948,0.0879876273658974
"51133","Northumberland County, VA",1326.91943655338,1145.42964869324,2472.34908524662,3503.06731250091,3023.93427255016,6527.00158505108,0.0184294366187969,0.0159087451207395,0.0343381817395364
"51135","Nottoway County, VA",6972.9437753773,4966.01783351069,11938.961608888,18408.5715669961,13110.2870804682,31518.8586474643,0.0968464413246846,0.0689724699098707,0.165818911234555
"51139","Page County, VA",7774.3380176313,7394.92510126373,15169.263118895,20524.2523665466,19522.6022673363,40046.8546338829,0.107976916911546,0.102707293073107,0.210684209984653
"51141","Patrick County, VA",17112.3919460133,13490.3251820974,30602.7171281106,45176.714737475,35614.458480737,80791.1732182121,0.237672110361295,0.18736562752913,0.425037737890425
"51147","Prince Edward County, VA",25348.7273398491,10090.789163461,35439.5165033101,66920.6401772017,26639.683391537,93560.3235687387,0.352065657497904,0.140149849492514,0.492215506990418
"51159","Richmond County, VA",2831.17834613925,3638.82447856019,6470.00282469943,7474.31083380761,9606.49662339889,17080.8074572065,0.0393219214741562,0.0505392288688915,0.0898611503430477
"51163","Rockbridge County, VA",14563.1762958057,11659.2976487553,26222.473944561,38446.7854209271,30780.545792714,69227.3312136411,0.202266337441746,0.161934689566046,0.364201027007792
"51167","Russell County, VA",7735.8596684899,7821.0993235415,15556.9589920314,20422.6695248133,20647.7022141495,41070.3717389629,0.107442495395693,0.108626379493632,0.216068874889325
"51171","Shenandoah County, VA",10067.0511916228,8602.14957461539,18669.2007662382,26577.0151458843,22709.6748769846,49286.6900228689,0.139820155439206,0.119474299647436,0.259294455086642
"51173","Smyth County, VA",18380.908702161,15047.7804361843,33428.6891383453,48525.598973705,39726.1403515266,88251.7393252316,0.255290398641125,0.20899695050256,0.464287349143685
"51175","Southampton County, VA",3101.58464067134,3192.12569251457,6293.71033318591,8188.18345137233,8427.21182823848,16615.3952796108,0.0430775644537686,0.0443350790627024,0.087412643516471
"51193","Westmoreland County, VA",4622.08582421726,4277.83579055659,8899.92161477384,12202.3065759336,11293.4864870694,23495.7930630029,0.0641956364474619,0.0594143859799526,0.123610022427414
"51195","Wise County, VA",4797.95977516788,3973.87075945814,8771.83053462602,12666.6138064432,10491.0188049695,23157.6326114127,0.066638330210665,0.0551926494369186,0.121830979647584
"51197","Wythe County, VA",52396.3595149861,53524.3276766913,105920.687191677,138326.389119563,141304.225066465,279630.614186028,0.727727215485918,0.743393439954046,1.47112065543996
"51530","Buena Vista city, VA",2210.72406840123,1958.09016655392,4168.81423495515,5836.31154057926,5169.35803970234,11005.6695802816,0.0307045009500171,0.0271956967576933,0.0579001977077104
"51580","Covington city, VA",6766.27318773467,6150.43022585501,12916.7034135897,17862.9612156195,16237.1357962572,34100.0970118768,0.0939760164963148,0.0854226420257641,0.179398658522079
"51595","Emporia city, VA",825.578481634912,691.755427983127,1517.33390961804,2179.52719151617,1826.23432987545,4005.76152139162,0.0114663678004849,0.00960771427754343,0.0210740820780283
"51620","Franklin city, VA",260.304742014197,618.676384830926,878.981126845123,687.204518917479,1633.30565595364,2320.51017487112,0.00361534363908606,0.0085927275670962,0.0122080712061823
"51640","Galax city, VA",6487.69619997712,6303.27230021405,12790.9685001912,17127.5179679396,16640.6388725651,33768.1568405047,0.0901068916663488,0.087545448614084,0.177652340280433
"51678","Lexington city, VA",6084.09288594632,5501.97076171299,11586.0636476593,16062.0052188983,14525.2028109223,30587.2080298206,0.0845012900825878,0.076416260579347,0.160917550661935
"51720","Norton city, VA",574.830965021908,292.015721414951,866.846686436859,1517.55374765784,770.92150453547,2288.47525219331,0.00798376340308205,0.00405577390854098,0.012039537311623
"53013","Columbia County, WA",22.6415210388732,378.348428782882,400.989949821756,59.7736155426253,998.839851986809,1058.61346752943,0.00031446556998435,0.00525483928865114,0.00556930485863549
"53019","Ferry County, WA",371.702287213693,682.384013572118,1054.08630078581,981.29403824415,1801.49379583039,2782.78783407454,0.00516253176685685,0.0094775557440572,0.014640087510914
"53023","Garfield County, WA",478.762193189243,426.460979850025,905.223173039268,1263.9321900196,1125.85698680407,2389.78917682367,0.00664947490540615,0.00592306916458368,0.0125725440699898
"53039","Klickitat County, WA",921.439891636189,343.800083789097,1265.23997542529,2432.60131391954,907.632221203217,3340.23353512275,0.0127977762727248,0.00477500116373746,0.0175727774364623
"53043","Lincoln County, WA",318.337278236173,320.21130523704,638.548583473213,840.410414543497,845.357845825785,1685.76826036928,0.00442135108661352,0.00444737923940333,0.00886873032601685
"53047","Okanogan County, WA",5648.24431612056,3147.29917183459,8795.54348795515,14911.3649945583,8308.86981364331,23220.2348082016,0.0784478377238967,0.0437124884977026,0.122160326221599
"53049","Pacific County, WA",198.159149229896,499.162296657117,697.321445887013,523.140153966925,1317.78846317479,1840.92861714171,0.00275221040597078,0.0069328096757933,0.00968502008176407
"53051","Pend Oreille County, WA",534.984507723715,653.45913256036,1188.44364028408,1412.35910039061,1725.13210995935,3137.49121034996,0.0074303403850516,0.00907582128556055,0.0165061616706122
"53055","San Juan County, WA",2760.13553973446,1923.37394933592,4683.50948907037,7286.75782489896,5077.70722624683,12364.4650511458,0.0383352158296452,0.02671352707411,0.0650487429037552
"53069","Wahkiakum County, WA",3.87034194512908,67.5603755460599,71.430717491189,10.2177027351408,178.359391441598,188.577094176739,0.0000537547492379039,0.000938338549250832,0.000992093298488736
"54001","Barbour County, WV",2984.1747442996,2263.02699043896,5247.20173473857,7878.22132495096,5974.39125475886,13852.6125797098,0.0414468714486056,0.0314309304227634,0.072877801871369
"54007","Braxton County, WV",1151.64767714925,1001.8457793595,2153.49345650875,3040.34986767401,2644.87285750909,5685.2227251831,0.0159951066270729,0.0139145247133264,0.0299096313403993
"54013","Calhoun County, WV",2243.74678027977,1589.34787660878,3833.09465688855,5923.49149993858,4195.87839424718,10119.3698941858,0.0311631497261078,0.0220742760640109,0.0532374257901187
"54021","Gilmer County, WV",764.83024011212,582.347656783835,1347.17789689596,2019.151833896,1537.39781390932,3556.54964780532,0.0106226422237794,0.00808816189977548,0.0187108041235549
"54023","Grant County, WV",1449.37478652332,811.059202140376,2260.43398866369,3826.34943642156,2141.19629365059,5967.54573007215,0.0201302053683794,0.0112647111408386,0.031394916509218
"54025","Greenbrier County, WV",3352.057892843,2660.22864096618,6012.28653380917,8849.43283710551,7023.0036121507,15872.4364492562,0.0465563596228194,0.0369476200134191,0.0835039796362385
"54031","Hardy County, WV",716.387083547955,805.385424691874,1521.77250823983,1891.2619005666,2126.21752118655,4017.47942175315,0.00994982060483271,0.011185908676276,0.0211357292811087
"54035","Jackson County, WV",3392.77314742222,2393.19854849512,5785.97169591735,8956.92110919467,6318.04416802713,15274.9652772218,0.0471218492697531,0.033238868729099,0.0803607179988521
"54041","Lewis County, WV",2240.03785373104,1713.16188288212,3953.19973661316,5913.69993384994,4522.74737080881,10436.4473046587,0.0311116368573755,0.0237939150400295,0.054905551897405
"54043","Lincoln County, WV",3088.39226195083,163.752565728867,3252.1448276797,8153.35557155019,432.306773524209,8585.6623450744,0.0428943369715393,0.00227434119067871,0.045168678162218
"54045","Logan County, WV",1062.14020881378,340.286771453647,1402.42698026743,2804.05015126839,898.357076637628,3702.40722790601,0.0147519473446359,0.00472620515907843,0.0194781525037143
"54047","McDowell County, WV",5365.51367787763,4975.08895079736,10340.602628675,14164.9561095969,13134.234830105,27299.190939702,0.074521023303856,0.0690984576499633,0.143619480953819
"54053","Mason County, WV",3486.76715384318,221.068675992339,3707.83582983552,9205.065286146,583.621304619776,9788.68659076578,0.0484273215811553,0.00307039827767138,0.0514977198588267
"54059","Mingo County, WV",1369.71346095573,575.010290665213,1944.72375162094,3616.04353692312,1518.02716735616,5134.07070427929,0.0190237980688296,0.00798625403701684,0.0270100521058464
"54063","Monroe County, WV",13331.8155337603,13624.1582696808,26955.9738034411,35195.9930091272,35967.7778319572,71163.7708410844,0.18516410463556,0.189224420412233,0.374388525047793
"54067","Nicholas County, WV",3654.49901287907,3561.5436330545,7216.04264593357,9647.87739400073,9402.47519126388,19050.3525852646,0.0507569307344315,0.0494658837924236,0.100222814526855
"54071","Pendleton County, WV",1215.74720786571,1048.89940768703,2264.64661555274,3209.57262876547,2769.09443629376,5978.66706505923,0.0168853778870237,0.0145680473289866,0.0314534252160103
"54073","Pleasants County, WV",1071.49439874769,818.762828644338,1890.25722739203,2828.7452126939,2161.53386762105,4990.27908031495,0.0148818666492735,0.0113717059533936,0.026253572602667
"54075","Pocahontas County, WV",520.14137495956,268.28830755525,788.42968251481,1373.17322989324,708.28113194586,2081.4543618391,0.00722418576332722,0.00372622649382292,0.0109504122571501
"54085","Ritchie County, WV",1229.91762828396,1025.86235355349,2255.77998183746,3246.98253866966,2708.27661338122,5955.25915205089,0.0170821892817217,0.0142480882437985,0.0313302775255202
"54087","Roane County, WV",1654.57165962571,1146.26796010207,2800.83961972778,4368.06918141188,3026.14741466946,7394.21659608135,0.022980161939246,0.015920388334751,0.038900550273997
"54089","Summers County, WV",6099.92604119621,6231.0315076663,12330.9575488625,16103.804748758,16449.923180239,32553.727928997,0.084721195016614,0.0865421042731431,0.171263299289757
"54093","Tucker County, WV",1881.8698480567,1457.96865565626,3339.83850371297,4968.1363988697,3849.03725093254,8817.17364980223,0.0261370812230098,0.0202495646618926,0.0463866458849023
"54095","Tyler County, WV",1228.51203646316,1007.06950547675,2235.58154193991,3243.27177626275,2658.66349445862,5901.93527072137,0.0170626671730995,0.0139870764649548,0.0310497436380543
"54097","Upshur County, WV",2997.96451600214,2086.91497019202,5084.87948619416,7914.62632224565,5509.45552130695,13424.0818435526,0.0416383960555853,0.0289849301415559,0.0706233261971412
"54101","Webster County, WV",409.986707924942,301.0883629264,711.075070851343,1082.36490892185,794.873278125696,1877.23818704754,0.00569425983229087,0.00418178281842222,0.00987604265071309
"54103","Wetzel County, WV",2468.98730897837,1883.11636699949,4352.10367597785,6518.12649570289,4971.42720887865,11489.5537045815,0.0342914904024773,0.026154393986104,0.0604458843885813
"54109","Wyoming County, WV",1910.38802197126,1679.80821031144,3590.1962322827,5043.42437800411,4434.69367522221,9478.11805322632,0.026533166971823,0.0233306695876589,0.0498638365594819
"55001","Adams County, WI",2392.64922883009,4654.69047910216,7047.33970793225,6316.59396411143,12288.3828648297,18604.9768289411,0.0332312392893068,0.0646484788764189,0.0978797181657257
"55003","Ashland County, WI",1295.11592106877,2217.48872537246,3512.60464644123,3419.10603162156,5854.1702349833,9273.27626660486,0.0179877211259552,0.0307984545190619,0.0487861756450171
"55007","Bayfield County, WI",8635.53185562808,12230.1261751414,20865.6580307695,22797.8040988581,32287.5331023733,55085.3372012314,0.119937942439279,0.16986286354363,0.289800805982909
"55011","Buffalo County, WI",334.630843563131,1960.59748428294,2295.22832784607,883.425427006666,5175.97735850695,6059.40278551362,0.00464765060504349,0.0272305206150408,0.0318781712200843
"55013","Burnett County, WI",5018.6258378777,7380.02846198644,12398.6542998641,13249.1722119971,19483.2751396442,32732.4473516413,0.0697031366371903,0.102500395305367,0.172203531942557
"55019","Clark County, WI",341.453482684231,2100.27084427062,2441.72432695485,901.437194286369,5544.71502887443,6446.1522231608,0.00474240948172542,0.0291704283926474,0.0339128378743729
"55023","Crawford County, WI",749.591252825402,206.59224100852,956.183493833922,1978.92090745906,545.403516262493,2524.32442372155,0.010410989622575,0.00286933668067389,0.0132803263032489
"55029","Door County, WI",2943.71255411545,4927.20059572412,7870.91314983957,7771.4011428648,13007.8095727117,20779.2107155765,0.0408848965849368,0.0684333416072795,0.109318238192216
"55041","Forest County, WI",3493.06150799354,7030.84893376173,10523.9104417553,9221.68238110294,18561.441185131,27783.1235662339,0.0485147431665769,0.0976506796355796,0.146165422802157
"55047","Green Lake County, WI",6119.02005330599,17145.4307346433,23264.4507879493,16154.2129407278,45263.9371394583,61418.1500801862,0.0849863896292499,0.238130982425602,0.323117372054851
"55051","Iron County, WI",2543.51799985319,4054.14307868681,6597.66107854,6714.88751961243,10702.9377277332,17417.8252473456,0.0353266388868499,0.056307542759539,0.0916341816463889
"55053","Jackson County, WI",523.161937752529,1171.54389733004,1694.70583508256,1381.14751566668,3092.87588895129,4474.02340461797,0.00726613802434068,0.0162714430184727,0.0235375810428134
"55057","Juneau County, WI",2480.75361584202,5316.33450475411,7797.08812059613,6549.18954582292,14035.1230925509,20584.3126383738,0.0344549113311391,0.073837979232696,0.108292890563835
"55065","Lafayette County, WI",4954.15687816541,9629.91635689787,14584.0732350633,13078.9741583567,25422.9791822104,38501.9533405671,0.0688077344189641,0.133748838290248,0.202556572709212
"55067","Langlade County, WI",4785.54384767278,9572.55588839276,14358.0997360655,12633.8357578561,25271.5475453569,37905.383303213,0.0664658867732331,0.132952165116566,0.199418051889799
"55069","Lincoln County, WI",2476.7285671916,5943.18798470242,8419.91655189402,6538.56341738582,15690.0162796144,22228.5796970002,0.0343990078776611,0.0825442775653114,0.116943285442972
"55077","Marquette County, WI",3574.28565523776,7613.86506770821,11188.150722946,9436.11412982768,20100.6037787497,29536.7179085774,0.0496428563227466,0.105748125940392,0.155390982263138
"55085","Oneida County, WI",3760.26613229472,9103.50137433457,12863.7675066293,9927.10258925806,24033.2436282433,33960.3462175013,0.0522259185040933,0.12643751908798,0.178663437592073
"55091","Pepin County, WI",90.6829911861242,1087.45154317082,1178.13453435695,239.403096731368,2870.87207397097,3110.27517070234,0.00125948598869617,0.0151034936551503,0.0163629796438465
"55095","Polk County, WI",4087.69227200067,7472.4843383541,11560.1766103548,10791.5075980818,19727.3586532548,30518.8662513366,0.0567735037777871,0.103784504699363,0.16055800847715
"55099","Price County, WI",2630.82471052012,3709.19283760702,6340.01754812714,6945.37723577312,9792.26909128254,16737.6463270557,0.0365392320905572,0.0515165671889864,0.0880557992795436
"55103","Richland County, WI",15520.5246596265,30020.42869763,45540.9533572564,40974.1851014138,79253.9317617432,120228.116863157,0.215562842494812,0.416950398578194,0.632513241073006
"55107","Rusk County, WI",2431.43067154516,4568.93553898726,7000.36621053242,6418.97697287922,12061.9898229264,18480.9667958056,0.0337698704381272,0.0634574380414897,0.0972273084796169
"55113","Sawyer County, WI",1645.6206729228,3179.23920033741,4824.85987326021,4344.4385765162,8393.19148889076,12737.630065407,0.0228558426794834,0.0441561000046862,0.0670119426841697
"55119","Taylor County, WI",2477.26568704023,4750.43420100549,7227.69988804572,6539.9814137862,12541.1462906545,19081.1277044407,0.0344064678755587,0.0659782527917429,0.100384720667302
"55121","Trempealeau County, WI",24549.1117817788,22214.5194563747,46763.6312381535,64809.655103896,58646.3313648293,123455.986468725,0.340959885858039,0.308534992449649,0.649494878307688
"55125","Vilas County, WI",2329.91567129088,5332.77270550316,7662.68837679403,6150.97737220791,14078.5199425283,20229.4973147362,0.0323599398790399,0.0740662875764327,0.106426227455473
"55129","Washburn County, WI",3732.44673567611,6233.66918943179,9966.1159251079,9853.65938218493,16456.8866600999,26310.5460422849,0.0518395379955015,0.0865787387421082,0.13841827673761
"55135","Waupaca County, WI",5431.90580556105,11921.6810015869,17353.5868071479,14340.2313266812,31473.2378441894,45813.4691708706,0.0754431361883479,0.165578902799818,0.241022038988166
"55137","Waushara County, WI",2573.58042832657,6372.35766233016,8945.93809065673,6794.25233078216,16823.0242285516,23617.2765593338,0.0357441726156469,0.0885049675323633,0.12424914014801
"56003","Big Horn County, WY",594.837887002794,49.9272881327743,644.765175135568,1570.37202168738,131.808040670524,1702.1800623579,0.00826163731948325,0.000693434557399643,0.0089550718768829
"56007","Carbon County, WY",2628.5377112762,2278.57818566848,4907.11589694468,6939.33955776917,6015.4464101648,12954.785967934,0.0365074682121695,0.0316469192453956,0.068154387457565
"56009","Converse County, WY",2584.47318270275,2517.8074525242,5102.28063522695,6823.00920233527,6647.01167466389,13470.0208769992,0.0358954608708716,0.034969547951725,0.0708650088225966
"56011","Crook County, WY",779.69541223529,414.302180992488,1193.99759322778,2058.39588830117,1093.75775782017,3152.15364612134,0.0108291029477124,0.005754196958229,0.0165832999059414
"56015","Goshen County, WY",5117.77195515021,4212.54471416152,9330.31666931173,13510.9179615965,11121.1180453864,24632.036006983,0.0710801660437529,0.0585075654744656,0.129587731518218
"56017","Hot Springs County, WY",351.612168661702,0,351.612168661702,928.256125266892,0,928.256125266892,0.00488350234252363,0,0.00488350234252363
"56019","Johnson County, WY",654.66918495716,619.109263243131,1273.77844820029,1728.3266482869,1634.44845496187,3362.77510324877,0.00909262756884945,0.00859873976726571,0.0176913673361152
"56023","Lincoln County, WY",1159.80130145421,1149.81478505653,2309.61608651074,3061.87543583912,3035.51103254923,6097.38646838835,0.0161083514090863,0.0159696497924518,0.032078001201538
"56027","Niobrara County, WY",561.472350582904,207.932426578112,769.404777161016,1482.28700553887,548.941606166217,2031.22861170508,0.00779822709142922,0.00288795036914045,0.0106861774605697
"56031","Platte County, WY",1590.07454520577,1341.40340369345,2931.47794889922,4197.79679934324,3541.30498575071,7739.10178509395,0.0220843686834135,0.0186306028290757,0.0407149715124892
"56035","Sublette County, WY",395.047219482892,558.605466402059,953.652685884951,1042.92465943483,1474.71843130144,2517.64309073627,0.00548676693726239,0.00775840925558416,0.0132451761928465
"56043","Washakie County, WY",171.810786819909,5.00074147051933,176.811528290428,453.580477204559,13.201957482171,466.78243468673,0.00238626092805429,0.0000694547426461018,0.00245571567070039
"56045","Weston County, WY",914.854852508769,498.852442261923,1413.70729477069,2415.21681062315,1316.97044757148,3732.18725819463,0.0127063173959551,0.00692850614252671,0.0196348235384818
