"GEOID","budg_BIO_cuts","budg_CSE_cuts","budg_EDU_cuts","budg_ENG_cuts","budg_GEO_cuts","budg_MPS_cuts","budg_OIA_cuts","budg_OISE_cuts","budg_OPP_cuts","budg_SBE_cuts","budg_TIP_cuts","budg_NSF_cuts","state_name","rep_name","pol_party","state","state_FIPS","econ_budg_BIO_cuts","econ_budg_CSE_cuts","econ_budg_EDU_cuts","econ_budg_ENG_cuts","econ_budg_GEO_cuts","econ_budg_MPS_cuts","econ_budg_OIA_cuts","econ_budg_OISE_cuts","econ_budg_OPP_cuts","econ_budg_SBE_cuts","econ_budg_TIP_cuts","econ_budg_NSF_cuts","jobs_budg_BIO_cuts","jobs_budg_CSE_cuts","jobs_budg_EDU_cuts","jobs_budg_ENG_cuts","jobs_budg_GEO_cuts","jobs_budg_MPS_cuts","jobs_budg_OIA_cuts","jobs_budg_OISE_cuts","jobs_budg_OPP_cuts","jobs_budg_SBE_cuts","jobs_budg_TIP_cuts","jobs_budg_NSF_cuts"
"0101",702350.627280801,153448.222530822,733929.226132143,281331.157981045,338535.747113991,210294.474279994,923739.707011911,193387.241120464,627.711341008498,43691.9163200071,163238.762553025,3744574.79366521,"Alabama","Barry Moore","Republican","AL","01",1854205.65602131,405103.30748137,1937573.15698886,742714.257069959,893734.372380936,555177.412099185,2438672.82651145,510542.316558026,1657.15794026243,115346.659084819,430950.333139986,9885677.45527616,9.75486982334446,2.13122531292808,10.1934614740575,3.90737719418118,4.70188537658321,2.92075658722214,12.8297181529432,2.68593390445089,0.00871821306956247,0.606832171111209,2.26720503545868,52.0079832453502
"0102",957605.863410424,421227.812414332,3099465.54644914,812374.041182264,231987.497166533,690323.534351944,1533805.90631335,326132.986087433,1087.76501282498,148383.599466687,285862.259608248,8508256.81146318,"Alabama","Shomari Figures","Democrat","AL","01",2528079.47940352,1112041.42477384,8182589.04262573,2144667.46872118,612446.992519646,1822454.13068913,4049247.59266725,860991.083270824,2871.69963385794,391732.702592055,754676.365365774,22461797.9822628,13.3000814362559,5.8503862835324,43.0481325895714,11.2829727941981,3.2220485717574,9.58782686599922,21.3028598099077,4.52962480676991,0.0151078474003469,2.06088332592621,3.97030916122566,118.170233492544
"0103",2176961.53897775,1122444.38425957,3638229.47280247,2805021.75641851,562713.43127749,1922272.89630787,1938958.57517461,73125.999258449,8221.49261061934,204978.167503686,449244.976329934,14902172.690921,"Alabama","Mike Rogers","Republican","AL","01",5747178.46290125,2963253.17444527,9604925.80819851,7405257.43694487,1485563.45857257,5074800.44625278,5118850.63846098,193052.638042305,21704.7404920351,541142.362209732,1186006.73751103,39341735.9040313,30.2355769302465,15.5895053369385,50.5309649000342,38.9586355058127,7.81546432329848,26.6982346709426,26.9299802107585,1.01563887858957,0.114187397369713,2.84691899310675,6.23951356013797,206.974620707236
"0104",1098033.18011722,692700.102461465,1885925.64540624,2037627.77121703,406695.939456012,947447.328853962,3555970.39387691,155864.422650488,9791.56498637716,590581.037832629,1449562.55091517,12830199.9377735,"Alabama","Robert B. Aderholt","Republican","AL","01",2898807.59550947,1828728.27049827,4978843.70387248,5379337.31601295,1073677.28016387,2501260.94817446,9387761.83983506,411482.07579729,25849.7315640357,1559133.93987814,3826845.13441606,33871727.8357221,15.2504608349614,9.62083475640924,26.1934117417534,28.3003857113476,5.64855471466684,13.1589906785273,49.3884776927349,2.16478364792345,0.135993958144127,8.20251441434207,20.1328132071552,178.197221357965
"0105",755941.45289094,679483.614172824,2222013.46599657,832157.474135131,1210270.31439687,409780.481805481,8392315.64320987,10149.3864107383,628.76690494863,42467.8796378913,765958.506207755,15321166.985769,"Alabama","Dale W. Strong","Republican","AL","01",1995685.43563208,1793836.74141626,5866115.55023093,2196895.73171675,3195113.63000775,1081820.47196647,22155713.2980741,26794.3801243491,1659.94462906438,112115.202244033,2022130.45638847,40447880.8424302,10.4991868457075,9.437272419067,30.8612981388412,11.5577426963213,16.8093099221788,5.69139558063168,116.559939489026,0.140963700149143,0.00873287367984209,0.589831661637379,10.6383125862188,212.793985913459
"0106",1172211.73665536,344042.766662787,1091359.55162586,616565.623854451,165529.779681936,663420.324923686,1302298.10961447,80636.207513267,5325.64837404916,94505.5007110069,375145.020737224,5911040.2703541,"Alabama","Gary J. Palmer","Republican","AL","01",3094638.98477015,908272.903989758,2881189.21629227,1627733.24697575,436998.61836031,1751429.65779853,3438067.00938221,212879.587835025,14059.7117074898,249494.521877058,990382.854746273,15605146.3137348,16.2807185646578,4.77837175920538,15.1577715503592,8.56341144242293,2.29902471780466,9.21417117949563,18.0874737446454,1.11994732657315,0.0739673385284606,1.31257639876398,5.21034751023923,82.0977815326958
"0107",1868741.41346965,809763.310519481,2346454.53042082,2189652.67648435,377899.053103143,1274972.70861218,3640978.49412703,215930.227785989,13406.2017782609,631241.595705307,1619890.95085444,14988931.1628607,"Alabama","Terri A. Sewell","Democrat","AL","01",4933477.33155987,2137775.13977143,6194639.96031098,5780683.06591869,997653.500192297,3365927.95073616,9612183.22449536,570055.80135501,35392.3726946087,1666477.81266201,4276512.11025572,39570778.2699521,25.9547418537451,11.2467126461039,32.5896462558448,30.4118427289493,5.24859795976587,17.7079542862803,50.5691457517643,2.99903094147207,0.18619724692029,8.76724438479594,22.4984854285339,208.179599484176
"0200",1648942.83485816,359288.553272788,2155089.42689245,191447.708334055,18794501.0605702,459314.339226068,7881807.16158865,54518.5846924077,1076597.55297509,359790.661990693,544361.253521563,33525659.1379221,"Alaska","Nicholas J. Begich III","Republican","AK","02",4353209.08402554,948521.780640162,5689436.08699607,505421.950001904,49617482.7999053,1212589.85555682,20807970.906594,143929.063587956,2842217.53985423,949847.347655429,1437113.70929693,88507740.1241143,22.9019838174744,4.9901187954554,29.9317975957285,2.65899594908409,261.034736952364,6.37936582258428,109.469543910953,0.757202565172329,14.9527437913206,4.99709252764851,7.56057296557726,465.634154693363
"0401",5206999.60691612,2974521.50417371,2627493.63073832,5535538.88967923,1727549.36160072,3230735.38333782,196177.691196307,673947.353093281,6865.90805390605,1530090.20421955,2422031.73723959,26131951.2702486,"Arizona","David Schweikert","Republican","AZ","04",13746478.9622586,7852736.7710186,6936583.18514917,14613822.6687532,4560730.3146259,8529141.41201184,517909.104758251,1779221.01216626,18125.997262312,4039438.13913961,6394163.7863125,68988351.3534562,72.3194389849461,41.3127986690793,36.4929670935878,76.8824845788782,23.9937411333433,44.8713247685808,2.72469015550427,9.36037990407334,0.0953598340820284,21.2512528363826,33.6393296838831,362.943767642341
"0402",3576463.63138315,1234872.4235869,2244716.14010151,1169625.13023673,1289664.39562029,3072658.82779121,37998.2931842308,74777.2455355713,44141.232433789,216893.306265781,587486.302165553,13549296.9283047,"Arizona","Elijah Crane","Republican","AZ","04",9441863.98685152,3260063.1982694,5926050.60986798,3087810.34382496,3404714.00443756,8111819.30536879,100315.494006369,197411.928213908,116532.853625203,572598.328541661,1550963.83771706,35770143.8907244,49.6731059914326,17.1510058831513,31.1766130569654,16.2447934755101,17.9120054947262,42.6758170526557,0.527754072003205,1.03857285466071,0.613072672691513,3.01240703146918,8.15953197452157,188.184679559787
"0403",1908355.3329838,1082609.09986292,1099686.3569903,1988476.3809023,724373.46800565,1301857.56207937,70542.5333553357,238256.274181434,3050.4706335028,566487.370022789,989755.210082659,9973450.05910007,"Arizona","Yassamin Ansari","Democrat","AZ","04",5038058.07907723,2858088.02363811,2903171.9824544,5249577.64558208,1912345.95553492,3436903.96388955,186232.288058086,628996.563838985,8053.2424724474,1495526.65686016,2612953.75461822,26329908.1560242,26.5049351803306,15.0362374980961,15.2734216248653,27.617727512532,10.0607426111896,18.0813550288802,0.979757407712996,3.30911491918658,0.0423676476875389,7.8678801392054,13.7466001400369,138.520139709723
"0404",4324960.03118681,2457686.23829769,2318237.28520705,4572102.39893884,1456515.65281761,2837203.55068853,156151.419235131,555895.215013546,5828.7874233116,1254997.22931163,2075401.03066784,22014978.838788,"Arizona","Greg Stanton","Democrat","AZ","04",11417894.4823332,6488291.66910591,6120146.43294662,12070350.3331985,3845201.3234385,7490217.37381772,412239.746780747,1467563.36763576,15387.9987975426,3313192.6853827,5479058.7209631,58119544.1344003,60.068889322039,34.134531087468,32.1977400723202,63.5014222074839,20.2293840669113,39.405604870674,2.16876971159905,7.72076687518814,0.0809553808793277,17.4305170737726,28.8250143148311,305.763594983167
"0405",2223434.15384907,1250853.54443034,1231551.65054574,2316168.82655826,759244.555820312,2572693.90830992,79195.3862518633,278955.671641166,3835.57097724214,644548.082763384,1152279.35555096,12512760.7066983,"Arizona","Andy Biggs","Republican","AZ","04",5869866.16616154,3302253.35729609,3251296.35744075,6114685.70211382,2004405.62736562,6791911.91793818,209075.819704919,736442.973132679,10125.9073799193,1701606.93849533,3042017.49865453,33033688.2656834,30.8810299145704,17.3729658948658,17.1048840353575,32.1690114799759,10.5450632752821,35.7318598376378,1.09993592016477,3.87438432834953,0.0532718191283631,8.952056705047,16.0038799382077,173.788343148587
"0406",4257866.48674665,2280665.17247705,3108706.67805093,5268059.31398152,3119179.97403919,41798422.6876893,38001.2390929985,299093.668771555,16579.6231517931,1535618.89158351,1779498.67724862,63501692.4128331,"Arizona","Juan Ciscomani","Republican","AZ","04",11240767.5250112,6020956.05533942,8206985.63005444,13907676.5889112,8234635.13146347,110347835.8955,100323.271205516,789607.285556904,43770.2051207337,4054033.87378047,4697876.50793635,167644467.969879,59.137034538148,31.6759051732924,43.1764816395962,73.1674904719656,43.3219440838777,580.533648440129,0.527794987402757,4.15407873293826,0.230272543774904,21.3280401608821,24.7152594062308,881.967950178238
"0407",3161779.09307721,1686452.75981366,2603229.53345102,3828676.05098914,2220631.51643508,36673729.2062686,28530.837960222,235917.321697468,11200.9055046857,1147117.27672345,1146264.72974537,52743529.2316659,"Arizona","Adelita S. Grijalva","Democrat","AZ","04",8347096.80572385,4452235.28590806,6872525.9683107,10107704.7746113,5862467.20338861,96818645.1045491,75321.4122149862,622821.729281314,29570.3905323702,3028389.6105499,3026138.88652778,139242917.171598,43.9135985149613,23.4229549974119,36.1559657423753,53.1760562637381,30.8421043949316,509.357350087064,0.396261638336417,3.27662946802038,0.155568132009524,15.9321843989368,15.9203434686857,732.549017106471
"0408",1838418.97021894,1025158.93566729,1012319.76446605,1888583.61561592,635287.763017328,2498328.99305183,69772.3944382848,224612.623254236,3747.38081068668,646487.090818809,975062.993803791,10817780.5251632,"Arizona","Abraham J. Hamadeh","Republican","AZ","04",4853426.081378,2706419.59016164,2672524.17819038,4985860.74522603,1677159.69436574,6595588.54165683,184199.121317072,592977.325391183,9893.08534021285,1706725.91976166,2574166.30364201,28558940.5864308,25.5335968085964,14.2383185509346,14.0599967286952,26.2303279946655,8.82344115301844,34.6990137923865,0.969061033865067,3.11961976741995,0.0520469557039817,8.97898737248346,13.5425415806082,150.246951738377
"0409",855440.670191572,455977.977950197,492353.137709153,812356.790542664,301847.716549197,543202.236456775,28775.3851803824,93440.1029930623,2851.82502395938,263980.577258796,419659.465524815,4269885.88538057,"Arizona","Paul A. Gosar","Republican","AZ","04",2258363.36930575,1203781.86178852,1299812.28355217,2144621.92703263,796877.971689881,1434053.90424589,75967.0168762096,246681.871901685,7528.81806325275,696908.723963222,1107900.98898551,11272498.7374047,11.8811204193274,6.33302747153051,6.83823802373824,11.2827332019814,4.19232939651663,7.5444755063441,0.399658127505311,1.29777920823698,0.0396086808883247,3.66639690637217,5.82860368784465,59.3039706302857
"0501",257850.742577817,62133.6071057385,852054.666788106,400126.070048383,51640.5708977959,194171.231236406,1001157.12137227,5301.42002072853,9042.76046048985,45593.6219620592,278033.874802905,3157105.6872727,"Arkansas","Eric A. “Rick” Crawford","Republican","AR","05",680725.960405436,164032.72275915,2249424.3203206,1056332.82492773,136331.107170181,512612.050464113,2643054.8004228,13995.7488547233,23872.8876156932,120367.161979836,734009.42947967,8334759.01439994,3.58126031358079,0.86296676535748,11.8340925942792,5.55730652844977,0.717230151358276,2.6968226560612,13.9049600190594,0.0736308336212296,0.125593895284581,0.633244749473045,3.86158159448479,43.8486901010098
"0502",433618.70254443,57035.3760404525,522984.50595496,184676.826953777,90900.4157199665,123747.719578996,6539009.86594761,5111.97001855609,93.8210443748173,121217.532266649,505411.39686596,8583808.13293573,"Arkansas","J. French Hill","Republican","AR","05",1144753.3747173,150573.392746795,1380679.0957211,487546.823157972,239977.097500712,326693.97968855,17262986.0461017,13495.6008489881,247.687557149518,320014.285183952,1334286.08772613,22661253.4709503,6.02248197978375,0.79215800056184,7.26367369381889,2.56495592991357,1.26250577388842,1.71871832748606,90.8195814714946,0.0709995835910568,0.00130307006076135,1.68357683703679,7.01960273424944,119.219557401885
"0503",2589402.73170844,948120.47480581,1530509.64950894,6117861.38165273,675841.442579029,784087.903983698,4251505.81967569,176767.447486873,3100.97529883277,896753.977936802,1687571.41679263,19661523.2214295,"Arkansas","Steve Womack","Republican","AR","05",6836023.21171028,2503038.05348734,4040545.47470359,16151154.0475632,1784221.40840864,2069992.06651696,11223975.3639438,466666.061365346,8186.57478891852,2367430.50175316,4455188.54033253,51906421.3045738,35.9639268292839,13.1683399278585,21.2570784654019,84.9702969673991,9.38668670248652,10.8901097775514,59.0486919399402,2.45510343731769,0.0430691013726774,12.4549163602334,23.4384918998976,273.076711408743
"0504",161743.703557781,20795.1572545447,913986.118132484,101943.800887734,30026.9898773479,692085.38351835,1056953.60454772,2964.48061335967,1245.7189516537,33390.5105299158,340429.052351948,3355564.52022284,"Arkansas","Bruce Westerman","Republican","AR","05",427003.377392541,54899.2151519981,2412923.35186976,269131.634343618,79271.2532761985,1827105.41248844,2790357.51600599,7826.22881926952,3288.69803236577,88150.9477989778,898732.698209142,8858690.3333883,2.2464403271914,0.288821628535343,12.6942516407289,1.41588612344075,0.417041526074277,9.61229699331041,14.6799111742739,0.0411733418522176,0.0173016521063014,0.463757090693276,4.72818128266594,46.6050627808728
"0601",502063.125874341,296209.61049192,791890.02102096,251180.230898606,505933.390036491,478578.151847448,41327.8287391872,39521.7636589442,4925.77256715487,101652.641108645,301200.514319866,3314483.05056356,"California","Vacant","Republican","CA","06",1325446.65230826,781993.37169867,2090589.65549533,663115.80957232,1335664.14969634,1263446.32087726,109105.467871454,104337.456059613,13004.0395772888,268362.972526823,795169.357804446,8750235.25348781,6.97309897047695,4.11402236794334,10.99847251418,3.4886143180362,7.02685263939571,6.646918775659,0.5739976213776,0.548913384152002,0.0684135078771509,1.41184223762007,4.1833404766648,46.0344868133828
"0602",1388669.00184972,724598.804364637,1490223.24865075,539232.209418188,626880.85451547,1196300.29037884,104792.321216986,53148.440060183,23946.2988348245,297624.374614049,1116773.81781156,7562189.66171521,"California","Jared Huffman","Democrat","CA","06",3666086.16488325,1912940.84352264,3934189.37643798,1423573.03286402,1654965.45592084,3158232.76660014,276651.728012842,140311.881758883,63218.2289239366,785728.34898109,2948282.87902252,19964180.7069281,19.287069470135,10.0638722828422,20.6975451201493,7.48933624191928,8.70667853493708,16.6152818108173,1.45544890579147,0.738172778613653,0.332587483817006,4.13367186963958,15.510747469605,105.030411968267
"0603",959585.632174917,630491.749179946,966487.951476153,590342.699873601,540233.961097498,803843.935493796,161473.507571238,55549.5842523797,9408.80564716365,242203.898792642,382757.082728319,5342378.80828765,"California","Kevin Kiley","Republican","CA","06",2533306.06894178,1664498.21783506,2551528.19189704,1558504.72766631,1426217.6572974,2122147.98970362,426290.05998807,146650.902426282,24839.246908512,639418.292812574,1010478.69840276,14103880.0538794,13.3275782246516,8.75682984972147,13.4234437705021,8.19920416491113,7.50324945968747,11.1644991040805,2.24268760515609,0.771522003505274,0.130677856210606,3.36394303878669,5.31607059344888,74.1997056706618
"0604",5008326.11538935,2543698.87059255,2444197.55325806,2541770.98680091,1774995.84490775,3053057.49034225,413952.109595266,276449.097853958,36902.0038521054,1088109.28385845,1227323.01223882,20408782.3686895,"California","Mike Thompson","Democrat","CA","06",13221980.9446279,6715365.01836434,6452681.54060128,6710275.4051544,4685989.03055647,8060071.77450355,1092833.5693315,729825.618334448,97421.2901695583,2872608.50938631,3240132.75231049,53879185.4533403,69.5600849359632,35.3291509804521,33.9471882396953,35.3023748166793,24.6527200681633,42.4035762547535,5.7493348554898,3.83957080352719,0.512527831279242,15.1126289424785,17.0461529477614,283.455310676243
"0605",762407.679294268,505996.426211064,1153189.51983369,474453.914644218,467721.454407895,766033.657830952,75727.0851693695,32041.3213390989,6339.73823750339,199532.331087239,450887.965010473,4894331.09306576,"California","Tom McClintock","Republican","CA","06",2012756.27333687,1335830.56519721,3044420.33236093,1252558.33466074,1234784.63963684,2022328.85667371,199919.504847135,84589.0883352212,16736.908947009,526765.35407031,1190344.22762765,12921034.0856936,10.5889955457537,7.02772814182033,16.0165211088012,6.58963770339192,6.49613131122076,10.6393563587632,1.0517650717968,0.44501835193193,0.0880519199653249,2.77128237621165,6.26233284736768,67.9768207370245
"0606",1468920.47369501,941747.695360529,1405975.56554148,846474.56792341,594382.249312354,1077126.97589065,130937.163956695,86375.9352114584,10467.4617072628,354000.83249375,433816.572272931,7350225.49336552,"California","Ami Bera","Democrat","CA","06",3877950.05055482,2486213.9157518,3711775.4930295,2234692.8593178,1569169.13818461,2843615.21635131,345674.112845675,228032.46895825,27634.0989071739,934562.1977835,1145275.75080054,19404595.302485,20.401673245764,13.0798291022296,19.5274384102983,11.7565912211585,8.25530901822713,14.9600968873701,1.81857172162077,1.19966576682581,0.145381412600873,4.91667822907986,6.02523017045738,102.086465185632
"0607",1916257.34875823,1138549.08338421,1603542.10262898,1049783.62380562,760210.774299682,1315174.54757138,184338.17951794,118084.18239855,10969.5928788174,433381.163487124,512106.139570578,9042396.73830111,"California","Doris O. Matsui","Democrat","CA","06",5058919.40072172,3005769.58013432,4233351.15094052,2771428.76684683,2006956.44415116,3472060.80558845,486652.79392736,311742.241532171,28959.725200078,1144126.27160601,1351960.20846633,23871927.3891149,26.6146853994198,15.8131817136696,22.2714180920692,14.5803281084114,10.5584829763845,18.2663131607136,2.56025249330472,1.64005808886874,0.152355456650242,6.01918282621006,7.11258527181359,125.588843587515
"0608",2844664.97783275,2458239.92708711,4667614.7833251,2332804.10771395,1213845.22964764,5890735.04805197,151440.123900755,327996.204928809,20491.418134403,889677.542061514,2764018.59251443,23561527.9551984,"California","John Garamendi","Democrat","CA","06",7509915.54147845,6489753.40750998,12322503.0279783,6158602.84436483,3204551.40626977,15551540.5268572,399801.927097993,865909.981012056,54097.3438748239,2348748.7110424,7297009.08423811,62202433.8017239,39.5092358032326,34.1422212095433,64.8279831017376,32.4000570515826,16.8589615228839,81.8157645562774,2.10333505417715,4.55550284623346,0.284603029644486,12.3566325286321,38.389147118256,327.243443822201
"0609",592780.576823502,453578.045844207,832277.785181374,392143.869169366,350027.439281711,748945.238822959,50774.286832072,21413.7227428424,3692.72718737021,180307.552394972,526810.422735927,4152751.6670163,"California","Josh Harder","Democrat","CA","06",1564940.72281404,1197446.04102871,2197213.35287883,1035259.81460713,924072.439703716,1977215.43049261,134044.11723667,56532.228041104,9748.79977465735,476011.938322726,1390779.51602285,10963264.400923,8.23306356699308,6.29969508116954,11.5594136830746,5.44644262735231,4.86149221224598,10.4020172058744,0.705198428223223,0.297412815872811,0.051287877602364,2.50427156104128,7.31681142688788,57.6771064863375
"0610",1796842.01372006,1464636.47574874,3069405.47802874,1403427.97099927,801351.735439814,3699304.16646615,117430.96764286,190818.049123586,12412.8407763257,541678.867778664,2029448.31890016,15126756.8846244,"California","Mark DeSaulnier","Democrat","CA","06",4743662.91622097,3866640.29597667,8103230.46199586,3705049.84343806,2115568.58156111,9766162.99947065,310017.754577151,503759.649686268,32769.8996494997,1430032.21093567,5357743.56189643,39934638.1754083,24.9561390794453,20.3421732742881,42.630631639288,19.4920551527676,11.1298852144419,51.3792245342521,1.63098566170639,2.65025068227203,0.172400566337856,7.523317608037,28.1867822069467,210.093845619783
"0611",3743325.50316195,1526165.33252301,4798640.21647114,1416087.73351802,1041911.43814803,3000305.17696743,248121.951688752,136145.910912804,16162.3038066149,623711.270678332,2288418.20952164,18838995.0473977,"California","Nancy Pelosi","Democrat","CA","06",9882379.32834754,4029076.47786075,12668410.1714838,3738471.61648758,2750646.1967108,7920805.66719402,655041.952458305,359425.204809802,42668.4820494634,1646597.7545908,6041424.07313713,49734946.92513,51.9906319883604,21.1967407294863,66.6477807843214,19.6678851877503,14.4709921965004,41.6709052356588,3.44613821789933,1.89091542934449,0.224476441758541,8.66265653719905,31.7835862433561,261.652708991635
"0612",5681251.36359481,5709197.22376617,11405377.8601366,5582540.79898601,2469789.4298928,15320213.0151616,211498.269566866,874885.547793979,21302.671272824,2052547.53147817,5152997.46918169,54481601.1808315,"California","Lateefah Simon","Democrat","CA","06",14998503.5998903,15072280.6707427,30110197.5507605,14737907.7093231,6520244.094917,40445362.3600266,558355.431656526,2309697.8461761,56239.0521602554,5418725.48310236,13603913.3186397,143831427.117395,78.9062689388168,79.2944058856412,158.40802583523,77.5352888748057,34.3026309707334,212.780736321689,2.93747596620647,12.1511881638053,0.295870434344778,28.5076046038634,71.5694092941901,756.688905289326
"0613",1786149.25973187,1200482.72516565,1900569.51892907,1180974.45422679,587193.389201594,1630938.68248048,27036.8393991273,48649.3411872683,4682.91339705288,427688.843642669,454836.708606915,9249202.67596848,"California","Adam Gray","Democrat","CA","06",4715434.04569215,3169274.39443732,5017503.52997273,3117772.55915871,1550190.54749221,4305678.12174846,71377.2560136962,128434.260734388,12362.8913682196,1129098.54721665,1200768.91072226,24417895.0645568,24.8076286073871,16.6733711828563,26.3967988740148,16.402422975372,8.15546373891103,22.6519261455622,0.375511658321213,0.675685294267615,0.0650404638479566,5.94012282837041,6.31717650842938,128.46114827734
"0614",1667235.78866996,1522765.93010951,3288648.20715473,1222865.10256542,1158287.14186338,2534725.86857254,83844.259603701,88967.8689541043,13383.4938915126,650156.864070794,2365366.71779815,14596247.2432538,"California","Eric Swalwell","Democrat","CA","06",4401502.4820887,4020102.05548912,8682031.2668885,3228363.8707727,3057878.05451932,6691676.29303151,221348.845353771,234875.174038835,35332.4238735934,1716414.1211469,6244568.13498712,38534092.7221901,23.1560526204161,21.1495268070766,45.6756695438157,16.9842375356308,16.0873214147691,35.2045259523964,1.16450360560696,1.23566484658478,0.185881859604342,9.0299564454277,32.8523155249743,202.725656156303
"0615",3536114.99738412,2765288.97563262,6137558.11754986,2054428.37885719,1962039.32785195,3221447.2713291,138848.83834547,60292.3636936173,21924.8232570435,1031640.35415133,3144364.11088751,24073947.5589398,"California","Kevin Mullin","Democrat","CA","06",9335343.59309407,7300362.89567011,16203153.4303316,5423690.92018298,5179783.82552916,8504620.79630883,366560.933232041,159171.84015115,57881.5333985947,2723530.53495951,8301121.25274302,63555221.5556011,49.1127082970016,38.4067913282308,85.243862743748,28.5337274841276,27.250546220166,44.7423232129042,1.92845608813153,0.83739394018913,0.304511434125604,14.3283382521018,43.6717237623265,334.360382763053
"0616",2463887.39371024,3107296.38812273,5694792.49425262,2275641.42754091,2319513.7025697,3421955.47985759,206582.448186785,63759.7797909925,30536.8467525103,1115558.97518283,3094923.63673247,23794448.5726994,"California","Sam T. Liccardo","Democrat","CA","06",6504662.71939504,8203262.46464401,15034252.1848269,6007693.36870801,6123516.17478401,9033962.46682404,545377.663213111,168325.81864822,80617.2754266271,2945075.69448268,8170598.40097372,62817344.2319264,34.2206582459756,43.1568942794824,79.094340197953,31.6061309380682,32.2154680912458,47.5271594424665,2.8692006692609,0.885552497097118,0.424122871562643,15.4938746553171,42.9850505101732,330.478452398603
"0617",1737163.21726719,2184718.45068192,3808147.72378014,1672793.20469223,1516289.26505865,2588222.874343,183966.219373858,66729.5578336692,22675.8648201794,796519.617816981,2648208.1649021,17225434.1605699,"California","Ro Khanna","Democrat","CA","06",4586110.89358538,5767656.70980027,10053509.9907796,4416174.06038748,4003003.65975482,6832908.38826553,485670.819146984,176166.032680887,59864.2831252735,2102811.79103683,6991269.55534154,45475146.1839046,24.1272669064888,30.3433118150267,52.8909406080576,23.2332389540587,21.0595731258145,35.9475399214306,2.55508638019247,0.926799414356517,0.314942566946935,11.0627724696803,36.7806689569736,239.242141119027
"0618",952249.254465719,1295671.13255324,2243914.8600428,847677.811130034,4619890.4175426,1559710.58380961,91091.8990370601,74392.5680954984,17514.190292671,418105.926632304,1626627.30060953,13746845.9442111,"California","Zoe Lofgren","Democrat","CA","06",2513938.0317895,3420571.78994055,5923935.23051299,2237869.42138329,12196510.7023125,4117635.94125736,240482.613457839,196396.379772116,46237.4623726516,1103799.64630928,4294296.07360917,36291673.2927172,13.2256840898017,17.9954323965728,31.1654841672611,11.7733029323616,64.1651446880917,21.6626469973556,1.26516526440361,1.03323011243748,0.243252642953765,5.807026758782,22.5920458417991,190.92841589182
"0619",1734981.78094102,3196683.51290489,3639286.30200682,1303810.48758241,6281907.40312118,4236673.63935793,102538.153757522,402111.509685349,41952.1498360105,807604.039162276,2441071.8881647,24188620.8665201,"California","Jimmy Panetta","Democrat","CA","06",4580351.90168429,8439244.4740689,9607715.83729802,3442059.68721755,16584235.5442399,11184818.4079049,270700.725919858,1061574.38556932,110753.675567068,2132074.66338841,6444429.7847548,63857959.0876131,24.0969691797364,44.398382123679,50.5456430834281,18.1084789942001,87.2487139322387,58.8426894355268,1.42414102441003,5.58488207896318,0.582668747722368,11.2167227661427,33.9037762245097,335.953067590557
"0620",216126.823625247,210029.34197823,750286.119091853,165044.999417515,256162.217266029,408388.224421651,23602.4442927729,8286.6144981807,4957.95778498726,83284.8670801016,156582.189170522,2282751.79862709,"California","Vince Fong","Republican","CA","06",570574.814370653,554477.462822527,1980755.35440249,435718.798462239,676268.253582318,1078144.91247316,62310.4529329204,21876.6622751971,13089.0085523664,219872.049091468,413376.979410179,6026464.74837552,3.00176143923955,2.91707419414208,10.4206405429424,2.29229165857659,3.5578085731393,5.67205867252293,0.327811726288512,0.115091868030288,0.0688605247914898,1.15673426500141,2.17475262736837,31.7048860920429
"0621",291847.498964253,213339.241382922,761092.161576571,187800.378530601,203832.271519346,347643.70967002,42933.3338461056,9602.502623059,3785.3908258508,99494.6936139244,239328.78801431,2400699.97056696,"California","Jim Costa","Democrat","CA","06",770477.397265627,563215.597250915,2009283.30656215,495792.999320787,538117.196811073,917779.393528853,113344.001353719,25350.6069248758,9993.43178024611,262665.99114076,631828.00035778,6337847.92229678,4.05343748561462,2.96304501920725,10.5707244663413,2.6083385907028,2.83100377110202,4.82838485652806,0.596296303418133,0.133368091986931,0.0525748725812611,1.38187074463784,3.3240109446432,33.3430551467634
"0622",152304.016085091,213529.128930841,353929.139268112,144715.172047755,226638.536910896,380141.36793891,9944.41847017462,5284.10916443072,5209.56672685382,63017.6643168239,107918.376905695,1662631.49676558,"California","David G. Valadao","Republican","CA","06",402082.602464641,563716.90037742,934372.927667817,382048.054206072,598325.737444767,1003573.21135872,26253.264761261,13950.0481940971,13753.2561588941,166366.633796415,284904.515031034,4389347.15146114,2.11533355673738,2.96568234626168,4.91568248983489,2.0099329451077,3.14775745709578,5.27974122137375,0.13811692319687,0.0733904050615377,0.0723550934285252,0.875245337733665,1.49886634591243,23.0921041217442
"0623",511521.00265592,561515.223976194,836407.07104318,466876.088536427,335614.446817178,1133833.29639453,33483.8848576458,22580.8873209585,11570.3222192576,170725.103629053,271212.151797481,4355339.47924782,"California","Jay Obernolte","Republican","CA","06",1350415.44701163,1482400.19129715,2208114.667554,1232552.87373617,886022.139597349,2993319.90248155,88397.4560241849,59613.5425273304,30545.65065884,450714.273580699,716000.080745349,11498096.2252142,7.10445837022111,7.79882255522492,11.6167648755997,6.48439011856149,4.66131176134969,15.7476846721462,0.465053956356191,0.313623435013313,0.160698919711911,2.37118199484795,3.76683544163168,60.4908261006642
"0624",5756067.89571743,6275991.59356499,5820060.96631536,3569827.24125427,5450571.03175661,19161180.2022684,68318.8026813031,7867.48141516707,144209.164484256,1895699.24543639,2335121.09607927,50484914.7209735,"California","Salud O. Carbajal","Democrat","CA","06",15196019.244694,16568617.8070116,15364960.9510726,9424343.91691128,14389507.5238375,50585515.7339887,180361.63907864,20770.1509360411,380712.194238435,5004646.00795208,6164719.69364928,133280174.86337,79.9453874405199,87.1665499106249,80.8341800877133,49.5809339063094,75.7023754410641,266.127502809284,0.948872259462543,0.109270575210654,2.00290506228133,26.3291561866166,32.4322374455455,701.179371124632
"0625",404660.287494295,565350.193327893,538940.189416125,390672.874451771,376608.457403964,776555.270388177,17783.1066791271,16446.7930301024,22622.5507356849,136175.710090396,208476.010397696,3454291.44341523,"California","Raul Ruiz","Democrat","CA","06",1068303.15898494,1492524.51038564,1422802.10005857,1031376.38855268,994246.327546464,2050105.91382479,46947.4016328956,43419.5335994704,59723.5339422081,359503.874638645,550376.667449917,9119329.41061621,5.62028177075409,7.85208601844296,7.48528040855729,5.42601214516349,5.2306730194995,10.7854898665025,0.246987592765654,0.228427680973645,0.314202093551179,1.89132930681105,2.89550014441244,47.9762700474338
"0626",791716.577379517,920419.897630448,1118558.18747805,628181.179787156,847709.67471221,2721770.7100196,46471.9125259165,13346.9912563898,16464.9426283085,373582.134269541,409208.463841669,7887430.67152881,"California","Julia Brownley","Democrat","CA","06",2090131.76428192,2429908.52974438,2952993.61494205,1658398.31463809,2237953.54124024,7185474.67445175,122685.84906842,35236.0569168691,43467.4485387344,986256.834471587,1080310.34454201,20822816.972836,10.9960635747155,12.7836096893118,15.5355303816396,8.72473860815494,11.773745482114,37.8023709724945,0.645443229526619,0.185374878560969,0.228679758726507,5.18864075374362,5.68345088668985,109.547648215678
"0627",608080.452540532,763308.790094418,1016951.12328451,530810.510437286,692948.156683631,3050645.31996523,33280.2992246319,10040.9573633679,15294.0006384303,262462.119901914,292146.841620047,7275968.571754,"California","George Whitesides","Democrat","CA","06",1605332.394707,2015135.20584926,2684750.96547112,1401339.74755444,1829383.13364479,8053703.6447082,87859.9899530283,26508.1274392912,40376.1616854559,692899.996541052,771267.661876924,19208557.0294306,8.44556184084072,10.6015109735336,14.1243211567294,7.37236820051786,9.62427995393932,42.370073888406,0.462226378119888,0.139457741157887,0.212416675533754,3.64530722085991,4.05759502250065,101.055119052139
"0628",1876793.04748583,1720192.65491283,3297251.39409739,1449131.49454048,1997335.8199513,23207054.021617,223238.523783392,56354.4948069645,44533.462961896,658439.426800845,726448.700257319,35256773.0412153,"California","Judy Chu","Democrat","CA","06",4954733.64536258,4541308.60896987,8704743.6804171,3825707.14558687,5272966.56467145,61266622.6170689,589349.702788155,148775.866290386,117568.342219406,1738280.08675423,1917824.56867932,93077880.8288083,26.0665701039698,23.8915646515671,45.7951582513526,20.1268263130622,27.7407752771015,322.320194744681,3.10053505254711,0.782701316763396,0.618520318915223,9.14499203890062,10.0895652813516,489.677403350212
"0629",880009.624000774,1285887.02195719,1193492.58198153,877940.980395462,1065269.6467129,3256084.22455664,34025.1757327006,14149.1277283639,11894.3552858904,468981.80792937,449130.012249248,9536864.55853006,"California","Luz M. Rivas","Democrat","CA","06",2323225.40736204,3394741.73796698,3150820.41643125,2317764.18824402,2812311.86732204,8596062.35282952,89826.4639343295,37353.6972028808,31401.0979547507,1238111.97293354,1185703.23233801,25177322.4345194,12.2223558888996,17.8595419716276,16.5762858608546,12.1936247277147,14.7954117599013,45.223392007731,0.472571885176397,0.196515662893944,0.1651993789707,6.51363622124124,6.23791683679511,132.456452201806
"0630",1335314.61891156,2046220.84373412,1834964.60540842,1415920.99130807,1576058.25908756,7491249.28434845,92258.2597967761,23441.232615641,18009.0017952914,750911.320549485,846065.856325404,17430414.2738808,"California","Laura Friedman","Democrat","CA","06",3525230.59392652,5402023.02745808,4844306.55827822,3738031.4170533,4160793.80399116,19776898.1106799,243561.805863489,61884.8541052923,47543.7647395694,1982405.88625064,2233613.86069907,46016293.6830453,18.5460363737717,28.4197339407517,25.4856195195613,19.6655693237232,21.8896980428828,104.045128949284,1.28136471939967,0.325572675217236,0.250125024934603,10.4293238965206,11.7509146711862,242.089087137233
"0631",776382.837438636,1016500.07081398,1615362.19518514,727053.103938648,774300.811069617,6164621.58216157,71187.8048863218,22889.7071767702,19449.8641391301,307613.808052381,473088.113999671,11968449.8988619,"California","Gilbert Ray Cisneros, Jr.","Democrat","CA","06",2049650.690838,2683560.18694891,4264556.19528877,1919420.19439803,2044154.14122379,16274600.9769066,187935.804899889,60428.8269466732,51347.6413273035,812100.453258287,1248952.62095913,31596707.7329953,10.7830949644255,14.1180565390831,22.435586044238,10.0979597769257,10.7541779315225,85.6197441966885,0.988719512310024,0.317912599677363,0.270137001932363,4.27241400072752,6.57066824999543,166.228470817526
"0632",1315611.23436919,1553150.88479184,1666502.28235881,1152517.13328618,1504715.98019135,4090489.76287497,87703.7443965135,22842.9055809186,13272.0665648799,634516.417631559,541260.902826988,12582583.3148732,"California","Brad Sherman","Democrat","CA","06",3473213.65873466,4100318.33585046,4399566.02542725,3042645.23187553,3972450.18770518,10798892.9739899,231537.885206796,60305.2707336252,35038.2557312831,1675123.34254732,1428928.78346325,33218019.9512653,18.2723782551276,21.5715400665533,23.1458650327612,16.0071824067526,20.8988330582133,56.812357817708,1.21810756106269,0.317262577512759,0.184334257845555,8.81272802266054,7.51751253926372,174.758101595461
"0633",781750.953120812,785579.671594185,1502717.32006809,697926.355205713,434526.303380733,1506621.59333928,56044.2950679172,49438.5058920641,13050.6451579613,242631.309975363,302699.136071374,6372986.08887349,"California","Pete Aguilar","Democrat","CA","06",2063822.51623894,2073930.33300865,3967173.72497977,1842525.57774308,1147149.44092514,3977481.00641569,147956.938979302,130517.655555049,34453.7032170179,640546.65833496,799125.719228427,16824683.274626,10.8576521266779,10.9108287721415,20.8710738898346,9.69342160007935,6.03508754695463,20.9252999074899,0.778392987054406,0.686645915167557,0.181258960527241,3.36987930521338,4.20415466765797,88.5136956787985
"0634",1350569.30566401,2872754.90671088,1818998.15464012,1665275.37730304,1643389.50329074,5813833.71652432,86833.0977025347,26351.9527248318,15668.0853185714,803721.599596489,741011.537650639,16838407.2371262,"California","Jimmy Gomez","Democrat","CA","06",3565502.96695298,7584072.95371671,4802155.12824991,4396326.99608002,4338548.28868757,15348521.0116242,229239.377934692,69569.155193556,41363.7452410285,2121825.02293473,1956270.45939769,44453395.1060131,18.7579070231112,39.8993737043177,25.2638632588905,23.1288246847644,22.8248542123715,80.7476905072822,1.20601524586854,0.365999343400442,0.217612296091269,11.1627999943957,10.2918269118144,233.866767182308
"0635",876116.65458055,984789.487322093,1231305.85779183,743436.268873431,556162.124345124,2253692.33252155,125377.592410169,46441.8824793034,14348.4651500396,313307.712164667,362503.931377313,7507482.30901607,"California","Norma J. Torres","Democrat","CA","06",2312947.96809265,2599844.24653033,3250647.46457043,1962671.74982586,1468268.00827113,5949747.7578569,330996.843962846,122606.569745361,37879.9479961045,827132.36011472,957010.378836107,19819753.2958024,12.1682868691743,13.6776317683624,17.1014702471087,10.3255037343532,7.72447394923783,31.3012823961327,1.74135545014124,0.645026145545881,0.199284238194994,4.35149600228704,5.03477682468491,104.270587625223
"0636",1303557.96112264,1875258.73537928,1708710.02716728,1408759.3307402,1570909.84471434,3843087.19788938,301267.555195626,28636.9626301261,15426.9948712969,832971.682927764,636951.14867905,13525537.441317,"California","Ted Lieu","Democrat","CA","06",3441393.01736377,4950683.0614013,4510994.47172161,3719124.63315413,4147201.99004586,10145750.202428,795346.345716454,75601.5813435328,40727.2664602239,2199045.2429293,1681551.03251269,35707418.8450768,18.1049716822589,26.0452602136011,23.7320837106566,19.5661018158361,21.8181922876992,53.376211081797,4.18427159993926,0.397735592085084,0.214263817656902,11.5690511517745,8.84654373165347,187.854686684958
"0637",1778012.4572344,4598906.95877359,1982502.83101014,2544127.83935036,2261712.58678948,3927185.29310481,154280.804520622,34301.6069837735,12752.9777788143,1202837.81475828,965084.91355543,19461706.0838597,"California","Sydney Kamlager-Dove","Democrat","CA","06",4693952.88709883,12141114.3711623,5233807.47386678,6716497.49588495,5970921.22912423,10367769.1737967,407301.323934442,90556.242437162,33667.8613360699,3175491.83096185,2547824.17178634,51378904.0613896,24.6946174615889,63.8737077607443,27.5347615418075,35.3351088798661,31.4126748165206,54.5442401820112,2.1427889516753,0.476411208107965,0.177124691372421,16.7060807605316,13.4039571327143,270.30147338694
"0638",711561.366799841,1231225.40776945,1402651.34404548,792965.981276783,710111.77373922,2986187.08631888,64292.1907497858,32722.1871634491,13954.7339719959,351450.152291856,446482.497280311,8743604.72140705,"California","Linda T. Sánchez","Democrat","CA","06",1878522.00835158,3250435.07651134,3702999.54828007,2093430.19057071,1874695.08267154,7883533.90788186,169731.383579435,86386.5741115057,36840.4976860693,927828.4020505,1178713.79282002,23083116.4645146,9.88279676110891,17.1003528856867,19.4812686672983,11.013416406622,9.86266352415583,41.4748206433178,0.892947093747025,0.454474821714571,0.193815749611055,4.88125211516466,6.20114579555987,121.438954463987
"0639",3138922.10035893,2796592.97741162,1938763.38738593,2687976.22255235,1324552.010648,3846156.05656171,28322.685175494,36961.5023631551,19956.5985164644,764372.02447779,585883.830248348,17168459.3956998,"California","Mark Takano","Democrat","CA","06",8286754.34494759,7383005.46036667,5118335.34269886,7096257.2275382,3496817.30811071,10153851.9893229,74771.8888633042,97578.3662387295,52685.4200834661,2017942.14462137,1546733.31185564,45324732.8046474,43.596140282763,38.8415691307169,26.927269269249,37.3330030910048,18.3965557034444,53.4188341189126,0.393370627437417,0.513354199488266,0.277174979395339,10.6162781177471,8.13727542011594,238.450824940275
"0640",1351244.62844115,1872017.60541042,2126424.01893878,1666866.56640766,1169119.74356395,3464889.19957432,84724.2599829388,80636.5569360176,23001.313648434,740577.565117016,620838.768924294,13200340.226945,"California","Young Kim","Republican","CA","06",3567285.81908464,4942126.47828351,5613759.40999839,4400527.73531621,3086476.12300883,9147307.48687621,223672.046354958,212880.510311086,60723.4680318657,1955124.77190892,1639014.34996014,34848898.1991348,18.7672865061271,26.0002445195892,29.5336669297053,23.1509245334397,16.237774216166,48.1234611051989,1.17672583309637,1.11995217966691,0.319462689561583,10.2857995155141,8.62276067950409,183.338058707569
"0641",963094.550766869,1239178.47684957,1052307.6381913,985389.314390791,627736.077867985,1593148.51826662,41729.8804348786,27955.9442037726,29385.4804111352,319162.564197304,354151.317142282,7233239.76272251,"California","Ken Calvert","Republican","CA","06",2542569.61402453,3271431.17888286,2778092.16482503,2601427.78999169,1657223.24557148,4205912.08822389,110166.884348079,73803.6926979596,77577.668285397,842589.169480882,934959.477255625,19095752.9735874,13.3763132050954,17.2108121784662,14.6153838637681,13.6859626998721,8.71855663705535,22.1270627537031,0.579581672706647,0.388277002830175,0.408131672376878,4.43281339162922,4.91876829364281,100.461663371146
"0642",747354.377780658,1369318.7901889,1260746.64096478,872748.22895073,771230.768425559,2017018.61559861,72927.2039331387,20799.5900225857,11874.9969482969,483110.495026019,441836.770836285,8068966.47867557,"California","Robert Garcia","Democrat","CA","06",1973015.55734094,3615001.60609869,3328371.13214703,2304055.32442993,2036049.22864348,5324929.14518034,192527.818383486,54910.9176596263,31349.9919435039,1275411.70686869,1166449.07500779,21302071.5037035,10.3799219136202,19.0183165304014,17.5103700133998,12.1215031798713,10.711538450355,28.0141474388696,1.0128778324047,0.288883194758135,0.16493051317079,6.70986798647249,6.13662181717063,112.068978870494
"0643",929121.539768406,1822041.00764881,1208135.21239118,1080240.01105553,1038452.70413199,2082398.65538822,146612.776423263,19173.429942063,11468.4137747469,572077.149857456,521016.967885506,9430737.86826717,"California","Maxine Waters","Democrat","CA","06",2452880.86498859,4810188.26019286,3189476.96071272,2851833.62918661,2741515.13890847,5497532.45022489,387057.729757415,50617.8550470463,30276.6123653319,1510283.67562368,1375484.79521774,24897147.9722253,12.9044658301168,25.3061251062335,16.7796557276553,15.0033334868824,14.4229542240555,28.9222035470586,2.03628856143421,0.266297638084208,0.159283524649263,7.94551597024244,7.23634677618759,130.9824703926
"0644",633853.63900363,1239481.57321381,1044012.19722944,748929.473550615,727171.491140454,1596017.75395314,94429.6905010684,16762.9371918409,10990.1066306691,412618.438744943,429939.711310579,6954207.0124702,"California","Nanette Diaz Barragan","Democrat","CA","06",1673373.60696958,3272231.35328446,2756192.20068573,1977173.81017362,1919732.7366108,4213486.87043629,249294.382922821,44254.15418646,29013.8815049664,1089312.67828665,1135040.83785993,18359106.5129213,8.80352276393931,17.2150218501918,14.5001694059645,10.4017982437585,10.0996040436174,22.1669132493492,1.31152347918151,0.232818572108901,0.152640369870404,5.73081164923532,5.9713848793136,96.5862085065305
"0645",968709.400619082,1450686.84569573,1710107.30036341,1143424.20845503,927951.671738051,2844416.51518552,92058.2204124081,58092.1226769746,17739.4580406594,542258.591487246,475251.294515679,10230695.6291898,"California","Derek Tran","Democrat","CA","06",2557392.81763438,3829813.27263673,4514683.2729594,3018639.91032129,2449792.41338846,7509259.60008978,243033.701888757,153363.203867213,46832.1692273407,1431562.68152633,1254663.41752139,27009036.4610611,13.4542972308206,20.1484284124407,23.7514902828251,15.8808917840977,12.8882176630285,39.5057849331322,1.27858639461678,0.806835037180203,0.246381361675825,7.53136932621175,6.60071242382887,142.092994849858
"0646",990627.508960196,1545165.09753351,1526074.67634308,1237341.86784196,913507.967849254,2541518.37507871,48623.9626154854,59748.139026099,16590.8398680129,567961.518757208,451220.854895663,9898380.80876918,"California","J. Luis Correa","Democrat","CA","06",2615256.62365492,4079235.85748846,4028837.14554574,3266582.53110277,2411661.03512203,6709608.51020781,128367.261304881,157735.087028902,43799.8172515539,1499418.40951903,1191223.05692455,26131725.3351506,13.7587154022249,21.460626354632,21.1954816158762,17.1853037200272,12.687610664573,35.2988663205377,0.675332814103963,0.829835264251376,0.230428331500179,7.88835442718345,6.26695631799532,137.477511232905
"0647",1961254.11687178,2777940.35957796,2776386.67021665,2624884.1273424,1533039.4954785,4691196.79396725,103514.589899875,75284.3457012605,24289.6532288894,1209446.45166224,670789.115005548,18448025.7189523,"California","Dave Min","Democrat","CA","06",5177710.86854151,7333762.54928581,7329660.80937194,6929694.09618395,4047224.26806323,12384759.5360735,273278.517335669,198750.672651328,64124.684524268,3192938.6323883,1770883.26361465,48702787.8980342,27.2396405121081,38.5825049941383,38.5609259752312,36.4567239908667,21.2922152149791,65.1555110273229,1.43770263749826,1.04561591251751,0.337356294845686,16.7978673841977,9.31651548618817,256.222579429894
"0648",1207687.47009939,3047508.14378381,1357634.36838187,2187756.44347583,2968035.03363069,1929774.53511031,24705.6413343214,129074.284296417,263767.03898074,406350.958186056,873938.525407233,14396232.4426867,"California","Darrell Issa","Republican","CA","06",3188294.92106238,8045421.49958927,3584154.73252814,5775677.01077619,7835612.48878503,5094604.77269122,65222.8931226085,340756.110542542,696344.982909154,1072766.52961119,2307197.70707509,38006053.6486928,16.7734370847137,42.3265019969974,18.8560328941927,30.3855061593865,41.2227088004263,26.8024240987543,0.343133907421131,1.7926983930058,3.66343109695472,5.64376330813966,12.1380350751005,199.947672815093
"0649",1373457.84656237,3735914.6595571,1774282.54298073,2645625.20442497,3754261.79993649,2946260.21411486,35075.9170805624,145143.161264742,135009.961867545,556702.654365604,896788.920156702,17998522.8823117,"California","Mike Levin","Democrat","CA","06",3625928.71492465,9862814.70123075,4684105.91346914,6984450.53968191,9911251.15183234,7778126.96526324,92600.4210926848,383177.945738918,356426.299330319,1469695.0075252,2367522.74921369,47516100.4093028,19.0758034244773,51.8877036049597,24.6428130969546,36.7447945059023,52.142524999118,40.9202807515953,0.487165515007812,2.01587723978808,1.87513835927146,7.73198131063339,12.4554016688431,249.979484476551
"0650",3567748.69616505,12054438.2579962,3446552.8329848,8242189.93031133,11436015.2200979,6199076.44518501,63746.1411795128,458891.046258282,410765.32017179,1172426.93759574,1461111.37164658,48512962.1995922,"California","Scott H. Peters","Democrat","CA","06",9418856.55787574,31823717.0011099,9098899.47907987,21759381.4160219,30191080.1810585,16365561.8152884,168289.812713914,1211472.36212186,1084420.44525352,3095207.11525275,3857334.02114698,128074220.206923,49.5520652245146,167.42275358328,47.8687893470111,114.474860143213,158.833544723582,86.098283960903,0.885363071937678,6.37348675358725,5.70507389127486,16.2837074666075,20.2932134950914,673.791141661003
"0651",3146401.39801841,9393524.20102014,3145321.9841577,6672471.699635,8721428.76053622,4929581.90108421,45554.0421316279,392359.229870552,566485.29676611,1051194.93273001,1304548.78301578,39368872.2289658,"California","Sara Jacobs","Democrat","CA","06",8306499.69076861,24798903.8906932,8303650.03817633,17615325.2870364,23024571.9278156,13014096.2188623,120262.671227498,1035828.36685826,1495521.18346253,2775154.62240722,3444008.78716167,103933822.68447,43.7000194169224,130.465613903058,43.6850275577458,92.6732180504861,121.130955007448,68.4664152928363,0.632695029605943,5.44943374820211,7.86785134397376,14.5999296212501,18.1187330974414,546.789892068969
"0652",1540883.12818273,3986160.78225044,1713373.00605577,2848897.81828885,4685309.01599644,2380760.80307793,24047.1875029714,210182.591607816,444365.861531418,495318.170273166,769974.398600489,19099272.763368,"California","Juan Vargas","Democrat","CA","06",4067931.45840241,10523464.4651412,4523304.73598722,7521090.24028257,12369215.8022306,6285208.52012574,63484.5750078446,554882.041844635,1173125.87444294,1307639.96952116,2032732.41230529,50422080.0952916,21.4011545580935,55.3633441979228,23.7968473063301,39.5680252540118,65.0737363332838,33.0661222649713,0.333988715319048,2.91920266121967,6.17174807682525,6.87941903157175,10.6940888694512,265.267677269
"0801",2615298.05085565,1519980.4002688,2039142.25466837,1928638.23655935,7816371.26295506,2246179.73088695,91126.2767048081,106719.064287945,40495.3442532299,688916.112318344,770816.626744838,19863683.3605033,"Colorado","Diana DeGette","Democrat","CO","08",6904386.85425892,4012748.25670963,5383335.55232451,5091604.9445167,20635220.1342013,5929914.48954154,240573.370500693,281738.329720174,106907.708828527,1818738.53652043,2034955.89460637,52440124.0717288,36.3235840396618,21.1108388926222,28.3214202037274,26.7866421744355,108.560711985487,31.1969407067631,1.26564273201122,1.48220922622145,0.562435336850416,9.56827933775477,10.7057864825672,275.884491118102
"0802",11772681.4197057,7534338.88541087,8573089.25419856,9815173.76658431,72361805.8998933,14125206.8797926,505786.494630608,653708.484108416,310482.045184473,2650287.68040976,4337176.71344964,132639737.523368,"Colorado","Joe Neguse","Democrat","CO","08",31079878.9480232,19890654.6574847,22632955.6310842,25912058.7437826,191035167.575718,37290546.1626526,1335276.34582481,1725790.39804622,819672.599287008,6996759.47628178,11450146.523507,350168907.061692,163.50946416258,104.643595630707,119.070684086091,136.321857869227,1005.02508194296,196.183428886009,7.02481242542512,9.07928450150578,4.31225062756212,36.8095511168023,60.2385654645783,1842.21857671345
"0803",738326.100700045,268076.32867377,1095674.5276255,352201.831532974,1461073.01349732,1144745.66205809,108289.632296261,17472.5275919141,5528.85517249149,190000.427853771,291621.706476601,5673010.61347873,"Colorado","Jeff Hurd","Republican","CO","08",1949180.90584812,707721.507698754,2892580.75293131,929812.835247052,3857232.75563292,3022128.54783335,285884.62926213,46127.4728426532,14596.1776553775,501601.129533957,769881.305098226,14976748.0195838,10.2545291763895,3.72328234269126,15.2177017725763,4.89169210462464,20.2926807430183,15.8992453063623,1.50402267078141,0.24267399433214,0.076789655173493,2.63889483130238,4.05030147884167,78.7918140760935
"0804",2000340.83139471,1233815.4114929,1570144.76979621,1555727.04347166,5515567.00382515,2221814.07695487,96002.2560723841,130566.417043804,40919.9804982744,446162.206083247,1018748.98327778,15829808.979911,"Colorado","Lauren Boebert","Republican","CO","08",5280899.79488203,3257272.68634126,4145182.19226199,4107119.39476519,14561096.8900984,5865589.16316085,253445.956031094,344695.340995642,108028.748515444,1177868.22405977,2689497.31585333,41790695.706965,27.7825115471487,17.1363251596236,21.8075662471696,21.6073200482176,76.6050972753493,30.8585288465954,1.333364667672,1.81342245894172,0.568333062476033,6.19669730671176,14.1492914344135,219.858458054319
"0805",692973.515554061,850826.580147135,2326199.49148856,730045.726980337,2468778.07277807,721347.008337961,61028.8480666959,25654.0633595629,10754.7171024573,261909.20842741,411858.39440704,8561375.62664929,"Colorado","Jeff Crank","Republican","CO","08",1829450.08106272,2246182.17158844,6141166.6575298,1927320.71922809,6517574.11213411,1904356.10201222,161116.158896077,67726.7272692461,28392.4531504872,691440.310248362,1087306.16123458,22602031.6543541,9.62463216047307,11.8170358353769,32.3083262706744,10.139523985838,34.2885843441399,10.0187084491383,0.847622889815221,0.356306435549485,0.149371070867462,3.63762789482514,5.72025547787555,118.907994814573
"0806",1488819.14473655,874073.474514,1170684.52041866,967566.393685733,4894606.4155881,1026972.22707631,62807.4131445611,76003.1153811314,17072.5230213654,354954.389557048,555179.081659232,11488738.6987827,"Colorado","Jason A. Crow","Democrat","CO","08",3930482.5421045,2307553.97271696,3090607.13390526,2554375.27933033,12921760.9371526,2711206.67948146,165811.570701641,200648.224606187,45071.4607764046,937079.588430606,1465672.77558037,30330270.1647863,20.6780436768966,12.13990936825,16.2595072280369,13.4384221345241,67.9806446609458,14.2635031538377,0.872325182563349,1.05559882473794,0.237118375296741,4.92992207718122,7.71082057860044,159.565815260871
"0807",2377432.00856899,3727763.04876484,3234392.01139007,4326231.08123624,17809172.0512852,4454831.44803364,104961.092697349,401676.861860851,88493.1117589444,935403.31420642,1686553.95840491,39146909.9882074,"Colorado","Brittany Pettersen","Democrat","CO","08",6276420.50262213,9841294.44873919,8538794.91006979,11421250.0544637,47016214.2153928,11760755.0228088,277097.284721001,1060426.91531265,233621.815043613,2469464.74950495,4452502.45018897,103347842.368868,33.0198890079026,51.7744867884006,44.9221112693065,60.0865427949478,247.349611823405,61.8726590004672,1.45779295412984,5.57884530362293,1.229070996652,12.9917126973114,23.4243605334016,543.707083169548
"0808",2418509.06610218,2083158.82091131,2520289.21623447,2714375.60108153,13815870.5679764,3431224.63534148,110168.859988039,163854.197861109,72200.3252656024,718027.929513473,1341606.80565236,29389286.0259279,"Colorado","Gabe Evans","Republican","CO","08",6384863.93450976,5499539.28720587,6653563.53085899,7165951.58685523,36473898.2994576,9058433.03730151,290845.790368423,432575.082353328,190608.85870119,1895593.73391557,3541841.96692224,77587715.1084497,33.5904036958636,28.932761401546,35.0040168921454,37.6996611261323,191.887091221894,47.6558977130761,1.53012305538943,2.27575274807096,1.00278229535559,9.97261013213157,18.6334278562828,408.184528137888
"0901",4000121.78771991,784506.430938901,1732394.38639761,1063726.67916889,694171.512802587,1263565.60650204,93714.8675022445,38566.135292159,6815.07630517746,560322.417520487,347703.448539915,10585608.3486899,"Connecticut","John B. Larson","Democrat","CT","09",10560321.5195806,2071096.9776787,4573521.1800897,2808238.43300588,1832612.79379883,3335813.20116538,247407.250205926,101814.5971713,17991.8014456685,1479251.18225409,917937.104145377,27946006.0405414,55.5572470516654,10.8959226519292,24.0610331444113,14.7739816551235,9.64127101114705,17.5495223125283,1.30159538197562,0.535640767946653,0.0946538375719091,7.78225579889565,4.82921456305438,147.022338176249
"0902",4210202.98556419,1922034.27439361,3362921.97776274,3367825.28053609,2102626.6168159,3153070.57928733,200131.940991156,88767.771529676,20583.3398683894,1263009.60398219,545386.540308471,20236560.9110397,"Connecticut","Joe Courtney","Democrat","CT","09",11114935.8818895,5074170.48439912,8878114.02129362,8891058.74061529,5550934.26839397,8324106.32931854,528348.324216651,234346.916838345,54340.0172525481,3334345.35451298,1439820.46641436,53424520.8051449,58.4750414661693,26.694920477689,46.7072496911491,46.7753511185569,29.2031474557763,43.7926469345462,2.77961029154383,1.23288571568994,0.285879720394298,17.5418000553082,7.57481305983987,281.063345986663
"0903",5270396.91900811,3146565.20140406,4131996.47689274,2762177.68545472,1231445.2744023,4920209.12398929,178941.228107868,109315.91482138,15025.2150192311,2017723.49363927,562489.004369662,24346285.5371086,"Connecticut","Rosa L. DeLauro","Democrat","CT","09",13913847.8661814,8306932.13170671,10908470.6989968,7292149.08960045,3251015.52442208,12989352.0873317,472404.842204771,288594.015128444,39666.5676507702,5326790.02320768,1484970.97153591,64274193.8179668,73.1999572084459,43.7022944639452,57.3888399568436,38.3635789646488,17.1034065889209,68.3362378331846,2.4852948348315,1.51827659474139,0.208683541933766,28.0239374116566,7.81234728291197,338.142854682064
"0904",1118656.04289217,762216.45554283,1323242.69611933,599358.333041009,394353.215609381,1164180.48744463,63088.7224890964,74956.6148412995,4593.73198939957,400546.470845039,292707.607115207,6197900.37792939,"Connecticut","James A. Himes","Democrat","CT","09",2953251.95323532,2012251.44263307,3493360.71775504,1582305.99922826,1041092.48920877,3073436.48685382,166554.227371215,197885.463181031,12127.4524520149,1057442.6830309,772748.082784146,16362456.9977336,15.5368894846134,10.5863396603171,18.3783707794352,8.32442129223624,5.47712799457473,16.1691734367309,0.876232256793006,1.04106409501805,0.0638018331861051,5.56314542840332,4.06538343215565,86.0819496934638
"0905",3270423.54113021,843952.975780809,2136138.17427597,843897.292718488,512832.733412446,1361318.98147166,119834.239464029,35219.8769027956,5777.6325035598,497452.105638328,268951.17111215,9895798.72441045,"Connecticut","Jahana Hayes","Democrat","CT","09",8633918.14858375,2228035.85606134,5639404.78008857,2227888.85277681,1353878.41620886,3593882.11108518,316362.392185036,92980.4750233805,15252.9498093979,1313273.55888519,710031.091736075,26124908.6324436,45.422549182364,11.7215691080668,29.668585753833,11.7207957322012,7.12267685295064,18.9072080759953,1.6643644370004,0.489164956983273,0.0802448958827751,6.90905702275456,3.73543293211319,137.441648950145
"1000",2911238.45318785,2911903.65664213,3826496.69176657,5136110.31739381,5573432.06869336,6191032.59895403,6418780.26222388,520091.320148107,14305.7348008952,981503.983708854,2022563.85597661,36507458.9434961,"Delaware","Sarah McBride","Democrat","DE","10",7685669.51641592,7687425.65353522,10101951.2662637,13559331.2379197,14713860.6613505,16344326.0612386,16945579.892271,1373041.085191,37767.1398743633,2591170.51699137,5339568.57977825,96379691.6108297,40.4338674053868,40.4431063422518,53.1457873856468,71.3348655193585,77.4087787318523,85.9865638743615,89.1497258642206,7.2234905576126,0.198690761123544,13.6319997737341,28.0911646663418,507.04804088189
"1198",2678620.64632485,8763388.3425866,8262874.2437261,5224549.58928431,11895294.4334744,6714656.41563677,3465526.99964549,667302.251291043,85192.5454694563,4654756.37565016,2708041.70998176,55120203.5530709,"District of Columbia","Eleanor Holmes Norton","Democrat","DC","11",7071558.5062976,23135345.2244286,21813988.0034369,13792810.9157106,31403577.3043723,17726692.9372811,9148991.27906409,1761677.94340835,224908.320039365,12288556.8317164,7149230.11435185,145517337.380107,37.2030645322896,121.713726980369,114.762142273974,72.5631887400599,165.212422687144,93.259116883844,48.1323194395207,9.26808682348671,1.18322979818689,64.6493941062522,37.6116904164134,765.55838268154
"1201",75839.2972469608,176338.690021843,692093.819248882,105431.040560227,85209.1853286344,780635.958067445,80511.2909318666,10371.148890409,4303.57994684273,201268.669865744,103542.269785854,2315544.94989471,"Florida","Jimmy Patronis","Republican","FL","12",200215.744731976,465534.141657666,1827127.68281705,278337.947079,224952.249267595,2060878.92929806,212549.808060128,27379.8330706797,11361.4510596648,531349.288445563,273351.592234654,6113038.66772203,1.05332357287445,2.4491484725256,9.61241415623447,1.46432000778094,1.18346090734214,10.8421660842701,1.1182123740537,0.144043734589014,0.059771943706149,2.79539819257977,1.43808708035908,32.1603465263154
"1202",1517990.28016973,1654072.55461556,4226139.67138485,2856083.63180788,2575018.88287697,34591019.82657,26845.2935700273,109599.534196132,9566.2014748192,714867.342029965,2111572.07641275,50392775.2951087,"Florida","Neal P. Dunn","Republican","FL","12",4007494.33964808,4366751.54418508,11157008.732456,7540060.78797281,6798049.8507952,91320292.3421447,70871.5750248721,289342.770277789,25254.7718935227,1887249.78295911,5574550.28172967,133036926.779087,21.0831983356907,22.9732299252161,58.6963843247896,39.6678282195539,35.764151151069,480.430830924583,0.372851299583712,1.52221575272406,0.132863909372489,9.92871308374952,29.3273899501771,699.899656876509
"1203",10165916.1997892,5819146.10288782,4843369.30557928,7386861.86556968,1696669.9204436,6446476.92022641,13723.918117826,247878.469231062,30585.8546095065,1691484.5797605,1219894.57191431,39562007.7081292,"Florida","Kat Cammack","Republican","FL","12",26838018.7674435,15362545.7116238,12786494.9667293,19501315.325104,4479208.58997111,17018699.0693977,36231.1438310607,654399.158770004,80746.6561690973,4465519.29056771,3220521.66985378,104443700.349461,141.193280552628,80.8214736512197,67.2690181330456,102.595303688468,23.5648600061611,89.5344016698113,0.190609973858695,3.44275651709809,0.424803536243146,23.4928413855624,16.9429801654765,549.472329279572
"1204",421611.58101018,354837.302435818,664601.071271717,462344.159069743,203955.662858687,525333.130872451,23843.5500238119,12873.4062110812,1959.9055725105,79864.7022491888,209057.167603564,2960281.63917875,"Florida","Aaron Bean","Republican","FL","12",1113054.57386688,936770.478430559,1754546.82815733,1220588.57994412,538442.949946933,1386879.46550327,62946.9720628634,33985.7923972544,5174.15071142773,210842.813937859,551910.922473408,7815143.52743191,5.85571640291917,4.92829586716414,9.23057043432941,6.42144665374643,2.83271753970398,7.2962934843396,0.331160416997387,0.178797308487239,0.0272209107293125,1.10923197568318,2.90357177227172,41.1150227663716
"1205",253177.7370844,247484.333363151,584824.949143019,306142.710249104,157406.099440258,388526.273731829,43030.6102274897,7017.96193233509,1103.27565923543,43783.4480908059,217583.320894385,2250080.71981601,"Florida","John H. Rutherford","Republican","FL","12",668389.225902817,653358.640078718,1543937.86573757,808216.755057634,415552.102522282,1025709.36265203,113600.811000573,18527.4195013646,2912.64774038153,115588.302959728,574419.967161176,5940213.10031427,3.51635745950556,3.43728240782154,8.12256873809749,4.25198208679311,2.18619582555915,5.3961982462754,0.59764736427069,0.0974716935046541,0.0153232730449365,0.608103445705638,3.02199056797756,31.2511211085557
"1206",545153.235484213,448547.095761526,983338.501154449,1021622.72377751,520638.090350693,876138.660294244,15135.149846591,33014.1666258599,2123.84121988921,99250.6480538309,297856.953476631,4842819.06604544,"Florida","Randy Fine","Republican","FL","12",1439204.54167832,1184164.33281043,2596013.64304775,2697083.99077263,1374484.55852583,2313006.0631768,39956.7955950004,87157.39989227,5606.94082050752,262021.710862114,786342.357178306,12785042.33436,7.57157271505852,6.22982077446565,13.6574791827007,14.1892044969099,7.23108458820407,12.1685925040867,0.210210414535987,0.458530092025831,0.0294977947206835,1.37848122296987,4.13690213161987,67.2613759172978
"1207",390123.496277401,903876.279862505,1242799.40997111,2005786.67028882,446091.418435167,4531367.97910065,30048.6084976362,49199.0399251109,777.181372099254,224965.15097538,825965.787189101,10651001.021895,"Florida","Cory Mills","Republican","FL","12",1029926.03017234,2386233.37883701,3280990.44232373,5295276.80956248,1177681.34466884,11962811.4648257,79328.3264337595,129885.465402293,2051.75882234203,593907.998575004,2180549.67817923,28118642.6978028,5.41838189274169,12.5538372203126,17.2611029162654,27.8581481984558,6.19571414493287,62.935666376398,0.417341784689391,0.683319998959873,0.0107941857236007,3.12451598576917,11.4717470442931,147.930569748541
"1208",176689.887619244,362002.812717348,716757.970245328,798739.228482769,448990.229952744,1079984.56888677,12544.3124550277,12376.5370399858,229.017267873577,146833.36394885,513433.269979766,4268581.19859571,"Florida","Mike Haridopolos","Republican","FL","12",466461.303314805,955687.425573798,1892241.04144767,2108671.56319451,1185334.20707524,2851159.26186108,33116.9848812731,32674.0577855625,604.605587186243,387640.080824963,1355463.83274658,11269054.3642927,2.45402621693395,5.0278168432965,9.95497180896289,11.093600395594,6.23597541601033,14.9997856789829,0.174226561875385,0.171896347777581,0.00318079538713301,2.03935227706736,7.13101763860786,59.285849980496
"1209",155509.097657364,311177.394953874,453858.277881204,628117.372223023,107570.419226929,1465290.41279492,39756.7180426241,15624.2574014179,297.415179930085,86354.5531925512,2279558.14546415,5543114.06401799,"Florida","Darren Soto","Democrat","FL","12",410544.01781544,821508.322678227,1198185.85360638,1658229.86266878,283985.906759093,3868366.6897786,104957.735632528,41248.0395397433,785.176075015425,227976.020428335,6018033.50402536,14633821.1290075,2.1598485785745,4.32190826324825,6.3035871927945,8.72385239198643,1.49403360037402,20.3512557332628,0.55217663948089,0.217003575019693,0.00413076638791785,1.19936879434099,31.6605297981132,76.9876953335832
"1210",456158.67782662,1076138.58216788,1192447.84086467,2124999.75757323,260628.85157522,5492834.53145918,70677.2023341118,49616.1504231058,371.534320494925,278779.556822099,996016.651408393,11998669.336775,"Florida","Maxwell Frost","Democrat","FL","12",1204258.90946228,2841005.8569232,3148062.29988272,5609999.35999332,688060.16815858,14501083.1630522,186587.814162055,130986.637116999,980.850606106601,735978.030010342,2629483.95971816,31676487.049086,6.3355371920364,14.9463691967761,16.5617755675648,29.5138855218504,3.61984516076694,76.2893684924887,0.981627810195998,0.689113200320914,0.00516019889576284,3.87193828919582,13.8335646028944,166.648185232986
"1211",138646.67147191,187612.435574913,353992.044698429,358474.628551877,91208.0753127787,730032.892771485,28717.3927183251,9759.33406049374,633.817005376116,55820.9936039715,268067.176050989,2222965.46182055,"Florida","Daniel Webster","Republican","FL","12",366027.212685843,495296.829917771,934538.998003852,946373.019376955,240789.318825736,1927286.83691672,75813.9167763783,25764.6419197035,1673.27689419295,147367.423114485,707697.344774611,5868628.81920625,1.92564821488764,2.6057282718738,4.91655617636707,4.97881428544273,1.26677882378859,10.1393457329373,0.398852676643404,0.135546306395746,0.00880301396355717,0.775291577832938,3.7231552229304,30.8745203030632
"1212",151228.627154413,210116.507843058,419892.215347645,356982.801436405,396706.055463535,272413.196134168,38798.5849614862,20326.294475315,3578.06635671533,102025.779497446,389095.903692661,2361164.03236285,"Florida","Gus M. Bilirakis","Republican","FL","12",399243.575687649,554707.580705672,1108515.44851778,942434.59579211,1047303.98642373,719170.837794203,102428.264298323,53661.4174148315,9446.09518172846,269348.057873257,1027213.18574862,6233473.04543792,2.10039759936684,2.91828483115358,5.83183632427285,4.95809446439452,5.50980632588243,3.78351661297455,0.538869235576197,0.282309645490486,0.0496953660654906,1.41702471524231,5.40410977350918,32.7939448939284
"1213",153411.541914107,188839.149372673,428552.810931321,311134.014861496,329103.605250564,282578.043913922,31096.8748542762,16743.3495912326,3101.62928654389,98596.7137932884,241075.158924236,2084232.89269366,"Florida","Anna Paulina Luna","Republican","FL","12",405006.470653243,498535.354343857,1131379.42085869,821393.799234349,868833.517861488,746006.035932754,82095.7496152892,44202.442920854,8188.30131647586,260295.324414281,636438.419559984,5502374.83671126,2.13071585991815,2.62276596350935,5.95212237404613,4.32130576196522,4.57088340625783,3.92469505436003,0.431901039642725,0.232546522100452,0.0430781845353318,1.36939880268456,3.34826609616995,28.9476790651897
"1214",303246.357172759,525880.20048833,977552.063898152,903344.563285155,1123329.65949356,508086.519288355,87428.9846231816,56807.2542326722,10165.5423145869,306440.623007801,552584.469958085,5354866.23776263,"Florida","Kathy Castor","Democrat","FL","12",800570.382936084,1388323.72928919,2580737.44869112,2384829.64707281,2965590.30106299,1341348.41092126,230812.519405199,149971.151174255,26837.0317105093,809003.244740596,1458823.00068934,14136846.8676934,4.21175496073276,7.30389167344903,13.5771119985854,12.5464522678494,15.6018008262994,7.05675721233827,1.21429145309974,0.788989642120447,0.141188087702595,4.25611976399724,7.6747843049734,74.3731421911477
"1215",415132.129107406,868137.196136645,1471244.15506668,1537333.03969006,1887169.71573659,683730.454286935,147796.016858267,96492.2386041324,17627.6329450226,465481.303673057,897417.773116793,8487561.65522158,"Florida","Laurel M. Lee","Republican","FL","12",1095948.82084355,2291882.19780074,3884084.56937603,4058559.22478176,4982128.04954459,1805048.39931751,390181.484505825,254739.50991491,46536.9509748598,1228870.64169687,2369182.92102833,22407162.769785,5.76572401538064,12.0574610574534,20.4339465981483,21.351847773473,26.2106904963415,9.49625630954076,2.05272245636482,1.34016998061295,0.244828235347537,6.46501810657024,12.4641357377332,117.882800766966
"1216",194313.020909937,236708.5935892,467307.875876799,400429.44026411,495974.689293947,347298.528324175,35287.2441829008,24240.7819240675,3983.46572729513,122327.955822577,280205.385528898,2608076.98144391,"Florida","Vern Buchanan","Republican","FL","12",512986.375202234,624910.687075487,1233692.79231475,1057133.72229725,1309373.17973602,916868.114775822,93158.3246428581,63995.6642795381,10516.3495200592,322945.803371603,739742.21779629,6885323.23101191,2.69879195708246,3.28761935540555,6.49038716495554,5.5615200036682,6.88853735130481,4.8235906711691,0.4901006136514,0.336677526723159,0.0553259128790991,1.69899938642468,3.89174146567914,36.2232914089431
"1217",151811.648265007,85863.6134789973,286316.896473298,122821.828868959,255251.387477234,198939.726984573,9689.80393410126,6227.93659061876,748.298978613983,38578.4299433558,220428.661994664,1376678.23298942,"Florida","W. Gregory Steube","Republican","FL","12",400782.751419618,226679.939584553,755876.606689506,324249.628214052,673863.662939898,525200.879239273,25581.0823860273,16441.7525992335,1975.50930354092,101847.055050459,581931.667665913,3634430.53509207,2.10849511479176,1.1925501872083,3.97662356212913,1.7058587342911,3.54515815940603,2.76305176367462,0.134580610195851,0.0864991193141494,0.0103930413696387,0.535811526991052,3.06150919437033,19.120531013742
"1218",121126.383178377,100141.391723295,393477.38594666,230945.027742548,116435.888907003,277831.659861749,9035.04846808673,6336.60780643752,570.445718302553,60305.7080465907,195965.863911711,1512171.41131076,"Florida","C. Scott Franklin","Republican","FL","12",319773.651590915,264373.2741495,1038780.29889918,609694.873240326,307390.746714487,733475.582035019,23852.527955749,16728.644608995,1505.97669631874,159207.069242999,517349.880726917,3992132.52586041,1.68231087747746,1.39085266282355,5.46496369370361,3.20756982975761,1.61716512370837,3.85877305363541,0.125486784278982,0.0880084417560766,0.00792285719864656,0.83757927842487,2.72174810988487,21.0023807126494
"1219",132754.074176424,72254.1153112714,165516.059382567,99704.0005535262,372142.570907978,96332.1489327949,23005.1284814732,5128.33153178748,349.696999614854,75455.4411911218,284431.693983776,1327073.26145234,"Florida","Byron Donalds","Republican","FL","12",350470.75582576,190750.864421756,436962.396769976,263218.561461309,982456.387197063,254316.873182578,60733.5391910893,13538.795243919,923.200078983214,199202.364744562,750899.672117169,3503473.41023416,1.84380658578367,1.00352937932321,2.2988341580912,1.38477778546564,5.16864681816637,1.33794651295548,0.319515673353795,0.0712268268303817,0.00485690277242853,1.04799223876558,3.95044019421911,18.4315730757269
"1220",200264.330978254,336294.834538238,431533.607957686,375673.308266482,190233.81954974,263638.955178679,15978.1422173048,21830.3561519071,396.917642289126,88867.5420324581,147607.878647832,2072319.69316087,"Florida","Sheila Cherfilus-McCormick","Democrat","FL","12",528697.833782592,887818.363180949,1139248.72500829,991777.533823514,502217.283611313,696006.841671712,42182.2954536845,57632.1402410347,1047.86257564329,234610.310965689,389684.799630277,5470923.9899447,2.78144904136465,4.67076159080886,5.99352233274564,5.21768483703448,2.64213638263527,3.66165215525943,0.22191864190701,0.30319939099871,0.00551274503179342,1.23427141711747,2.05010942566434,28.7822179605677
"1221",108603.098816481,157376.280366268,1028369.34194293,198939.906108654,110070.395969068,237770.455277376,7792.09000728518,8759.61221170715,675.604523122364,32970.8763744075,206244.751577052,2097572.41317435,"Florida","Brian J. Mast","Republican","FL","12",286712.180875511,415473.380166947,2714895.06272934,525201.352126846,290585.845358339,627714.001932273,20571.1176192329,23125.3762389069,1783.59594104304,87043.1136284358,544486.144163418,5537591.17078029,1.50837637245113,2.18578167175372,14.2829075269852,2.76305425150908,1.52875549957039,3.302367434408,0.108223472323405,0.121661280718155,0.00938339615447727,0.457928838533438,2.86451043857017,29.1329501829771
"1222",254971.651114936,440068.522801063,399587.458265795,459253.309491093,213965.678932466,255636.926548547,9206.74866073537,11773.8286094132,772.778320720993,65353.8317557144,232713.567833688,2343304.30233417,"Florida","Lois Frankel","Democrat","FL","12",673125.158943431,1161780.90019481,1054910.8898217,1212428.73705648,564869.392381711,674881.486088165,24305.8164643414,31082.9075288508,2040.13476670342,172534.115835086,614363.819080935,6186323.35816221,3.54127293215189,6.11206281668143,5.54982580924716,6.37851818737629,2.9717455407287,3.55051286872982,0.12787150917688,0.163525397352961,0.010733032232236,0.907692107718255,3.23213288657899,32.5458930879746
"1223",403246.988258008,692386.598068728,661241.360789691,715721.718087633,286102.121193155,411945.252561911,17397.7974286826,20470.437967682,488.571057128107,114806.673293594,98824.5024404501,3422632.02114666,"Florida","Jared Moskowitz","Democrat","FL","12",1064572.04900114,1827900.61890144,1745677.19248479,1889505.33575135,755309.599949929,1087535.46676345,45930.1852117222,54041.9562346804,1289.8275908182,303089.617495087,260896.686442788,9035748.53582719,5.60065261469455,9.61648052873233,9.18390778874571,9.94057941788379,3.97364057212715,5.72146184113766,0.24163607539837,0.284311638440027,0.00678570912677926,1.59453712907769,1.37256253389514,47.5365558492592
"1224",457661.671256253,834851.216056944,1053823.00406514,962745.022468957,467695.100143558,534199.725046666,10000.0082408054,97849.1106042816,1367.0849101899,137044.102854832,213989.862880495,4771225.90852812,"Florida","Frederica S. Wilson","Democrat","FL","12",1208226.81211651,2204007.21039033,2782092.73073197,2541646.85931805,1234715.06437899,1410287.2741232,26400.0217557262,258321.651995303,3609.10416290133,361796.431536757,564933.238004506,12596036.3985142,6.3564121007813,11.5951557785687,14.6364306120159,13.3714586454022,6.49576527977163,7.41944062564814,0.138889003344519,1.35901542505947,0.0189872904193041,1.90339031742823,2.97208142889576,66.267026507335
"1225",403719.987397631,763376.345081353,912228.412164122,866689.021046113,430021.961995125,406486.055010762,22384.8121471874,68581.5398210028,914.575562578791,183580.457864615,231211.375132492,4289194.54322298,"Florida","Debbie Wasserman Schultz","Democrat","FL","12",1065820.76672975,2015313.55101477,2408283.00811328,2288059.01556174,1135257.97966713,1073123.18522841,59095.9040685747,181055.265127447,2414.47948520801,484652.408762584,610398.03034978,11323473.5941087,5.60722204718932,10.602449237241,12.669839057835,12.0373475145294,5.9725272499323,5.64563965292725,0.310900168710936,0.952521386402817,0.0127024383691499,2.54972858145299,3.2112690990624,59.5721464336525
"1226",331316.29528351,577350.3467411,712527.621513971,675829.514825798,429619.535173206,341013.610484293,6600.54616629659,65378.3229982435,761.736374186396,96526.6751915612,446519.153234763,3683443.35798693,"Florida","Mario Diaz-Balart","Republican","FL","12",874675.019548465,1524204.9153965,1881072.92079688,1784189.91914011,1134195.57285726,900275.931678533,17425.441879023,172598.772715363,2010.98402785208,254830.422505722,1178810.56453978,9724290.46508549,4.60161521227097,8.01875481584861,9.89621696547182,9.38652103924719,5.96693798851674,4.73630014561518,0.0916742523096749,0.908032263864493,0.0105796718636999,1.34064826654946,6.20165490603838,51.1589355275962
"1227",1258498.46839348,2128860.80333859,2125270.77696799,2687355.76888645,2326396.1851034,1266426.94155539,5036.35844499507,301214.382178404,2604.26146201349,320806.722994879,344277.024576014,12766747.6939016,"Florida","Maria Elvira Salazar","Republican","FL","12",3322435.9565588,5620192.52081388,5610714.85119549,7094619.22986024,6141685.92867299,3343367.12570624,13295.986294787,795205.968950987,6875.25025971561,846929.748706481,908891.344880676,33704213.9119003,17.4791453943539,29.5675111574804,29.517649680111,37.3243856789785,32.3110581264362,17.5892630771582,0.0699494228471537,4.18353308581117,0.0361702980835207,4.45564893048443,4.78162534133352,177.315940193078
"1228",1000358.45448999,1682748.96987117,1723409.15761529,2012149.2592475,2425184.79660442,746681.500121501,5452.64505087073,149791.964138044,2292.70362163939,228417.710316818,325268.997238309,10301756.1583155,"Florida","Carlos A. Gimenez","Republican","FL","12",2640946.31985358,4442457.2804599,4549800.17610435,5312074.04441339,6402487.86303566,1971239.16032076,14394.9829342987,395450.785324436,6052.73756112798,603022.755236399,858710.152709136,27196636.257953,13.8938674234721,23.371513470433,23.9362383002123,27.9465174895485,33.6831221750613,10.3705763905764,0.0757311812620934,2.08044394636172,0.0318431058561026,3.17246819884469,4.51762496164318,143.079946643271
"1301",516903.723265498,188315.860886955,664658.33257176,176747.266405367,428412.091866047,180795.832373185,34720.4376990281,36569.6655359913,1771.93796086296,62175.0564109421,145118.832118057,2436189.03709369,"Georgia","Earl L. “Buddy” Carter","Republican","GA","13",1364625.82942091,497153.872741561,1754697.99798945,466612.78331017,1131007.92252636,477300.997465208,91661.9555254342,96543.917015017,4677.91621667822,164142.148924887,383113.71679167,6431539.05792735,7.17921837868747,2.61549806787438,9.23136573016334,2.45482314451899,5.95016794258399,2.51105322740535,0.48222830137539,0.507912021333212,0.02461024945643,0.863542450151974,2.01553933497301,33.8359588485235
"1302",410983.43761453,277895.093913024,1747586.68565007,364982.941298312,263955.293095297,869733.613199979,62909.4100451576,17325.0832773756,1632.46835901207,97355.1226973483,191312.766363342,4305671.91551345,"Georgia","Sanford D. Bishop Jr.","Democrat","GA","13",1084996.27530236,733643.047930383,4613628.8501162,963554.965027544,696841.973771583,2296096.73884794,166080.842519216,45738.2198522715,4309.71646779187,257017.523921,505065.703199222,11366973.8569555,5.70810330020181,3.85965408212533,24.2720373006955,5.06920751803211,3.66604573743468,12.0796335166664,0.873741806182745,0.240626156630216,0.0226731716529455,1.35215448190762,2.65712175504641,59.8009988265757
"1303",677705.515339497,789886.515543126,1116029.73725573,1125441.33271469,427866.622818955,829952.283944879,280274.602220539,31621.928396867,2950.95809954477,215693.69652052,254110.58019821,5751533.77305256,"Georgia","Brian Jack","Republican","GA","13",1789142.56049627,2085300.40103385,2946318.50635514,2971165.11836678,1129567.88424204,2191074.02961448,739924.949862223,83481.8909677287,7790.52938279818,569431.358814172,670851.931723273,15184049.1608588,9.41257660193745,10.9706460492101,15.5004130174408,15.6311296210374,5.9425919835966,11.52711505479,3.8927028086186,0.439193449956485,0.040985529160344,2.99574578500722,3.52931361386402,79.8824135146189
"1304",1686949.78577941,2193559.71372252,2727448.25359666,2969911.93946902,1006823.84150063,2539354.82987127,1162543.04612853,81653.6735721806,6757.5163875968,742931.462269042,834187.67570294,15952121.7379998,"Georgia","Henry C. “Hank” Johnson Jr.","Democrat","GA","13",4453547.43445765,5790997.64422746,7200463.38949517,7840567.52019821,2658014.94156165,6703896.75086016,3069113.64177931,215565.698230557,17839.8432632556,1961339.06039027,2202255.46385576,42113601.3883194,23.4298581358252,30.466107135035,37.881225744398,41.2487769370697,13.9836644652865,35.2688170815455,16.1464311962295,1.13407879961362,0.0938543942721778,10.3184925315145,11.5859399403186,221.557246361108
"1305",3234635.53694521,5680080.048127,5968370.81349854,8251897.58716915,2305414.4786423,5708216.82245512,2294735.21595075,179275.202704022,16822.639981337,1501782.67407775,1194352.73866152,36335583.7582127,"Georgia","Nikema Williams","Democrat","GA","13",8539437.81753535,14995411.3270553,15756498.9476361,21785009.6301265,6086294.22361568,15069692.4112815,6058100.97010997,473286.535138617,44411.7695507298,3964706.25956526,3153091.23006642,95925941.1216815,44.9254935686834,78.8900006684305,82.8940390763686,114.609688710683,32.0196455366987,79.2807892007655,31.8713224437604,2.48993337088919,0.23364777751857,20.8580926955243,16.58823248141,504.660885530732
"1306",1946011.48133305,3210567.63479336,3718384.44500624,4692966.13598068,1381332.13720721,3000012.07629713,1058128.35098352,109030.377174837,9147.71918286317,768133.501267861,756896.618424455,20650610.4776512,"Georgia","Lucy McBath","Democrat","GA","13",5137470.31071926,8475898.55585447,9816534.93481647,12389430.598989,3646716.84222704,7920031.88142443,2793458.84659649,287840.195741569,24149.9786427588,2027872.44334715,1998207.07264056,54517611.6609992,27.0279372407369,44.5912171499078,51.6442284028644,65.1800852219538,19.1851685723224,41.6668343930157,14.6962270969933,1.51431079409495,0.127051655317544,10.6685208509425,10.512453033673,286.814034411822
"1307",1094249.33363445,1181514.00519292,1395121.04307376,1651345.42497245,664517.709650303,1198825.64141504,360501.827225189,45820.7780737373,4585.25172066492,355302.825557426,492265.502116763,8444049.34263271,"Georgia","Richard McCormick","Republican","GA","13",2888818.24079494,3119196.97370931,3683119.55371473,4359551.92192728,1754326.7534768,3164899.6933357,951724.823874498,120966.854114666,12105.0645425554,937999.459471605,1299580.92558825,22292290.2645504,15.1979074115896,16.4099167387906,19.3766811538023,22.9353531246174,9.22941263403199,16.6503561307644,5.00696982257207,0.636399695468573,0.0636840516759016,4.93476146607536,6.83702086273282,117.278463092121
"1308",474716.57133296,200937.857511726,827306.566015176,284178.12427598,189713.84711957,261214.270641007,42578.4052791468,48137.7296098851,1206.50622761488,76491.1443862035,235207.232214638,2641688.25461391,"Georgia","Austin Scott","Republican","GA","13",1253251.74831901,530475.943830958,2184089.33428007,750230.248088586,500844.556395664,689605.674492258,112406.989936948,127083.606170097,3185.17644090328,201936.621179577,620947.093046645,6974056.99218072,6.59328571295777,2.79080357655176,11.490368972433,3.94691839272194,2.63491454332736,3.62797598112509,0.59136673998815,0.668579577915071,0.0167570309390956,1.06237700536394,3.2667671140922,36.6901146474154
"1309",989318.365167913,554102.000065692,889700.522923419,699239.52039569,462450.676595496,650241.63158141,263953.376461915,32577.2305383542,3417.15889377158,217832.498024848,302147.707174426,5064980.68782294,"Georgia","Andrew S. Clyde","Republican","GA","13",2611800.48404329,1462829.28017343,2348809.38051783,1845992.33384462,1220869.78621211,1716637.90737492,696836.913859457,86003.888621255,9021.29947955697,575077.7947856,797669.946940486,13371549.0158526,13.7405328495543,7.6958611120235,12.3569517072697,9.7116600054957,6.42292606382633,9.03113377196403,3.6660191175266,0.452461535254919,0.047460540191272,3.02545136145623,4.19649593297814,70.3469539975408
"1310",5484602.03280515,1457144.13751194,2431777.30482224,1887470.45489679,2344479.02528182,1466255.46010815,181248.014326279,116888.330501545,18245.842395148,686650.110131331,781925.805007529,16856686.5177879,"Georgia","Mike Collins","Republican","GA","13",14479349.3666056,3846860.52303153,6419892.08473071,4982922.00092752,6189424.626744,3870914.41468553,478494.757821377,308585.19252408,48169.0239231908,1812756.29074671,2064284.12521988,44501652.4069601,76.1750282334049,20.2381130209992,33.7746847891978,26.214867429122,32.5622086844697,20.3646591681688,2.51733353230943,1.62344903474368,0.253414477710389,9.53680708515738,10.8600806251046,234.120646080388
"1311",1117593.43583852,1713389.74817461,1756508.90827966,2526298.12879449,755570.459931846,1514938.29055739,315102.391159827,60151.3268686385,6464.61983786536,396069.932490808,510108.006058647,10672195.2479923,"Georgia","Barry Loudermilk","Republican","GA","13",2950446.67061369,4523348.93518098,4637183.51785829,6669427.06001746,1994706.01422007,3999437.08707152,831870.312661943,158799.502933206,17066.5963719646,1045624.62177573,1346685.13599483,28174595.4546997,15.5221310533128,23.7970798357585,24.3959570594397,35.0874740110346,10.4940341657201,21.0408095910749,4.37642209944204,0.835435095397758,0.0897863866370189,5.50097128459456,7.0848334174812,148.224933999893
"1312",984273.127901909,744660.604533964,1056831.23893172,502215.055091673,297671.593767634,430979.798125012,74981.0843613124,165092.629839059,2904.55979319567,89140.8011818282,515692.718485359,4864443.21201267,"Georgia","Rick W. Allen","Republican","GA","13",2598481.05766104,1965903.99596966,2790034.47077974,1325847.74544202,785853.007546553,1137786.66705003,197950.062713865,435844.542775116,7668.03785403658,235331.715120027,1361428.77680135,12842130.0797134,13.6704601097487,10.3425083963051,14.6782116518295,6.97520909849545,4.13432769121714,5.98583052951405,1.04140394946267,2.29295319220916,0.0403411082388288,1.23806668308095,7.16239886785221,67.5617112779537
"1313",1220234.46380665,1517239.35750885,1879298.02712779,2030458.7563284,718800.787068023,1834941.74831804,791073.528315748,58063.8835092897,5061.22076670659,524837.84714524,550942.726822524,11130952.3467173,"Georgia","David Scott","Democrat","GA","13",3221418.98444955,4005511.90382336,4961346.79161736,5360411.11670698,1897634.07785958,4844246.21555963,2088434.11475358,153288.652464525,13361.6228241054,1385571.91646343,1454488.79881146,29385714.1953336,16.9477008862035,21.0727688542896,26.1013614878859,28.2008160601167,9.98334426483365,25.4853020599728,10.9871323377187,0.806442826517913,0.0702947328709249,7.28941454368388,7.65198231697951,154.596560371073
"1314",776821.582539019,920106.930969603,1256034.86635386,1302580.24147348,450040.424398264,804649.502728304,151077.6636055,46291.3026615267,3804.51419136337,253668.837178325,294997.804181198,6260073.67028044,"Georgia","Vacant","Republican","GA","13",2050808.97790301,2429082.29775975,3315932.0471742,3438811.83748998,1188106.72041142,2124274.68720272,398845.031918521,122209.03902643,10043.9174651993,669685.730150779,778794.203038362,16526594.4895404,10.7891886463753,12.7792629301334,17.4449286993592,18.0913922426872,6.25056144997588,11.1756875378931,2.09830088340973,0.64293475918787,0.0528404748800468,3.52317829414341,4.09719172473886,86.9454676427839
"1501",2201826.0949746,3020545.74811839,5892652.5022367,810779.081516037,14488400.0197416,2351954.40937703,9409035.68946262,61754.7779006405,8005.1765233358,449501.843433375,627973.827732082,39322429.1710164,"Hawaii","Ed Case","Democrat","HI","15",5812820.89073293,7974240.77503254,15556602.6059049,2140456.77520234,38249376.0521178,6209159.64075537,24839854.2201813,163032.613657691,21133.6660216065,1186684.86666411,1657850.9052127,103811213.011483,30.5809179857583,41.952024279422,81.8423958643986,11.2608205766116,201.227778051966,32.6660334635699,130.681051242536,0.857705248620007,0.111183007268553,6.24308115879688,8.72185871850114,546.14484959745
"1502",495480.691448257,626012.018417267,1280682.85319061,165819.080292816,2919958.9945552,849449.089285297,1891241.11262794,12715.7321493195,1621.19287460343,103553.680635445,462044.550392164,8808578.99586893,"Hawaii","Jill N. Tokuda","Democrat","HI","15",1308069.0254234,1652671.72862159,3381002.73242321,437762.371973034,7708691.74562574,2242545.59571318,4992876.53733777,33569.5328742036,4279.94918895306,273381.716877574,1219797.61303531,23254648.549094,6.88167627011468,8.69461136690649,17.7872618498696,2.30304278184466,40.5549860354889,11.7979040178513,26.2672376753881,0.176607390962771,0.0225165677028254,1.43824556438118,6.4172854221134,122.341374942624
"1601",5843453.34679097,1296649.67991446,3140295.86072486,1872368.52788765,1558457.40329058,1269542.37925341,12590739.1081858,171075.349621975,22100.2781702053,365815.844232919,1141988.89644338,29272486.6745162,"Idaho","Russ Fulcher","Republican","ID","16",15426716.8355282,3423155.15497418,8290381.07231364,4943052.91362339,4114327.54468712,3351591.881229,33239551.2456106,451638.923002014,58344.734369342,965753.828774906,3014850.68661052,77279364.8207228,81.1590742609857,18.0090233321453,43.6152202878453,26.005118442884,21.6452417123691,17.6325330451863,174.871376502581,2.37604652252743,0.306948307919518,5.0807756143461,15.8609568950469,406.562314923837
"1602",1374737.92643212,776567.971649264,2222586.81728,1186826.694042,882763.84393278,1154712.16204689,2441611.342311,93323.4015538416,10490.7842956785,334286.342201984,1421476.26446853,11899383.5502141,"Idaho","Michael K. Simpson","Republican","ID","16",3629308.1257808,2050139.44515406,5867629.19761919,3133222.47227087,2330496.54798254,3048440.1078038,6445853.94370103,246373.780102142,27695.6705405912,882515.943413238,3752697.33819692,31414372.5725652,19.0935823115572,10.7856662729064,30.8692613511111,16.4837040839166,12.2606089435108,16.037668917318,33.9112686432083,1.29615835491447,0.145705337439979,4.64286586391645,19.7427258953963,165.269215975196
"1701",1719297.22725187,5125146.571874,2411290.65123983,2598213.3530182,1189111.71229281,8388043.82635345,56028.404092984,383775.844379723,72159.3603012574,1727147.03231106,1233980.74008047,24904194.7231957,"Illinois","Jonathan L. Jackson","Democrat","IL","17",4538944.67994493,13530386.9497474,6365807.31927316,6859283.25196805,3139254.92045301,22144435.7015731,147914.986805478,1013168.22916247,190500.71119532,4559668.16530121,3257709.15381245,65747074.0692365,23.8791281562759,71.1825912760278,33.4901479338866,36.0862965696972,16.5154404485112,116.500608699354,0.778172279069222,5.33022006082948,1.00221333751746,23.9881532265425,17.1386213900066,345.891593377718
"1702",1715541.61724694,5682054.0141173,2155151.68107398,3052980.03396277,1113887.56018171,7147027.80862522,59494.8311891773,443400.267463719,49399.7397818312,1263382.81148173,939228.67411558,23621549.03924,"Illinois","Robin L. Kelly","Democrat","IL","17",4529029.86953193,15000622.5972697,5689600.43803531,8059867.28966171,2940663.15887972,18868153.4147706,157066.354339428,1170576.70610422,130415.313024034,3335330.62231177,2479563.69966513,62360889.4635935,23.8269669062075,78.9174168627402,29.9326622371386,42.4025004717051,15.4706605580793,99.2642751197947,0.826317099849685,6.15833704810721,0.686107496969877,17.5469834928018,13.0448426960497,328.077069989444
"1703",840333.678547071,2130790.24248714,1323284.76931315,1416037.41625107,395925.972487552,2728362.66735616,28624.6934006918,139394.995372329,13570.2286170093,926853.05741223,786929.228893843,10730106.9501382,"Illinois","Delia C. Ramirez","Democrat","IL","17",2218480.91136427,5625286.24016604,3493471.79098673,3738338.77890284,1045244.56736714,7202877.44182026,75569.1905778265,368002.787782948,35825.4035489045,2446892.07156829,2077493.16427974,28327482.348365,11.6713010909315,29.5943089234325,18.3789551293494,19.6671863368205,5.49897184010488,37.8939259355022,0.39756518612072,1.93604160239345,0.188475397458462,12.8729591307254,10.9295726235256,149.029263196365
"1704",755980.47631084,2013269.07638607,1146509.47779851,1213139.71572046,360442.237278285,2626562.03102691,14982.7074389278,130358.091754672,15456.5238170112,831805.06222037,634252.79223408,9742758.19198613,"Illinois","Jesús G. “Chuy” García","Democrat","IL","17",1995788.45746062,5315030.36165923,3026785.02138806,3202688.84950201,951567.506414674,6934123.76191104,39554.3476387694,344145.362232333,40805.2228769095,2195965.36426178,1674427.37149797,25720881.6268434,10.4997288376506,27.9620705053621,15.9237427472015,16.8491627183397,5.00614218442063,36.4800282087071,0.208093158873997,1.81052905214822,0.214673941902933,11.552848086394,8.80906655880667,135.316085999807
"1705",1407063.06657418,3936726.75461416,2538407.5705263,3104312.04702706,800173.538447447,6127896.14842395,62875.4304193401,275277.087968745,32422.3974648351,1936731.2031099,1493207.89744922,21715093.1420251,"Illinois","Mike Quigley","Democrat","IL","17",3714646.49575585,10392958.6321814,6701395.98618943,8195383.80415143,2112458.14150126,16177645.8318392,165991.136307058,726731.512237485,85595.1293071648,5112970.37621013,3942068.84926595,57327845.8949464,19.5425425913081,54.6767604807522,35.2556607017542,43.115445097598,11.1135213673257,85.1096687281105,0.873269866935279,3.82329288845478,0.450311075900488,26.8990444876375,20.7389985756837,301.59851586146
"1706",925519.839481867,2476876.86224636,1669145.16709917,1375891.2965391,516796.129063392,3505240.50996143,94775.1691293591,169371.010078016,24567.7090674452,852431.752764377,770393.449028426,12381008.8944589,"Illinois","Sean Casten","Democrat","IL","17",2443372.37623213,6538954.91633038,4406543.24114181,3632353.02286322,1364341.78072736,9253834.94629817,250206.446501508,447139.466605963,64858.7519380554,2250419.82729795,2033838.70543504,32685863.4813716,12.8544422150259,34.4010675311994,23.1825717652662,19.1096013408208,7.17772401476933,48.6838959716865,1.31632179346332,2.35237513997245,0.341218181492295,11.8393298995052,10.6999090142837,171.958456867485
"1707",1531265.25959175,4383988.04278213,2488173.65547352,2791597.62056488,852710.9288172,6691113.49616511,21852.5912094412,291087.8942906,45480.3209928437,1886187.14813381,1387723.98579375,22371180.943815,"Illinois","Danny K. Davis","Democrat","IL","17",4042540.28532223,11573728.4329448,6568778.45045008,7369817.71829129,2251156.85207741,17664539.6298759,57690.8407929249,768472.040927183,120068.047421107,4979534.07107325,3663591.3224955,59059917.6916717,21.2675730498855,60.8887228164185,34.5579674371322,38.7721891745123,11.8432073446833,92.9321318911821,0.303508211242239,4.04288742070277,0.631671124900607,26.1970437240807,19.2739442471354,310.710846441875
"1708",446671.756091217,1045303.12724745,734481.88096015,744557.020001489,219367.759624934,1284396.39987183,77478.2107066211,78273.3401455203,6154.34062585911,388218.365260514,496340.457471642,5521242.65800723,"Illinois","Raja Krishnamoorthi","Democrat","IL","17",1179213.43608081,2759600.25593328,1939032.1657348,1965630.53280393,579130.885409827,3390806.49566163,204542.47626548,206641.617984174,16247.4592522681,1024896.48428776,1310338.80772514,14576080.6171391,6.20377439015579,14.518098989548,10.2011372355576,10.3410697222429,3.0467744392352,17.8388388871087,1.07608625981418,1.08712972424334,0.0854769531369321,5.39192173972936,6.89361746488392,76.683925805656
"1709",1737864.58936681,5028996.72138072,3576386.97404223,5100680.35896663,925145.561480128,8324351.82472393,36612.1696391275,333843.930392012,26119.9629602879,2420656.27652428,1830569.49326341,29341227.8627396,"Illinois","Janice D. Schakowsky","Democrat","IL","17",4587962.51592839,13276551.3444451,9441661.6114715,13465796.1476719,2442384.28230754,21976288.8172712,96656.1278472967,881347.976234912,68956.70221516,6390532.57002411,4832703.4622154,77460841.5576325,24.1370081856502,69.8471766858434,49.6720413061421,70.8427827634254,12.8492439094462,115.61599756561,0.508502356098993,4.63672125544461,0.362777263337331,33.6202260628373,25.4245762953251,407.517053649161
"1710",809766.368056308,1401369.29341493,983999.358907583,1191685.32553698,269272.061922991,1884868.10963271,76048.962510529,103602.628354002,5727.72088194383,547112.030735652,709009.67748213,7982461.53743575,"Illinois","Bradley Scott Schneider","Democrat","IL","17",2137783.21166865,3699614.93461541,2597758.30751602,3146049.25941762,710878.243476696,4976051.80943035,200769.261027797,273510.938854565,15121.1831283317,1444375.76114212,1871785.54855282,21073698.4588304,11.2467551118932,19.4634624085407,13.6666577626053,16.5511850769025,3.73988974893043,26.1787237448987,1.05623559042401,1.43892539380558,0.0795516789158865,7.59877820466184,9.84735663169625,110.867521353274
"1711",440322.950433927,837229.491123122,837785.904318408,621262.919362953,251689.563873752,1210365.65190143,60396.1635922294,62591.6640315852,7331.94917144386,380260.575471007,554595.02836703,5263831.86164689,"Illinois","Bill Foster","Democrat","IL","17",1162452.58914557,2210285.85656504,2211754.7874006,1640134.1071182,664460.448626706,3195365.32101977,159445.871883486,165241.993043385,19356.3458126118,1003887.91924346,1464130.87488896,13896516.1147478,6.11559653380454,11.62818737671,11.6359153377557,8.6286516578188,3.49568838713545,16.8106340541865,0.83883560544763,0.869328667105351,0.101832627381165,5.28139688154177,7.70270872731986,73.1087758562067
"1712",438967.113692213,718827.856093221,483046.527131943,759384.399993566,121220.772868942,752838.455341117,26106.6441954544,44547.6860019215,843.044086549427,193013.449463143,294302.150000903,3833098.09886897,"Illinois","Mike Bost","Republican","IL","17",1158873.18014744,1897705.5400861,1275242.83162833,2004774.81598302,320022.840374007,1987493.52210055,68921.5406759997,117605.891045073,2225.63638849049,509555.506582699,776957.676002385,10119378.9810141,6.0967654679474,9.98372022351696,6.7089795434992,10.5470055554662,1.68362184540197,10.4560896575155,0.362592280492423,0.618717861137798,0.0117089456465198,2.68074235365477,4.08752986112366,53.2374735954024
"1713",5763123.80858806,21501139.6583311,4600216.3523374,11128957.4629397,2913083.23839328,14764220.9593933,49006.1761136506,1940578.63736307,20398.561290639,1198745.76827103,1339284.72938033,65218755.3524016,"Illinois","Nikki Budzinski","Democrat","IL","17",15214646.8546725,56763008.697994,12144571.1701707,29380447.7021609,7690539.74935827,38977543.3327984,129376.304940038,5123127.6026385,53852.2018072871,3164688.82823551,3535711.68556407,172177514.13034,80.0433862303898,298.626939699042,63.8918937824638,154.568853651941,40.4594894221289,205.058624436019,0.680641334911813,26.952481074487,0.283313351258876,16.649246781542,18.601176796949,905.816046561133
"1714",488792.107412091,906001.662710137,977920.32101594,729145.93106436,483197.960074477,1356360.30463204,90136.1749731534,74051.6479974247,9839.02045840801,300430.723241674,344012.393121749,5759888.24670145,"Illinois","Lauren Underwood","Democrat","IL","17",1290411.16356792,2391844.38955476,2581709.64748208,1924945.25800991,1275642.61459662,3580791.20422857,237959.501929125,195496.350713201,25975.0140101972,793137.109358019,908192.717841417,15206104.9712918,6.78877926961238,12.5833564265297,13.5822266807769,10.1270268203383,6.71108277881218,18.8383375643338,1.25189131907158,1.02849511107534,0.136653061922334,4.17264893391214,4.77794990446874,79.9984478708535
"1715",1450140.78927661,5084226.21672478,1496757.82492932,2718130.00705386,700183.005857824,3582241.37090851,24112.3432918223,453805.521965482,4938.28652581489,326695.660057346,359707.304784895,16200938.3313763,"Illinois","Mary E. Miller","Republican","IL","17",3828371.68369026,13422357.2121534,3951440.6578134,7175863.21862219,1848483.13546465,9457117.21919846,63656.5862904109,1198046.57798887,13037.0764281513,862476.542551393,949627.284632124,42770477.1948333,20.1408442955085,70.6142530100663,20.7883031240183,37.7518056535258,9.72476397024755,49.7533523737292,0.334893656830865,6.30285447174281,0.0685873128585401,4.53743972301869,4.9959347886791,225.013032380226
"1716",382275.181589564,602936.145583869,841315.442506398,402772.066342511,207405.150460516,949599.171996706,276059.914988764,58158.7866155847,3485.41216175803,120968.242321762,167006.062933158,4011981.57750059,"Illinois","Darin LaHood","Republican","IL","17",1009206.47939645,1591751.42434142,2221072.76821689,1063318.25514423,547549.597215761,2506941.8140713,728798.175570338,153539.196665144,9201.4881070412,319356.159729452,440896.006143537,10591631.3646016,5.30937752207728,8.3741131331093,11.6849367014778,5.59405647697931,2.88062708972938,13.1888773888431,3.83416548595506,0.807760925216455,0.0484085022466393,1.68011447669114,2.31952865184941,55.7219663541749
"1717",386606.784853206,580735.791393947,962496.790655974,497730.582153817,171547.513055783,843454.224713151,408047.255117261,50049.460549984,2482.73905486522,112645.86118958,316635.565042322,4332432.56777989,"Illinois","Eric Sorensen","Democrat","IL","17",1020641.91201246,1533142.48928002,2540991.52733177,1314008.73688608,452885.434467266,2226719.15324272,1077244.75350957,132130.575851958,6554.43110484417,297385.073540492,835917.891711731,11437621.9789389,5.36953867851675,8.06577488047148,13.368010981333,6.91292475213635,2.38260434799698,11.7146420099049,5.66732298773973,0.695131396527555,0.034482486873128,1.56452584985528,4.39771618114337,60.1726745524985
"1801",611967.969415557,1639451.58160072,802485.73607629,1064456.01094888,353303.062040781,2444438.91228497,63219.958450472,108170.83166459,16922.4166663162,477594.055716554,313751.514379555,7895762.04924469,"Indiana","Frank J. Mrvan","Democrat","IN","18",1615595.43925707,4328152.17542591,2118562.34324141,2810163.86890505,932720.083787662,6453318.72843231,166900.690309246,285570.995594518,44675.1799990748,1260848.3070917,828303.997962026,20844811.810006,8.49955513077162,22.7701608555656,11.1456352232818,14.7841112631789,4.90698697278863,33.9505404484023,0.878054978478778,1.50237266200819,0.235033564809947,6.63325077384103,4.35765992193827,109.663361795065
"1802",2218435.40320781,4946459.32942981,1161709.00410285,5875786.78712348,554747.693642948,12976006.2322101,7398.42300631276,240765.594719635,6910.68161929971,1444820.89130192,805430.254139636,30238470.2945038,"Indiana","Rudy Yakym III","Republican","IN","18",5856669.46446861,13058652.6296947,3066911.77083153,15512077.118006,1464533.91121738,34256656.4530347,19531.8367366657,635621.170059837,18244.1994749512,3814327.15303707,2126335.87092864,79829561.5774901,30.8116028223307,68.7008240198585,16.1348472792063,81.6081498211595,7.70482907837428,180.222308780696,0.102755875087677,3.34396659332827,0.0959816891569404,20.0669568236378,11.1865313074949,419.978754090331
"1803",356297.858141977,871653.36871452,395204.914284499,699024.200578387,115278.58477186,672838.72151529,16198.1729959637,43569.7091207865,1018.32737521216,158323.388564568,182704.958717546,3512112.20478061,"Indiana","Marlin A. Stutzman","Republican","IN","18",940626.345494819,2301164.89340633,1043340.97371108,1845423.88952694,304335.46379771,1776294.22480036,42763.1767093443,115024.032078876,2688.38427056009,417973.74581046,482341.09101432,9271976.2206208,4.94858136308301,12.1062967877017,5.48895714284026,9.70866945247759,1.60109145516472,9.34498224326791,0.224974624943941,0.605134848899813,0.0141434357668355,2.19893595228567,2.53756887107702,48.7793361775084
"1804",5405007.35513144,13225610.4937215,4325815.00151764,15553809.1203521,1425086.88243645,7910784.32094398,24574.5872733642,563956.184509677,10531.2800818793,1426486.8249594,2654870.30758159,52526532.358509,"Indiana","James R. Baird","Republican","IN","18",14269219.417547,34915611.7034248,11420151.6040066,41062056.0777294,3762229.36963222,20884470.6072921,64876.9104016815,1488844.32710555,27802.5794161615,3765925.21789282,7008857.6120154,138670045.426464,75.0695465990478,183.689034635021,60.0807639099672,216.025126671556,19.7928733671729,109.872004457555,0.341313712130058,7.83272478485663,0.146267778914991,19.812317013325,36.873198716411,729.535171645959
"1805",899845.346291623,1543740.69913832,730048.385986686,1479970.18488197,179685.353753697,1223851.11415573,27626.3186588087,70640.9952724123,1197.21120203315,267790.303362908,367715.426722805,6792111.33942698,"Indiana","Victoria Spartz","Republican","IN","18",2375591.71420989,4075475.44572515,1927327.73900485,3907121.28808839,474369.33390976,3230966.94137112,72933.4812592549,186492.227519169,3160.63757336751,706966.400878077,970768.726548205,17931173.9360872,12.4978520318281,21.4408430435877,10.1395609164817,20.555141456694,2.49562991324579,16.9979321410518,0.383698870261231,0.98112493433906,0.0166279333615715,3.71930976892927,5.1071587044834,94.3348797142636
"1806",740661.943161515,1651804.03383965,686840.553768805,948128.269562797,225870.325262622,1050282.12569003,39377.0386370762,80398.8208588333,1166.07620383536,368236.207790776,331318.491584104,6124083.88636005,"Indiana","Jefferson Shreve","Republican","IN","18",1955347.5299464,4360762.64933668,1813259.06194965,2503058.63164578,596297.658693323,2772744.81182168,103955.382001881,212252.88706732,3078.44117812534,972143.58856765,874680.817782036,16167581.4599905,10.2869714327988,22.9417226922174,9.53945213567785,13.1684481883722,3.13708785086975,14.5872517456949,0.546903314403836,1.11665028970602,0.0161955028310466,5.11439177487189,4.6016457164459,85.0567206438895
"1807",666248.203998467,1365542.18568804,528990.743563788,850580.484135102,194821.608948521,859585.413313878,26948.7382331896,64929.1146227274,963.634394664279,285402.624077568,427378.856302002,5271391.60727795,"Indiana","André Carson","Democrat","IN","18",1758895.25855595,3605031.37021643,1396535.5630084,2245532.47811667,514329.047624096,2269305.49114864,71144.6689356206,171412.862604,2543.9948019137,753462.92756478,1128280.18063728,13916473.8432138,9.25344727775649,18.9658636901117,7.34709366060817,11.8136178352098,2.70585567984057,11.9386862960261,0.374288031016522,0.901793258648992,0.0133838110370039,3.96392533441067,5.93581744863891,73.2137723233049
"1808",693940.901667867,1683092.91416165,548118.04407565,980403.516389722,274506.096841655,1042389.64292113,55738.1961278222,85845.6783146141,1616.98967735371,352591.006726377,423056.494847838,6141299.48175167,"Indiana","Mark B. Messmer","Republican","IN","18",1832003.98040317,4443365.29338675,1447031.63635972,2588265.28326887,724696.095661968,2751908.65731178,147148.837777451,226632.590750581,4268.85274821379,930840.257757637,1116869.14639829,16213030.6318244,9.63806807872037,23.3762904744673,7.6127506121618,13.6167155054128,3.81258467835631,14.4776339294601,0.774141612886419,1.19230108770297,0.022458189963246,4.89709731564413,5.87578465066442,85.2958261354399
"1809",2550305.92554741,6239978.04677038,2012603.80052594,1753374.03129105,795423.624033671,3558632.01634701,221450.968241961,316533.669646455,2884.3697675445,1667075.50109983,492347.38294993,19610609.3362212,"Indiana","Erin Houchin","Republican","IN","18",6732807.64344516,16473542.0434738,5313274.03338847,4628907.44260838,2099918.36744889,9394788.52315612,584630.556158777,835648.887866642,7614.73618631747,4401079.32290355,1299797.09098782,51772008.6476239,35.4209156326029,86.6663617606997,27.9528305628602,24.3524171012646,11.047550333801,49.4254446714863,3.07570789224946,4.39630096731188,0.0400606912158958,23.1538264041643,6.83815809652681,272.369574114183
"1901",1852989.35200929,1582329.2786157,1403185.14955939,2282822.3230729,1159721.42386293,2070165.24310836,2969654.37106476,69368.3356195583,680.750629393151,1162953.86933556,517089.208362916,15070959.3052408,"Iowa","Mariannette Miller-Meeks","Republican","IA","19",4891891.88930452,4177349.29554544,3704408.7948368,6026650.93291247,3061664.55899814,5465236.24180607,7839887.53961098,183132.406035634,1797.18166159792,3070198.21504588,1365115.5100781,39787332.5658356,25.7359632223512,21.9767955363291,19.4886826327693,31.7058655982348,16.1072419980963,28.7522950431717,41.2451995981217,0.963449105827199,0.00945486985268266,16.152137074105,7.18179456059605,209.318879239455
"1902",523899.780661041,650129.691751999,493593.597833781,692823.225649286,821047.866053751,990388.164171086,624569.672692132,21359.3273262022,7824.22776144559,197101.674266498,203966.32932932,5226703.55749654,"Iowa","Ashley Hinson","Republican","IA","19",1383095.42094515,1716342.38622528,1303087.09828118,1829053.31571411,2167566.3663819,2614624.75341167,1648863.93590723,56388.6241411739,20655.9612902164,520348.420063554,538471.109429404,13798497.3917909,7.27638584251446,9.02957905211109,6.85546663658029,9.62254480068453,11.4034425840799,13.7553911690429,8.67457878739072,0.296657323975031,0.108669830020078,2.73752325370136,2.83286568512944,72.5931049652297
"1903",902257.597527567,1153681.56763532,882111.465189668,1981911.72759755,346380.718382128,1020901.34386619,1223805.58970719,46397.9251499586,1179.01168360873,288680.774814201,345330.866094891,8192638.58764827,"Iowa","Zachary Nunn","Republican","IA","19",2381960.05747278,3045719.33855725,2328774.26810072,5232246.96085752,914445.096528819,2695179.54780673,3230846.75682698,122490.522395891,3112.59084472704,762117.24550949,911673.486490513,21628565.8713914,12.5313555212162,16.0233551060462,12.2515481276343,27.5265517721882,4.8108433108629,14.1791853314748,16.9972998570443,0.644415627082758,0.0163751622723434,4.00945520575279,4.79626202909571,113.78664705067
"1904",2242075.34281526,2922918.99687472,1731242.46204322,5000651.59294895,821848.504515155,2314155.9342921,3643390.6667821,125983.928057509,2488.96524214663,639051.207345263,921570.767867714,20365378.3687841,"Iowa","Randy Feenstra","Republican","IA","19",5919078.90503228,7716506.15174926,4570480.09979409,13201720.2053852,2169680.05192001,6109371.66653114,9618551.36030474,332597.570071823,6570.86823926709,1687095.1873915,2432946.82717077,53764598.8935901,31.1399353168786,40.5960971788156,24.0450341950447,69.4534943465131,11.4145625627105,32.1410546429458,50.6026481497514,1.74977677857651,0.0345689616964809,8.87571121312866,12.7995939981627,282.852477344224
"2001",3695072.48728359,1297511.69967251,1949242.00976937,2336587.73596754,1698386.6528448,3080761.83638223,12767201.1193494,1064805.38184212,14863.4420994173,702386.425068139,1237351.82891832,29844170.6191974,"Kansas","Tracey Mann","Republican","KS","20",9754991.36642868,3425430.88713544,5145998.90579113,6168591.62295432,4483740.76351026,8133211.24804908,33705410.9550824,2811086.20806319,39239.4871424617,1854300.16217989,3266608.82834438,78788610.4346812,51.3204512122721,18.0209958287849,27.0728056912412,32.4526074439937,23.5887035117333,42.788358838642,177.322237768741,14.7889636366961,0.20643669582524,9.75536701483526,17.1854420683101,414.502369711075
"2002",944711.392280152,338643.754241071,769446.609513956,579790.062199276,689933.07443182,770384.439627619,3312092.05700284,218445.224820432,4000.53606934447,178091.104725705,500944.880014205,8306483.13492642,"Kansas","Derek Schmidt","Republican","KS","20",2494038.0756196,894019.511196428,2031339.04911684,1530645.76420609,1821423.3165,2033814.92061692,8743923.03048751,576695.39352594,10561.4152230694,470160.51647586,1322494.4832375,21929115.4762058,13.1209915594466,4.70338547557043,10.6867584654716,8.05263975276772,9.58240381155305,10.6997838837169,46.0012785694839,3.03396145583933,0.0555630009631177,2.47348756563479,6.95756777797507,115.367821318423
"2003",880004.286917397,328496.431138042,618734.186159068,575072.157412579,388528.879355208,697993.434661224,3254768.94118382,146459.283890693,3868.40233526752,176378.286046528,360792.781917095,7431097.07101693,"Kansas","Sharice Davids","Democrat","KS","20",2323211.31746193,867230.578204431,1633458.25145994,1518190.49556921,1025716.24149775,1842702.66750563,8592590.0047253,386652.50947143,10212.5821651062,465638.675162834,952492.944261132,19618096.2674847,12.2222817627416,4.56245043247281,8.59353036332039,7.98711329739692,5.396234435489,9.69435325918367,45.2051241831087,2.03415672070407,0.0537278102120488,2.44969841731289,5.01101085995966,103.209681541902
"2004",434972.279198924,367740.854456681,532336.992899132,386406.584929507,170175.037698491,788910.048276967,1993829.76970315,92099.0505910228,1362.65808659876,62760.1856946572,331179.200905897,5161772.66244103,"Kansas","Ron Estes","Republican","KS","20",1148326.81708516,970835.855765638,1405369.66125371,1020113.3842139,449262.099524016,2082722.52745119,5263710.59201633,243141.4935603,3597.41734862073,165686.890233895,874313.090391568,13627079.8288443,6.04128165554062,5.1075118674539,7.39356934582128,5.36675812402093,2.36354219025682,10.9570840038468,27.692080134766,1.27915348043087,0.0189258067583161,0.871669245759127,4.59971112369301,71.6912869783477
"2101",391545.2066809,267673.973979528,461200.372190551,182557.499151732,40324.9354361305,295330.748524698,1300816.18222438,14663.3300122756,3996.64802376757,79239.8994217142,143635.807099499,3180984.60274517,"Kentucky","James Comer","Republican","KY","21",1033679.34563758,706659.291305955,1217568.98258305,481951.797760572,106457.829551384,779673.176105202,3434154.72107236,38711.1912324075,10551.1507827464,209193.334473325,379198.530742677,8397799.35124726,5.43812787056806,3.717694083049,6.40556072486876,2.53552082155183,0.560068547724034,4.10181595173191,18.0668914197831,0.203657361281605,0.0555090003301051,1.10055415863492,1.99494176527082,44.1803417047941
"2102",299215.207435534,216691.883644134,283187.991472607,302095.109793813,34142.1718673117,332034.939605105,720000.210417843,6660.7862326429,403.703844202552,50038.1976797192,131326.30501767,2375796.50701058,"Kentucky","Brett Guthrie","Republican","KY","21",789928.147629809,572066.572820515,747616.297487684,797531.089855667,90135.333729703,876572.240557478,1900800.55550311,17584.4756541772,1065.77814869474,132100.841874459,346701.44524665,6272102.77850794,4.15576676993797,3.00960949505742,3.93316654823066,4.19576541380296,0.474196831490441,4.61159638340424,10.00000292247,0.092510919897818,0.00560699783614655,0.694974967773878,1.82397645857876,32.9971737084803
"2103",635015.081090072,686125.630307135,1077861.97633391,1777489.88103877,151616.447550042,736529.993507161,1274373.11361258,11876.3909920747,463.612255258907,186083.001048232,418182.362562489,6955617.49029773,"Kentucky","Morgan McGarvey","Democrat","KY","21",1676439.81407779,1811371.66401084,2845555.61752153,4692573.28594236,400267.421532111,1944439.18285891,3364345.01993721,31353.6722190773,1223.93635388351,491259.122767333,1104001.43716497,18362830.174386,8.81965390402878,9.52952264315465,14.9703052268599,24.6873594588718,2.10578399375059,10.229583243155,17.6996265779525,0.164949874889927,0.00643905910081815,2.58448612566989,5.80808836892346,96.6057984763574
"2104",594906.938544808,572337.650242214,523327.526365369,583621.965135412,99889.0664103904,494584.908440616,1228759.96095249,19747.1692980246,2303.43107252588,142248.654597447,237752.608900707,4499479.87996,"Kentucky","Thomas Massie","Republican","KY","21",1570554.31775829,1510971.39663944,1381584.66960457,1540761.98795749,263707.135323431,1305704.15828323,3243926.29691457,52132.526946785,6081.05803146832,375536.448137261,627666.887497866,11878626.8830944,8.26259636867788,7.94913403114186,7.26843786618568,8.10586062688072,1.38734814458876,6.869234839453,17.0661105687846,0.274266240250342,0.0319920982295261,1.97567575829788,3.30211956806537,62.4927761105556
"2105",221907.944754819,216877.882395179,253501.605881317,153808.106841373,96637.7732559616,157898.757964458,922123.825520509,6583.90284478544,1363.0359377353,34631.0794730482,56246.1814865361,2121580.09635572,"Kentucky","Harold Rogers","Republican","KY","21",585836.974152722,572557.609523273,669244.239526676,406053.402061224,255123.721395739,416852.721026168,2434406.89937414,17381.5035102336,3598.41487562119,91426.0498088473,148489.919124455,5600971.4543791,3.08205478826137,3.01219281104415,3.52085563724051,2.13622370613018,1.34219129522169,2.19303830506191,12.8072753544515,0.0914430950664645,0.018931054690768,0.480987214903447,0.781196965090779,29.4663902271628
"2106",2674407.59068055,2711649.51987514,2140589.51779629,1654985.1022383,332826.212664105,1829573.26038948,12020015.4682981,72160.8913957571,3160.55275046999,400486.090649131,663285.731363945,24503139.9381012,"Kentucky","Andy Barr","Republican","KY","21",7060436.03939664,7158754.73247036,5651156.32698221,4369160.6699091,878661.201433237,4830073.40742823,31732840.8363069,190504.753284799,8343.85926124078,1057283.27931371,1751074.33080081,64688289.4365873,37.1445498705631,37.6617988871547,29.7304099693929,22.9859041977541,4.62258628700146,25.4107397276317,166.944659281918,1.00223460271885,0.0438965659787499,5.56230681457126,9.21230182449924,340.321388029184
"2201",879226.475364115,506875.723955233,402092.146524518,433028.651417687,278218.932920717,1993333.74863245,1459580.63335366,133397.390840479,3624.67183387091,304429.596994602,973367.839202717,7367175.81104005,"Louisiana","Steve Scalise","Republican","LA","22",2321157.89496126,1338151.91124182,1061523.26682473,1143195.63974269,734497.982910692,5262401.09638966,3853292.87205367,352169.111818865,9569.13364141919,803694.136065748,2569691.09549517,19449344.1411457,12.2114788245016,7.03994061048935,5.58461314617386,6.01428682524565,3.86415184612106,27.6851909532284,20.2719532410231,1.8527415394511,0.0503426643593181,4.22818884714724,13.5189977667044,102.321886264445
"2202",975371.540382693,573698.759608359,598426.253270501,574027.914805045,418352.926721358,2338711.89132058,2041444.77923448,154497.527023669,4304.44462900205,378688.317915277,1239254.24094017,9296778.59585113,"Louisiana","Troy A. Carter","Democrat","LA","22",2574980.86661031,1514564.72536607,1579845.30863412,1515433.69508532,1104451.72654439,6174199.39308632,5389414.21717902,407873.471342487,11363.7338205654,999737.15929633,3271631.19608204,24543495.493047,13.5468269497596,7.96803832789387,8.31147573986807,7.97260992784784,5.81045731557442,32.4821096016747,28.35339971159,2.14579898643985,0.059783953180584,5.25955997104551,17.2118644575023,129.121924942377
"2203",494791.024282259,342326.350867216,320146.706334384,298202.087939506,311235.511833307,487783.446413793,5766159.8947742,93579.4980733193,2771.0899748041,23261.56973956,626383.506043169,8766640.68627551,"Louisiana","Clay Higgins","Republican","LA","22",1306248.30410516,903741.566289451,845187.304722773,787253.512160295,821661.751239931,1287748.29853241,15222662.1222039,247049.874913563,7315.67753348283,61410.5441124385,1653652.45595397,23143931.4117674,6.87209755947582,4.75453265093356,4.44648203242199,4.14169566582647,4.32271544212926,6.77477008908046,80.0855540940861,1.29971525101832,0.0384873607611681,0.32307735749389,8.69977091726624,121.758898420493
"2204",143915.44575541,108952.294286132,1100804.30465711,355691.761701444,57525.7935378491,290635.38056557,3237499.17533833,13441.0747599228,389.13173281683,153251.554372999,80257.8957704837,5542363.81247806,"Louisiana","Mike Johnson","Republican","LA","22",379936.776794281,287634.056915387,2906123.36429478,939026.250891813,151868.094939922,767277.404693105,8546997.82289318,35484.4373661963,1027.30777463643,404584.103544718,211880.844834077,14631840.4649421,1.9988256354918,1.5132263095296,15.2889486757932,4.9401633569645,0.798969354692349,4.03660250785514,44.9652663241434,0.186681593887817,0.00540460740023375,2.1284938107361,1.11469299681227,76.9772751733065
"2205",1978181.28990247,482920.299437241,1361373.63336948,1648116.14070239,867752.169867632,2522518.08409859,6557043.86907298,77824.6973999579,7090.41653257092,230597.630561127,1520769.71876709,17254187.9497115,"Louisiana","Julia Letlow","Republican","LA","22",5222398.60534251,1274909.59051432,3594026.39209543,4351026.6114543,2290865.72845055,6659447.74202028,17310595.8143527,205457.201135889,18718.6996459872,608777.744681376,4014832.05754511,45551056.1872384,27.4747401375342,6.70722638107279,18.9079671301317,22.8905019541998,12.0521134703838,35.0349733902582,91.0700537371248,1.08089857499941,0.0984780073968184,3.20274486890454,21.1218016495429,239.641499301549
"2206",1783813.02032979,583592.59426801,1360161.61003342,1544582.77700097,880759.14193146,2283611.94924021,7848939.90526611,92442.5581673623,6103.96006006779,198061.885878289,1442965.96248863,18025035.3646643,"Louisiana","Cleo Fields","Democrat","LA","22",4709266.37367065,1540684.44886755,3590826.65048823,4077698.53128257,2325204.13469905,6028735.54599414,20721201.3499025,244048.353561836,16114.454558579,522883.378718682,3809430.14096998,47586093.3627138,24.7751808379137,8.1054526981668,18.8911334726864,21.452538569458,12.2327658601592,31.7168326283362,109.013054239807,1.28392441899114,0.0847772230564971,2.75085952608734,20.0411939234532,250.347713398116
"2301",655789.574440407,215382.94307103,1774688.70382812,252780.167198787,1873275.27449074,663018.148799774,5810635.45215882,511960.190120129,18591.9579084731,281397.638151267,552387.838247451,12609907.888415,"Maine","Chellie Pingree","Democrat","ME","23",1731284.47652268,568610.96970752,4685178.17810623,667339.641404798,4945446.72465555,1750367.9128314,15340077.5936993,1351574.90191714,49082.768878369,742889.764719344,1458303.89297327,33290156.8254156,9.10818853389455,2.99142976487542,24.648454219835,3.51083565553871,26.0177121457047,9.20858539999686,80.7032701688725,7.11055819611291,0.258221637617682,3.9083005298787,7.67205330899238,175.137609561319
"2302",1508958.24323127,651122.39904148,3099436.73091772,852748.375882221,1945390.34413523,733110.660092784,17961213.142129,56384.6007625834,50144.3375271533,205495.294426699,868804.680606724,27932808.8087529,"Maine","Jared F. Golden","Democrat","ME","23",3983649.76213056,1718963.13346951,8182512.96962278,2251255.71232906,5135830.50851701,1935412.14264495,47417602.6952206,148855.34601322,132381.051071685,542507.577286486,2293644.35680175,73742615.2551076,20.9577533782121,9.04336665335389,43.0477323738572,11.8437274428086,27.0193103352115,10.1820925012887,249.461293640681,0.783119455035881,0.696449132321573,2.85410131148193,12.0667316750934,387.955677899346
"2401",1637416.89186077,1708960.60643301,2408037.76675502,1825003.44037755,2172614.05796105,2416347.49853633,776133.78004715,1078573.77004923,47164.4574480675,871866.604784629,835349.48893295,15777468.3631858,"Maryland","Andy Harris","Republican","MD","24",4322780.59451243,4511656.00098315,6357219.70423325,4818009.08259673,5735701.11301717,6379157.39613591,2048993.17932448,2847434.75292997,124514.167662898,2301727.83663142,2205322.65078299,41652516.4788104,22.741901275844,23.7355639782363,33.4449689827086,25.3472700052438,30.175195249459,33.5603819241157,10.7796358339882,14.9801912506838,0.655061909000938,12.1092583997865,11.6020762351799,219.131505044247
"2402",2286443.16996616,3154957.23043642,3787665.09310534,2953234.4452153,1561800.72603842,4590524.73524323,345608.194645929,664332.214119204,13509.4621530415,1117998.38380354,1497110.70972716,21973184.3644538,"Maryland","Johnny Olszewski, Jr.","Democrat","MD","24",6036209.96871068,8329087.08835215,9999435.8457981,7796538.93536838,4123153.91674144,12118985.3010421,912405.633865252,1753837.0452747,35664.9800840297,2951515.73324134,3952372.27367971,58009206.7221579,31.756155138419,43.8188504227281,52.606459626463,41.0171450724347,21.6916767505337,63.7572879894893,4.80011381452679,9.22683630721116,0.187631418792244,15.5277553306047,20.7932043017661,305.183116172969
"2403",1742658.81314059,3370358.20381991,3056852.14185259,2353528.32969247,1844911.19083191,3908754.55445051,561277.12184379,346413.302150214,30027.033657785,1119402.99462253,1373016.79425149,19707200.4803138,"Maryland","Sarah Elfreth","Democrat","MD","24",4600619.26669115,8897745.65808456,8070089.65449084,6213314.79038811,4870565.54379623,10319112.0237494,1481771.60166761,914531.117676566,79271.3688565525,2955223.90580348,3624764.33682393,52027009.2680284,24.2035946269526,46.8105306086098,42.4562797479526,32.6878934679509,25.623766539332,54.2882577007015,7.79551558116375,4.81129586319742,0.417042134135903,15.5472638142018,19.0696776979374,273.711117782136
"2404",2771809.95808616,5869297.56549524,5998583.12607408,4624000.03492263,5917176.46289986,8047977.5220227,1445053.34823971,528629.913997788,73472.1057080924,5997986.29971668,2184937.27248401,43458923.609647,"Maryland","Glenn Ivey","Democrat","MD","24",7317578.28934747,15494945.5729074,15836259.4528356,12207360.0921957,15621345.8620556,21246660.6581399,3814940.83935283,1395582.97295416,193966.359069364,15834683.831252,5768234.39935778,114731558.329468,38.4973605289745,81.5180217429894,83.3136545288067,64.2222227072587,82.1830064291648,111.777465583649,20.0701853922182,7.34208213885817,1.02044591261239,83.3053652738428,30.3463510067223,603.596161245097
"2405",1519785.32561607,3111955.43701158,3719160.9089501,2291417.30272693,3365195.75561968,4975008.12386725,879108.002952201,492086.131361439,61598.5825460107,3082857.33396934,1209013.26105819,24707186.1656788,"Maryland","Steny H. Hoyer","Democrat","MD","24",4012233.25962644,8215562.35371058,9818584.79962827,6049341.67919911,8884116.79483596,13134021.4470095,2320845.12779381,1299107.3867942,162620.257921468,8138743.36167906,3191795.00919362,65226971.477392,21.1081295224455,43.2216032918276,51.655012624307,31.8252403156519,46.7388299391623,69.0973350537118,12.2098333743361,6.8345296022422,0.855535868694593,42.8174629717964,16.7918508480304,343.155363412206
"2406",970210.521630775,1389052.01993631,1624577.33076809,1097186.54280197,1105155.4712996,3145692.12728258,295666.202466662,164496.441585743,26318.6743331965,700600.191689837,1090605.80019834,11609561.3239931,"Maryland","April McClain Delaney","Democrat","MD","24",2561355.77710525,3667097.33263185,4288884.15322776,2896572.4729972,2917610.44423094,8304627.21602602,780558.774511986,434270.605786362,69481.3002396386,1849584.50606117,2879199.31252362,30649241.8953418,13.4751461337608,19.292389165782,22.5635740384457,15.2387019833607,15.3493815458278,43.6901684344803,4.10647503425919,2.28467279980199,0.365537143516617,9.73055821791441,15.1473027805325,161.243907277682
"2407",2469632.54959636,3799242.28956924,4671259.53207856,3388188.65276226,1711307.67781584,4535220.9247112,489444.68513009,690320.12729095,13674.0214474194,1277905.84024597,1796787.81007613,24842984.110724,"Maryland","Kweisi Mfume","Democrat","MD","24",6519829.93093438,10029999.6444628,12332125.1646874,8944818.04329236,4517852.26943383,11972983.2412376,1292133.96874344,1822445.13604811,36099.4166211871,3373671.41824936,4743519.81860099,65585478.0523114,34.3004520777272,52.7672540217951,64.8786046122022,47.0581757328091,23.7681621918867,62.9891795098778,6.79784284902902,9.58777954570764,0.189916964547491,17.7486922256385,24.9553862510574,345.041445982278
"2408",2685364.15051794,5588517.65354401,5008643.6412767,4492381.33624264,4894231.83691507,7889340.62995678,1271802.69947323,446151.733246501,59271.2097365705,2649473.75436889,2734410.90053273,37719589.5458111,"Maryland","Jamie Raskin","Democrat","MD","24",7089361.35736736,14753686.6053562,13222819.2129705,11859886.7276806,12920772.0494558,20827859.2630859,3357559.12660933,1177840.57577076,156475.993704546,6994610.71153387,7218844.7774064,99579716.4009412,37.2967243127491,77.6183007436668,69.5644950177319,62.3941852255922,67.975442179376,109.574175416066,17.6639263815727,6.19655185064585,0.823211246341257,36.7982465884568,37.9779291740657,523.883188136265
"2501",2744255.82561698,3983621.82652626,3247348.53431913,3826222.66892568,1415602.99722078,4159433.5750791,389071.71221025,75385.6838509145,27539.9517433685,2287182.78190045,2323589.51527884,24479255.0726717,"Massachusetts","Richard E. Neal","Democrat","MA","25",7244835.37962884,10516761.6220293,8573000.13060249,10101227.8459638,3737191.91266286,10980904.6382088,1027149.32023506,199018.205366414,72705.4726024929,6038162.54421719,6134276.32033613,64625233.3918534,38.1146642446803,55.3280809239758,45.1020629766545,53.1419815128567,19.6611527391775,57.7699107649874,5.40377378069792,1.04702338681826,0.382499329769007,31.7664275263951,32.2720766010949,339.989653787107
"2502",3371887.20804363,5604955.35684232,5085486.72780486,5469037.29311745,1878881.32754088,5424277.56930381,397922.226418003,284798.091877939,30727.6593228102,2625256.24400223,3158922.00591743,33332151.7101913,"Massachusetts","James P. McGovern","Democrat","MA","25",8901782.22923517,14797082.1420637,13425684.9614048,14438258.4538301,4960246.70470791,14320092.782962,1050514.67774353,751866.962557759,81121.0206122189,6930676.48416589,8339554.09562202,87996880.5149052,46.8317667783837,77.8466021783656,70.6317601084008,75.9588512932979,26.0955739936233,75.3371884625529,5.52669758913893,3.95552905386027,0.426773046150141,36.4618922778088,43.8739167488532,462.946551530435
"2503",2177606.98453347,3695448.73318814,5384013.76456682,3693829.11446469,1949510.15099266,5115422.15139493,305038.613171902,79960.3801905829,19309.435971998,1871777.13186366,1942324.68100898,26234241.1413478,"Massachusetts","Lori Trahan","Democrat","MA","25",5748882.43916836,9755984.65561669,14213796.3384564,9751708.86218677,5146706.79862062,13504714.4796826,805301.938773821,211095.403703139,50976.9109660747,4941491.62812006,5127737.15786371,69258396.6131583,30.2445414518538,51.3256768498353,74.7779689523169,51.3031821453429,27.076529874898,71.0475298804852,4.2366474051653,1.11056083598032,0.268186610722194,25.9969046092175,26.9767316806803,364.364460296498
"2504",2578854.40316835,4687635.84579585,5174080.18744411,3457955.61789329,3651349.42042877,5992388.19630269,595480.531710062,86293.8592598959,32011.8394705142,2698309.77305515,1852745.70406096,30807105.3785896,"Massachusetts","Jake Auchincloss","Democrat","MA","25",6808175.62436445,12375358.632901,13659571.6948525,9129002.83123828,9639562.46993195,15819904.8382391,1572068.60371456,227815.788446125,84511.2562021576,7123537.80086561,4891248.65872093,81330758.1994767,35.8174222662271,65.1060534138312,71.8622248256127,48.027161359629,50.713186394844,83.2276138375374,8.27056294041753,1.19852582305411,0.44460888153492,37.476524625766,25.7325792230688,427.876463591523
"2505",5122248.67950165,9276699.41051125,12636874.407186,7017448.27372992,5252483.39645452,13491689.8040409,552528.128393309,275406.744794346,53770.3682611744,6045529.00820286,4223620.41743513,63948298.6385111,"Massachusetts","Katherine M. Clark","Democrat","MA","25",13522736.5138844,24490486.4437497,33361348.4349711,18526063.442647,13866556.1666399,35618061.082668,1458674.25895834,727073.806257072,141953.7722095,15960196.5816556,11150357.9020288,168823508.405669,71.1423427708563,128.843047368212,175.51214454425,97.46455935736,72.9511582840906,187.384580611679,7.67400178324041,3.82509367769924,0.746810670294089,83.9656806694842,58.6613946865991,888.170814423766
"2506",2147497.34946335,3789536.62200758,4959213.89413334,3202958.5717452,2649301.87098096,4902449.02749911,407553.333006147,166678.111920702,23142.3178112779,2031500.95087551,2328786.00335734,26608618.0528005,"Massachusetts","Seth Moulton","Democrat","MA","25",5669393.00258323,10004376.6821,13092324.680512,8455810.62940733,6994156.93938973,12942465.4325977,1075940.79913623,440030.215470653,61095.7190217736,5363162.51031135,6147995.04886338,70246751.6593934,29.8263520758798,52.6324530834386,68.877970751852,44.4855357186833,36.79585931918,68.0895698263765,5.66046295841871,2.31497377667641,0.321421080712193,28.2152909843821,32.3442500466297,369.564139622229
"2507",5872307.91589575,12403937.286599,13490472.8494031,9651180.8474222,5225646.36539592,14622255.4962353,504387.375288612,167811.759463392,57488.8881234829,7900111.68810767,4429202.3979009,74324802.8698353,"Massachusetts","Ayanna Pressley","Democrat","MA","25",15502892.8979648,32746394.4366213,35614848.3224242,25479117.4371946,13795706.4046452,38602754.5100611,1331582.67076193,443023.044983356,151770.664645995,20856294.8566043,11693094.3304584,196217479.576365,81.5598321652188,172.276906758319,187.367678463932,134.044178436419,72.57842174161,203.086881892156,7.00538021234183,2.33071888143601,0.798456779492818,109.72377344594,61.5166999708458,1032.28892874771
"2508",2883957.42959833,5628062.1122378,6039165.01480047,4245705.37489059,4026604.42398938,6464651.75199697,270144.120064854,84349.8930169098,32657.866174903,3282640.8917452,2380210.81199666,35338149.6905121,"Massachusetts","Stephen F. Lynch","Democrat","MA","25",7613647.61413958,14858083.9763078,15943395.6390732,11208662.1897112,10630235.679332,17066680.625272,713180.476971215,222683.717564642,86216.7667017438,8666171.95420734,6283756.54367117,93292715.1829519,40.0549642999768,78.1675293366362,83.8772918722288,58.9681302068138,55.9250614442969,89.7868298888468,3.75200166756742,1.17152629190153,0.45358147465143,45.5922346075723,33.0584834999536,490.807634590445
"2509",4011215.63720852,2270787.74395429,2078535.01566167,1755868.28773263,81902652.9433801,2008533.34798049,194327.244868773,494509.354312272,395491.642074712,908650.277951848,1859927.55368376,97880499.0488091,"Massachusetts","William R. Keating","Democrat","MA","25",10589609.2822305,5994879.64403932,5487332.44134681,4635492.27961415,216223003.770524,5302528.0386685,513023.926453561,1305504.6953844,1044097.93507724,2398836.73379288,4910208.74172514,258404517.488856,55.7113282945627,31.5387186660318,28.8685418841898,24.3870595518421,1137.53684643584,27.8962964997291,2.69898951206629,6.86818547655933,5.4929394732599,12.6201427493312,25.8323271344967,1359.4513756779
"2601",1163273.45984619,972564.165023727,1760245.98187452,1139189.13079176,1313774.54104975,1387316.16835119,34550.7398511065,95103.9086181197,3979.39605549239,564386.745766997,787619.627154744,9222003.86438359,"Michigan","Jack Bergman","Republican","MI","26",3071041.93399395,2567569.39566264,4647049.39214873,3007459.30529024,3468364.78837134,3662514.68444714,91213.9532069212,251074.318751836,10505.6055864999,1489981.00882487,2079315.81568852,24346090.2019727,16.1565758311971,13.5078356253295,24.4478608593683,15.8220712609966,18.246868625691,19.2682801159887,0.479871386820924,1.32088761969611,0.0552693896596166,7.8387048023194,10.9391614882603,128.083387005328
"2602",647375.481031567,279545.820848211,813176.063202084,574201.467003533,415075.153032575,1111629.59425973,12816.176402821,59803.4580730447,2431.14669472628,287348.42628378,187480.544586708,4390883.33141879,"Michigan","John R. Moolenaar","Republican","MI","26",1709071.26992334,738000.967039277,2146784.8068535,1515891.87288933,1095798.404006,2934702.1288457,33834.7057034474,157881.129312838,6418.22727407737,758599.84538918,494948.63770891,11591931.9949456,8.99132612543843,3.88258084511404,11.2941119889178,7.97502037504907,5.76493268100798,15.4392999202741,0.17800245003918,0.830603584347844,0.0337659263156427,3.99095036505251,2.60389645259317,60.9844907141498
"2603",686853.093571308,276833.015753335,656086.781899982,433178.806606733,192462.65979771,870765.543518647,15188.0737842548,52422.196981544,5571.23659674996,280770.768153237,322308.334617106,3792440.51128061,"Michigan","Hillary J. Scholten","Democrat","MI","26",1813292.16702825,730839.161588803,1732069.10421595,1143592.04944178,508101.421865956,2298821.03488923,40096.5147904326,138394.600031276,14708.0646154199,741234.827924545,850894.003389159,10012042.9497808,9.5396262996015,3.84490299657409,9.11231641527752,6.0163723139824,2.67309249719042,12.0939658822034,0.210945469225761,0.72808606918811,0.0773782860659716,3.89959400212829,4.4765046474598,52.6727848788973
"2604",1024489.96350019,409313.535498521,1836695.02056877,601044.515943022,263668.233048338,1438122.66822671,19052.5864434377,43492.1869638578,2484.10729733592,338609.465186173,380849.819695413,6357822.10237177,"Michigan","Bill Huizenga","Republican","MI","26",2704653.5036405,1080587.7337161,4848874.85430156,1586757.52208958,696084.135247612,3796643.84411852,50298.8282106754,114819.373584585,6558.04326496684,893928.988091496,1005443.52399589,16784650.3502615,14.229027270836,5.68491021525724,25.5096530634552,8.34784049920864,3.66205879233803,19.9739259475932,0.264619256158856,0.604058152275803,0.0345014902407767,4.70290923869684,5.28958082910296,88.3030847551635
"2605",1070058.12810316,1423212.00579582,1488951.02989589,2037307.21497076,571309.087502619,3117105.21276401,41330.3600047183,153099.098595184,3323.47179477665,1476087.70391269,678387.481826251,12060170.7951659,"Michigan","Tim Walberg","Republican","MI","26",2824953.45819236,3757279.69530096,3930830.71892514,5378491.04752282,1508255.99100691,8229157.76169698,109112.150412456,404181.620291287,8773.96553821036,3896871.5383295,1790942.9520213,31838850.8992379,14.8619184458773,19.7668334138308,20.6798754152207,28.2959335412606,7.93484843753638,43.2931279550557,0.57403277784331,2.12637636937756,0.0461593304830091,20.5012181098985,9.42204835869794,167.502372155082
"2606",5029205.38935899,7712627.1665801,8139985.55702008,12676574.0741635,2940262.29011835,13702409.1492393,221761.993425077,993385.819721874,21653.3470578274,12849939.1946894,3088629.66257732,67376433.6439519,"Michigan","Debbie Dingell","Democrat","MI","26",13277102.2279077,20361335.7197715,21489561.870533,33466155.5557917,7762292.44591245,36174360.1539918,585451.662642205,2622538.56406575,57164.8362326644,33923839.4739801,8153982.30920413,177873784.820033,69.8500748522083,107.119821758057,113.055354958612,176.063528807827,40.8369762516438,190.31123818388,3.08002768645941,13.7970252739149,0.300740931358714,178.47137770402,42.8976342024628,935.783800610443
"2607",11074449.9292719,4275610.35637265,6666645.76765773,8230034.84900658,1766401.67165756,15297699.2864379,205507.703482854,1241421.59179552,10658.7293932161,4080326.59057304,1484952.58857228,54333709.0642212,"Michigan","Tom Barrett","Republican","MI","26",29236547.8132778,11287611.3408238,17599944.8266164,21727292.0013774,4663300.41317596,40385926.116196,542540.337194736,3277353.00234017,28139.0455980906,10772062.1991128,3920274.83383081,143440991.929544,153.81180457322,59.3834771718424,92.5923023285795,114.306039569536,24.5333565507995,212.46804564497,2.85427365948409,17.2419665527155,0.148037908239113,56.6712026468478,20.6243415079483,754.634848114183
"2608",592425.648427712,713394.206830245,696607.790025947,957614.554126152,256683.205987588,1121525.26007814,21779.6928297,77533.6136290091,2367.28982926419,694395.18876927,415009.295261984,5549335.74579502,"Michigan","Kristen McDonald Rivet","Democrat","MI","26",1564003.71184916,1883360.70603185,1839044.5656685,2528102.42289304,677643.663807231,2960826.6866063,57498.389070408,204688.739980584,6249.64514925745,1833203.29835087,1095624.53949164,14650246.3688988,8.22813400594044,9.9082528726423,9.67510819480482,13.300202140641,3.56504452760538,15.5767397233076,0.302495733745833,1.07685574484735,0.032879025406447,9.64437762179542,5.76401798974978,77.0741075804863
"2609",379713.083502626,431272.345836602,581119.172385235,670296.779471777,161516.836232706,814636.732541406,15901.1842807626,48651.3817298138,833.598912277965,410986.820407001,349543.589988121,3864471.52528833,"Michigan","Lisa C. McClain","Republican","MI","26",1002442.54044693,1138558.99300863,1534154.61509702,1769583.49780549,426404.447654343,2150640.97390931,41979.1265012132,128439.647766708,2200.70112841383,1085005.20587448,922795.07756864,10202204.8267612,5.27379282642536,5.98989369217503,8.07109961646159,9.30967749266358,2.24328939212091,11.3143990630751,0.220849781677258,0.675713635136302,0.0115777626705273,5.70815028343057,4.85477208316835,53.6732156290046
"2610",350785.742242419,588084.023548682,657637.900249642,803135.38454825,160636.080201383,980324.803875187,14291.4665546342,48443.5507258494,747.254337009848,418319.800446487,386044.300820475,4408450.30755002,"Michigan","John James","Republican","MI","26",926074.359519987,1552541.82216852,1736164.05665906,2120277.41520738,424079.251731652,2588057.48223049,37729.4717042343,127890.973916242,1972.751449706,1104364.27317873,1019156.95416605,11638308.8119321,4.87202419781138,8.16783366039837,9.13385972568948,11.1546581187257,2.23105666946366,13.6156222760443,0.198492591036586,0.672827093414575,0.0103785324584701,5.80999722842343,5.36172640028438,61.2284764937503
"2611",660824.1031957,1146502.00175137,1069836.5766319,1604502.20263205,314557.939387738,1909889.47031805,28250.7189374031,102786.041406087,2035.90416161224,977731.563333893,761502.940674733,8578419.46243054,"Michigan","Haley M. Stevens","Democrat","MI","26",1744575.63243665,3026765.28462362,2824368.56230822,4235885.81494861,830432.959983627,5042108.20163966,74581.8979947442,271355.149312069,5374.78698665633,2581211.32720148,2010367.76338129,22647027.3808166,9.17811254438473,15.9236389132135,14.8588413421098,22.284752814334,4.36886026927413,26.5262426433063,0.392371096352821,1.42758390841787,0.028276446689059,13.5796050463041,10.5764297315935,119.14471475598
"2612",595511.782483586,1066637.18451405,1021398.98129903,1617599.37755498,328436.054859759,1728379.33686708,26511.0279563025,105317.381062212,1965.84064553368,1149920.65113074,725192.871285581,8366870.48965885,"Michigan","Rashida Tlaib","Democrat","MI","26",1572151.10575667,2815922.16711708,2696493.31062944,4270462.35674514,867071.184829763,4562921.44932909,69989.1138046387,278037.886004239,5189.81930420892,3035790.51898516,1914509.18019394,22088538.0926994,8.2709969789387,14.8144053404729,14.1860969624865,22.4666580215969,4.5616118730522,24.0052685675983,0.368208721615313,1.46274140364183,0.0273033422990789,15.9711201545937,10.0721232122997,116.206534578595
"2613",498961.406912879,1051662.46289935,765258.738401886,1338848.5233356,262933.868917664,1581651.87407787,27931.7258353999,81067.52851473,1966.50226181299,746899.752214568,570502.566983076,6927684.95035482,"Michigan","Shri Thanedar","Democrat","MI","26",1317258.11425,2776388.90205428,2020283.06938098,3534560.10160598,694145.413942632,4175560.94756557,73739.7562054558,214018.275278887,5191.56597118629,1971815.34584646,1506126.77683532,18289088.2689367,6.93001954045665,14.6064230958243,10.6285935889151,18.5951183796611,3.65185929052311,21.9673871399704,0.387940636602777,1.12593789603792,0.0273125314140693,10.3736076696468,7.92364676365383,96.2178465327059
"2701",480422.811836699,709649.386040686,937337.632733574,348112.677243222,301236.84277435,682815.557760971,124643.884633257,16862.1032001451,6623.56034123424,263264.182211075,414562.056948947,4285530.69572416,"Minnesota","Brad Finstad","Republican","MN","27",1268316.22324888,1873474.37914741,2474571.35041664,919017.467922106,795265.264924283,1802633.07248896,329059.855431798,44515.9524483831,17486.1993008584,695017.441037237,1094443.83034522,11313801.0367118,6.67253905328748,9.8562414727873,13.0185782324107,4.83489829504475,4.18384503853264,9.48354941334682,1.73116506435079,0.234195877779793,0.0919938936282533,3.65644697515381,5.75780634651315,59.5212596628355
"2702",1712950.85584653,882853.576474687,1206276.3330652,1716517.14150872,1125107.44295034,1771766.30599714,349459.359811483,61176.9185659913,27387.1282822993,523110.723652034,541450.041521167,9918055.8276756,"Minnesota","Angie Craig","Democrat","MN","27",4522190.25943484,2330733.44189317,3184569.51929214,4531605.25358302,2970283.6493889,4677463.04783245,922572.709902314,161507.065014217,72302.0186652703,1381012.31044137,1429428.10961588,26183667.3850636,23.7909841089796,12.2618552288151,16.753837959239,23.8405158542878,15.6264922631992,24.6078653610714,4.85360221960393,0.849679424527657,0.380376781698602,7.26542671738935,7.52013946557176,137.750775384383
"2703",1315536.62169041,871966.102507988,1067516.77361807,1924097.2466437,831351.500573333,1921852.19529012,132049.122210638,72256.5480238086,35832.5999169649,578460.59086707,691158.90401562,9442078.20535772,"Minnesota","Kelly Morrison","Democrat","MN","27",3473016.6812627,2301990.51062109,2818244.2823517,5079616.73113938,2194767.9615136,5073689.7955659,348609.682636084,190757.286782855,94598.0637807875,1527135.95988907,1824659.50660124,24927086.4621444,18.2713419679224,12.1106403126109,14.8266218558065,26.7235728700514,11.5465486190741,26.6923916012516,1.83401558625886,1.00356316699734,0.497674998846735,8.03417487315375,9.59942922243917,131.139975074413
"2704",2578396.47466957,1666852.9210647,2447769.75100953,3743582.51357459,1619035.39280023,3778638.64507077,363017.127851493,140242.059759982,67183.9346369517,1083111.35050129,886648.080161568,18374478.2511007,"Minnesota","Betty McCollum","Democrat","MN","27",6806966.69312766,4400491.71161081,6462112.14266516,9883057.83583691,4274253.43699261,9975606.02298683,958365.21752794,370239.037766354,177365.587441552,2859413.9653234,2340750.93162654,48508622.5829058,35.8110621481885,23.1507350147875,33.9968020973546,51.9942015774248,22.486602677781,52.4810922926496,5.04190455349295,1.94780638555531,0.933110203290995,15.0432132014068,12.3145566689107,255.201086820843
"2705",3222219.29622238,2164217.14266941,2268799.60319515,4866020.58318743,2054305.35346413,4773813.68006196,194929.19307762,182803.330498429,88231.5147291416,1373717.195994,936351.71335513,22125408.6064548,"Minnesota","Ilhan Omar","Democrat","MN","27",8506658.94202708,5713533.25664724,5989630.9524352,12846294.3396148,5423366.1331453,12602868.1153636,514613.069724917,482600.792515853,232931.198884934,3626613.39742416,2471968.52325754,58411078.7210406,44.7530457808664,30.058571425964,31.5111055999326,67.5836192109365,28.5320187981129,66.3029677786383,2.70734990385583,2.53893514581151,1.22543770457141,19.0794054999167,13.0048849077101,307.297341756316
"2706",797518.838277485,498914.665216808,851301.893060687,1096825.42472253,602718.318112201,1104820.03876741,145528.89974354,41463.4720385317,20222.0331206675,319261.476751442,403037.892270138,5881612.95208144,"Minnesota","Tom Emmer","Republican","MN","27",2105449.73305256,1317134.71617237,2247436.99768021,2895619.12126748,1591176.35981621,2916724.90234596,384196.295322945,109463.566181724,53386.1674385622,842850.298623806,1064020.03559316,15527458.193495,11.0766505316317,6.92937035023345,11.8236374036206,15.2336864544796,8.37108775155835,15.3447227606584,2.02123471866027,0.575881556090718,0.280861571120382,4.43418717710336,5.59774850375191,81.6890687789088
"2707",555709.609436024,142120.304605755,1984491.89179929,399988.566738148,158013.97736644,322893.423349503,3531261.07781915,24663.301316786,3015.91688604452,116620.244023169,872361.812553239,8111140.12589355,"Minnesota","Michelle Fischbach","Republican","MN","27",1467073.3689111,375197.604159194,5239058.59435013,1055969.81618871,417156.900247402,852438.637642687,9322529.24544256,65111.1154763151,7962.02057915752,307877.444221165,2303035.18514055,21413409.932359,7.71818901994478,1.97389311952438,27.5623873861013,5.55539676025206,2.19463857453389,4.4846308798542,49.0452927474882,0.342545851622028,0.041887734528396,1.6197256114329,12.1161362854617,112.654723970744
"2708",875836.265967275,571830.015339271,1974944.21032243,931131.064278712,825486.820315093,1093810.6281155,259103.349412552,35127.8642899785,16620.5867815785,248441.98461606,480458.828980527,7312791.61841897,"Minnesota","Pete Stauber","Republican","MN","27",2312207.74215361,1509631.24049568,5213852.71525121,2458186.0096958,2179285.20563185,2887660.05822492,684032.842449136,92737.5617255432,43878.3491033672,655886.839386399,1268411.30850859,19305769.8726261,12.1643925828788,7.94208354637876,27.4297806989226,12.9323758927599,11.4650947265985,15.1918142793819,3.59865763072988,0.487887004027479,0.230841483077479,3.4505831196675,6.67303929139621,101.566550255819
"2801",1050153.18315219,585619.0152293,803077.605607396,767463.499303712,195089.480046241,1282748.43395903,3583835.91777455,62416.1240699415,9348.42230079432,338678.742515617,314484.961506933,8992915.38546571,"Mississippi","Trent Kelly","Republican","MS","28",2772404.40352178,1546034.20020535,2120124.87880353,2026103.6381618,515036.227322076,3386455.86565185,9461326.82292482,164778.567544646,24679.834874097,894111.880241229,830240.298378302,23741296.6176295,14.5854608771137,8.13359743374028,11.1538556334361,10.6592152681071,2.70957611175334,17.8159504716532,49.7754988579799,0.866890612082521,0.129839198622143,4.70387142382802,4.36784668759629,124.901602575913
"2802",377850.803303378,281156.870728797,1613108.4002993,308011.419890615,110145.895297775,1012786.59826078,1306857.10733907,14045.1635021072,12725.3197717688,194620.448262737,293751.689036105,5525059.71569243,"Mississippi","Bennie G. Thompson","Democrat","MS","28",997526.120720917,742254.138724024,4258606.17679016,813150.148511225,290785.163586127,2673756.61940845,3450102.76337513,37079.2316455631,33594.8441974698,513797.983413625,775504.459055318,14586157.649428,5.24792782365802,3.90495653789996,22.4042833374903,4.27793638736966,1.52980410135799,14.0664805313997,18.150793157487,0.195071715307045,0.176740552385678,2.7030617814269,4.07988456994591,76.7369404957282
"2803",983530.699330197,746494.00053462,1761648.02145748,590470.861528222,208421.379307299,1458685.88392213,6142762.18038256,19386.5843583512,1622.69814212365,253274.164947404,591447.63211005,12757744.1060204,"Mississippi","Michael Guest","Republican","MS","28",2596521.04623172,1970744.1614114,4650750.77664775,1558843.07443451,550232.441371269,3850930.73355441,16216892.15621,51180.5827060471,4283.92309520642,668643.795461147,1561421.74877053,33680444.439894,13.6601486018083,10.3679722296475,24.4673336313539,8.20098418789198,2.89474137926804,20.2595261655851,85.3161413942023,0.269258116088211,0.0225374741961617,3.51769673538061,8.21455044597291,177.190890361395
"2804",372407.578338802,117213.590699211,534435.282182399,323971.127732806,468459.847956916,849092.81870862,1459331.14163871,14891.2775441561,1341.94945139535,38169.8338997051,936777.83109341,5116092.27924613,"Mississippi","Mike Ezell","Republican","MS","28",983156.006814438,309443.879445917,1410909.14496153,855283.777214607,1236733.99860626,2241605.04139076,3852634.21392619,39312.9727165722,3542.74655168371,100768.361495221,2473093.4740866,13506483.6172098,5.17232747692781,1.62796653748904,7.42271225253332,4.49959899628897,6.5063867771794,11.7929558153975,20.2684880783154,0.206823299224391,0.0186381868249354,0.530136581940348,13.0108032096307,71.0568372117518
"2901",5225712.17432503,2160702.25162772,2593652.91622955,3320860.21411996,689709.701447198,2475866.15172063,213256.778458125,82406.8428791339,5740.06584807792,1399418.69424976,1055655.47832449,19222981.2692297,"Missouri","Wesley Bell","Democrat","MO","29",13795880.1402181,5704253.94429719,6847243.69884601,8767070.9652767,1820833.6118206,6536286.64054247,562997.89512945,217554.065200913,15153.7738389257,3694465.35281936,2786930.46277664,50748670.5507663,72.5793357545143,30.0097534948295,36.0229571698549,46.1230585294439,9.57930140898886,34.3870298850088,2.96189970080729,1.14453948443242,0.07972313677886,19.4363707534688,14.6618816433956,266.985850961523
"2902",2805137.58575462,949272.073372899,1239451.1841966,1455431.69283916,306128.901291637,1072731.79597236,189572.33358426,40631.2874694691,2562.32119627456,606064.875153474,576141.419172996,9243125.47000374,"Missouri","Ann Wagner","Republican","MO","29",7405563.22639219,2506078.27370445,3272151.12627902,3842339.66909538,808180.299409921,2832011.94136702,500470.960662447,107266.598919398,6764.52795816485,1600011.27040517,1521013.34661671,24401851.2408099,38.9602442465919,13.1843343524014,17.2145997805083,20.2143290672106,4.25179029571718,14.8990527218383,2.63294907755917,0.564323437075959,0.0355877943927023,8.41756771046492,8.0019641551805,128.376742638941
"2903",3538050.93915742,1433876.18412003,2160599.26391966,1806468.90696346,438653.048325207,1407951.21162423,1251760.26725143,90148.1634243751,3732.61973523388,944538.137570808,1688910.50398342,14764689.2460753,"Missouri","Robert F. Onder, Jr.","Republican","MO","29",9340454.47937558,3785433.12607687,5703982.05674791,4769077.91438355,1158044.04757855,3716991.19868796,3304647.10554377,237991.15144035,9854.11610101745,2493580.68318693,4458723.73051623,38978779.6096387,49.1395963771863,19.9149470016671,30.0083231099953,25.0898459300481,6.09240344896121,19.5548779392254,17.3855592673809,1.25205782533854,0.0518419407671372,13.118585244039,23.4570903331031,205.065128417712
"2904",1477440.90516161,708980.379150749,1102639.85814699,946386.044582399,252244.315300244,752025.6822489,837571.610475539,52336.9377819469,2007.15092831622,479305.773856548,901245.250523594,7512183.90815683,"Missouri","Mark Alford","Republican","MO","29",3900443.98962664,1871708.20095798,2910969.22550805,2498459.15769753,665924.992392645,1985347.8011371,2211189.05165542,138169.51574434,5298.87845075481,1265367.24298129,2379287.46138229,19832165.517534,20.520012571689,9.84694971042707,15.3144424742637,13.1442506192,3.50339326805895,10.4448011423458,11.6329390343825,0.726901913638151,0.0278770962266141,6.6570246368965,12.517295146161,104.335887613289
"2905",341235.814853545,130357.215907482,305020.215285244,215266.811809575,100026.015008923,188545.661597852,537497.810039947,27033.4460609621,749.106755554729,65933.2832723369,113584.86638837,2025250.24697979,"Missouri","Emanuel Cleaver","Democrat","MO","29",900862.551213358,344143.049995753,805253.368353044,568304.383177279,264068.679623557,497760.546618329,1418994.21850546,71368.2976009399,1977.64183466449,174063.867838969,299864.047265296,5346660.65202665,4.73938631741034,1.81051688760392,4.23639187896172,2.98981683068855,1.38925020845727,2.61868974441461,7.46524736166593,0.375464528624473,0.0104042604938157,0.915740045449124,1.57756758872736,28.1284756524971
"2906",746595.009263413,309596.594657612,403817.89723442,317396.915347098,97326.4029585789,307198.421432389,457233.289561031,28302.6345688185,946.657172771684,184278.51443229,280082.410326962,3132774.74695538,"Missouri","Sam Graves","Republican","MO","29",1971010.82445541,817335.009896095,1066079.24869887,837927.856516338,256941.703810648,811003.832581508,1207095.88444112,74718.9552616809,2499.17493611725,486495.278101245,739417.56326318,8270525.33196221,10.3693751286585,4.29995270357794,5.60858190603361,4.40829049093191,1.35175559664693,4.26664474211652,6.35046235501431,0.393092146789146,0.0131480162884956,2.55942381155958,3.89003347676337,43.5107603743803
"2907",169826.87927456,154941.187826763,619188.964378596,135806.329559723,94705.8852003582,214737.241838864,118583.432923611,5816.5531258346,951.734078362298,38882.1867469681,256332.575723727,1809772.97067737,"Missouri","Eric Burlison","Republican","MO","29",448342.961284838,409044.735862654,1634658.86595949,358528.710037668,250023.536928946,566906.318454602,313060.262918333,15355.7002522033,2512.57796687647,102648.973011996,676717.99991064,4777800.64258825,2.35870665659111,2.15196094203837,8.5998467274805,1.88619902166282,1.31535951667164,2.98246169220645,1.64699212393904,0.0807854600810361,0.013218528866143,0.540030371485668,3.56017466282954,25.1357357038523
"2908",920182.17123293,916092.672342313,638852.746407236,1896138.87688809,317155.033066269,1298902.80944907,113018.28649245,14417.9357277048,699.214181998929,179747.35505549,390770.237120912,6685977.33796446,"Missouri","Jason Smith","Republican","MO","29",2429280.93205494,2418484.65498371,1686571.2505151,5005806.63498456,837289.28729495,3429103.41694554,298368.276340067,38063.3503211406,1845.92544047717,474533.017346495,1031633.42599921,17650980.1722262,12.7803079337907,12.7235093380877,8.87295481121161,26.3352621790012,4.40493101480929,18.0403167979037,1.56969842350625,0.200249107329233,0.00971130808331846,2.49649104243737,5.42736440445711,92.8607963606175
"3001",4043306.88464459,551298.357372336,4124133.78672367,3384922.27461009,2078775.25169051,4750689.15114622,9465564.5526881,251837.231995573,74228.5291644775,217555.95092149,1925224.39410192,30867536.365059,"Montana","Ryan K. Zinke","Republican","MT","30",10674330.1754617,1455427.66346297,10887713.1969505,8936194.80497064,5487966.66446295,12541819.359026,24989090.4190966,664850.292468312,195963.316994221,574347.710432732,5082592.40042906,81490296.0037557,56.1570400645082,7.65692163017133,57.2796359267177,47.0128093695846,28.8718784957016,65.9817937659198,131.46617434289,3.49773933327185,1.03095179395108,3.02161042946513,26.73922769586,428.715782848041
"3002",547445.290672931,98295.7368776616,2175081.93088302,694517.973604331,355490.814287891,884986.007996284,1145240.30654398,16877.3692371851,9119.22927225718,72324.1080011029,375305.866301406,6374684.63367805,"Montana","Troy Downing","Republican","MT","30",1445255.56737654,259500.745357027,5742216.29753117,1833527.45031543,938495.749720033,2336363.06111019,3023434.40927611,44556.2547861687,24074.765278759,190935.645122912,990807.487035712,16829167.4329101,7.60340681490182,1.3652185677453,30.2094712622641,9.64608296672682,4.93737242066516,12.2914723332817,15.9061153686664,0.234407906072016,0.126655962114683,1.00450150001532,5.21258147640842,88.5372865788618
"3101",3071275.92886902,1953711.68616666,2919770.35530865,3923353.91607652,637424.468219313,6350848.45091216,14225124.9417916,434737.515057957,9145.49896264414,687943.432730959,198637.479203067,34411973.6732985,"Nebraska","Mike Flood","Republican","NE","31",8108168.45221423,5157798.85147998,7708193.73801485,10357654.338442,1682800.59609899,16766239.9104081,37554329.8463297,1147707.03975301,24144.1172613805,1816170.66240973,524402.945096097,90847610.497508,42.6566101231809,27.1348845300925,40.5523660459535,54.4910266121739,8.85311761415713,88.2062284848911,197.571179747105,6.03802104247162,0.127020818925613,9.55476989904109,2.75885387782038,477.944078795813
"3102",775934.852212772,372694.834565313,866813.525108018,378981.330720403,60193.4972223822,675772.613749344,1157597.19296767,32740.8038449316,1380.06694024121,188894.008141267,272961.38955598,4783964.11502832,"Nebraska","Don Bacon","Republican","NE","31",2048468.00984172,983914.363252427,2288387.70628517,1000510.71310186,158910.832667089,1784039.70029827,3056056.58943465,86435.7221506193,3643.3767222368,498680.181492945,720618.068427787,12629665.2636748,10.7768729473996,5.17631714674046,12.0390767376114,5.26362959333893,0.836020794755308,9.38573074651866,16.0777387912176,0.45473338673516,0.0191675963922391,2.62352789085093,3.79113041049972,66.44394604206
"3103",547230.020136336,369330.378106709,1304455.27183613,736054.408301323,127629.86615829,1048967.49103043,1894367.87097548,129236.190152518,1567.27743838753,122235.489172615,51732.0056938373,6332806.26900205,"Nebraska","Adrian Smith","Republican","NE","31",1444687.25315993,975032.198201713,3443761.91764737,1943183.63791549,336942.846657885,2769274.17632032,5001131.17937527,341183.542002647,4137.61243734309,322701.691415702,136572.495031731,16718608.5501654,7.600416946338,5.12958858481541,18.1174343310573,10.2229778930739,1.77263702997625,14.5689929309781,26.3106648746595,1.79494708545163,0.0217677421998269,1.69771512739742,0.718500079081074,87.9556426250284
"3201",409043.880987024,264665.625783221,1148206.69500412,293616.829370952,253315.129141673,418107.233552575,439207.253317552,30103.0684822356,3118.74320719348,98380.7177617271,89439.9768362204,3447205.15344449,"Nevada","Dina Titus","Democrat","NV","32",1079875.84580574,698717.252067703,3031265.67481088,775148.429539312,668751.940934016,1103803.0965788,1159507.14875834,79472.100793102,8233.48206699079,259725.09489096,236121.538847622,9100621.60509346,5.68116501370867,3.6759114692114,15.9473152083906,4.07801151904099,3.51826568252323,5.80704491045243,6.10010074052155,0.418098173364383,0.0433158778776872,1.36639885780177,1.24222190050306,47.8778493533957
"3202",3309096.46725146,1850586.22063429,1252354.97363844,4124335.5299243,2468588.36195641,2281697.68017857,6189340.42434434,117114.461804448,53874.2564214125,632728.85610352,443112.579032047,22722829.8112892,"Nevada","Mark E. Amodei","Republican","NV","32",8736014.67354384,4885547.62247453,3306217.13040548,10888245.7990001,6517073.27556492,6023681.87567142,16339858.720269,309182.179163743,142228.036952529,1670404.18011329,1169817.20864461,59988270.7018036,45.9596731562702,25.7025863976985,17.3938190783116,57.2824379156152,34.2859494716168,31.6902455580356,85.9630614492269,1.626589747284,0.748253561408507,8.78790077921555,6.1543413754451,315.594858490128
"3203",388677.958110847,236817.829329983,938274.696481094,274012.144458796,219929.859215021,301818.016087025,408568.713521715,26442.1206886862,2909.04035955809,88910.8608976252,88230.5528649603,2974591.79201531,"Nevada","Susie Lee","Democrat","NV","32",1026109.80941264,625199.069431155,2477045.19871009,723392.061371222,580614.828327656,796799.562469745,1078621.40369733,69807.1986181315,7679.86654923336,234724.672769731,232928.659563495,7852922.33092042,5.39830497376177,3.28913651847199,13.0315930066819,3.80572422859439,3.0545813779864,4.19191689009757,5.67456546557937,0.367251676231753,0.0404033383271957,1.23487306802257,1.22542434534667,41.3137748891015
"3204",237477.838264613,293488.664137476,567747.42238856,224754.381418633,147266.485620973,460395.072161749,204016.965250054,29157.9958521697,1784.49166120864,55634.1404819037,110288.906276099,2332012.36351344,"Nevada","Steven Horsford","Democrat","NV","32",626941.493018579,774810.073322937,1498853.1951058,593351.566945192,388783.522039369,1215442.99050702,538604.788260143,76977.109049728,4711.05798559082,146874.130872226,291162.712568901,6156512.63967548,3.29830330923074,4.07623144635384,7.88538086650778,3.12158863081435,2.04536785584685,6.39437600224651,2.83356896180631,0.404972164613468,0.0247846064056756,0.772696395581996,1.53179036494582,32.3890606043533
"3301",1151512.32828901,1019867.17622945,1746581.69263219,955901.778145942,2644157.05278582,1303049.56547305,7398752.63459909,217024.358433689,37224.2135141623,352711.806224095,821338.667051989,17648121.2733785,"New Hampshire","Chris Pappas","Democrat","NH","33",3039992.54668299,2692449.34524574,4610975.66854898,2523580.69430529,6980574.61935456,3440050.85284885,19532706.9553416,572944.30626494,98271.9236773885,931159.168431611,2168334.08101725,46591040.1617192,15.9932267817918,14.1648218920757,24.258079064336,13.2764135853603,36.7244035109142,18.0979106315701,102.760453258321,3.01422720046791,0.517002965474477,4.89877508644576,11.4074814868332,245.11279546359
"3302",1243668.29654556,1984701.90458249,2109291.13929681,1624583.3812506,1854212.54117572,2315545.05552961,3580216.98230802,97878.9209808567,219856.015762539,1382942.29552998,841848.234357036,17254744.7673192,"New Hampshire","Maggie Goodlander","Democrat","NH","33",3283284.30288028,5239613.02809776,5568528.60774358,4288900.12650158,4895121.1087039,6113038.94659817,9451772.83329317,258400.351389462,580419.881613102,3650967.66019914,2222479.33870258,45552526.1857227,17.273170785355,27.5653042303123,29.2957102680112,22.563658072925,25.7529519607739,32.1603479934668,49.7252358653892,1.35942945806745,3.0535557744797,19.2075318823608,11.6923365882922,239.649232879434
"3401",1388939.54626447,1304621.75817027,1691381.98662763,2638479.57297728,432658.166412032,2527520.47087737,146614.701288026,83106.3447526582,8158.64211951909,543612.035741167,622737.445421905,11387830.6706523,"New Jersey","Donald Norcross","Democrat","NJ","34",3666800.40213821,3444201.44156951,4465248.44469694,6965586.07266002,1142217.55932776,6672654.04311627,387062.811400388,219400.750147018,21538.8151955304,1435135.77435668,1644026.85591383,30063872.9705222,19.290827031451,18.1197466412538,23.4914164809393,36.6455496246844,6.00914120016711,35.104450984408,2.03631529566703,1.15425478823136,0.11331447388221,7.55016716307177,8.64913118641534,158.164314870171
"3402",664311.135937655,674551.294526418,1055187.48379258,1096741.66768166,489405.038723274,1284528.98145818,169119.763714646,40086.8199431558,5902.67704432671,211923.691192866,357752.492659565,6049511.04667433,"New Jersey","Jeff Van Drew","Republican","NJ","34",1753781.39887541,1780815.41754974,2785694.95721242,2895398.00267957,1292029.30222944,3391156.5110496,446476.176206666,105829.204649931,15583.0673970225,559478.544749167,944466.580621252,15970709.1632202,9.22654355468966,9.36876797953359,14.6553817193415,15.2325231622452,6.79729220448992,17.8406802980303,2.34888560714786,0.556761388099386,0.0819816256156488,2.94338459990092,4.96878462027174,84.0209867593657
"3403",1768282.67589818,3082314.01143245,2244229.61920398,2579238.09495121,1176039.28808379,6384620.37322659,142765.668317203,156134.21835398,26776.0647691448,917055.598821845,1383064.77298402,19860520.3860424,"New Jersey","Herbert C. Conaway, Jr.","Democrat","NJ","34",4668266.26437119,8137308.99018166,5924766.19469852,6809188.57067118,3104743.7205412,16855397.7853182,376901.364357417,412194.336454508,70688.8109905423,2421026.78088967,3651291.00067782,52431773.8191519,24.5594816096969,42.8099168254506,31.1698558222776,35.8227513187668,16.3338790011637,88.6752829614805,1.9828565044056,2.16853081047195,0.371889788460345,12.7368833169701,19.2092329581114,275.840560917255
"3404",491276.466874846,806460.786285057,748669.81748987,652231.129254703,431542.549668033,1362049.19571273,81969.5339224214,33914.4799090863,7395.8653745442,238666.541484293,364222.265512086,5218398.63148767,"New Jersey","Christopher H. Smith","Republican","NJ","34",1296969.87254959,2129056.47579255,1976488.31817326,1721890.18123242,1139272.33112361,3595809.8766816,216399.569555192,89534.2269599877,19525.0845887967,630079.669518534,961546.780951908,13776572.3871274,6.82328426215064,11.2008442539591,10.3981919095815,9.0587656840931,5.99364652316713,18.9173499404545,1.13846574892252,0.471034443181753,0.102720352424225,3.31481307617074,5.05864257655676,72.477758770662
"3405",693247.682866749,1323761.16362152,1349109.84694974,1095112.11240836,1253839.16554315,1842611.53403996,113009.205851082,63065.7834008276,14328.0604785307,475760.359881416,514998.068281741,8738842.98332307,"New Jersey","Josh S. Gottheimer","Democrat","NJ","34",1830173.88276822,3494729.4719608,3561649.99594732,2891095.97675807,3310135.39703391,4864494.4498655,298344.303446856,166493.668178185,37826.079663321,1256007.35008694,1359594.9002638,23070545.4759729,9.62844003981596,18.3855717169655,18.7376367631909,15.2098904501161,17.4144328547659,25.5918268616661,1.56957230348725,0.875913658344827,0.199000839979593,6.60778277613078,7.15275094835752,121.37281921282
"3406",2388004.15037202,3068933.11722118,1660603.91225665,2066644.51147222,2044337.6491888,3486968.03658308,220226.275638226,47818.7868547465,34782.5546986369,717920.217487298,777316.112416353,16513555.3241892,"New Jersey","Frank Pallone Jr.","Democrat","NJ","34",6304330.95698213,8101983.4294639,4383994.32835757,5455941.51028665,5397051.39385842,9205595.61657933,581397.367684915,126241.597296531,91825.9444044013,1895309.37416647,2052114.53677917,43595786.0558595,33.1667243107225,42.6240710725163,23.0639432257869,28.7033959926697,28.3935784609555,48.4301116192094,3.05869827275313,0.664149817427035,0.483091037481068,9.97111413176802,10.7960571168938,229.354935058183
"3407",967867.254492695,1669554.53434764,1242696.45160023,1242011.74939196,932490.803529234,2663301.85414607,131449.773417477,60764.2474531598,15846.1953624748,479267.121249544,969840.836909957,10375090.8219004,"New Jersey","Thomas H. Kean, Jr.","Republican","NJ","34",2555169.55186071,4407623.97067776,3280718.6322246,3278911.01839478,2461775.72131718,7031116.89494563,347027.401822139,160417.613276342,41833.9557569335,1265265.2000988,2560379.80944229,27390239.7698172,13.442600756843,23.1882574214949,17.2596729388921,17.2501631859995,12.9512611601283,36.9903035298065,1.82569129746495,0.843947881293885,0.220086046701039,6.65648779513255,13.4700116237494,144.098483637506
"3408",1041121.07734493,2089650.91770247,1455439.09482072,1578217.15554325,1353850.22681044,2032821.09366591,189168.143669594,53152.9213076474,16723.5603081021,567275.503028302,686157.380832396,11063577.0750338,"New Jersey","Robert Menendez","Democrat","NJ","34",2748559.6441906,5516678.42273453,3842359.21032671,4166493.29063417,3574164.59877957,5366647.687278,499403.899287729,140323.712252189,44150.1992133895,1497607.32799472,1811455.48539752,29207843.4780891,14.460014963124,29.0229294125343,20.2144318725101,21.9196827158784,18.8034753723673,28.2336263009154,2.62733532874436,0.73823501816177,0.232271670945862,7.87882643094864,9.52996362267216,153.660792708802
"3409",531487.582003139,1089419.6602888,1153490.07400348,889055.053730845,882230.603983648,1312701.67019159,77646.3248185929,45923.4171121466,11146.8249900787,413199.364548836,435357.95413416,6841658.52980532,"New Jersey","Nellie Pou","Democrat","NJ","34",1403127.21648829,2876067.90316244,3045213.79536919,2347105.34184943,2329088.79451683,3465532.40930581,204986.297521085,121237.821176067,29427.6179738078,1090846.32240893,1149344.99891418,18061978.5186861,7.38177197226582,15.1308286151223,16.0206954722706,12.3479868573728,12.2532028331062,18.2319676415499,1.07842117803601,0.637825237668703,0.154817013751093,5.73888006317828,6.04663825186334,95.0230351361851
"3410",1174128.66644542,1963529.33860742,1644123.06188472,1574989.8530622,1547742.31089044,2062443.74979447,136849.784001295,53842.5621131039,20735.9087100877,592727.386393424,897490.173525486,11668602.7954281,"New Jersey","LaMonica McIver","Democrat","NJ","34",3099699.6794159,5183717.45392358,4340484.88337567,4157973.21208421,4086039.70075077,5444851.49945739,361283.429763419,142144.363978594,54742.7989946316,1564800.30007864,2369374.05810728,30805111.3799301,16.3073425895197,27.2712408139919,22.8350425261767,21.8748590703084,21.4964209845895,28.6450520804787,1.90069144446243,0.747813362681999,0.287998732084552,8.23232481101978,12.4651412989651,162.063927714279
"3411",663912.578944817,1515520.17557534,1357504.73964337,1157907.4537227,914418.21156794,1621744.42915007,113426.868936682,53793.1122453357,13720.6044310918,458085.994615145,701596.18358985,8571630.35242235,"New Jersey","Vacant","Democrat","NJ","34",1752729.20841432,4000973.2635189,3583812.5126585,3056875.67782794,2414064.07853936,4281405.29295619,299446.933992842,142013.816327686,36222.3956980823,1209347.02578398,1852213.9246772,22629104.130395,9.22100804090024,21.0488913274353,18.8542324950468,16.0820479683709,12.7002529384436,22.5242281826399,1.57537317967614,0.747126558962996,0.19056395043183,6.3623054807659,9.74439143874792,119.050421561422
"3412",3412378.3576159,6036992.75367769,3262487.20414263,3948717.83030833,2655517.87705584,11682078.892668,261361.721502955,253909.940295281,57017.1707166396,1585908.54069242,2320800.42627663,35477170.7149523,"New Jersey","Bonnie Watson Coleman","Democrat","NJ","34",9008678.86410599,15937660.8697091,8612966.21893656,10424615.072014,7010567.19542742,30840688.2766436,689994.944767802,670322.242379542,150525.330691929,4186798.54742798,6126913.1253703,93659730.6874742,47.3941438557764,83.8471215788568,45.3123222797588,54.8433031987269,36.8821927368867,162.2510957315,3.63002390976327,3.52652694854557,0.791905148842217,22.0265075096169,32.233339253842,492.738482152116
"3501",3551436.24410493,1578671.21730796,3603361.45564746,3960345.88140904,1803836.38143317,2334132.9647873,5933015.43568595,80484.7854796207,12649.6517444292,737579.261348489,742075.312854752,24337588.5918031,"New Mexico","Melanie A. Stansbury","Democrat","NM","35",9375791.68443701,4167692.01369302,9512874.2429093,10455313.1269199,4762128.04698358,6162111.02703847,15663160.7502109,212479.833666199,33395.080605293,1947209.24996001,1959078.82593655,64251233.8823602,49.3255033903462,21.9259891292772,50.0466868839925,55.0048039084589,25.0532830754608,32.4185133998236,82.4029921623049,1.11784424277251,0.175689607561516,10.2441564076179,10.3066015674271,338.022063775043
"3502",2763111.23266323,1508039.52736118,4214976.27230942,1985124.22628502,1836703.89159004,1983188.77782856,3884169.06860399,128256.670005755,9222.82549716982,747258.850323479,269957.059037447,19330008.4015053,"New Mexico","Gabe Vasquez","Democrat","NM","35",7294613.65423092,3981224.35223352,11127537.3588969,5240727.95739245,4848898.2737977,5235618.37346741,10254206.3411145,338597.608815192,24348.2593125283,1972763.36485399,712686.63585886,51031222.179974,38.3765448981004,20.944993435572,58.5413371154087,27.5711698095141,25.5097762720838,27.5442885809523,53.9467926194999,1.78134263896882,0.128094798571803,10.3785951433817,3.74940359774232,268.472338909796
"3503",737773.641679786,578668.893241896,2383042.86211615,350647.420777766,466807.434368475,1307638.26941327,446827.961058473,162710.1388554,1299.59654189302,347702.066951842,734933.550908457,7518051.83591341,"New Mexico","Teresa Leger Fernandez","Democrat","NM","35",1947722.41403464,1527685.87815861,6291233.15598664,925709.190853302,1232371.62673278,3452165.03125104,1179625.81719437,429554.766578257,3430.93487059756,917933.456752862,1940224.57439833,19847656.8468114,10.2468561344415,8.037067961693,33.097817529391,4.87010306635786,6.48343658845105,18.1616426307399,6.2059439035899,2.25986303965834,0.0180499519707363,4.82919537433113,10.2074104292841,104.417386609909
"3601",1615744.04663265,4716933.3558502,2341183.04980092,2129444.60020122,1939632.25329104,9965246.21482637,32782.0424731164,118338.25397822,40213.4120502448,1017448.79556554,877830.047244903,24794796.0719144,"New York","Nick LaLota","Republican","NY","36",4265564.28311019,12452704.0594445,6180723.25147443,5621733.74453123,5120629.14868834,26308250.0071416,86544.5921290274,312412.990502501,106163.407812646,2686064.82029301,2317471.32472654,65458261.6298541,22.4408895365646,65.5129632756972,32.516431247235,29.5756194472392,26.9393368512644,138.406197428144,0.455306145459951,1.64358686080861,0.558519611808956,14.1312332717436,12.1920839895125,344.372167665478
"3602",872900.993164625,1316167.70132205,1061084.97725976,676439.402297388,854344.348085574,2512077.73910796,38895.9145906864,54717.7392975563,12269.2538878901,385858.316518476,384153.008458098,8168909.39399007,"New York","Andrew R. Garbarino","Republican","NY","36",2304458.62195461,3474682.73149022,2801264.33996578,1785800.0220651,2255469.07894592,6631885.23124501,102685.214519412,144454.831745549,32390.8302640299,1018665.95560878,1014163.94232938,21565920.8001338,12.1236249050642,18.2801069628063,14.7372913508301,9.39499169857483,11.8658937234108,34.8899685987217,0.540221035981755,0.759968601354949,0.170406303998474,5.35914328497883,5.33545845080691,113.457074916529
"3603",1894780.38656983,1184922.14779929,1616399.37281297,782092.842846536,1594203.38522983,2087750.44110813,21319.2718314751,93375.2228998637,15507.2706686071,474155.498425531,437675.373477492,10202181.2136695,"New York","Thomas R. Suozzi","Democrat","NY","36",5002220.22054435,3128194.47019012,4267294.34422625,2064725.10511485,4208696.93700675,5511661.16452545,56282.8776350942,246510.58845564,40939.1945651229,1251770.5158434,1155462.98598058,26933758.4040876,26.3163942579143,16.4572520527679,22.4499912890691,10.8624005950908,22.1417136837476,28.9965339042795,0.296100997659376,1.29687809583144,0.21537875928621,6.58549303368792,6.07882463163183,141.696961300966
"3604",1127645.45454054,1025015.00851192,1503539.65495946,707723.213975569,1722330.63393532,1821267.68384767,50094.0773647904,109140.250536108,14915.718978234,445150.987403428,396349.677613239,8923172.36166628,"New York","Laura Gillen","Democrat","NY","36",2976983.99998703,2706039.62247146,3969344.68909298,1868389.2848955,4546952.87358925,4808146.68535784,132248.364243047,288130.261415325,39377.4981025377,1175198.60674505,1046363.14889895,23557175.034799,15.6617424241742,14.2363195626655,20.8824952077703,9.82948908299402,23.9212588046572,25.2953844978842,0.695751074510978,1.5158368130015,0.207162763586583,6.18265260282539,5.5048566335172,123.932949467587
"3605",854032.702729589,887634.790718194,1290295.58453192,656738.086077414,1450946.76108805,1671971.598211,21385.7945900802,88131.4702904361,11966.1572360318,433227.64072888,505093.974042022,7871424.56024362,"New York","Gregory W. Meeks","Democrat","NY","36",2254646.33520612,2343355.84749603,3406380.34316427,1733788.54724437,3830499.44927246,4414005.01927704,56458.4977178118,232667.081566751,31590.6551031241,1143720.97152424,1333448.09147094,20780560.8390432,11.8615653156887,12.3282609821971,17.9207720073878,9.12136230663076,20.1520383484452,23.2218277529305,0.297024924862226,1.22404819847828,0.16619662827822,6.01705056567889,7.01519408391698,109.325341114495
"3606",1066525.70665413,1267839.13917774,1637146.53557764,879565.686862319,1629931.05321629,2201765.68162878,33030.1604616677,99255.3423328987,14556.8179513668,588872.291370108,683380.648524678,10101869.0637576,"New York","Grace Meng","Democrat","NY","36",2815627.8655669,3347095.32742924,4322066.85392498,2322053.41331652,4303017.980491,5812661.39949999,87199.6236188027,262034.103758853,38429.9993916083,1554622.84921709,1804124.91210515,26668934.3283201,14.8128570368629,17.6088769330242,22.7381463274673,12.21619009531,22.6379312946707,30.5800789115109,0.458752228634273,1.37854642129026,0.202178027102316,8.17878182458484,9.49139789617608,140.303736996634
"3607",1014692.76462716,1506871.81402673,1666446.44919733,919895.812645786,1401985.79720772,2128195.09119436,35721.504776706,99024.8947047134,13016.8067077768,708136.727414102,863977.929202573,10357965.591705,"New York","Nydia M. Velázquez","Democrat","NY","36",2678788.8986157,3978141.58903058,4399418.62588094,2428524.94538487,3701242.50462838,5618435.04075311,94304.7726105038,261425.722020443,34364.3697085308,1869480.96037323,2280901.73309479,27345029.1621011,14.0929550642661,20.9287751948158,23.1450895721851,12.7763307311915,19.4720249612183,29.5582651554772,0.496132010787583,1.37534575978769,0.180788982052456,9.83523232519586,11.9996934611469,143.860633218124
"3608",793322.766159624,1066576.40874336,1253733.72557251,692607.963710987,1256775.17449615,1807135.63595327,32126.433010245,77253.531909905,11286.082959804,547913.216079377,717299.044392699,8256029.98298794,"New York","Hakeem S. Jeffries","Democrat","NY","36",2094372.10266141,2815761.71908248,3309857.03551144,1828485.024197,3317886.46066983,4770838.07891663,84813.7831470468,203949.324242149,29795.2590138825,1446490.89044956,1893669.47719673,21795919.1550882,11.018371752217,14.8135612325467,17.4129684107294,9.61955505154148,17.455210756891,25.0991060549065,0.446200458475625,1.0729657209709,0.1567511522195,7.60990577888024,9.96248672767638,114.667083097055
"3609",795881.344721679,1113943.10541531,1262908.37907705,681039.433553904,1129653.50256393,1610039.38781523,27867.6426759775,76851.8796739463,10375.958295072,623817.585328768,776315.27535215,8108693.49447301,"New York","Yvette D. Clarke","Democrat","NY","36",2101126.75006523,2940809.79829641,3334078.12076342,1797944.10458231,2982285.24676877,4250503.98383221,73570.5766645806,202888.962339218,27392.52989899,1646878.42526795,2049472.32692968,21406950.8254088,11.0539075655789,15.471432019657,17.5403941538479,9.458881021582,15.6896319800545,22.3616581641004,0.38705059272191,1.0673872176937,0.144110531876,8.66413312956622,10.7821566021132,112.620742978792
"3610",1197427.45800519,2359743.88564928,2189957.25138062,1297414.87473786,1174750.45402454,2641865.79750745,68884.1562570771,137591.750432413,13587.1813730658,1061434.08868059,984804.551917278,13127461.4499654,"New York","Daniel S. Goldman","Democrat","NY","36",3161208.4891337,6229723.8581141,5781487.14364484,3425175.26930796,3101341.19862478,6974525.70541966,181854.172518684,363242.221141572,35870.1588248938,2802185.99411675,2599884.01706161,34656498.2279086,16.6309369167387,32.7742206340178,30.416072935842,18.0196510380259,16.3159785281186,36.6925805209368,0.956724392459404,1.91099653378352,0.188710852403692,14.7421401205637,13.6778409988511,182.325853471741
"3611",674629.643075,1038653.32175374,1178984.24790558,633647.075292229,916935.957103638,1579381.31906562,41837.5778406499,77975.189056033,11522.8444126289,538186.615407105,601903.692678241,7293657.48359047,"New York","Nicole Malliotakis","Republican","NY","36",1781022.257718,2742044.76942988,3112518.41447074,1672828.27877148,2420710.9267536,4169566.68233325,110451.205499316,205854.499107927,30420.3092493402,1420812.66467476,1589025.74867056,19255255.7566788,9.36985615381944,14.4257405799131,16.3747812209109,8.80065382350318,12.7352216264394,21.9358516536892,0.581077470009026,1.08298873688935,0.160039505730956,7.47481410287646,8.35977350942001,101.300798383201
"3612",1359494.98413898,2034267.31419893,2304916.38111104,1243943.22161804,1647691.42258452,2627357.76350817,74224.0265209275,130355.216346979,15661.0325267192,905085.804063491,992787.682297987,13335784.8489158,"New York","Jerrold Nadler","Democrat","NY","36",3589066.75812691,5370465.70948518,6084979.24613315,3284010.10507162,4349905.35562313,6936224.49566158,195951.430015249,344137.771156024,41345.1258705388,2389426.52272762,2620959.48126668,35206472.0011377,18.8818747797081,28.2537126972074,32.0127275154311,17.2769891891394,22.8846030914516,36.4910800487246,1.0308892572351,1.81048911593026,0.217514340648878,12.5706361675485,13.7887178096943,185.219234012719
"3613",2238743.14237302,2655170.70840738,3195313.00958631,2137481.3604089,5543792.41765121,5440797.04151616,51652.5207329732,209733.673021529,46556.3719084163,1230651.16372525,824940.922901301,23574832.3322325,"New York","Adriano Espaillat","Democrat","NY","36",5910281.89586479,7009650.67019547,8435626.34530787,5642950.7914795,14635611.9825992,14363704.1896027,136362.654735049,553696.896776836,122908.821838219,3248919.07223467,2177844.03645943,62237557.3570937,31.0936547551809,36.8773709501024,44.3793473553655,29.6872411167903,76.9971169118223,75.5666255766133,0.717396121291295,2.91296768085456,0.646616276505782,17.0923772739619,11.4575128180736,327.428226836562
"3614",1424890.14165627,1604440.01334074,1968418.9375935,1229146.55035024,2820098.91767544,2999574.4670868,43240.8516125532,150127.430889949,24008.2008717957,754898.21813283,620106.61858362,13638950.3477937,"New York","Alexandria Ocasio-Cortez","Democrat","NY","36",3761709.97397255,4235721.63521954,5196625.99524685,3244946.89292464,7445061.14266317,7918876.59310916,114155.84825714,396336.417549464,63381.6503015408,1992931.29587067,1637081.47306076,36006828.9181755,19.7901408563371,22.2838890741769,27.3391519110209,17.0714798659756,39.16804052327,41.6607564873167,0.600567383507683,2.08510320680484,0.333447234330497,10.4846974740671,8.6125919247725,189.42986594158
"3615",1578038.7229355,1560223.34766079,2075738.28173456,1353681.51594408,3702001.29827017,3487256.7853713,48562.457431003,158814.459201078,30598.1733828582,759137.119265256,559612.108406389,15313664.269603,"New York","Ritchie Torres","Democrat","NY","36",4166022.22854971,4118989.63782448,5479949.06377923,3573719.20209238,9773283.42743326,9206357.91338024,128204.887617848,419270.172290846,80779.1777307458,2004121.99486028,1477375.96619287,40428073.6717519,21.9172044852152,21.6697687175109,28.8296983574244,18.8011321658901,51.4166846981969,48.4341220190459,0.674478575430597,2.20575637779275,0.424974630317476,10.5435711009063,7.77239039453318,212.689781522264
"3616",937403.843241581,890613.571721563,1534479.31846531,593203.470499329,1192617.46480567,1412098.18748698,44213.275553771,71771.8197504137,9983.33715307702,426685.803999022,426057.46033209,7539127.55300881,"New York","George Latimer","Democrat","NY","36",2474746.14615777,2351219.82934493,4051025.40074843,1566057.16211823,3148510.10708696,3727939.21496563,116723.047461955,189477.604141092,26356.0100841233,1126450.52255742,1124791.69527672,19903296.7399433,13.0194978227997,12.3696329405773,21.3122127564627,8.23893709026846,16.5641314556343,19.6124748262081,0.614073271580152,0.996830829866858,0.138657460459403,5.92619172220864,5.91746472683458,104.7101049029
"3617",839628.866695052,976447.832795884,1411801.79458598,631720.244416691,880890.195011048,1352550.87748957,156009.201505359,61563.5649458679,9130.73188725297,547144.207419124,523258.331489988,7390145.84824182,"New York","Michael Lawler","Republican","NY","36",2216620.20807494,2577822.27858113,3727156.73770699,1667741.44526006,2325550.11482917,3570734.31657248,411864.291974149,162527.811457091,24105.1321823478,1444460.70758649,1381401.99513357,19509985.0393584,11.6615120374313,13.5617754554984,19.6083582581386,8.77389228356515,12.2345860418201,18.7854288540219,2.16679446535221,0.855049513137054,0.126815720656291,7.59922510304339,7.26747682624983,102.640914558914
"3618",2366307.47995189,535730.139387474,1070611.90026217,478556.391638881,745343.41103328,938935.055515939,61238.3758993672,43288.0971032692,11270.836670259,305843.124524508,400732.875493993,6957857.68748103,"New York","Patrick Ryan","Democrat","NY","36",6247051.74707299,1414327.56798293,2826415.41669213,1263388.87392664,1967706.60512786,2478788.54656208,161669.312374329,114280.576352631,29755.0088094838,807425.8487447,1057934.79130414,18368744.2949499,32.8653816659985,7.44069638038159,14.8696097258635,6.64661655054001,10.3519918199067,13.0407646599436,0.850532998602322,0.601223570878739,0.156539398198042,4.2478211739515,5.56573438186102,96.6369123261254
"3619",14026664.9007051,10803856.9567991,5516708.8354001,10733258.4493307,3575449.68905057,33769210.832988,237836.241746898,620034.158070907,39854.8435775415,2891872.97039484,6087071.47134451,88301819.3494083,"New York","Josh Riley","Democrat","NY","36",37030395.3378615,28522182.3659497,14564111.3254563,28335802.3062331,9439187.1790935,89150716.5990883,627887.678211811,1636890.17730719,105216.78704471,7634544.64184238,16069868.6843495,233116803.082438,194.814790287571,150.053568844432,76.6209560472236,149.073034018482,49.6590234590357,469.016817124833,3.30328113537359,8.61158552876259,0.553539494132521,40.164902366595,84.5426593242294,1226.41415763067
"3620",1200719.97793584,1615102.88754017,1797180.94356623,3011154.11040714,1645069.57914603,2649729.09345337,57391.6281233761,370427.899180353,5710.41960706272,686023.961478503,1171104.13106653,14209614.6315046,"New York","Paul Tonko","Democrat","NY","36",3169900.74175062,4263871.62310605,4744557.69101483,7949446.85147486,4342983.68894551,6995284.8067169,151513.898245713,977929.653836132,15075.5077626456,1811103.25830325,3091714.90601565,37513382.6271722,16.67666636022,22.431984549169,24.9608464384198,41.8215848667659,22.8481885992504,36.8017929646301,0.797105946158001,5.14483193306046,0.0793113834314267,9.52811057609032,16.2653351537019,197.355758770897
"3621",643506.806052905,850211.811883978,710223.855274889,1779607.921142,539596.884240526,980540.364772268,200308.032823666,78209.6035067352,2967.33271185832,226773.122692402,776792.511596215,6788738.24669745,"New York","Elise M. Stefanik","Republican","NY","36",1698857.96797967,2244559.1833737,1874990.97792571,4698164.91181488,1424535.77439499,2588626.56299879,528813.20665448,206473.353257781,7833.75835930595,598681.043907941,2050732.23061401,17922268.9712813,8.93759452851257,11.8084973872775,9.86422021215124,24.7167766825278,7.4944011700073,13.6186161773926,2.78205601143981,1.0862444931491,0.0412129543313655,3.14962670406114,10.7887848832808,94.2880312041312
"3622",2720662.07054143,2874148.50722675,2101973.65445112,2973139.64280946,1776264.69595361,7632217.48691324,220346.577410772,99402.8027889092,16990.7601453648,1892207.03163408,1455943.51934852,23763296.7492232,"New York","John W. Mannion","Democrat","NY","36",7182547.86622938,7587752.05907861,5549210.44775096,7849088.65701696,4689338.79731753,20149054.165451,581714.964364438,262423.39936272,44855.6067837631,4995426.56351398,3843690.89108009,62735103.4179494,37.7869732019643,39.9187292670381,29.1940785340433,41.2936061501313,24.6703429993557,106.003020651573,3.06036913070516,1.38059448317929,0.235982779796733,26.2806532171401,20.2214377687294,330.045788183656
"3623",2414666.91119583,2691645.33243533,1881438.09469669,2532039.04485724,645899.223848553,5251865.93819687,31000.0493624945,186854.399903644,14082.2374233298,726173.322823482,1341766.66573669,17717431.2204801,"New York","Nicholas A. Langworthy","Republican","NY","36",6374720.64555699,7105943.67762926,4966996.56999925,6684583.07842312,1705173.95096018,13864926.0768397,81840.1303169855,493295.61574562,37177.1067975906,1917097.57225399,3542263.99754485,46774018.4220676,33.5370404332754,37.3839629504906,26.1310846485651,35.1672089563506,8.97082255345212,72.9425824749566,0.430556241145757,2.59519999866172,0.19558663087958,10.0857405947706,18.6356481352318,246.07543361778
"3624",1735411.35951346,2094646.40699064,1952051.00386547,1908415.86850886,918402.692151268,4791369.8254084,38280.8582767433,159534.202602171,10721.9625563589,882971.867268241,1183882.08315033,15675688.1302919,"New York","Claudia Tenney","Republican","NY","36",4581485.98911552,5529866.51445529,5153414.65020485,5038217.89286338,2424583.10727935,12649216.3390782,101061.465850602,421170.294869732,28305.9811487876,2331045.72958816,3125448.69951687,41383816.6639707,24.102935548798,29.0923112082033,27.1118194981316,26.5057759515119,12.7555929465454,66.5468031306722,0.53167858717699,2.21575281391905,0.148916146616096,12.2634981565033,16.4428067104212,217.717890698499
"3625",1221048.00094658,3274299.75017445,4801862.85949168,2897265.38034271,1170615.35367091,8377261.77503768,16211.1670418271,346985.638205902,16134.914766581,1526568.12405336,2627923.10067737,26276176.064409,"New York","Joseph D. Morelle","Democrat","NY","36",3223566.72249896,8644151.34046056,12676917.949058,7648780.60410475,3090424.5336912,22115971.0860995,42797.4809904235,916042.084863582,42596.1749837739,4030139.84750088,6937716.98578827,69369104.8100399,16.9590000131469,45.4763854190896,66.6925397151622,40.2397969492043,16.2585465787626,116.350857986634,0.225155097803154,4.81924497508197,0.224096038424737,21.2023350562967,36.4989319538524,364.946889783459
"3626",1582785.11151627,3336033.82407995,2254367.53369349,2812745.42834989,427297.716523264,1987362.53435021,8657.25813310738,276510.622912171,22158.4378008743,898789.992751993,1469139.18376185,15075847.6438731,"New York","Timothy M. Kennedy","Democrat","NY","36",4178552.69440295,8807129.29557107,5951530.2889508,7425647.93084372,1128065.97162142,5246637.09068455,22855.1614714035,729988.044488131,58498.2757943081,2372805.58086526,3878527.44513129,39800237.7798249,21.9831265488371,46.3338031122215,31.3106601901873,39.0659087270819,5.93469050726755,27.6022574215307,0.120239696293158,3.8404253182246,0.307756080567698,12.4831943437777,20.4047108855813,209.38677283157
"3701",696607.47537054,711309.245358873,1772945.48196423,1133298.03486298,520657.756659453,961126.287156842,23065.442512199,60377.236136172,4143.56495277002,265563.497315137,269340.016357912,6418434.03864711,"North Carolina","Donald G. Davis","Democrat","NC","37",1839043.73497822,1877856.40774742,4680576.07238557,2991906.81203827,1374536.47758096,2537373.39809406,60892.7682322055,159395.903399494,10939.0114753128,701087.632911962,711057.643184888,16944665.8620284,9.67510382459083,9.87929507442879,24.6242428050588,15.7402504842081,7.2313577313813,13.3489762105117,0.320353368224987,0.838572724113501,0.0575495132329169,3.68838190715468,3.74083356052656,89.1449172034321
"3702",3254029.80503207,4407949.67329764,6085018.05700201,7103415.07637462,1397530.22901727,4755668.44897706,68232.7204411408,423616.094356848,2097.94720248598,957472.069299646,1957608.07748494,30412638.1984857,"North Carolina","Deborah K. Ross","Democrat","NC","37",8590638.68528466,11636987.1375058,16064447.6704853,18753015.801629,3689479.80460559,12554964.7052995,180134.381964612,1118346.48910208,5538.58061456298,2527726.26295106,5168085.32456024,80289364.8440024,45.1948584032232,61.221523240245,84.5141396805835,98.6585427274253,19.4101420696843,66.050950680237,0.947676672793622,5.88355686606733,0.029138155590083,13.2982231847173,27.1890010761797,422.397752756746
"3703",789088.256486506,483074.615295251,1302511.29145185,677615.634498116,907617.187055969,731795.158017127,25530.9169134359,35154.8639388457,3954.63473615485,435179.982959789,243056.363017379,5634578.90437043,"North Carolina","Gregory F. Murphy","Republican","NC","37",2083192.99712437,1275316.98437946,3438629.80943289,1788905.27507503,2396109.37382776,1931939.21716522,67401.6206514708,92808.8407985528,10440.2357034488,1148875.15501384,641668.79836588,14875288.3075379,10.9595591178681,6.70936965687849,18.090434603498,9.41132825691828,12.6057942646662,10.1638216391268,0.354596068242165,0.488261999150635,0.0549254824465951,6.04416642999706,3.37578281968582,78.2580403384782
"3704",8011281.57599065,9992581.4429471,8899072.2261154,6840893.77634126,3044738.52234911,13815820.9716657,223426.565833786,932512.474210778,5391.61043876525,3745241.68678643,2327747.42460264,57838708.2772816,"North Carolina","Valerie P. Foushee","Democrat","NC","37",21149783.3606153,26380415.0093803,23493550.6769447,18059959.5695409,8038109.69900165,36473767.3651974,589846.133801195,2461832.93191646,14233.8515583403,9887438.05311617,6145253.20095098,152694189.852023,111.267799666537,138.785853374265,123.598225362714,95.0124135602953,42.2880350326265,191.886402384245,3.10314674769147,12.9515621418164,0.074883478316184,52.0172456498115,32.3298253417034,803.315392740022
"3705",1102880.6407216,978709.229474326,2150686.08321822,1028746.00868181,489583.00587714,1542315.22786789,54672.9514230143,58665.5382683016,2376.95808436972,662338.268946986,842550.465776028,8913524.37833968,"North Carolina","Virginia Foxx","Republican","NC","37",2911604.89150502,2583792.36581222,5677811.25969609,2715889.46291997,1292499.13551565,4071712.20157122,144336.591756758,154877.021028316,6275.16934273606,1748573.03002004,2224333.22964871,23531704.3588167,15.3177866766889,13.593183742699,29.8706400446974,14.2881390094696,6.79976397051583,21.4210448314984,0.759346547541865,0.8147991426153,0.0330133067273572,9.1991426242637,11.7020898024448,123.798949699162
"3706",827245.942790348,787356.943306129,1702351.28642101,999868.620017468,248430.799473607,1206575.00017088,42749.9377809391,61431.4000963358,1764.34963711788,392234.599708076,997348.454239459,7267357.33364136,"North Carolina","Addison P. McDowell","Republican","NC","37",2183929.28896652,2078622.33032818,4494207.39615146,2639653.15684611,655857.310610323,3185358.00045112,112859.835741679,162178.896254327,4657.8830419912,1035499.34322932,2632999.91919217,19185823.3608132,11.4895269831993,10.935513101474,23.6437678669584,13.8870641669093,3.45042777046677,16.7579861134844,0.593749135846376,0.853213890226886,0.0245048560710817,5.44770277372328,13.8520618644369,100.935518522797
"3707",588246.026638901,382102.424972994,967863.204527255,438444.070030181,660163.910712629,523308.885472751,45115.7512104418,23990.7979956207,14506.9346781762,268555.295906381,424236.871031834,4336534.17317716,"North Carolina","David Rouzer","Republican","NC","37",1552969.5103267,1008750.4019287,2555158.85995195,1157492.34487968,1742832.72428134,1381535.45764806,119105.583195566,63335.7067084387,38298.3075503851,708985.981192845,1119985.33952404,11448450.2171877,8.17008370331807,5.30697812462491,13.442544507323,6.0895009726414,9.16894320434207,7.26817896489932,0.626607655700581,0.333205527716955,0.201485203863558,3.7299346653664,5.89217876433103,60.2296412941273
"3708",505794.701848647,657839.951079331,1071074.02184859,948296.50014156,180781.975375228,693398.968464094,40892.3851299424,63091.4842771654,2653.89204688189,279954.381132181,565407.998407254,5009186.25975088,"North Carolina","Mark Harris","Republican","NC","37",1335298.01288043,1736697.47084943,2827635.41768029,2503502.76037372,477264.414990603,1830573.27674521,107955.896743048,166561.518491717,7006.27500376818,739079.566188958,1492677.11579515,13224251.7257423,7.02492641456455,9.13666598721293,14.8760280812305,13.1707847241883,2.51086076910039,9.63054122866797,0.567949793471423,0.87627061496063,0.0368596117622484,3.88825529350251,7.85288886676742,69.5720313854289
"3709",1301132.70299665,1415113.69992648,2255150.03459442,1322840.76327425,554042.390354834,1909747.51968244,58459.4891796387,125722.767350965,2147.4554885362,546592.138288057,575177.673692956,10066126.6348292,"North Carolina","Richard Hudson","Republican","NC","37",3434990.33591115,3735900.16780592,5953596.09132928,3492299.61504403,1462671.91053676,5041733.45196165,154333.051434246,331908.105806548,5669.28248973556,1443003.24508047,1518469.0585494,26574574.3159492,18.0712875416201,19.6543569434234,31.3215282582559,18.3727883788091,7.6950331993727,26.5242711067006,0.811937349717204,1.74614954654118,0.0298257706741138,7.59155747622301,7.98857880129105,139.807314372628
"3710",613901.476847634,632827.510179581,1003258.22596548,716371.398454745,183903.448770257,1122934.74445298,31435.335505768,36607.885790915,1143.31416769699,275050.838187287,1334550.13894605,5951984.3172684,"North Carolina","Pat Harrigan","Republican","NC","37",1620699.89887776,1670664.62687409,2648601.71654886,1891220.49192053,485505.104753479,2964547.72535588,82989.2857352276,96644.8184880155,3018.34940272005,726134.212814439,3523212.36681758,15713238.5975886,8.52640940066159,8.7892709747164,13.9341420272983,9.9496027563159,2.55421456625357,15.5963158951803,0.436601882024556,0.508442858207152,0.0158793634402359,3.82015053037899,18.535418596473,82.66644885095
"3711",342632.011953067,226458.222514334,694050.421828665,280287.214799756,135153.451467628,299015.925409276,110172.070418954,22072.094304528,1869.97819687305,87203.6315860103,523930.885013112,2722845.9074922,"North Carolina","Chuck Edwards","Republican","NC","37",904548.511556097,597849.707437841,1832293.11362768,739958.247071357,356805.111874537,789402.043080489,290854.265906038,58270.328963954,4936.74243974485,230217.587387067,1383177.53643461,7188313.19577941,4.7587779437926,3.14525309047686,9.6395891920648,3.89287798332995,1.87713127038372,4.15299896401772,1.53016764470769,0.306556865340667,0.0259719194010146,1.2111615498057,7.27681784740433,37.817304270725
"3712",645538.566458458,830210.560850842,1312364.22574037,1118970.1325565,148693.933069574,890563.678086579,51273.7907183177,84432.3488192277,3948.89627724246,407526.643887018,757337.848817232,6250860.62528136,"North Carolina","Alma S. Adams","Democrat","NC","37",1704221.81545033,2191755.88064622,3464641.55595459,2954081.14994915,392551.983303674,2351088.11014857,135362.807496359,222901.400882761,10425.0861719201,1075870.33986173,1999371.92087749,16502272.0507428,8.96581342303413,11.5307022340395,18.2272809130607,15.5412518410624,2.06519351485519,12.3689399734247,0.712135982198857,1.17267151137816,0.0548457816283676,5.66009227620858,10.5185812335727,86.8175086844633
"3713",1747545.23079197,2395155.31643274,3745963.71430506,3517650.17272278,715668.983352038,2755754.91570629,49712.5662871436,213402.80202393,2768.78863363621,633859.790845527,913918.270188482,16691400.5512896,"North Carolina","Brad Knott","Republican","NC","37",4613519.40929079,6323210.03538244,9889344.20576535,9286596.45598814,1889366.11604938,7275192.97746461,131241.174998059,563383.397343176,7309.60199279959,1673389.84783219,2412744.23329759,44065297.4554045,24.2714615387773,33.2660460615658,52.0272738097925,48.8562523989275,9.93984699100053,38.2743738292541,0.690452309543661,2.96392780588792,0.0384553976893918,8.80360820618787,12.6933093081734,231.8250076568
"3714",368174.437975736,477779.253619051,673424.997095692,554083.067940623,117416.047764294,577503.010760802,29648.0404710008,39482.0691832591,1516.61467204608,211185.621025326,1580326.75714041,4630539.91764824,"North Carolina","Tim Moore","Republican","NC","37",971980.516255942,1261337.22955429,1777841.99233263,1462779.29936324,309978.366097736,1524607.94840852,78270.8268434422,104232.662643804,4003.86273420166,557530.039506862,4172062.63885069,12224625.3825914,5.11353386077411,6.63582296693126,9.35312495966239,7.69559816584198,1.63077844117075,8.02087514945558,0.411778339875012,0.54836207198971,0.0210640926673067,2.93313362535176,21.9489827380613,64.3130544117812
"3800",1644529.32675778,273262.952606337,4335311.92113943,1059761.77217222,262325.071039603,845158.552570554,13684979.107766,128618.401331244,141.828348295399,275964.886077701,3247809.70078727,25757863.5205964,"North Dakota","Julie Fedorchak","Republican","ND","38",4341557.42264054,721414.194880729,11445223.4718081,2797771.07853466,692538.187544551,2231218.57878626,36128344.8445021,339552.579514483,374.426839499853,728547.299245131,8574217.61007838,68000759.6943744,22.8406850938581,3.79531878619912,60.212665571381,14.718913502392,3.64340376443893,11.7383132301466,190.069154274527,1.78636668515616,0.00196983817076943,3.83284563996807,45.1084680664898,357.748104452727
"3901",1645321.79970117,1850818.9319366,1418227.25092035,1755852.94624858,336222.468607452,1579412.86667967,146951.698479913,70121.0967478868,9473.5503975189,325409.564526881,643915.384660001,9781727.55890602,"Ohio","Greg Landsman","Democrat","OH","39",4343649.55121108,4886161.98031263,3744119.94242971,4635451.77809624,887627.317123674,4169649.96803433,387952.48398697,185119.695414421,25010.1730494499,859081.250350965,1699936.6155024,25823760.7555119,22.8516916625162,25.7058184991195,19.697600707227,24.3868464756747,4.66975650843684,21.9362898149954,2.04099581222101,0.973904121498427,0.131577088854429,4.51957728509556,8.94326923138891,135.857327207028
"3902",1858640.03710832,743925.593059537,455697.022077494,606653.539842109,101490.940936641,641660.103758203,141547.836387133,52658.4417094668,3152.00586243498,117646.546336286,145333.40038307,4868405.4674607,"Ohio","David J. Taylor","Republican","OH","39",4906809.69796597,1963963.56567718,1203040.13828459,1601565.34518317,267936.084072732,1693982.67392165,373686.288062031,139018.286112992,8321.29547682835,310586.882327794,383680.177011304,12852590.4340962,25.8144449598378,10.3322999036047,6.32912530663187,8.42574360891818,1.40959640189779,8.91194588553059,1.96594217204351,0.731367245964816,0.0437778592004859,1.63397981022619,2.01851944976486,67.6167426036208
"3903",27700180.6709522,5956016.35634673,2265202.13883557,4991041.83132851,695472.651728199,5007162.84969071,38243.6012626188,770005.640875398,21438.9615177944,970457.439366877,714501.270526615,49129723.4124312,"Ohio","Joyce Beatty","Democrat","OH","39",73128476.9713137,15723883.1807554,5980133.64652592,13176350.4347073,1836047.80056244,13218909.9231835,100963.107333314,2032814.89191105,56598.8584069772,2562007.63992856,1886283.35419026,129702469.808818,384.724731541002,82.7224493937047,31.4611408171608,69.3200254351183,9.65934238511387,69.5439284679265,0.531161128647484,10.6945227899361,0.297763354413811,13.4785755467622,9.9236287573141,682.3572696171
"3904",6440731.31478134,1339344.15123798,821876.145381843,1128993.30678137,164057.793510876,1175075.30138133,28087.845631757,172369.498930005,5027.76412138492,224814.033267159,295565.603694535,11795942.7587196,"Ohio","Jim Jordan","Republican","OH","39",17003530.6710227,3535868.55926827,2169753.02380806,2980542.32990281,433112.574868712,3102198.79564671,74151.9124678385,455055.477175212,13273.2972804562,593509.047825299,780293.193753573,31141288.8830197,89.4546015941853,18.6020021005275,11.4149464636367,15.6804625941856,2.27858046542883,16.3204902969629,0.390108967107736,2.39402081847229,0.0698300572414572,3.12241712871054,4.10507782909077,163.83253831555
"3905",1083595.61421189,433655.591042216,918912.383400458,403300.535195533,318378.394056324,800438.890728213,28902.1941084525,88873.5306718557,4552.01659882742,171478.086343689,266478.017681443,4518565.2540389,"Ohio","Robert E. Latta","Republican","OH","39",2860692.42151938,1144850.76035145,2425928.69217721,1064713.41291621,840518.960308694,2113158.67152248,76301.7924463146,234626.120973699,12017.3238209044,452702.147947338,703501.966679011,11929012.2706627,15.0499390862762,6.02299432003078,12.762671991673,5.60139632216018,4.42192213967116,11.1172068156696,0.401419362617396,1.23435459266466,0.0632224527614919,2.38164008810679,3.70108357890894,62.7578507505402
"3906",624215.212661354,348582.025638666,427063.026484645,326402.040947921,84699.9743470563,437410.207477758,26065.6458113098,19735.8373439987,1135.40633580263,77370.4026165571,136370.701413281,2509050.48107835,"Ohio","Michael A. Rulli","Republican","OH","39",1647928.16142598,920256.547686077,1127446.38991946,861701.388102512,223607.932276229,1154762.94774128,68813.304941858,52102.6105881567,2997.47272651895,204257.862907711,360018.651731063,6623893.27004684,8.6696557314077,4.84141702275925,5.93143092339784,4.53336167983224,1.176388532598,6.07514177052441,0.362022858490415,0.274108851999983,0.0157695324417032,1.07458892522996,1.89403751962891,34.8479233483104
"3907",1314861.87209102,1029991.12420825,674922.532587339,997360.770003725,241738.100214688,1009313.76786432,25741.2857714235,46104.3011758735,1904.00753795108,269834.406047212,529608.468542723,6141380.63604453,"Ohio","Max L. Miller","Republican","OH","39",3471235.3423203,2719176.56790978,1781795.48603058,2633032.43280983,638188.584566775,2664588.34716181,67956.994436558,121715.355104306,5026.57990019085,712362.831964639,1398166.35695279,16213244.8791576,18.2619704457087,14.3054322806701,9.37392406371304,13.8522329167184,3.35747361409288,14.0182467758933,0.357517857936437,0.640337516331576,0.0264445491382094,3.74770008398905,7.35567317420448,85.2969532783962
"3908",1399548.49474431,939382.380381429,1137839.93676167,957038.986379889,383064.175229558,1285895.48748497,78113.4724251234,43896.6713056204,7888.84334721444,300206.23442513,300332.066493457,6833206.74897837,"Ohio","Warren Davidson","Republican","OH","39",3694808.02612498,2479969.48420697,3003897.4330508,2526582.92404291,1011289.42260603,3394764.08696033,206219.567202326,115887.212246838,20826.5464366461,792544.458882343,792876.655542727,18039665.8173029,19.4381735381154,13.0469775052976,15.8033324550231,13.2922081441651,5.3203357670772,17.8596595484024,1.08490933923783,0.609675990355838,0.109567268711312,4.16953103368236,4.17127870129801,94.9056492913662
"3909",973027.884410415,436581.018683788,748547.165540774,852901.726062481,264234.176114038,1053292.29977025,9159.36998883049,63502.2642892146,3873.53444277455,234138.507626488,582382.452543373,5221640.39947243,"Ohio","Marcy Kaptur","Democrat","OH","39",2568793.6148435,1152573.8893252,1976164.51702764,2251660.55680495,697578.224941059,2780691.67139347,24180.7367705125,167645.977723527,10226.1309289248,618125.66013393,1537489.6747145,13785130.6546072,13.5142761723669,6.06362525949705,10.3964884102885,11.8458573064233,3.66991911269497,14.6290597190313,0.12721347206709,0.881975892905759,0.0537990894829798,3.25192371703456,8.08864517421351,72.522783326006
"3910",1128497.5728131,447392.580031477,932210.245456162,780586.390567375,185887.20718687,555566.531690669,57480.4874465368,24035.2855998377,1170.90834073609,62062.6414106401,612160.601796545,4787050.45233995,"Ohio","Michael R. Turner","Republican","OH","39",2979233.59222658,1181116.4112831,2461035.04800427,2060748.07109787,490742.226973337,1466695.64366337,151748.486858857,63453.1539835715,3091.19801954328,163845.37332409,1616103.98874288,12637813.1941775,15.6735774001819,6.21378583377052,12.9473645202245,10.8414776467691,2.58176676648431,7.71620182903707,0.798340103424122,0.333823411108857,0.0162626158435568,0.861981130703334,8.50223058050757,66.4868118380548
"3911",2252551.00454251,2030977.82804794,912168.930526661,1907024.74378796,164327.964753187,1636137.94158201,16298.1217570979,76140.0493701574,1809.08618230213,471838.345842794,1041718.65511297,10510992.6715056,"Ohio","Shontel M. Brown","Democrat","OH","39",5946734.65199222,5361781.46604655,2408125.97659039,5034545.32360021,433825.826948414,4319404.16577651,43027.0414387384,201009.730337216,4775.98752127762,1245653.23302498,2750137.24949825,27749020.6527748,31.2854306186459,28.2080253895547,12.6690129239814,26.4864547748328,2.28233284379426,22.7241380775279,0.226362802181915,1.05750068569663,0.0251261969764185,6.5533103589277,14.4683146543469,145.986009326467
"3912",6101570.86079242,1409611.80988359,762049.327418238,1012871.59259657,206380.19475121,1493015.77568883,34836.4671678774,143409.900699491,4951.38524876643,210693.077499215,163598.592090352,11542988.9838366,"Ohio","Troy Balderson","Republican","OH","39",16108147.072492,3721375.17809267,2011810.22438415,2673981.00445493,544843.714143194,3941561.64781852,91968.2733231964,378602.137846657,13071.6570567434,556229.724597927,431900.28311853,30473490.9173285,84.7440397332281,19.5779418039387,10.5840184363644,14.0676610082856,2.8663915937668,20.7363302179005,0.483839821776075,1.99180417638182,0.0687692395662004,2.92629274304465,2.27220266792156,160.319291442174
"3913",1119709.60982861,654286.788109642,802762.908113016,1308674.10330997,239390.577035164,1229678.27058041,13797.389281755,28941.6223560966,3088.28021537507,184573.24730746,361432.835933663,5946335.63207116,"Ohio","Emilia Strong Sykes","Democrat","OH","39",2956033.36994752,1727317.12060946,2119294.07741836,3454899.63273833,631991.123372833,3246350.63433228,36425.1077038332,76405.883020095,8153.05976859018,487273.372891694,954182.686864869,15698326.0686679,15.5515223587307,9.0873165015228,11.149484834903,18.1760292126385,3.32486912548839,17.0788648691724,0.191630406691041,0.401966977168008,0.0428927807690982,2.56351732371472,5.01990049907865,82.5879948898773
"3914",1020399.60768694,786795.651094056,618177.988958617,717051.164284304,152187.493807082,869224.267786879,32930.6301171667,26624.975744447,2509.977793625,273811.503960606,327821.783490125,4827535.04472384,"Ohio","David P. Joyce","Republican","OH","39",2693854.96429351,2077140.51888831,1631989.89085075,1893015.07371056,401774.983650696,2294752.06695736,86936.8635093201,70289.9359653401,6626.34137517,722862.370455999,865449.50841393,12744692.5180709,14.1722167734297,10.9277173763063,8.58580540220302,9.95904394839311,2.11371519176503,12.0725592748178,0.457369862738426,0.369791329783986,0.0348608026892361,3.80293755500841,4.55308032625173,67.0490978433867
"3915",18402001.365949,3830250.46835265,1515817.67463488,3234500.97503905,432276.176340735,3229471.96297719,36442.1314230188,496474.801501447,14141.7048881008,627377.24945359,512219.373550205,32330973.8841099,"Ohio","Mike Carey","Republican","OH","39",48581283.6061053,10111861.236451,4001758.66103608,8539082.57410308,1141209.10553954,8525805.98225979,96207.2269567696,1310693.47596382,37334.1009045862,1656275.93855748,1352259.14617254,85353771.05405,255.583352304847,53.1979231715645,21.0530232588177,44.9236246533201,6.00383578251021,44.8537772635721,0.506140714208594,6.89548335418676,0.196412567890289,8.71357290907764,7.11415796597507,449.04130394597
"4001",363046.962680781,404917.590252759,739662.499129204,631245.528475954,243703.351525886,249541.693911743,1380388.99400625,12526.6800829062,1256.31914574618,94637.0419386519,133400.970234826,4254327.63138471,"Oklahoma","Kevin Hern","Republican","OK","40",958443.981477262,1068982.43826728,1952708.9977011,1666488.19517652,643376.848028338,658790.071927001,3644226.9441765,33070.4354188723,3316.68254476992,249841.790718041,352178.561419941,11231424.9468556,5.04231892612196,5.62385542017721,10.2730902656834,8.76729900661048,3.38476877119286,3.46585685988531,19.1720693611979,0.173981667818141,0.0174488770242525,1.31440336025905,1.85279125326147,59.087883769232
"4002",253379.284034575,166236.707396859,357173.277721147,356655.93664187,124814.480893211,130936.131929264,1044221.92925503,12127.344743831,797.636610324446,46868.9359695583,137247.029296885,2630458.69449256,"Oklahoma","Josh Brecheen","Republican","OK","40",668921.309851277,438864.907527707,942937.453183828,941571.672734536,329510.229558078,345671.388293256,2756745.89323329,32016.1901237137,2105.76065125654,123733.990959634,362332.157343777,6944410.95346035,3.51915672270243,2.3088431582897,4.96073996834927,4.95355467558152,1.73353445685016,1.81855738790644,14.5030823507643,0.168435343664319,0.0110782862545062,0.650957444021644,1.90620874023451,36.5341485346189
"4003",1243981.57448081,927891.754435453,699188.312079564,1854341.85894233,424451.865984842,715874.760891562,7099556.76077819,51763.6195700487,4159.6406110281,138237.783061326,484050.169221241,13643498.1000564,"Oklahoma","Frank D. Lucas","Republican","OK","40",3284111.35662934,2449634.2317096,1845857.14389005,4895462.50760774,1120552.92619998,1889909.36875372,18742829.8484544,136655.955664929,10981.4512131142,364947.7472819,1277892.44674408,36018834.9841489,17.277521867789,12.8873854782702,9.71094877888283,25.7547480408656,5.89516480534503,9.94270501238281,98.6049550108082,0.718939160695121,0.0577727862642791,1.91996920918508,6.72291901696168,189.49302916745
"4004",1469074.9343748,982364.482164732,853347.450140963,2636647.51367642,5459785.8741348,1514959.56562025,3066864.01440134,75195.6929239581,21256.1541877893,509567.088939253,1361557.82403737,17950620.5946017,"Oklahoma","Tom Cole","Republican","OK","40",3878357.82674947,2593442.23291489,2252837.26837214,6960749.43610575,14413834.7077159,3999493.25323747,8096520.99801954,198516.629319249,56116.2470557638,1345257.11479963,3594512.65545866,47389638.3697484,20.4038185329833,13.6439511411768,11.8520479186245,36.620104356617,75.8303593629833,21.0411050780591,42.595333533352,1.04438462394386,0.295224363719296,7.07732067971185,18.9105253338524,249.314174925023
"4005",486019.722065581,539371.115109101,267057.216328261,567189.441619928,693286.879135989,279807.049463124,1481145.31327603,15802.1833569787,10990.9936782866,81365.5278700507,341851.461656633,4763886.90355996,"Oklahoma","Stephanie I. Bice","Republican","OK","40",1283092.06625313,1423939.74388803,705031.05110661,1497380.12587661,1830277.36091901,738690.610582649,3910223.62704871,41717.7640624237,29016.2233106767,214804.993576934,902487.85877351,12576661.4253983,6.75027391757751,7.4912654876264,3.70912800455919,7.87763113361011,9.62898443244429,3.88620902032117,20.5714626843893,0.219474768846926,0.152652689976203,1.13007677597293,4.74793696745323,66.1650958827772
"4101",970024.439693539,671308.115633953,1390512.99563893,612821.450989039,1245552.02259453,574110.753394207,84431.5486532764,19075.3820507427,30611.6447710087,279315.984189483,634522.566217755,6512286.90382646,"Oregon","Suzanne Bonamici","Democrat","OR","41",2560864.52079094,1772253.42527364,3670954.30848679,1617848.63061106,3288257.33964955,1515652.38896071,222899.28844465,50359.0086139608,80814.742195463,737394.198260236,1675139.57481487,17192437.4261019,13.4725616624103,9.32372382824935,19.3126804949852,8.51140904151443,17.2993336471462,7.97376046380843,1.17266039796217,0.264935861815871,0.425161732930677,3.87938866929838,8.81281341969105,90.448429219812
"4102",287198.080223756,171816.430108287,495742.872481041,176721.608575965,735319.588746829,310055.373088823,30896.949176161,6337.42144930703,17935.0088365206,60389.4805606689,137144.943191862,2429557.75643922,"Oregon","Cliff Bentz","Republican","OR","41",758202.931790717,453595.375485878,1308761.18334995,466545.046640548,1941243.71429163,818546.184954492,81567.9458250649,16730.7926261706,47348.4233284143,159428.228680166,362062.650026515,6414032.47699954,3.98886222532995,2.38633930705954,6.8853176733478,2.45446678577729,10.2127720659282,4.30632462623365,0.429124294113347,0.0880197423514865,0.249097344951675,0.838742785564846,1.90479087766475,33.7438577283225
"4103",1231861.64304767,717759.058065975,1789422.14356063,638415.008368842,1406667.01814924,750019.426712173,85413.1385118728,20560.4141259321,34366.3850050778,420331.068861798,841477.343855605,7936292.64826482,"Oregon","Maxine Dexter","Democrat","OR","41",3252114.73764585,1894883.91329417,4724074.45900006,1685415.62209374,3713600.927914,1980051.28652014,225490.685671344,54279.4932924607,90727.2564134055,1109674.02179515,2221500.1877788,20951812.5914191,17.1091894867732,9.96887580647187,24.853085327231,8.86687511623392,19.5370419187395,10.4169364821135,1.18629359044268,0.285561307304612,0.477310902848303,5.83793151196941,11.6871853313278,110.226286781456
"4104",6466825.00176539,4718822.81203281,5591731.00814124,3888266.82987477,17431913.2221821,7048253.06952165,35116.3474089032,110648.072322991,401067.352242629,1701070.65510958,1073840.59469125,48467554.9652933,"Oregon","Val T. Hoyle","Democrat","OR","41",17072418.0046606,12457692.2237666,14762169.8614929,10265024.4308694,46020250.9065607,18607388.1035371,92707.1571595045,292110.910932695,1058817.80992054,4490826.52948929,2834939.16998489,127954345.108374,89.8170139134082,65.5392057226779,77.6629306686284,54.0037059704829,242.10990586364,97.8924037433562,0.487727047345878,1.53677878226376,5.57037989225874,23.6259813209664,14.9144527040451,673.160485629073
"4105",1625330.01031197,925074.827727471,1855313.38733205,1045711.28281244,3740235.88305653,976039.490365766,68736.5088423994,35436.7671769283,87144.7125045857,311352.050801787,926791.918529477,11597166.8394614,"Oregon","Janelle S. Bynum","Democrat","OR","41",4290871.22722359,2442197.54520052,4898027.3425566,2760677.78662484,9874222.73126924,2576744.25456562,181464.383343935,93553.0653470907,230062.041012106,821969.414116717,2446730.66491782,30616520.4561781,22.5740279209995,12.8482614962149,25.7682414907229,14.5237678168394,51.9477205980074,13.5561040328579,0.954673733922215,0.492177321901782,1.21034322923036,4.32433403891371,12.8721099795761,161.071761659186
"4106",1121245.87281407,599593.561680731,977833.554967055,714754.091996802,2537833.95446299,589731.978252042,33305.0685431616,59723.3148191308,57847.9601232562,209530.690249136,426103.915999063,7327503.96390744,"Oregon","Andrea Salinas","Democrat","OR","41",2960089.10422914,1582927.00283713,2581480.58511303,1886950.80287156,6699881.6397823,1556892.42258539,87925.3809539466,157669.551122505,152718.614725396,553161.022257719,1124914.33823753,19344610.4647156,15.5728593446399,8.32768835667682,13.5810215967647,9.92714016662224,35.247693811986,8.19072192016725,0.4625703964328,0.829490483599039,0.803443890600781,2.91014847568244,5.91810994443144,101.770888387603
"4201",732076.945218764,1235588.2667106,1311792.06484836,1715975.53472355,349816.967584214,2733996.43878746,115412.773367181,74297.6712465471,7584.3377126101,464606.607809297,726548.035423864,9467695.64343245,"Pennsylvania","Brian K. Fitzpatrick","Republican","PA","42",1932683.13537754,3261953.02411599,3463131.05119967,4530175.41167018,923516.794422324,7217750.5983989,304689.721689358,196145.852090884,20022.6515612907,1226561.44461654,1918086.813519,24994716.4986617,10.1677353502606,17.1609481487584,18.219334234005,23.8329935378272,4.85856899422519,37.972172760937,1.60295518565529,1.03191210064649,0.105338023786251,6.4528695529069,10.0909449364426,131.495772825451
"4202",966677.488267167,1539612.75288696,1686128.22892811,2909272.556766,146641.622246412,2626890.88070706,55697.4415705353,77991.7327489739,7458.46896475839,709712.815680402,863399.667510054,11589483.6562764,"Pennsylvania","Brendan F. Boyle","Democrat","PA","42",2552028.56902532,4064577.66762157,4451378.5243702,7680479.54986225,387133.882730528,6934991.92506663,147041.245746213,205898.174457291,19690.3580669622,1873641.83339626,2279375.12222654,30596236.8525698,13.4260762259329,21.3835104567633,23.4184476240015,40.4065632884167,2.03668919786683,36.4845955653758,0.773575577368546,1.08321851040242,0.103589846732755,9.85712244000558,11.9916620487508,160.965050781617
"4203",2039377.05258514,3365988.48648374,3691051.31117735,7516087.02779539,320284.609017904,6085149.56196951,174733.130760988,188111.207048715,13713.0480642032,1492959.78159904,1230132.59022361,26117587.8067256,"Pennsylvania","Dwight Evans","Democrat","PA","42",5383955.41882476,8886209.60431708,9744375.4615082,19842469.7533798,845551.367807267,16064794.8435995,461295.465209007,496613.586608608,36202.4468894965,3941413.82342147,3247550.03819034,68950431.8097556,28.3246812859047,46.749840090052,51.2646015441299,104.390097608269,4.44839734747089,84.5159661384655,2.42684903834705,2.61265565345437,0.190459000891711,20.7355525222089,17.0851748642168,362.744275093411
"4204",969407.060858414,1317222.74289295,1669599.76045681,2657860.43989533,271080.428198597,2586894.21097231,101392.15195895,99829.1872520948,5786.05434537651,592791.159066045,508366.773088315,10780229.9689852,"Pennsylvania","Madeleine Dean","Democrat","PA","42",2559234.64066621,3477468.0412374,4407743.36760598,7016751.56132367,715652.330444295,6829400.7169669,267675.281171629,263549.05434553,15275.183471794,1564968.65993436,1342088.28095315,28459807.1181209,13.4639869563669,18.2947603179577,23.1888855619001,36.9147283318796,3.76500594720273,35.9290862635043,1.4082243327632,1.38651648961243,0.080361865908007,8.23321054258396,7.0606496262266,149.725416235905
"4205",1956703.47786625,2262064.46974212,2690737.48870661,5494084.50945775,468492.586093078,4852408.48314744,309541.513712975,156685.300731831,8458.8116380794,1103473.13082806,905221.355154258,20207871.1270784,"Pennsylvania","Mary Gay Scanlon","Democrat","PA","42",5165697.1815669,5971850.20011921,7103546.97018545,14504383.1049684,1236820.42728573,12810358.3955092,817189.596202254,413649.193932035,22331.2627245296,2913169.06538607,2389784.37760724,53348779.7754871,27.1764371925868,31.4175620797517,37.371354009814,76.3067292980243,6.50684147351497,67.3945622659366,4.29918769045798,2.17618473238655,0.117483494973325,15.3260157059452,12.5725188215869,280.664876764978
"4206",815525.970460357,766873.727553712,1277453.25840189,1783587.79520395,556917.610038256,1730293.77238416,363717.449067597,82489.1271112569,3159.11389654015,352368.743622216,427710.797631851,8160097.36537178,"Pennsylvania","Chrissy Houlahan","Democrat","PA","42",2152988.56201534,2024546.6407418,3372476.60218099,4708671.77933842,1470262.490501,4567975.55909417,960214.065538456,217771.295573718,8340.06068686599,930253.483162649,1129156.50574809,21542657.0445815,11.3267495897272,10.6510239938016,17.7424063666929,24.7720527111659,7.73496680608688,24.0318579497799,5.05163123704996,1.14568232098968,0.0438765818963909,4.89401032808633,5.94042774488682,113.334685630164
"4207",1040285.80760337,991566.373367848,1271843.34145654,2364977.08789522,614117.484773984,2724565.4616364,208896.283922631,79474.9348743523,1868.90257637028,458013.701242769,1030882.48137275,10786491.8607222,"Pennsylvania","Ryan Mackenzie","Republican","PA","42",2746354.5320729,2617735.22569112,3357666.42144526,6243539.51204339,1621270.15980332,7192852.81872009,551486.189555745,209813.82806829,4933.90280161755,1209156.17128091,2721529.75082405,28476338.5123067,14.4484139944913,13.7717551856646,17.664490853563,32.8469039985448,8.52940951074978,37.8411869671722,2.9013372767032,1.10381853992156,0.025956980227365,6.36130140614957,14.3178122412881,149.812386954475
"4208",502355.804641782,408539.29083255,1109034.3453179,636404.898075584,361411.01498725,773816.007247725,29212.8205210615,42017.857347163,5441.17597118652,142452.629175289,228780.158587859,4239466.00270535,"Pennsylvania","Robert P. Bresnahan, Jr.","Republican","PA","42",1326219.3242543,1078543.72779793,2927850.67163925,1680108.93091954,954125.079566341,2042874.259134,77121.8461756023,110927.14339651,14364.7045639324,376074.941022763,603979.618671948,11192190.2471421,6.97716395335808,5.67415681711874,15.4032547960819,8.83895691771644,5.01959743037848,10.7474445451073,0.405733618348076,0.58358135204393,0.0755718884887016,1.97850873854568,3.17750220260915,58.8814722597965
"4209",507507.559227662,506602.72961859,1066631.5316194,1016617.72836994,297725.54422356,1112290.52293509,68803.2932590244,62554.817927795,3612.94542255375,218121.035293366,318407.06091089,5178874.76880787,"Pennsylvania","Daniel Meuser","Republican","PA","42",1339819.95636103,1337431.20619308,2815907.24347522,2683870.80289663,785995.436750199,2936446.98054865,181640.694203824,165144.719329379,9538.17591554189,575839.533174485,840594.64080475,13672229.3896528,7.04871610038419,7.03614902248042,14.8143268280472,14.1196906718047,4.135077003105,15.4484794852096,0.955601295264227,0.86881691566382,0.0501797975354687,3.02945882351897,4.42232029042903,71.9288162334427
"4210",601199.712068469,554333.070974642,596801.898209464,1005470.40947794,466267.939324412,1279489.24339329,41596.7545016443,93399.5212362989,3186.7112099382,219651.452899129,298965.070900739,5160361.78419597,"Pennsylvania","Scott Perry","Republican","PA","42",1587167.23986076,1463439.30737305,1575557.01127298,2654441.88102176,1230947.35981645,3377851.6025583,109815.431884341,246574.736063829,8412.91759423684,579879.835653701,789267.787177952,13623355.1102774,8.34999600095096,7.69907043020336,8.28891525290922,13.9648667983047,6.47594360172795,17.770683936018,0.577732701411726,1.29721557272637,0.0442598779158083,3.05071462359902,4.15229265139916,71.6716914471663
"4211",459084.969647541,394263.156546415,743668.188909951,726353.494294873,317047.515898431,1053223.28283262,39768.6368798274,57920.0512280824,2771.62489753714,186834.816261636,191226.054599652,4172161.79199657,"Pennsylvania","Lloyd Smucker","Republican","PA","42",1211984.31986951,1040854.73328253,1963284.01872227,1917573.22493846,837005.441971859,2780509.46667813,104989.201362744,152908.935242137,7317.08972949806,493243.91493072,504836.784143082,11014507.130871,6.37618013399362,5.47587717425576,10.3287248459715,10.0882429763177,4.40343772081155,14.6281011504531,0.552342178886491,0.804445155945589,0.0384947902435714,2.59492800363384,2.65591742499517,57.9466915555079
"4212",3636955.08036517,17189538.1994864,5647559.77189986,7301282.06715397,940911.312900088,6713428.98758682,86771.5623860021,479687.138590956,3793.64113009466,2665330.23699212,2352524.60238183,47017782.6008734,"Pennsylvania","Summer L. Lee","Democrat","PA","42",9601561.41216404,45380380.8466442,14909557.7978156,19275384.6572865,2484005.86605623,17723452.5272292,229076.924699046,1266374.04588012,10015.2125834499,7036471.8256592,6210664.95028804,124126946.066306,50.5132650050718,238.743586103978,78.4383301652759,101.406695377138,13.0682126791679,93.2420692720392,1.20516058869447,6.66232136931883,0.0526894601402036,37.0184755137795,32.6739528108588,653.024758345463
"4213",1313147.01962505,1260640.84726905,1218027.81073551,2145562.11960119,940541.691644829,2322517.32025327,65464.1549577943,215764.609399111,6894.45045571426,590589.295569039,357135.529911941,10436284.8494225,"Pennsylvania","John Joyce","Republican","PA","42",3466708.13181013,3328091.83679028,3215593.42034175,5664283.99574714,2483030.06594235,6131445.72546863,172825.369088577,569618.568813653,18201.3492030856,1559155.74030226,942837.798967523,27551792.0024754,18.2381530503479,17.5089006565145,16.9170529268821,29.7994738833499,13.0630790506226,32.2571850035176,0.909224374413809,2.99673068609876,0.0957562563293647,8.20262910512554,4.9602156932214,144.948400686423
"4214",899551.894194354,1689728.91769353,1224404.14179982,1154692.31198166,448733.016341217,1279869.46428288,277481.715595815,154169.972119452,2354.14944562928,512909.773268868,456319.589284237,8100214.94600746,"Pennsylvania","Guy Reschenthaler","Republican","PA","42",2374817.00067309,4460884.34271092,3232426.93435152,3048387.70363158,1184655.16314081,3378855.38570681,732551.729172951,407008.726395353,6214.9545364613,1354081.80142981,1204683.71571039,21384567.4574597,12.4937763082549,23.4684571901879,17.005613080553,16.0373932219675,6.23240300473913,17.7759647817067,3.85391271660854,2.14124961277016,0.0326965200781845,7.1237468509565,6.33777207339219,112.502985361215
"4215",6293351.46554094,6055539.51033857,5079741.34037647,11692199.7107691,4741695.93518171,11494985.6831713,251280.266907577,991632.860154119,30963.2182169835,1987928.95933704,840747.74042432,49460066.6904181,"Pennsylvania","Glenn Thompson","Republican","PA","42",16614447.8690281,15986624.3072938,13410517.1385939,30867407.2364304,12518077.2688797,30346762.2035722,663379.904636004,2617910.75080687,81742.8960928366,5248132.45264977,2219574.03472021,130574576.062704,87.4076592436242,84.104715421369,70.5519630607843,162.391662649571,65.8568879886348,159.652578932934,3.49000370704969,13.7726786132517,0.430044697458105,27.6101244352366,11.6770519503378,686.945370700251
"4216",451433.455309181,938895.233373625,834895.616917488,572597.78057701,129347.744279151,590352.277746201,18478.9809331088,40276.7484832784,3482.50179869728,189289.833148627,278209.097668252,4047259.27023462,"Pennsylvania","Mike Kelly","Republican","PA","42",1191784.32201624,2478683.41610637,2204124.42866217,1511658.14072331,341478.044896959,1558530.01324997,48784.5096634073,106330.615995855,9193.80474856082,499725.159512376,734472.017844185,10684764.4734194,6.2699091015164,13.0402115746337,11.5957724571873,7.95274695245847,1.79649644832154,8.19933719091946,0.256652512959845,0.559399284489978,0.0483680805374622,2.6290254603976,3.86401524539239,56.2119343088142
"4217",2331712.63501497,10220120.0610547,3726665.88869446,4503920.73801472,576574.195223378,4142072.51114165,54250.0590863509,288016.903743369,2113.54871092043,1500967.53557433,1837213.18497378,29183627.2612326,"Pennsylvania","Christopher R. Deluzio","Democrat","PA","42",6155721.35643953,26981116.9611844,9838397.94615337,11890350.7483589,1522155.87538972,10935071.429414,143220.155987966,760364.625882493,5579.76859682993,3962554.29391623,4850242.80833078,77044775.9696542,32.3848977085413,141.946111959093,51.7592484540897,62.5544546946489,8.00797493365802,57.5287848769674,0.753473042865985,4.00023477421345,0.0293548432072282,20.8467713274213,25.5168497913025,405.328156406009
"4401",2232137.38200089,1942849.26212899,2124117.92602866,1650647.21544574,3386381.00888173,5419364.55131726,3144443.88914588,110848.251174515,33758.9142626755,1237176.01825409,381508.2989911,21663232.7176315,"Rhode Island","Gabe Amo","Democrat","RI","44",5892842.68848236,5129122.05202052,5607671.32471566,4357708.64877675,8940045.86344777,14307122.4154776,8301331.86734512,292639.38310072,89123.5336534634,3266144.68819079,1007181.9093365,57190934.3745472,31.0019080833458,26.9840175295693,29.5016378615091,22.9256557700797,47.0330695678018,75.2689521016286,43.6728317936928,1.53955904409049,0.468873809203827,17.183000253529,5.29872637487639,300.878232189327
"4402",1975352.43867537,1604321.06250089,1951782.76926231,1827297.38743656,5402750.39142698,3547892.2416217,4005778.26206755,94308.9582042925,59829.7706286696,750220.39740107,406560.09781474,21626093.7770401,"Rhode Island","Seth Magaziner","Democrat","RI","44",5214930.43810297,4235407.60500234,5152706.51085251,4824065.10283253,14263261.0333672,9366435.51788128,10575254.6118583,248975.649659332,157950.594459688,1980581.84913883,1073318.65823091,57092887.571386,27.4354505371579,22.282236979179,27.1080940175321,25.3791303810634,75.0381998809303,49.2762811336347,55.6358091953827,1.30984664172628,0.8309690365093,10.4197277416815,5.64666802520473,300.362413570002
"4501",187791.161746942,176381.773848718,645116.967409145,214393.638398358,195384.747266293,319269.697619092,497203.509814335,7658.35391691823,297358.738609657,50681.8051384158,97615.5151953505,2688855.90896323,"South Carolina","Nancy Mace","Republican","SC","45",495768.667011928,465647.882960615,1703108.79396014,565999.205371666,515815.732783012,842872.001714402,1312617.26590985,20218.0543406641,785027.069929495,133799.965565418,257704.960115725,7098579.59966291,2.60821057981865,2.44974685900997,8.95995788068257,2.97768942219942,2.71367704536517,4.43430135582072,6.90560430297688,0.106366026623864,4.12998248068968,0.703913960255775,1.35577104437987,37.3452209578226
"4502",1192921.94554094,1239890.95646801,1072480.38186017,2028040.08051108,695837.114822006,2037609.80705474,3808830.87571018,25045.0770695294,9349.53239859698,451225.72025428,449866.462563296,13011097.9542528,"South Carolina","Joe Wilson","Republican","SC","45",3149313.93622808,3273312.12507555,2831348.20811086,5354025.81254926,1837009.98313009,5379289.89062451,10055313.5118749,66119.0034635576,24682.765532296,1191235.9014713,1187647.4611671,34349298.5992275,16.5683603547352,17.2207077287224,14.8955608591691,28.1672233404317,9.66440437252786,28.3001362090936,52.900428829308,0.347848292632353,0.12985461664718,6.26702389242056,6.24814531337911,180.709693809067
"4503",2346267.4679896,2837375.33217414,3071362.67022747,3316394.62685813,665063.584388049,2489013.53805392,4568389.74843845,366856.131272183,6751.69365411488,440021.030560855,1394113.72961124,21501609.5532282,"South Carolina","Sheri Biggs","Republican","SC","45",6194146.11549253,7490670.87693974,8108397.44940052,8755281.81490548,1755767.86278445,6570995.74046236,12060548.9358775,968500.186558562,17824.4712468633,1161655.52068066,3680460.24617368,56764249.2205224,32.5870481665222,39.4079907246409,42.6578148642704,46.0610364841408,9.2369942276118,34.5696324729712,63.4498576172007,5.09522404544698,0.0937735229738177,6.1114032022341,19.3626906890451,298.633466017058
"4504",560849.317130485,521634.70997235,926108.352670684,574618.736634702,168649.99127839,749192.986963212,732593.953607473,47339.9296185672,5163.42238182294,176465.539917082,328213.626987665,4790830.56716243,"South Carolina","William R. Timmons IV","Republican","SC","45",1480642.19722448,1377115.634327,2444926.05105061,1516993.46471561,445235.976974951,1977869.48558288,1934048.03752373,124977.414193018,13631.4350880126,465869.025381095,866483.975247437,12647792.6973088,7.78957384903451,7.24492652739375,12.8626160093151,7.98081578659308,2.34236098997765,10.4054581522668,10.174916022326,0.657499022480101,0.0717141997475408,2.45091027662613,4.55852259705091,66.5393134328116
"4505",392470.77835782,444626.351520701,975873.704989495,691811.270527917,200790.36810621,649095.599723763,867449.154361777,27984.2504320038,7174.09186160368,149445.562307896,243870.259642271,4650591.39183146,"South Carolina","Ralph Norman","Republican","SC","45",1036122.85486464,1173813.56801465,2576306.58117227,1826381.7541937,530086.571800396,1713612.38327073,2290065.76751509,73878.42114049,18939.6025146337,394536.284492847,643817.485455596,12277561.2744351,5.4509830327475,6.17536599334308,13.5538014581874,9.60848986844329,2.78875511258626,9.01521666283004,12.0479049216914,0.388670144888941,0.0996401647444956,2.0756328098319,3.38708693947599,64.5915471087703
"4506",666030.748895454,738488.715863002,1102326.16376114,1124448.91591135,482084.105430329,1339145.42718585,2258925.58213962,16237.7796189903,129754.851255256,286775.717351812,258279.1299242,8402497.137337,"South Carolina","James E. Clyburn","Democrat","SC","45",1758321.177084,1949610.20987832,2910141.0723294,2968545.13800597,1272702.03833607,3535343.92777064,5963563.53684859,42867.7381941345,342552.807313876,757087.893808785,681856.902999888,22182592.4425697,9.25042706799242,10.2567877203195,15.3100856077935,15.6173460543244,6.69561257542123,18.5992420442479,31.3739664186058,0.225524716930421,1.80215071187856,3.98299607433073,3.58721013783611,116.701349129681
"4507",317339.928616023,183604.467740699,923330.679333431,203384.073104661,194599.137742505,243758.865422207,393728.830449285,39917.6504829546,9449.98544771326,54950.6081249956,68103.3179864785,2632167.54445095,"South Carolina","Russell Fry","Republican","SC","45",837777.411546301,484715.794835446,2437592.99344026,536933.952996304,513741.723640213,643523.404714626,1039444.11238611,105382.597275,24947.961581963,145069.605449989,179792.759484303,6948922.31735051,4.40749900855588,2.55006205195416,12.8240372129643,2.82477879312029,2.70276580197923,3.38553979753065,5.46845597846229,0.554411812263258,0.131249797884906,0.76320289062494,0.945879416478868,36.5578825618188
"4600",1331592.03607212,775133.764202631,2463456.32069271,1851339.33618575,467356.923694418,1604203.08414022,18700649.5246288,416510.425226374,12299.3802358054,33070.1041212073,121565.006154947,27777175.905355,"South Dakota","Dusty Johnson","Republican","SD","46",3515402.97523039,2046353.13749495,6503524.68662876,4887535.84753038,1233822.27855326,4235096.14213018,49369714.74502,1099587.52259763,32470.3638225263,87305.0748799873,320931.616249061,73331744.3901371,18.494333834335,10.7657467250365,34.2146711207321,25.7130463359132,6.49106838464469,22.2805983908364,259.731243397622,5.78486701703298,0.170824725497298,0.459307001683435,1.68840286326316,385.794109796597
"4701",548496.014541468,299182.086970375,314316.587496294,322049.631637408,114552.907974188,508573.325322616,26065.2124544824,53799.5700159668,1304.69046248474,135671.772818771,229338.519917632,2553350.31961169,"Tennessee","Diana Harshbarger","Republican","TN","47",1448029.47838948,789840.709601789,829795.790990216,850211.027522757,302419.677051856,1342633.57885171,68812.1608798336,142030.864842152,3444.38282095971,358173.480241556,605453.69258255,6740844.84377485,7.61800020196483,4.15530676347743,4.36550815967075,4.47291155051956,1.59101261075261,7.06351840725856,0.362016839645589,0.747216250221761,0.0181207008678436,1.88433017803849,3.18525722107823,35.4631988834956
"4702",4535235.05290181,3021866.60266853,1767271.55606412,3076526.43404877,679404.159985791,4688480.71497006,49516.7641879463,673913.169677471,10832.6191397299,908004.928742572,1073316.36506512,20484368.3674519,"Tennessee","Tim Burchett","Republican","TN","47",11973020.5396608,7977727.83104493,4665596.90800928,8122029.78588876,1793626.98236249,12377589.087521,130724.257456178,1779130.76794852,28598.114528887,2397133.01188039,2833555.20377192,54078732.4900731,62.9893757347474,41.9703694815074,24.5454382786683,42.7295338062329,9.43616888869155,65.1177877079175,0.687732835943699,9.35990513440932,0.15045304360736,12.6111795658691,14.9071717370156,284.50511621461
"4703",607592.088708146,708337.89743351,896651.060439348,748746.470611387,81250.9451844317,758428.932574877,43701.3034433304,151484.604243406,4900.43608956486,436607.660529497,544861.197090883,4982562.59634838,"Tennessee","Charles J. “Chuck” Fleischmann","Republican","TN","47",1604043.11418951,1870012.04922447,2367158.79955988,1976690.68241406,214502.4952869,2002252.38199767,115371.441090392,399919.355202591,12937.1512764512,1152644.22379787,1438433.56031993,13153965.2543597,8.43877900983536,9.8380263532432,12.4534869505465,10.3992565362693,1.12848534978377,10.5337351746511,0.606962547824034,2.10395283671397,0.0680616123550675,6.0639952851319,7.56751662626226,69.2022582826164
"4704",567543.396871373,598778.822767155,1611943.26597216,752462.792478491,156716.55102178,569587.510246756,268345.444187414,31498.2990690175,7340.64794364486,224134.752564609,469532.912698689,5257884.39582109,"Tennessee","Scott DesJarlais","Republican","TN","47",1498314.56774042,1580776.09210529,4255530.22216651,1986501.77214322,413731.694697499,1503711.02705143,708431.972654773,83155.5095422063,19379.3105712224,591715.746770568,1239566.88952454,13880814.8049677,7.88254717876907,8.31637253843271,22.3881009162801,10.4508721177568,2.17661876419139,7.91093764231605,3.72702005815853,0.437476375958577,0.101953443661734,3.11298267450846,6.52129045414845,73.0261721641818
"4705",1043906.11260123,1506473.04446129,2857710.91383514,1659142.19048583,296027.285041328,1069944.22828574,137386.799460503,34892.4878851769,10375.1848752906,658900.672376575,1234612.16003604,10509371.0793441,"Tennessee","Andrew Ogles","Republican","TN","47",2755912.13726725,3977088.83737781,7544356.81252476,4380135.38288259,781512.032509106,2824652.76267436,362701.150575727,92116.1680168669,27390.4880707673,1739497.77507416,3259376.10249514,27744739.6494685,14.4986960083504,20.923236728629,39.6904293588214,23.0436415345254,4.11149007001844,14.8603365039686,1.90814999250698,0.484617887294123,0.144099789934592,9.15139822745243,17.1473911116116,145.963487213113
"4706",753998.249380787,1467980.36802515,3304947.83043213,1573890.656352,206235.403588991,820396.266671048,97821.6143793447,25688.472382992,11271.226369404,482443.717233998,1040265.38608672,9784939.19090257,"Tennessee","John W. Rose","Republican","TN","47",1990555.37836528,3875468.1715864,8725062.27234082,4155071.33276929,544461.465474937,2165846.14401157,258249.06196147,67817.5670910988,29756.0376152265,1273651.41349775,2746300.61926894,25832239.4639828,10.4721979080665,20.3886162225716,45.9020532004463,21.8595924493334,2.86438060540266,11.3943925926534,1.35863353304645,0.356784338652666,0.156544810686166,6.70060718380553,14.4481303623156,135.90193320698
"4707",940079.224578455,1189028.42423488,2463395.53264279,1322533.83885202,243796.763414926,857594.402086216,155448.810556933,93913.2453984689,28970.7610288084,505624.900419667,920259.901450575,8720645.80466374,"Tennessee","Matt Van Epps","Republican","TN","47",2481809.15288712,3139035.03998009,6503364.20617696,3491489.33456933,643623.455415405,2264049.22150761,410384.859870302,247930.967851958,76482.8091160542,1334849.73710792,2429486.13982952,23022504.9243123,13.056655896923,16.5142836699289,34.2138268422609,18.3685255396114,3.38606615854064,11.9110333623086,2.15901125773518,1.30435063053429,0.402371680955672,7.02256806138426,12.7813875201469,121.12008062033
"4708",370020.918367031,474833.469557622,971129.152972242,209192.829543587,88348.2106005343,255303.656261747,60725.1259195455,6075.64716309747,107314.504351954,130562.819788511,191833.172771707,2865339.50729758,"Tennessee","David Kustoff","Republican","TN","47",976855.224488963,1253560.35963212,2563780.96384672,552269.06999507,233239.27598541,674001.652531012,160314.3324276,16039.7085105773,283310.291489158,344685.844241668,506439.576117307,7564496.29926561,5.13917942176432,6.59490929941141,13.4879049023923,2.90545596588316,1.22705848056298,3.54588411474649,0.843404526660354,0.0843839883763538,1.49047922711047,1.81337249706265,2.66434962182927,39.7963820457997
"4709",818902.84211006,1012959.55231917,1334057.51821057,313706.56876521,165490.420398642,454502.982481039,90997.8744032973,5688.56070493941,238210.407941302,277428.522892078,368558.867299597,5080504.1175259,"Tennessee","Steve Cohen","Democrat","TN","47",2161903.50317056,2674213.2181226,3521911.84807591,828185.341540155,436894.709852415,1199887.87374994,240234.388424705,15017.80026104,628875.476965037,732411.300435087,972995.409670936,13412530.8702684,11.3736505848619,14.0688826710995,18.5285766418135,4.35703567729459,2.29847806109225,6.31254142334777,1.26385936671246,0.0790077875686029,3.30847788807363,3.85317392905664,5.11887315693884,70.5625571878598
"4801",283896.706284372,368298.359464268,353434.283763724,593592.31312312,174661.704354531,360238.999832771,48335.3839978332,23592.5352273672,439.382513542319,76647.4385167057,60220.6376067662,2343357.744685,"Texas","Nathaniel Moran","Republican","TX","48",749487.304590743,972307.668985669,933066.50913623,1567083.70664504,461106.899495963,951030.959558515,127605.41375428,62284.2930002495,1159.96983575172,202349.237684103,158982.483281863,6186464.4459684,3.94300980950517,5.11525499255928,4.90880949671838,8.24433768226556,2.42585700492405,5.00331944212182,0.671324777747684,0.3276741003801,0.00610253491030998,1.06454775717647,0.83639774453842,32.5466353428472
"4802",587664.48771119,998570.063084882,787182.963997482,1047048.68648562,278688.05693303,865617.598379351,38411.6210585937,62528.8883871331,3770.81217057748,181710.989710419,288472.793287349,5139666.96120562,"Texas","Daniel Crenshaw","Republican","TX","48",1551434.24755754,2636224.96654409,2078163.02495335,2764208.53232203,735736.470303199,2285230.45972149,101406.679594687,165076.265342031,9954.94413032453,479717.012835506,761568.174278602,13568720.7775829,8.16200677376652,13.8690286539567,10.9330967221872,14.5423428678558,3.87066745740319,12.0224666441576,0.533494736924912,0.868456783154626,0.0523723912580205,2.52376374597804,4.0065665734354,71.3842633500781
"4803",342191.119027647,1314937.81348457,865520.762339845,1186118.71598999,355641.364861953,1195481.1540144,81944.6828586695,41518.1356323658,1760.90925849386,309930.266602622,350663.938447724,6045708.86251828,"Texas","Keith Self","Republican","TX","48",903384.554232989,3471435.82759926,2284974.81257719,3131353.41021359,938893.203235556,3156070.24659802,216333.962746888,109607.878069446,4648.80044242379,818215.903830922,925752.797501992,15960671.3970483,4.75265443093955,18.2630251872857,12.0211216991645,16.4738710554166,4.93946340086046,16.6039049168667,1.1381205952593,0.576640772671747,0.024457073034637,4.30458703614752,4.87033247844062,83.9681786460873
"4804",241986.434038024,528149.605251203,560997.258142199,545865.300427237,137183.808171165,514576.369672751,35183.6268802697,81200.4016002464,823.146680045927,111899.822901774,218072.219842878,2975937.99360779,"Texas","Pat Fallon","Republican","TX","48",638844.185860384,1394314.95786317,1481032.76149541,1441084.39312791,362165.253571877,1358481.61593606,92884.774963912,214369.060224651,2173.10723532125,295415.532460682,575710.660385199,7856476.30312457,3.36092269497256,7.33541118404448,7.79162858530832,7.58146250593385,1.90533066904396,7.14689402323265,0.48866148444819,1.12778335555898,0.0114325927784157,1.55416420696908,3.02878083115109,41.3324721334416
"4805",326471.124085027,803208.241679216,516450.877727348,750915.075803663,207349.470268294,663581.787064009,22965.563218636,36901.7946404141,1708.06256682555,166684.71974003,178098.676247933,3674335.3930414,"Texas","Lance Gooden","Republican","TX","48",861883.767584472,2120469.75803313,1363430.3172002,1982415.80012167,547402.601508295,1751855.91784898,60629.086897199,97420.7378506931,4509.28517641945,440047.66011368,470180.505294543,9700245.43762929,4.5343211678476,11.1556700233224,7.17292885732427,10.4293760528287,2.8798537537263,9.21641370922235,0.318966155814388,0.512524925561306,0.0237230912059104,2.31506555194486,2.47359272566573,51.0324360144638
"4806",490846.971833494,1271622.9959492,533332.495259548,1091640.62825734,316025.636730425,970536.827392948,18725.5277583109,88069.9579721959,2951.91358239599,223087.563992531,248573.845683337,5255414.36441173,"Texas","Jake Ellzey","Republican","TX","48",1295836.00564042,3357084.7093059,1407997.78748521,2881931.25859938,834307.680968323,2562217.22431738,49435.3932819407,232504.689046597,7793.05185752542,588951.168940281,656234.95260401,13874293.922047,6.81731905324297,17.6614304992945,7.40739576749372,15.1616753924631,4.38924495458924,13.4796781582354,0.260076774420984,1.22319386072494,0.0409987997554999,3.09843838878515,3.45241452337969,72.9918661723851
"4807",1983509.01528614,3273608.5169227,2937403.85260472,4032673.32085512,714013.739753623,3865094.93466547,45639.6069058247,214657.047582985,7270.66576477538,699365.545273045,648395.527888121,18421631.7735025,"Texas","Lizzie Fletcher","Democrat","TX","48",5236463.80035541,8642326.48467592,7754746.17087645,10646257.5670575,1884996.27294956,10203850.6275168,120488.562231377,566694.605619079,19194.557619007,1846325.03952084,1711764.19362464,48633107.8820466,27.5487363234186,45.4667849572597,40.7972757306211,56.0093516785433,9.91685749657809,53.681874092576,0.633883429247565,2.98134788309701,0.100981468955214,9.71341035101451,9.00549344289057,255.855996854202
"4808",510354.339360532,1124269.8375456,922752.458453047,1338254.54588967,316452.770528407,880146.594462565,36545.1364316149,66584.1189764196,3074.66958783777,206565.487359543,257847.314968922,5662847.27356415,"Texas","Morgan Luttrell","Republican","TX","48",1347335.45591181,2968072.37112038,2436066.49031604,3532992.00114872,835435.314194995,2323587.00938117,96479.1601794633,175782.074097748,8117.1277118917,545332.886629193,680716.911517955,14949916.8022094,7.08825471334073,15.6148588548,12.8160063674034,18.586868692912,4.3951773684501,12.2242582564245,0.507571339327984,0.92477943022805,0.0427037442755245,2.86896510221587,3.5812127079017,78.6506565772799
"4809",1884748.57173986,2118036.56046385,2438172.35777789,2756399.76576979,557078.05551968,2680260.43126463,36679.3322022129,158246.247650008,5022.73479996933,512871.101028458,741006.087701485,13888521.2459178,"Texas","Al Green","Democrat","TX","48",4975736.22939323,5591616.51962457,6436775.02453362,7276895.38163224,1470686.06657195,7075887.53853861,96833.437013842,417770.09379602,13260.019871919,1353979.70671513,1956256.07153192,36665696.0892231,26.1770634963869,29.4171744508868,33.8635049691373,38.283330080136,7.7371952155511,37.2258393231198,0.509435169475179,2.19786455069455,0.0697602055551296,7.12320973650636,10.2917512180762,192.896128415525
"4810",2630240.57919953,8510305.18435829,4338330.82520117,12159764.0713367,3634970.78766234,7575948.13106852,169214.306932852,677489.776851643,15006.9989304706,1344579.53633331,1240673.98298008,42296524.1808549,"Texas","Michael T. McCaul","Republican","TX","48",6943835.12908675,22467205.6867059,11453193.3785311,32101777.1483288,9596322.87942857,20000503.0660209,446725.77030273,1788573.01088834,39618.4771764423,3549689.97591995,3275379.31506741,111662823.837457,36.531119155549,118.198683116087,60.2545947944607,168.885612101898,50.4857053841991,105.221501820396,2.35019870740073,9.4095802340506,0.20843054070098,18.6747157824071,17.2315830969455,587.451724734095
"4811",188300.753370465,373397.483693763,501751.746017761,477770.24418036,178543.468387874,303942.451714689,24195.9272466338,81363.3450395909,1826.20355529013,52499.6941707016,173710.970979761,2357302.28835689,"Texas","August Pfluger","Republican","TX","48",497113.988898028,985769.356951534,1324624.60948689,1261313.44463615,471354.756543988,802408.072526779,63877.2479311133,214799.23090452,4821.17738596595,138599.192610652,458596.963386568,6223278.04126219,2.61528824125646,5.18607616241337,6.96877425024668,6.63569783583833,2.47977039427603,4.22142294048179,0.336054545092136,1.13004645888321,0.0253639382679185,0.729162419037522,2.4126523747189,32.7403095605123
"4812",482511.845531287,593355.17635574,452454.887969453,550976.874589037,129122.27427836,492619.319322835,32044.4038834127,58717.5390767888,1618.87364705635,167952.976024806,191689.119233486,3153063.28991226,"Texas","Craig A. Goldman","Republican","TX","48",1273831.2722026,1566457.66557916,1194480.90423936,1454578.94891506,340882.80409487,1300515.00301228,84597.2262522094,155014.303162722,4273.82642822875,443395.856705488,506059.274776402,8324087.08536837,6.70155341015677,8.24104411605195,6.2840956662424,7.6524565915144,1.79336492053277,6.84193499059493,0.445061165047398,0.815521376066511,0.0224843562091159,2.33268022256675,2.66234887824285,43.7925456932259
"4813",488012.080493713,859421.453859803,861587.476667565,928959.508755622,257550.234135947,495341.530011094,18905.7103679897,59920.7850701662,2281.44323477684,104529.931773766,198519.506052045,4275029.66042249,"Texas","Ronny Jackson","Republican","TX","48",1288351.8925034,2268872.63818988,2274590.93840237,2452453.10311484,679932.6181189,1307701.63922929,49911.0753714927,158190.872585239,6023.01013981087,275959.019882743,524091.495977398,11286078.3035154,6.77794556241268,11.9364090813861,11.966492731494,12.9022153993836,3.57708658522149,6.8797434723763,0.262579310666523,0.832233125974531,0.0316867115941228,1.45180460796898,2.75721536183396,59.3754119503123
"4814",598979.466692141,741994.262766891,1073796.45584839,1046036.52956152,229432.812007806,785218.306347917,44948.5756185968,64130.4720661839,2951.5518782189,226685.980092539,383687.592262402,5197862.00514261,"Texas","Randy K. Weber Sr.","Republican","TX","48",1581305.79206725,1958864.85370459,2834822.64343975,2761536.43804242,605702.623700609,2072976.3287585,118664.239633096,169304.446254725,7792.0969584979,598450.987444303,1012935.24357274,13722355.6935765,8.31915925961307,10.3054758717624,14.913839664561,14.5282851327989,3.18656683344175,10.9058098103877,0.624285772480511,0.89070100091922,0.0409937760863737,3.14841639017415,5.3289943369778,72.1925278492029
"4815",311378.854483736,998118.203693826,2379115.21902772,654523.946659214,218307.040082423,1252837.33792247,25064.9683916422,14277.4929276122,2918.83486188343,225829.018714226,168399.215756846,6250770.1325216,"Texas","Monica De La Cruz","Republican","TX","48",822040.175837063,2635032.0577517,6280864.17823318,1727943.21918032,576330.585817596,3307490.57211533,66171.5165539355,37692.5813288961,7705.72403537224,596188.609405557,444573.929598073,16502033.149857,4.32470631227411,13.8627528290809,33.0432669309406,9.09061037026686,3.03204222336698,17.4005185822566,0.348124560995031,0.198298512883502,0.0405393730817142,3.1365141488087,2.33887799662286,86.8162518405778
"4816",1314079.07440418,1783658.5824119,4913841.61572304,745989.398587576,2020193.492206,916469.053359369,194947.441084348,11775.1889764824,11757.1737235703,494475.531335367,200709.228621337,12607895.7804332,"Texas","Veronica Escobar","Democrat","TX","48",3469168.75642704,4708858.65756742,12972541.8655088,1969412.0122712,5333310.81942385,2419478.30086873,514661.24446268,31086.4988979136,31038.9386302255,1305415.40272537,529872.363560329,33284844.8603436,18.2510982556136,24.773035866832,68.2478002183756,10.3609638692719,28.0582429473056,12.7287368522135,2.70760334839373,0.163544291340034,0.163294079494032,6.86771571299121,2.78762817529634,175.109663617127
"4817",1107515.04749704,3372778.73393665,1858647.22445901,2420062.44857418,1183101.17220391,2959771.25491037,59656.815907689,153688.587292132,22797.1544407207,526492.65551974,494057.345599457,14158568.4403409,"Texas","Pete Sessions","Republican","TX","48",2923839.7253922,8904135.85759276,4906828.67257178,6388964.86423584,3123387.09461832,7813796.11296337,157493.993996299,405737.870451228,60184.4877235027,1389940.61057211,1304311.39238257,37378620.6825,15.3821534374589,46.8441490824535,25.8145447841529,33.6119784524192,16.4319607250543,41.1079340959773,0.828566887606792,2.13456371239072,0.31662714501001,7.31239799332972,6.86190757777024,196.646783893624
"4818",1038443.45500768,1465313.77280537,1482999.13306468,1784592.26504493,398933.61564426,1648272.8702628,31874.77161208,115896.11873318,5419.2935967041,302312.589827809,447144.551929798,8721202.43752929,"Texas","Christian D. Menefee","Democrat","TX","48",2741490.72122026,3868428.36020619,3915117.71129075,4711323.57971862,1053184.74530085,4351440.3774938,84149.3970558911,305965.753455595,14306.9350952988,798105.237145415,1180461.61709467,23023974.4350773,14.4228257639955,20.3515801778524,20.5972101814539,24.7860036811796,5.54074466172583,22.89267875365,0.442705161278888,1.60966831573861,0.0752679666208902,4.19878596983068,6.21034099902497,121.127811632351
"4819",1337334.98320467,1575117.83708563,1617647.98201838,3690821.54045026,676494.081956626,1261474.58451845,17480.5522654018,181890.988569478,12574.3852351374,100930.75522889,279603.59404845,10751371.2845814,"Texas","Jodey C. Arrington","Republican","TX","48",3530564.35566034,4158311.08990605,4270590.67252853,9743768.86678868,1785944.37636549,3330292.90312871,46148.6579806607,480192.209823423,33196.3770207628,266457.193804269,738153.488287909,28383620.1912948,18.5740969889538,21.8766366261892,22.4673330835886,51.2614102840313,9.39575113828647,17.520480340534,0.24278544813058,2.52626373013164,0.174644239376908,1.40181604484569,3.88338325067292,149.324601174741
"4820",467633.83457842,1938882.93661035,1483204.50081718,1281049.54758508,395321.878135725,940240.515493733,210963.54802202,28525.1072343031,4898.32857059067,356173.269384582,324301.598550378,7431195.06498236,"Texas","Joaquin Castro","Democrat","TX","48",1234553.32328703,5118650.95265132,3915659.88215736,3381970.8056246,1043649.75827831,2482234.96090346,556943.766778133,75306.2830985602,12931.5874263594,940297.431175297,856156.220172998,19618354.9715534,6.49491436914473,26.9289296751437,20.6000625113498,17.7923548275705,5.49058164077396,13.0588960485241,2.93004927808361,0.396182044920877,0.0680323412582038,4.94685096367475,4.50418886875525,103.211042569199
"4821",549202.666884646,2110016.88685072,1539520.74576959,1382699.654314,515590.415642126,1185320.09159313,302028.755189329,39924.4220209799,6880.90178364658,382502.525236507,511196.097423486,8524883.16270816,"Texas","Chip Roy","Republican","TX","48",1449895.04057546,5570444.58128591,4064334.76883172,3650327.08738895,1361158.69729521,3129245.04180587,797355.913699828,105400.474135387,18165.580708827,1009806.66662438,1349557.697198,22505691.5495496,7.6278148178423,29.305790095149,21.3822325801332,19.2041618654722,7.16097799502953,16.4627790499046,4.19484382207401,0.554505861402499,0.0955680803284247,5.31253507272926,7.09994579754842,118.401155037613
"4822",871790.255047102,1371283.44456303,1172592.58236037,1550387.6849407,327348.139152043,1360337.2847403,39125.6711215734,85735.9857820876,3937.90424588633,271006.473525992,384297.78977632,7437843.21525541,"Texas","Troy Nehls","Republican","TX","48",2301526.27332435,3620188.29364641,3095644.41743138,4093023.48824345,864199.087361393,3591290.4317144,103291.771760954,226343.002464711,10396.0672091399,715457.090108618,1014546.16500948,19635906.0882743,12.1081979867653,19.0456033967088,16.2860080883385,21.533162290843,4.54650193266726,18.8935733991709,0.543412098910741,1.19077758030677,0.054693114526199,3.76397879897211,5.33746930244889,103.303377989658
"4823",327966.365730516,1199586.80527025,1300425.16968022,860239.948596517,335064.737373057,579670.26107391,174987.649083039,23720.9811848944,2996.68096485198,231472.740280726,365541.392809754,5401672.73204773,"Texas","Tony Gonzales","Republican","TX","48",865831.205528562,3166909.16591345,3433122.44795578,2271033.4642948,884570.906664872,1530329.48923512,461967.393579224,62623.3903281212,7911.23774720922,611088.034341117,965029.27701775,14260416.012606,4.55508841292383,16.6609278509757,18.061460690003,11.9477770638405,4.65367690795913,8.05097584824875,2.43038401504221,0.329458072012422,0.0416205689562775,3.21489917056564,5.07696378902436,75.0232323895518
"4824",536068.820069067,1223385.34463039,659432.129221965,1162404.81190094,270028.766957775,1040931.24148677,46731.6064950201,82146.9541967498,2220.29496479611,273002.756439551,295213.069765791,5591565.79612881,"Texas","Beth Van Duyne","Republican","TX","48",1415221.68498234,3229737.30982422,1740900.82114599,3068748.70341848,712875.944768526,2748058.47752508,123371.441146853,216867.959079419,5861.57870706172,720727.277000415,779362.504181689,14761733.7017801,7.44540027873704,16.9914631198665,9.15877957252729,16.1445112764019,3.75039954108021,14.4573783539829,0.649050090208613,1.1409299193993,0.0308374300666126,3.79170495054932,4.10018152452488,77.6606360573446
"4825",760665.966085873,1646901.32700278,615784.328290511,1559206.46994119,287372.478582713,1091781.52703636,54430.4531924219,203481.79235467,2038.57487986544,237315.376724137,465134.286795992,6924112.5808865,"Texas","Roger Williams","Republican","TX","48",2008158.1504667,4347819.50328734,1625670.62668695,4116305.08064473,758663.343458361,2882303.23137598,143696.396427994,537191.93181633,5381.83768284476,626512.594551721,1227954.51714142,18279657.2135404,10.564805084526,22.8736295417053,8.55256011514599,21.6556454158498,3.9912844247599,15.1636323199494,0.755978516561416,2.82613600492598,0.0283135399981311,3.29604689894634,6.46019842772211,96.1682302900903
"4826",543538.593863625,1166756.10723966,747228.766919286,959628.54642081,227292.658519346,722812.71021085,23913.9847964453,67098.0949775292,2472.48959317667,185351.326985138,280031.072120811,4926124.35164668,"Texas","Brandon Gill","Republican","TX","48",1434941.88779997,3080236.12311271,1972683.94466691,2533419.36255094,600052.618491073,1908225.55495664,63132.9198626155,177138.970740677,6527.37252598641,489327.503240764,739282.030398941,13004968.2883472,7.54914713699479,16.2049459338842,10.3781773183234,13.3281742558446,3.15684247943536,10.0390654195951,0.332138677728407,0.931917985799016,0.0343401332385649,2.5743239859047,3.88932044612237,68.4183937728705
"4827",538985.236327112,1245330.68540991,1943953.36497136,714605.785303112,750009.088624056,512286.239336417,30353.8405189146,46910.45628554,30146.3622836944,477979.73414819,266718.605427389,6557279.39863569,"Texas","Michael Cloud","Republican","TX","48",1422921.02390358,3287673.00948215,5132036.88352438,1886559.27320022,1980023.99396751,1352435.67184814,80134.1389699345,123843.604593826,79586.3964289532,1261866.49815122,704137.118328306,17311217.6123982,7.48590606009878,17.296259519582,26.9993522912688,9.92508035143211,10.4167928975563,7.11508665745024,0.421581118318258,0.651534115076944,0.418699476162422,6.63860741872486,3.7044250753804,91.0733249810512
"4828",329609.672799825,1103906.61913475,1104858.20000236,727508.980245761,202910.498974349,497364.8351281,94952.7175693354,22993.8490451086,3648.47648629275,183909.23541359,179800.691135018,4451463.7759345,"Texas","Henry Cuellar","Democrat","TX","48",870169.536191538,2914313.47451575,2916825.64800624,1920623.70784881,535683.71729228,1313043.16473818,250675.174383046,60703.7614790868,9631.97792381286,485520.381491878,474673.824596448,11751864.3684671,4.57791212221979,15.3320363768716,15.3452527778106,10.1042913923022,2.81820137464373,6.90784493233472,1.31878774401855,0.319359014515398,0.0506732845318437,2.55429493629986,2.4972318213197,61.825885776868
"4829",769337.121663798,1304200.60438176,1145671.5480144,1439196.4314681,333743.844877836,1195379.45150811,28100.5275422756,81557.3424650421,4118.95896118697,240788.793945095,430418.51325346,6972513.13808107,"Texas","Sylvia R. Garcia","Democrat","TX","48",2031050.00119243,3443089.59556786,3024572.88675801,3799478.57907579,881083.750477487,3155801.75198141,74185.3927116076,215311.384107711,10874.0516575336,635682.41601505,1136304.87498913,18407434.684534,10.6852378008861,18.11389728308,15.9121048335333,19.9888393259459,4.63533117885884,16.6024923820571,0.390285104753828,1.13274086757003,0.0572077633498191,3.34428880479298,5.97803490629805,96.8404602511259
"4830",510932.926948236,716773.594603984,457757.984262698,721129.369214613,151144.93239357,615170.679784308,27763.5119401791,60768.1710696613,1340.01058374828,150643.071344811,196868.555095066,3610292.80724087,"Texas","Jasmine Crockett","Democrat","TX","48",1348862.92714334,1892282.28975452,1208481.07845352,1903781.53472658,399022.621519025,1624050.59463057,73295.6715220729,160427.971623906,3537.62794109546,397697.708350301,519732.985450973,9531173.0111159,7.09629065205883,9.95518881394422,6.35774978142636,10.0156856835363,2.09923517213292,8.5440372192265,0.385604332502488,0.844002375967518,0.018611258107615,2.09226487978904,2.73428548743147,50.1429556561232
"4831",587095.314142934,2211116.66748366,839430.895665203,1593254.00539939,489787.609682457,996313.586000109,47327.1361995235,71636.7564585503,9956.92120015905,239233.014635188,409886.606682743,7495038.51354992,"Texas","John R. Carter","Republican","TX","48",1549931.62933734,5837348.00215686,2216097.56455614,4206190.57425439,1293039.28956169,2630267.86704029,124943.639566742,189121.037050573,26286.2719684199,631575.158636897,1082100.64164244,19786901.6757718,8.15410158531852,30.7099537150508,11.6587624397945,22.1285278527693,6.80260569003412,13.837688694446,0.657321336104493,0.994954950813199,0.138290572224431,3.32268075882206,5.69286953726033,104.097757132638
"4832",515232.613189264,1952173.07772594,902736.11735326,1941896.29222627,488103.948280732,1833710.18610392,28033.1677441228,55070.3998164519,1842.72608413974,532047.285980078,255426.851555265,8506272.66605944,"Texas","Julie Johnson","Democrat","TX","48",1360214.09881966,5153736.92519649,2383223.34981261,5126606.21147734,1288594.42346113,4840994.89131435,74007.5628444842,145385.855515433,4864.79686212893,1404604.83498741,674326.8881059,22456559.8383969,7.15600851651756,27.1135149684159,12.5380016299064,26.9707818364759,6.77922150389906,25.4681970292211,0.389349552001706,0.764866664117388,0.0255934178352742,7.3895456386122,3.54759516048979,118.142675917492
"4833",515585.672491716,997831.10328716,451521.435542097,822060.782484833,218373.052405576,708520.335231607,40470.140974678,57350.8466962268,2636.96309474512,190877.759123324,201800.266477383,4207028.35780935,"Texas","Marc A. Veasey","Democrat","TX","48",1361146.17537813,2634274.1126781,1192016.58983114,2170240.46575996,576504.858350721,1870493.68501144,106841.17217315,151406.235278039,6961.5825701271,503917.284085575,532752.703500291,11106554.8646167,7.1609121179405,13.8587653234328,6.27113104919579,11.4175108678449,3.03295906118856,9.84056021155009,0.562085291314972,0.796539537447594,0.0366244874270155,2.65107998782394,2.80278147885254,58.4309494140187
"4834",124460.93970906,609189.626878693,1175275.68913754,364423.230778278,91471.7374087488,465892.823713332,8224.68264826219,5641.18577226964,1019.56790545307,89126.1771229921,67158.9143027399,3001884.57537737,"Texas","Vicente Gonzalez","Democrat","TX","48",328576.880831918,1608260.61495975,3102727.81932311,962077.329254653,241485.386759097,1229957.0546032,21713.1621914122,14892.7304387919,2691.6592703961,235293.107604699,177299.533759233,7924975.27899626,1.72862416262583,8.46096703998185,16.3232734602436,5.06143376080941,1.27044079734373,6.47073366268517,0.114231703448086,0.0783498023926339,0.0141606653535148,1.23786357115267,0.932762698649165,41.6928413246857
"4835",1497998.64661623,6379160.09238978,2332042.50208009,3447854.77784165,1165729.86998746,2710859.36535082,175495.469371773,134517.441712524,27456.0455704759,791028.095966751,892409.797536316,19554552.1044239,"Texas","Greg Casar","Democrat","TX","48",3954716.42706685,16840982.643909,6156592.20549143,9102336.61350195,3077526.85676691,7156668.72452616,463308.039141482,355126.046121064,72483.9603060564,2088314.17335222,2355961.86549588,51624017.555679,20.8055367585588,88.5994457276359,32.3894791955568,47.8868719144673,16.1906926387148,37.6508245187613,2.43743707460796,1.86829780156284,0.38133396625661,10.9865013328715,12.3945805213377,271.591001450332
"4836",614363.946802159,872612.957144903,1110516.12789782,1032891.17700345,266842.585253388,943900.677064608,30455.9312086856,69117.0389857922,3160.47586570074,178526.086903252,494498.034941068,5616885.03907082,"Texas","Brian Babin","Republican","TX","48",1621920.8195577,2303698.20686254,2931762.57765024,2726832.70728911,704464.425068945,2491897.78745057,80403.65839093,182468.982922492,8343.65628544996,471308.869424584,1305474.81224442,14828576.503147,8.53283259447443,12.1196244047903,15.4238351096919,14.3457107917146,3.70614701740817,13.1097316258973,0.422999044565078,0.95995887480267,0.0438954981347326,2.47952898476738,6.86802826307039,78.012292209317
"4837",2940923.09741266,13449168.4380398,2974476.56863706,6811169.13951536,2452435.8586874,4798426.27413046,183427.843931482,289001.380716983,60967.9748063999,1296559.21209678,1566626.93047006,36823182.7184445,"Texas","Lloyd Doggett","Democrat","TX","48",7764036.97716942,35505804.6764252,7852618.14120183,17981486.5283205,6474430.66693474,12667845.3637044,484249.507979113,762963.645092834,160955.453488896,3422916.31993551,4135895.09644096,97213202.3766934,40.8461541307314,186.794006083887,41.3121745644036,94.5995713821577,34.0616091484361,66.6448093629231,2.54760894349281,4.01390806551365,0.846777427866666,18.0077668346775,21.7587073676397,511.433093311729
"4838",813593.3577433,1481008.18314266,1195965.28794299,1576633.07473669,399784.972431356,1346266.15827475,53437.1290458523,92146.5122250248,5720.13214731096,291348.160011507,359354.732250823,7615257.69995227,"Texas","Wesley Hunt","Republican","TX","48",2147886.46444231,3909861.60349662,3157348.3601695,4162311.31730487,1055432.32721878,3554142.65784534,141074.02068105,243266.792274066,15101.1488689009,769159.142430379,948696.493142173,20104280.327874,11.2999077464347,20.5695580992036,16.6106289992082,21.8976815935652,5.55256906154661,18.6981410871493,0.74218234785906,1.27981266979201,0.0794462798237633,4.04650222238204,4.9910379479281,105.767468054893
"4901",2157066.03700828,3242174.9195712,2999463.22852582,6964341.14334085,1880438.29155079,3722360.90025643,33412.4298739965,337469.326508401,38373.0796700245,600851.591096283,1003941.67465752,22979892.6220596,"Utah","Blake Moore","Republican","UT","49",5694654.33770185,8559341.78766797,7918582.92330817,18385860.6184198,4964357.08969409,9827032.77667697,88208.8148673508,890919.02198218,101304.930328865,1586248.20049419,2650406.02109586,60666916.5222373,29.9592505140038,45.0302072162667,41.6592115073031,96.7269603241784,26.117198493761,51.699456948006,0.464061526027729,4.68707397928335,0.532959439861451,8.34516098744837,13.9436343702434,319.165175306383
"4902",1111754.6821566,3065595.20464811,1249649.61335452,1938700.922804,1002720.29557899,3540416.05347956,283432.66144059,372669.534456442,4976.7764836957,396581.623015813,645368.385655284,13611865.7530736,"Utah","Celeste Maloy","Republican","UT","49",2935032.36089344,8093171.34027102,3299074.97925593,5118170.43620256,2647181.58032854,9346698.38118603,748262.226203157,983847.570965007,13138.6899169567,1046975.48476175,1703772.53812995,35935325.5881143,15.4410372521751,42.5777111756683,17.3562446299239,26.9264017056111,13.9266707719304,49.1724451872161,3.93656474223042,5.17596575633947,0.0691218956068848,5.50807809744185,8.96344980076784,189.053691014911
"4903",1133566.30260856,2594584.39223188,1923001.70644105,2667705.31932666,1006378.0274388,3607621.38189823,44029.2274054256,251429.682546169,11256.0827371685,281857.175222188,1054850.59246138,14576279.8903175,"Utah","Mike Kennedy","Republican","UT","49",2992615.03888661,6849702.79549215,5076724.50500437,7042742.04302237,2656837.99243844,9524120.44821133,116237.160350324,663774.361921887,29716.0584261248,744102.942586577,2784805.56409804,38481378.9104382,15.7439764251189,36.0358943365538,26.7083570339035,37.0514627684258,13.9774726033167,50.1058525263643,0.611517047297577,3.49207892425235,0.156334482460673,3.91468298919706,14.6507026730747,202.448331809965
"4904",901656.6339779,2254106.99018468,1287829.39322664,1871688.50131353,864826.193216178,2778808.92968619,44098.7118627683,251373.823892686,6721.93290042566,272434.529392427,638224.79884395,11171770.4384974,"Utah","Burgess Owens","Republican","UT","49",2380373.51370166,5950842.45408755,3399869.59811832,4941257.64346771,2283141.15009071,7336055.57437155,116420.599317708,663626.89507669,17745.9028571237,719227.157596008,1684913.46894803,29493473.9576331,12.5230088052486,31.3070415303428,17.88651935037,25.9956736293546,12.0114749057803,38.5945684678638,0.612482109205115,3.49130310962063,0.0933601791725786,3.78381290822816,8.86423331727708,155.163478312464
"5000",1951555.00760548,1078649.48617324,1566137.13149173,1719366.09099999,1835157.79179753,1895287.34920533,10531544.0655277,605342.092759217,115707.768266331,1229832.42995915,674826.595994815,23203405.8097805,"Vermont","Becca Balint","Democrat","VT","50",5152105.22007847,2847634.64349735,4134602.02713817,4539126.48023997,4844816.57034547,5003558.60190208,27803276.3329932,1598103.12488433,305468.508223113,3246757.61509216,1781542.21342631,61256991.3378206,27.1049306611872,14.9812428635172,21.7519046040518,23.8800845972221,25.4883026638545,26.3234354056296,146.271445354552,8.40752906610024,1.60705233703237,17.0810059716549,9.3725916110391,322.269525135841
"5101",1062121.31089901,1802925.18721612,1604894.79142664,1016250.86894662,1373074.42043444,3343466.70510766,54686.3917654831,36993.4365742215,37674.1214951749,396521.226703465,376494.547349112,11105103.007918,"Virginia","Robert J. Wittman","Republican","VA","51",2804000.26077339,4759722.49425057,4236922.24936633,2682902.29401908,3624916.46994692,8826752.10148424,144372.074260875,97662.6725559448,99459.6807472618,1046816.03849715,993945.605001655,29317471.9409034,14.7516848735974,25.040627600224,22.2902054364811,14.1145954020364,19.0704780615894,46.4370375709398,0.759533218965043,0.513797730197521,0.523251687432985,5.50723925977035,5.22909093540433,154.237541776638
"5102",322936.970426051,805147.090054394,1640380.01849868,843501.644209623,725440.97876063,2250311.27828639,43696.3881522615,52319.0959784903,75932.0254450999,278283.733227996,318820.633128853,7356769.85616846,"Virginia","Jennifer A. Kiggans","Republican","VA","51",852553.601924776,2125588.3177436,4330603.24883651,2226844.3407134,1915164.18392806,5940821.77467607,115358.46472197,138122.413383214,200460.547175064,734669.05572191,841686.471460172,19421872.4202847,4.48523570036182,11.1825984729777,22.7830558124816,11.7153006140225,10.0755691494532,31.2543233095332,0.606894279892521,0.726654110812365,1.05461146451528,3.86505185038884,4.42806434901185,102.177359113451
"5103",596230.330983725,1409813.2206927,2794032.02078187,1194216.56964108,1438937.60404126,3874849.1203821,24570.090795125,54514.7779878162,81076.1443631039,272508.49589694,564568.239551579,12305316.6151173,"Virginia","Robert C. “Bobby” Scott","Democrat","VA","51",1574048.07379704,3721906.90262872,7376244.53486414,3152731.74385244,3798795.27466894,10229601.6778087,64865.0396991299,143919.013887835,214041.021118594,719422.429167922,1490460.15241617,32486035.8639097,8.28097681921841,19.5807391762874,38.8060002886371,16.586341245015,19.9852445005731,53.8173488941958,0.341251261043402,0.757149694275225,1.12605756059866,3.78484022079083,7.84122554932748,170.907175209962
"5104",827325.980473953,872340.865971997,1814162.3448327,1215672.95045045,310598.991794862,2940161.59131967,72054.8099301435,27172.2745883712,19924.0992725001,256691.850417827,580106.675114708,8936212.43416718,"Virginia","Jennifer McClellan","Democrat","VA","51",2184140.58845124,2302979.88616607,4789388.59035832,3209376.5891892,819981.338338434,7762026.60108393,190224.698215579,71734.8049133,52599.6220794003,677666.485103064,1531481.62230283,23591600.8262014,11.4906386176938,12.1158453607222,25.1966992337875,16.8843465340341,4.31387488603974,40.8355776572176,1.00076124902977,0.377392702616267,0.276723601006946,3.56516458913649,8.05703715437094,124.114061585655
"5105",2439054.05219332,4925198.94141242,4001483.17906264,4900940.43295296,2177792.41051537,5620888.37040023,51906.0640761945,153846.873286934,29690.8402291374,1035160.25739393,1513384.20070932,26849345.6222325,"Virginia","John J. McGuire III","Republican","VA","51",6439102.69779035,13002525.2053288,10563915.5927254,12938482.7429958,5749371.96376058,14839145.2978566,137032.009161154,406155.745477506,78383.8182049228,2732823.07951998,3995334.28987261,70882272.4426937,33.8757507249072,68.4055408529503,55.5761552647588,68.0686171243467,30.2471168127135,78.0678940333366,0.720917556613813,2.1367621289852,0.412372780960242,14.377225797138,21.0192250098517,372.907578086562
"5106",2051975.97918569,1716078.33075749,1801849.07141943,2183073.50506019,939775.995489599,4080981.62034601,90392.1707600473,95620.6967600739,23454.4490373887,523396.18759417,482514.315735556,13989112.3221457,"Virginia","Ben Cline","Republican","VA","51",5417216.58505022,4530446.79319978,4756881.54854729,5763314.0533589,2481008.62809254,10773791.4777135,238635.330806525,252438.639446595,61919.7454587061,1381765.93524861,1273837.79354187,36931256.5304645,28.499666377579,23.8344212605207,25.0256815474921,30.3204653480582,13.0524443818,56.6803002825835,1.25544681611177,1.3280652327788,0.325756236630398,7.26939149436347,6.70158771854939,194.293226696467
"5107",740273.512749312,1897306.13761264,1858678.91317294,1408889.68045368,1414805.39620718,10638673.0352842,311765.277773227,175197.672453069,117530.074066488,875122.421290362,1058304.93222097,20496547.053284,"Virginia","Eugene Simon Vindman","Democrat","VA","51",1954322.07365818,5008888.20329737,4906912.33077657,3719468.7563977,3735086.24598695,28086096.8131502,823060.333321319,462521.855276101,310279.395535529,2310323.19220656,2793925.02106335,54110884.2206698,10.2815765659627,26.3514741335089,25.8149849051798,19.5679122285233,19.6500749473219,147.75934771228,4.33007330240593,2.43330100629262,1.63236213981234,12.1544780734773,14.6986796141801,284.674264628945
"5108",1607155.86174289,5821574.67070397,5319814.45498368,3161595.18409286,5532737.3176042,21481521.112331,1613346.13748536,523538.292266246,201666.613866248,2596652.32525431,2291658.40651044,50151260.3768412,"Virginia","Donald S. Beyer, Jr.","Democrat","VA","51",4242891.47500124,15368957.1306585,14044310.1611569,8346611.28600515,14606426.5184751,56711215.7365539,4259233.80296136,1382141.09158289,532399.860606895,6855162.13867138,6049978.19318756,132399327.394861,22.3216091908735,80.8552037597774,73.8863118747734,43.9110442235119,76.843573855614,298.354459893486,22.4075852428523,7.27136517036452,2.80092519258678,36.0646156285321,31.8285889793117,696.545283011684
"5109",4443465.90067386,6510261.18427146,3258379.20018563,10462700.3375265,2587455.48011538,8839693.63753652,436725.151033175,526765.585706697,22888.782382328,1711693.66557704,607139.336518918,39407168.2615276,"Virginia","H. Morgan Griffith","Republican","VA","51",11730749.977779,17187089.5264767,8602121.08849007,27621528.89107,6830882.46750461,23336791.2030964,1152954.39872758,1390661.14626568,60426.385489346,4518871.2771234,1602847.84840994,104034924.210433,61.7148041760259,90.4202942259925,45.2552666692449,145.315282465646,35.9368816682692,122.773522743563,6.06562709768298,7.31618869037079,0.317899755310111,23.7735231330145,8.43249078498497,547.321781410105
"5110",642708.736707028,2010773.27864983,1720539.28345826,1315578.40536394,1334590.57629847,15610552.1337943,336504.509261503,165498.888122387,176078.95702241,955910.310288662,1189895.57672627,25458630.655693,"Virginia","Suhas Subramanyam","Democrat","VA","51",1696751.06490655,5308441.45563555,4542223.7083298,3473126.99016079,3523319.12142796,41211857.6332169,888371.904450369,436917.064643101,464848.446539162,2523603.21916207,3141324.32255735,67210784.9310296,8.92651023204206,27.9274066479143,23.8963789369203,18.2719222967213,18.5359802263676,216.813224080476,4.6736737397431,2.29859566836648,2.44554106975569,13.2765320873425,16.5263274545315,353.592092440181
"5111",1221625.66459606,4484831.31534755,3497655.1312515,2657980.7274286,3150983.7916287,26313054.3589104,798489.926343233,349327.630142933,239023.859255313,1912467.716176,2299767.37769512,46925207.4987755,"Virginia","James R. Walkinshaw","Democrat","VA","51",3225091.7545336,11839954.6725175,9233809.54650397,7017069.1204115,8318597.20989976,69466463.5075236,2108013.40554614,922224.943577343,631022.988434027,5048914.77070465,6071385.87711512,123882547.796767,16.9670231193897,62.2893238242715,48.5785434896042,36.9163989920639,43.7636637726208,365.459088318201,11.0901378658782,4.85177264087407,3.31977582299046,26.5620516135556,31.9412135790989,651.738993038548
"5301",1145834.27208534,2024701.42648431,1821915.85033218,1976158.55028947,2973714.73439385,2585186.37052806,3768.77311298578,29487.300343,46901.7008781117,295730.403855982,1322817.66500566,14226217.0473089,"Washington","Suzan K. DelBene","Democrat","WA","53",3025002.47830529,5345211.76591859,4809857.84487694,5217058.5727642,7850606.89879977,6824892.01819407,9949.56101828247,77846.4729055201,123820.490318215,780728.266179791,3492238.63561494,37557213.0048956,15.9143648900741,28.1208531456155,25.3043868101691,27.4466465317982,41.3015935332479,35.9053662573341,0.0523440710136915,0.409545838097223,0.651412512195996,4.10736672022197,18.372467569523,197.586347879291
"5302",1543703.18299556,1536554.57161666,4373205.77227469,1532837.90721795,3167035.60482786,2730339.95775663,15534.0381660832,21585.8009395073,44591.1760971947,489260.558698131,883970.924678905,16338619.4952692,"Washington","Rick Larsen","Democrat","WA","53",4075376.40310827,4056504.06906798,11545263.2388052,4046692.07505539,8360973.99674556,7208097.48847751,41009.8607584598,56986.5144802993,117720.704896594,1291647.87496307,2333683.24115231,43133955.4675106,21.4403219860494,21.3410357168981,60.7389690593707,21.2894153780271,43.9866056226092,37.9213883021754,0.215750530084489,0.29980279082649,0.619321890238816,6.79528553747405,12.2773739538737,226.925270767627
"5303",347620.872173098,403288.146768663,634772.029220522,383513.834084636,685673.823815375,439097.598790203,47309.3864905372,7054.69278288133,10800.2375280923,106218.486782194,454262.073590315,3519611.18202652,"Washington","Marie Gluesenkamp Perez","Democrat","WA","53",917719.10253698,1064680.70746927,1675798.15714218,1012476.52198344,1810178.89487259,1159217.66080614,124896.780335018,18624.3889468067,28512.6270741636,280416.805104993,1199251.87427843,9291773.52055001,4.82806766907081,5.60122426067587,8.81627818361836,5.32658102895328,9.52324755299133,6.09857776097505,0.657074812368572,0.0979818442066851,0.150003299001282,1.47525676086381,6.30919546653215,48.8834886392572
"5304",266573.557641663,190008.428465896,598603.522934174,193985.745486849,406436.796400881,240688.523703775,135355.450351047,6280.78768275533,4679.44969558398,38424.9623449615,138382.701609369,2219419.92631696,"Washington","Dan Newhouse","Republican","WA","53",703754.19217399,501622.251149966,1580313.30054622,512122.368085282,1072993.14249833,635417.702577966,357338.388926765,16581.2794824741,12353.7471963417,101441.900590698,365330.332248734,5859268.60547676,3.70241052280087,2.63900595091522,8.31393781853019,2.69424646509513,5.64495550556779,3.34289616255243,1.87993681043121,0.0872331622604907,0.0649923568831108,0.533680032568909,1.92198196679679,30.8252767544022
"5305",3576136.75979474,1148112.53093656,1847290.47616695,1730376.57576598,1442242.82457458,1292747.28374912,1553994.9808969,183798.120377216,20760.7166120113,389686.924824398,602365.035002101,13787512.2287006,"Washington","Michael Baumgartner","Republican","WA","53",9441001.04585812,3031017.08167251,4876846.85708076,4568194.16002219,3807521.05687689,3412852.82909768,4102546.7495678,485227.037795851,54808.29185571,1028773.48153641,1590243.69240555,36399032.2837695,49.6685661082603,15.9460073741188,25.6568121689855,24.0330079967497,20.0311503413136,17.9548233854044,21.583263623568,2.55275167190578,0.288343286277935,5.41231840033886,8.36618104169585,191.493225398619
"5306",650002.818584448,852492.468697348,866534.132033884,802710.823480366,1432113.64657382,1051852.50939487,22767.3675332009,11965.5038084599,21772.4976467674,142578.344090067,610496.329273593,6465286.44111682,"Washington","Emily Randall","Democrat","WA","53",1716007.44106294,2250580.117361,2287650.10856945,2119156.57398817,3780780.02695488,2776890.62480245,60105.8502876504,31588.9300543341,57479.3937874659,376406.828397776,1611710.30928229,17068356.2045484,9.027816924784,11.8401731763521,12.0351962782484,11.1487614372273,19.8904673135252,14.6090626304843,0.316213437961124,0.166187552895276,0.302395800649547,1.9802547790287,8.47911568435546,89.7956450155114
"5307",3680911.86140327,7051235.41467222,5511109.17481576,6944905.63271135,10416216.3529367,9060698.02714896,68614.6090834264,102474.283577098,163082.061444165,1012533.22785813,3187043.45304978,47198824.0987009,"Washington","Pramila Jayapal","Democrat","WA","53",9717607.31410463,18615261.4947347,14549328.2215136,18334550.870358,27498811.1717529,23920242.7916733,181142.567980246,270532.10864354,430536.642212595,2673087.72154547,8413794.71605143,124604895.62057,51.1237758528232,97.9338252037808,76.5431829835523,96.4570226765465,144.669671568565,125.843028154847,0.952980681714255,1.42325393857081,2.26502863116895,14.0629614980296,44.2644924034692,655.539223593068
"5308",602256.977038771,973108.599284104,1355664.9258655,942722.036817413,1514324.67734616,1296004.91801609,40339.0239563783,14396.5194684473,25076.7047264819,150571.514138768,873801.924808149,7788267.82146626,"Washington","Kim Schrier ","Democrat","WA","53",1589958.41938236,2569006.70211003,3578955.40428491,2488786.17719797,3997817.14819385,3421452.98356249,106495.023244839,38006.8113967009,66202.5004779121,397508.797326349,2306837.08149351,20561027.0486709,8.3646802366496,13.5153972122792,18.8286795259097,13.0933616224641,21.0322871853633,18.0000683057791,0.560264221616365,0.19995165928399,0.348287565645581,2.09127102970512,12.1361378445576,108.170386409254
"5309",1289466.59612209,2331524.01105062,2158112.60518308,2309733.7198328,3495788.91833484,2967324.68771461,47407.6146642528,33185.3027592705,54213.74714391,331095.299736285,1459850.97855029,16477703.481092,"Washington","Adam Smith","Democrat","WA","53",3404191.81376232,6155223.38917363,5697417.27768333,6097697.02035859,9228882.74440398,7833737.17556657,125156.102713627,87609.199284474,143124.292459922,874091.591303793,3854006.58337276,43501137.190083,17.9092582794735,32.3822779312586,29.9737861830984,32.0796349976778,48.5526238657617,41.2128428849251,0.658439092559067,0.460906982767645,0.752968710332084,4.59854582967063,20.2757080354207,228.856992792945
"5310",348634.828266489,413738.586716052,632675.861590654,404558.992753263,655246.158998275,589308.955430456,8406.47616766003,6832.56624968268,10535.7077501597,64196.1363229723,544297.667766777,3678431.93801244,"Washington","Marilyn Strickland","Democrat","WA","53",920395.946623531,1092269.86893038,1670264.27459933,1068035.74086861,1729849.85975545,1555775.6423364,22193.0970826225,18037.9748991623,27814.2684604216,169477.799892647,1436945.84290429,9711060.31635285,4.84215039259013,5.74636925994517,8.78716474431464,5.61887489935088,9.10064109719826,8.18484660320078,0.116756613439723,0.0948967534678151,0.146329274307774,0.891613004485726,7.55968983009412,51.089332472395
"5401",416085.762527811,290390.203560479,1097268.94907888,563021.928388293,164091.497823401,548646.569713283,3951834.76459229,32456.8540685274,7034.6804292489,95306.3352705193,52712.5934368524,7218850.13888958,"West Virginia","Carol D. Miller","Republican","WV","54",1098466.41307342,766630.137399665,2896790.02556823,1486377.89094509,433201.554253779,1448426.94404307,10432843.7785236,85686.0947409123,18571.5563332171,251608.725114171,139161.24667329,19057764.3666685,5.77896892399737,4.03319727167332,15.2398465149844,7.81974900539295,2.27904858088057,7.62009124601782,54.8865939526707,0.450789639840658,0.0977038948506792,1.32369910097943,0.732119353289616,100.261807484578
"5402",1135908.05280921,1260003.12289329,1845741.98451038,1095172.91398127,911971.215388705,2933179.45989314,1492469.78247632,446574.520040152,8180.15439014874,640407.85204072,493692.682309558,12263301.7407329,"West Virginia","Riley M. Moore","Republican","WV","54",2998797.25941631,3326408.2444383,4872758.8391074,2891256.49291055,2407604.00862618,7743593.77411788,3940120.22573747,1178956.732906,21595.6075899927,1690676.7293875,1303348.68129723,32375116.5955348,15.7765007334612,17.500043373518,25.6353053404219,15.2107349164065,12.6662668803987,40.7386036096269,20.7287469788377,6.20242388944655,0.113613255418732,8.89455350056555,6.85684280985498,170.323635287957
"5501",685435.509351106,568285.189957232,834657.114026193,634570.623294769,211586.390509658,1254991.98989633,65156.3356505383,26399.2007979598,22370.2909847348,176386.123083772,341289.973637084,4821128.74118938,"Wisconsin","Bryan Steil","Republican","WI","55",1809549.74468692,1500272.90148709,2203494.78102915,1675266.44549819,558588.070945498,3313178.85332632,172012.726117421,69693.8901066138,59057.5681997,465659.364941157,901005.530401901,12727779.87674,9.51993762987647,7.89284986051712,11.5924599170305,8.81348087909401,2.9386998681897,17.4304443041158,0.904949106257476,0.36665556663833,0.310698485899095,2.44980726505239,4.74013852273727,66.9601214054081
"5502",8969224.38634381,9650260.74024676,9506819.53696522,7232123.01100064,4079125.41771648,18141592.6847107,37142.2449079879,58628.5636666613,537020.219684806,2104003.05126118,2095707.1454221,62411647.0019264,"Wisconsin","Mark Pocan","Democrat","WI","55",23678752.3799477,25476688.3542514,25098003.5775882,19092804.7490417,10768891.1027715,47893804.6876363,98055.5265570881,154779.408079986,1417733.37996789,5554568.0553295,5532666.86391435,164766748.085086,124.572560921442,134.031399170094,132.039160235628,100.446152930564,56.6545196905067,251.966565065426,0.515864512610943,0.814285606481407,7.45861416228897,29.2222646008497,29.1070436864181,866.82843058231
"5503",624586.011157636,475307.310388618,817159.689773845,436580.49665516,298928.540363567,952094.26826986,88019.4782522283,7614.2251251965,18099.3728198996,131708.121219367,319725.518342082,4169823.03236746,"Wisconsin","Derrick Van Orden","Republican","WI","55",1648907.06945616,1254811.29942595,2157301.58100295,1152572.51116962,789171.346559818,2513528.86823243,232371.422585883,20101.5543305187,47782.3442445349,347709.440019128,844075.368423097,11008332.8054501,8.67480571052272,6.60149042206413,11.3494401357478,6.06361800909944,4.15178528282733,13.223531503748,1.22249275350317,0.10575312673884,0.251380178054161,1.82927946138009,4.44063219919558,57.9142087828814
"5504",1210239.75448913,770673.476462531,1426501.48013729,1363580.06922783,233909.596128833,2849349.11884017,168703.5060316,96948.2496118538,17012.819901235,204692.876943541,642933.776700652,8984544.72447467,"Wisconsin","Gwen Moore","Democrat","WI","55",3195032.95185131,2034577.97786108,3765963.90756246,3599851.38276146,617521.333780118,7522281.67373806,445377.255923424,255943.378975294,44913.8445392605,540389.195130949,1697345.17048972,23719198.0726131,16.8088854790157,10.7037982842018,19.8125205574624,18.9386120726087,3.24874439067823,39.5742933172247,2.34310425043889,1.3465034668313,0.236289165294931,2.84295662421585,8.92963578750905,124.785343395482
"5505",790181.052635135,658227.18020762,981955.316517709,762376.21724167,239918.314800569,1556720.42238789,86153.6092429957,36655.326209441,26380.1572846419,209424.319776687,439247.083595388,5787238.99989975,"Wisconsin","Scott Fitzgerald","Republican","WI","55",2086077.97895676,1737719.75574812,2592362.03560675,2012673.21351801,633384.351073502,4109741.91510404,227445.528401509,96770.0611929242,69643.6152314547,552880.204210455,1159612.30069182,15278310.9597353,10.9747368421546,9.14204416955028,13.6382682849682,10.588558572801,3.33219881667457,21.6211169776096,1.19657790615272,0.509101752908903,0.366391073397804,2.90867110800955,6.10065393882483,80.3783194430521
"5506",1038977.4683578,875374.988502382,1319246.14616379,875174.054709646,360025.322972384,1733126.97845483,147698.198361147,22392.378579194,40101.7063062888,203813.326901092,268891.578649293,6884822.14795785,"Wisconsin","Glenn Grothman","Republican","WI","55",2742900.51646459,2310989.96964629,3482809.8258724,2310459.50443346,950466.852647095,4575455.22312076,389923.243673427,59115.8794490722,105868.504648603,538067.183018883,709873.767634133,18175930.4706087,14.4302426160806,12.157985951422,18.3228631411637,12.1551952043006,5.00035170794978,24.0712080340949,2.05136386612704,0.311005258044361,0.5569681431429,2.83074065140406,3.73460525901796,95.6225298327479
"5507",468706.408920414,497631.059547802,573827.970253037,439705.639096843,294002.079386565,757540.12151263,23163.7213146478,25523.5867939107,14829.9397865443,137043.575967058,194308.063474092,3426282.16605355,"Wisconsin","Thomas P. Tiffany","Republican","WI","55",1237384.91954989,1313745.9972062,1514905.84146802,1160822.88721567,776165.489580531,1999905.92079334,61152.2242706702,67382.2691359243,39151.0410364771,361795.040553033,512973.287571603,9045384.91838136,6.50981123500576,6.91154249371948,7.96983292018107,6.10702276523394,4.08336221370229,10.5213905765643,0.321718351592331,0.354494261026538,0.205971385924227,1.90338299954247,2.69872310380683,47.5872523062992
"5508",372702.569905304,290337.975921975,591396.707387198,243988.68308302,185852.303838714,634124.568864758,11317.5429639031,6245.88915396008,14531.1787222545,73207.5871249865,85499.3231824782,2509204.33014855,"Wisconsin","Tony Wied","Republican","WI","55",983934.784550004,766492.256434013,1561287.3075022,644130.123339172,490650.082134204,1674088.86180296,29878.3134247041,16489.1473664546,38362.3118267518,193268.030009964,225718.213201743,6624299.43159218,5.17642458201812,4.03247188780521,8.21384315815553,3.38873170948639,2.58128199775991,8.8072856786772,0.157188096720876,0.0867484604716678,0.201821926697979,1.01677204340259,1.18749059975664,34.8500601409521
"5600",1690226.77416891,764699.890245517,576295.158442718,878913.360344122,4014618.95864463,2176790.75598571,14507267.1209027,16299.8009023086,33080.2133421804,198247.087755825,1455126.58211832,26311565.7028529,"Wyoming","Harriet M. Hageman","Republican","WY","56",4462198.68380593,2018807.71024816,1521419.21828878,2320331.27130848,10598594.0508218,5746727.59580228,38299185.199183,43031.4743820946,87331.7632233562,523372.311675377,3841534.17679237,69462533.4555317,23.4753718634571,10.6208318089655,8.00409942281553,12.2071300047795,55.758596647842,30.233204944246,201.489821123648,0.226386123643174,0.459447407530283,2.75343177438645,20.21009141831,365.438412539624
"6098",0,0,91506.6967399112,0,0,0,0,0,0,0,0,91506.6967399112,"American Samoa","Aumua Amata Coleman Radewagen","Republican","AS","60",0,0,241577.679393366,0,0,0,0,0,0,0,0,241577.679393366,0,0,1.27092634360988,0,0,0,0,0,0,0,0,1.27092634360988
"6698",0,0,221527.655150551,0,175702.505076974,21878.2408386334,10230503.7978452,0,0,0,37751.104667437,10687363.3035788,"Guam","James C. Moylan","Republican","GU","66",0,0,584833.009597456,0,463854.613403211,57758.5558139921,27008530.0263114,0,0,0,99662.9163220338,28214639.121448,0,0,3.0767729882021,0,2.44031257051353,0.30386445609213,142.090330525628,0,0,0,0.524320898158848,148.435601438594
"6998",0,0,0,0,0,0,0,0,0,0,99670.5847900164,99670.5847900164,"Northern Mariana","Kimberlyn King-Hinds","Republican",NA,NA,0,0,0,0,0,0,0,0,0,0,263130.343845643,263130.343845643,0,0,0,0,0,0,0,0,0,0,1.38431367763912,1.38431367763912
"7298",2424478.90970283,686913.46268124,4432850.09713467,565915.026969175,420212.743986337,3747069.46531528,8781235.82620126,309463.668641399,0,263986.139734247,767292.63309206,22399417.9734585,"Puerto Rico","Pablo José Hernández","Democrat","PR","72",6400624.32161546,1813451.54147847,11702724.2564355,1494015.67119862,1109361.64412393,9892263.38843234,23182462.5811713,816984.085213293,0,696923.408898411,2025652.55136304,59134463.4499304,33.673318190317,9.54046475946167,61.5673624602037,7.85993093012743,5.83628811092135,52.0426314627123,121.96160869724,4.29810650890831,0,3.66647416297565,10.6568421262786,311.103027409146
