"FIPS","budg_CBET_cuts","budg_CHE_cuts","budg_NSF_cuts","state_name","state","name","state_FIPS","econ_budg_CBET_cuts","econ_budg_CHE_cuts","econ_budg_NSF_cuts","jobs_budg_CBET_cuts","jobs_budg_CHE_cuts","jobs_budg_NSF_cuts"
"01001",26619.0745435612,7944.2484827004,34563.3230262616,"Alabama","AL","Autauga County","01",70274.3567950015,20972.815994329,91247.1727893306,0.369709368660572,0.11033678448195,0.480046153142522
"01003",27416.5578717974,23536.4230465616,50952.9809183591,"Alabama","AL","Baldwin County","01",72379.7127815452,62136.1568429227,134515.869624468,0.380785525997187,0.326894764535578,0.707680290532765
"01005",10466.3942611741,4454.65137417556,14921.0456353497,"Alabama","AL","Barbour County","01",27631.2808494998,11760.2796278235,39391.5604773232,0.145366586960752,0.0618701579746606,0.207236744935413
"01007",17310.2172507648,5707.6115469582,23017.828797723,"Alabama","AL","Bibb County","01",45698.9735420192,15068.0944839697,60767.0680259888,0.2404196840384,0.0792723825966417,0.319692066635042
"01009",13631.7933231438,7478.36987702222,21110.163200166,"Alabama","AL","Blount County","01",35987.9343730997,19742.8964753387,55730.8308484384,0.189330462821442,0.103866248291975,0.293196711113417
"01011",2888.00424881531,1200.78264854806,4088.78689736336,"Alabama","AL","Bullock County","01",7624.33121687241,3170.06619216687,10794.3974090393,0.0401111701224348,0.0166775367853897,0.0567887069078245
"01013",6428.64804184625,1918.83941218645,8347.4874540327,"Alabama","AL","Butler County","01",16971.6308304741,5065.73604817223,22037.3668786463,0.0892867783589756,0.0266505473914785,0.115937325750454
"01015",17794.9865461173,8414.2310951552,26209.2176412725,"Alabama","AL","Calhoun County","01",46978.7644817498,22213.5700912097,69192.3345729595,0.247152590918296,0.116864320766045,0.364016911684341
"01017",47148.514974149,21064.8060419761,68213.3210161251,"Alabama","AL","Chambers County","01",124472.079531753,55611.0879508169,180083.16748257,0.65484048575207,0.292566750583001,0.947407236335071
"01019",1520.24909631363,783.637716203857,2303.88681251749,"Alabama","AL","Cherokee County","01",4013.457614268,2068.80357077818,6082.26118504618,0.0211145707821338,0.010883857169498,0.0319984279516318
"01021",11141.081212125,5177.04570484051,16318.1269169655,"Alabama","AL","Chilton County","01",29412.45440001,13667.4006607789,43079.8550607889,0.154737239057292,0.0719034125672293,0.226640651624521
"01023",902.694733660722,643.045359362761,1545.74009302348,"Alabama","AL","Choctaw County","01",2383.11409686431,1697.63974871769,4080.753845582,0.0125374268563989,0.00893118554670501,0.0214686124031039
"01025",2269.52532272123,1107.51867284539,3377.04399556662,"Alabama","AL","Clarke County","01",5991.54685198405,2923.84929631182,8915.39614829587,0.0315211850377949,0.0153822037895193,0.0469033888273142
"01027",6781.12118890249,3088.26375073353,9869.38493963602,"Alabama","AL","Clay County","01",17902.1599387026,8153.01630193652,26055.1762406391,0.0941822387347568,0.0428925520935213,0.137074790828278
"01029",1041.30918495073,990.043688113655,2031.35287306439,"Alabama","AL","Cleburne County","01",2749.05624826993,2613.71533662005,5362.77158488998,0.0144626275687602,0.0137506067793563,0.0282132343481165
"01031",8399.18998410807,4221.56757511838,12620.7575592264,"Alabama","AL","Coffee County","01",22173.8615580453,11144.9383983125,33318.7999563578,0.116655416445945,0.0586328829877552,0.175288299433701
"01033",6939.0554880234,3570.27156009935,10509.3270481228,"Alabama","AL","Colbert County","01",18319.1064883818,9425.51691866229,27744.6234070441,0.0963757706669917,0.0495871050013799,0.145962875668372
"01035",1900.48536953783,789.898980337981,2690.38434987582,"Alabama","AL","Conecuh County","01",5017.28137557988,2085.33330809227,7102.61468367215,0.0263956301324699,0.0109708191713609,0.0373664493038308
"01037",8000.98054463114,3766.61298192298,11767.5935265541,"Alabama","AL","Coosa County","01",21122.5886378262,9943.85827227666,31066.4469101029,0.111124729786544,0.0523140691933747,0.163438798979918
"01039",3924.22270487861,1656.25260025763,5580.47530513624,"Alabama","AL","Covington County","01",10359.9479408795,4372.50686468014,14732.4548055597,0.054503093123314,0.0230035083369115,0.0775066014602255
"01041",4034.36346857529,1325.04045073721,5359.4039193125,"Alabama","AL","Crenshaw County","01",10650.7195570388,3498.10678994624,14148.826346985,0.0560328259524346,0.0184033395935724,0.074436165546007
"01043",15679.4711988084,7043.97673428516,22723.4479330936,"Alabama","AL","Cullman County","01",41393.8039648543,18596.0985785128,59989.9025433671,0.217770433316784,0.0978330101984049,0.315603443515189
"01045",7547.3226313499,3562.3201545306,11109.6427858805,"Alabama","AL","Dale County","01",19924.9317467637,9404.5252079608,29329.4569547245,0.104823925435415,0.0494766688129251,0.15430059424834
"01047",9194.71543186375,3602.91362671092,12797.6290585747,"Alabama","AL","Dallas County","01",24274.0487401203,9511.69197451683,33785.7407146371,0.127704380998108,0.0500404670376517,0.177744848035759
"01049",7928.91742345995,2608.6929698581,10537.610393318,"Alabama","AL","DeKalb County","01",20932.3419979343,6886.94944042538,27819.2914383597,0.11012385310361,0.0362318468035847,0.146355699907195
"01051",33472.3733429731,10401.960463072,43874.3338060451,"Alabama","AL","Elmore County","01",88367.0656254491,27461.1756225101,115828.241247959,0.46489407420796,0.144471673098222,0.609365747306182
"01053",3565.42798762613,1905.80348640724,5471.23147403337,"Alabama","AL","Escambia County","01",9412.72988733298,5031.32120411511,14444.0510914481,0.049519833161474,0.0264694928667672,0.0759893260282412
"01055",11069.9477574082,5261.08244078995,16331.0301981982,"Alabama","AL","Etowah County","01",29224.6620795577,13889.2576436855,43113.9197232432,0.153749274408448,0.073070589455416,0.226819863863864
"01057",16549.7375376472,5425.02691089398,21974.7644485412,"Alabama","AL","Fayette County","01",43691.3070993887,14322.0710447601,58013.3781441488,0.229857465800656,0.0753475959846387,0.305205061785295
"01059",3345.32864887334,4066.52170541827,7411.85035429161,"Alabama","AL","Franklin County","01",8831.66763302562,10735.6173023042,19567.2849353298,0.0464628979010186,0.0564794681308092,0.102942366031828
"01061",1953.07846492877,1149.23660632875,3102.31507125752,"Alabama","AL","Geneva County","01",5156.12714741195,3033.9846407079,8190.11178811985,0.0271260897906773,0.0159616195323438,0.0430877093230211
"01063",9990.57954094164,2893.84214598665,12884.4216869283,"Alabama","AL","Greene County","01",26375.1299880859,7639.74326540475,34014.8732534907,0.138758049179745,0.0401922520275923,0.178950301207337
"01065",27725.9050625977,7982.95242543663,35708.8574880343,"Alabama","AL","Hale County","01",73196.3893652579,21074.9944031527,94271.3837684106,0.385082014758301,0.110874339242175,0.495956354000476
"01067",3905.72867671082,1530.38796047865,5436.11663718947,"Alabama","AL","Henry County","01",10311.1237065166,4040.22421566365,14351.3479221802,0.0542462316209836,0.0212553883399813,0.0755016199609649
"01069",12413.4771969989,6360.11405149822,18773.5912484972,"Alabama","AL","Houston County","01",32771.5798000772,16790.7010959553,49562.2808960325,0.172409405513874,0.0883349173819198,0.260744322895794
"01071",10629.7479238801,3025.114888455,13654.8628123351,"Alabama","AL","Jackson County","01",28062.5345190434,7986.3033055212,36048.8378245646,0.147635387831668,0.042015484561875,0.189650872393543
"01073",222293.103314728,147197.549807764,369490.653122492,"Alabama","AL","Jefferson County","01",586853.792750883,388601.531492496,975455.324243379,3.08740421270456,2.04441041399672,5.13181462670128
"01075",4693.38068801762,2877.42694667843,7570.80763469605,"Alabama","AL","Lamar County","01",12390.5250163665,7596.40713923106,19986.9321555976,0.0651858428891336,0.0399642631483116,0.105150106037445
"01077",15339.6575567165,5192.81306061995,20532.4706173364,"Alabama","AL","Lauderdale County","01",40496.6959497315,13709.0264800367,54205.7224297682,0.21305079939884,0.0721224036197216,0.285173203018562
"01079",8555.97265104901,2951.88215218482,11507.8548032338,"Alabama","AL","Lawrence County","01",22587.7677987694,7792.96888176793,30380.7366805373,0.118832953486792,0.0409983632247892,0.159831316711581
"01081",854348.02572953,388596.993470312,1242945.01919984,"Alabama","AL","Lee County","01",2255478.78792596,1025896.06276162,3281374.85068758,11.865944801799,5.39718046486544,17.2631252666645
"01083",42119.223190146,11479.3583029163,53598.5814930623,"Alabama","AL","Limestone County","01",111194.749221985,30305.505919699,141500.255141684,0.58498921097425,0.159435531984948,0.744424742959198
"01085",1266.16875868797,620.605523412085,1886.77428210006,"Alabama","AL","Lowndes County","01",3342.68552293624,1638.3985818079,4981.08410474415,0.0175856772039996,0.00861952115850118,0.0262051983625008
"01087",33067.7050996808,11752.3190271416,44820.0241268224,"Alabama","AL","Macon County","01",87298.7414631572,31026.1222316538,118324.863694811,0.459273681940011,0.163226653154745,0.622500335094755
"01089",321687.078223509,80160.2195105728,401847.297734082,"Alabama","AL","Madison County","01",849253.886510064,211622.979507912,1060876.86601798,4.46787608643763,1.11333638209129,5.58121246852892
"01091",7813.95964229597,2403.79956052148,10217.7592028175,"Alabama","AL","Marengo County","01",20628.8534556614,6346.03083977671,26974.8842954381,0.108527217254111,0.0333861050072428,0.141913322261354
"01093",6061.73007278707,3688.36079823173,9750.0908710188,"Alabama","AL","Marion County","01",16002.9673921579,9737.27250733178,25740.2398994896,0.0841906954553759,0.0512272333087741,0.13541792876415
"01095",17972.5721214403,6414.25180488608,24386.8239263264,"Alabama","AL","Marshall County","01",47447.5904006024,16933.6247648993,64381.2151655016,0.249619057242226,0.0890868306234178,0.338705887865644
"01097",113624.709170385,114996.015356753,228620.724527138,"Alabama","AL","Mobile County","01",299969.232209816,303589.480541829,603558.712751645,1.57812096069979,1.59716687995491,3.1752878406547
"01099",2458.67071108645,1495.328358625,3953.99906971144,"Alabama","AL","Monroe County","01",6490.89067726822,3947.66686676999,10438.5575440382,0.0341482043206451,0.0207684494253472,0.0549166537459923
"01101",187705.045734637,23524.7389692503,211229.784703887,"Alabama","AL","Montgomery County","01",495541.320739442,62105.3108788209,557646.631618263,2.60701452409218,0.326732485684032,2.93374700977621
"01103",31549.6514390016,9670.84467228123,41220.4961112829,"Alabama","AL","Morgan County","01",83291.0797989643,25531.0299348225,108822.109733787,0.438189603319467,0.134317287115017,0.572506890434484
"01105",3071.50308275533,927.038018444377,3998.54110119971,"Alabama","AL","Perry County","01",8108.76813847408,2447.38036869316,10556.1485071672,0.0426597650382685,0.0128755280339497,0.0555352930722182
"01107",32524.7213333901,12501.3131473643,45026.0344807544,"Alabama","AL","Pickens County","01",85865.26432015,33003.4667090417,118868.731029192,0.45173224074153,0.173629349268948,0.625361590010478
"01109",7340.46564004814,2851.71238716117,10192.1780272093,"Alabama","AL","Pike County","01",19378.8292897271,7528.52070210549,26907.3499918326,0.101950911667335,0.0396071164883496,0.141558028155685
"01111",5699.76326359394,2711.43305668408,8411.19632027802,"Alabama","AL","Randolph County","01",15047.375015888,7158.18326964598,22205.558285534,0.079163378661027,0.0376587924539456,0.116822171114973
"01113",23179.5145455745,9467.95146915947,32647.466014734,"Alabama","AL","Russell County","01",61193.9184003167,24995.391878581,86189.3102788977,0.321937702021868,0.131499325960548,0.453437027982416
"01115",16259.0956901408,10268.3836550056,26527.4793451465,"Alabama","AL","St. Clair County","01",42924.0126219718,27108.5328492148,70032.5454711866,0.225820773474178,0.142616439652856,0.368437213127034
"01117",62316.5841648356,37103.6920157881,99420.2761806237,"Alabama","AL","Shelby County","01",164515.782195166,97953.7469216805,262469.529116847,0.865508113400495,0.515329055774834,1.38083716917533
"01119",5125.64088865062,2637.09403116068,7762.73491981129,"Alabama","AL","Sumter County","01",13531.6919460376,6961.92824226418,20493.6201883018,0.0711894567868141,0.0366263059883427,0.107815762775157
"01121",19839.3057027909,9841.17246990232,29680.4781726932,"Alabama","AL","Talladega County","01",52375.7670553679,25980.6953205421,78356.46237591,0.275545912538762,0.136682950970865,0.412228863509628
"01123",45619.7936321901,20062.1045095066,65681.8981416967,"Alabama","AL","Tallapoosa County","01",120436.255188982,52963.9559050975,173400.211094079,0.633608244891529,0.278640340409814,0.912248585301343
"01125",1118997.40354735,319679.762999541,1438677.16654689,"Alabama","AL","Tuscaloosa County","01",2954153.14536501,843954.574318787,3798107.7196838,15.5416306048243,4.43999670832695,19.9816273131513
"01127",12051.2777546618,6693.19212797099,18744.4698826328,"Alabama","AL","Walker County","01",31815.3732723071,17670.0272178434,49485.4004901505,0.167378857703636,0.0929610017773748,0.260339859481011
"01129",1407.18790363291,1078.13265035977,2485.32055399268,"Alabama","AL","Washington County","01",3714.97606559089,2846.27019694978,6561.24626254068,0.019544276439346,0.0149740645883301,0.0345183410276761
"01131",1587.04486595333,868.147832497135,2455.19269845046,"Alabama","AL","Wilcox County","01",4189.79844611678,2291.91027779244,6481.70872390922,0.0220422898049073,0.0120576087846824,0.0340998985895897
"01133",2950.49162722031,1915.89269080573,4866.38431802604,"Alabama","AL","Winston County","01",7789.29789586162,5057.95670372714,12847.2545995888,0.0409790503780599,0.0266096207056352,0.0675886710836951
"02016",0,17.0217742206803,17.0217742206803,"Alaska","AK","Aleutians West Census Area","02",0,44.937483942596,44.937483942596,0,0.000236413530842782,0.000236413530842782
"02020",1517.95993849006,106325.273620746,107843.233559236,"Alaska","AK","Anchorage Municipality","02",4007.41423761376,280698.72235877,284706.136596383,0.021082776923473,1.47673991139925,1.49782268832272
"02050",0,195.750403537824,195.750403537824,"Alaska","AK","Bethel Census Area","02",0,516.781065339854,516.781065339854,0,0.00271875560469199,0.00271875560469199
"02060",0,8.51088711034015,8.51088711034015,"Alaska","AK","Bristol Bay Borough","02",0,22.468741971298,22.468741971298,0,0.000118206765421391,0.000118206765421391
"02063",0,536.18588795143,536.18588795143,"Alaska","AK","Chugach Census Area","02",0,1415.53074419178,1415.53074419178,0,0.00744702622154764,0.00744702622154764
"02066",0,102.130645324082,102.130645324082,"Alaska","AK","Copper River Census Area","02",0,269.624903655577,269.624903655577,0,0.0014184811850567,0.0014184811850567
"02068",0,25.5326613310204,25.5326613310204,"Alaska","AK","Denali Borough","02",0,67.406225913894,67.406225913894,0,0.000354620296264173,0.000354620296264173
"02070",0,119.152419544762,119.152419544762,"Alaska","AK","Dillingham Census Area","02",0,314.562387598172,314.562387598172,0,0.00165489471589948,0.00165489471589948
"02090",206.075976334005,396.617623941431,602.693600275436,"Alaska","AK","Fairbanks North Star Borough","02",544.040577521772,1047.07052720538,1591.11110472715,0.00286216633797229,0.00550857811029765,0.00837074444826994
"02110",0.994152540862317,27.0953334947559,28.0894860356183,"Alaska","AK","Juneau City and Borough","02",2.62456270787652,71.5316804261557,74.1562431340322,0.0000138076741786433,0.000376324076316055,0.000390131750494698
"02122",84.0807986198472,2594.43372016099,2678.51451878084,"Alaska","AK","Kenai Peninsula Borough","02",221.973308356397,6849.30502122502,7071.27832958142,0.0011677888697201,0.0360338016689027,0.0372015905386228
"02130",7.18984931848796,0,7.18984931848796,"Alaska","AK","Ketchikan Gateway Borough","02",18.9812022008082,0,18.9812022008082,0.0000998590183123328,0,0.0000998590183123328
"02150",0,204.261290648164,204.261290648164,"Alaska","AK","Kodiak Island Borough","02",0,539.249807311152,539.249807311152,0,0.00283696237011338,0.00283696237011338
"02158",0,153.195967986123,153.195967986123,"Alaska","AK","Kusilvak Census Area","02",0,404.437355483364,404.437355483364,0,0.00212772177758504,0.00212772177758504
"02164",0,144.685080875783,144.685080875783,"Alaska","AK","Lake and Peninsula Borough","02",0,381.968613512067,381.968613512067,0,0.00200951501216365,0.00200951501216365
"02170",146.793512494834,12404.1004010059,12550.8939135007,"Alaska","AK","Matanuska-Susitna Borough","02",387.534872986362,32746.8250586555,33134.3599316419,0.00203879878465047,0.172279172236193,0.174317971020843
"02185",0,25.5326613310204,25.5326613310204,"Alaska","AK","North Slope Borough","02",0,67.406225913894,67.406225913894,0,0.000354620296264173,0.000354620296264173
"02195",2363.36863576583,548.477786590002,2911.84642235583,"Alaska","AK","Petersburg Borough","02",6239.29319842178,1447.9813565976,7687.27455501938,0.0328245643856365,0.00761774703597225,0.0404423114216087
"02198",0,8.51088711034015,8.51088711034015,"Alaska","AK","Prince of Wales-Hyder Census Area","02",0,22.468741971298,22.468741971298,0,0.000118206765421391,0.000118206765421391
"02240",0,42.5544355517008,42.5544355517008,"Alaska","AK","Southeast Fairbanks Census Area","02",0,112.34370985649,112.34370985649,0,0.000591033827106955,0.000591033827106955
"02275",0,34.0435484413606,34.0435484413606,"Alaska","AK","Wrangell City and Borough","02",0,89.874967885192,89.874967885192,0,0.000472827061685564,0.000472827061685564
"02282",0,34.0435484413606,34.0435484413606,"Alaska","AK","Yakutat City and Borough","02",0,89.874967885192,89.874967885192,0,0.000472827061685564,0.000472827061685564
"02290",2363.36863576583,718.695528796805,3082.06416456263,"Alaska","AK","Yukon-Koyukuk Census Area","02",6239.29319842178,1897.35619602356,8136.64939444534,0.0328245643856365,0.00998188234440006,0.0428064467300365
"04001",3243.98864235201,1340.56601844758,4584.55466079959,"Arizona","AZ","Apache County","04",8564.13001580931,3539.09428870161,12103.2243045109,0.0450553978104446,0.0186189724784386,0.0636743702888832
"04003",33877.1898851748,21094.1891214292,54971.379006604,"Arizona","AZ","Cochise County","04",89435.7812968615,55688.659280573,145124.440577435,0.470516526182984,0.292974848908738,0.763491375091722
"04005",310539.049395289,5474.69035557222,316013.739750861,"Arizona","AZ","Coconino County","04",819823.090403562,14453.1825387107,834276.272942272,4.31304235271234,0.0760373660496142,4.38907971876195
"04007",14005.6355847227,5345.50320829566,19351.1387930183,"Arizona","AZ","Gila County","04",36974.8779436678,14112.1284699006,51087.0064135684,0.194522716454481,0.0742431001152176,0.268765816569699
"04009",8837.04145053636,5961.57831437861,14798.619764915,"Arizona","AZ","Graham County","04",23329.789429416,15738.5667499595,39068.3561793755,0.122736686813005,0.082799698810814,0.205536385623819
"04011",385.226113532808,667.074548034492,1052.3006615673,"Arizona","AZ","Greenlee County","04",1016.99693972661,1761.07680681106,2778.07374653767,0.00535036268795567,0.00926492427825683,0.0146152869662125
"04012",728.812825213779,150.863091681851,879.675916895629,"Arizona","AZ","La Paz County","04",1924.06585856438,398.278562040086,2322.34442060446,0.0101224003501914,0.00209532071780348,0.0122177210679949
"04013",3110815.92191917,791383.136877612,3902199.05879679,"Arizona","AZ","Maricopa County","04",8212554.03386662,2089251.4813569,10301805.5152235,43.2057766933219,10.9914324566335,54.1972091499554
"04015",18507.6019540265,4957.69192159016,23465.2938756167,"Arizona","AZ","Mohave County","04",48860.06915863,13088.306672998,61948.375831628,0.257050027139257,0.0688568322443078,0.325906859383565
"04017",8397.46108803084,2878.68182442977,11276.1429124606,"Arizona","AZ","Navajo County","04",22169.2972724014,7599.7200164946,29769.017288896,0.116631404000428,0.0399816920059691,0.156613096006397
"04019",955012.207450016,1303585.87466698,2258598.08211699,"Arizona","AZ","Pima County","04",2521232.22766804,3441466.70912082,5962698.93678887,13.2640584368058,18.1053593703747,31.3694178071805
"04021",146446.171015477,52690.2509873206,199136.422002798,"Arizona","AZ","Pinal County","04",386617.891480859,139102.262606526,525720.154087386,2.03397459743718,0.731809041490564,2.76578363892774
"04023",9188.34088756497,8236.06640819841,17424.4072957634,"Arizona","AZ","Santa Cruz County","04",24257.2199431715,21743.2153176438,46000.4352608153,0.127615845660625,0.114389811224978,0.242005656885602
"04025",47181.8371704204,8645.05399471184,55826.8911651322,"Arizona","AZ","Yavapai County","04",124560.05012991,22822.9425460393,147382.992675949,0.655303294033616,0.120070194370998,0.775373488404614
"04027",17358.159996851,8951.03023154768,26309.1902283987,"Arizona","AZ","Yuma County","04",45825.5423916868,23630.7198112859,69456.2622029726,0.24108555551182,0.124319864327051,0.365405419838871
"05001",137.295293889648,462.487644389356,599.782938279004,"Arkansas","AR","Arkansas County","05",362.459575868671,1220.9673811879,1583.42695705657,0.00190687908180067,0.00642343950540772,0.00833031858720838
"05003",59.8771249859868,263.190749965565,323.067874951552,"Arkansas","AR","Ashley County","05",158.075609963005,694.823579909091,852.899189872096,0.000831626735916484,0.00365542708285506,0.00448705381877155
"05005",6067.12081339489,3399.13097362514,9466.25178702004,"Arkansas","AR","Baxter County","05",16017.1989473625,8973.70577037038,24990.9047177329,0.0842655668527068,0.0472101524114603,0.131475719264167
"05007",55874.9763324887,30192.0098292412,86066.9861617298,"Arkansas","AR","Benton County","05",147509.93751777,79706.9059491967,227216.843466967,0.776041337951231,0.419333469850572,1.1953748078018
"05009",4386.73248269535,2582.78461439441,6969.51709708976,"Arkansas","AR","Boone County","05",11580.9737543157,6818.55138200124,18399.525136317,0.0609268400374354,0.0358720085332557,0.0967988485706911
"05011",59.8771249859868,172.348238458182,232.225363444169,"Arkansas","AR","Bradley County","05",158.075609963005,454.999349529601,613.074959492606,0.000831626735916484,0.00239372553414142,0.0032253522700579
"05013",40.9073369039078,49.0557785442702,89.9631154481779,"Arkansas","AR","Calhoun County","05",107.995369426317,129.507255356873,237.50262478319,0.000568157456998719,0.000681330257559308,0.00124948771455803
"05015",877.77897681399,669.764350280503,1547.54332709449,"Arkansas","AR","Carroll County","05",2317.33649878893,1768.17788474053,4085.51438352946,0.0121913746779721,0.00930228264278476,0.0214936573207568
"05017",43.0998419061467,140.906204599801,184.006046505947,"Arkansas","AR","Chicot County","05",113.783582632227,371.992380143473,485.775962775701,0.000598608915363149,0.00195703061944167,0.00255563953480482
"05019",829.25543681554,866.521372129679,1695.77680894522,"Arkansas","AR","Clark County","05",2189.23435319303,2287.61642242235,4476.85077561538,0.0115174366224381,0.0120350190573566,0.0235524556797947
"05021",850.359944239098,1119.85772390695,1970.21766814605,"Arkansas","AR","Clay County","05",2244.95025279122,2956.42439111435,5201.37464390556,0.0118105547810986,0.0155535794987076,0.0273641342798062
"05023",603.790080794841,623.121998856065,1226.91207965091,"Arkansas","AR","Cleburne County","05",1594.00581329838,1645.04207698001,3239.04789027839,0.00838597334437279,0.00865447220633423,0.017040445550707
"05025",803.597598911964,1641.99744504228,2445.59504395424,"Arkansas","AR","Cleveland County","05",2121.49766112758,4334.87325491162,6456.37091603921,0.0111610777626662,0.0228055200700317,0.0339665978326978
"05027",407.076122459042,422.417566018442,829.493688477484,"Arkansas","AR","Columbia County","05",1074.68096329187,1115.18237428869,2189.86333758056,0.00565383503415335,0.00586691063914503,0.0115207456732984
"05029",1340.28732797576,601.968850406932,1942.2561783827,"Arkansas","AR","Conway County","05",3538.35854585602,1589.1977650743,5127.55631093032,0.0186151017774412,0.00836067847787405,0.0269757802553152
"05031",40570.7970321495,65096.1327222778,105666.929754427,"Arkansas","AR","Craighead County","05",107106.904164875,171853.790386814,278960.694551688,0.563483292113187,0.904112954476081,1.46759624658927
"05033",1868.62025293031,1209.81928694097,3078.43953987128,"Arkansas","AR","Crawford County","05",4933.15746773603,3193.92291752416,8127.08038526019,0.0259530590684766,0.0168030456519579,0.0427561047204345
"05035",3230.34549615453,5191.0863814162,8421.43187757072,"Arkansas","AR","Crittenden County","05",8528.11210984795,13704.4680469388,22232.5801567867,0.0448659096688129,0.0720984219641138,0.116964331632927
"05037",1104.64155240074,1780.50787327354,2885.14942567428,"Arkansas","AR","Cross County","05",2916.25369833795,4700.54078544216,7616.79448378011,0.0153422437833436,0.0247292760176881,0.0400715198010317
"05039",81.8146738078156,79.9430547870638,161.757728594879,"Arkansas","AR","Dallas County","05",215.990738852633,211.049664637848,427.040403490482,0.00113631491399744,0.00111032020537589,0.00224663511937333
"05041",18.9697880820791,332.351016118255,351.320804200334,"Arkansas","AR","Desha County","05",50.0802405366887,877.406682552194,927.486923088883,0.000263469278917765,0.00461598633497577,0.00487945561389353
"05043",161.65866653064,497.262679205924,658.921345736564,"Arkansas","AR","Drew County","05",426.778879640889,1312.77347310364,1739.55235274453,0.00224525925736999,0.00690642610008228,0.00915168535745228
"05045",3112.40413512246,2883.07506411823,5995.47919924069,"Arkansas","AR","Faulkner County","05",8216.7469167233,7611.31816927212,15828.0650859954,0.0432278352100342,0.0400427092238643,0.0832705444338984
"05047",520.478018722544,345.595877790731,866.073896513274,"Arkansas","AR","Franklin County","05",1374.06196942751,912.373117367529,2286.43508679504,0.00722886137114644,0.00479994274709348,0.0120288041182399
"05049",37.9395761641581,79.9430547870638,117.882630951222,"Arkansas","AR","Fulton County","05",100.160481073377,211.049664637848,311.210145711226,0.00052693855783553,0.00111032020537589,0.00163725876321142
"05051",2558.34661120449,1571.69491994669,4130.04153115118,"Arkansas","AR","Garland County","05",6754.03505357986,4149.27458865925,10903.3096422391,0.0355325918222846,0.0218290961103706,0.0573616879326553
"05053",401.798799455981,1089.60890605607,1491.40770551205,"Arkansas","AR","Grant County","05",1060.74883056379,2876.56751198802,3937.31634255181,0.00558053888133307,0.0151334570285565,0.0207139959098896
"05055",4905.52655152558,7275.11650559478,12180.6430571204,"Arkansas","AR","Greene County","05",12950.5900960275,19206.3075747702,32156.8976707978,0.0681323132156331,0.101043284799927,0.169175598015561
"05057",37.9395761641581,83.0683991145348,121.007975278693,"Arkansas","AR","Hempstead County","05",100.160481073377,219.300573662372,319.461054735749,0.00052693855783553,0.00115372776547965,0.00168066632331518
"05059",543.647825699073,487.354176512148,1031.00200221122,"Arkansas","AR","Hot Spring County","05",1435.23025984555,1286.61502599207,2721.84528583763,0.00755066424582047,0.00676880800711317,0.0143194722529336
"05061",44.6276259856554,315.489961177843,360.117587163499,"Arkansas","AR","Howard County","05",117.81693260213,832.893497509507,950.710430111637,0.000619828138689659,0.00438180501635894,0.0050016331550486
"05063",835.268564354394,781.671554153069,1616.94011850746,"Arkansas","AR","Independence County","05",2205.1090098956,2063.6129029641,4268.7219128597,0.0116009522826999,0.0108565493632371,0.022457501645937
"05065",118.952813914398,202.281977807585,321.234791721983,"Arkansas","AR","Izard County","05",314.035428734011,534.024421412025,848.059850146036,0.00165212241547775,0.00280947191399424,0.00446159432947199
"05067",417.335337805739,679.520077341459,1096.8554151472,"Arkansas","AR","Jackson County","05",1101.76529180715,1793.93300418145,2895.6982959886,0.00579632413619082,0.00943777885196471,0.0152341029881555
"05069",143.10904805853,32146.9093082883,32290.0183563468,"Arkansas","AR","Jefferson County","05",377.807886874521,84867.8405738811,85245.6484607556,0.00198762566747959,0.446484851504004,0.448472477171484
"05071",37.9395761641581,61.7745524855873,99.7141286497454,"Arkansas","AR","Johnson County","05",100.160481073377,163.08481856195,263.245299635328,0.00052693855783553,0.000857979895633156,0.00138491845346869
"05073",167.745338165127,133.815005143767,301.560343308894,"Arkansas","AR","Lafayette County","05",442.847692755934,353.271613579546,796.11930633548,0.00232979636340454,0.00185854173810788,0.00418833810151242
"05075",1175.0422204644,1678.8118150961,2853.8540355605,"Arkansas","AR","Lawrence County","05",3102.11146202602,4432.06319185371,7534.17465387973,0.0163200308397834,0.0233168307652236,0.039636861605007
"05077",56.9093642462371,165.335837934287,222.245202180524,"Arkansas","AR","Lee County","05",150.240721610066,436.486612146518,586.727333756584,0.000790407836753293,0.00229633108242065,0.00308673891917395
"05079",450.058907104116,1501.9893796772,1952.04828678132,"Arkansas","AR","Lincoln County","05",1188.15551475487,3965.25196234781,5153.40747710268,0.00625081815422384,0.0208609636066278,0.0271117817608516
"05081",37.9395761641581,82.765946704978,120.705522869136,"Arkansas","AR","Little River County","05",100.160481073377,218.502099301142,318.662580374519,0.00052693855783553,0.00114952703756914,0.00167646559540467
"05083",560.222028992255,436.84058655044,997.062615542695,"Arkansas","AR","Logan County","05",1478.98615653955,1153.25914849316,2632.24530503271,0.00778086151378131,0.00606723036875611,0.0138480918825374
"05085",2233.97187135404,2285.06799638554,4519.03986773958,"Arkansas","AR","Lonoke County","05",5897.68574037466,6032.57951045783,11930.2652508325,0.0310273871021394,0.0317370555053548,0.0627644426074942
"05087",903.51794652072,531.281902358265,1434.79984887899,"Arkansas","AR","Madison County","05",2385.2873788147,1402.58422222582,3787.87160104052,0.0125488603683433,0.00737891531053146,0.0199277756788748
"05089",931.004411520728,637.887987124617,1568.89239864535,"Arkansas","AR","Marion County","05",2457.85164641472,1684.02428600899,4141.87593242371,0.0129306168266768,0.0088595553767308,0.0217901722034076
"05091",270.185760557962,220.342319298311,490.528079856273,"Arkansas","AR","Miller County","05",713.290407873021,581.703722947541,1294.99413082056,0.00375258000774948,0.00306030999025432,0.0068128899980038
"05093",1964.41593843574,2877.65865528091,4842.07459371665,"Arkansas","AR","Mississippi County","05",5186.05807747035,7597.0188499416,12783.076927412,0.0272835547004964,0.039967481323346,0.0672510360238423
"05095",363.850939474138,659.322459503808,1023.17339897795,"Arkansas","AR","Monroe County","05",960.566480211725,1740.61129309005,2701.17777330178,0.00505348527047414,0.00915725638199733,0.0142107416524715
"05097",70.2240490417418,83.0683991145348,153.292448156277,"Arkansas","AR","Montgomery County","05",185.391489470198,219.300573662372,404.69206313257,0.000975334014468636,0.00115372776547965,0.00212906177994829
"05099",382.829011373902,365.331252787867,748.160264161769,"Arkansas","AR","Nevada County","05",1010.6685900271,964.47450735997,1975.14309738707,0.00531706960241531,0.00507404517760927,0.0103911147800246
"05101",582.247873742869,332.451860608843,914.699734351712,"Arkansas","AR","Newton County","05",1537.13438668117,877.672912007346,2414.80729868852,0.00808677602420651,0.0046173869529006,0.0127041629771071
"05103",124.990250822391,364.820673314448,489.810924136839,"Arkansas","AR","Ouachita County","05",329.974262171113,963.126577550142,1293.10083972125,0.00173597570586654,0.005066953796034,0.00680292950190054
"05105",56.9093642462371,92.6618287283808,149.571192974618,"Arkansas","AR","Perry County","05",150.240721610066,244.627227842925,394.867949452991,0.000790407836753293,0.00128696984344973,0.00207737768020303
"05107",1394.49029938693,1550.43636577716,2944.92666516409,"Arkansas","AR","Phillips County","05",3681.4543903815,4093.1520056517,7774.60639603319,0.0193679208248185,0.0215338384135716,0.0409017592383901
"05109",5.2360008504176,5.08103842407812,10.3170392744957,"Arkansas","AR","Pike County","05",13.8230422451025,13.4139414395662,27.2369836846687,0.0000727222340335777,0.0000705699781121961,0.000143292212145774
"05111",2078.68660368569,3550.33445412779,5629.02105781348,"Arkansas","AR","Poinsett County","05",5487.73263373023,9372.88295889736,14860.6155926276,0.0288706472734124,0.0493102007517748,0.0781808480251873
"05113",33.5110122885564,83.255260311343,116.766272599899,"Arkansas","AR","Polk County","05",88.4690724417889,219.793887221946,308.262959663734,0.00046543072622995,0.00115632305987976,0.00162175378610971
"05115",1569.25562165977,910.019773498704,2479.27539515847,"Arkansas","AR","Pope County","05",4142.83484118179,2402.45220203658,6545.28704321837,0.0217952169674968,0.0126391635208153,0.0344343804883121
"05117",75.8791523283161,141.717607272651,217.596759600967,"Arkansas","AR","Prairie County","05",200.320962146755,374.134483199798,574.455445346553,0.00105387711567106,0.00196830010100904,0.0030221772166801
"05119",9475.16304381318,17237.3257612131,26712.4888050263,"Arkansas","AR","Pulaski County","05",25014.4304356668,45506.5400096027,70520.9704452695,0.131599486719627,0.239407302239071,0.371006788958699
"05121",897.694767874853,1130.41434005101,2028.10910792586,"Arkansas","AR","Randolph County","05",2369.91418718961,2984.29385773467,5354.20804492428,0.0124679828871507,0.0157001991673751,0.0281681820545259
"05123",916.194025932332,1015.59439204191,1931.78841797425,"Arkansas","AR","St. Francis County","05",2418.75222846136,2681.16919499065,5099.92142345201,0.0127249170268379,0.0141054776672488,0.0268303946940868
"05125",3104.38706594679,3671.19774646606,6775.58481241286,"Arkansas","AR","Saline County","05",8195.58185409953,9691.96205067041,17887.5439047699,0.0431164870270388,0.0509888575898065,0.0941053446168452
"05127",822.567386994043,490.369399525363,1312.93678651941,"Arkansas","AR","Scott County","05",2171.57790166427,1294.57521474696,3466.15311641123,0.0114245470415839,0.00681068610451894,0.0182352331461029
"05129",1148.48703412171,641.995543322785,1790.48257744449,"Arkansas","AR","Searcy County","05",3032.00577008131,1694.86823437215,4726.87400445346,0.0159512088072459,0.00891660476837202,0.024867813575618
"05131",5019.30904770603,3073.4227670295,8092.73181473554,"Arkansas","AR","Sebastian County","05",13250.9758859439,8113.83610495789,21364.8119909018,0.0697126256625838,0.0426864273198542,0.112399052982438
"05133",205.004235615234,32.4499484065291,237.454184021763,"Arkansas","AR","Sevier County","05",541.211182024217,85.6678637932368,626.879045817454,0.00284728105021158,0.00045069372786846,0.00329797477808004
"05135",113.818728492474,230.757844584073,344.576573076548,"Arkansas","AR","Sharp County","05",300.481443220133,609.200709701953,909.682152922086,0.00158081567350659,0.00320497006366768,0.00478578573717427
"05137",226.552816360449,179.882190083734,406.435006444184,"Arkansas","AR","Stone County","05",598.099435191586,474.888981821058,1072.98841701264,0.00314656689389513,0.00249836375116298,0.0056449306450581
"05139",698.965749628326,760.051295998851,1459.01704562718,"Arkansas","AR","Union County","05",1845.26957901878,2006.53542143697,3851.80500045575,0.00970785763372675,0.010556267999984,0.0202641256337108
"05141",56.9093642462371,112.393003193593,169.30236743983,"Arkansas","AR","Van Buren County","05",150.240721610066,296.717528431085,446.958250041151,0.000790407836753293,0.00156101393324434,0.00235142176999764
"05143",606971.971464541,315984.04259813,922956.014062671,"Arkansas","AR","Washington County","05",1602406.00466639,834197.872459063,2436603.87712545,8.43016627034085,4.38866725830736,12.8188335286482
"05145",1599.56644959403,1813.80959284703,3413.37604244105,"Arkansas","AR","White County","05",4222.85542692823,4788.45732511615,9011.31275204438,0.0222162006888059,0.0251917999006531,0.0474080005894591
"05147",62.0434496681606,126.225979216945,188.269428885106,"Arkansas","AR","Woodruff County","05",163.794707123944,333.236585132735,497.031292256679,0.000861714578724453,0.00175313860023535,0.0026148531789598
"05149",252.820570014411,1075.25740010081,1328.07797011522,"Arkansas","AR","Yell County","05",667.446304838045,2838.67953626614,3506.12584110419,0.00351139680575571,0.0149341305569557,0.0184455273627114
"06001",1988822.22106095,3781601.14122668,5770423.36228763,"California","CA","Alameda County","06",5250490.66360092,9983427.01283843,15233917.6764393,27.6225308480688,52.5222380725927,80.1447689206615
"06003",421.241579437855,490.485327537832,911.726906975687,"California","CA","Alpine County","06",1112.07776971594,1294.88126469988,2406.95903441582,0.00585057749219243,0.00681229621580322,0.0126628737079957
"06005",19554.9575258804,14403.9825235312,33958.9400494116,"California","CA","Amador County","06",51625.0878683242,38026.5138621223,89651.6017304465,0.271596632303894,0.200055312826822,0.471651945130716
"06007",18909.1562323359,12217.7878153131,31126.944047649,"California","CA","Butte County","06",49920.1724533668,32254.9598324267,82175.1322857935,0.262627169893554,0.169691497434905,0.432318667328459
"06009",12109.6679664369,10430.2107002102,22539.8786666471,"California","CA","Calaveras County","06",31969.5234313934,27535.7562485548,59505.2796799482,0.168189832867179,0.144864037502919,0.313053870370098
"06011",6811.09979580366,3823.31173119365,10634.4115269973,"California","CA","Colusa County","06",17981.3034609217,10093.5429703512,28074.8464312729,0.0945986082750508,0.053101551822134,0.147700160097185
"06013",924830.8428684,1747409.34140924,2672240.18427764,"California","CA","Contra Costa County","06",2441553.42517257,4613160.66132038,7054714.08649296,12.8448728176167,24.2695741862394,37.114447003856
"06015",353.121899301314,701.785457311558,1054.90735661287,"California","CA","Del Norte County","06",932.241814155468,1852.71360730251,2784.95542145798,0.00490447082362936,0.00974702024043831,0.0146514910640677
"06017",39416.2840717892,30039.2670228662,69455.5510946553,"California","CA","El Dorado County","06",104058.989949523,79303.6649403667,183362.65488989,0.547448389885961,0.417212041984253,0.964660431870213
"06019",95467.2889636292,92327.7571175434,187795.046081173,"California","CA","Fresno County","06",252033.642863981,243745.278790315,495778.921654296,1.3259345689393,1.28232995996588,2.60826452890518
"06021",876.176681651652,840.217806749527,1716.39448840118,"California","CA","Glenn County","06",2313.10643956036,2218.17500981875,4531.28144937911,0.0121691205784952,0.0116696917604101,0.0238388123389053
"06023",1808.14302614987,3315.36947658875,5123.51250273862,"California","CA","Humboldt County","06",4773.49758903566,8752.57541819429,13526.0730072299,0.0251130975854149,0.0460467982859548,0.0711598958713697
"06025",25955.5223902031,29984.6506108507,55940.1730010537,"California","CA","Imperial County","06",68522.5791101362,79159.4776126457,147682.056722782,0.360493366530598,0.416453480706259,0.776946847236857
"06027",5855.53699777381,4157.39153047098,10012.9285282448,"California","CA","Inyo County","06",15458.6176741229,10975.5136404434,26434.1313145662,0.0813269027468585,0.0577415490343191,0.139068451781178
"06029",47702.2293104387,55558.6835122191,103260.912822658,"California","CA","Kern County","06",125933.885379558,146674.924472258,272608.809851817,0.662530962644982,0.771648382114154,1.43417934475914
"06031",13233.1542315922,15302.8440951272,28535.9983267194,"California","CA","Kings County","06",34935.5271714034,40399.5084111357,75335.0355825391,0.183793808772114,0.21253950132121,0.396333310093324
"06033",1062.01895381352,1053.80457721312,2115.82353102663,"California","CA","Lake County","06",2803.73003806768,2782.04408384263,5585.77412191031,0.0147502632474099,0.0146361746835155,0.0293864379309255
"06035",4948.53589221094,1415.08697494325,6363.62286715419,"California","CA","Lassen County","06",13064.1347554369,3735.82961385019,16799.9643692871,0.0687296651695963,0.0196539857631007,0.0883836509326971
"06037",5665147.81276223,6474870.37069981,12140018.183462,"California","CA","Los Angeles County","06",14955990.2256923,17093657.7786475,32049648.0043398,78.6826085105865,89.9287551486085,168.611363659195
"06039",23240.6858898277,17812.0149787921,41052.7008686198,"California","CA","Madera County","06",61355.4107491451,47023.7195440112,108379.130293156,0.322787304025385,0.247389096927669,0.570176400953053
"06041",94585.9759198915,146269.126391079,240855.10231097,"California","CA","Marin County","06",249706.976428513,386150.493672448,635857.470100962,1.31369410999849,2.03151564432054,3.34520975431903
"06043",26953.3747574543,17075.109403104,44028.4841605583,"California","CA","Mariposa County","06",71156.9093596793,45078.2888241946,116235.198183874,0.374352427186865,0.237154297265334,0.611506724452199
"06045",4645.83721616241,5303.62921273076,9949.46642889317,"California","CA","Mendocino County","06",12265.0102506688,14001.5811216092,26266.591372278,0.0645255168911446,0.0736615168434828,0.138187033734627
"06047",499131.932286904,320149.682851385,819281.61513829,"California","CA","Merced County","06",1317708.30123743,845195.162727657,2162903.46396508,6.93238794842923,4.4465233729359,11.3789113213651
"06049",37.6240844237789,245.688486307192,283.312570730971,"California","CA","Modoc County","06",99.3275828787762,648.617603850986,747.945186729762,0.00052255672810804,0.00341234008759988,0.00393489681570792
"06051",2591.20380451494,1720.34490823447,4311.54871274941,"California","CA","Mono County","06",6840.77804391944,4541.71055773899,11382.4886016584,0.0359889417293742,0.0238936792810343,0.0598826210104084
"06053",113800.747912279,125575.583307965,239376.331220245,"California","CA","Monterey County","06",300433.974488417,331519.539933028,631953.514421446,1.5805659432261,1.74410532372174,3.32467126694784
"06055",23659.907401547,25235.9072820476,48895.8146835946,"California","CA","Napa County","06",62462.155540084,66622.7952246058,129084.95076469,0.328609825021486,0.350498712250662,0.679108537272148
"06057",16374.1853736373,16901.2781630259,33275.4635366632,"California","CA","Nevada County","06",43227.8493864026,44619.3743503884,87847.2237367909,0.227419241300519,0.234739974486471,0.462159215786989
"06059",3096481.14109072,2820484.50559753,5916965.64668825,"California","CA","Orange County","06",8174710.21247949,7446079.09477749,15620789.307257,43.0066825151488,39.1733959110769,82.1800784262257
"06061",119418.518685911,83683.9820771787,203102.50076309,"California","CA","Placer County","06",315264.889330805,220925.712683752,536190.602014557,1.65859053730432,1.1622775288497,2.82086806615402
"06063",3583.69793316431,4541.24965808103,8124.94759124534,"California","CA","Plumas County","06",9460.96254355378,11988.8990973339,21449.8616408877,0.0497735824050599,0.063072911917792,0.112846494322852
"06065",1677325.02273396,2038328.91946173,3715653.94219569,"California","CA","Riverside County","06",4428138.06001766,5381188.34737896,9809326.40739663,23.2961808713051,28.3101238814129,51.6063047527179
"06067",640457.727908686,478846.061804677,1119303.78971336,"California","CA","Sacramento County","06",1690808.40167893,1264153.60316435,2954962.00484328,8.89524622095398,6.65063974728719,15.5458859682412
"06069",10790.1375426747,11784.843133757,22574.9806764317,"California","CA","San Benito County","06",28485.9631126612,31111.9858731185,59597.9489857797,0.149863021426037,0.163678376857736,0.313541398283774
"06071",664752.551158455,801522.030098761,1466274.58125722,"California","CA","San Bernardino County","06",1754946.73505832,2116018.15946073,3870964.89451905,9.23267432164521,11.1322504180383,20.3649247396836
"06073",2863468.83006426,5585044.32341539,8448513.15347965,"California","CA","San Diego County","06",7559557.71136965,14744517.0138166,22304074.7251863,39.7704004175592,77.5700600474359,117.340460464995
"06075",386552.798487648,642766.790295943,1029319.58878359,"California","CA","San Francisco County","06",1020499.38800739,1696904.32638129,2717403.71438868,5.368788867884,8.92731653188809,14.2961053997721
"06077",138099.18798376,218250.241240123,356349.429223884,"California","CA","San Joaquin County","06",364581.856277127,576180.636873926,940762.493151053,1.91804427755223,3.03125335055727,4.9492976281095
"06079",107309.140653841,130500.697505194,237809.838159035,"California","CA","San Luis Obispo County","06",283296.13132614,344521.841413712,627817.972739852,1.49040473130334,1.81250968757214,3.30291441887548
"06081",669388.340367964,556673.451776512,1226061.79214448,"California","CA","San Mateo County","06",1767185.21857142,1469617.91268999,3236803.13126142,9.29706028288838,7.73157571911822,17.0286360020066
"06083",1045272.71545352,1367101.10308438,2412373.8185379,"California","CA","Santa Barbara County","06",2759519.96879729,3609146.91214276,6368666.88094005,14.5176766035211,18.9875153206164,33.5051919241374
"06085",1352070.41848022,1099786.23930785,2451856.65778807,"California","CA","Santa Clara County","06",3569465.90478779,2903435.67177271,6472901.5765605,18.7787558122253,15.2748088792756,34.0535646915009
"06087",416726.487422369,445542.524783103,862269.012205471,"California","CA","Santa Cruz County","06",1100157.92679505,1176232.26542739,2276390.19222244,5.78786788086623,6.18809062198754,11.9759585028538
"06089",6502.97523554875,6741.53753313715,13244.5127686859,"California","CA","Shasta County","06",17167.8546218487,17797.6590874821,34965.5137093308,0.0903191004937326,0.093632465738016,0.183951566231749
"06091",419.961849493989,671.325858249602,1091.28770774359,"California","CA","Sierra County","06",1108.69928266413,1772.30026577895,2880.99954844308,0.00583280346519429,0.0093239702534667,0.015156773718661
"06093",2295.09501061985,2338.42388267799,4633.51889329785,"California","CA","Siskiyou County","06",6059.05082803641,6173.43905026991,12232.4898783063,0.0318763195919424,0.0324781094816388,0.0643544290735812
"06095",303886.251925493,279997.827654622,583884.079580116,"California","CA","Solano County","06",802259.705083302,739194.265008203,1541453.9700915,4.22064238785407,3.88885871742531,8.10950110527938
"06097",85478.1748335276,103150.662556913,188628.83739044,"California","CA","Sonoma County","06",225662.381560513,272317.749150249,497980.130710762,1.18719687268788,1.43264809106823,2.61984496375611
"06099",108689.168572744,85865.1394057994,194554.307978543,"California","CA","Stanislaus County","06",286939.405032044,226683.96803131,513623.373063354,1.50957178573255,1.1925713806361,2.70214316636865
"06101",20336.7230424388,16450.3421541788,36787.0651966177,"California","CA","Sutter County","06",53688.9488320385,43428.9032870322,97117.8521190707,0.282454486700539,0.228476974363595,0.510931461064134
"06103",8856.66036676591,5483.77515413269,14340.4355208986,"California","CA","Tehama County","06",23381.583368262,14477.1664069103,37858.7497751723,0.123009171760638,0.0761635438073984,0.199172715568036
"06105",75.5404708074537,63.5351603689955,139.075631176449,"California","CA","Trinity County","06",199.426842931678,167.732823374148,367.159666305826,0.00104917320565908,0.000882432782902715,0.00193160598856179
"06107",28073.3273055686,36149.7716789203,64223.0989844889,"California","CA","Tulare County","06",74113.584086701,95435.3972323497,169548.981319051,0.389907323688452,0.502080162207227,0.891987485895679
"06109",19320.5448253371,18779.3440134299,38099.888838767,"California","CA","Tuolumne County","06",51006.2383388899,49577.468195455,100583.706534345,0.268340900351904,0.260824222408749,0.529165122760653
"06111",243095.688629221,342300.223158861,585395.911788081,"California","CA","Ventura County","06",641772.617981142,903672.589139392,1545445.20712053,3.37632900873917,4.75416976609529,8.13049877483446
"06113",786850.195725584,433737.94324168,1220588.13896726,"California","CA","Yolo County","06",2077284.51671554,1145068.17015804,3222352.68687358,10.9284749406331,6.0241381005789,16.952613041212
"06115",24034.2152148958,17845.4716507027,41879.6868655985,"California","CA","Yuba County","06",63450.3281673249,47112.0451578551,110562.37332518,0.333808544651331,0.247853772926426,0.581662317577757
"08001",522398.893681335,203184.317799482,725583.211480817,"Colorado","CO","Adams County","08",1379133.07931873,536406.598990632,1915539.67830936,7.25554019001855,2.82200441388169,10.0775446039002
"08003",861.942650822433,442.276816822532,1304.21946764497,"Colorado","CO","Alamosa County","08",2275.52859817122,1167.61079641148,3443.13939458271,0.0119714257058671,0.00614273356697961,0.0181141592728467
"08005",250009.716160477,197942.040525431,447951.756685908,"Colorado","CO","Arapahoe County","08",660025.65066366,522566.986987138,1182592.6376508,3.47235716889552,2.74919500729765,6.22155217619317
"08007",4193.30707060058,2155.53828911437,6348.84535971495,"Colorado","CO","Archuleta County","08",11070.3306663855,5690.62108326193,16760.9517496475,0.0582403759805637,0.0299380317932551,0.0881784077738188
"08009",25.0886391935519,0,25.0886391935519,"Colorado","CO","Baca County","08",66.2340074709771,0,66.2340074709771,0.000348453322132666,0,0.000348453322132666
"08011",77.0452227065616,108.238066683219,185.28328938978,"Colorado","CO","Bent County","08",203.399387945323,285.748496043698,489.14788398902,0.00107007253759113,0.00150330648171137,0.0025733790193025
"08013",1811310.6656745,723484.372825132,2534795.03849964,"Colorado","CO","Boulder County","08",4781860.15738069,1909998.74425835,6691858.90163904,25.1570925788126,10.0483940670157,35.2054866458283
"08014",267271.036702078,101945.595767888,369216.632469965,"Colorado","CO","Broomfield County","08",705595.536893485,269136.372827223,974731.909720709,3.7120977319733,1.41591105233177,5.12800878430507
"08015",1886.13477637829,841.966280981881,2728.10105736017,"Colorado","CO","Chaffee County","08",4979.39580963868,2222.79098179217,7202.18679143085,0.0261963163385873,0.0116939761247483,0.0378902924633357
"08017",0.744569418598737,55.4891719391143,56.233741357713,"Colorado","CO","Cheyenne County","08",1.96566326510067,146.491413919262,148.457077184362,0.0000103412419249825,0.00077068294359881,0.000781024185523792
"08019",6531.48224851853,1841.94486853814,8373.42711705667,"Colorado","CO","Clear Creek County","08",17243.1131360889,4862.73445294069,22105.8475890296,0.090715031229424,0.0255825676185853,0.116297598848009
"08021",58.2416083890054,175.985931998284,234.227540387289,"Colorado","CO","Conejos County","08",153.757846146974,464.602860475469,618.360706622443,0.000808911227625075,0.00244424905553172,0.00325316028315679
"08023",33.8975386140522,123.103164381317,157.000702995369,"Colorado","CO","Costilla County","08",89.4895019410977,324.992353966677,414.481855907775,0.000470799147417391,0.00170976617196274,0.00218056531938013
"08025",3479.32323678927,1363.8557144555,4843.17895124477,"Colorado","CO","Crowley County","08",9185.41334512367,3600.57908616253,12785.9924312862,0.0483239338442954,0.0189424404785486,0.067266374322844
"08027",16.9119018170176,49.9702086743776,66.8821104913952,"Colorado","CO","Custer County","08",44.6474207969265,131.921350900357,176.568771697283,0.000234887525236356,0.000694030676033022,0.000928918201269378
"08029",6635.72527922864,2487.22120647208,9122.94648570072,"Colorado","CO","Delta County","08",17518.3147371636,6566.2639850863,24084.5787222499,0.0921628511003978,0.0345447389787789,0.126707590079177
"08031",520202.440216026,390077.358089477,910279.798305503,"Colorado","CO","Denver County","08",1373334.44217031,1029804.22535622,2403138.66752653,7.22503389188925,5.41774108457607,12.6427749764653
"08033",8.36287973118396,37.399527442007,45.762407173191,"Colorado","CO","Dolores County","08",22.0780024903257,98.7347524468985,120.812754937224,0.000116151107377555,0.000519437881138986,0.000635588988516541
"08035",153545.507569011,78857.0163505606,232402.523919571,"Colorado","CO","Douglas County","08",405360.139982189,208182.52316548,613542.663147669,2.13257649401404,1.09523633820223,3.22781283221627
"08037",10291.0565433376,5227.83642765077,15518.8929709884,"Colorado","CO","Eagle County","08",27168.3892744114,13801.488168998,40969.8774434094,0.142931340879689,0.0726088392729273,0.215540180152617
"08039",34607.5487773714,14450.7819573068,49058.3307346782,"Colorado","CO","Elbert County","08",91363.9287722604,38150.06436729,129513.99313955,0.480660399685714,0.200705304962595,0.681365704648308
"08041",171801.420603531,127522.835228864,299324.255832395,"Colorado","CO","El Paso County","08",453555.750393323,336660.285004201,790216.035397524,2.38613084171571,1.77115048928978,4.15728133100549
"08043",8998.23397344852,12223.8682732676,21222.1022467161,"Colorado","CO","Fremont County","08",23755.3376899041,32271.0122414264,56026.3499313305,0.124975471853452,0.169775948239827,0.294751420093279
"08045",5629.8083852961,2500.36601415998,8130.17439945607,"Colorado","CO","Garfield County","08",14862.6941371817,6600.96627738235,21463.660414564,0.0781917831291124,0.0347273057522219,0.112919088881334
"08047",29010.4777872966,9734.94675243424,38745.4245397308,"Colorado","CO","Gilpin County","08",76587.6613584629,25700.2594264264,102287.920784889,0.402923302601341,0.135207593783809,0.53813089638515
"08049",1014.22254775545,464.534413493285,1478.75696124873,"Colorado","CO","Grand County","08",2677.54752607439,1226.37085162227,3903.91837769666,0.0140864242743812,0.0064518668540734,0.0205382911284546
"08051",5471.14184747245,2285.06895958821,7756.21080706066,"Colorado","CO","Gunnison County","08",14443.8144773273,6032.58205331289,20476.3965306402,0.0759880812148951,0.0317370688831696,0.107725150098065
"08053",1.11685412789811,30.004448823116,31.1213029510141,"Colorado","CO","Hinsdale County","08",2.948494897651,79.2117448930262,82.1602397906772,0.0000155118628874737,0.000416728455876611,0.000432240318764085
"08055",612.691539489911,477.664941220633,1090.35648071054,"Colorado","CO","Huerfano County","08",1617.50566425336,1261.03544482247,2878.54110907584,0.00850960471513765,0.00663423529473102,0.0151438400098687
"08057",4437.86377643573,1837.45344785295,6275.31722428868,"Colorado","CO","Jackson County","08",11715.9603697903,4850.87710233178,16566.8374721221,0.0616369968949407,0.0255201867757354,0.0871571836706761
"08059",1176778.11915762,392388.644828401,1569166.76398603,"Colorado","CO","Jefferson County","08",3106694.23457613,1035906.02234698,4142600.25692311,16.3441405438559,5.44984228928335,21.7939828331392
"08061",272.637433251508,223.516116751851,496.153550003359,"Colorado","CO","Kiowa County","08",719.76282378398,590.082548224887,1309.84537200887,0.00378663101738205,0.00310439051044238,0.00689102152782443
"08063",8.26072285829244,20.0029658820773,28.2636887403698,"Colorado","CO","Kit Carson County","08",21.808308345892,52.8078299286842,74.6161382745762,0.000114732261920728,0.000277818970584407,0.000392551232505136
"08065",1449.74550689822,645.815664037266,2095.56117093549,"Colorado","CO","Lake County","08",3827.3281382113,1704.95335305838,5532.28149126968,0.0201353542624753,0.00896966200051758,0.0291050162629929
"08067",9782.32499908396,51443.5313992744,61225.8563983584,"Colorado","CO","La Plata County","08",25825.3379975816,135810.922894084,161636.260891666,0.135865624987277,0.714493491656589,0.850359116643866
"08069",619430.326296198,1843149.22152084,2462579.54781703,"Colorado","CO","Larimer County","08",1635296.06142196,4865913.944815,6501210.00623697,8.60319897633608,25.5992947433449,34.202493719681
"08071",1357.93118942127,1001.31310771481,2359.24429713607,"Colorado","CO","Las Animas County","08",3584.93834007214,2643.4666043671,6228.40494443924,0.0188601554086287,0.013907126496039,0.0327672819046677
"08073",92.0436697507537,242.545682209087,334.589351959841,"Colorado","CO","Lincoln County","08",242.99528814199,640.32060103199,883.31588917398,0.0012783843020938,0.00336869003068177,0.00464707433277557
"08075",66419.1522307368,33457.6765144085,99876.8287451452,"Colorado","CO","Logan County","08",175346.561889145,88328.2659980383,263674.827887183,0.922488225426899,0.464689951589006,1.38717817701591
"08077",109545.233743447,2325.66859642842,111870.902339875,"Colorado","CO","Mesa County","08",289199.4170827,6139.76509457103,295339.182177271,1.5214615797701,0.0323009527281725,1.55376253249827
"08081",4831.49831557727,1894.61723217923,6726.11554775651,"Colorado","CO","Moffat County","08",12755.155553124,5001.78949295318,17756.9450460772,0.0671041432719066,0.0263141282247116,0.0934182714966182
"08083",1128.42593499587,1763.60493341697,2892.03086841283,"Colorado","CO","Montezuma County","08",2979.04446838909,4655.91702422079,7634.96149260988,0.0156725824304982,0.0244945129641245,0.0401670953946227
"08085",10088.0807556768,4499.18724320533,14587.2679988821,"Colorado","CO","Montrose County","08",26632.5331949868,11877.8543220621,38510.3875170489,0.140112232717734,0.0624887117111851,0.202600944428919
"08087",13587.576677468,5911.48179774597,19499.058475214,"Colorado","CO","Morgan County","08",35871.2024285156,15606.3119460494,51477.514374565,0.188716342742612,0.082103913857583,0.270820256600195
"08089",1730.61539014378,735.485294734364,2466.10068487814,"Colorado","CO","Otero County","08",4568.82462997957,1941.68117809872,6510.50580807829,0.024036324863108,0.0102150735379773,0.0342513984010853
"08091",387.544070302517,77.6718741023315,465.215944404849,"Colorado","CO","Ouray County","08",1023.11634559865,205.053747630155,1228.1700932288,0.0053825565319794,0.00107877602919905,0.00646133256117845
"08093",13004.079066822,3683.54948088796,16687.62854771,"Colorado","CO","Park County","08",34330.7687364101,9724.57062954422,44055.3393659543,0.180612209261417,0.0511604094567773,0.231772618718194
"08095",3737.99226282433,1384.78813383246,5122.78039665678,"Colorado","CO","Phillips County","08",9868.29957385622,3655.84067331769,13524.1402471739,0.0519165592058934,0.0192331685254508,0.0711497277313442
"08097",3104.32076671344,9468.31291533437,12572.6336820478,"Colorado","CO","Pitkin County","08",8195.40682412347,24996.3460964827,33191.7529206062,0.0431155662043533,0.131504346046311,0.174619912250664
"08099",4832.9243803644,2058.40212627382,6891.32650663822,"Colorado","CO","Prowers County","08",12758.920364162,5434.18161336289,18193.1019775249,0.0671239497272834,0.0285889184204697,0.0957128681477531
"08101",6473.70459723562,5056.37500041854,11530.0795976542,"Colorado","CO","Pueblo County","08",17090.580136702,13348.830001105,30439.410137807,0.0899125638504948,0.0702274305613686,0.160139994411863
"08103",1025.27204795295,783.346575286543,1808.6186232395,"Colorado","CO","Rio Blanco County","08",2706.7182065958,2068.03495875647,4774.75316535227,0.0142398895549021,0.0108798135456464,0.0251197031005486
"08105",1057.12144134766,341.002105911226,1398.12354725888,"Colorado","CO","Rio Grande County","08",2790.80060515781,900.245559605637,3691.04616476345,0.0146822422409397,0.00473614035987814,0.0194183826008178
"08107",8635.13612365392,11340.1994404877,19975.3355641416,"Colorado","CO","Routt County","08",22796.7593664463,29938.1265228874,52734.8858893338,0.11993244616186,0.157502770006773,0.277435216168633
"08109",534.63065992217,351.962362672568,886.593022594737,"Colorado","CO","Saguache County","08",1411.42494219453,929.180637455579,2340.60557965011,0.00742542583225235,0.00488836614823011,0.0123137919804825
"08111",8.54902208583364,5.00074147051933,13.549763556353,"Colorado","CO","San Juan County","08",22.5694183066008,13.201957482171,35.7713757887719,0.000118736417858801,0.0000694547426461018,0.000188191160504902
"08113",941.722413524496,347.821210377114,1289.54362390161,"Colorado","CO","San Miguel County","08",2486.14717170467,918.24799539558,3404.39516710025,0.013079477965618,0.00483085014412658,0.0179103281097446
"08115",242.60385050953,86.1827612126716,328.786611722201,"Colorado","CO","Sedgwick County","08",640.474165345159,227.522489601453,867.996654946612,0.00336949792374347,0.00119698279462044,0.00456648071836391
"08117",8686.93065031343,11333.0060702636,20019.9367205771,"Colorado","CO","Summit County","08",22933.4969168274,29919.136025496,52852.6329423234,0.120651814587686,0.157402862086995,0.278054676674681
"08119",6864.26568662382,4096.54224784621,10960.80793447,"Colorado","CO","Teller County","08",18121.6614126869,10814.871534314,28936.5329470009,0.0953370234253308,0.0568964201089751,0.152233443534306
"08121",3847.91563765488,1506.38727332266,5354.30291097754,"Colorado","CO","Washington County","08",10158.4972834089,3976.86240157183,14135.3596849807,0.0534432727452067,0.0209220454628148,0.0743653182080214
"08123",393312.094075921,353767.151083758,747079.245159679,"Colorado","CO","Weld County","08",1038343.92836043,933945.278861122,1972289.20722155,5.46266797327668,4.91343265394109,10.3761006272178
"08125",83.6853717662208,73.2322749676329,156.917646733854,"Colorado","CO","Yuma County","08",220.929381462823,193.333205914551,414.262587377374,0.0011622968300864,0.00101711493010601,0.00217941176019241
"09110",1003693.65865412,671242.294207861,1674935.95286198,"Connecticut","CT","Capitol Planning Region","09",2649751.25884687,1772079.65670875,4421830.91555562,13.9401897035294,9.32280964177585,23.2629993453053
"09120",174242.501630803,184549.737996008,358792.239626811,"Connecticut","CT","Greater Bridgeport Planning Region","09",460000.204305321,487211.30830946,947211.512614782,2.42003474487227,2.56319080550011,4.98322555037238
"09130",107085.458159039,132194.250903636,239279.709062675,"Connecticut","CT","Lower Connecticut River Valley Planning Region","09",282705.609539863,348992.822385599,631698.431925462,1.48729802998665,1.8360312625505,3.32332929253715
"09140",235822.078097201,249815.143380668,485637.221477868,"Connecticut","CT","Naugatuck Valley Planning Region","09",622570.28617661,659511.978524963,1282082.26470157,3.2753066402389,3.46965476917594,6.74496140941484
"09150",146806.158598116,95980.0098283982,242786.168426515,"Connecticut","CT","Northeastern Connecticut Planning Region","09",387568.258699028,253387.225946971,640955.484645999,2.03897442497384,1.33305569206109,3.37203011703493
"09160",29567.5230776642,24202.3190870284,53769.8421646927,"Connecticut","CT","Northwest Hills Planning Region","09",78058.2609250336,63894.1223897551,141952.383314789,0.410660042745337,0.336143320653173,0.746803363398509
"09170",951448.477907204,1107139.06588911,2058587.54379631,"Connecticut","CT","South Central Connecticut Planning Region","09",2511823.98167502,2922847.13394724,5434671.11562226,13.2145621931556,15.376931470682,28.5914936638376
"09180",261781.00409744,189791.587563798,451572.591661239,"Connecticut","CT","Southeastern Connecticut Planning Region","09",691101.850817243,501049.791168428,1192151.64198567,3.63584727913112,2.63599427171942,6.27184155085054
"09190",132017.891276635,116486.962515605,248504.85379224,"Connecticut","CT","Western Connecticut Planning Region","09",348527.232970317,307525.581041198,656052.814011515,1.8335818232866,1.6178744793834,3.45145630267001
"10001",257449.913943216,71251.1034128479,328701.017356064,"Delaware","DE","Kent County","10",679667.772810089,188102.913009918,867770.685820008,3.57569324921133,0.989598658511776,4.56529190772311
"10003",2053401.76667633,945344.280288823,2998746.04696515,"Delaware","DE","New Castle County","10",5420980.66402551,2495708.89996249,7916689.56398801,28.5194689816157,13.1297816706781,41.6492506522938
"10005",53298.263795337,20153.8554424989,73452.1192378359,"Delaware","DE","Sussex County","10",140707.41641969,53206.1783681971,193913.594787887,0.740253663824125,0.279914658923596,1.02016832274772
"11001",1675241.83793251,592327.886131151,2267569.72406366,"District of Columbia","DC","District of Columbia","11",4422638.45214183,1563745.61938624,5986384.07152806,23.2672477490626,8.22677619626599,31.4940239453286
"12001",1505835.76804797,1252870.94366791,2758706.71171588,"Florida","FL","Alachua County","12",3975406.42764664,3307579.29128327,7282985.71892992,20.9143856673329,17.4009853287209,38.3153709960539
"12003",4851.68490247403,3807.63482853982,8659.31973101385,"Florida","FL","Baker County","12",12808.4481425314,10052.1559473451,22860.6040898766,0.0673845125343615,0.0528838170630531,0.120268329597415
"12005",16025.1887804158,13605.4985709699,29630.6873513857,"Florida","FL","Bay County","12",42306.4983802978,35918.5162273605,78225.0146076583,0.222572066394664,0.188965257930137,0.411537324324801
"12007",48931.7779622225,40172.5476932708,89104.3256554932,"Florida","FL","Bradford County","12",129179.893820267,106055.525910235,235235.419730502,0.67960802725309,0.557952051295427,1.23756007854852
"12009",311254.544026671,74391.2006650834,385645.744691754,"Florida","FL","Brevard County","12",821711.996230412,196392.76975582,1018104.76598623,4.32297977814821,1.03321112034838,5.35619089849659
"12011",343792.997428931,166549.790946418,510342.788375348,"Florida","FL","Broward County","12",907613.513212378,439691.448098542,1347304.96131092,4.77490274206848,2.31319154092247,7.08809428299095
"12013",3019.77831180662,2661.49971805923,5681.27802986585,"Florida","FL","Calhoun County","12",7972.21474316947,7026.35925567637,14998.5739988458,0.0419413654417586,0.0369652738619338,0.0789066393036924
"12015",3780.4215729758,2643.92911281488,6424.35068579069,"Florida","FL","Charlotte County","12",9980.31295265612,6979.97285783129,16960.2858104874,0.0525058551802195,0.0367212376779845,0.089227092858204
"12017",8263.55122818582,6125.17114959262,14388.7223777784,"Florida","FL","Citrus County","12",21815.7752424106,16170.4518349245,37986.2270773351,0.114771544835914,0.0850718215221197,0.199843366358034
"12019",52857.0172859017,43208.9655902675,96065.9828761692,"Florida","FL","Clay County","12",139542.525634781,114071.669158306,253614.194793087,0.734125240081968,0.600124522087048,1.33424976216902
"12021",12450.6459155992,7462.0561600087,19912.7020756079,"Florida","FL","Collier County","12",32869.705217182,19699.828262423,52569.533479605,0.172925637716656,0.10363966888901,0.276565306605666
"12023",63743.7181983161,54667.5321906606,118411.250388977,"Florida","FL","Columbia County","12",168283.416043554,144322.284983344,312605.701026898,0.885329419421056,0.759271280425841,1.6446006998469
"12027",1028.46072957215,997.458692966555,2025.9194225387,"Florida","FL","DeSoto County","12",2715.13632607047,2633.29094943171,5348.42727550218,0.0142841767996132,0.0138535929578688,0.028137769757482
"12029",15400.8515314943,12577.2635717119,27978.1151032062,"Florida","FL","Dixie County","12",40658.2480431449,33203.9758293195,73862.2238724644,0.213900715715198,0.174684216273777,0.388584931988975
"12031",116741.784970982,76295.743392092,193037.528363074,"Florida","FL","Duval County","12",308198.312323394,201420.762555123,509619.074878516,1.62141368015253,1.05966310266794,2.68107678282048
"12033",13029.8060113267,12576.5751749975,25606.3811863241,"Florida","FL","Escambia County","12",34398.6878699024,33202.1584619933,67600.8463318956,0.180969527935092,0.174674655208298,0.35564418314339
"12035",26554.7877025753,18221.9674079709,44776.7551105462,"Florida","FL","Flagler County","12",70104.6395347987,48105.9939570431,118210.633491842,0.368816495869101,0.253082880666262,0.621899376535363
"12037",3785.30766870865,3166.40403670753,6951.71170541618,"Florida","FL","Franklin County","12",9993.21224539083,8359.30665690788,18352.5189022987,0.0525737176209534,0.0439778338431601,0.0965515514641136
"12039",74206.3435830339,64799.0543413483,139005.397924382,"Florida","FL","Gadsden County","12",195904.747059209,171069.503461159,366974.250520369,1.03064366087547,0.899986865852059,1.93063052672753
"12041",33188.2502239358,28820.598069884,62008.8482938198,"Florida","FL","Gilchrist County","12",87616.9805911905,76086.3789044937,163703.359495684,0.460947919776886,0.400286084303944,0.86123400408083
"12043",354.243302441633,476.919676164795,831.162978606428,"Florida","FL","Glades County","12",935.202318445911,1259.06794507506,2194.27026352097,0.0049200458672449,0.00662388439117772,0.0115439302584226
"12045",3019.57011623341,2595.58225503907,5615.15237127248,"Florida","FL","Gulf County","12",7971.66510685621,6852.33715330314,14824.0022601593,0.0419384738365752,0.0360497535422093,0.0779882273787844
"12047",2027.60344442347,1724.03714775171,3751.64059217518,"Florida","FL","Hamilton County","12",5352.87309327795,4551.45807006452,9904.33116334247,0.0281611589503259,0.0239449603854404,0.0521061193357664
"12049",469.752794209188,432.586726819929,902.339521029117,"Florida","FL","Hardee County","12",1240.14737671226,1142.02895880461,2382.17633551687,0.00652434436401651,0.00600814898361012,0.0125324933476266
"12051",800.892071937181,770.612901346303,1571.50497328348,"Florida","FL","Hendry County","12",2114.35506991416,2034.41805955424,4148.7731294684,0.0111235009991275,0.0107029569631431,0.0218264579622706
"12053",11159.9709751507,7899.98257664992,19059.9535518007,"Florida","FL","Hernando County","12",29462.323374398,20855.9540023558,50318.2773767538,0.154999596877094,0.109721980231249,0.264721577108343
"12055",2869.05016106458,2296.58718632871,5165.63734739329,"Florida","FL","Highlands County","12",7574.29242521049,6062.99017190779,13637.2825971183,0.0398479189036747,0.0318970442545654,0.0717449631582401
"12057",402243.330402372,294648.014201858,696891.34460423,"Florida","FL","Hillsborough County","12",1061922.39226226,777870.757492906,1839793.14975517,5.58671292225517,4.09233353058137,9.67904645283653
"12059",1610.97002397864,1632.64688008494,3243.61690406357,"Florida","FL","Holmes County","12",4252.9608633036,4310.18776342423,8563.14862672783,0.02237458366637,0.0226756511122908,0.0450502347786607
"12061",15139.3391245568,5195.05137711618,20334.390501673,"Florida","FL","Indian River County","12",39967.85528883,13714.9356355867,53682.7909244167,0.210268598952178,0.0721534913488358,0.282422090301014
"12063",5125.30742671652,4763.08879664542,9888.39622336194,"Florida","FL","Jackson County","12",13530.8116065316,12574.5544231439,26105.3660296755,0.0711848253710628,0.0661540110645198,0.137338836435583
"12065",15181.3346387853,13867.3394233167,29048.674062102,"Florida","FL","Jefferson County","12",40078.7234463931,36609.7760775561,76688.4995239493,0.210851869983129,0.192601936434954,0.403453806418083
"12067",2387.05125502258,1844.09411707907,4231.14537210165,"Florida","FL","Lafayette County","12",6301.81531325961,4868.40846908874,11170.2237823484,0.0331534896530914,0.0256124182927649,0.0587659079458562
"12069",35682.9303911804,20080.8900300575,55763.8204212379,"Florida","FL","Lake County","12",94202.9362327163,53013.5496793517,147216.485912068,0.495596255433062,0.278901250417465,0.774497505850526
"12071",20670.2268432864,19796.0054340275,40466.2322773139,"Florida","FL","Lee County","12",54569.3988662762,52261.4543458325,106830.853212109,0.287086483934534,0.274944519917048,0.562031003851582
"12073",1162664.57703384,1078352.21284236,2241016.7898762,"Florida","FL","Leon County","12",3069434.48336933,2846849.84190384,5916284.32527317,16.14811912547,14.977114067255,31.125233192725
"12075",71190.490850925,58958.4924611952,130148.98331212,"Florida","FL","Levy County","12",187942.895846442,155650.420097555,343593.315943997,0.988756817373958,0.818867950849933,1.80762476822389
"12077",2373.14833522448,2279.651942842,4652.80027806648,"Florida","FL","Liberty County","12",6265.11160499264,6018.28112910287,12283.3927340955,0.0329603935447845,0.0316618325394722,0.0646222260842567
"12079",5195.23349385413,3717.7178645643,8912.95135841843,"Florida","FL","Madison County","12",13715.4164237749,9814.77516244975,23530.1915862246,0.072156020747974,0.0516349703411708,0.123790991089145
"12081",21923.4557860623,19090.456603425,41013.9123894873,"Florida","FL","Manatee County","12",57877.9232752043,50398.805433042,108276.728708246,0.304492441473087,0.265145230603125,0.569637672076212
"12083",114534.832930446,91260.7737706506,205795.606701096,"Florida","FL","Marion County","12",302371.958936376,240928.442754518,543300.401690894,1.59076156847841,1.26751074681459,2.858272315293
"12085",8905.01075296816,4162.33704201445,13067.3477949826,"Florida","FL","Martin County","12",23509.228387836,10988.5697909182,34497.7981787541,0.123680704902336,0.0578102366946452,0.181490941596981
"12086",953218.843560928,860470.127553406,1813688.97111433,"Florida","FL","Miami-Dade County","12",2516497.74700085,2271641.13674099,4788138.88374184,13.2391506050129,11.9509739937973,25.1901245988102
"12087",5563.70118555445,3840.6725393243,9404.37372487875,"Florida","FL","Monroe County","12",14688.1711298638,10139.3755038162,24827.5466336799,0.0772736275771452,0.0533426741572819,0.130616301734427
"12089",8300.71553579613,5278.95989810894,13579.6754339051,"Florida","FL","Nassau County","12",21913.8890145018,13936.4541310076,35850.3431455094,0.115287715774946,0.0733188874737352,0.188606603248681
"12091",17401.0208364425,15035.5336345417,32436.5544709842,"Florida","FL","Okaloosa County","12",45938.6950082081,39693.8087951902,85632.5038033982,0.24168084495059,0.208826856035302,0.450507700985891
"12093",2715.81117057223,695.790370995189,3411.60154156742,"Florida","FL","Okeechobee County","12",7169.74149031068,1836.8865794273,9006.62806973798,0.0377195995912809,0.00966375515271096,0.0473833547439919
"12095",660662.852116421,377740.473115043,1038403.32523146,"Florida","FL","Orange County","12",1744149.92958735,997234.849023713,2741384.77861106,9.1758729460614,5.24639545993115,14.4222684059925
"12097",46104.8020726521,23523.4774810916,69628.2795537437,"Florida","FL","Osceola County","12",121716.677471802,62101.9805500817,183818.658021883,0.640344473231279,0.326714965015161,0.96705943824644
"12099",319139.603391986,65169.658174494,384309.26156648,"Florida","FL","Palm Beach County","12",842528.552954843,172047.897580664,1014576.45053551,4.43249449155536,0.905134141312417,5.33762863286778
"12101",87856.2504224241,55926.6456198464,143782.896042271,"Florida","FL","Pasco County","12",231940.5011152,147646.344436395,379586.845551594,1.22022570031145,0.776758966942311,1.99698466725376
"12103",79931.1719627716,60333.6938912423,140264.865854014,"Florida","FL","Pinellas County","12",211018.293981717,159280.95187288,370299.245854597,1.11015516614961,0.837967970711699,1.9481231368613
"12105",59180.4104443562,21081.2889503901,80261.6993947463,"Florida","FL","Polk County","12",156236.2835731,55654.6028290298,211890.88640213,0.821950145060503,0.292795679866529,1.11474582492703
"12107",19793.0232705396,15843.9611027225,35636.9843732621,"Florida","FL","Putnam County","12",52253.5814342246,41828.0573111874,94081.638745412,0.274903100979717,0.22005501531559,0.494958116295307
"12109",18176.6921053756,16649.4277250457,34826.1198304213,"Florida","FL","St. Johns County","12",47986.4671581915,43954.4891941207,91940.9563523122,0.252454057019105,0.231242051736746,0.483696108755851
"12111",19586.498729811,9552.87419875544,29139.3729285665,"Florida","FL","St. Lucie County","12",51708.3566467011,25219.5878847144,76927.9445314155,0.272034704580709,0.132678808316048,0.404713512896757
"12113",7687.41715128884,6381.62254964451,14069.0397009333,"Florida","FL","Santa Rosa County","12",20294.7812794025,16847.4835310615,37142.264810464,0.106769682656789,0.0886336465228405,0.19540332917963
"12115",18014.3621308622,15938.3295970314,33952.6917278936,"Florida","FL","Sarasota County","12",47557.9160254762,42077.1901361628,89635.106161639,0.250199474039753,0.221365688847658,0.471565162887411
"12117",353310.251564831,207674.215653062,560984.467217892,"Florida","FL","Seminole County","12",932739.064131153,548259.929324083,1480998.99345524,4.90708682728931,2.88436410629252,7.79145093358184
"12119",7274.73831243865,5162.68194984356,12437.4202622822,"Florida","FL","Sumter County","12",19205.309144838,13629.480347587,32834.789492425,0.101038032117203,0.0717039159700494,0.172741948087253
"12121",18254.7726259403,15750.1260990828,34004.8987250231,"Florida","FL","Suwannee County","12",48192.5997324823,41580.3329015787,89772.932634061,0.253538508693615,0.21875175137615,0.472290260069765
"12123",2590.24205136605,2235.77165921946,4826.01371058551,"Florida","FL","Taylor County","12",6838.23901560638,5902.43718033937,12740.6761959458,0.0359755840467508,0.0310523841558258,0.0670279682025766
"12125",26664.9458087534,23018.7020469034,49683.6478556568,"Florida","FL","Union County","12",70395.456935109,60769.373403825,131164.830338934,0.370346469566019,0.319704195095881,0.6900506646619
"12127",99562.5358294913,38483.2521176014,138045.787947093,"Florida","FL","Volusia County","12",262845.094589857,101595.785590468,364440.880180325,1.38281299763182,0.534489612744464,1.91730261037629
"12129",50369.8768656939,47550.9619577705,97920.8388234644,"Florida","FL","Wakulla County","12",132976.474925432,125534.539568514,258511.014493946,0.699581623134637,0.660430027191257,1.36001165032589
"12131",5239.23723365396,5136.68816214627,10375.9253958002,"Florida","FL","Walton County","12",13831.5862968464,13560.8567480662,27392.4430449126,0.0727671838007494,0.0713428911409204,0.14411007494167
"12133",2484.32752150242,1970.6117852611,4454.93930676352,"Florida","FL","Washington County","12",6558.62465676639,5202.4151130893,11761.0397698557,0.0345045489097558,0.0273696081286263,0.0618741570383822
"13001",1510.25076472266,1418.04628788151,2928.29705260417,"Georgia","GA","Appling County","13",3987.06201886783,3743.64220000719,7730.70421887502,0.0209757050655925,0.0196950873316877,0.0406707923972802
"13003",12.7755257999858,44.1400004627732,56.915526262759,"Georgia","GA","Atkinson County","13",33.7273881119625,116.529601221721,150.256989333684,0.000177437858333136,0.000613055561982961,0.000790493420316097
"13005",376.283457454193,210.107227610402,586.390685064595,"Georgia","GA","Bacon County","13",993.38832767907,554.683080891461,1548.07140857053,0.00522615913130824,0.00291815593903336,0.0081443150703416
"13007",334.654911615634,361.184243094042,695.839154709677,"Georgia","GA","Baker County","13",883.488966665275,953.526401768271,1837.01536843355,0.00464798488355048,0.00501644782075058,0.00966443270430106
"13009",6119.90260681745,7137.14345417989,13257.0460609973,"Georgia","GA","Baldwin County","13",16156.5428819981,18842.0587190349,34998.601601033,0.084998647316909,0.0991269924191652,0.184125639736074
"13011",4510.2737692282,3880.2840914747,8390.5578607029,"Georgia","GA","Banks County","13",11907.1227507624,10243.9500014932,22151.0727522557,0.0626426912392805,0.0538928346038153,0.116535525843096
"13013",30628.7303747997,35450.2461600976,66078.9765348972,"Georgia","GA","Barrow County","13",80859.8481894711,93588.6498626576,174448.498052129,0.425399032983329,0.492364530001355,0.917763562984684
"13015",18927.2732408546,21908.9830385127,40836.2562793673,"Georgia","GA","Bartow County","13",49968.0013558561,57839.7152216736,107807.71657753,0.262878795011869,0.304291431090455,0.567170226102324
"13017",119.861665078782,328.544769732071,448.406434810853,"Georgia","GA","Ben Hill County","13",316.434795807985,867.358192092667,1183.79298790065,0.00166474534831642,0.00456312180183431,0.00622786715015073
"13019",1124.23703117811,1347.40436332772,2471.64139450584,"Georgia","GA","Berrien County","13",2967.98576231022,3557.14751918519,6525.13328149541,0.0156144032108071,0.0187139494906628,0.03432835270147
"13021",16804.3665122617,17880.3526653317,34684.7191775934,"Georgia","GA","Bibb County","13",44363.5275923708,47204.1310364757,91567.6586288465,0.233393979336968,0.248338231462941,0.481732210799908
"13023",568.722028187919,1360.15395660425,1928.87598479217,"Georgia","GA","Bleckley County","13",1501.42615441611,3590.80644543521,5092.23259985132,0.00789891705816554,0.018891027175059,0.0267899442332245
"13025",564.21256074843,620.913052765605,1185.12561351403,"Georgia","GA","Brantley County","13",1489.52116037585,1639.2104593012,3128.73161967705,0.00783628556595041,0.00862379239952229,0.0164600779654727
"13027",84.8795915414424,539.841984920657,624.7215764621,"Georgia","GA","Brooks County","13",224.082121669408,1425.18284019053,1649.26496185994,0.00117888321585337,0.00749780534612024,0.00867668856197361
"13029",2582.21819467899,5400.74872634532,7982.96692102431,"Georgia","GA","Bryan County","13",6817.05603395254,14257.9766375516,21075.0326715042,0.0358641415927638,0.0750103989770183,0.110874540569782
"13031",35646.2478859897,89259.5032063752,124905.751092365,"Georgia","GA","Bulloch County","13",94106.0944190128,235645.088464831,329751.182883843,0.495086776194301,1.23971532231077,1.73480209850507
"13033",741.739739427003,2091.56238347745,2833.30212290445,"Georgia","GA","Burke County","13",1958.19291208729,5521.72469238046,7479.91760446774,0.010301940825375,0.0290494775482979,0.0393514183736729
"13035",3350.15829185054,3252.03389676739,6602.19218861793,"Georgia","GA","Butts County","13",8844.41789048543,8585.36948746591,17429.7873779513,0.046529976275702,0.0451671374551027,0.0916971137308046
"13037",336.015345883936,382.235721954608,718.251067838544,"Georgia","GA","Calhoun County","13",887.080513133591,1009.10230596016,1896.18281909376,0.00466687980394355,0.00530882947159177,0.00997570927553533
"13039",1148.27361866263,2793.57723510802,3941.85085377065,"Georgia","GA","Camden County","13",3031.44235326933,7375.04390068517,10406.4862539545,0.0159482447036476,0.0387996838209447,0.0547479285245923
"13043",2796.5546727916,7500.72180087756,10297.2764736692,"Georgia","GA","Candler County","13",7382.90433616982,19801.9055543167,27184.8098904866,0.0388410371221055,0.104176691678855,0.14301772880096
"13045",18151.58942503,26989.7164973795,45141.3059224096,"Georgia","GA","Carroll County","13",47920.1960820793,71252.851553082,119173.047635161,0.252105408680973,0.374857173574716,0.626962582255688
"13047",7279.2428764036,2007.58921048547,9286.83208688907,"Georgia","GA","Catoosa County","13",19217.2011937055,5300.03551568165,24517.2367093872,0.101100595505606,0.0278831834789649,0.12898377898457
"13049",965.591304993194,852.509370079511,1818.10067507271,"Georgia","GA","Charlton County","13",2549.16104518203,2250.62473700991,4799.78578219194,0.0134109903471277,0.011840407917771,0.0252513982648987
"13051",16938.6585634009,22868.4965441501,39807.155107551,"Georgia","GA","Chatham County","13",44718.0586073785,60372.8308765562,105090.889483935,0.235259146713902,0.31761800755764,0.552877154271542
"13053",78.6463473436406,173.561010767109,252.20735811075,"Georgia","GA","Chattahoochee County","13",207.626356987211,458.201068425169,665.82742541238,0.00109231037977279,0.00241056959398763,0.00350287997376042
"13055",1613.92061886304,2245.33331202605,3859.25393088909,"Georgia","GA","Chattooga County","13",4260.75043379842,5927.67994374879,10188.4303775472,0.0224155641508755,0.0311851848892508,0.0536007490401263
"13057",78599.4485431126,84768.624909542,163368.073452655,"Georgia","GA","Cherokee County","13",207502.544153817,223789.169761191,431291.713915008,1.09165900754323,1.17734201263253,2.26900102017576
"13059",205985.227081603,182112.517678218,388097.74475982,"Georgia","GA","Clarke County","13",543800.999495431,480777.046670495,1024578.04616593,2.86090593168893,2.52934052330858,5.3902464549975
"13061",1141.95522790372,1110.47884245837,2252.43407036209,"Georgia","GA","Clay County","13",3014.76180166581,2931.66414409009,5946.42594575591,0.0158604892764405,0.0154233172563662,0.0312838065328068
"13063",158047.428541913,204925.357550208,362972.786092121,"Georgia","GA","Clayton County","13",417245.211350649,541002.943932549,958248.155283198,2.19510317419323,2.84618552153067,5.0412886957239
"13065",131.756806527172,412.10316880449,543.859975331662,"Georgia","GA","Clinch County","13",347.837969231733,1087.95236564385,1435.79033487559,0.00182995564621072,0.00572365512228459,0.0075536107684953
"13067",732075.348532647,665034.372423032,1397109.72095568,"Georgia","GA","Cobb County","13",1932678.92012619,1755690.7431968,3688369.66332299,10.1677131740645,9.23658850587544,19.40430167994
"13069",2457.95528307764,3245.32321066322,5703.27849374086,"Georgia","GA","Coffee County","13",6489.00194732496,8567.6532761509,15056.6552234759,0.0341382678205227,0.0450739334814336,0.0792122013019564
"13071",4145.56384477182,3548.26556487504,7693.82940964687,"Georgia","GA","Colquitt County","13",10944.2885501976,9367.42109127011,20311.7096414677,0.0575772756218309,0.04928146617882,0.106858741800651
"13073",16254.596486759,17549.598877121,33804.19536388,"Georgia","GA","Columbia County","13",42912.1347250439,46330.9410355995,89243.0757606433,0.22575828453832,0.243744428848903,0.469502713387223
"13075",1286.3563747659,991.857791969602,2278.2141667355,"Georgia","GA","Cook County","13",3395.98082938198,2618.50457079975,6014.48540018173,0.0178660607606375,0.0137758026662445,0.031641863426882
"13077",41095.8226222155,51676.9719032519,92772.7945254674,"Georgia","GA","Coweta County","13",108492.971722649,136427.205824585,244920.177547234,0.570775314197437,0.717735720878499,1.28851103507594
"13079",1678.14480082058,1561.61639679679,3239.76119761738,"Georgia","GA","Crawford County","13",4430.30227416634,4122.66728754353,8552.96956170987,0.0233075666780637,0.0216891166221777,0.0449966833002413
"13081",191.944058112292,447.144443068894,639.088501181186,"Georgia","GA","Crisp County","13",506.732313416451,1180.46132970188,1687.19364311833,0.00266588969600405,0.00621033948706797,0.00887622918307203
"13083",1634.61047313519,504.307980711219,2138.91845384641,"Georgia","GA","Dade County","13",4315.3716490769,1331.37306907762,5646.74471815452,0.0227029232379888,0.00700427750987804,0.0297072007478668
"13085",8278.15985749066,13805.8987096244,22084.0585671151,"Georgia","GA","Dawson County","13",21854.3420237753,36447.5725934084,58301.9146171837,0.114974442465148,0.191748593189228,0.306723035654376
"13087",6731.15264975642,5850.9019215402,12582.0545712966,"Georgia","GA","Decatur County","13",17770.2429953569,15446.3810728661,33216.6240682231,0.0934882312466169,0.0812625266880583,0.174750757934675
"13089",917918.230849703,1625140.46113091,2543058.69198062,"Georgia","GA","DeKalb County","13",2423304.12944322,4290370.81738561,6713674.94682883,12.748864317357,22.5713952934849,35.3202596108419
"13091",1433.14874309441,1678.89964466763,3112.04838776204,"Georgia","GA","Dodge County","13",3783.51268176925,4432.29506192253,8215.80774369178,0.0199048436540891,0.0233180506203837,0.0432228942744728
"13093",24.7554324907346,95.8570938814645,120.612526372199,"Georgia","GA","Dooly County","13",65.3543417755394,253.062727847066,318.417069622606,0.000343825451260203,0.00133134852613145,0.00167517397739165
"13095",9666.73052084683,7349.07210779521,17015.802628642,"Georgia","GA","Dougherty County","13",25520.1685750356,19401.5503645794,44921.718939615,0.134260146122873,0.1020704459416,0.236330592064473
"13097",72639.8214885906,76683.1507015909,149322.972190181,"Georgia","GA","Douglas County","13",191769.128729879,202443.5178522,394212.646582079,1.00888640956376,1.06504375974432,2.07393016930808
"13099",2235.13673363724,1815.05708636588,4050.19382000312,"Georgia","GA","Early County","13",5900.76097680231,4791.75070800593,10692.5116848082,0.0310435657449616,0.0252091261995262,0.0562526919444878
"13101",1333.07114752108,1045.81577698909,2378.88692451017,"Georgia","GA","Echols County","13",3519.30782945565,2760.95365125121,6280.26148070686,0.0185148770489039,0.0145252191248485,0.0330400961737524
"13103",5962.8621787692,9674.19641047071,15637.0585892399,"Georgia","GA","Effingham County","13",15741.9561519507,25539.8785236427,41281.8346755934,0.0828175302606834,0.134363839034315,0.217181369294999
"13105",1726.61450014295,2121.3400717048,3847.95457184775,"Georgia","GA","Elbert County","13",4558.26228037739,5600.33778930066,10158.6000696781,0.0239807569464299,0.0294630565514555,0.0534438134978854
"13107",3277.9586407335,5221.54832298456,8499.50696371806,"Georgia","GA","Emanuel County","13",8653.81081153644,13784.8875726792,22438.6983842157,0.0455272033435208,0.0725215044858966,0.118048707829417
"13109",1519.43766742413,4020.3452622656,5539.78292968973,"Georgia","GA","Evans County","13",4011.31544199971,10613.7114923812,14625.0269343809,0.0211033009364463,0.0558381286425777,0.076941429579024
"13111",2104.61905931697,2575.59343032129,4680.21248963827,"Georgia","GA","Fannin County","13",5556.19431659681,6799.56665604822,12355.760972645,0.0292308202682913,0.0357721309766846,0.0650029512449759
"13113",63652.5567727341,73316.6785904152,136969.235363149,"Georgia","GA","Fayette County","13",168042.749880018,193556.031478696,361598.781358714,0.884063288510196,1.01828720264466,1.90235049115485
"13115",10365.380180239,20685.3605308966,31050.7407111357,"Georgia","GA","Floyd County","13",27364.6036758311,54609.3518015671,81973.9554773982,0.143963613614431,0.287296674040231,0.431260287654662
"13117",36183.1305462342,64157.0390974422,100340.169643676,"Georgia","GA","Forsyth County","13",95523.4646420582,169374.583217248,264898.047859306,0.502543479808808,0.891069987464475,1.39361346727328
"13119",8473.28390828166,8253.75831857017,16727.0422268518,"Georgia","GA","Franklin County","13",22369.4695178636,21789.9219610252,44159.3914788888,0.117684498726134,0.114635532202363,0.232320030928498
"13121",1338464.94701675,1483377.43539177,2821842.38240852,"Georgia","GA","Fulton County","13",3533547.46012422,3916116.42943427,7449663.88955849,18.5897909307882,20.6024643804412,39.1922553112294
"13123",433.640661140161,2370.59117637104,2804.2318375112,"Georgia","GA","Gilmer County","13",1144.81134541002,6258.36070561954,7403.17205102957,0.00602278696028001,0.0329248774495978,0.0389476644098778
"13125",975.356950521234,933.792617115217,1909.14956763645,"Georgia","GA","Glascock County","13",2574.94234937606,2465.21250918417,5040.15485856023,0.0135466243127949,0.012969341904378,0.0265159662171729
"13127",5467.60577540836,6571.10205756563,12038.707832974,"Georgia","GA","Glynn County","13",14434.4792470781,17347.7094319733,31782.1886790513,0.0759389691028938,0.0912653063550782,0.167204275457972
"13129",2766.24016399333,3601.01363301823,6367.25379701157,"Georgia","GA","Gordon County","13",7302.8740329424,9506.67599116814,16809.5500241105,0.0384200022776852,0.0500140782363643,0.0884340805140495
"13131",7994.02994256248,7237.04107321181,15231.0710157743,"Georgia","GA","Grady County","13",21104.2390483649,19105.7884332792,40210.0274816441,0.111028193646701,0.100514459350164,0.211542652996865
"13133",1416.60311030487,1726.31681808942,3142.91992839429,"Georgia","GA","Greene County","13",3739.83221120486,4557.47639975607,8297.30861096092,0.0196750431986788,0.0239766224734642,0.0436516656721429
"13135",338089.322797681,614543.2177415,952632.540539181,"Georgia","GA","Gwinnett County","13",892555.812185878,1622394.09483756,2514949.90702344,4.69568503885668,8.53532246863194,13.2310075074886
"13137",2831.56362067227,5164.56622832525,7996.12984899753,"Georgia","GA","Habersham County","13",7475.3279585748,13634.4548427787,21109.7828013535,0.0393272725093371,0.0717300865045174,0.111057359013855
"13139",16402.6863746635,26246.6366866926,42649.3230613561,"Georgia","GA","Hall County","13",43303.0920291117,69291.1208528684,112594.21288198,0.227815088536993,0.364536620648508,0.592351709185501
"13141",2401.26469188881,2157.84521302261,4559.10990491142,"Georgia","GA","Hancock County","13",6339.33878658645,5696.71136237969,12036.0501489661,0.0333508984984556,0.0299700724030918,0.0633209709015475
"13143",2734.5878649909,3491.00590309811,6225.59376808902,"Georgia","GA","Haralson County","13",7219.31196357599,9216.25558417902,16435.567547755,0.0379803870137626,0.0484861930985849,0.0864665801123475
"13145",1824.34107969462,2325.74641223336,4150.08749192798,"Georgia","GA","Harris County","13",4816.2604503938,6139.97052829608,10956.2309786899,0.0253380705513142,0.0323020335032412,0.0576401040545553
"13147",3192.80568242077,3764.67978656181,6957.48546898259,"Georgia","GA","Hart County","13",8429.00700159084,9938.75463652319,18367.761638114,0.0443445233669552,0.052287219257803,0.0966317426247581
"13149",2295.51187400207,1416.65376271178,3712.16563671385,"Georgia","GA","Heard County","13",6060.15134736547,3739.96593355909,9800.11728092456,0.0318821093611399,0.0196757467043302,0.0515578560654701
"13151",134651.199693871,162750.808341322,297402.008035193,"Georgia","GA","Henry County","13",355479.16719182,429662.13402109,785141.301212911,1.87015555130377,2.26042789362947,4.13058344493324
"13153",15059.8471970458,13467.4043916975,28527.2515887433,"Georgia","GA","Houston County","13",39757.9966002009,35553.9475940813,75311.9441942822,0.209164544403414,0.187047283218021,0.396211827621434
"13155",194.194586500535,360.508245322083,554.702831822619,"Georgia","GA","Irwin County","13",512.673708361413,951.7417676503,1464.41547601171,0.00269714703472966,0.00500705896280671,0.00770420599753637
"13157",33067.3070124197,30696.5454067272,63763.8524191468,"Georgia","GA","Jackson County","13",87297.6905127879,81038.8798737597,168336.570386548,0.459268152950273,0.426340908426766,0.885609061377039
"13159",1486.01148642777,1805.90877985146,3291.92026627923,"Georgia","GA","Jasper County","13",3923.07032416932,4767.59917880785,8690.66950297718,0.020639048422608,0.0250820663868258,0.0457211148094338
"13161",223.93199437775,597.325954185888,821.257948563638,"Georgia","GA","Jeff Davis County","13",591.180465157261,1576.94051905075,2168.12098420801,0.00311016658857986,0.00829619380813734,0.0114063603967172
"13163",2799.99699346025,2474.71685864541,5274.71385210566,"Georgia","GA","Jefferson County","13",7391.99206273507,6533.25250682388,13925.2445695589,0.0388888471313924,0.0343710674811862,0.0732599146125786
"13165",1192.51584943531,3167.51142400096,4360.02727343627,"Georgia","GA","Jenkins County","13",3148.24184250922,8362.23015936253,11510.4720018717,0.016562720131046,0.0439932142222355,0.0605559343532815
"13167",88.3426640400703,385.452472177876,473.795136217946,"Georgia","GA","Johnson County","13",233.224633065786,1017.59452654959,1250.81915961538,0.00122698144500098,0.00535350655802605,0.00658048800302703
"13169",1738.5583831789,3144.9355642968,4883.4939474757,"Georgia","GA","Jones County","13",4589.79413159229,8302.62988974355,12892.4240213358,0.024146644210818,0.0436796606152333,0.0678263048260514
"13171",2522.72688065542,2759.00810610992,5281.73498676534,"Georgia","GA","Lamar County","13",6659.9989649303,7283.78140013019,13943.7803650605,0.0350378733424364,0.0383195570293044,0.0733574303717408
"13173",573.703247654599,459.438632049834,1033.14187970443,"Georgia","GA","Lanier County","13",1514.57657380814,1212.91798861156,2727.4945624197,0.00796810066186943,0.00638109211180325,0.0143491927736727
"13175",5799.86285789615,7125.448651954,12925.3115098501,"Georgia","GA","Laurens County","13",15311.6379448458,18811.1844411586,34122.8223860044,0.0805536508041132,0.0989645646104722,0.179518215414585
"13177",1991.7722167394,1689.76677497494,3681.53899171434,"Georgia","GA","Lee County","13",5258.27865219202,4460.98428593383,9719.26293812585,0.0276635030102695,0.023468982985763,0.0511324859960324
"13179",3515.69681345802,6016.68909894332,9532.38591240134,"Georgia","GA","Liberty County","13",9281.43958752918,15884.0592212104,25165.4988087395,0.0488291224091392,0.0835651263742128,0.132394248783352
"13181",335.124623244751,649.090425517065,984.215048761815,"Georgia","GA","Lincoln County","13",884.729005366142,1713.59872336505,2598.32772873119,0.00465450865617709,0.00901514479884812,0.0136696534550252
"13183",1299.64801692579,1743.9524563852,3043.600473311,"Georgia","GA","Long County","13",3431.0707646841,4604.03448485694,8035.10524954104,0.0180506669017471,0.024221561894239,0.0422722287959861
"13185",7039.17076192126,6061.61401317507,13100.7847750963,"Georgia","GA","Lowndes County","13",18583.4108114721,16002.6609947822,34586.0718062543,0.0977662605822398,0.0841890835163204,0.18195534409856
"13187",855.463320425308,18524.0584662799,19379.5217867052,"Georgia","GA","Lumpkin County","13",2258.42316592281,48903.5143509789,51161.9375169017,0.011881435005907,0.257278589809443,0.26916002481535
"13189",1879.4650968378,2281.89278701278,4161.35788385058,"Georgia","GA","McDuffie County","13",4961.78785565179,6024.19695771373,10985.9848133655,0.026103681900525,0.0316929553751775,0.0577966372757025
"13191",419.755834614645,1279.24311833218,1698.99895294682,"Georgia","GA","McIntosh County","13",1108.15540338266,3377.20183239694,4485.3572357796,0.00582994214742562,0.0177672655323913,0.0235972076798169
"13193",250.809279756329,346.883763116997,597.693042873326,"Georgia","GA","Macon County","13",662.136498556708,915.773134628872,1577.90963318558,0.0034834622188379,0.00481783004329163,0.00830129226212952
"13195",17357.0809507346,15986.0822794184,33343.163230153,"Georgia","GA","Madison County","13",45822.6937099394,42203.2572176646,88025.950927604,0.241070568760203,0.222028920547478,0.463099489307681
"13197",87.8539716539193,140.030994313854,227.884965967773,"Georgia","GA","Marion County","13",231.934485166347,369.681824988575,601.616310154922,0.00122019405074888,0.00194487492102575,0.00316506897177463
"13199",1364.76007210712,2535.76349554158,3900.5235676487,"Georgia","GA","Meriwether County","13",3602.96659036279,6694.41562822977,10297.3822185926,0.0189550010014877,0.0352189374380775,0.0541739384395653
"13201",513.817409458937,520.082148658354,1033.89955811729,"Georgia","GA","Miller County","13",1356.47796097159,1373.01687245805,2729.49483342965,0.0071363529091519,0.00722336317581047,0.0143597160849624
"13205",2307.30691694417,2043.17303025346,4350.47994719763,"Georgia","GA","Mitchell County","13",6091.29026073262,5393.97679986912,11485.2670606017,0.0320459294020024,0.0283774031979647,0.060423332599967
"13207",2019.46054156001,2262.00317999845,4281.46372155845,"Georgia","GA","Monroe County","13",5331.37582971842,5971.6883951959,11303.0642249143,0.0280480630772223,0.0314167108333117,0.0594647739105341
"13209",387.697099550592,218.706632294822,606.403731845414,"Georgia","GA","Montgomery County","13",1023.52034281356,577.385509258331,1600.90585207189,0.00538468193820266,0.00303759211520587,0.00842227405340853
"13211",3835.09766535869,3408.80083079491,7243.8984961536,"Georgia","GA","Morgan County","13",10124.6578365469,8999.23419329856,19123.8920298455,0.053265245352204,0.0473444559832626,0.100609701335467
"13213",2028.46855722754,1316.79933703455,3345.26789426208,"Georgia","GA","Murray County","13",5355.1569910807,3476.35024977121,8831.5072408519,0.028173174405938,0.0182888796810354,0.0464620540869734
"13215",16483.4467470423,17014.8434167046,33498.2901637469,"Georgia","GA","Muscogee County","13",43516.2994121916,44919.1866201001,88435.4860322917,0.228936760375587,0.236317269676452,0.46525403005204
"13217",32697.3801615204,63067.6988707103,95765.0790322307,"Georgia","GA","Newton County","13",86321.083626414,166498.725018675,252819.808645089,0.454130280021117,0.875940262093199,1.33007054211432
"13219",53052.5362527983,46846.8169383874,99899.3531911857,"Georgia","GA","Oconee County","13",140058.695707387,123675.596717343,263734.29242473,0.736840781288865,0.650650235255381,1.38749101654425
"13221",14825.1613019695,13143.9922904258,27969.1535923954,"Georgia","GA","Oglethorpe County","13",39138.4258371996,34700.1396467242,73838.5654839238,0.20590501808291,0.182555448478137,0.388460466561047
"13223",74908.1110413678,61885.3390835567,136793.450124924,"Georgia","GA","Paulding County","13",197757.413149211,163377.29518059,361134.708329801,1.04039043113011,0.859518598382732,1.89990902951284
"13225",3930.773448431,3878.29300105759,7809.06644948859,"Georgia","GA","Peach County","13",10377.2419038578,10238.693522792,20615.9354266499,0.0545940756726528,0.0538651805702443,0.108459256242897
"13227",5414.3427959938,8728.99041765068,14143.3332136445,"Georgia","GA","Pickens County","13",14293.8649814236,23044.5347025978,37338.3996840214,0.0751992054999139,0.121235978022926,0.19643518352284
"13229",1843.16096528859,2577.73467996302,4420.89564525161,"Georgia","GA","Pierce County","13",4865.94494836188,6805.21955510236,11671.1645034642,0.0255994578512304,0.0358018705550419,0.0614013284062723
"13231",4308.71060938379,3080.36216884357,7389.07277822736,"Georgia","GA","Pike County","13",11374.9960087732,8132.15612574702,19507.1521345202,0.0598432029081082,0.0427828079006051,0.102626010808713
"13233",1480.69600099362,3057.24897138889,4537.9449723825,"Georgia","GA","Polk County","13",3909.03744262314,8071.13728446666,11980.1747270898,0.0205652222360224,0.0424617912692901,0.0630270135053125
"13235",545.82171074125,654.632835847606,1200.45454658886,"Georgia","GA","Pulaski County","13",1440.9693163569,1728.23068663768,3169.20000299458,0.00758085709362847,0.00909212272010564,0.0166729798137341
"13237",2648.68895677945,2832.79788177691,5481.48683855636,"Georgia","GA","Putnam County","13",6992.53884589776,7478.58640789104,14471.1252537888,0.0367873466219369,0.0393444150246793,0.0761317616466161
"13239",1127.93742049479,1006.1574094081,2134.09482990288,"Georgia","GA","Quitman County","13",2977.75479010624,2656.25556083737,5634.01035094361,0.0156657975068721,0.0139744084640013,0.0296402059708734
"13241",910.518478968791,1364.71212009396,2275.23059906275,"Georgia","GA","Rabun County","13",2403.76878447761,3602.83999704805,6006.60878152566,0.0126460899856777,0.018954335001305,0.0316004249869826
"13243",61.0820013505737,182.464028510941,243.546029861514,"Georgia","GA","Randolph County","13",161.256483565515,481.705035268883,642.961518834398,0.000848361129869079,0.00253422261820751,0.00338258374807659
"13245",17652.6898826108,19309.7208774551,36962.4107600659,"Georgia","GA","Richmond County","13",46603.1012900926,50977.6631164814,97580.764406574,0.245176248369595,0.268190567742431,0.513366816112027
"13247",40134.0489615865,69160.0224039557,109294.071365542,"Georgia","GA","Rockdale County","13",105953.889258588,182582.459146443,288536.348405031,0.557417346688701,0.960555866721606,1.51797321341031
"13249",623.337565163823,407.176984926042,1030.51455008987,"Georgia","GA","Schley County","13",1645.61117203249,1074.94724020475,2720.55841223724,0.00865746618283087,0.00565523590175059,0.0143127020845815
"13251",3423.95200399704,8307.84087984523,11731.7928838423,"Georgia","GA","Screven County","13",9039.23329055218,21932.6999227914,30971.9332133436,0.0475548889444033,0.115386678886739,0.162941567831143
"13253",207.682398181198,360.914044413168,568.596442594366,"Georgia","GA","Seminole County","13",548.281531198362,952.813077250764,1501.09460844913,0.00288447775251664,0.005012695061294,0.00789717281381064
"13255",13587.1520030024,15811.8623885056,29399.014391508,"Georgia","GA","Spalding County","13",35870.0812879263,41743.3167056548,77613.3979935811,0.188710444486144,0.219609199840355,0.4083196443265
"13257",6552.22867164565,6606.29015905581,13158.5188307015,"Georgia","GA","Stephens County","13",17297.8836931445,17440.6060199073,34738.4897130519,0.0910031759950785,0.0917540299868862,0.182757205981965
"13259",639.108027985504,684.993887615887,1324.10191560139,"Georgia","GA","Stewart County","13",1687.24519388173,1808.38386330594,3495.62905718767,0.00887650038868756,0.0095138039946651,0.0183903043833527
"13261",284.437998636185,673.827507674207,958.265506310393,"Georgia","GA","Sumter County","13",750.916316399528,1778.90462025991,2529.82093665944,0.0039505277588359,0.00935871538436399,0.0133092431431999
"13263",121.952198411566,210.514979903455,332.467178315021,"Georgia","GA","Talbot County","13",321.953803806533,555.759546945121,877.713350751654,0.00169378053349397,0.00292381916532576,0.00461759969881973
"13267",1792.01131358183,5115.06691453347,6907.0782281153,"Georgia","GA","Tattnall County","13",4730.90986785603,13503.7766543684,18234.6865222244,0.0248890460219698,0.0710425960351871,0.0959316420571569
"13269",1009.76159580404,500.633035076009,1510.39463088005,"Georgia","GA","Taylor County","13",2665.77061292267,1321.67121260066,3987.44182552333,0.0140244666083895,0.0069532365982779,0.0209777032066674
"13271",1176.40189830775,1408.14637344777,2584.54827175552,"Georgia","GA","Telfair County","13",3105.70101153247,3717.50642590212,6823.20743743458,0.0163389152542743,0.0195575885201079,0.0358965037743823
"13273",177.865898192556,343.049824912501,520.915723105057,"Georgia","GA","Terrell County","13",469.565971228348,905.651537769002,1375.21750899735,0.00247035969711883,0.00476458090156251,0.00723494059868134
"13275",12520.9958828786,11421.0968846659,23942.0927675445,"Georgia","GA","Thomas County","13",33055.4291307996,30151.6957755179,63207.1249063174,0.173902720595536,0.158626345620359,0.332529066215896
"13277",2388.83337335413,2268.50097186087,4657.334345215,"Georgia","GA","Tift County","13",6306.52010565491,5988.84256571269,12295.3626713676,0.0331782412965852,0.0315069579425121,0.0646851992390973
"13279",1413.2563037269,1830.54596221381,3243.80226594071,"Georgia","GA","Toombs County","13",3730.99664183902,4832.64134024446,8563.63798208349,0.0196285597739848,0.0254242494751918,0.0450528092491766
"13281",148.760537260897,833.306860137404,982.067397398301,"Georgia","GA","Towns County","13",392.727818368769,2199.93011076275,2592.65792913151,0.00206611857306802,0.0115737063907973,0.0136398249638653
"13283",601.957154748554,1117.54667383154,1719.5038285801,"Georgia","GA","Treutlen County","13",1589.16688853618,2950.32321891528,4539.49010745146,0.00836051603817436,0.0155214815809937,0.023881997619168
"13285",17494.0770041378,11339.1312147749,28833.2082189127,"Georgia","GA","Troup County","13",46184.3632909238,29935.3064070057,76119.6696979295,0.242973291724136,0.15748793353854,0.400461225262676
"13287",410.455696169194,377.548201076257,788.003897245451,"Georgia","GA","Turner County","13",1083.60303788667,996.727250841318,2080.33028872799,0.00570077355790547,0.00524372501494801,0.0109444985728535
"13289",1068.14535442491,1081.95083124659,2150.0961856715,"Georgia","GA","Twiggs County","13",2819.90373568175,2856.35019449101,5676.25393017276,0.0148353521447904,0.0150270948784249,0.0298624470232153
"13291",1074.37428359928,1994.96246452829,3069.33674812757,"Georgia","GA","Union County","13",2836.34810870209,5266.7009063547,8103.04901505679,0.01492186504999,0.0277078120073374,0.0426296770573274
"13293",4181.35567522212,3397.80126100347,7579.1569362256,"Georgia","GA","Upson County","13",11038.7789825864,8970.19532904917,20008.9743116356,0.058074384378085,0.0471916841806038,0.105266068558689
"13295",9891.46024014461,4285.12514317156,14176.5853833162,"Georgia","GA","Walker County","13",26113.4550339818,11312.7303779729,37426.1854119547,0.137381392224231,0.0595156269884939,0.196897019212725
"13297",14287.8843590875,24313.0208793112,38600.9052383986,"Georgia","GA","Walton County","13",37720.0147079909,64186.3751213815,101906.389829372,0.198442838320659,0.337680845545988,0.536123683866648
"13299",712.685482758453,1470.74014543496,2183.42562819342,"Georgia","GA","Ware County","13",1881.48967448232,3882.7539839483,5764.24365843062,0.00989840948275629,0.0204269464643745,0.0303253559471308
"13301",116.55037725484,304.626476980306,421.176854235146,"Georgia","GA","Warren County","13",307.692995952779,804.213899228008,1111.90689518079,0.00161875523965056,0.00423092329139314,0.0058496785310437
"13303",2715.4353883826,2952.99774804207,5668.43313642466,"Georgia","GA","Washington County","13",7168.74942533006,7795.91405483105,14964.6634801611,0.0377143803942027,0.0410138576116954,0.0787282380058981
"13305",2602.03210074871,2785.68539101057,5387.71749175928,"Georgia","GA","Wayne County","13",6869.3647459766,7354.2094322679,14223.5741782445,0.036139334732621,0.0386900748751468,0.0748294096077678
"13309",313.053568248047,734.397131460502,1047.45069970855,"Georgia","GA","Wheeler County","13",826.461420174844,1938.80842705573,2765.26984723057,0.00434796622566732,0.0101999601591736,0.014547926384841
"13311",1529.69142408432,4804.41754115451,6334.10896523884,"Georgia","GA","White County","13",4038.38535958261,12683.6623086479,16722.0476682305,0.0212457142233934,0.0667280214049238,0.0879737356283172
"13313",9737.86296655698,7610.99899565282,17348.8619622098,"Georgia","GA","Whitfield County","13",25707.9582317104,20093.0373485234,45800.9955802339,0.135248096757736,0.105708319384067,0.240956416141803
"13315",9.75971582015851,391.784659079904,401.544374900062,"Georgia","GA","Wilcox County","13",25.7656497652185,1034.31149997095,1060.07714973616,0.000135551608613313,0.005441453598332,0.00557700520694531
"13317",1083.65892810988,1058.67113152203,2142.33005963191,"Georgia","GA","Wilkes County","13",2860.85957021009,2794.89178721815,5655.75135742825,0.0150508184459706,0.0147037657155837,0.0297545841615543
"13319",1039.70380516069,1469.81019045695,2509.51399561764,"Georgia","GA","Wilkinson County","13",2744.81804562422,3880.29890280634,6625.11694843056,0.0144403306272318,0.0204140304230132,0.034854361050245
"13321",779.821346931494,738.105598079115,1517.92694501061,"Georgia","GA","Worth County","13",2058.72835589914,1948.59877892886,4007.32713482801,0.0108308520407152,0.0102514666399877,0.0210823186807029
"15001",8688.72106036997,15325.0365231344,24013.7575835044,"Hawaii","HI","Hawaii County","15",22938.2235993767,40458.0964210748,63396.3200204516,0.120676681394027,0.212847729487978,0.333524410882005
"15003",288246.386549524,540698.081180787,828944.467730311,"Hawaii","HI","Honolulu County","15",760970.460490744,1427442.93431728,2188413.39480802,4.00342203541006,7.50969557195538,11.5131176073654
"15005",465.582084383278,875.944297935074,1341.52638231835,"Hawaii","HI","Kalawao County","15",1229.13670277185,2312.4929465486,3541.62964932045,0.00646641783865663,0.012165893026876,0.0186323108655327
"15007",1630.53144788233,3074.3159298831,4704.84737776543,"Hawaii","HI","Kauai County","15",4304.60302240936,8116.19405489138,12420.7970773007,0.0226462701094769,0.0426988323594875,0.0653451024689643
"15009",8186.06171748794,15003.2336624912,23189.2953799791,"Hawaii","HI","Maui County","15",21611.2029341682,39608.5368689767,61219.7398031449,0.113695301631777,0.208378245312378,0.322073546944154
"16001",241035.561330075,153541.028870122,394576.590200197,"Idaho","ID","Ada County","16",636333.881911397,405348.316217122,1041682.19812852,3.34771612958437,2.13251428986281,5.48023041944718
"16003",1146.17795072624,748.468337469932,1894.64628819617,"Idaho","ID","Adams County","16",3025.90978991727,1975.95641092062,5001.86620083789,0.0159191382045311,0.0103953935759713,0.0263145317805024
"16005",17295.3877171435,130967.972242511,148263.359959655,"Idaho","ID","Bannock County","16",45659.823573259,345755.44672023,391415.270293489,0.24021371829366,1.81899961447932,2.05921333277298
"16007",573.088975363118,559.931996803823,1133.02097216694,"Idaho","ID","Bear Lake County","16",1512.95489495863,1478.22047156209,2991.17536652072,0.00795956910226553,0.00777683328894199,0.0157364023912075
"16009",4101.50850807574,2089.47526363367,6190.9837717094,"Idaho","ID","Benewah County","16",10827.9824613199,5516.21469599288,16344.1971573128,0.0569653959454963,0.0290204897726898,0.0859858857181862
"16011",615.95064768299,7829.96961401745,8445.92026170044,"Idaho","ID","Bingham County","16",1626.10970988309,20671.1197810061,22297.2294908892,0.00855487010670819,0.108749577972465,0.117304448079173
"16013",889.453710396943,1229.09354621294,2118.54725660989,"Idaho","ID","Blaine County","16",2348.15779544793,3244.80696200217,5592.9647574501,0.0123535237555131,0.017070743697402,0.0294242674529151
"16015",573.088975363118,374.234168734965,947.323144098083,"Idaho","ID","Boise County","16",1512.95489495863,987.978205460307,2500.93310041894,0.00795956910226553,0.00519769678798562,0.0131572658902512
"16017",1749.47789743098,1789.69467205087,3539.17256948185,"Idaho","ID","Bonner County","16",4618.62164921778,4724.79393421431,9343.41558343209,0.0242983041309858,0.024856870445151,0.0491551745761368
"16019",20536.8242707656,21184.9935945606,41721.8178653262,"Idaho","ID","Bonneville County","16",54217.2160748211,55928.38308964,110145.599164461,0.2852336704273,0.294236022146675,0.579469692573975
"16021",145.454703959922,174.989235590175,320.443939550097,"Idaho","ID","Boundary County","16",384.000418454193,461.971581958063,845.972000412256,0.00202020422166558,0.00243040604986355,0.00445061027152912
"16023",0,111.418696841315,111.418696841315,"Idaho","ID","Butte County","16",0,294.145359661072,294.145359661072,0,0.00154748190057382,0.00154748190057382
"16027",37209.8267549482,28653.62955582,65863.4563107683,"Idaho","ID","Canyon County","16",98233.9426330634,75645.5820273649,173879.524660428,0.516803149374281,0.397967077164167,0.914770226538449
"16029",200.865091671605,1173.31183399252,1374.17692566413,"Idaho","ID","Caribou County","16",530.283842013038,3097.54324174026,3627.82708375329,0.00278979293988341,0.0162959976943406,0.019085790634224
"16031",243.021591940597,940.700834450785,1183.72242639138,"Idaho","ID","Cassia County","16",641.577002723175,2483.45020295007,3125.02720567325,0.00337529988806384,0.013065289367372,0.0164405892554359
"16033",0,111.418696841315,111.418696841315,"Idaho","ID","Clark County","16",0,294.145359661072,294.145359661072,0,0.00154748190057382,0.00154748190057382
"16035",1443.1475319154,857.05607592086,2300.20360783626,"Idaho","ID","Clearwater County","16",3809.90948425666,2262.62804043107,6072.53752468773,0.0200437157210472,0.011903556610012,0.0319472723310592
"16037",45.2830420777463,350.076753091774,395.359795169521,"Idaho","ID","Custer County","16",119.54723108525,924.202628162284,1043.74985924753,0.000628931139968699,0.00486217712627464,0.00549110826624334
"16039",1742.48673111724,1351.5977573648,3094.08448848204,"Idaho","ID","Elmore County","16",4600.16497014951,3568.21807944307,8168.38304959258,0.0242012045988506,0.0187721910745111,0.0429733956733617
"16041",318.715970305809,1743.71686643752,2062.43283674333,"Idaho","ID","Franklin County","16",841.410161607336,4603.41252739505,5444.82268900239,0.00442661069869179,0.0242182898116322,0.028644900510324
"16043",7353.26648700242,3695.58191745576,11048.8484044582,"Idaho","ID","Fremont County","16",19412.6235256864,9756.33626208321,29168.9597877696,0.102128701208367,0.05132752663133,0.153456227839697
"16045",1828.37845691555,1151.60825218454,2979.98670910009,"Idaho","ID","Gem County","16",4826.91912625706,3040.24578576719,7867.16491202424,0.0253941452349382,0.0159945590581186,0.0413887042930568
"16047",49.2758138051723,308.283839721467,357.55965352664,"Idaho","ID","Gooding County","16",130.088148445655,813.869336864674,943.957485310328,0.000684386302849615,0.00428171999613149,0.0049661062989811
"16049",2524.44315598304,1561.64336217578,4086.08651815882,"Idaho","ID","Idaho County","16",6664.52993179522,4122.73847614406,10787.2684079393,0.0350617104997644,0.0216894911413303,0.0567512016410947
"16051",390.087503531179,2507.52659281613,2897.61409634731,"Idaho","ID","Jefferson County","16",1029.83100932231,6619.87020503458,7649.70121435689,0.00541788199348859,0.0348267582335573,0.0402446402270459
"16053",931.610210665935,978.31404436973,1909.92425503567,"Idaho","ID","Jerome County","16",2459.45095615807,2582.74907713609,5042.20003329416,0.0129390307036935,0.0135876950606907,0.0265267257643842
"16055",16681.2138507649,12117.124746473,28798.3385972379,"Idaho","ID","Kootenai County","16",44038.4045660194,31989.2093306887,76027.6138967081,0.231683525705069,0.168293399256569,0.399976924961638
"16057",256912.413869137,141994.398961337,398906.812830474,"Idaho","ID","Latah County","16",678248.772614523,374865.213257929,1053113.98587245,3.56822797040469,1.97214443001856,5.54037240042325
"16059",2320.43655998344,1152.96984340655,3473.40640338999,"Idaho","ID","Lemhi County","16",6125.95251835627,3043.8403865933,9169.79290494957,0.0322282855553255,0.0160134700473132,0.0482417556026387
"16061",273.054236158426,175.4527376959,448.506973854326,"Idaho","ID","Lewis County","16",720.863183458246,463.195227517175,1184.05841097542,0.00379241994664481,0.00243684357910972,0.00622926352575453
"16063",109.111530826193,140.32444282096,249.435973647153,"Idaho","ID","Lincoln County","16",288.05444138115,370.456529047335,658.510970428485,0.00151543792814157,0.00194895059473556,0.00346438852287713
"16065",8360.75647541505,5642.08171309822,14002.8381885133,"Idaho","ID","Madison County","16",22072.3970950957,14895.0957225793,36967.492817675,0.116121617714098,0.078362246015253,0.194483863729351
"16067",1146.17795072624,897.026599925018,2043.20455065126,"Idaho","ID","Minidoka County","16",3025.90978991727,2368.15022380205,5394.06001371932,0.0159191382045311,0.0124587027767364,0.0283778409812675
"16069",28429.766208296,14586.4380159733,43016.2042242693,"Idaho","ID","Nez Perce County","16",75054.5827899014,38508.1963621696,113562.779152071,0.394857864004111,0.202589416888519,0.597447280892629
"16071",0,742.791312275434,742.791312275434,"Idaho","ID","Oneida County","16",0,1960.96906440715,1960.96906440715,0,0.0103165460038255,0.0103165460038255
"16073",573.088975363118,446.515028230698,1019.60400359382,"Idaho","ID","Owyhee County","16",1512.95489495863,1178.79967452904,2691.75456948767,0.00795956910226553,0.00620159761431525,0.0141611667165808
"16075",573.088975363118,522.792431190052,1095.88140655317,"Idaho","ID","Payette County","16",1512.95489495863,1380.17201834174,2893.12691330037,0.00795956910226553,0.00726100598875072,0.0152205750910162
"16077",260.260088183603,2462.2746767695,2722.5347649531,"Idaho","ID","Power County","16",687.086632804712,6500.40514667148,7187.49177947619,0.00361472344699449,0.0341982593995764,0.0378129828465709
"16079",526.75424102587,681.90106100307,1208.65530202894,"Idaho","ID","Shoshone County","16",1390.6311963083,1800.21880104811,3190.8499973564,0.00731603112535931,0.00947084806948709,0.0167868791948464
"16081",1395.23468215384,1039.74959246873,2434.98427462258,"Idaho","ID","Teton County","16",3683.41956088615,2744.93892411745,6428.3584850036,0.019378259474359,0.0144409665620657,0.0338192260364247
"16083",3167.86146526819,2875.22885564812,6043.09032091631,"Idaho","ID","Twin Falls County","16",8363.15426830802,7590.60417891104,15953.7584472191,0.0439980759065026,0.0399337341062239,0.0839318100127265
"16085",573.088975363118,485.65286557628,1058.7418409394,"Idaho","ID","Valley County","16",1512.95489495863,1282.12356512138,2795.07846008001,0.00795956910226553,0.00674517868855944,0.014704747790825
"16087",1146.17795072624,766.636839771408,1912.81479049765,"Idaho","ID","Washington County","16",3025.90978991727,2023.92125699652,5049.83104691379,0.0159191382045311,0.010647733885714,0.0265668720902451
"17001",1455.66917772598,2513.81659944834,3969.48577717431,"Illinois","IL","Adams County","17",3842.96662919658,6636.47582254361,10479.4424517402,0.0202176274684164,0.0349141194367825,0.0551317469051988
"17003",479.918116475342,470.364247981752,950.282364457094,"Illinois","IL","Alexander County","17",1266.9838274949,1241.76161467182,2508.74544216673,0.00666552939549087,0.00653283677752433,0.0131983661730152
"17005",10550.7378181993,12880.7780418064,23431.5158600058,"Illinois","IL","Bond County","17",27853.9478400463,34005.254030369,61859.2018704152,0.146538025252769,0.178899695025089,0.325437720277858
"17007",5090.76949094354,6045.07341306001,11135.8429040035,"Illinois","IL","Boone County","17",13439.6314560909,15958.9938104784,29398.6252665694,0.0707051318186603,0.0839593529591668,0.154664484777827
"17009",37.5756483862553,93.3279366093204,130.903584995576,"Illinois","IL","Brown County","17",99.1997117397139,246.385752648606,345.58546438832,0.000521884005364656,0.00129622134179612,0.00181810534716077
"17011",1492.73132667807,1731.7330140722,3224.46434075027,"Illinois","IL","Bureau County","17",3940.81070243011,4571.7751571506,8512.58585958071,0.0207323795371954,0.0240518474176694,0.0447842269548648
"17013",1889.23224403971,610.15956187413,2499.39180591384,"Illinois","IL","Calhoun County","17",4987.57312426484,1610.8212433477,6598.39436761254,0.0262393367227738,0.00847443835936292,0.0347137750821367
"17015",19209.3241577647,13069.1014236168,32278.4255813814,"Illinois","IL","Carroll County","17",50712.6157764988,34502.4277583482,85215.043534847,0.266796168857843,0.181515297550233,0.448311466408076
"17017",439.788135605597,896.582952952639,1336.37108855824,"Illinois","IL","Cass County","17",1161.04067799877,2366.97899579497,3528.01967379374,0.00610816855007773,0.0124525410132311,0.0185607095633088
"17019",2583438.6223007,3524015.10345655,6107453.72575725,"Illinois","IL","Champaign County","17",6820277.96287384,9303399.87312529,16123677.8359991,35.8810919763986,48.9446542146743,84.8257461910729
"17021",12057.8119876348,19191.9576134481,31249.7696010829,"Illinois","IL","Christian County","17",31832.623647356,50666.768099503,82499.391746859,0.167469610939373,0.266554966853446,0.434024577792819
"17023",292.368874440193,1181.84002524293,1474.20889968312,"Illinois","IL","Clark County","17",771.853828522109,3120.05766664132,3891.91149516343,0.00406067881166934,0.0164144447950406,0.02047512360671
"17025",2694.26346115542,2002.25730306719,4696.52076422261,"Illinois","IL","Clay County","17",7112.85553745031,5285.95928009739,12398.8148175477,0.0374203258493808,0.0278091292092666,0.0652294550586474
"17027",3885.59102310724,3847.96948798299,7733.56051109023,"Illinois","IL","Clinton County","17",10257.9603010031,10158.6394482751,20416.5997492782,0.0539665419876006,0.0534440206664304,0.107410562654031
"17029",61050.0442503799,90687.6362439846,151737.680494364,"Illinois","IL","Coles County","17",161172.116821003,239415.359684119,400587.476505122,0.847917281255276,1.25955050338867,2.10746778464395
"17031",5075255.7512077,7591146.80435588,12666402.5555636,"Illinois","IL","Cook County","17",13398675.1831883,20040627.5634995,33439302.7466879,70.489663211218,105.432594504943,175.922257716161
"17033",128.215676727087,707.908767958121,836.124444685208,"Illinois","IL","Crawford County","17",338.489386559509,1868.87914740944,2207.36853396895,0.0017807732878762,0.00983206622164057,0.0116128395095168
"17035",8573.6914542706,12296.131221569,20869.8226758396,"Illinois","IL","Cumberland County","17",22634.5454392744,32461.7864249421,55096.3318642165,0.119079047975981,0.170779600299569,0.28985864827555
"17037",175907.280251774,111337.782534743,287245.062786516,"Illinois","IL","DeKalb County","17",464395.219864683,293931.74589172,758326.965756403,2.44315667016352,1.54635809076031,3.98951476092384
"17039",10494.9424408408,15809.4298852044,26304.3723260452,"Illinois","IL","De Witt County","17",27706.6480438196,41736.8948969397,69443.5429407593,0.145763089456122,0.219575415072284,0.365338504528405
"17041",17070.7806555992,23767.099475242,40837.8801308412,"Illinois","IL","Douglas County","17",45066.8609307818,62745.1426146389,107812.003545421,0.237094175772211,0.330098603822806,0.567192779595016
"17043",340040.224149807,497525.712139049,837565.936288856,"Illinois","IL","DuPage County","17",897706.191755492,1313467.88004709,2211174.07180258,4.72278089096955,6.91007933526457,11.6328602262341
"17045",17385.9161496767,24743.2133253661,42129.1294750427,"Illinois","IL","Edgar County","17",45898.8186351464,65322.0831789665,111220.901814113,0.241471057634398,0.343655740630085,0.585126798264483
"17047",132.258375073959,341.930961492733,474.189336566692,"Illinois","IL","Edwards County","17",349.162110195251,902.697738340816,1251.85984853607,0.0018369218760272,0.00474904113184352,0.00658596300787072
"17049",1746.99961671949,2275.24829142951,4022.247908149,"Illinois","IL","Effingham County","17",4612.07898813945,6006.65548937391,10618.7344775134,0.0242638835655485,0.0316006707142988,0.0558645542798472
"17051",3393.09832524207,2235.13982474767,5628.23814998973,"Illinois","IL","Fayette County","17",8957.77957863905,5900.76913733384,14858.5487159729,0.047126365628362,0.0310436086770509,0.078169974305413
"17053",53879.1444643953,72734.5293620747,126613.67382647,"Illinois","IL","Ford County","17",142240.941386004,192019.157515877,334260.098901881,0.748321450894379,1.01020179669548,1.75852324758986
"17055",3596.46242284581,6467.65980611204,10064.1222289578,"Illinois","IL","Franklin County","17",9494.66079631293,17074.6218881358,26569.2826844487,0.0499508669839695,0.0898286084182227,0.139779475402192
"17057",8989.21070895124,12602.5003331053,21591.7110420566,"Illinois","IL","Fulton County","17",23731.5162716313,33270.6008793981,57002.1171510294,0.124850148735434,0.175034726848685,0.299884875584119
"17059",67.4397607682601,176.222596511696,243.662357279956,"Illinois","IL","Gallatin County","17",178.040968428207,465.227654790878,643.268623219085,0.000936663344003612,0.00244753606266245,0.00338419940666606
"17061",2116.88675580589,1413.59192201476,3530.47867782065,"Illinois","IL","Greene County","17",5588.58103532756,3731.88267411897,9320.46370944653,0.0294012049417485,0.0196332211390939,0.0490344260808424
"17063",7813.52661442556,17883.8781784242,25697.4047928497,"Illinois","IL","Grundy County","17",20627.7102620835,47213.4383910398,67841.1486531233,0.108521202978133,0.248387196922558,0.356908399900691
"17065",605.004362857951,929.942893429264,1534.94725628722,"Illinois","IL","Hamilton County","17",1597.21151794499,2455.04923865326,4052.26075659825,0.0084028383730271,0.0129158735198509,0.021318711892878
"17067",9288.20321891426,12483.3961347641,21771.5993536784,"Illinois","IL","Hancock County","17",24520.8564979336,32956.1657957774,57477.022293711,0.12900282248492,0.173380501871724,0.302383324356645
"17069",72.4629902966416,226.654745874439,299.117736171081,"Illinois","IL","Hardin County","17",191.302294383134,598.36852910852,789.670823491654,0.00100643042078669,0.00314798258158944,0.00415441300237612
"17071",0,16.8167768545498,16.8167768545498,"Illinois","IL","Henderson County","17",0,44.3962908960114,44.3962908960114,0,0.00023356634520208,0.00023356634520208
"17073",1312.74423112722,2217.78831503238,3530.53254615961,"Illinois","IL","Henry County","17",3465.64477017587,5854.9611516855,9320.60592186137,0.0182325587656559,0.0308026154865609,0.0490351742522168
"17075",6793.33393199052,5784.17262314852,12577.506555139,"Illinois","IL","Iroquois County","17",17934.401580455,15270.2157251121,33204.6173055671,0.0943518601665351,0.0803357308770627,0.174687591043598
"17077",59576.8741770245,103913.029277075,163489.903454099,"Illinois","IL","Jackson County","17",157282.947827345,274330.397291477,431613.345118822,0.827456585792008,1.44323651773715,2.27069310352916
"17079",548.559307180188,520.086126890732,1068.64543407092,"Illinois","IL","Jasper County","17",1448.1965709557,1373.02737499153,2821.22394594723,0.0076188792663915,0.00722341842903794,0.0148422976954294
"17081",2444.11555403822,2279.84455834604,4723.96011238426,"Illinois","IL","Jefferson County","17",6452.46506266091,6018.78963403354,12471.2546966944,0.033946049361642,0.0316645077548061,0.0656105571164481
"17083",395.349883265621,1866.24373403094,2261.59361729656,"Illinois","IL","Jersey County","17",1043.72369182124,4926.88345784168,5970.60714966292,0.0054909706009114,0.0259200518615408,0.0314110224624522
"17085",1651.98718451312,1245.13806587379,2897.12525038691,"Illinois","IL","Jo Daviess County","17",4361.24616711464,3287.16449390681,7648.41066102145,0.0229442664515711,0.0172935842482471,0.0402378506998182
"17087",1126.00242033551,2052.71298411085,3178.71540444636,"Illinois","IL","Johnson County","17",2972.64638968575,5419.16227805264,8391.80866773838,0.0156389225046599,0.0285099025570951,0.044148825061755
"17089",98149.4485842211,112439.867258662,210589.315842883,"Illinois","IL","Kane County","17",259114.544262344,296841.249562867,555955.793825211,1.36318678589196,1.56166482303697,2.92485160892893
"17091",37034.3221262621,43956.2524132271,80990.5745394892,"Illinois","IL","Kankakee County","17",97770.6104133319,116044.50637092,213815.116784251,0.514365585086973,0.610503505739265,1.12486909082624
"17093",21338.9219960404,21281.5048928238,42620.4268888642,"Illinois","IL","Kendall County","17",56334.7540695467,56183.1729170548,112517.926986602,0.296373916611672,0.295576456844775,0.591950373456447
"17095",12094.3292373163,15443.4854869731,27537.8147242894,"Illinois","IL","Knox County","17",31929.029186515,40770.8016856091,72699.830872124,0.167976794962726,0.214492853985738,0.382469648948464
"17097",221389.731194869,243571.600921948,464961.332116817,"Illinois","IL","Lake County","17",584468.890354454,643029.026433942,1227497.9167884,3.07485737770651,3.38293890169372,6.45779627940023
"17099",7391.97146380763,7945.94017741764,15337.9116412253,"Illinois","IL","LaSalle County","17",19514.8046644521,20977.2820683826,40492.0867328347,0.102666270330662,0.110360280241912,0.213026550572573
"17101",243.059082570147,199.831680091907,442.890762662054,"Illinois","IL","Lawrence County","17",641.675977985188,527.555635442635,1169.23161342782,0.00337582059125204,0.00277544000127649,0.00615126059252853
"17103",9338.63517469946,6289.50164787668,15628.1368225761,"Illinois","IL","Lee County","17",24653.9968612066,16604.2843503944,41258.281211601,0.12970326631527,0.0873541895538427,0.217057455869113
"17105",15624.5107521466,21641.266868004,37265.7776201506,"Illinois","IL","Livingston County","17",41248.708385667,57132.9445315305,98381.6529171975,0.217007093779814,0.3005731509445,0.517580244724314
"17107",3707.1918863564,7182.73811064152,10889.9299969979,"Illinois","IL","Logan County","17",9786.98657998091,18962.4286120936,28749.4151920745,0.0514887761993945,0.0997602515366878,0.151249027736082
"17109",781.963501447084,1398.76053394661,2180.7240353937,"Illinois","IL","McDonough County","17",2064.3836438203,3692.72780961906,5757.11145343936,0.0108606041867651,0.0194272296381474,0.0302878338249125
"17111",66087.322885178,53848.2493032093,119935.572188387,"Illinois","IL","McHenry County","17",174470.53241687,142159.378160472,316629.910577343,0.917879484516362,0.747892351433462,1.66577183594982
"17113",25371.3793924788,320593.689050809,345965.068443288,"Illinois","IL","McLean County","17",66980.4415961441,846367.339094136,913347.78069028,0.352380269339984,4.45269012570568,4.80507039504567
"17115",16693.5688945453,31896.1052019218,48589.6740964671,"Illinois","IL","Macon County","17",44071.0218815997,84205.7177330735,128276.739614673,0.231855123535352,0.443001461137803,0.674856584673154
"17117",5733.33522058898,6955.84291876847,12689.1781393574,"Illinois","IL","Macoupin County","17",15136.0049823549,18363.4253055487,33499.4302879036,0.0796296558415135,0.0966089294273398,0.176238585268853
"17119",90695.6317148818,64704.9145131203,155400.546228002,"Illinois","IL","Madison County","17",239436.467727288,170820.974314638,410257.442041926,1.25966155159558,0.898679368237782,2.15834091983336
"17121",2190.09233489329,1769.0824963618,3959.17483125509,"Illinois","IL","Marion County","17",5781.8437641183,4670.37779039514,10452.2215545134,0.0304179490957402,0.0245705902272472,0.0549885393229874
"17123",205.978782474105,212.157089869395,418.1358723435,"Illinois","IL","Marshall County","17",543.783985731636,560.094717255204,1103.87870298684,0.00286081642325145,0.00294662624818605,0.0058074426714375
"17125",303.73707078786,603.040708648437,906.777779436298,"Illinois","IL","Mason County","17",801.865866879951,1592.02747083187,2393.89333771183,0.00421857042760917,0.00837556539789496,0.0125941358255041
"17127",2388.05697863442,1372.48599759139,3760.54297622581,"Illinois","IL","Massac County","17",6304.47042359487,3623.36303364128,9927.83345723614,0.0331674580365892,0.0190623055221027,0.0522297635586918
"17129",1663.97349306217,2543.2077311054,4207.18122416757,"Illinois","IL","Menard County","17",4392.89002168414,6714.06841011826,11106.9584318024,0.0231107429591968,0.0353223295986861,0.058433072557883
"17131",2043.01970555453,3164.28784911882,5207.30755467335,"Illinois","IL","Mercer County","17",5393.57202266396,8353.71992167369,13747.2919443376,0.0283752736882574,0.0439484423488725,0.0723237160371299
"17133",16446.9478087627,6690.43434480984,23137.3821535725,"Illinois","IL","Monroe County","17",43419.9422151335,17662.746670298,61082.6888854315,0.22842983067726,0.09292269923347,0.32135252991073
"17135",10328.7318615894,12670.7307924183,22999.4626540077,"Illinois","IL","Montgomery County","17",27267.852114596,33450.7292919844,60718.5814065804,0.143454609188742,0.175982372116921,0.319436981305663
"17137",6571.11898705347,3754.34757823206,10325.4665652855,"Illinois","IL","Morgan County","17",17347.7541258212,9911.47760653265,27259.2317323538,0.0912655414868538,0.0521437163643342,0.143409257851188
"17139",2217.64004390607,3771.24007011255,5988.88011401862,"Illinois","IL","Moultrie County","17",5854.56971591202,9956.07378509715,15810.6435010092,0.030800556165362,0.0523783343071188,0.0831788904724809
"17141",15824.6310786092,11791.4447127147,27616.0757913239,"Illinois","IL","Ogle County","17",41777.0260475284,31129.4140415668,72906.4400890951,0.219786542758461,0.163770065454371,0.383556608212832
"17143",11771.7969150078,17372.5807099888,29144.3776249966,"Illinois","IL","Peoria County","17",31077.5438556206,45863.6130743704,76941.156929991,0.163497179375109,0.241285843194289,0.404783022569397
"17145",5951.61573210256,7580.29111379557,13531.9068458981,"Illinois","IL","Perry County","17",15712.2655327508,20011.9685404203,35724.2340731711,0.0826613296125356,0.105281821024938,0.187943150637474
"17147",121342.667381095,168485.557090578,289828.224471673,"Illinois","IL","Piatt County","17",320344.641886092,444801.870719125,765146.512605217,1.68531482473744,2.34007718181358,4.02539200655101
"17149",463.399485260529,828.643333071913,1292.04281833244,"Illinois","IL","Pike County","17",1223.3746410878,2187.61839930985,3410.99304039765,0.00643610396195179,0.0115089351815543,0.0179450391435061
"17151",115.431878818431,409.470559150218,524.902437968649,"Illinois","IL","Pope County","17",304.740160080658,1081.00227615657,1385.74243623723,0.00160322053914488,0.00568709109930858,0.00729031163845345
"17153",1628.20783200247,1334.51727683164,2962.72510883411,"Illinois","IL","Pulaski County","17",4298.46867648653,3523.12561083553,7821.59428732206,0.022613997666701,0.0185349621782172,0.0411489598449182
"17155",38.2334443089779,78.3420847256278,116.575529034606,"Illinois","IL","Putnam County","17",100.936292975702,206.823103675657,307.759396651359,0.000531020059846915,0.00108808451007816,0.00161910456992508
"17157",2676.19054427397,3606.07187568704,6282.262419961,"Illinois","IL","Randolph County","17",7065.14303688327,9520.02975181378,16585.172788697,0.0371693131149162,0.0500843316067644,0.0872536447216806
"17159",770.068915943723,673.121089928627,1443.19000587235,"Illinois","IL","Richland County","17",2032.98193809143,1777.03967741158,3810.021615503,0.0106954016103295,0.00934890402678648,0.020044305637116
"17161",27615.2895564087,24311.6678647855,51926.9574211942,"Illinois","IL","Rock Island County","17",72904.364428919,64182.8031630336,137087.167591953,0.383545688283455,0.337662053677576,0.72120774196103
"17163",102392.622267177,74142.0857855265,176534.708052704,"Illinois","IL","St. Clair County","17",270316.522785348,195735.10647379,466051.629259138,1.42211975371079,1.02975119146565,2.45187094517644
"17165",2167.67995392784,2743.03465169742,4910.71460562525,"Illinois","IL","Saline County","17",5722.67507836949,7241.61148048118,12964.2865588507,0.0301066660267755,0.0380977034957974,0.068204369522573
"17167",50627.8911391555,80046.0303640597,130673.921503215,"Illinois","IL","Sangamon County","17",133657.63260737,211321.520161118,344979.152768488,0.703165154710493,1.11175042172305,1.81491557643354
"17169",144.812339143915,253.360780555065,398.17311969898,"Illinois","IL","Schuyler County","17",382.304575339936,668.872460665371,1051.17703600531,0.00201128248810993,0.00351889972993145,0.00553018221804139
"17171",1817.91739311662,562.528668081764,2380.44606119839,"Illinois","IL","Scott County","17",4799.30191782788,1485.07568373586,6284.37760156374,0.0252488526821753,0.00781289816780227,0.0330617508499776
"17173",2634.79695744837,5412.11478797365,8046.91174542202,"Illinois","IL","Shelby County","17",6955.8639676637,14287.9830402504,21243.8470079141,0.0365944021867829,0.0751682609440785,0.111762663130861
"17175",57.9249356575661,289.855510769659,347.780446427225,"Illinois","IL","Stark County","17",152.921830135974,765.218548431901,918.140378567875,0.000804512995243973,0.00402577098291194,0.00483028397815591
"17177",11134.1462635848,8679.48839738731,19813.6346609721,"Illinois","IL","Stephenson County","17",29394.1461358638,22913.8493691025,52307.9955049663,0.154640920327566,0.120548449963713,0.275189370291279
"17179",14775.1882437859,32650.8641095437,47426.0523533297,"Illinois","IL","Tazewell County","17",39006.4969635949,86198.2812491955,125204.77821279,0.20521094783036,0.453484223743663,0.658695171574023
"17181",5499.51218478489,9197.71932949519,14697.2315142801,"Illinois","IL","Union County","17",14518.7121678321,24281.9790298673,38800.6911976994,0.0763821136775679,0.127746101798544,0.204128215476112
"17183",74297.3744690547,83553.440767385,157850.81523644,"Illinois","IL","Vermilion County","17",196145.068598304,220581.083625896,416726.152224201,1.03190797873687,1.16046445510257,2.19237243383944
"17185",142.840827047655,354.893931973288,497.734759020942,"Illinois","IL","Wabash County","17",377.099783405809,936.919980409479,1314.01976381529,0.00198390037566187,0.00492908238851788,0.00691298276417975
"17187",403.6890810616,526.328723225093,930.017804286692,"Illinois","IL","Warren County","17",1065.73917400262,1389.50782931424,2455.24700331687,0.00560679279252222,0.00731012115590406,0.0129169139484263
"17189",1973.95006154942,1366.1467143558,3340.09677590522,"Illinois","IL","Washington County","17",5211.22816249048,3606.62732589931,8817.85548838979,0.0274159730770753,0.0189742599216083,0.0463902329986837
"17191",1698.90839870832,1390.3965526989,3089.30495140722,"Illinois","IL","Wayne County","17",4485.11817258997,3670.64689912509,8155.76507171506,0.02359594998206,0.0193110632319291,0.0429070132139892
"17193",1599.48532201776,837.395243501407,2436.88056551917,"Illinois","IL","White County","17",4222.64125012689,2210.72344284372,6433.3646929706,0.0222150739169133,0.0116304894930751,0.0338455634099884
"17195",4892.43477931718,4035.51780783919,8927.95258715637,"Illinois","IL","Whiteside County","17",12916.0278173973,10653.7670126955,23569.7948300928,0.0679504830460719,0.056048858442211,0.123999341488283
"17197",245385.827767281,398902.762603129,644288.59037041,"Illinois","IL","Will County","17",647818.585305622,1053103.29327226,1700921.87857788,3.40813649676779,5.54031614726568,8.94845264403348
"17199",21396.5460985988,37761.5087451888,59158.0548437876,"Illinois","IL","Williamson County","17",56486.8817003008,99690.3830872986,156177.264787599,0.297174251369428,0.524465399238734,0.821639650608162
"17201",36490.7842874545,33729.3055330857,70220.0898205402,"Illinois","IL","Winnebago County","17",96335.67051888,89045.3666073463,185381.037126226,0.506816448436868,0.468462576848413,0.975279025285281
"17203",10121.7589179774,24350.4416840632,34472.2006020406,"Illinois","IL","Woodford County","17",26721.4435434603,64285.1660459269,91006.6095893872,0.140579984971908,0.338200578945322,0.478780563917231
"18001",5928.46123796696,4392.74514562174,10321.2063835887,"Indiana","IN","Adams County","18",15651.1376682328,11596.8471844414,27247.9848526742,0.0823397394162078,0.0610103492447464,0.143350088660954
"18003",89078.5450488019,123437.797953836,212516.343002638,"Indiana","IN","Allen County","18",235167.358928837,325875.786598127,561043.145526964,1.23720201456669,1.71441386046994,2.95161587503664
"18005",13646.5487018448,42184.727910481,55831.2766123258,"Indiana","IN","Bartholomew County","18",36026.8885728703,111367.68168367,147394.57025654,0.189535398636734,0.58589899875668,0.775434397393414
"18007",111077.277418844,77985.1262607164,189062.40367956,"Indiana","IN","Benton County","18",293244.012385747,205880.733328291,499124.745714039,1.54273996415061,1.08312675362106,2.62586671777167
"18009",5239.16734533831,5529.84672990405,10769.0140752424,"Indiana","IN","Blackford County","18",13831.4017916931,14598.7953669467,28430.1971586398,0.0727662131296987,0.076803426804223,0.149569639933922
"18011",65240.1273833039,73705.4556528986,138945.583036203,"Indiana","IN","Boone County","18",172233.936291922,194582.402923652,366816.339215575,0.906112880323666,1.02368688406804,1.9297997643917
"18013",11417.1506513722,46231.4234943663,57648.5741457385,"Indiana","IN","Brown County","18",30141.2777196227,122050.958025127,152192.23574475,0.158571536824615,0.64210310408842,0.800674640913035
"18015",100544.694108266,70964.752840234,171509.4469485,"Indiana","IN","Carroll County","18",265437.992445822,187346.947498218,452784.93994404,1.39645408483703,0.985621567225472,2.3820756520625
"18017",9483.88274138819,7792.60353860651,17276.4862799947,"Indiana","IN","Cass County","18",25037.4504372648,20572.4733419212,45609.923779186,0.131720593630392,0.108230604702868,0.23995119833326
"18019",38472.1352032635,40927.5936358535,79399.7288391169,"Indiana","IN","Clark County","18",101566.436936616,108048.847198653,209615.284135269,0.534335211156437,0.568438800497965,1.1027740116544
"18021",8124.46208987918,22854.5257018008,30978.9877916799,"Indiana","IN","Clay County","18",21448.579917281,60335.947852754,81784.527770035,0.112839751248322,0.317423968080566,0.430263719328888
"18023",56899.5178344072,40503.2913437542,97402.8091781614,"Indiana","IN","Clinton County","18",150214.727082835,106928.689147511,257143.416230346,0.790271081033433,0.562545713107697,1.35281679414113
"18025",627.531781388184,747.131564052509,1374.66334544069,"Indiana","IN","Crawford County","18",1656.68390286481,1972.42732909862,3629.11123196343,0.008715719185947,0.0103768272785071,0.0190925464644541
"18027",15093.7731273735,17869.9420902867,32963.7152176603,"Indiana","IN","Daviess County","18",39847.5610562661,47176.647118357,87024.2081746231,0.209635737880188,0.248193640142871,0.457829378023059
"18029",18646.0411492926,37476.6769663977,56122.7181156903,"Indiana","IN","Dearborn County","18",49225.5486341324,98938.42719129,148163.975825422,0.258972793740175,0.52050940231108,0.779482196051254
"18031",3544.00532785708,3639.69577590727,7183.70110376435,"Indiana","IN","Decatur County","18",9356.1740655427,9608.79684839519,18964.9709139379,0.0492222962202373,0.0505513302209343,0.0997736264411716
"18033",9555.74804490889,9097.1120579458,18652.8601028547,"Indiana","IN","DeKalb County","18",25227.1748385595,24016.3758329769,49243.5506715364,0.132718722845957,0.126348778582581,0.259067501428537
"18035",73516.4322522788,123384.431203268,196900.863455547,"Indiana","IN","Delaware County","18",194083.381146016,325734.898376629,519818.279522645,1.02106155905943,1.71367265560095,2.73473421466038
"18037",7656.8625832094,12494.8818694608,20151.7444526702,"Indiana","IN","Dubois County","18",20214.1172196728,32986.4881353766,53200.6053550494,0.106345313655686,0.173540025964734,0.27988533962042
"18039",126828.409302341,174441.547825777,301269.957128118,"Indiana","IN","Elkhart County","18",334827.000558181,460525.68626005,795352.686818231,1.76150568475474,2.42279927535801,4.18430496011275
"18041",3938.59687031991,5258.94589232699,9197.5427626469,"Indiana","IN","Fayette County","18",10397.8957376446,13883.6171557433,24281.5128933878,0.0547027343099987,0.0730409151712083,0.127743649481207
"18043",28996.259062708,40342.7958535751,69339.054916283,"Indiana","IN","Floyd County","18",76550.123925549,106504.981053438,183055.104978987,0.402725820315388,0.560316609077431,0.96304242939282
"18045",36484.4165271893,25965.4321545221,62449.8486817115,"Indiana","IN","Fountain County","18",96318.8596317798,68548.7408879385,164867.600519718,0.506728007322074,0.360631002146141,0.867359009468215
"18047",6975.51381313312,10085.5158561984,17061.0296693315,"Indiana","IN","Franklin County","18",18415.3564666714,26625.7618603638,45041.1183270353,0.0968821362935156,0.140076609113867,0.236958745407383
"18049",19889.9800912622,16216.8205662635,36106.8006575257,"Indiana","IN","Fulton County","18",52509.5474409323,42812.4062949356,95321.9537358679,0.276249723489753,0.225233618975882,0.501483342465635
"18051",11789.9176281957,21809.0753499047,33598.9929781005,"Indiana","IN","Gibson County","18",31125.3825384367,57575.9589237485,88701.3414621852,0.163748855947163,0.302903824304232,0.466652680251395
"18053",23160.2053618876,26076.7360098758,49236.9413717634,"Indiana","IN","Grant County","18",61142.9421553833,68842.5830660721,129985.525221455,0.321669518915106,0.362176889026053,0.683846407941158
"18055",5567.62271452973,10921.1623459225,16488.7850604522,"Indiana","IN","Greene County","18",14698.5239663585,28831.8685932353,43530.3925595938,0.0773280932573573,0.151682810360034,0.229010903617392
"18057",214385.63746077,203903.631512859,418289.268973629,"Indiana","IN","Hamilton County","18",565978.082896434,538305.587193948,1104283.67009038,2.97757829806626,2.83199488212304,5.8095731801893
"18059",23161.6771628494,51747.8785421578,74909.5557050073,"Indiana","IN","Hancock County","18",61146.8277099225,136614.399351297,197761.227061219,0.321689960595131,0.718720535307747,1.04041049590288
"18061",19216.5904970536,27523.7562329408,46740.3467299944,"Indiana","IN","Harrison County","18",50731.7989122216,72662.7164549637,123394.515367185,0.266897090236856,0.382274392124178,0.649171482361034
"18063",41257.9110695462,79359.5496727628,120617.460742309,"Indiana","IN","Hendricks County","18",108920.885223602,209509.211136094,318430.096359696,0.573026542632587,1.10221596767726,1.67524251030985
"18065",10074.4238371645,12501.7876136273,22576.2114507918,"Indiana","IN","Henry County","18",26596.4789301144,33004.719299976,59601.1982300903,0.139922553293952,0.173635939078156,0.313558492372108
"18067",25431.7079582853,38020.9450700399,63452.6530283252,"Indiana","IN","Howard County","18",67139.7090098731,100375.294984905,167515.003994779,0.353218166087295,0.528068681528332,0.881286847615628
"18069",8870.41970402023,7319.78894251269,16190.2086465329,"Indiana","IN","Huntington County","18",23417.9080186134,19324.2428082335,42742.1508268469,0.123200273666948,0.101663735312676,0.224864008979624
"18071",3440.05045428109,9890.20786111594,13330.258315397,"Indiana","IN","Jackson County","18",9081.73319930207,26110.1487533461,35191.8819526481,0.0477784785316818,0.137363998071055,0.185142476602736
"18073",32699.9689513207,32382.0116743128,65081.9806256336,"Indiana","IN","Jasper County","18",86327.9180314868,85488.5108201859,171816.428851673,0.45416623543501,0.449750162143234,0.903916397578244
"18075",9275.67170464036,8594.37676443363,17870.048469074,"Indiana","IN","Jay County","18",24487.7733002506,22689.1546581048,47176.9279583554,0.128828773675561,0.119366343950467,0.248195117626028
"18077",5880.46321064873,10815.9437462459,16696.4069568947,"Indiana","IN","Jefferson County","18",15524.4228761126,28554.0914900893,44078.5143662019,0.081673100147899,0.150221440920082,0.231894541067981
"18079",7373.77016502211,6354.97873807079,13728.7489030929,"Indiana","IN","Jennings County","18",19466.7532356584,16777.1438685069,36243.8971041653,0.102413474514196,0.0882635935843165,0.190677068098512
"18081",60336.7049043169,133988.4560256,194325.160929917,"Indiana","IN","Johnson County","18",159288.900947397,353729.523907584,513018.424854981,0.838009790337734,1.86095077813333,2.69896056847107
"18083",18082.7394048021,51432.6992296275,69515.4386344296,"Indiana","IN","Knox County","18",47738.4320286776,135782.325966217,183520.757994894,0.251149158400029,0.714343044855937,0.965492203255966
"18085",16489.8091262441,31037.9215632084,47527.7306894525,"Indiana","IN","Kosciusko County","18",43533.0960932844,81940.1129268702,125473.209020155,0.22902512675339,0.43108224393345,0.66010737068684
"18087",3162.43717141582,4365.07615162359,7527.51332303942,"Indiana","IN","LaGrange County","18",8348.83413253777,11523.8010402863,19872.6351728241,0.0439227384918864,0.0606260576614388,0.104548796153325
"18089",189978.226512162,375870.447442488,565848.67395465,"Indiana","IN","Lake County","18",501542.517992108,992297.981248168,1493840.49924028,2.63858647933558,5.22042288114566,7.85900936048125
"18091",56839.6899334075,86614.915649479,143454.605582886,"Indiana","IN","LaPorte County","18",150056.781424196,228663.377314625,378720.15873882,0.789440137963993,1.2029849395761,1.99242507754009
"18093",19502.6180005061,83743.9690171146,103246.587017621,"Indiana","IN","Lawrence County","18",51486.9115213361,221084.078205183,272570.989726519,0.270869694451473,1.16311068079326,1.43398037524473
"18095",53761.4777344022,67101.5138688161,120862.991603218,"Indiana","IN","Madison County","18",141930.301218822,177147.996613675,319078.297832496,0.746687190755586,0.931965470400224,1.67865266115581
"18097",284192.311626482,423376.812737971,707569.124364452,"Indiana","IN","Marion County","18",750267.702693912,1117714.78562824,1867982.48832215,3.94711543925669,5.88023351024959,9.82734894950628
"18099",29588.8914703676,41953.8811614941,71542.7726318616,"Indiana","IN","Marshall County","18",78114.6734817703,110758.246266344,188872.919748115,0.410956825977327,0.58269279390964,0.993649619886967
"18101",1375.12559224314,7470.38432935505,8845.50992159819,"Indiana","IN","Martin County","18",3630.33156352189,19721.8146294973,23352.1461930192,0.0190989665589325,0.103755337907709,0.122854304466642
"18103",14747.0345925802,17560.1852848727,32307.2198774529,"Indiana","IN","Miami County","18",38932.1713244117,46358.889152064,85291.0604764757,0.204819924896947,0.243891462289899,0.448711387186846
"18105",218069.081159186,1055822.78816181,1273891.86932099,"Indiana","IN","Monroe County","18",575702.374260251,2787372.16074717,3363074.53500742,3.02873723832203,14.6642053911362,17.6929426294582
"18107",74012.531831912,59177.4040947408,133189.935926653,"Indiana","IN","Montgomery County","18",195393.084036248,156228.346810116,351621.430846363,1.02795183099878,0.821908390204733,1.84986022120351
"18109",25171.5754361359,70196.5011974586,95368.0766335944,"Indiana","IN","Morgan County","18",66452.9591513987,185318.763161291,251771.722312689,0.349605214390776,0.974951405520258,1.32455661991103
"18111",19510.3443503014,14276.6052932284,33786.9496435298,"Indiana","IN","Newton County","18",51507.3090847956,37690.237974123,89197.5470589186,0.270977004865297,0.198286184628172,0.469263189493469
"18113",9274.11847499373,15487.0994765694,24761.2179515632,"Indiana","IN","Noble County","18",24483.6727739835,40885.9426181433,65369.6153921267,0.12880720104158,0.215098603841242,0.343905804882822
"18115",1170.69857334942,1602.22836799561,2772.92694134503,"Indiana","IN","Ohio County","18",3090.64423364247,4229.88289150841,7320.52712515088,0.0162597024076309,0.0222531717777168,0.0385128741853477
"18117",4854.88038647944,3948.23754641337,8803.11793289281,"Indiana","IN","Orange County","18",12816.8842203057,10423.3471225313,23240.231342837,0.0674288942566588,0.0548366325890746,0.122265526845733
"18119",8081.82383226223,26172.0364818535,34253.8603141158,"Indiana","IN","Owen County","18",21336.0149171723,69094.1763120933,90430.1912292656,0.112247553225864,0.36350050669241,0.475748059918275
"18121",270.424754458018,1989.51004298082,2259.93479743883,"Indiana","IN","Parke County","18",713.921351769167,5252.30651346936,5966.22786523852,0.00375589936747247,0.0276320839302891,0.0313879832977616
"18123",5408.7053844261,10241.6467485064,15650.3521329325,"Indiana","IN","Perry County","18",14278.9822148849,27037.9474160568,41316.9296309417,0.0751209081170291,0.142245093729255,0.217366001846284
"18125",2829.75771548866,2132.11272683296,4961.87044232162,"Indiana","IN","Pike County","18",7470.56036889006,5628.77759883901,13099.3379677291,0.039302190492898,0.0296126767615689,0.0689148672544669
"18127",61585.286216975,165250.838351474,226836.124568449,"Indiana","IN","Porter County","18",162585.155612814,436262.213247893,598847.368860707,0.855351197457986,2.29515053265937,3.15050173011735
"18129",5436.93524086412,16657.7564502216,22094.6916910858,"Indiana","IN","Posey County","18",14353.5090358813,43976.4770285851,58329.9860644664,0.0755129894564461,0.2313577284753,0.306870717931747
"18131",13324.4525058513,10224.2306401304,23548.6831459818,"Indiana","IN","Pulaski County","18",35176.5546154476,26991.9688899443,62168.5235053919,0.185061840359046,0.142003203335145,0.327065043694191
"18133",15278.4809824563,60309.4252098634,75587.9061923197,"Indiana","IN","Putnam County","18",40335.1897936846,159216.882554039,199552.072347724,0.212201124756337,0.837630905692548,1.04983203044888
"18135",13223.2162500365,13365.6710190895,26588.887269126,"Indiana","IN","Randolph County","18",34909.2909000964,35285.3714903962,70194.6623904926,0.183655781250507,0.185634319709576,0.369290100960083
"18137",2876.84222783504,9193.11159084578,12069.9538186808,"Indiana","IN","Ripley County","18",7594.86348148451,24269.8145998329,31864.6780813174,0.0399561420532645,0.127682105428414,0.167638247481678
"18139",1443.6308067821,1222.51051982,2666.14132660211,"Indiana","IN","Rush County","18",3811.18532990476,3227.4277723248,7038.61310222956,0.0200504278719737,0.0169793127752778,0.0370297406472515
"18141",2102939.69513666,2994434.81403191,5097374.50916857,"Indiana","IN","St. Joseph County","18",5551760.79516079,7905307.90904424,13457068.704205,29.207495765787,41.5893724171099,70.7968681828968
"18143",4954.44073403615,10389.4266713531,15343.8674053893,"Indiana","IN","Scott County","18",13079.7235378554,27428.0864123722,40507.8099502276,0.0688116768616132,0.144297592657682,0.213109269519295
"18145",14286.1416426199,11027.4648473388,25313.6064899587,"Indiana","IN","Shelby County","18",37715.4139365165,29112.5071969744,66827.9211334909,0.198418633925276,0.153159233990817,0.351577867916093
"18147",4093.86838337104,2997.8514253966,7091.71980876765,"Indiana","IN","Spencer County","18",10807.8125320995,7914.32776304704,18722.1402951466,0.0568592831023756,0.0416368253527306,0.0984961084551062
"18149",23896.8121120057,26834.1617499171,50730.9738619228,"Indiana","IN","Starke County","18",63087.583975695,70842.1870197811,133929.770995476,0.331900168222301,0.37269669097107,0.704596859193372
"18151",16509.2506877697,25177.4535675088,41686.7042552785,"Indiana","IN","Steuben County","18",43584.4218157119,66468.4774182233,110052.899233935,0.229295148441245,0.349686855104289,0.578982003545534
"18153",5615.40670103983,17017.6449539034,22633.0516549432,"Indiana","IN","Sullivan County","18",14824.6736907451,44926.582678305,59751.2563690501,0.0779917597366643,0.236356179915325,0.314347939651989
"18155",254.757457118371,635.126929480086,889.884386598457,"Indiana","IN","Switzerland County","18",672.5596867925,1676.73509382743,2349.29478061993,0.00353829801553293,0.00882120735389008,0.012359505369423
"18157",2968460.74861677,2098767.67433613,5067228.4229529,"Indiana","IN","Tippecanoe County","18",7836736.37634827,5540746.66024739,13377483.0365957,41.2286215085662,29.1495510324463,70.3781725410125
"18159",5643.55244997708,4423.59303286492,10067.145482842,"Indiana","IN","Tipton County","18",14898.9784679395,11678.2856067634,26577.2640747029,0.0783826729163484,0.0614387921231239,0.139821465039472
"18161",4878.52448527045,11956.9436332141,16835.4681184846,"Indiana","IN","Union County","18",12879.304641114,31566.3311916853,44445.6358327993,0.0677572845176451,0.166068661572418,0.233825946090063
"18163",39523.4396597934,47763.3536521005,87286.7933118939,"Indiana","IN","Vanderburgh County","18",104341.880701855,126095.253641545,230437.1343434,0.548936661941575,0.663379911834729,1.2123165737763
"18165",8.8280080614944,1776.24749259976,1785.07550066126,"Indiana","IN","Vermillion County","18",23.3059412823452,4689.29338046337,4712.59932174572,0.000122611223076311,0.0246701040638856,0.0247927152869619
"18167",39022.5378065888,83640.215246075,122662.753052664,"Indiana","IN","Vigo County","18",103019.499809394,220810.168249638,323829.668059033,0.541979691758178,1.16166965619549,1.70364934795366
"18169",10596.8130272515,8585.90029777322,19182.7133250247,"Indiana","IN","Wabash County","18",27975.5863919439,22666.7767861213,50642.3631780652,0.147177958711826,0.11924861524685,0.266426573958677
"18171",44601.6072319938,31728.3227450789,76329.9299770727,"Indiana","IN","Warren County","18",117748.243092464,83762.7720470082,201511.015139472,0.619466767111025,0.440671149237207,1.06013791634823
"18173",12604.0127597483,22015.0921824808,34619.1049422292,"Indiana","IN","Warrick County","18",33274.5936857356,58119.8433617494,91394.437047485,0.175055732774282,0.305765169201123,0.480820901975405
"18175",4697.05417688818,3644.39380193281,8341.44797882099,"Indiana","IN","Washington County","18",12400.2230269848,9621.19963710262,22021.4226640874,0.0652368635678914,0.0506165805824002,0.115853444150292
"18177",17191.9151683584,21795.3047852078,38987.2199535662,"Indiana","IN","Wayne County","18",45386.6560444661,57539.6046329486,102926.260677415,0.238776599560533,0.302712566461219,0.541489166021752
"18179",2636.23581633805,2662.73726250517,5298.97307884322,"Indiana","IN","Wells County","18",6959.66255513246,7029.62637301365,13989.2889281461,0.0366143863380285,0.0369824619792385,0.073596848317267
"18181",146452.930950057,103716.331885931,250169.262835987,"Indiana","IN","White County","18",386635.737708149,273811.116178857,660446.853887006,2.03406848541745,1.44050460952681,3.47457309494427
"18183",5051.89947257448,4281.23371331055,9333.13318588503,"Indiana","IN","Whitley County","18",13337.0146075966,11302.4570031398,24639.4716107365,0.0701652704524233,0.0594615793515354,0.129626849803959
"19001",88.8607912545168,388.765042459299,477.625833713816,"Iowa","IA","Adair County","19",234.592488911924,1026.33971209255,1260.93220100447,0.00123417765631273,0.00539951447860137,0.00663369213491411
"19003",29.6202637515056,131.361240022234,160.981503773739,"Iowa","IA","Adams County","19",78.1974963039747,346.793673658697,424.991169962672,0.000411392552104244,0.00182446166697547,0.00223585421907971
"19005",795.331600711033,320.676678012507,1116.00827872354,"Iowa","IA","Allamakee County","19",2099.67542587713,846.586429953018,2946.26185583015,0.0110462722320977,0.00445384275017371,0.0155001149822714
"19007",325.822901266561,1026.59822611398,1352.42112738054,"Iowa","IA","Appanoose County","19",860.172459343722,2710.21931694092,3570.39177628464,0.00452531807314668,0.0142583086960275,0.0187836267691742
"19009",1492.51781528529,560.925984308288,2053.44379959358,"Iowa","IA","Audubon County","19",3940.24703235317,1480.84459857388,5421.09163092705,0.0207294141011846,0.00779063867094844,0.028520052772133
"19011",2103.0387263569,4671.69962436612,6774.73835072302,"Iowa","IA","Benton County","19",5552.02223758221,12333.2870083266,17885.3092459088,0.0292088711994014,0.064884717005085,0.0940935882044864
"19013",63459.0686101591,45838.317733909,109297.386344068,"Iowa","IA","Black Hawk County","19",167531.94113082,121013.15881752,288545.09994834,0.881375952918876,0.636643301859848,1.51801925477872
"19015",38557.0026370281,26466.4137624084,65023.4163994365,"Iowa","IA","Boone County","19",101790.486961754,69871.3323327582,171661.819294512,0.53551392551428,0.36758908003345,0.90310300554773
"19017",790.598324120443,883.508590663896,1674.10691478434,"Iowa","IA","Bremer County","19",2087.17957567797,2332.46267935268,4419.64225503065,0.0109805322794506,0.0122709526481097,0.0232514849275603
"19019",5997.56913687239,1593.98699814114,7591.55613501352,"Iowa","IA","Buchanan County","19",15833.5825213431,4208.1256750926,20041.7081964357,0.0832995713454498,0.0221387083075158,0.105438279652966
"19021",177.721582509034,561.128194484298,738.849776993331,"Iowa","IA","Buena Vista County","19",469.184977823849,1481.37843343855,1950.5634112624,0.00246835531262547,0.00779344714561525,0.0102618024582407
"19023",379.473587251041,547.126846838375,926.600434089416,"Iowa","IA","Butler County","19",1001.81027034275,1444.41487565331,2446.22514599606,0.00527046648959779,0.00759898398386632,0.0128694504734641
"19025",290.105699471281,313.365648853168,603.471348324449,"Iowa","IA","Calhoun County","19",765.879046604182,827.285312972363,1593.16435957654,0.00402924582599001,0.00435230067851622,0.00838154650450623
"19027",375.40468603236,685.665169570963,1061.06985560332,"Iowa","IA","Carroll County","19",991.068371125432,1810.15604766734,2801.22441879277,0.00521395397267167,0.00952312735515227,0.0147370813278239
"19029",254.356578524054,345.868403875291,600.224982399345,"Iowa","IA","Cass County","19",671.501367303503,913.092586230768,1584.59395353427,0.00353273025727853,0.00480372783160126,0.00833645808887979
"19031",10456.4602008067,20070.1310687852,30526.5912695919,"Iowa","IA","Cedar County","19",27605.0549301298,52985.1460215929,80590.2009517227,0.145228613900093,0.278751820399794,0.423980434299888
"19033",613.01794839949,1566.58087416289,2179.59882256238,"Iowa","IA","Cerro Gordo County","19",1618.36738377465,4135.77350779003,5754.14089156469,0.00851413817221514,0.0217580676967068,0.030272205868922
"19035",1506.37019736242,1033.20999967404,2539.58019703646,"Iowa","IA","Cherokee County","19",3976.8173210368,2727.67439913947,6704.49172017627,0.0209218082967003,0.0143501388843617,0.035271947181062
"19037",329.758744051425,333.621684966459,663.380429017884,"Iowa","IA","Chickasaw County","19",870.563084295761,880.761248311453,1751.32433260721,0.00457998255626979,0.00463363451342305,0.00921361706969283
"19039",148.101318757528,594.007983956577,742.109302714105,"Iowa","IA","Clarke County","19",390.987481519873,1568.18107764536,1959.16855916524,0.00205696276052122,0.00825011088828579,0.010307073648807
"19041",327.449488104198,421.881154708336,749.330642812534,"Iowa","IA","Clay County","19",864.466648595083,1113.76624843001,1978.23289702509,0.00454790955700275,0.00585946048206022,0.010407370039063
"19043",267.897477169915,561.695507958372,829.592985128287,"Iowa","IA","Clayton County","19",707.249339728574,1482.8761410101,2190.12548073868,0.00372079829402659,0.00780132649942184,0.0115221247934484
"19045",20795.8819870978,16223.1416056144,37019.0235927122,"Iowa","IA","Clinton County","19",54901.1284459382,42829.093838822,97730.2222847602,0.288831694265247,0.225321411189089,0.514153105454336
"19047",214.272074349949,893.180968115645,1107.45304246559,"Iowa","IA","Crawford County","19",565.678276283866,2357.9977558253,2923.67603210917,0.00297600103263819,0.0124052912238284,0.0153812922564666
"19049",40538.1676013978,29651.7255873449,70189.8931887427,"Iowa","IA","Dallas County","19",107020.76246769,78280.5555505905,185301.318018281,0.56303010557497,0.411829522046457,0.974859627621426
"19051",177.721582509034,544.603707926177,722.325290435211,"Iowa","IA","Davis County","19",469.184977823849,1437.75378892511,1906.93876674896,0.00246835531262547,0.00756394038786357,0.010032295700489
"19053",19303.1542849389,13191.6905475021,32494.844832441,"Iowa","IA","Decatur County","19",50960.3273122387,34826.0630454055,85786.3903576442,0.268099365068596,0.183217924270862,0.451317289339458
"19055",19502.5845666472,13648.6618859761,33151.2464526234,"Iowa","IA","Delaware County","19",51486.8232559486,36032.467378977,87519.2906349257,0.270869230092322,0.189564748416335,0.460433978508658
"19057",1268.16877705502,2521.02093922952,3789.18971628455,"Iowa","IA","Des Moines County","19",3347.96557142526,6655.49527956594,10003.4608509912,0.0176134552368753,0.0350141797115211,0.0526276349483965
"19059",179.242872084763,551.692564374564,730.935436459327,"Iowa","IA","Dickinson County","19",473.201182303775,1456.46836994885,1929.66955225262,0.0024894843345106,0.0076623967274245,0.0101518810619351
"19061",23563.3394836805,21559.488271453,45122.8277551335,"Iowa","IA","Dubuque County","19",62207.2162369164,56917.0490366359,119124.265273552,0.327268603940006,0.299437337103514,0.62670594104352
"19063",92.8558867884635,255.660387329814,348.516274118278,"Iowa","IA","Emmet County","19",245.139541121544,674.94342255071,920.082963672253,0.00128966509428422,0.00355083871291409,0.0048405038071983
"19065",506.475600944201,761.030298905347,1267.50589984955,"Iowa","IA","Fayette County","19",1337.09558649269,2009.11998911012,3346.21557560281,0.00703438334644724,0.0105698652625743,0.0176042486090215
"19067",148.608415282771,475.646704928841,624.255120211611,"Iowa","IA","Floyd County","19",392.326216346515,1255.70730101214,1648.03351735865,0.00206400576781626,0.00660620423512279,0.00867021000293905
"19069",118.667197360672,338.58497741477,457.252174775442,"Iowa","IA","Franklin County","19",313.281401032174,893.864340374994,1207.14574140717,0.00164815551889822,0.0047025691307607,0.00635072464965892
"19071",118.481055006022,408.395792574117,526.876847580139,"Iowa","IA","Fremont County","19",312.789985215899,1078.16489239567,1390.95487761157,0.00164557020841698,0.00567216378575163,0.0073177339941686
"19073",108.479312083034,309.755135085595,418.234447168629,"Iowa","IA","Greene County","19",286.385383899211,817.753556625971,1104.13894052518,0.00150665711226437,0.0043021546539666,0.00580881176623096
"19075",119.796158412387,125.727142085765,245.523300498152,"Iowa","IA","Grundy County","19",316.261858208701,331.91965510642,648.181513315121,0.00166383553350537,0.00174621030674674,0.00341004584025211
"19077",391.21770624548,564.880986560287,956.098692805767,"Iowa","IA","Guthrie County","19",1032.81474448807,1491.28580451916,2524.10054900722,0.00543357925340944,0.00784556925778176,0.0132791485111912
"19079",19130.3269608523,12957.7127912085,32088.0397520608,"Iowa","IA","Hamilton County","19",50504.0631766501,34208.3617687905,84712.4249454406,0.265698985567393,0.179968233211229,0.445667218778623
"19081",207.341846260539,408.659530370276,616.001376630815,"Iowa","IA","Hancock County","19",547.382474127823,1078.86116017753,1626.24363430535,0.00287974786472971,0.00567582681069828,0.00855557467542798
"19083",355.443165018067,1204.81571213522,1560.25887715328,"Iowa","IA","Hardin County","19",938.369955647697,3180.71348003697,4119.08343568467,0.00493671062525093,0.0167335515574336,0.0216702621826845
"19085",387.955261557791,764.244789257235,1152.20005081503,"Iowa","IA","Harrison County","19",1024.20189051257,2017.6062436391,3041.80813415167,0.00538826752163598,0.010614510961906,0.016002778483542
"19087",2699.88768633149,5311.68259843175,8011.57028476324,"Iowa","IA","Henry County","19",7127.70349191514,14022.8420598598,21150.545551775,0.0374984400879374,0.0737733694226632,0.111271809510601
"19089",283.821812820363,215.667668436435,499.489481256798,"Iowa","IA","Howard County","19",749.289585845759,569.362644672188,1318.65223051795,0.00394196962250505,0.00299538428383937,0.00693735390634442
"19091",88.8607912545168,278.129294179515,366.990085434031,"Iowa","IA","Humboldt County","19",234.592488911924,734.261336633919,968.853825545843,0.00123417765631273,0.00386290686360437,0.0050970845199171
"19093",90.7762908517564,149.61482671419,240.391117565947,"Iowa","IA","Ida County","19",239.649407848637,394.983142525463,634.6325503741,0.00126078181738551,0.00207798370436376,0.00333876552174926
"19095",29166.3067030777,33179.5807420942,62345.8874451719,"Iowa","IA","Iowa County","19",76999.0496961252,87594.0931591286,164593.142855254,0.405087593098302,0.460827510306864,0.865915103405165
"19097",753.419809458509,1322.26652254355,2075.68633200206,"Iowa","IA","Jackson County","19",1989.02829697046,3490.78361951497,5479.81191648544,0.0104641640202571,0.0183648128131049,0.0288289768333619
"19099",19453.7459820141,25905.6083763489,45359.3543583631,"Iowa","IA","Jasper County","19",51357.8893925173,68390.8061135612,119748.695506079,0.270190916416863,0.35980011633818,0.629991032755043
"19101",690.191823887369,1497.09934222984,2187.29116611721,"Iowa","IA","Jefferson County","19",1822.10641506266,3952.34226348677,5774.44867854942,0.00958599755399124,0.0207930464198588,0.0303790439738501
"19103",355586.985656035,630263.337338735,985850.322994771,"Iowa","IA","Johnson County","19",938749.642131933,1663895.21057426,2602644.85270619,4.9387081341116,8.75365746303799,13.6923655971496
"19105",20492.7602999484,15572.1642058412,36064.9245057896,"Iowa","IA","Jones County","19",54100.8871918637,41110.5135034209,95211.4006952846,0.284621670832616,0.216280058414462,0.500901729247078
"19107",346.920103047736,1396.45463643367,1743.37473948141,"Iowa","IA","Keokuk County","19",915.869072046024,3686.64024018489,4602.50931223091,0.00481833476455189,0.019395203283801,0.0242135380483528
"19109",568.592836004839,947.098235678,1515.69107168284,"Iowa","IA","Kossuth County","19",1501.08508705277,2500.33934218992,4001.4244292427,0.00789712272228943,0.0131541421621944,0.0210512648844839
"19111",918.228176296671,1966.62776730842,2884.85594360509,"Iowa","IA","Lee County","19",2424.12238542321,5191.89730569423,7616.01969111744,0.0127531691152315,0.0273142745459503,0.0400674436611818
"19113",35089.1616153241,67560.6572756806,102649.818891005,"Iowa","IA","Linn County","19",92635.3866644556,178360.135207797,270995.521872252,0.487349466879501,0.93834246216223,1.42569192904173
"19115",2043.79819885389,3998.11757873294,6041.91577758682,"Iowa","IA","Louisa County","19",5395.62724497426,10555.030407855,15950.6576528292,0.0283860860951929,0.0555294108157352,0.0839154969109281
"19117",177.721582509034,657.821867371559,835.543449880593,"Iowa","IA","Lucas County","19",469.184977823849,1736.64972986092,2205.83470768476,0.00246835531262547,0.00913641482460499,0.0116047701372305
"19119",59.2405275030114,140.627051569445,199.867579072457,"Iowa","IA","Lyon County","19",156.39499260795,371.255416143336,527.650408751286,0.000822785104208491,0.00195315349402008,0.00277593859822857
"19121",322.579807321975,957.921057494858,1280.50086481683,"Iowa","IA","Madison County","19",851.610691330015,2528.91159178643,3380.52228311644,0.0044802751016941,0.013304459131873,0.0177847342335671
"19123",19489.0149052674,19325.8091426282,38814.8240478956,"Iowa","IA","Mahaska County","19",51450.999349906,51020.1361365384,102471.135486444,0.270680762573159,0.268414015869836,0.539094778442994
"19125",19892.4474793582,38804.9262503033,58697.3737296616,"Iowa","IA","Marion County","19",52516.0613455058,102445.005300801,154961.066646307,0.276283992768865,0.53895730903199,0.815241301800855
"19127",21817.3784579963,20735.4204599955,42552.7989179917,"Iowa","IA","Marshall County","19",57597.8791291102,54741.510014388,112339.389143498,0.303019145249948,0.28799195083327,0.591011096083219
"19129",21141.7456227431,13835.0041412971,34976.7497640402,"Iowa","IA","Mills County","19",55814.2084440417,36524.4109330243,92338.619377066,0.293635355871432,0.192152835295793,0.485788191167224
"19131",236.962110012044,570.55950427611,807.521614288154,"Iowa","IA","Mitchell County","19",625.579970431797,1506.27709128893,2131.85706172073,0.00329114041683395,0.00792443755939041,0.0112155779762244
"19133",134.104480300594,284.73953686308,418.844017163673,"Iowa","IA","Monona County","19",354.035827993567,751.712377318531,1105.7482053121,0.00186256222639713,0.003954715789765,0.00581727801616213
"19135",266.58237376355,931.922226571722,1198.50460033527,"Iowa","IA","Monroe County","19",703.777466735773,2460.27467814935,3164.05214488512,0.0037025329689382,0.0129433642579406,0.0166458972268788
"19137",303.909774442761,350.171982104659,654.081756547421,"Iowa","IA","Montgomery County","19",802.32180452889,924.454032756301,1726.77583728519,0.0042209690894828,0.0048634997514536,0.0090844688409364
"19139",8308.50826679703,16276.8123360989,24585.3206028959,"Iowa","IA","Muscatine County","19",21934.4618243442,42970.784567301,64905.2463916451,0.115395948149959,0.226066838001373,0.341462786151332
"19141",320.23305974803,415.869110945021,736.10217069305,"Iowa","IA","O'Brien County","19",845.415277734798,1097.89445289485,1943.30973062965,0.0044476813853893,0.0057759598742364,0.0102236412596257
"19143",0,16.659995668845,16.659995668845,"Iowa","IA","Osceola County","19",0,43.9823885657509,43.9823885657509,0,0.000231388828733959,0.000231388828733959
"19145",313.741562406866,559.391536624994,873.13309903186,"Iowa","IA","Page County","19",828.277724754127,1476.79365668998,2305.07138144411,0.00435752170009537,0.00776932689756936,0.0121268485976647
"19147",118.988151531265,264.43732628434,383.425477815606,"Iowa","IA","Palo Alto County","19",314.128720042541,698.114541390658,1012.2432614332,0.00165261321571202,0.00367274064283806,0.00532535385855008
"19149",1522.50071918224,931.604091641789,2454.10481082403,"Iowa","IA","Plymouth County","19",4019.40189864111,2459.43480193432,6478.83670057543,0.0211458433219755,0.0129389457172471,0.0340847890392226
"19151",59.2405275030114,288.777246085045,348.017773588057,"Iowa","IA","Pocahontas County","19",156.39499260795,762.37192966452,918.76692227247,0.000822785104208491,0.00401079508451452,0.00483358018872301
"19153",315693.510093436,222307.181378545,538000.691471981,"Iowa","IA","Polk County","19",833430.866646671,586890.958839359,1420321.82548603,4.38463208463105,3.08759974136868,7.47223182599974
"19155",46543.3549214415,35521.9141042894,82065.2690257309,"Iowa","IA","Pottawattamie County","19",122874.456992606,93777.853235324,216652.31022793,0.646435485020021,0.49335991811513,1.13979540313515
"19157",1126.30186239253,40339.5803716182,41465.8822340108,"Iowa","IA","Poweshiek County","19",2973.43691671627,106496.492181072,109469.929097788,0.0156430814221184,0.560271949605809,0.575915031027927
"19159",148.153830902827,345.975360485744,494.12919138857,"Iowa","IA","Ringgold County","19",391.126113583462,913.374951682364,1304.50106526583,0.00205769209587259,0.00480521334007977,0.00686290543595237
"19161",166.227672448464,572.806791820462,739.034464268926,"Iowa","IA","Sac County","19",438.841055263945,1512.20993040602,1951.05098566996,0.00230871767289533,0.0079556498863953,0.0102643675592906
"19163",7924.77960656041,14829.4292297717,22754.2088363321,"Iowa","IA","Scott County","19",20921.4181613195,39149.6931665974,60071.1113279168,0.11006638342445,0.205964294857941,0.316030678282391
"19165",390.66547118149,349.107964427129,739.773435608619,"Iowa","IA","Shelby County","19",1031.35684391913,921.64502608762,1953.00187000675,0.00542590932196514,0.00484872172815456,0.0102746310501197
"19167",210.063471241404,808.398626890243,1018.46209813165,"Iowa","IA","Sioux County","19",554.567564077307,2134.17237499024,2688.73993906755,0.00291754821168617,0.0112277587068089,0.0141453069184951
"19169",778532.293599787,518096.070711981,1296628.36431177,"Iowa","IA","Story County","19",2055325.25510344,1367773.62667963,3423098.88178307,10.8129485222193,7.19577875988862,18.0087272821079
"19171",503.691009107989,3535.14305614171,4038.8340652497,"Iowa","IA","Tama County","19",1329.74426404509,9332.77766821411,10662.5219322592,0.00699570845983318,0.0490992091130793,0.0560949175729125
"19173",88.8607912545168,222.321866956554,311.18265821107,"Iowa","IA","Taylor County","19",234.592488911924,586.929728765302,821.522217677226,0.00123417765631273,0.00308780370772991,0.00432198136404264
"19175",414.18583375516,954.57981966893,1368.76565342409,"Iowa","IA","Union County","19",1093.45060111362,2520.09072392598,3613.5413250396,0.00575258102437723,0.0132580530509574,0.0190106340753346
"19177",334.190206044667,344.978207167089,679.168413211756,"Iowa","IA","Van Buren County","19",882.262143957921,910.742466921116,1793.00461087904,0.00464153063950926,0.0047913639884318,0.00943289462794106
"19179",1070.61531053908,3057.80440030516,4128.41971084424,"Iowa","IA","Wapello County","19",2826.42441982317,8072.60361680563,10899.0280366288,0.0148696570908206,0.0424695055597939,0.0573391626506145
"19181",38526.4304251037,27947.0008911854,66473.4313162892,"Iowa","IA","Warren County","19",101709.776322274,73780.0823527295,175489.858675003,0.535089311459774,0.388152790155353,0.923242101615127
"19183",15949.3469538162,30865.0815507704,46814.4285045866,"Iowa","IA","Washington County","19",42106.2759580747,81483.8152940339,123590.091252109,0.221518707691891,0.428681688205144,0.650200395897036
"19185",59.2405275030114,237.935808092151,297.176335595162,"Iowa","IA","Wayne County","19",156.39499260795,628.150533363278,784.545525971228,0.000822785104208491,0.00330466400127987,0.00412744910548836
"19187",460.459252162022,1054.99203722776,1515.45128938978,"Iowa","IA","Webster County","19",1215.61242570774,2785.17897828128,4000.79140398901,0.00639526739113919,0.0146526671837188,0.021047934574858
"19189",177.721582509034,427.020658208156,604.74224071719,"Iowa","IA","Winnebago County","19",469.184977823849,1127.33453766953,1596.51951549338,0.00246835531262547,0.00593084247511328,0.00839919778773875
"19191",282.205799058121,703.822331179511,986.028130237632,"Iowa","IA","Winneshiek County","19",745.02330951344,1858.09095431391,2603.11426382735,0.00391952498691835,0.00977531015527099,0.0136948351421893
"19193",23059.1394783415,17935.060356631,40994.1998349726,"Iowa","IA","Woodbury County","19",60876.1282228217,47348.559341506,108224.687564328,0.320265826088077,0.249098060508765,0.569363886596842
"19195",59.2405275030114,114.581024261936,173.821551764948,"Iowa","IA","Worth County","19",156.39499260795,302.493904051512,458.888896659462,0.000822785104208491,0.00159140311474912,0.00241418821895761
"19197",163.724744052099,265.341452304317,429.066196356416,"Iowa","IA","Wright County","19",432.233324297542,700.501434083398,1132.73475838094,0.00227395477850138,0.00368529794867107,0.00595925272717245
"20001",1944.45282836423,2260.43323750066,4204.88606586489,"Kansas","KS","Allen County","20",5133.35546688157,5967.54374700174,11100.8992138833,0.0270062892828365,0.0313949060763981,0.0584011953592346
"20003",401.47622994811,285.055131665569,686.531361613679,"Kansas","KS","Anderson County","20",1059.89724706301,752.545547597103,1812.44279466011,0.0055760587492793,0.00395909905091068,0.00953515780018998
"20005",3540.06276603225,4358.75740886182,7898.82017489407,"Kansas","KS","Atchison County","20",9345.76570232514,11507.1195593952,20852.8852617203,0.0491675384171146,0.060538297345303,0.109705835762418
"20007",1357.38938944459,1346.31194771692,2703.70133716151,"Kansas","KS","Barber County","20",3583.50798813372,3554.26354197266,7137.77153010638,0.0188526304089527,0.0186987770516238,0.0375514074605765
"20009",3295.25453616703,2843.29537150302,6138.54990767006,"Kansas","KS","Barton County","20",8699.47197548097,7506.29978076797,16205.7717562489,0.045767424113431,0.0394902134930975,0.0852576376065285
"20011",2036.09305494873,2152.87115707057,4188.9642120193,"Kansas","KS","Bourbon County","20",5375.28566506465,5683.57985466631,11058.865519731,0.0282790702076212,0.0299009882926468,0.0581800585002681
"20013",2525.19654630101,2578.32535442668,5103.52190072769,"Kansas","KS","Brown County","20",6666.51888223467,6806.77893568645,13473.2978179211,0.0350721742541807,0.0358100743670373,0.070882248621218
"20015",13104.2490452059,20712.4155944433,33816.6646396492,"Kansas","KS","Butler County","20",34595.2174793435,54680.7771693303,89275.9946486738,0.182003458961193,0.287672438811712,0.469675897772905
"20017",2058.42455605342,3124.83046390039,5183.2550199538,"Kansas","KS","Chase County","20",5434.24082798102,8249.55242469702,13683.793252678,0.0285892299451863,0.0434004231097276,0.0719896530549139
"20019",401.47622994811,285.055131665569,686.531361613679,"Kansas","KS","Chautauqua County","20",1059.89724706301,752.545547597103,1812.44279466011,0.0055760587492793,0.00395909905091068,0.00953515780018998
"20021",2342.41835698154,3055.33635592463,5397.75471290617,"Kansas","KS","Cherokee County","20",6183.98446243127,8066.08797964102,14250.0724420723,0.0325335882914103,0.0424352271656199,0.0749688154570302
"20023",392.904598978345,285.055131665569,677.959730643915,"Kansas","KS","Cheyenne County","20",1037.26814130283,752.545547597103,1789.81368889993,0.00545700831914369,0.00395909905091068,0.00941610737005437
"20025",785.809197956691,570.110263331138,1355.91946128783,"Kansas","KS","Clark County","20",2074.53628260566,1505.0910951942,3579.62737779987,0.0109140166382874,0.00791819810182137,0.0188322147401087
"20027",10643.6774876448,7777.67385465695,18421.3513423018,"Kansas","KS","Clay County","20",28099.3085673823,20533.0589762944,48632.3675436766,0.147828853995067,0.108023247981347,0.255852101976413
"20029",2412.98218925575,2130.75662998075,4543.7388192365,"Kansas","KS","Cloud County","20",6370.27297963517,5625.19750314918,11995.4704827844,0.0335136415174409,0.029593842083066,0.0631074836005069
"20031",3841.12963639869,4863.81707010352,8704.9467065022,"Kansas","KS","Coffey County","20",10140.5822400925,12840.4770650733,22981.0593051658,0.0533490227277595,0.0675530148625489,0.120902037590308
"20035",4674.97326575149,6468.05014686331,11143.0234126148,"Kansas","KS","Cowley County","20",12341.9294215839,17075.6523877191,29417.5818093031,0.0649301842465485,0.089834029817546,0.154764214064094
"20037",3478.15700176893,4242.16568984245,7720.32269161138,"Kansas","KS","Crawford County","20",9182.33448466998,11199.3174211841,20381.651905854,0.0483077361356796,0.0589189679144785,0.107226704050158
"20039",797.538847143136,894.096698941078,1691.63554608421,"Kansas","KS","Decatur County","20",2105.50255645788,2360.41528520445,4465.91784166233,0.0110769284325436,0.012418009707515,0.0234949381400585
"20041",7649.93858904123,6653.38050752075,14303.319096562,"Kansas","KS","Dickinson County","20",20195.8378750688,17564.9245398548,37760.7624149236,0.106249147070017,0.0924080626044548,0.198657209674472
"20043",421.77751010432,609.041567275509,1030.81907737983,"Kansas","KS","Doniphan County","20",1113.4926266754,1607.86973760734,2721.36236428275,0.00585802097367111,0.00845891065660429,0.0143169316302754
"20045",486091.041150991,722210.741463404,1208301.78261439,"Kansas","KS","Douglas County","20",1283280.34863862,1906636.35746339,3189916.706102,6.75126446043043,10.0307047425473,16.7819692029777
"20047",392.904598978345,285.055131665569,677.959730643915,"Kansas","KS","Edwards County","20",1037.26814130283,752.545547597103,1789.81368889993,0.00545700831914369,0.00395909905091068,0.00941610737005437
"20049",35.2533152294639,79.6226275228444,114.875942752308,"Kansas","KS","Elk County","20",93.0687522057847,210.203736660309,303.272488866094,0.000489629378186999,0.00110586982670617,0.00159549920489317
"20051",862.309330589135,927.730252650178,1790.03958323931,"Kansas","KS","Ellis County","20",2276.49663275532,2449.20786699647,4725.70449975179,0.0119765184804047,0.0128851423979191,0.0248616608783238
"20053",1245.99804150716,1582.76089373943,2828.75893524659,"Kansas","KS","Ellsworth County","20",3289.43482957889,4178.4887594721,7467.923589051,0.0173055283542661,0.0219827901908255,0.0392883185450915
"20055",4667.94942187189,5269.01300733935,9936.96242921124,"Kansas","KS","Finney County","20",12323.3864737418,13910.1943393759,26233.5808131177,0.0648326308593318,0.0731807362130466,0.138013367072378
"20057",1281.25135673662,1662.38352126228,2943.6348779989,"Kansas","KS","Ford County","20",3382.50358178468,4388.69249613241,7771.19607791709,0.0177951577324531,0.0230886600175316,0.0408838177499847
"20059",7594.80043933317,8180.87642600655,15775.6768653397,"Kansas","KS","Franklin County","20",20050.2731598396,21597.5137646573,41647.7869244969,0.105483339435183,0.113623283694535,0.219106623129718
"20061",29715.61719191,23398.7428627453,53114.3600546553,"Kansas","KS","Geary County","20",78449.2293866425,61772.6811576476,140221.91054429,0.412716905443195,0.324982539760351,0.737699445203546
"20063",43.8249461992283,79.6226275228444,123.447573722073,"Kansas","KS","Gove County","20",115.697857965963,210.203736660309,325.901594626272,0.000608679808322615,0.00110586982670617,0.00171454963502879
"20065",392.904598978345,285.055131665569,677.959730643915,"Kansas","KS","Graham County","20",1037.26814130283,752.545547597103,1789.81368889993,0.00545700831914369,0.00395909905091068,0.00941610737005437
"20067",1611.0931589576,2114.19407078856,3725.28722974617,"Kansas","KS","Grant County","20",4253.28593964807,5581.47234688181,9834.75828652988,0.0223762938744111,0.02936380653873,0.0517401004131412
"20069",52.6955347697598,41.4915585854119,94.1870933551717,"Kansas","KS","Gray County","20",139.116211792166,109.537714665487,248.653926457653,0.000731882427357775,0.000576271647019609,0.00130815407437738
"20073",811.524090865984,570.110263331138,1381.63435419712,"Kansas","KS","Greenwood County","20",2142.4235998862,1505.0910951942,3647.5146950804,0.0112711679286942,0.00791819810182137,0.0191893660305156
"20075",0,8.51088711034015,8.51088711034015,"Kansas","KS","Hamilton County","20",0,22.468741971298,22.468741971298,0,0.000118206765421391,0.000118206765421391
"20077",211.519891376783,498.603990878358,710.123882255142,"Kansas","KS","Harper County","20",558.412513234708,1316.31453591887,1874.72704915357,0.00293777626912199,0.00692505542886609,0.00986283169798808
"20079",3627.57933005272,6214.68966958852,9842.26899964125,"Kansas","KS","Harvey County","20",9576.80943133919,16406.7807277137,25983.5901590529,0.0503830462507323,0.0863151342998406,0.136698180550573
"20081",428.344056562459,369.678500658933,798.022557221392,"Kansas","KS","Haskell County","20",1130.82830932489,975.951241739583,2106.77955106447,0.00594922300781193,0.00513442362026296,0.0110836466280749
"20083",809.268496329583,1218.08313455102,2027.3516308806,"Kansas","KS","Hodgeman County","20",2136.4688303101,3215.73947521469,5352.20830552479,0.0112398402267998,0.0169178213132086,0.0281576615400084
"20085",2036.09305494873,2152.87115707057,4188.9642120193,"Kansas","KS","Jackson County","20",5375.28566506465,5683.57985466631,11058.865519731,0.0282790702076212,0.0299009882926468,0.0581800585002681
"20087",16188.5510739607,22103.9913010013,38292.542374962,"Kansas","KS","Jefferson County","20",42737.7748352563,58354.5370346433,101092.3118699,0.224840987138343,0.306999879180573,0.531840866318916
"20089",1575.90421139827,1140.22052666228,2716.12473806055,"Kansas","KS","Jewell County","20",4160.38711809142,3010.18219038842,7170.56930847984,0.0218875584916426,0.0158363962036428,0.0377239546952854
"20091",188542.705027978,211636.938462047,400179.643490026,"Kansas","KS","Johnson County","20",497752.741273862,558721.517539805,1056474.25881367,2.61864868094414,2.93940192308399,5.55805060402813
"20093",21.6707030107939,18.1685023014765,39.8392053122704,"Kansas","KS","Kearny County","20",57.2106559484959,47.9648460758981,105.175502024394,0.000300981986261026,0.00025234030974273,0.000553322296003756
"20095",521.843152667444,531.73480664184,1053.57795930928,"Kansas","KS","Kingman County","20",1377.66592304205,1403.77988953446,2781.44581257651,0.00724782156482561,0.00738520564780334,0.014633027212629
"20097",813.554311814465,1218.08313455102,2031.63744636549,"Kansas","KS","Kiowa County","20",2147.78338319019,3215.73947521469,5363.52285840488,0.0112993654418676,0.0169178213132086,0.0282171867550762
"20099",1974.89038707844,2281.55360808488,4256.44399516332,"Kansas","KS","Labette County","20",5213.71062188709,6023.30152534407,11237.0121472312,0.0274290331538673,0.0316882445567344,0.0591172777106017
"20103",18143.7170674618,21291.7153434741,39435.4324109359,"Kansas","KS","Leavenworth County","20",47899.4130580992,56210.1285067716,104109.541564871,0.251996070381414,0.295718268659363,0.547714339040777
"20105",39.5391307143461,79.6226275228444,119.16175823719,"Kansas","KS","Lincoln County","20",104.383305085874,210.203736660309,314.587041746183,0.000549154593254807,0.00110586982670617,0.00165502441996098
"20107",39.5391307143461,79.6226275228444,119.16175823719,"Kansas","KS","Linn County","20",104.383305085874,210.203736660309,314.587041746183,0.000549154593254807,0.00110586982670617,0.00165502441996098
"20109",1202.17309530793,1503.13826621659,2705.31136152452,"Kansas","KS","Logan County","20",3173.73697161293,3968.2850228118,7142.02199442473,0.0166968485459435,0.0208769203641193,0.0375737689100627
"20111",9847.60490154187,11868.1103326705,21715.7152342124,"Kansas","KS","Lyon County","20",25997.6769400705,31331.8112782501,57329.4882183206,0.136772290299193,0.164834865731535,0.301607156030727
"20113",2531.76108070858,2530.4781347533,5062.23921546187,"Kansas","KS","McPherson County","20",6683.84925307064,6680.4622757487,13364.3115288193,0.0351633483431747,0.0351455296493513,0.070308877992526
"20115",4443.66163145138,4636.23163293401,9079.89326438539,"Kansas","KS","Marion County","20",11731.2667070316,12239.6515109458,23970.9182179774,0.061717522659047,0.0643921060129724,0.126109628672019
"20117",3945.06145445478,3174.53775226563,7119.59920672042,"Kansas","KS","Marshall County","20",10414.9622397606,8380.77966598127,18795.7419057419,0.0547925202007609,0.0440908021148005,0.0988833223155614
"20121",9985.78558769991,12353.6012727986,22339.3868604985,"Kansas","KS","Miami County","20",26362.4739515278,32613.5073601882,58975.981311716,0.138691466495832,0.171577795455536,0.310269261951368
"20123",1583.34804509983,1465.76963443595,3049.11767953578,"Kansas","KS","Mitchell County","20",4180.03883906354,3869.63183491091,8049.67067397446,0.0219909450708309,0.0203579115893882,0.0423488566602192
"20125",4992.01098681746,5218.51678345964,10210.5277702771,"Kansas","KS","Montgomery County","20",13178.9090051981,13776.8843083334,26955.7933135315,0.0693334859280203,0.0724793997702727,0.141812885698293
"20127",3965.362734611,3498.52418787558,7463.88692248657,"Kansas","KS","Morris County","20",10468.557619373,9236.10385599152,19704.6614753646,0.0550744824251527,0.0485906137204941,0.103665096145647
"20129",224.898967835891,45.7615956260098,270.660563461901,"Kansas","KS","Morton County","20",593.733275086752,120.810612452666,714.543887539418,0.00312359677549848,0.000635577717027915,0.0037591744925264
"20131",877.969112068746,1235.32586695373,2113.29497902247,"Kansas","KS","Nemaha County","20",2317.83845586149,3261.26028875784,5579.09874461932,0.0121940154453992,0.0171573037076906,0.0293513191530899
"20133",2210.42978760819,2224.69467979534,4435.12446740352,"Kansas","KS","Neosho County","20",5835.53463928561,5873.19395465969,11708.7285939453,0.0307004137167803,0.0308985372193797,0.06159895093616
"20137",401.47622994811,285.055131665569,686.531361613679,"Kansas","KS","Norton County","20",1059.89724706301,752.545547597103,1812.44279466011,0.0055760587492793,0.00395909905091068,0.00953515780018998
"20139",4267.67656192036,5087.53019050479,9355.20675242514,"Kansas","KS","Osage County","20",11266.6661234697,13431.0797029326,24697.7458264024,0.0592732855822272,0.0706601415347887,0.129933427117016
"20141",392.904598978345,285.055131665569,677.959730643915,"Kansas","KS","Osborne County","20",1037.26814130283,752.545547597103,1789.81368889993,0.00545700831914369,0.00395909905091068,0.00941610737005437
"20143",2773.79149122131,2651.86967998921,5425.66117121052,"Kansas","KS","Ottawa County","20",7322.80953682426,7000.9359551715,14323.7454919958,0.0385248818225182,0.0368315233331834,0.0753564051557016
"20145",818.967924567547,894.096698941078,1713.06462350863,"Kansas","KS","Pawnee County","20",2162.07532085833,2360.41528520445,4522.49060606277,0.0113745545078826,0.012418009707515,0.0237925642153976
"20147",807.479900967485,570.110263331138,1377.59016429862,"Kansas","KS","Phillips County","20",2131.74693855416,1505.0910951942,3636.83803374836,0.0112149986245484,0.00791819810182137,0.0191331967263698
"20149",72702.0224103983,55291.3851053733,127993.407515772,"Kansas","KS","Pottawatomie County","20",191933.339163452,145969.256678185,337902.595841637,1.00975031125553,0.767935904241295,1.77768621549683
"20151",432.629872047341,371.692737955397,804.322610002738,"Kansas","KS","Pratt County","20",1142.14286220498,981.268828202249,2123.41169040723,0.00600874822287974,0.0051623991382694,0.0111711473611491
"20153",397.190414463228,285.055131665569,682.245546128797,"Kansas","KS","Rawlins County","20",1048.58269418292,752.545547597103,1801.12824178002,0.00551653353421149,0.00395909905091068,0.00947563258512218
"20155",5630.16404717172,5200.40447181486,10830.5685189866,"Kansas","KS","Reno County","20",14863.6330845334,13729.0678055912,28592.7008901246,0.078196722877385,0.0722278398863175,0.150424562763703
"20157",3163.53807198297,2604.42748893449,5767.96556091746,"Kansas","KS","Republic County","20",8351.74051003504,6875.68857078705,15227.4290808221,0.0439380287775412,0.036172604012979,0.0801106327905202
"20159",847.019031681831,666.549667708532,1513.56869939036,"Kansas","KS","Rice County","20",2236.13024364003,1759.69112275053,3995.82136639056,0.0117641532178032,0.00925763427372962,0.0210217874915328
"20161",334566.021042645,248116.149721724,582682.170764369,"Kansas","KS","Riley County","20",883254.295552583,655026.635265351,1538280.93081793,4.64675029225896,3.44605763502394,8.0928079272829
"20167",1348.40830688556,1610.38975113712,2958.79805802269,"Kansas","KS","Russell County","20",3559.79793017789,4251.42894300201,7811.2268731799,0.0187278931511884,0.022366524321349,0.0410944174725374
"20169",10658.5152807448,9537.14210838739,20195.6573891321,"Kansas","KS","Saline County","20",28138.4803411662,25178.0551661427,53316.5355073089,0.148034934454788,0.132460307060936,0.280495241515724
"20171",790.095013441573,578.621150441478,1368.71616388305,"Kansas","KS","Scott County","20",2085.85083548575,1527.5598371655,3613.41067265126,0.0109735418533552,0.00803640486724276,0.0190099467205979
"20173",139278.158263142,239635.74274551,378913.901008652,"Kansas","KS","Sedgwick County","20",367694.337814694,632638.360848147,1000332.69866284,1.93441886476586,3.32827420479875,5.26269306956461
"20175",3704.39805202422,3006.83208776619,6711.2301397904,"Kansas","KS","Seward County","20",9779.61085734393,7938.03671170273,17717.6475690467,0.0514499729447808,0.0417615567745304,0.0932115297193112
"20177",30529.7297606018,33197.3659846074,63727.0957452093,"Kansas","KS","Shawnee County","20",80598.4865679889,87641.0461993636,168239.532767352,0.424024024452803,0.461074527563992,0.885098552016795
"20179",444.092228758192,310.811829443971,754.904058202163,"Kansas","KS","Sheridan County","20",1172.40348392163,820.543229732084,1992.94671365371,0.00616794762164155,0.0043168309644996,0.0104847785861411
"20181",1178.71379693504,855.165394996708,2033.87919193174,"Kansas","KS","Sherman County","20",3111.8044239085,2257.63664279131,5369.4410666998,0.0163710249574311,0.011877297152732,0.0282483221101631
"20183",392.904598978345,285.055131665569,677.959730643915,"Kansas","KS","Smith County","20",1037.26814130283,752.545547597103,1789.81368889993,0.00545700831914369,0.00395909905091068,0.00941610737005437
"20185",74.7924459438099,159.245255045689,234.037700989498,"Kansas","KS","Stafford County","20",197.452057291658,420.407473320618,617.859530612276,0.0010387839714418,0.00221173965341234,0.00325052362485414
"20189",790.095013441573,570.110263331138,1360.20527677271,"Kansas","KS","Stevens County","20",2085.85083548575,1505.0910951942,3590.94193067996,0.0109735418533552,0.00791819810182137,0.0188917399551765
"20191",3578.23733739549,4722.16837831885,8300.40571571435,"Kansas","KS","Sumner County","20",9446.5465707241,12466.5245187618,21913.0710894859,0.0496977407971596,0.0655856719210952,0.115283412718255
"20193",1611.15752662773,1219.84315418512,2831.00068081285,"Kansas","KS","Thomas County","20",4253.45587029721,3220.38592704873,7473.84179734593,0.0223771878698296,0.0169422660303489,0.0393194539001785
"20195",51.1876297798462,25.756697778402,76.9443275582482,"Kansas","KS","Trego County","20",135.135342618794,67.9976821349814,203.133024753775,0.000710939302497864,0.000357731913588917,0.00106867121608678
"20197",6298.20323283997,4884.86854225905,11183.071775099,"Kansas","KS","Wabaunsee County","20",16627.2565346975,12896.0529515639,29523.3094862614,0.0874750449005551,0.0678453964202645,0.15532044132082
"20201",7465.18738058857,5416.04750164582,12881.2348822344,"Kansas","KS","Washington County","20",19708.0946847538,14298.365404345,34006.4600890988,0.10368315806373,0.075222881967303,0.178906040031033
"20205",505.383212604277,768.286822321198,1273.67003492547,"Kansas","KS","Wilson County","20",1334.21168127529,2028.27721092796,3362.48889220325,0.00701921128617051,0.0106706503100166,0.0176898615961871
"20207",790.095013441573,570.110263331138,1360.20527677271,"Kansas","KS","Woodson County","20",2085.85083548575,1505.0910951942,3590.94193067996,0.0109735418533552,0.00791819810182137,0.0188917399551765
"20209",28372.2000310761,24984.6641066061,53356.8641376822,"Kansas","KS","Wyandotte County","20",74902.6080820408,65959.5132414401,140862.121323481,0.394058333764945,0.347009223702863,0.741067557467808
"21001",1243.42628125401,594.73916379529,1838.1654450493,"Kentucky","KY","Adair County","21",3282.64538251058,1570.11139241957,4852.75677493014,0.0172698094618612,0.00826026616382348,0.0255300756256847
"21003",596.736039590237,966.272581689772,1563.00862128001,"Kentucky","KY","Allen County","21",1575.38314451823,2550.959615661,4126.34276017922,0.00828800054986441,0.0134204525234691,0.0217084530733335
"21005",4415.06610153298,3441.45616706148,7856.52226859445,"Kentucky","KY","Anderson County","21",11655.7745080471,9085.4442810423,20741.2187890894,0.0613203625212913,0.0477980023202983,0.10911836484159
"21007",375.003795486382,1088.95021545343,1463.95401093981,"Kentucky","KY","Ballard County","21",990.010020084048,2874.82856879704,3864.83858888109,0.00520838604842197,0.0151243085479642,0.0203326945963862
"21009",1913.20847529251,2992.16153749622,4905.37001278873,"Kentucky","KY","Barren County","21",5050.87037477223,7899.30645899003,12950.1768337623,0.0265723399346182,0.041557799131892,0.0681301390665102
"21011",2178.96646865277,1387.97840226124,3566.94487091401,"Kentucky","KY","Bath County","21",5752.47147724332,3664.26298196968,9416.734459213,0.0302634231757329,0.0192774778091839,0.0495409009849169
"21013",1829.02451641957,934.546643368042,2763.57115978761,"Kentucky","KY","Bell County","21",4828.62472334766,2467.20313849163,7295.82786183929,0.0254031182836051,0.0129798144912228,0.0383829327748279
"21015",30529.5924213504,38693.5527878076,69223.145209158,"Kentucky","KY","Boone County","21",80598.123992365,102150.979359812,182749.103352177,0.4240221169632,0.537410455386217,0.961432572349417
"21017",5491.7219191669,3045.89888710531,8537.62080627221,"Kentucky","KY","Bourbon County","21",14498.1458666006,8041.17306195801,22539.3189285586,0.0762739155439848,0.0423041512097959,0.118578066753781
"21019",9242.45076611624,1064.21416607325,10306.6649321895,"Kentucky","KY","Boyd County","21",24400.0700225469,2809.52539843337,27209.5954209802,0.128367371751614,0.0147807523065729,0.143148124058187
"21021",6175.8038002984,3077.90184744791,9253.70564774632,"Kentucky","KY","Boyle County","21",16304.1220327878,8125.66087726248,24429.7829100503,0.0857750527819223,0.0427486367701099,0.128523689552032
"21023",671.951034087712,677.41408615199,1349.3651202397,"Kentucky","KY","Bracken County","21",1773.95072999156,1788.37318744125,3562.32391743281,0.00933265325121822,0.00940852897433319,0.0187411822255514
"21025",15.5009383292198,112.133225458012,127.634163787232,"Kentucky","KY","Breathitt County","21",40.9224771891404,296.031715209151,336.954192398292,0.000215290810128053,0.00155740590913905,0.00177269671926711
"21027",1445.33640818182,1087.90453672201,2533.24094490384,"Kentucky","KY","Breckinridge County","21",3815.68811760002,2872.06797694612,6687.75609454613,0.0200741167803031,0.0151097852322502,0.0351839020125533
"21029",17483.8541066484,15580.0166242968,33063.8707309452,"Kentucky","KY","Bullitt County","21",46157.3748415519,41131.2438881435,87288.6187296954,0.242831307036784,0.2163891197819,0.459220426818684
"21031",688.469835684791,710.455679321758,1398.92551500655,"Kentucky","KY","Butler County","21",1817.56036620785,1875.60299340944,3693.16335961729,0.00956208105117765,0.00986743999057997,0.0194295210417576
"21033",44.8201595177813,855.432100632458,900.252260150239,"Kentucky","KY","Caldwell County","21",118.325221126943,2258.34074566969,2376.66596679663,0.00062250221552474,0.011881001397673,0.0125035036131978
"21035",952.314653486228,27188.9996762419,28141.3143297282,"Kentucky","KY","Calloway County","21",2514.11068520364,71778.9591452787,74293.0698304824,0.0132265924095309,0.37762499550336,0.390851587912891
"21037",46303.5930700596,69168.480866524,115472.073936584,"Kentucky","KY","Campbell County","21",122241.485704957,182604.789487624,304846.275192581,0.643105459306384,0.96067334536839,1.60377880467477
"21039",179.280638071125,1580.65956805967,1759.94020613079,"Kentucky","KY","Carlisle County","21",473.300884507771,4172.94125967752,4646.24214418529,0.00249000886209896,0.0219536051119398,0.0244436139740388
"21041",923.917354219884,878.680672249274,1802.59802646916,"Kentucky","KY","Carroll County","21",2439.14181514049,2319.71697473808,4758.85878987858,0.0128321854752762,0.0122038982256844,0.0250360837009605
"21043",2300.78878669361,377.003042553849,2677.79182924746,"Kentucky","KY","Carter County","21",6074.08239687114,995.28803234216,7069.3704292133,0.0319553998151891,0.00523615336880345,0.0371915531839925
"21045",1724.58473545118,1299.86576766999,3024.45050312117,"Kentucky","KY","Casey County","21",4552.90370159111,3431.64562664877,7984.54932823988,0.0239525657701553,0.0180536912176387,0.042006256987794
"21047",3347.28694671124,3354.8350351378,6702.12198184904,"Kentucky","KY","Christian County","21",8836.83753931767,8856.76449276379,17693.6020320815,0.0464900964821005,0.0465949310435805,0.0930850275256811
"21049",11284.0806824161,4989.54151548822,16273.6221979044,"Kentucky","KY","Clark County","21",29789.9730015786,13172.3896008889,42962.3626024675,0.156723342811335,0.0692991877151142,0.226022530526449
"21051",2452.86259105157,1082.84733079992,3535.70992185149,"Kentucky","KY","Clay County","21",6475.55724037615,2858.71695331178,9334.27419368793,0.0340675359868274,0.01503954626111,0.0491070822479374
"21053",386.517007707552,177.593144683879,564.110152391431,"Kentucky","KY","Clinton County","21",1020.40490034794,468.84590196544,1489.25080231338,0.005368291773716,0.00246657145394276,0.00783486322765877
"21055",282.898822889338,1355.14096333872,1638.03978622806,"Kentucky","KY","Crittenden County","21",746.852892427854,3577.57214321421,4324.42503564207,0.00392915031790748,0.0188214022685933,0.0227505525865008
"21057",715.020309662232,299.207858875665,1014.2281685379,"Kentucky","KY","Cumberland County","21",1887.65361750829,789.908747431756,2677.56236494005,0.00993083763419767,0.00415566470660646,0.0140865023408041
"21059",2259.32668632493,2534.19954445065,4793.52623077558,"Kentucky","KY","Daviess County","21",5964.62245189782,6690.2867973497,12654.9092492475,0.0313795373100685,0.0351972158951478,0.0665767532052164
"21061",2445.71020058535,2026.81286343064,4472.52306401598,"Kentucky","KY","Edmonson County","21",6456.67492954532,5350.78595945688,11807.4608890022,0.033968197230352,0.0281501786587588,0.0621183758891109
"21063",597.732875506826,207.374606538209,805.107482045035,"Kentucky","KY","Elliott County","21",1578.01479133802,547.468961260872,2125.48375259889,0.00830184549315036,0.00288020286858624,0.0111820483617366
"21065",2377.01320013097,1102.46284986541,3479.47604999638,"Kentucky","KY","Estill County","21",6275.31484834575,2910.50192364468,9185.81677199043,0.0330140722240412,0.0153119840259085,0.0483260562499497
"21067",334987.028447992,146209.544130538,481196.57257853,"Kentucky","KY","Fayette County","21",884365.755102699,385993.19650462,1270358.95160732,4.65259761733322,2.03068811292413,6.68328573025736
"21069",1870.94325087504,1341.9536630069,3212.89691388194,"Kentucky","KY","Fleming County","21",4939.2901823101,3542.75767033822,8482.04785264832,0.02598532292882,0.0186382453195403,0.0446235682483603
"21071",829.256847956044,325.383920748492,1154.64076870454,"Kentucky","KY","Floyd County","21",2189.23807860396,859.01355077602,3048.25162937998,0.0115174562216117,0.00451922112150684,0.0160366773431186
"21073",8448.87200150726,4295.37725406728,12744.2492555745,"Kentucky","KY","Franklin County","21",22305.0220839792,11339.7959507376,33644.8180347168,0.117345444465379,0.0596580174176011,0.17700346188298
"21075",44.8201595177813,58.5747749110694,103.394934428851,"Kentucky","KY","Fulton County","21",118.325221126943,154.637405765223,272.962626892166,0.00062250221552474,0.00081353854043152,0.00143604075595626
"21077",641.288952809506,455.088598501602,1096.37755131111,"Kentucky","KY","Gallatin County","21",1693.0028354171,1201.43390004423,2894.43673546132,0.00890679101124314,0.00632067497918891,0.015227465990432
"21079",4017.38302765593,2394.31217725746,6411.6952049134,"Kentucky","KY","Garrard County","21",10605.8911930117,6320.98414795971,16926.8753409714,0.0557969864952213,0.0332543357952426,0.0890513222904639
"21081",1664.39250890699,2378.66561670127,4043.05812560826,"Kentucky","KY","Grant County","21",4393.99622351446,6279.67722809136,10673.6734516058,0.0231165626237082,0.0330370224541844,0.0561535850778926
"21083",1134.95146650142,6036.04691104887,7170.9983775503,"Kentucky","KY","Graves County","21",2996.27187156376,15935.163845169,18931.4357167328,0.0157632148125198,0.0838339848756788,0.0995971996881986
"21085",1193.44287311498,1009.43700829568,2202.87988141065,"Kentucky","KY","Grayson County","21",3150.68918502354,2664.91370190058,5815.60288692412,0.0165755954599302,0.0140199584485511,0.0305955539084813
"21087",2275.01605837987,2552.60154526103,4827.6176036409,"Kentucky","KY","Green County","21",6006.04239412286,6738.86807948911,12744.910473612,0.031597445255276,0.0354527992397365,0.0670502444950125
"21089",4554.4680737669,653.908289209231,5208.37636297614,"Kentucky","KY","Greenup County","21",12023.7957147446,1726.31788351237,13750.113598257,0.0632565010245403,0.00908205957235043,0.0723385605968908
"21091",0,9.07688029766791,9.07688029766791,"Kentucky","KY","Hancock County","21",0,23.9629639858433,23.9629639858433,0,0.000126067781912054,0.000126067781912054
"21093",8877.11138605119,9012.75102829898,17889.8624143502,"Kentucky","KY","Hardin County","21",23435.5740591751,23793.6627147093,47229.2367738844,0.123293213695155,0.125177097615264,0.248470311310419
"21095",1182.61431087811,739.83931502177,1922.45362589988,"Kentucky","KY","Harlan County","21",3122.10178071822,1953.17579165747,5075.2775723757,0.016425198762196,0.010275546041969,0.0267007448041651
"21097",1756.35054555977,1141.57263452961,2897.92318008938,"Kentucky","KY","Harrison County","21",4636.76544027779,3013.75175515818,7650.51719543597,0.024393757577219,0.015855175479578,0.040248933056797
"21099",2558.64289070823,1538.76054818884,4097.40343889707,"Kentucky","KY","Hart County","21",6754.81723146972,4062.32784721854,10817.1450786883,0.035536706815392,0.0213716742804006,0.0569083810957926
"21101",878.646124099755,1516.64575210388,2395.29187620363,"Kentucky","KY","Henderson County","21",2319.62576762335,4003.94478555424,6323.5705531776,0.0122034183902744,0.0210645243347761,0.0332679427250505
"21103",2094.20259114597,1231.63859898558,3325.84119013155,"Kentucky","KY","Henry County","21",5528.69484062536,3251.52590132194,8780.2207419473,0.0290861470992496,0.0171060916525775,0.0461922387518271
"21105",0,13.6899106092649,13.6899106092649,"Kentucky","KY","Hickman County","21",0,36.1413640084594,36.1413640084594,0,0.000190137647350902,0.000190137647350902
"21107",1700.97563304271,2052.42365119924,3753.39928424195,"Kentucky","KY","Hopkins County","21",4490.57567123275,5418.39843916599,9908.97411039874,0.0236246615700376,0.0285058840444339,0.0521305456144715
"21109",773.034015415103,332.56867878635,1105.60269420145,"Kentucky","KY","Jackson County","21",2040.80980069587,877.981311995965,2918.79111269184,0.010736583547432,0.0046190094275882,0.0153555929750202
"21111",392512.681368588,414109.354623171,806622.035991759,"Kentucky","KY","Jefferson County","21",1036233.47881307,1093248.69620517,2129482.17501824,5.45156501900817,5.75151881421071,11.2030838332189
"21113",28542.3718572572,13180.1255684308,41722.4974256881,"Kentucky","KY","Jessamine County","21",75351.8617031591,34795.5315006574,110147.393203817,0.396421831350795,0.183057299561539,0.579479130912334
"21115",790.9913793606,287.09429858248,1078.08567794308,"Kentucky","KY","Johnson County","21",2088.21724151198,757.928948257747,2846.14618976973,0.0109859913800083,0.00398742081364555,0.0149734121936539
"21117",60657.4015530043,75889.0434631138,136546.445016118,"Kentucky","KY","Kenton County","21",160135.540099931,200347.07474262,360482.614842552,0.842463910458393,1.05401449254325,1.89647840300164
"21119",530.107314232613,323.545240337101,853.652554569714,"Kentucky","KY","Knott County","21",1399.4833095741,854.159434489947,2253.64274406404,0.00736260158656406,0.00449368389357085,0.0118562854801349
"21121",817.854174932884,407.883722454546,1225.73789738743,"Kentucky","KY","Knox County","21",2159.13502182281,1076.81302728,3235.94804910282,0.0113590857629567,0.00566505170075759,0.0170241374637143
"21123",2083.90994504358,1249.28772694083,3333.19767198441,"Kentucky","KY","Larue County","21",5501.52225491505,3298.1195991238,8799.64185403885,0.0289431936811608,0.0173512184297338,0.0462944121108946
"21125",5598.56335988328,2561.0989155464,8159.66227542968,"Kentucky","KY","Laurel County","21",14780.2072700919,6761.30113704249,21541.5084071344,0.0777578244428234,0.0355708182714777,0.113328642714301
"21127",1435.28405933447,382.964743481812,1818.24880281628,"Kentucky","KY","Lawrence County","21",3789.149916643,1011.02692279198,4800.17683943499,0.0199345008240899,0.00531895477058072,0.0252534555946706
"21129",386.517007707552,159.439384088543,545.956391796095,"Kentucky","KY","Lee County","21",1020.40490034794,420.919973993754,1441.32487434169,0.005368291773716,0.00221443589011865,0.00758272766383466
"21131",624.595671079108,323.551000098678,948.146671177785,"Kentucky","KY","Leslie County","21",1648.93257164884,854.174640260509,2503.10721190935,0.00867493987609872,0.00449376389025941,0.0131687037663581
"21133",770.583369213865,479.295429430278,1249.87879864414,"Kentucky","KY","Letcher County","21",2034.3400947246,1265.33993369593,3299.68002842054,0.010702546794637,0.00665688096430942,0.0173594277589464
"21135",750.24603402239,694.908743173215,1445.15477719561,"Kentucky","KY","Lewis County","21",1980.64952981911,1834.55908197729,3815.2086117964,0.0104200838058665,0.00965151032185021,0.0200715941277167
"21137",2638.25168024336,1563.35284352005,4201.60452376341,"Kentucky","KY","Lincoln County","21",6964.98443584247,4127.25150689294,11092.2359427354,0.0366423844478244,0.0217132339377785,0.058355618385603
"21139",200.744587120372,683.339342941089,884.083930061461,"Kentucky","KY","Livingston County","21",529.965709997782,1804.01586536447,2333.98157536226,0.00278811926556072,0.00949082420751512,0.0122789434730758
"21141",1607.41605134305,1252.57508880368,2859.99114014674,"Kentucky","KY","Logan County","21",4243.57837554567,3306.79823444172,7550.37660998739,0.0223252229353202,0.0173968762333845,0.0397220991687047
"21143",1811.78411521571,1834.2840672957,3646.06818251141,"Kentucky","KY","Lyon County","21",4783.11006416948,4842.50993766065,9625.62000183012,0.0251636682668849,0.0254761676013292,0.050639835868214
"21145",1605.00927185315,6047.68289227882,7652.69216413197,"Kentucky","KY","McCracken County","21",4237.22447769233,15965.8828356161,20203.1073133084,0.0222917954424049,0.0839955957260947,0.1062873911685
"21147",2155.92190267651,1416.9172272143,3572.83912989081,"Kentucky","KY","McCreary County","21",5691.63382306599,3740.66147984575,9432.29530291174,0.029943359759396,0.019679405933532,0.0496227656929279
"21149",304.362771938586,116.027213234943,420.389985173529,"Kentucky","KY","McLean County","21",803.517717917866,306.31184294025,1109.82956085812,0.00422726072136924,0.00161148907270754,0.00583874979407679
"21151",27508.4979954576,12366.6762127565,39875.1742082141,"Kentucky","KY","Madison County","21",72622.434708008,32648.0252016773,105270.459909685,0.382062472159133,0.171759391843841,0.553821864002974
"21153",390.717242754681,173.129294697808,563.846537452489,"Kentucky","KY","Magoffin County","21",1031.49352087236,457.061338002213,1488.55485887457,0.0054266283715928,0.00240457353746956,0.00783120190906235
"21155",1310.46027619961,838.783932184395,2149.244208384,"Kentucky","KY","Marion County","21",3459.61512916696,2214.3895809668,5674.00471013376,0.018200837169439,0.0116497768358944,0.0298506140053333
"21157",398.52581913347,4990.77225286969,5389.29807200316,"Kentucky","KY","Marshall County","21",1052.10816251236,13175.638747576,14227.7469100883,0.00553508082129819,0.0693162812898568,0.074851362111155
"21159",272.349561221868,214.020481891969,486.370043113837,"Kentucky","KY","Martin County","21",719.002841625733,565.014072194798,1284.01691382053,0.00378263279474817,0.00297250669294401,0.00675513948769219
"21161",1994.59422255494,1273.2055360384,3267.79975859334,"Kentucky","KY","Mason County","21",5265.72874754504,3361.26261514139,8626.99136268643,0.0277026975354853,0.0176834102227556,0.0453861077582409
"21163",3552.94584802936,2955.94520945017,6508.89105747952,"Kentucky","KY","Meade County","21",9379.7770387975,7803.69535294844,17183.4723917459,0.0493464701115188,0.0410547945756968,0.0904012646872156
"21165",626.103576069021,349.665733427278,975.7693094963,"Kentucky","KY","Menifee County","21",1652.91344082222,923.117536248015,2576.03097707023,0.00869588300095863,0.00485646851982331,0.0135523515207819
"21167",3137.13667193623,1815.45823217236,4952.59490410858,"Kentucky","KY","Mercer County","21",8282.04081391164,4792.80973293503,13074.8505468467,0.0435713426657809,0.0252146976690605,0.0687860403348415
"21169",482.162538755056,527.286952026375,1009.44949078143,"Kentucky","KY","Metcalfe County","21",1272.90910231335,1392.03755334963,2664.94665566298,0.00669670192715356,0.00732342988925521,0.0140201318164088
"21171",431.337167225334,316.297170110224,747.634337335558,"Kentucky","KY","Monroe County","21",1138.73012147488,835.024529090992,1973.75465056587,0.00599079398924074,0.00439301625153089,0.0103838102407716
"21173",7135.11192740997,4177.38562740831,11312.4975548183,"Kentucky","KY","Montgomery County","21",18836.6954883623,11028.2980563579,29864.9935447202,0.0990987767695829,0.0580192448251154,0.157118021594698
"21175",210.107424563168,886.078461422281,1096.18588598545,"Kentucky","KY","Morgan County","21",554.683600846764,2339.24713815482,2893.93073900159,0.00291815867448844,0.0123066452975317,0.0152248039720201
"21177",1172.12568120744,861.809135078995,2033.93481628643,"Kentucky","KY","Muhlenberg County","21",3094.41179838764,2275.17611660855,5369.58791499619,0.0162795233501033,0.0119695713205416,0.0282490946706449
"21179",5958.3008136496,5719.22186311661,11677.5226767662,"Kentucky","KY","Nelson County","21",15729.9141480349,15098.7457186278,30828.6598666628,0.0827541779673555,0.0794336369877306,0.162187814955086
"21181",1204.37118264044,539.94328532456,1744.314467965,"Kentucky","KY","Nicholas County","21",3179.53992217075,1425.45027325684,4604.99019542759,0.0167273775366727,0.00749921229617444,0.0242265898328472
"21183",735.44109789289,424.393098651083,1159.83419654397,"Kentucky","KY","Ohio County","21",1941.56449843723,1120.39778043886,3061.96227887609,0.0102144596929568,0.00589434859237615,0.016108808285333
"21185",23146.0126780364,23495.8671500411,46641.8798280775,"Kentucky","KY","Oldham County","21",61105.4734700162,62029.0892761084,123134.562746125,0.321472398306061,0.326331488195015,0.647803886501076
"21187",853.766875649657,1144.8768086361,1998.64368428575,"Kentucky","KY","Owen County","21",2253.9445517151,3022.4747747993,5276.41932651439,0.0118578732729119,0.0159010667866125,0.0277589400595244
"21189",41.8582759550419,28.0463443703466,69.9046203253885,"Kentucky","KY","Owsley County","21",110.505848521311,74.042349137715,184.548197659026,0.000581364943820027,0.000389532560699258,0.000970897504519285
"21191",1165.79471123183,1835.46070517327,3001.2554164051,"Kentucky","KY","Pendleton County","21",3077.69803765202,4845.61626165745,7923.31429930947,0.0161915932115531,0.0254925097940733,0.0416841030056264
"21193",966.292519268879,421.36525112829,1387.65777039717,"Kentucky","KY","Perry County","21",2551.01225086984,1112.40426297869,3663.41651384853,0.01342072943429,0.00585229515455958,0.0192730245888496
"21195",1916.03403339556,792.792272066638,2708.82630546219,"Kentucky","KY","Pike County","21",5058.32984816427,2092.97159825593,7151.30144642019,0.0266115837971605,0.0110110037787033,0.0376225875758638
"21197",1599.43278435221,825.236657077724,2424.66944142993,"Kentucky","KY","Powell County","21",4222.50255068983,2178.62477468519,6401.12732537502,0.022214344227114,0.0114616202371906,0.0336759644643046
"21199",2069.21601741373,1415.19881736319,3484.41483477691,"Kentucky","KY","Pulaski County","21",5462.73028597223,3736.12487783881,9198.85516381105,0.0287391113529684,0.0196555391300443,0.0483946504830127
"21201",0,215.564130154962,215.564130154962,"Kentucky","KY","Robertson County","21",0,569.0893036091,569.0893036091,0,0.00299394625215225,0.00299394625215225
"21203",579.775511561327,252.848986742079,832.624498303405,"Kentucky","KY","Rockcastle County","21",1530.6073505219,667.521324999088,2198.12867552099,0.00805243766057398,0.00351179148252887,0.0115642291431029
"21205",4918.29008206869,3251.18917444825,8169.47925651694,"Kentucky","KY","Rowan County","21",12984.2858166614,8583.13942054337,21567.4252372047,0.0683095844731763,0.0451554052006701,0.113464989673846
"21207",267.698927123063,190.306934314631,458.005861437694,"Kentucky","KY","Russell County","21",706.725167604886,502.410306590625,1209.13547419551,0.00371804065448699,0.00264315186548098,0.00636119251996797
"21209",19518.2780536837,10662.8762810962,30181.15433478,"Kentucky","KY","Scott County","21",51528.2540617251,28149.993382094,79678.2474438191,0.271087195190052,0.148095503904114,0.419182699094166
"21211",7514.04229170858,7166.22088668459,14680.2631783932,"Kentucky","KY","Shelby County","21",19837.0716501107,18918.8231408473,38755.894790958,0.104361698495952,0.0995308456483971,0.20389254414435
"21213",9540.76560776021,12616.2396205352,22157.0052282954,"Kentucky","KY","Simpson County","21",25187.621204487,33306.872598213,58494.4938026999,0.132510633441114,0.175225550285211,0.307736183726325
"21215",2837.74381085563,2973.33020209251,5811.07401294814,"Kentucky","KY","Spencer County","21",7491.64366065886,7849.59173352422,15341.2353941831,0.039413108484106,0.0412962528068404,0.0807093612909463
"21217",609.822888032809,450.110175976179,1059.93306400899,"Kentucky","KY","Taylor County","21",1609.93242440662,1188.29086457711,2798.22328898373,0.00846976233378901,0.00625153022189138,0.0147212925556804
"21219",543.094008972788,411.250113435915,954.344122408703,"Kentucky","KY","Todd County","21",1433.76818368816,1085.70029947082,2519.46848315897,0.00754297234684428,0.00571180713105437,0.0132547794778986
"21221",331.307009683055,181.408105913171,512.715115596225,"Kentucky","KY","Trigg County","21",874.650505563265,478.91739961077,1353.56790517404,0.00460148624559798,0.00251955702657181,0.0071210432721698
"21223",238.078663371557,127.654914493938,365.733577865495,"Kentucky","KY","Trimble County","21",628.527671300912,337.008974263995,965.536645564907,0.00330664810238274,0.00177298492352691,0.00507963302590965
"21225",134.460478553344,569.027031348191,703.487509901535,"Kentucky","KY","Union County","21",354.975663380828,1502.23136275922,1857.20702614005,0.00186750664657422,0.00790315321316932,0.00977065985974354
"21227",6642.31592455376,28076.2071992171,34718.5231237708,"Kentucky","KY","Warren County","21",17535.7140408219,74121.187005933,91656.901046755,0.0922543878410244,0.389947322211348,0.482201710052372
"21229",432.331319766196,257.521218663672,689.852538429868,"Kentucky","KY","Washington County","21",1141.35468418276,679.856017272093,1821.21070145485,0.00600460166341939,0.003576683592551,0.00958128525597038
"21231",1072.62612003484,512.056672528697,1584.68279256354,"Kentucky","KY","Wayne County","21",2831.73295689198,1351.82961547576,4183.56257236774,0.0148975850004839,0.00711189822956524,0.0220094832300491
"21233",44.8201595177813,271.699387571928,316.519547089709,"Kentucky","KY","Webster County","21",118.325221126943,717.28638318989,835.611604316833,0.00062250221552474,0.00377360260516567,0.00439610482069041
"21235",670.173427043999,403.875974297768,1074.04940134177,"Kentucky","KY","Whitley County","21",1769.25784739616,1066.23257214611,2835.49041954227,0.00930796426449999,0.00560938853191344,0.0149173527964134
"21237",123.200513604088,54.5841885762892,177.784702180377,"Kentucky","KY","Wolfe County","21",325.249355914792,144.102257841403,469.351613756195,0.00171111824450122,0.000758113730226238,0.00246923197472746
"21239",18364.4121615669,8069.86119180589,26434.2733533728,"Kentucky","KY","Woodford County","21",48482.0481065367,21304.4335463676,69786.4816529042,0.255061280021763,0.112081405441749,0.367142685463511
"22001",4877.5443236256,12220.8051765745,17098.3495002001,"Louisiana","LA","Acadia Parish","22",12876.7170143716,32262.9256661567,45139.6426805283,0.0677436711614667,0.169733405230202,0.237477076391668
"22003",148.912046274899,557.923603279325,706.835649554223,"Louisiana","LA","Allen Parish","22",393.127802165733,1472.91831265742,1866.04611482315,0.00206822286492915,0.00774893893443506,0.00981716179936421
"22005",55827.4373620834,80791.063061453,136618.500423536,"Louisiana","LA","Ascension Parish","22",147384.4346359,213288.406482236,360672.841118136,0.77538107447338,1.12209809807574,1.89747917254912
"22007",1734.23811817493,4130.60368090693,5864.84179908187,"Louisiana","LA","Assumption Parish","22",4578.38863198183,10904.7937175943,15483.1823495761,0.0240866405302074,0.0573694955681519,0.0814561360983593
"22009",635.716167729307,909.012578586106,1544.72874631541,"Louisiana","LA","Avoyelles Parish","22",1678.29068280537,2399.79320746732,4078.08389027269,0.0088293912184626,0.0126251747025848,0.0214545659210474
"22011",740.772156044327,1452.48266252317,2193.25481856749,"Louisiana","LA","Beauregard Parish","22",1955.63849195702,3834.55422906116,5790.19272101818,0.0102885021672823,0.0201733703128218,0.0304618724801041
"22013",2900.68826553503,1001.74111447937,3902.42938001439,"Louisiana","LA","Bienville Parish","22",7657.81702101247,2644.59654222553,10302.413563238,0.0402873370213198,0.0139130710344357,0.0542004080557555
"22015",2867.79049664252,3157.77701312352,6025.56750976604,"Louisiana","LA","Bossier Parish","22",7570.96691113625,8336.53131464609,15907.4982257823,0.0398304235644794,0.04385801407116,0.0836884376356394
"22017",9716.44764352472,13420.4234539484,23136.8710974731,"Louisiana","LA","Caddo Parish","22",25651.4217789053,35429.9179184238,61081.339697329,0.134950661715621,0.186394770193728,0.321345431909349
"22019",4645.79254544851,9285.09050816626,13930.8830536148,"Louisiana","LA","Calcasieu Parish","22",12264.8923199841,24512.6389415589,36777.531261543,0.0645248964645627,0.128959590391198,0.193484486855761
"22021",605.76747204411,492.739962917485,1098.5074349616,"Louisiana","LA","Caldwell Parish","22",1599.22612619645,1300.83350210216,2900.05962829861,0.00841343711172375,0.00684361059607618,0.0152570477077999
"22023",64.4114393313516,186.336284216405,250.747723547756,"Louisiana","LA","Cameron Parish","22",170.046199834768,491.927790331309,661.973990166077,0.00089460332404655,0.00258800394745007,0.00348260727149662
"22025",414.86482520371,444.990346192487,859.855171396196,"Louisiana","LA","Catahoula Parish","22",1095.24313853779,1174.77451394817,2270.01765248596,0.00576201146116263,0.00618042147489565,0.0119424329360583
"22027",1837.93707977847,400.654485343475,2238.59156512194,"Louisiana","LA","Claiborne Parish","22",4852.15389061515,1057.72784130677,5909.88173192192,0.025526903885812,0.00556464562977048,0.0310915495155825
"22029",317.120156710999,224.057845259979,541.178001970978,"Louisiana","LA","Concordia Parish","22",837.197213717037,591.512711486345,1428.70992520338,0.00440444662098609,0.00311191451749971,0.0075163611384858
"22031",962.235893657084,1101.30956517863,2063.54545883571,"Louisiana","LA","De Soto Parish","22",2540.3027592547,2907.45725207158,5447.76001132628,0.013364387411904,0.0152959661830365,0.0286603535949405
"22033",967233.110103692,1285674.24845091,2252907.3585546,"Louisiana","LA","East Baton Rouge Parish","22",2553495.41067375,3394180.01591039,5947675.42658414,13.4337931958846,17.8565867840403,31.290379979925
"22035",590.091518139888,638.25689507829,1228.34841321818,"Louisiana","LA","East Carroll Parish","22",1557.8416078893,1684.99820300669,3242.83981089599,0.00819571552972066,0.00886467909830959,0.0170603946280303
"22037",5832.09378305086,8342.45298996656,14174.5467730174,"Louisiana","LA","East Feliciana Parish","22",15396.7275872543,22024.0758935117,37420.803480766,0.081001302542373,0.115867402638424,0.196868705180797
"22039",1589.97444053468,3391.92402154707,4981.89846208175,"Louisiana","LA","Evangeline Parish","22",4197.53252301155,8954.67941688427,13152.2119398958,0.0220829783407594,0.0471100558548204,0.0691930341955799
"22041",456.252493608738,500.729908719828,956.982402328566,"Louisiana","LA","Franklin Parish","22",1204.50658312707,1321.92695902035,2526.43354214741,0.00633684018901025,0.00695458206555317,0.0132914222545634
"22043",589.637218412481,506.572938940838,1096.21015735332,"Louisiana","LA","Grant Parish","22",1556.64225660895,1337.35255880381,2893.99481541276,0.00818940581128446,0.00703573526306719,0.0152251410743516
"22045",6212.88941045778,12864.0895469429,19076.9789574006,"Louisiana","LA","Iberia Parish","22",16402.0280436085,33961.1964039291,50363.2244475377,0.0862901307008025,0.178667910374206,0.264958041075009
"22047",24081.4806661273,32669.7817204741,56751.2623866015,"Louisiana","LA","Iberville Parish","22",63575.1089585762,86248.2237420517,149823.332700628,0.334465009251769,0.453746968339918,0.788211977591687
"22049",4886.53759332478,110.515189253164,4997.05278257795,"Louisiana","LA","Jackson Parish","22",12900.4592463774,291.760099628353,13192.2193460058,0.0678685776850664,0.00153493318407172,0.0694035108691381
"22051",118419.581988403,401181.429431184,519601.011419586,"Louisiana","LA","Jefferson Parish","22",312627.696449383,1059118.97369832,1371746.67014771,1.64471641650559,5.57196429765533,7.21668071416092
"22053",1014.09140365955,2557.93868160993,3572.03008526948,"Louisiana","LA","Jefferson Davis Parish","22",2677.20130566121,6752.95811945022,9430.15942511143,0.0140846028286048,0.0355269261334713,0.0496115289620761
"22055",44552.8542753889,118613.259109812,163166.113385201,"Louisiana","LA","Lafayette Parish","22",117619.535287027,313139.004049905,430758.539336931,0.618789642713734,1.64740637652517,2.26619601923891
"22057",6623.62427992415,17881.1478887947,24504.7721687189,"Louisiana","LA","Lafourche Parish","22",17486.3680989998,47206.230426418,64692.5985254178,0.0919947816656132,0.24834927623326,0.340344057898873
"22059",426.396573444804,473.785353251976,900.181926696779,"Louisiana","LA","La Salle Parish","22",1125.68695389428,1250.79333258522,2376.4802864795,0.00592217463117783,0.00658035212849966,0.0125025267596775
"22061",51649.371162791,1360.02150198217,53009.3926647732,"Louisiana","LA","Lincoln Parish","22",136354.339869768,3590.45676523292,139944.796635001,0.717352377260987,0.0188891875275301,0.736241564788517
"22063",64684.0784731189,96029.3252057,160713.403678819,"Louisiana","LA","Livingston Parish","22",170765.967169034,253517.418543048,424283.385712082,0.898389978793318,1.33374062785694,2.23213060665026
"22065",234.504046845607,237.890821283331,472.394868128938,"Louisiana","LA","Madison Parish","22",619.090683672402,628.031768187994,1247.1224518604,0.00325700065063343,0.00330403918449071,0.00656103983512414
"22067",1153.19595244545,618.51967757273,1771.71563001818,"Louisiana","LA","Morehouse Parish","22",3044.43731445599,1632.89194879201,4677.329263248,0.0160166104506313,0.00859055107739902,0.0246071615280303
"22069",2921.63223672497,2420.8457800645,5342.47801678947,"Louisiana","LA","Natchitoches Parish","22",7713.10910495392,6391.03285937028,14104.1419643242,0.040578225510069,0.0336228580564514,0.0742010835665204
"22071",238586.994001462,824960.761411111,1063547.75541257,"Louisiana","LA","Orleans Parish","22",629869.66416386,2177896.41012533,2807766.07428919,3.3137082500203,11.4577883529321,14.7714966029524
"22073",11079.6606048108,5263.72836476421,16343.388969575,"Louisiana","LA","Ouachita Parish","22",29250.3039967005,13896.2428829775,43146.5468796781,0.153884175066817,0.073107338399503,0.22699151346632
"22075",2115.79139661249,6947.47546996345,9063.26686657594,"Louisiana","LA","Plaquemines Parish","22",5585.68928705697,18341.3352407035,23927.0245277605,0.0293859916196179,0.0964927148606034,0.125878706480221
"22077",7311.56389221101,10125.387365889,17436.9512581,"Louisiana","LA","Pointe Coupee Parish","22",19302.5286754371,26731.0226459469,46033.5513213839,0.101549498502931,0.140630380081791,0.242179878584722
"22079",8347.91447289868,10121.192109777,18469.1065826757,"Louisiana","LA","Rapides Parish","22",22038.4942084525,26719.9471698112,48758.4413782637,0.115943256568037,0.140572112635791,0.256515369203829
"22081",308.515075394224,346.270170247488,654.785245641712,"Louisiana","LA","Red River Parish","22",814.479799040751,914.153249453369,1728.63304849412,0.00428493160269756,0.004809307920104,0.00909423952280156
"22083",852.196466158062,677.990997764001,1530.18746392206,"Louisiana","LA","Richland Parish","22",2249.79867065728,1789.89623409696,4039.69490475425,0.0118360620299731,0.00941654163561112,0.0212526036655842
"22085",1119.60688851089,1426.56231016279,2546.16919867369,"Louisiana","LA","Sabine Parish","22",2955.76218566876,3766.12449882978,6721.88668449854,0.0155500956737624,0.0198133654189277,0.0353634610926901
"22087",6844.86251493354,25723.7902179304,32568.652732864,"Louisiana","LA","St. Bernard Parish","22",18070.4370394246,67910.8061753363,85981.2432147609,0.0950675349296325,0.357274864137923,0.452342399067555
"22089",7467.01040015704,25014.6524745271,32481.6628746841,"Louisiana","LA","St. Charles Parish","22",19712.9074564146,66038.6825327516,85751.5899891662,0.103708477779959,0.347425728812877,0.451134206592835
"22091",1679.45327792064,3649.86679316834,5329.32007108899,"Louisiana","LA","St. Helena Parish","22",4433.7566537105,9635.64833396443,14069.4049876749,0.02332573997112,0.0506925943495603,0.0740183343206804
"22093",1220.58858448529,3301.14060247633,4521.72918696161,"Louisiana","LA","St. James Parish","22",3222.35386304116,8715.0111905375,11937.3650535787,0.0169526192289624,0.0458491750343934,0.0628017942633558
"22095",6560.33043688859,19092.8813656579,25653.2118025465,"Louisiana","LA","St. John the Baptist Parish","22",17319.2723533859,50405.2068053368,67724.4791587226,0.0911157005123415,0.265178907856359,0.356294608368701
"22097",6018.99393139376,16408.8452737963,22427.83920519,"Louisiana","LA","St. Landry Parish","22",15890.1439788795,43319.3515228221,59209.4955017017,0.0835971379360245,0.227900628802726,0.31149776673875
"22099",10172.2929672423,19964.1211296643,30136.4140969066,"Louisiana","LA","St. Martin Parish","22",26854.8534335197,52705.2797823138,79560.1332158335,0.141281846767254,0.277279460134227,0.418561306901481
"22101",2905.36917734993,6031.41754334036,8936.78672069029,"Louisiana","LA","St. Mary Parish","22",7670.17462820381,15922.9423144186,23593.1169426224,0.0403523496854157,0.0837696881019495,0.124122037787365
"22103",43270.8516865965,136522.151957351,179793.003643947,"Louisiana","LA","St. Tammany Parish","22",114235.048452615,360418.481167406,474653.529620021,0.600984051202729,1.89614099940765,2.49712505061038
"22105",12364.8171243188,47926.5305464039,60291.3476707227,"Louisiana","LA","Tangipahoa Parish","22",32643.1172082016,126526.040642506,159169.157850708,0.171733571171094,0.665646257588943,0.837379828760037
"22107",65.7945181173991,169.855386659428,235.649904776827,"Louisiana","LA","Tensas Parish","22",173.697527829934,448.418220780889,622.115748610823,0.000913812751630543,0.00235910259249205,0.0032729153441226
"22109",3460.47285104495,8838.23010700602,12298.702958051,"Louisiana","LA","Terrebonne Parish","22",9135.64832675868,23332.9274824959,32468.5758092546,0.0480621229311799,0.122753195930639,0.170815318861819
"22111",3932.59529173142,787.86873778321,4720.46402951463,"Louisiana","LA","Union Parish","22",10382.0515701709,2079.97346774767,12462.0250379186,0.0546193790518253,0.0109426213581001,0.0655620004099254
"22113",6335.02648885726,14220.6808024068,20555.7072912641,"Louisiana","LA","Vermilion Parish","22",16724.4699305832,37542.597318354,54267.0672489371,0.0879864790119063,0.197509455588984,0.28549593460089
"22115",3866.33662116237,2055.9985444077,5922.33516557007,"Louisiana","LA","Vernon Parish","22",10207.1286798687,5427.83615723633,15634.964837105,0.0536991197383662,0.0285555353389959,0.0822546550773621
"22117",7544.13809071355,25404.9696504437,32949.1077411572,"Louisiana","LA","Washington Parish","22",19916.5245594838,67069.1198771713,86985.644436655,0.104779695704355,0.352846800700606,0.457626496404961
"22119",1901.11549987392,2097.40401128296,3998.51951115688,"Louisiana","LA","Webster Parish","22",5018.94491966715,5537.14658978702,10556.0915094542,0.0264043819426933,0.0291306112678189,0.0555349932105123
"22121",24587.7140828852,33992.6072361601,58580.3213190454,"Louisiana","LA","West Baton Rouge Parish","22",64911.565178817,89740.4831034627,154652.04828228,0.341496028928962,0.472119544946668,0.81361557387563
"22123",190.698362599852,107.589356380159,298.28771898001,"Louisiana","LA","West Carroll Parish","22",503.443677263609,284.035900843619,787.479578107228,0.00264858836944239,0.00149429661639109,0.00414288498583348
"22125",6509.46065059723,8982.35821781675,15491.818868414,"Louisiana","LA","West Feliciana Parish","22",17184.9761175767,23713.4256950362,40898.4018126129,0.0904091757027393,0.124754975247455,0.215164150950194
"22127",1065.09607755957,699.894656047492,1764.99073360706,"Louisiana","LA","Winn Parish","22",2811.85364475726,1847.72189196538,4659.57553672264,0.0147930010772162,0.00972075911177073,0.024513760188987
"23001",7928.78550813554,17880.6853762152,25809.4708843508,"Maine","ME","Androscoggin County","23",20931.9937414778,47205.0093932083,68137.0031346861,0.110122020946327,0.248342852447434,0.358464873393761
"23003",7269.54968202668,1631.16848463224,8900.71816665892,"Maine","ME","Aroostook County","23",19191.6111605504,4306.28479942911,23497.8959599796,0.100965967805926,0.0226551178421144,0.123621085648041
"23005",28924.2211868316,85670.0220379402,114594.243224772,"Maine","ME","Cumberland County","23",76359.9439332354,226168.858180162,302528.802113397,0.40172529426155,1.18986141719361,1.59158671145516
"23007",2645.2495114556,3088.94288224383,5734.19239369943,"Maine","ME","Franklin County","23",6983.45871024279,8154.80920912371,15138.2679193665,0.0367395765479945,0.0429019844756088,0.0796415610236032
"23009",19279.4777476389,4071.88989059171,23351.3676382306,"Maine","ME","Hancock County","23",50897.8212537668,10749.7893111621,61647.6105649289,0.267770524272763,0.0565540262582182,0.324324550530981
"23011",10925.424692334,91374.2874210203,102299.712113354,"Maine","ME","Kennebec County","23",28843.1211877617,241228.118791494,270071.239979255,0.15174200961575,1.26908732529195,1.4208293349077
"23013",6922.30609413263,4567.73511123706,11490.0412053697,"Maine","ME","Knox County","23",18274.8880885101,12058.8206936658,30333.708782176,0.0961431401962866,0.063440765433848,0.159583905630135
"23015",4444.39352979991,49385.6699258119,53830.0634556118,"Maine","ME","Lincoln County","23",11733.1989186718,130378.168604144,142111.367522815,0.0617276879138876,0.685912082302944,0.747639770216831
"23017",4837.77567382057,3949.60259816515,8787.37827198572,"Maine","ME","Oxford County","23",12771.7277788863,10426.950859156,23198.6786380423,0.0671913288030635,0.0548555916411826,0.122046920444246
"23019",399998.801810301,19886.0591035792,419884.860913881,"Maine","ME","Penobscot County","23",1055996.8367792,52499.1960334491,1108496.03281264,5.55553891403196,0.276195265327489,5.83173417935945
"23021",5877.8772275024,811.350611097306,6689.2278385997,"Maine","ME","Piscataquis County","23",15517.5958806063,2141.96561329689,17659.5614939032,0.0816371837153111,0.0112687584874626,0.0929059422027737
"23023",6358.43598029843,36583.1317233195,42941.5677036179,"Maine","ME","Sagadahoc County","23",16786.2709879879,96579.4677495635,113365.738737551,0.0883116108374783,0.508099051712771,0.596410662550249
"23025",10439.0667098577,22597.1539577664,33036.2206676241,"Maine","ME","Somerset County","23",27559.1361140243,59656.4864485034,87215.6225625277,0.144987037636912,0.313849360524534,0.458836398161446
"23027",17855.932277762,6172.35216702985,24028.2844447918,"Maine","ME","Waldo County","23",47139.6612132916,16295.0097209588,63434.6709342503,0.24799905941336,0.0857271134309701,0.33372617284433
"23029",3163.61412510525,1472.91641659567,4636.53054170093,"Maine","ME","Washington County","23",8351.94129027787,3888.49933981258,12240.4406300904,0.0439390850709063,0.0204571724527177,0.064396257523624
"23031",24141.2030439626,17172.4674069239,41313.6704508865,"Maine","ME","York County","23",63732.7760360612,45335.3139542792,109068.08999034,0.335294486721702,0.238506491762833,0.573800978484535
"24001",11680.1801251619,7559.75300881292,19239.9331339748,"Maryland","MD","Allegany County","24",30835.6755304274,19957.7479432661,50793.4234736935,0.162224723960582,0.104996569566846,0.267221293527428
"24003",446384.630885895,278350.802445336,724735.433331231,"Maryland","MD","Anne Arundel County","24",1178455.42553876,734846.118455688,1913301.54399445,6.19978654008188,3.86598336729634,10.0657699073782
"24005",1138614.11808527,833254.661126301,1971868.77921157,"Maryland","MD","Baltimore County","24",3005941.2717451,2199792.30537343,5205733.57711854,15.8140849734065,11.572981404532,27.3870663779384
"24009",51400.1513440972,27769.2283112903,79169.3796553875,"Maryland","MD","Calvert County","24",135696.399548417,73310.7627418065,209007.162290223,0.713890990890239,0.385683726545699,1.09957471743594
"24011",22210.5883435561,10125.1979743877,32335.7863179438,"Maryland","MD","Caroline County","24",58635.953226988,26730.5226523835,85366.4758793715,0.308480393660501,0.140627749644273,0.449108143304774
"24013",80447.0022755196,58661.0185739832,139108.020849503,"Maryland","MD","Carroll County","24",212380.086007372,154865.089035316,367245.175042687,1.11731947604888,0.8147363690831,1.93205584513198
"24015",222051.320112236,106139.107821576,328190.427933813,"Maryland","MD","Cecil County","24",586215.485096304,280207.244648962,866422.729745266,3.08404611266995,1.47415427529967,4.55820038796962
"24017",105380.363956974,63302.570889478,168682.934846452,"Maryland","MD","Charles County","24",278204.160846411,167118.787148222,445322.947994633,1.46361616606908,0.879202373464971,2.34281853953405
"24019",111426.706461191,39593.6985499023,151020.405011093,"Maryland","MD","Dorchester County","24",294166.505057544,104527.364171742,398693.869229286,1.54759314529432,0.549912479859754,2.09750562515407
"24021",105088.41943654,58682.0207608848,163770.440197425,"Maryland","MD","Frederick County","24",277433.427312465,154920.534808736,432353.962121201,1.45956138106305,0.8150280661234,2.27458944718645
"24023",6903.64714589936,4231.20569104363,11134.852836943,"Maryland","MD","Garrett County","24",18225.6284651743,11170.3830243552,29396.0114895295,0.0958839881374911,0.0587667457089393,0.15465073384643
"24025",181180.030321155,131178.864755171,312358.895076326,"Maryland","MD","Harford County","24",478315.28004785,346312.20295365,824627.483001501,2.51638931001605,1.82192867715515,4.33831798717119
"24027",443426.338648388,304196.492390741,747622.831039129,"Maryland","MD","Howard County","24",1170645.53403175,803078.739911557,1973724.2739433,6.15869914789428,4.22495128320474,10.383650431099
"24029",11294.817758864,5556.05752908754,16850.8752879516,"Maryland","MD","Kent County","24",29818.3188834011,14667.9918767911,44486.3107601922,0.156872468873112,0.0771674656817714,0.234039934554883
"24031",2008242.89800402,760441.596582428,2768684.49458644,"Maryland","MD","Montgomery County","24",5301761.2507306,2007565.81497761,7309327.06570821,27.892262472278,10.5616888414226,38.4539513137006
"24033",1674706.97704766,958639.588883897,2633346.56593155,"Maryland","MD","Prince George's County","24",4421226.41940581,2530808.51465349,6952034.9340593,23.2598191256619,13.3144387344986,36.5742578601605
"24035",28885.2038885238,13049.0924125989,41934.2963011227,"Maryland","MD","Queen Anne's County","24",76256.9382657028,34449.6039692612,110706.542234964,0.401183387340608,0.18123739461943,0.582420781960038
"24037",52666.2517257269,26691.0084541658,79357.2601798927,"Maryland","MD","St. Mary's County","24",139038.904555919,70464.2623189976,209503.166874917,0.731475718412874,0.370708450752302,1.10218416916518
"24039",41436.3507258785,3887.05219075038,45323.4029166289,"Maryland","MD","Somerset County","24",109391.965916319,10261.817783581,119653.7836999,0.575504871192757,0.0539868359826442,0.629491707175401
"24041",34040.7800986672,15395.4061379772,49436.1862366444,"Maryland","MD","Talbot County","24",89867.6594604813,40643.8722042598,130511.531664741,0.472788612481488,0.213825085249683,0.686613697731172
"24043",36674.9325898665,22165.9863580885,58840.9189479551,"Maryland","MD","Washington County","24",96821.8220372477,58518.2039853538,155340.026022601,0.509374063748146,0.307860921640119,0.817234985388265
"24045",70326.2968797041,18142.7493121368,88469.0461918409,"Maryland","MD","Wicomico County","24",185661.423762419,47896.8581840411,233558.28194646,0.976754123329223,0.251982629335233,1.22873675266446
"24047",33603.4839475796,12937.9800228317,46541.4639704112,"Maryland","MD","Worcester County","24",88713.19762161,34156.2672602757,122869.464881886,0.466715054827494,0.179694166983773,0.646409221811267
"24510",1015983.8674007,721794.41024809,1737778.27764879,"Maryland","MD","Baltimore city","24",2682197.40993784,1905537.24305496,4587734.6529928,14.1108870472319,10.0249223645568,24.1358094117887
"25001",79009.0317840426,138742.3479981,217751.379782143,"Massachusetts","MA","Barnstable County","25",208583.843909872,366279.798714984,574863.642624856,1.09734766366726,1.92697705552917,3.02432471919642
"25003",63639.5315207403,35753.121535396,99392.6530561363,"Massachusetts","MA","Berkshire County","25",168008.363214754,94388.2408534456,262396.6040682,0.883882382232504,0.496571132436056,1.38045351466856
"25005",442048.874397715,322045.201304887,764094.075702602,"Massachusetts","MA","Bristol County","25",1167009.02840997,850199.331444901,2017208.35985487,6.13956769996827,4.47285001812342,10.6124177180917
"25007",4281.45780980515,3899.24464047413,8180.70245027928,"Massachusetts","MA","Dukes County","25",11303.0486178856,10294.0058508517,21597.0544687373,0.0594646918028493,0.0541561755621407,0.11362086736499
"25009",821154.626916424,513005.28233113,1334159.90924755,"Massachusetts","MA","Essex County","25",2167848.21505936,1354333.94535418,3522182.16041354,11.4049253738392,7.12507336571014,18.5299987395494
"25011",330019.011470093,82764.4346930669,412783.44616316,"Massachusetts","MA","Franklin County","25",871250.190281046,218498.107589697,1089748.29787074,4.58359738152907,1.14950603740371,5.73310341893278
"25013",790750.452142402,249188.831942943,1039939.28408535,"Massachusetts","MA","Hampden County","25",2087581.19365594,657858.516329369,2745439.70998531,10.9826451686445,3.46095599920754,14.443601167852
"25015",775016.68220279,208656.105905309,983672.788108098,"Massachusetts","MA","Hampshire County","25",2046044.04101536,550852.119590015,2596896.16060538,10.7641205861499,2.89800147090706,13.6621220570569
"25017",3742752.71761545,3161946.56821795,6904699.2858334,"Massachusetts","MA","Middlesex County","25",9880867.17450479,8347538.94009539,18228406.1146002,51.9826766335479,43.9159245585826,95.8986011921306
"25019",3680.1435371426,3203.35717366149,6883.50071080409,"Massachusetts","MA","Nantucket County","25",9715.57893805647,8456.86293846633,18172.4418765228,0.0511131046825362,0.0444910718564096,0.0956041765389457
"25021",924154.75233741,908619.155071994,1832773.9074094,"Massachusetts","MA","Norfolk County","25",2439768.54617076,2398754.56939006,4838523.11556083,12.8354826713529,12.619710487111,25.4551931584639
"25023",297343.788863202,253251.547922481,550595.336785683,"Massachusetts","MA","Plymouth County","25",784987.602598852,668584.08651535,1453571.6891142,4.12977484532224,3.51738261003446,7.6471574553567
"25025",1569304.03811552,1568903.38889807,3138207.42701359,"Massachusetts","MA","Suffolk County","25",4142962.66062497,4141904.9466909,8284867.60731587,21.7958894182711,21.7903248458065,43.5862142640776
"25027",1348410.2617303,600969.950268963,1949380.21199926,"Massachusetts","MA","Worcester County","25",3559803.090968,1586560.66871006,5146363.75967806,18.7279203018097,8.34680486484671,27.0747251666564
"26001",1205.99834805681,684.004724290607,1890.00307234741,"Michigan","MI","Alcona County","26",3183.83563886997,1805.7724721272,4989.60811099717,0.0167499770563445,0.00950006561514732,0.0262500426714918
"26003",1317.32059627666,889.731257812942,2207.0518540896,"Michigan","MI","Alger County","26",3477.72637417037,2348.89052062617,5826.61689479654,0.0182961193927313,0.0123573785807353,0.0306534979734666
"26005",21569.435026482,35747.0475918077,57316.4826182897,"Michigan","MI","Allegan County","26",56943.3084699125,94372.2056423722,151315.514112285,0.299575486478917,0.49648677210844,0.796062258587357
"26007",3419.73258908222,3034.26041505476,6453.99300413698,"Michigan","MI","Alpena County","26",9028.09403517706,8010.44749574456,17038.5415309216,0.0474962859594753,0.0421425057646494,0.0896387917241247
"26009",1490.77975916184,1008.94610185435,2499.72586101619,"Michigan","MI","Antrim County","26",3935.65856418725,2663.61770889548,6599.27627308273,0.0207052744328033,0.0140131403035326,0.0347184147363359
"26011",1419.69879158854,762.157055808596,2181.85584739713,"Michigan","MI","Arenac County","26",3748.00480979374,2012.09462733469,5760.09943712843,0.019718038772063,0.0105855146640083,0.0303035534360713
"26013",8674.59999988911,6013.26126332795,14687.8612632171,"Michigan","MI","Baraga County","26",22900.9439997072,15875.0097351858,38775.953734893,0.120480555554015,0.0835175175462215,0.203998073100237
"26015",12762.1640690797,16751.5803605309,29513.7444296107,"Michigan","MI","Barry County","26",33692.1131423705,44224.1721518017,77916.2852941722,0.177252278737218,0.232660838340707,0.409913117077926
"26017",14427.6547672658,14410.1886427673,28837.8434100332,"Michigan","MI","Bay County","26",38089.0085855818,38042.8980169058,76131.9066024875,0.200384093989803,0.200141508927324,0.400525602917127
"26019",2245.10473020559,2404.62097838321,4649.72570858879,"Michigan","MI","Benzie County","26",5927.07648774275,6348.19938293167,12275.2758706744,0.0311820101417442,0.0333975135886557,0.0645795237303999
"26021",148754.345756385,200259.080505545,349013.426261929,"Michigan","MI","Berrien County","26",392711.472796856,528683.972534638,921395.445331494,2.06603257994979,2.78137611813256,4.84740869808235
"26023",9175.50667554746,7928.01810354479,17103.5247790923,"Michigan","MI","Branch County","26",24223.3376234453,20929.9677933583,45153.3054168036,0.127437592715937,0.110111362549233,0.23754895526517
"26025",24106.0198392764,25000.0686823303,49106.0885216067,"Michigan","MI","Calhoun County","26",63639.8923756896,66000.1813213521,129640.073697042,0.334805831101061,0.347223176143477,0.682029007244537
"26027",97847.3119724317,139998.692529973,237846.004502405,"Michigan","MI","Cass County","26",258316.90360722,369596.548279128,627913.451886348,1.35899044406155,1.94442628513851,3.30341672920006
"26029",2673.59065897258,1798.86021793021,4472.45087690279,"Michigan","MI","Charlevoix County","26",7058.27933968762,4748.99097533576,11807.2703150234,0.0371332035968414,0.0249841696934751,0.0621173732903166
"26031",2000.92665923912,2957.6493601213,4958.57601936042,"Michigan","MI","Cheboygan County","26",5282.44638039127,7808.19431072023,13090.6406911115,0.0277906480449877,0.041078463335018,0.0688691113800058
"26033",3722.81153168168,2553.88814974483,6276.69968142651,"Michigan","MI","Chippewa County","26",9828.22244363964,6742.26471532635,16570.487158966,0.0517057157178011,0.035470668746456,0.0871763844642571
"26035",11243.2389602152,12748.2995182196,23991.5384784348,"Michigan","MI","Clare County","26",29682.1508549682,33655.5107280996,63337.6615830678,0.156156096669656,0.177059715530827,0.333215812200483
"26037",279856.931185819,117587.335409209,397444.266595028,"Michigan","MI","Clinton County","26",738822.298330561,310430.565480312,1049252.86381087,3.88690182202526,1.63315743623901,5.52005925826427
"26039",2706.63008953354,2021.54997009633,4728.18005962987,"Michigan","MI","Crawford County","26",7145.50343636855,5336.89192105431,12482.3953574229,0.0375920845768547,0.0280770829180046,0.0656691674948593
"26041",4746.02793610991,3491.97602802091,8238.00396413081,"Michigan","MI","Delta County","26",12529.5137513302,9218.8167139752,21748.3304653053,0.0659170546681931,0.048499667055846,0.114416721724039
"26043",10499.26304696,6917.02098045173,17416.2840274117,"Michigan","MI","Dickinson County","26",27718.0544439743,18260.9353883926,45978.9898323669,0.145823097874444,0.0960697358396074,0.241892833714051
"26045",222647.514992345,94048.0416805354,316695.556672881,"Michigan","MI","Eaton County","26",587789.439579792,248286.830036613,836076.269616405,3.09232659711591,1.30622280111855,4.39854939823446
"26047",3510.36988076097,2416.57497022119,5926.94485098217,"Michigan","MI","Emmet County","26",9267.37648520897,6379.75792138395,15647.1344065929,0.0487551372327913,0.0335635412530721,0.0823186784858634
"26049",185545.783651758,127020.82640767,312566.610059428,"Michigan","MI","Genesee County","26",489840.868840641,335334.98171625,825175.850556891,2.57702477294108,1.76417814455098,4.34120291749206
"26051",1692.17529409749,1671.9669964577,3364.14229055519,"Michigan","MI","Gladwin County","26",4467.34277641738,4413.99287064833,8881.3356470657,0.0235024346402429,0.0232217638396903,0.0467241984799332
"26053",2401.71632546537,1545.89565735605,3947.61198282142,"Michigan","MI","Gogebic County","26",6340.53109922857,4081.16453541998,10421.6956346485,0.033357171187019,0.0214707730188341,0.054827944205853
"26055",10530.7074525281,8667.63969217997,19198.347144708,"Michigan","MI","Grand Traverse County","26",27801.0676746741,22882.5687873551,50683.6364620292,0.146259825729556,0.120383884613611,0.266643710343167
"26057",7995.64880785086,7545.68061120499,15541.3294190558,"Michigan","MI","Gratiot County","26",21108.5128527263,19920.5968135812,41029.1096663074,0.111050677886817,0.104801119600069,0.215851797486887
"26059",38643.0981699976,27979.8808364107,66622.9790064083,"Michigan","MI","Hillsdale County","26",102017.779168794,73866.8854081243,175884.664576918,0.536709696805522,0.38860945606126,0.925319152866782
"26061",283038.181720607,193197.402292123,476235.58401273,"Michigan","MI","Houghton County","26",747220.799742403,510041.142051204,1257261.94179361,3.93108585723065,2.68329725405726,6.61438311128791
"26063",5396.55301358539,4036.103887255,9432.6569008404,"Michigan","MI","Huron County","26",14246.8999558654,10655.3142623532,24902.2142182186,0.074952125188686,0.0560569984340973,0.131009123622783
"26065",1679040.54821897,702176.014239936,2381216.5624589,"Michigan","MI","Ingham County","26",4432667.04729807,1853744.67759343,6286411.7248915,23.3200076141523,9.75244464222133,33.0724522563736
"26067",18367.2547193641,11926.9271930715,30294.1819124356,"Michigan","MI","Ionia County","26",48489.5524591212,31487.0877897088,79976.64024883,0.255100759991168,0.165651766570438,0.420752526561606
"26069",2264.07025742701,2248.94231002388,4513.01256745088,"Michigan","MI","Iosco County","26",5977.1454796073,5937.20769846304,11914.3531780703,0.0314454202420418,0.0312353098614427,0.0626807301034845
"26071",2398.00416236862,1444.684592609,3842.68875497762,"Michigan","MI","Iron County","26",6330.73098865316,3813.96732448775,10144.6983131409,0.0333056133662309,0.020065063786236,0.0533706771524669
"26073",11071.486761164,79207.2708961863,90278.7576573503,"Michigan","MI","Isabella County","26",29228.725049473,209107.195165932,238335.920215405,0.153770649460611,1.10010098466925,1.25387163412987
"26075",124746.766834356,89389.1146710117,214135.881505367,"Michigan","MI","Jackson County","26",329331.464442699,235987.262731471,565318.72717417,1.7325939838105,1.24151548154183,2.97410946535233
"26077",125152.37339727,297142.016276007,422294.389673277,"Michigan","MI","Kalamazoo County","26",330402.265768793,784454.922968659,1114857.18873745,1.73822740829542,4.12697244827787,5.86519985657329
"26079",1720.25205976236,1923.65815566382,3643.91021542618,"Michigan","MI","Kalkaska County","26",4541.46543777263,5078.45753095248,9619.92296872511,0.0238923897189217,0.0267174743842197,0.0506098641031414
"26081",141195.94277165,169776.06540238,310972.00817403,"Michigan","MI","Kent County","26",372757.288917156,448208.812662282,820966.101579438,1.96105476071736,2.35800090836638,4.31905566908374
"26083",5674.44562207862,3875.46761393902,9549.91323601764,"Michigan","MI","Keweenaw County","26",14980.5364422875,10231.234500799,25211.7709430866,0.0788117447510919,0.0538259390824865,0.132637683833578
"26085",1461.71946372377,1263.30756907437,2725.02703279814,"Michigan","MI","Lake County","26",3858.93938423075,3335.13198235633,7194.07136658708,0.0203016592183857,0.0175459384593662,0.0378475976777519
"26087",11138.4192521128,11681.9047011603,22820.323953273,"Michigan","MI","Lapeer County","26",29405.4268255777,30840.2284110631,60245.6552366408,0.154700267390455,0.162248676405004,0.316948943795459
"26089",2500.2899485618,2191.95270445158,4692.24265301338,"Michigan","MI","Leelanau County","26",6600.76546420314,5786.75513975218,12387.5206039553,0.0347262492855805,0.0304437875618275,0.065170036847408
"26091",69442.2472636824,51681.6159595808,121123.863223263,"Michigan","MI","Lenawee County","26",183327.532776121,136439.466133293,319766.998909415,0.964475656440033,0.717800221660845,1.68227587810088
"26093",370461.008187318,253834.90770825,624295.915895568,"Michigan","MI","Livingston County","26",978017.061614519,670124.156349781,1648141.2179643,5.14529178037941,3.52548482928125,8.67077660966067
"26095",342.243384139983,221.609931701153,563.853315841136,"Michigan","MI","Luce County","26",903.522534129555,585.050219691043,1488.5727538206,0.00475338033527754,0.00307791571807157,0.0078312960533491
"26097",1230.44259870416,789.914603870937,2020.3572025751,"Michigan","MI","Mackinac County","26",3248.36846057899,2085.37455421927,5333.74301479827,0.0170894805375578,0.0109710361648741,0.028060516702432
"26099",223919.333206449,245519.867191155,469439.200397604,"Michigan","MI","Macomb County","26",591147.039665026,648172.449384648,1239319.48904967,3.10999073897846,3.4099981554327,6.51998889441116
"26101",2878.27165922176,2186.02364900695,5064.29530822871,"Michigan","MI","Manistee County","26",7598.63718034544,5771.10243337836,13369.7396137238,0.0399759952669689,0.030361439569541,0.0703374348365099
"26103",14306.7514126018,9536.05046900795,23842.8018816098,"Michigan","MI","Marquette County","26",37769.8237292689,25175.173238181,62944.9969674499,0.198704880730581,0.132445145402888,0.331150026133469
"26105",10954.5292926538,7637.6245432692,18592.153835923,"Michigan","MI","Mason County","26",28919.9573326059,20163.3287942307,49083.2861268366,0.152146240175747,0.106078118656517,0.258224358832263
"26107",40831.0285475271,24640.2991450786,65471.3276926056,"Michigan","MI","Mecosta County","26",107793.915365472,65050.3897430074,172844.305108479,0.567097618715654,0.34222637701498,0.909323995730634
"26109",5924.30459737593,3851.80819529387,9776.1127926698,"Michigan","MI","Menominee County","26",15640.1641370724,10168.7736355758,25808.9377726483,0.0822820082968879,0.0534973360457482,0.135779344342636
"26111",10245.9324161361,14441.6785942688,24687.6110104048,"Michigan","MI","Midland County","26",27049.2615785992,38126.0314888696,65175.2930674687,0.142304616890779,0.200578869364844,0.342883486255623
"26113",1554.89653471164,790.274183177134,2345.17071788877,"Michigan","MI","Missaukee County","26",4104.92685163872,2086.32384358763,6191.25069522635,0.0215957852043283,0.0109760303219046,0.0325718155262329
"26115",114538.31740028,102435.071102308,216973.388502589,"Michigan","MI","Monroe County","26",302381.15793674,270428.587710094,572809.745646835,1.59080996389278,1.4227093208654,3.01351928475818
"26117",18315.6718742251,14037.1030594844,32352.7749337095,"Michigan","MI","Montcalm County","26",48353.3737479543,37057.9520770387,85411.325824993,0.25438433158646,0.194959764715061,0.44934409630152
"26119",1610.75519282577,1373.8973404406,2984.65253326637,"Michigan","MI","Montmorency County","26",4252.39370906002,3627.08897876319,7879.48268782322,0.0223715999003579,0.0190819075061195,0.0414535074064774
"26121",18779.5984831025,19187.7095857086,37967.3080688111,"Michigan","MI","Muskegon County","26",49578.1399953906,50655.5533062707,100233.693301661,0.260827756709757,0.266495966468175,0.527323723177931
"26123",13036.0932600518,8319.11767820981,21355.2109382616,"Michigan","MI","Newaygo County","26",34415.2862065368,21962.4706704739,56377.7568770107,0.181056850834053,0.115543301086247,0.2966001519203
"26125",748820.198723103,766589.471156041,1515409.66987914,"Michigan","MI","Oakland County","26",1976885.32462899,2023796.20385195,4000681.52848094,10.4002805378209,10.6470759882784,21.0473565260992
"26127",3583.80908500707,3148.7147070021,6732.52379200917,"Michigan","MI","Oceana County","26",9461.25598441867,8312.60682648554,17773.8628109042,0.0497751261806538,0.0437321487083625,0.0935072748890162
"26129",3569.52531287418,3300.50840921575,6870.03372208993,"Michigan","MI","Ogemaw County","26",9423.54682598784,8713.34220032957,18136.8890263174,0.0495767404565858,0.045840394572441,0.0954171350290268
"26131",3495.31180816615,2403.67751310443,5898.98932127058,"Michigan","MI","Ontonagon County","26",9227.62317355864,6345.7086345957,15573.3318081543,0.048545997335641,0.0333844099042282,0.0819304072398692
"26133",9442.80657617509,5755.65359020209,15198.4601663772,"Michigan","MI","Osceola County","26",24929.0093611022,15194.9254781335,40123.9348392357,0.131150091335765,0.0799396331972512,0.211089724533016
"26135",409.910391688273,403.337809921342,813.248201609616,"Michigan","MI","Oscoda County","26",1082.16343405704,1064.81181819234,2146.97525224939,0.00569319988455935,0.00560191402668531,0.0112951139112447
"26137",2166.77141057594,1916.62155298802,4083.39296356396,"Michigan","MI","Otsego County","26",5720.27652392048,5059.88089988837,10780.1574238088,0.0300940473691102,0.0266197437915003,0.0567137911606105
"26139",31076.414173579,76307.8465715041,107384.260745083,"Michigan","MI","Ottawa County","26",82041.7334182486,201452.714948771,283494.448367019,0.431616863521931,1.059831202382,1.49144806590393
"26141",1010.66835443501,871.703655175121,1882.37200961013,"Michigan","MI","Presque Isle County","26",2668.16445570843,2301.29764966232,4969.46210537075,0.0140370604782641,0.0121069952107656,0.0261440556890296
"26143",2808.81023545338,7735.74947588986,10544.5597113432,"Michigan","MI","Roscommon County","26",7415.25902159693,20422.3786163492,27837.6376379462,0.0390112532701859,0.107440964942915,0.146452218213101
"26145",22532.2572051829,24195.3866529506,46727.6438581335,"Michigan","MI","Saginaw County","26",59485.1590216829,63875.8207637896,123360.979785473,0.312948016738652,0.336047036846536,0.648995053585188
"26147",23134.7073508149,26744.0668871654,49878.7742379803,"Michigan","MI","St. Clair County","26",61075.6274061514,70604.3365821166,131679.963988268,0.321315379872429,0.371445373432852,0.692760753305282
"26149",13027.9606514071,16723.949001283,29751.9096526901,"Michigan","MI","St. Joseph County","26",34393.8161197148,44151.2253633872,78545.041483102,0.18094389793621,0.232277069462264,0.413220967398474
"26151",6242.09341123618,5161.10371642064,11403.1971276568,"Michigan","MI","Sanilac County","26",16479.1266056635,13625.3138113505,30104.440417014,0.0866957418227248,0.0716819960613977,0.158377737884123
"26153",1249.27188013703,672.909943669749,1922.18182380678,"Michigan","MI","Schoolcraft County","26",3298.07776356176,1776.48225128814,5074.56001484989,0.0173509983352365,0.00934597143985762,0.0266969697750941
"26155",113369.055422611,53347.1071975226,166716.162620133,"Michigan","MI","Shiawassee County","26",299294.306315692,140836.36300146,440130.669317152,1.57457021420293,0.740932044410036,2.31550225861296
"26157",8705.83427090717,6546.9560377033,15252.7903086105,"Michigan","MI","Tuscola County","26",22983.4024751949,17283.9639395367,40267.3664147316,0.120914364873711,0.0909299449681013,0.211844309841812
"26159",15626.7643628209,28272.3885233574,43899.1528861783,"Michigan","MI","Van Buren County","26",41254.6579178471,74639.1057016635,115893.763619511,0.217038393928068,0.392672062824408,0.609710456752476
"26161",2676569.92745523,1894694.98057797,4571264.90803319,"Michigan","MI","Washtenaw County","26",7066144.6084818,5001994.74872584,12068139.3572076,37.174582325767,26.3152080635829,63.4897903893499
"26163",1167499.60551122,1109119.37989613,2276618.98540735,"Michigan","MI","Wayne County","26",3082198.95854961,2928075.16292579,6010274.12147541,16.2152722987669,15.4044358318907,31.6197081306577
"26165",2849.77554655501,2453.55058112298,5303.32612767799,"Michigan","MI","Wexford County","26",7523.40744290523,6477.37353416466,14000.7809770699,0.0395802159243752,0.0340770914044858,0.0736573073288609
"27001",7367.56410030883,9406.62771702702,16774.1918173359,"Minnesota","MN","Aitkin County","27",19450.3692248153,24833.4971729513,44283.8663977667,0.102327279170956,0.130647607180931,0.232974886351887
"27003",383918.468968065,498835.894608887,882754.363576952,"Minnesota","MN","Anoka County","27",1013544.75807569,1316926.76176746,2330471.51984315,5.3322009578898,6.92827631401232,12.2604772719021
"27005",4878.3118433792,6821.79414320406,11700.1059865833,"Minnesota","MN","Becker County","27",12878.7432665211,18009.5365380587,30888.2798045798,0.0677543311580445,0.0947471408778342,0.162501472035879
"27007",2876.25395008195,3886.4495668911,6762.70351697306,"Minnesota","MN","Beltrami County","27",7593.31042821636,10260.2268565925,17853.5372848089,0.039947971528916,0.0539784662068209,0.0939264377357369
"27009",10099.3979832311,12964.3863740588,23063.7843572898,"Minnesota","MN","Benton County","27",26662.41067573,34225.9800275151,60888.3907032451,0.140269416433765,0.180060921861927,0.320330338295692
"27011",269.937067334104,382.129826737356,652.06689407146,"Minnesota","MN","Big Stone County","27",712.633857762033,1008.82274258662,1721.45660034865,0.00374912593519588,0.0053073587046855,0.00905648463988139
"27013",14270.3324554917,41531.0628914752,55801.3953469669,"Minnesota","MN","Blue Earth County","27",37673.6776824981,109642.006033494,147315.683715993,0.198199061881829,0.576820317937155,0.775019379818984
"27015",1064.80050276242,920.432378939272,1985.23288170169,"Minnesota","MN","Brown County","27",2811.07332729278,2429.94148039968,5241.01480769246,0.0147888958717002,0.0127837830408232,0.0275726789125234
"27017",10508.0364444289,13640.2561023694,24148.2925467984,"Minnesota","MN","Carlton County","27",27741.2162132924,36010.2761102553,63751.4923235477,0.145944950617068,0.189448001421798,0.335392952038866
"27019",37555.5999881766,49076.0405378643,86631.6405260409,"Minnesota","MN","Carver County","27",99146.7839687861,129560.747019962,228707.530988748,0.521605555391341,0.681611674137005,1.20321722952835
"27021",1468.36624494676,1973.29743542932,3441.66368037608,"Minnesota","MN","Cass County","27",3876.48688665945,5209.5052295334,9085.99211619285,0.0203939756242606,0.0274069088254072,0.0478008844496678
"27023",833.29885051355,500.555031027054,1333.8538815406,"Minnesota","MN","Chippewa County","27",2199.90896535577,1321.46528191142,3521.37424726719,0.0115735951460215,0.00695215320870908,0.0185257483547306
"27025",29465.5476143394,36544.721143582,66010.2687579214,"Minnesota","MN","Chisago County","27",77789.045701856,96478.0638190565,174267.109520913,0.409243716865825,0.507565571438639,0.916809288304464
"27027",53824.3915369222,75937.1945957807,129761.586132703,"Minnesota","MN","Clay County","27",142096.393657475,200474.193732861,342570.587390336,0.747560993568363,1.05468325827473,1.8022442518431
"27029",1689.56739578545,2241.52395896917,3931.09135475462,"Minnesota","MN","Clearwater County","27",4460.4579248736,5917.6232516786,10378.0811765522,0.0234662138303535,0.0311322772079051,0.0545984910382586
"27031",19.3365383009654,25.6677633868179,45.0043016877833,"Minnesota","MN","Cook County","27",51.0484611145486,67.7628953411993,118.811356455748,0.000268563031957852,0.000356496713705804,0.000625059745663657
"27033",388.86279207071,170.787435868013,559.650227938723,"Minnesota","MN","Cottonwood County","27",1026.59777106667,450.878830691554,1477.47660175823,0.00540087211209319,0.00237204772038907,0.00777291983248226
"27035",29076.2805589448,37614.1841841323,66690.4647430771,"Minnesota","MN","Crow Wing County","27",76761.3806756142,99301.4462461093,176062.826921723,0.403837229985344,0.522419224779615,0.926256454764959
"27037",335845.29146821,416073.320959373,751918.612427583,"Minnesota","MN","Dakota County","27",886631.569476073,1098433.56733275,1985065.13680882,4.66451793705847,5.77879612443574,10.4433140614942
"27039",1716.46738910227,2079.71563340728,3796.18302250955,"Minnesota","MN","Dodge County","27",4531.47390722998,5490.44927219523,10021.9231794252,0.0238398248486426,0.0288849393528789,0.0527247642015215
"27041",1003.12301333071,1147.73934890744,2150.86236223815,"Minnesota","MN","Douglas County","27",2648.24475519308,3030.03188111564,5678.27663630872,0.0139322640740377,0.0159408242903811,0.0298730883644188
"27043",417.99140739377,875.455350615217,1293.44675800899,"Minnesota","MN","Faribault County","27",1103.49731551955,2311.20212562417,3414.69944114373,0.00580543621380237,0.012159102091878,0.0179645383056804
"27045",2550.84462671314,4598.22776733736,7149.0723940505,"Minnesota","MN","Fillmore County","27",6734.2298145227,12139.3213057706,18873.5511202933,0.0354283975932381,0.0638642745463522,0.0992926721395904
"27047",5102.54857220716,12698.2947470178,17800.843319225,"Minnesota","MN","Freeborn County","27",13470.7282306269,33523.498132127,46994.2263627539,0.0708687301695439,0.176365204819692,0.247233934989235
"27049",6860.3766210618,11233.9677918352,18094.344412897,"Minnesota","MN","Goodhue County","27",18111.3942796031,29657.674970445,47769.0692500482,0.0952830086258583,0.156027330442156,0.251310339068014
"27051",356.504324205973,570.971664436175,927.475988642148,"Minnesota","MN","Grant County","27",941.171415903769,1507.3651941115,2448.53661001527,0.00495144894730518,0.00793016200605799,0.0128816109533632
"27053",1609529.046016,2068489.24816759,3678018.2941836,"Minnesota","MN","Hennepin County","27",4249156.68148224,5460811.61516245,9709968.29664469,22.3545700835556,28.729017335661,51.0835874192166
"27055",5170.64506724029,2129.77473907178,7300.41980631207,"Minnesota","MN","Houston County","27",13650.5029775144,5622.6053111495,19273.1082886639,0.0718145148227818,0.0295802047093303,0.101394719532112
"27057",4751.72544012399,6428.32289154204,11180.048331666,"Minnesota","MN","Hubbard County","27",12544.5551619273,16970.772433671,29515.3275955983,0.0659961866683887,0.0892822623825284,0.155278449050917
"27059",11579.7037315425,15524.6842322547,27104.3879637971,"Minnesota","MN","Isanti County","27",30570.4178512721,40985.1663731523,71555.5842244244,0.160829218493645,0.21562061433687,0.376449832830515
"27061",3590.48215453048,4784.97457201399,8375.45672654447,"Minnesota","MN","Itasca County","27",9478.87288796048,12632.3328701169,22111.2057580774,0.0498678077018123,0.066457980166861,0.116325787868673
"27063",468.225505135778,238.281090459223,706.506595595,"Minnesota","MN","Jackson County","27",1236.11533355845,629.062078812348,1865.1774123708,0.00650313201577469,0.00330945958971143,0.00981259160548612
"27065",5123.43562140742,6589.87474165375,11713.3103630612,"Minnesota","MN","Kanabec County","27",13525.8700405156,17397.2693179659,30923.1393584815,0.0711588280751031,0.0915260380785243,0.162684866153627
"27067",6666.32382546817,8876.87888265184,15543.20270812,"Minnesota","MN","Kandiyohi County","27",17599.094899236,23434.9602502009,41034.0551494368,0.0925878309092802,0.123289984481276,0.215877815390556
"27069",116.486495737761,158.672141584146,275.158637321908,"Minnesota","MN","Kittson County","27",307.52434874769,418.894453782147,726.418802529836,0.00161786799635779,0.00220377974422426,0.00382164774058205
"27071",3780.9386749519,4827.99134060323,8608.93001555513,"Minnesota","MN","Koochiching County","27",9981.67810187301,12745.8971391925,22727.5752410655,0.0525130371521097,0.067055435286156,0.119568472438266
"27073",754.028032256213,329.854911400035,1083.88294365625,"Minnesota","MN","Lac qui Parle County","27",1990.6340051564,870.816966096092,2861.45097125249,0.0104726115591141,0.00458131821388937,0.0150539297730034
"27075",1833.83830370938,2430.68622325622,4264.5245269656,"Minnesota","MN","Lake County","27",4841.33312179276,6417.01162939642,11258.3447511892,0.025469976440408,0.0337595308785586,0.0592295073189666
"27077",168.424200273693,242.42549283327,410.849693106962,"Minnesota","MN","Lake of the Woods County","27",444.639888722548,640.003301079832,1084.64318980238,0.00233922500380129,0.00336702073379541,0.0057062457375967
"27079",7868.94346005151,26629.7615134041,34498.7049734556,"Minnesota","MN","Le Sueur County","27",20774.010734536,70302.5703953869,91076.5811299229,0.109290881389604,0.369857798797279,0.479148680186884
"27081",3410.89176437866,371.031195162569,3781.92295954123,"Minnesota","MN","Lincoln County","27",9004.75425795967,979.522355229182,9984.27661318885,0.0473734967274814,0.00515321104392457,0.052526707771406
"27083",1583.54455320098,1039.08821082142,2622.6327640224,"Minnesota","MN","Lyon County","27",4180.5576204506,2743.19287656855,6923.75049701915,0.0219936743500137,0.0144317807058531,0.0364254550558667
"27085",2800.58021082763,4080.04680134004,6880.62701216766,"Minnesota","MN","McLeod County","27",7393.53175658493,10771.3235555377,18164.8553121226,0.0388969473726059,0.0566673166852783,0.0955642640578842
"27087",408.421988232281,576.764038537502,985.186026769784,"Minnesota","MN","Mahnomen County","27",1078.23404893322,1522.65706173901,2600.89111067223,0.00567252761433724,0.0080106116463542,0.0136831392606914
"27089",1835.44122574005,2436.63837398498,4272.07959972503,"Minnesota","MN","Marshall County","27",4845.56483595372,6432.72530732036,11278.2901432741,0.0254922392463895,0.0338421996386803,0.0593344388850699
"27091",1980.35865392754,1796.33966849507,3776.69832242262,"Minnesota","MN","Martin County","27",5228.14684636872,4742.33672482699,9970.4835711957,0.0275049813045492,0.0249491620624315,0.0524541433669808
"27093",1409.40494779794,1976.82796522551,3386.23291302346,"Minnesota","MN","Meeker County","27",3720.82906218657,5218.82582819535,8939.65489038192,0.0195750687194159,0.0274559439614655,0.0470310126808813
"27095",9933.39562847099,12754.1486711997,22687.5442996707,"Minnesota","MN","Mille Lacs County","27",26224.1644591634,33670.9524919673,59895.1169511307,0.137963828173208,0.177140953766663,0.315104781939871
"27097",246.264202066844,435.218107007801,681.482309074645,"Minnesota","MN","Morrison County","27",650.137493456468,1148.97580250059,1799.11329595706,0.00342033613981728,0.0060446959306639,0.00946503207048117
"27099",5711.91787371734,7509.90144667745,13221.8193203948,"Minnesota","MN","Mower County","27",15079.4631866138,19826.1398192285,34905.6030058422,0.0793321926905186,0.104304186759409,0.183636379449928
"27101",155.747955438381,133.081972828882,288.829928267262,"Minnesota","MN","Murray County","27",411.174602357325,351.336408268248,762.511010625573,0.00216316604775529,0.00184836073373447,0.00401152678148976
"27103",6413.2700388889,50914.7088222232,57327.9788611121,"Minnesota","MN","Nicollet County","27",16931.0329026667,134414.831290669,151345.864193336,0.0890731949845681,0.707148733641989,0.796221928626557
"27105",710.52790677774,383.802015462433,1094.32992224017,"Minnesota","MN","Nobles County","27",1875.79367389324,1013.23732082082,2889.03099471406,0.00986844314969084,0.00533058354808935,0.0151990266977802
"27107",1676.46105590024,2422.40539982958,4098.86645572982,"Minnesota","MN","Norman County","27",4425.85718757663,6395.15025555009,10821.0074431267,0.0232841813319478,0.0336445194420775,0.0569287007740253
"27109",19068.1800299472,25933.0358389173,45001.2158688645,"Minnesota","MN","Olmsted County","27",50339.9952790607,68463.2146147416,118803.209893802,0.264835833749267,0.360181053318296,0.625016887067563
"27111",4765.76842197111,6229.26407966389,10995.032501635,"Minnesota","MN","Otter Tail County","27",12581.6286340037,16445.2571703127,29026.8858043164,0.0661912280829321,0.0865175566619985,0.152708784744931
"27113",680.235977393706,941.10500913477,1621.34098652848,"Minnesota","MN","Pennington County","27",1795.82298031938,2484.51722411579,4280.34020443518,0.00944772190824591,0.0130709029046496,0.0225186248128955
"27115",13082.7721370834,16576.5693931053,29659.3415301887,"Minnesota","MN","Pine County","27",34538.5184419001,43762.1431977981,78300.6616396982,0.181705168570603,0.230230130459796,0.411935299030399
"27117",2784.81272083767,3124.19002925775,5909.00275009542,"Minnesota","MN","Pipestone County","27",7351.90558301145,8247.86167724047,15599.7672602519,0.0386779544560788,0.0433915281841354,0.0820694826402142
"27119",17518.0330127,22780.0757729917,40298.1087856917,"Minnesota","MN","Polk County","27",46247.6071535281,60139.400040698,106387.007194226,0.243306014065278,0.316389941291551,0.559695955356829
"27121",709.472220671196,1006.8061677935,1716.2783884647,"Minnesota","MN","Pope County","27",1873.00666257196,2657.96828297484,4530.9749455468,0.0098537808426555,0.013983418997132,0.0238371998397875
"27123",845603.521767076,1152634.76493912,1998238.28670619,"Minnesota","MN","Ramsey County","27",2232393.29746508,3042955.77943926,5275349.07690434,11.7444933578761,16.0088161797099,27.753309537586
"27125",804.583452809748,889.300605325807,1693.88405813555,"Minnesota","MN","Red Lake County","27",2124.10031541774,2347.75359806013,4471.85391347786,0.0111747701779132,0.0123513972961918,0.0235261674741049
"27127",764.54090025258,473.799643852228,1238.34054410481,"Minnesota","MN","Redwood County","27",2018.38797666681,1250.83105976988,3269.21903643669,0.0106186236146192,0.00658055060905872,0.0171991742236779
"27129",171.049291955268,282.994719787111,454.044011742379,"Minnesota","MN","Renville County","27",451.570130761907,747.106060237974,1198.67619099988,0.00237568461048983,0.00393048221926544,0.00630616682975527
"27131",16794.1637883621,50711.7058507802,67505.8696391423,"Minnesota","MN","Rice County","27",44336.592401276,133878.90344606,178215.495847336,0.233252274838363,0.704329247927503,0.937581522765865
"27133",642.200736655808,606.628220746535,1248.82895740234,"Minnesota","MN","Rock County","27",1695.40994477133,1601.49850277085,3296.90844754219,0.00891945467577511,0.00842539195481298,0.0173448466305881
"27135",407.826160938576,555.874857514486,963.701018453062,"Minnesota","MN","Roseau County","27",1076.66106487784,1467.50962383824,2544.17068871608,0.005664252235258,0.00772048413214564,0.0133847363674036
"27137",94891.9105366502,126135.672491917,221027.583028567,"Minnesota","MN","St. Louis County","27",250514.643816757,332998.175378661,583512.819195417,1.31794320189792,1.75188434016551,3.06982754206343
"27139",51925.3796463447,66899.2047016953,118824.58434804,"Minnesota","MN","Scott County","27",137083.00226635,176613.900412476,313696.902678826,0.721185828421454,0.929155620856879,1.65034144927833
"27141",21393.2608584084,28056.9900465471,49450.2509049555,"Minnesota","MN","Sherburne County","27",56478.2086661981,74070.4537228845,130548.662389083,0.29712862303345,0.389680417313155,0.686809040346604
"27143",5859.33246308725,7214.42363851719,13073.7561016044,"Minnesota","MN","Sibley County","27",15468.6377025503,19046.0784056854,34514.7161082357,0.0813796175428785,0.100200328312739,0.181579945855617
"27145",15868.9766010904,20622.8477321115,36491.8243332018,"Minnesota","MN","Stearns County","27",41894.0982268785,54444.3180127743,96338.4162396528,0.220402452792922,0.28642844072377,0.506830893516692
"27147",1593.93218520802,2776.02518151342,4369.95736672144,"Minnesota","MN","Steele County","27",4207.98096894918,7328.70647919542,11536.6874481446,0.0221379470167781,0.0385559052987975,0.0606938523155756
"27149",558.305750019613,791.170936505225,1349.47668652484,"Minnesota","MN","Stevens County","27",1473.92718005178,2088.69127237379,3562.61845242557,0.00775424652805018,0.0109884852292392,0.0187427317572894
"27151",496.738942381062,679.888464300717,1176.62740668178,"Minnesota","MN","Swift County","27",1311.390807886,1794.90554575389,3106.2963536399,0.00689915197751474,0.00944289533750995,0.0163420473150247
"27153",1313.45151425521,1766.55974015624,3080.01125441144,"Minnesota","MN","Todd County","27",3467.51199763375,4663.71771401247,8131.22971164621,0.0182423821424334,0.0245355519466144,0.0427779340890478
"27155",67.7378150961474,97.5857560743286,165.323571170476,"Minnesota","MN","Traverse County","27",178.827831853829,257.626396036228,436.454227890057,0.000940802987446491,0.00135535772325456,0.00229616071070106
"27157",4010.19406082134,6044.4852797891,10054.6793406104,"Minnesota","MN","Wabasha County","27",10586.9123205683,15957.4411386432,26544.3534592116,0.0556971397336297,0.0839511844415153,0.139648324175145
"27159",2652.7994711004,3541.8392600917,6194.6387311921,"Minnesota","MN","Wadena County","27",7003.39060370505,9350.45564664209,16353.8462503471,0.0368444370986166,0.049192211945718,0.0860366490443347
"27161",6167.12447287884,10074.8988256444,16242.0232985232,"Minnesota","MN","Waseca County","27",16281.2086084001,26597.7328997011,42878.9415081012,0.0856545065677617,0.139929150356172,0.225583656923933
"27163",268783.719200712,346027.974332583,614811.693533295,"Minnesota","MN","Washington County","27",709589.018689881,913513.852238019,1623102.8709279,3.73310721112101,4.80594408795254,8.53905129907355
"27165",1514.96755146329,1860.94978312622,3375.91733458951,"Minnesota","MN","Watonwan County","27",3999.51433586308,4912.90742745322,8912.4217633163,0.0210412159925457,0.0258465247656419,0.0468877407581876
"27167",355.490131155487,505.383346198503,860.87347735399,"Minnesota","MN","Wilkin County","27",938.493946250485,1334.21203396405,2272.70598021453,0.0049373629327151,0.00701921314164587,0.011956576074361
"27169",7100.34020106569,12300.8565789477,19401.1967800134,"Minnesota","MN","Winona County","27",18744.8981308134,32474.261368422,51219.1594992354,0.0986158361259123,0.170845230263163,0.269461066389075
"27171",29554.45495189,38262.6183085422,67817.0732604323,"Minnesota","MN","Wright County","27",78023.7610729897,101013.312334552,179037.073407541,0.410478540998473,0.531425254285309,0.941903795283782
"27173",792.477504134037,739.956500667989,1532.43400480203,"Minnesota","MN","Yellow Medicine County","27",2092.14061091386,1953.48516176349,4045.62577267735,0.0110066320018616,0.0102771736203887,0.0212838056222504
"28001",3246.96032444667,7992.90499323591,11239.8653176826,"Mississippi","MS","Adams County","28",8571.9752565392,21101.2691821428,29673.244438682,0.0450966711728704,0.111012569350499,0.156109240523369
"28003",2612.80458987425,6249.3112134238,8862.11580329805,"Mississippi","MS","Alcorn County","28",6897.80411726801,16498.1816034388,23395.9857207068,0.0362889526371423,0.0867959890753306,0.123084941712473
"28005",807.698016573893,2745.37590678981,3553.0739233637,"Mississippi","MS","Amite County","28",2132.32276375508,7247.7923939251,9380.11515768017,0.0112180280079707,0.0381302209276362,0.049348248935607
"28007",2040.07398235242,5200.14880058063,7240.22278293305,"Mississippi","MS","Attala County","28",5385.79531341039,13728.3928335329,19114.1881469433,0.0283343608660058,0.0722242888969532,0.100558649762959
"28009",1692.96271170625,3186.98635756282,4879.94906926908,"Mississippi","MS","Benton County","28",4469.42155890451,8413.64398396585,12883.0655428704,0.0235133709959202,0.0442636994105948,0.067777070406515
"28011",2995.85279577184,10470.9590565496,13466.8118523215,"Mississippi","MS","Bolivar County","28",7909.05138083767,27643.331909291,35552.3832901287,0.0416090666079423,0.145429986896523,0.187039053504465
"28013",5256.31387898094,9381.74051583666,14638.0543948176,"Mississippi","MS","Calhoun County","28",13876.6686405097,24767.7949618088,38644.4636023185,0.0730043594302909,0.130301951608842,0.203306311039133
"28015",930.259581801032,2122.5635330333,3052.82311483433,"Mississippi","MS","Carroll County","28",2455.88529595473,5603.56772720791,8059.45302316263,0.0129202719694588,0.0294800490699069,0.0424003210393657
"28017",2553.39105794188,8505.6664302768,11059.0574882187,"Mississippi","MS","Chickasaw County","28",6740.95239296658,22454.9593759308,29195.9117688973,0.0354637646936373,0.118134255976067,0.153598020669704
"28019",2764.12944843367,18996.1821863475,21760.3116347812,"Mississippi","MS","Choctaw County","28",7297.30174386488,50149.9209719575,57447.2227158224,0.0383906867838009,0.263835863699271,0.302226550483072
"28021",150.827881375591,1082.95610096852,1233.78398234411,"Mississippi","MS","Claiborne County","28",398.185606831559,2859.00410655689,3257.18971338845,0.00209483168577209,0.0150410569578961,0.0171358886436682
"28023",742.185916402461,2833.32687551418,3575.51279191664,"Mississippi","MS","Clarke County","28",1959.3708193025,7479.98295135743,9439.35377065993,0.010308137727812,0.0393517621599191,0.0496598998877311
"28025",7197.84817425009,46836.2776261797,54034.1258004298,"Mississippi","MS","Clay County","28",19002.3191800202,123647.772933114,142650.092113135,0.0999701135312513,0.650503855919162,0.750473969450413
"28027",2215.73164478664,4179.7646840753,6395.49632886193,"Mississippi","MS","Coahoma County","28",5849.53154223672,11034.5787659588,16884.1103081955,0.0307740506220366,0.0580522872788236,0.0888263379008602
"28029",643.891468380322,2462.51374456912,3106.40521294944,"Mississippi","MS","Copiah County","28",1699.87347652405,6501.03628566247,8200.90976218652,0.00894293706083781,0.0342015797856822,0.04314451684652
"28031",2598.03025145004,9493.21103408586,12091.2412855359,"Mississippi","MS","Covington County","28",6858.7998638281,25062.0771299867,31920.8769938148,0.0360837534923616,0.131850153251192,0.167933906743554
"28033",19815.5002539169,39631.3428835173,59446.8431374342,"Mississippi","MS","DeSoto County","28",52312.9206703406,104626.745212486,156939.665882826,0.275215281304401,0.550435317826629,0.825650599131031
"28035",42932.5284675885,141581.198801612,184513.7272692,"Mississippi","MS","Forrest County","28",113341.875154434,373774.364836255,487116.239990689,0.596285117605396,1.96640553891127,2.56269065651667
"28037",362.946720880024,1131.31758293599,1494.26430381601,"Mississippi","MS","Franklin County","28",958.179343123264,2986.678418951,3944.85776207427,0.00504092667888922,0.0157127442074443,0.0207536708863335
"28039",1064.89624711536,3486.65927744332,4551.55552455868,"Mississippi","MS","George County","28",2811.32609238455,9204.78049245036,12016.1065848349,0.01479022565438,0.0484258232978239,0.0632160489522039
"28041",623.285261608881,2390.67769410177,3013.96295571065,"Mississippi","MS","Greene County","28",1645.47309064745,6311.38911242867,7956.86220307612,0.0086567397445678,0.0332038568625246,0.0418605966070924
"28043",4012.23737305149,9598.60948654308,13610.8468595946,"Mississippi","MS","Grenada County","28",10592.3066648559,25340.3290444737,35932.6357093297,0.0557255190701596,0.133314020646432,0.189039539716591
"28045",3190.05146315245,10720.6066806626,13910.658143815,"Mississippi","MS","Hancock County","28",8421.73586272247,28302.4016369492,36724.1374996717,0.0443062703215618,0.148897315009202,0.193203585330764
"28047",9279.87615673611,28401.0891761344,37680.9653328705,"Mississippi","MS","Harrison County","28",24498.8730537833,74978.8754249949,99477.7484787782,0.128887168843557,0.394459571890756,0.523346740734313
"28049",19946.9601122865,85965.0640458824,105912.024158169,"Mississippi","MS","Hinds County","28",52659.9746964364,226947.76908113,279607.743777566,0.277041112670646,1.19395922285948,1.47100033553012
"28051",502.281755071856,1669.51616962537,2171.79792469722,"Mississippi","MS","Holmes County","28",1326.0238333897,4407.52268781097,5733.54652120067,0.00697613548710911,0.0231877245781301,0.0301638600652392
"28053",745.651840235264,2084.34282076347,2829.99466099874,"Mississippi","MS","Humphreys County","28",1968.5208582211,5502.66504681557,7471.18590503666,0.0103562755588231,0.0289492058439371,0.0393054814027602
"28057",1399.37604365975,2940.03561889183,4339.41166255158,"Mississippi","MS","Itawamba County","28",3694.35275526173,7761.69403387444,11456.0467891362,0.0194357783841632,0.0408338280401644,0.0602696064243275
"28059",7521.96464810065,17261.35964543,24783.3242935307,"Mississippi","MS","Jackson County","28",19857.9866709857,45569.9894639353,65427.976134921,0.10447173122362,0.239741106186528,0.344212837410148
"28061",317.09869479009,1306.10162915854,1623.20032394863,"Mississippi","MS","Jasper County","28",837.140554245838,3448.10830097854,4285.24885522438,0.00440414853875125,0.0181403004049797,0.0225444489437309
"28063",197.07563202052,771.534299236813,968.609931257333,"Mississippi","MS","Jefferson County","28",520.279668534172,2036.85054998519,2557.13021851936,0.00273716155584055,0.0107157541560669,0.0134529157119074
"28065",1774.00308398516,5892.46416317223,7666.46724715739,"Mississippi","MS","Jefferson Davis County","28",4683.36814172082,15556.1053907747,20239.4735324955,0.0246389317220161,0.0818397800440588,0.106478711766075
"28067",4031.34795210136,14327.589930436,18358.9378825373,"Mississippi","MS","Jones County","28",10642.7585935476,37824.837416351,48467.5960098985,0.0559909437791856,0.198994304589388,0.254985248368574
"28069",441.763605303358,857.062100904828,1298.82570620819,"Mississippi","MS","Kemper County","28",1166.25591800086,2262.64394638875,3428.89986438961,0.0061356056292133,0.0119036402903448,0.0180392459195581
"28071",251085.47905952,351333.377873955,602418.856933475,"Mississippi","MS","Lafayette County","28",662865.664717134,927520.117587241,1590385.78230437,3.48729832027112,4.87963024824937,8.36692856852049
"28073",23554.0183554258,75654.6699068084,99208.6882622341,"Mississippi","MS","Lamar County","28",62182.608458324,199728.328553974,261910.937012298,0.327139143825358,1.05075930426123,1.37789844808659
"28075",3514.32863943282,14580.6999254523,18095.0285648851,"Mississippi","MS","Lauderdale County","28",9277.82760810264,38493.0478031942,47770.8754112968,0.0488101199921225,0.202509721186838,0.25131984117896
"28077",510.606542906924,1523.48687913402,2034.09342204094,"Mississippi","MS","Lawrence County","28",1348.00127327428,4022.00536091381,5370.00663418809,0.00709175754037395,0.0211595399879725,0.0282512975283464
"28079",708.609681521856,1966.39711288246,2675.00679440431,"Mississippi","MS","Leake County","28",1870.7295592177,5191.28837800968,7062.01793722738,0.009841801132248,0.0273110710122563,0.0371528721445043
"28081",14082.8520634237,29156.0125542252,43238.8646176489,"Mississippi","MS","Lee County","28",37178.7294474385,76971.8731431545,114150.602590593,0.195595167547551,0.404944618808683,0.600539786356234
"28083",2794.66772492722,6538.7362781008,9333.40400302802,"Mississippi","MS","Leflore County","28",7377.92279380785,17262.2637741861,24640.186567994,0.038814829512878,0.0908157816402889,0.129630611153167
"28085",2334.7983578463,6359.12438753899,8693.92274538528,"Mississippi","MS","Lincoln County","28",6163.86766471423,16788.0883831029,22951.9560478172,0.0324277549700875,0.0883211720491526,0.12074892701924
"28087",10603.9634491558,65510.3800623848,76114.3435115406,"Mississippi","MS","Lowndes County","28",27994.4635057713,172947.403364696,200941.866870467,0.147277270127164,0.909866389755345,1.05714365988251
"28089",7650.70713560662,26073.4132408176,33724.1203764242,"Mississippi","MS","Madison County","28",20197.8668380015,68833.8109557583,89031.6777937598,0.10625982132787,0.362130739455799,0.468390560783669
"28091",1395.40809933223,3969.81308540183,5365.22118473406,"Mississippi","MS","Marion County","28",3683.87738223709,10480.3065454608,14164.1839276979,0.019380668046281,0.0551362928528032,0.0745169608990842
"28093",8138.88212847261,13572.1901499382,21711.0722784108,"Mississippi","MS","Marshall County","28",21486.6488191677,35830.5819958368,57317.2308150045,0.11304002956212,0.188502640971364,0.301542670533483
"28095",3070.41417525801,13186.4200512703,16256.8342265283,"Mississippi","MS","Monroe County","28",8105.89342268114,34812.1489353535,42918.0423580347,0.0426446413230279,0.183144722934309,0.225789364257337
"28097",875.712900604722,3506.03638493897,4381.74928554369,"Mississippi","MS","Montgomery County","28",2311.88205759647,9255.93605623888,11567.8181138353,0.0121626791750656,0.048694949790819,0.0608576289658846
"28099",1006.83251008896,3448.78877633938,4455.62128642834,"Mississippi","MS","Neshoba County","28",2658.03782663485,9104.80236953596,11762.8401961708,0.0139837848623466,0.0478998441158247,0.0618836289781714
"28101",911.126343235959,3108.47567744941,4019.60202068537,"Mississippi","MS","Newton County","28",2405.37354614293,8206.37578846644,10611.7493346094,0.0126545325449439,0.0431732732979084,0.0558278058428523
"28103",1878.7179343976,11371.2397732274,13249.957707625,"Mississippi","MS","Noxubee County","28",4959.81534680966,30020.0730013205,34979.8883481301,0.0260933046444111,0.15793388573927,0.184027190383681
"28105",60532.4614792132,515971.290795847,576503.75227506,"Mississippi","MS","Oktibbeha County","28",159805.698305123,1362164.20770103,1521969.90600616,0.840728631655738,7.16626792772009,8.00699655937583
"28107",18500.3552842869,26830.7172026024,45331.0724868893,"Mississippi","MS","Panola County","28",48840.9379505174,70833.0934148703,119674.031365388,0.256949378948429,0.372648850036144,0.629598228984573
"28109",4957.57916155816,15383.5600379269,20341.139199485,"Mississippi","MS","Pearl River County","28",13088.0089865135,40612.5985001269,53700.6074866405,0.0688552661327523,0.213660556082318,0.28251582221507
"28111",2126.98442066465,7226.74793691294,9353.73235757759,"Mississippi","MS","Perry County","28",5615.23887055468,19078.6145534502,24693.8534240048,0.029541450287009,0.100371499123791,0.1299129494108
"28113",1391.99562306636,4664.18447125524,6056.1800943216,"Mississippi","MS","Pike County","28",3674.86844489519,12313.4470041138,15988.315449009,0.0193332725425883,0.0647803398785449,0.0841136124211333
"28115",5487.47911596366,11313.2529302524,16800.7320462161,"Mississippi","MS","Pontotoc County","28",14486.9448661441,29866.9877358664,44353.9326020105,0.0762149877217174,0.157128512920173,0.23334350064189
"28117",1564.75775760868,4083.41193486457,5648.16969247325,"Mississippi","MS","Prentiss County","28",4130.96048008691,10780.2075080425,14911.1679881294,0.0217327466334539,0.0567140546508968,0.0784468012843507
"28119",650.850096667166,1035.01295946207,1685.86305612924,"Mississippi","MS","Quitman County","28",1718.24425520132,2732.43421297987,4450.67846818119,0.00903958467593286,0.0143751799925288,0.0234147646684616
"28121",10454.5606969458,35223.2050238936,45677.7657208394,"Mississippi","MS","Rankin County","28",27600.040239937,92989.2612630791,120589.301503016,0.145202231902026,0.489211180887411,0.634413412789437
"28123",416.886719931754,2056.05829678805,2472.9450167198,"Mississippi","MS","Scott County","28",1100.58094061983,5427.99390352045,6528.57484414028,0.00579009333238547,0.0285563652331673,0.0343464585655528
"28125",87.300499233438,527.348318308723,614.648817542161,"Mississippi","MS","Sharkey County","28",230.473317976276,1392.19956033503,1622.67287831131,0.00121250693379775,0.00732428219873227,0.00853678913253002
"28127",1159.28767206082,3994.70896261705,5153.99663467787,"Mississippi","MS","Simpson County","28",3060.51945424057,10546.031661309,13606.5511155496,0.0161012176675114,0.0554820689252368,0.0715832865927482
"28129",377.044580567507,1521.72515441634,1898.76973498385,"Mississippi","MS","Smith County","28",995.39769269822,4017.35440765914,5012.75210035735,0.00523673028565983,0.0211350715891158,0.0263718018747756
"28131",1763.81374047243,4137.21989206761,5901.03363254004,"Mississippi","MS","Stone County","28",4656.46827484721,10922.2605150585,15578.7287899057,0.0244974130621171,0.0574613873898279,0.081958800451945
"28133",1710.43466072325,4599.04916766566,6309.48382838891,"Mississippi","MS","Sunflower County","28",4515.54750430938,12141.4898026373,16657.0373069467,0.0237560369544896,0.0638756828842453,0.0876317198387349
"28135",911.289571441994,2351.70026819792,3262.98983963992,"Mississippi","MS","Tallahatchie County","28",2405.80446860686,6208.48870804251,8614.29317664938,0.012656799603361,0.0326625037249711,0.0453193033283322
"28137",5509.05550664453,9164.58425866054,14673.6397653051,"Mississippi","MS","Tate County","28",14543.9065375415,24194.5024428638,38738.4089804054,0.0765146598145073,0.127285892481396,0.203800552295904
"28139",2475.62352813855,4868.3293366935,7343.95286483205,"Mississippi","MS","Tippah County","28",6535.64611428577,12852.3894488708,19388.0355631566,0.0343836601130354,0.0676156852318541,0.10199934534489
"28141",1816.67347407245,3348.20068173553,5164.87415580798,"Mississippi","MS","Tishomingo County","28",4796.01797155126,8839.24979978181,13635.2677713331,0.025231576028784,0.0465027872463268,0.0717343632751108
"28143",819.215871539151,1629.78648860988,2449.00236014903,"Mississippi","MS","Tunica County","28",2162.72990086336,4302.63632993008,6465.36623079344,0.0113779982158215,0.022635923452915,0.0340139216687365
"28145",5539.17846414709,12461.7663528271,18000.9448169742,"Mississippi","MS","Union County","28",14623.4311453483,32899.0631714635,47522.4943168118,0.0769330342242651,0.173080088233709,0.250013122457975
"28147",643.823126390513,1870.20679340797,2514.02991979848,"Mississippi","MS","Walthall County","28",1699.69305367095,4937.34593459704,6637.038988268,0.0089419878665349,0.0259750943528885,0.0349170822194234
"28149",1630.17210936438,5171.65623496328,6801.82834432767,"Mississippi","MS","Warren County","28",4303.65436872197,13653.1724603031,17956.826829025,0.0226412792967275,0.0718285588189345,0.094469838115662
"28151",2875.42920812899,12747.8228397193,15623.2520478483,"Mississippi","MS","Washington County","28",7591.13310946053,33654.2522968591,41245.3854063196,0.0399365167795693,0.177053094996102,0.216989611775671
"28153",1234.52627228789,5614.40010942513,6848.92638171302,"Mississippi","MS","Wayne County","28",3259.14935884003,14822.0162888823,18081.1656477224,0.0171461982262207,0.0779777792975712,0.095123977523792
"28155",4142.95427419665,30852.7513354554,34995.705609652,"Mississippi","MS","Webster County","28",10937.3992838792,81451.2635256021,92388.6628094813,0.0575410315860646,0.428510435214658,0.486051466800722
"28157",488.891775555247,1749.53214330453,2238.42391885977,"Mississippi","MS","Wilkinson County","28",1290.67428746585,4618.76485832395,5909.4391457898,0.00679016354937844,0.0242990575458962,0.0310892210952746
"28159",3629.18687854959,22251.7480005493,25880.9348790989,"Mississippi","MS","Winston County","28",9581.05335937091,58744.6147214502,68325.6680808212,0.0504053733131887,0.309052055563185,0.359457428876374
"28161",12823.2644657634,19124.6400009832,31947.9044667465,"Mississippi","MS","Yalobusha County","28",33853.4181896153,50489.0496025956,84342.4677922109,0.178100895357825,0.265620000013655,0.44372089537148
"28163",1163.648390112,3464.17455227974,4627.82294239174,"Mississippi","MS","Yazoo County","28",3072.03174989567,9145.42081801852,12217.4525679142,0.0161617831959999,0.0481135354483298,0.0642753186443297
"29001",6500.55006470404,6435.53584950709,12936.0859142111,"Missouri","MO","Adair County","29",17161.4521708187,16989.8146426987,34151.2668135174,0.0902854175653339,0.0893824423542652,0.179667859919599
"29003",83.9604847898179,45.4341871273113,129.394671917129,"Missouri","MO","Andrew County","29",221.655679845119,119.946254016102,341.601933861221,0.00116611784430303,0.000631030376768213,0.00179714822107124
"29007",11070.6483035644,11037.3195691564,22107.9678727208,"Missouri","MO","Audrain County","29",29226.51152141,29138.5236625728,58365.0351839828,0.153759004216172,0.153296105127172,0.307055109343344
"29009",825.816391476843,1076.48806757561,1902.30445905245,"Missouri","MO","Barry County","29",2180.15527349886,2841.92849839961,5022.08377189848,0.011469672103845,0.0149512231607724,0.0264208952646174
"29011",3574.89441392614,2331.22789371797,5906.12230764411,"Missouri","MO","Barton County","29",9437.72125276502,6154.44163941545,15592.1628921805,0.0496513113045298,0.0323781651905274,0.0820294764950572
"29013",1808.37811489108,1886.3422836204,3694.72039851148,"Missouri","MO","Bates County","29",4774.11822331244,4979.94362875786,9754.0618520703,0.0251163627068205,0.0261991983836167,0.0513155610904372
"29015",232.660600413675,363.646570993613,596.307171407288,"Missouri","MO","Benton County","29",614.223985092101,960.026947423139,1574.25093251524,0.0032313972279677,0.00505064681935574,0.00828204404732344
"29017",5117.11268981251,2061.81634223135,7178.92903204386,"Missouri","MO","Bollinger County","29",13509.177501105,5443.19514349075,18952.3726445958,0.0710710095807294,0.0286363380865465,0.0997073476672758
"29019",569196.376768523,559220.494492776,1128416.8712613,"Missouri","MO","Boone County","29",1502678.4346689,1476342.10546093,2979020.54012983,7.90550523289615,7.76695131239966,15.6724565452958
"29021",4057.0145329229,4176.38927695807,8233.40380988097,"Missouri","MO","Buchanan County","29",10710.5183669164,11025.6676911693,21736.1860580858,0.0563474240683735,0.0580054066244177,0.114352830692791
"29023",2630.29078623093,2596.6834102248,5226.97419645572,"Missouri","MO","Butler County","29",6943.96767564965,6855.24420299346,13799.2118786431,0.0365318164754295,0.0360650473642333,0.0725968638396628
"29025",84.6780691322514,95.6416233148711,180.319692447122,"Missouri","MO","Caldwell County","29",223.550102509144,252.49388555126,476.043988060403,0.00117608429350349,0.00132835587937321,0.0025044401728767
"29027",23657.9129409059,23632.590454372,47290.5033952779,"Missouri","MO","Callaway County","29",62456.8901639915,62390.0387995422,124846.928963534,0.328582124179248,0.328230422977389,0.656812547156637
"29029",11054.9288267671,10735.3759121755,21790.3047389427,"Missouri","MO","Camden County","29",29185.0121026652,28341.3924081434,57526.4045108087,0.153540678149543,0.14910244322466,0.302643121374204
"29031",35226.4902099894,6544.80088152648,41771.2910915158,"Missouri","MO","Cape Girardeau County","29",92997.9341543719,17278.2743272299,110276.208481602,0.489256808472074,0.0909000122434233,0.580156820715498
"29033",5491.04760688568,4361.53582731789,9852.58343420357,"Missouri","MO","Carroll County","29",14496.3656821782,11514.4545841192,26010.8202662974,0.0762645500956345,0.0605768864905263,0.136841436586161
"29035",491.239169170926,732.369396784007,1223.60856595493,"Missouri","MO","Carter County","29",1296.87140661124,1933.45520750978,3230.32661412102,0.00682276623848508,0.0101717971775556,0.0169945634160407
"29037",7831.32811556271,6199.59444819657,14030.9225637593,"Missouri","MO","Cass County","29",20674.7062250856,16366.9293432389,37041.6355683245,0.108768446049482,0.0861054784471746,0.194873924496657
"29039",1333.00845780272,1641.58014303473,2974.58860083745,"Missouri","MO","Cedar County","29",3519.14232859918,4333.77157761169,7852.91390621087,0.0185140063583711,0.0227997242088157,0.0413137305671868
"29041",2929.21760390078,3012.77633136217,5941.99393526295,"Missouri","MO","Chariton County","29",7733.13447429807,7953.72951479612,15686.8639890942,0.0406835778319553,0.0418441157133634,0.0825276935453188
"29043",2279.67616290284,16872.6722463437,19152.3484092466,"Missouri","MO","Christian County","29",6018.34507006349,44543.8547303475,50562.199800411,0.0316621689292061,0.234342670088107,0.266004839017314
"29045",1804.92033870402,1844.62346910103,3649.54380780505,"Missouri","MO","Clark County","29",4764.98969417862,4869.80595842672,9634.79565260534,0.0250683380375559,0.025619770404181,0.0506881084417369
"29047",19986.7088574337,16708.7790942867,36695.4879517204,"Missouri","MO","Clay County","29",52764.9113836251,44111.1768089168,96876.0881925419,0.277593178575469,0.232066376309537,0.509659554885006
"29049",1851.35266704505,1559.16596953872,3410.51863658376,"Missouri","MO","Clinton County","29",4887.57104099893,4116.19815958221,9003.76920058114,0.0257132314867368,0.02165508291026,0.0473683143969967
"29051",45248.1954803587,44330.3288567196,89578.5243370783,"Missouri","MO","Cole County","29",119455.236068147,117032.06818174,236487.304249887,0.628447159449426,0.615699011898883,1.24414617134831
"29053",7667.19550065947,6166.71296632151,13833.908466981,"Missouri","MO","Cooper County","29",20241.396121741,16280.1222310888,36521.5183528298,0.106488826398048,0.0856487911989098,0.192137617596958
"29055",28012.2415778931,25716.2723328447,53728.5139107378,"Missouri","MO","Crawford County","29",73952.3177656377,67890.95895871,141843.276724348,0.38905891080407,0.357170449067288,0.746229359871358
"29057",0,636.078619782357,636.078619782357,"Missouri","MO","Dade County","29",0,1679.24755622542,1679.24755622542,0,0.00883442527475497,0.00883442527475497
"29059",439.038488867809,912.314467062216,1351.35295593002,"Missouri","MO","Dallas County","29",1159.06161061101,2408.51019304425,3567.57180365526,0.00609775678983068,0.012671034264753,0.0187687910545837
"29061",914.566991273603,946.886514418142,1861.45350569175,"Missouri","MO","Daviess County","29",2414.45685696231,2499.7803980639,4914.23725502621,0.0127023193232445,0.0131512015891409,0.0258535209123853
"29063",1056.96835500117,1155.4286740401,2212.39702904127,"Missouri","MO","DeKalb County","29",2790.39645720309,3050.33169946587,5840.72815666896,0.0146801160416829,0.0160476204727792,0.0307277365144621
"29065",40922.4433479888,37274.8410927983,78197.2844407871,"Missouri","MO","Dent County","29",108035.25043869,98405.5804849876,206440.830923678,0.568367268722067,0.517706126288866,1.08607339501093
"29067",1064.47666272515,1707.65109915007,2772.12776187522,"Missouri","MO","Douglas County","29",2810.2183895944,4508.19890175618,7318.41729135059,0.0147843980934049,0.0237173763770843,0.0385017744704892
"29069",1750.83646494895,1771.56329494408,3522.39975989303,"Missouri","MO","Dunklin County","29",4622.20826746523,4676.92709865237,9299.1353661176,0.024317173124291,0.0246050457631122,0.0489222188874032
"29071",50392.6425083717,18859.0295897181,69251.6720980898,"Missouri","MO","Franklin County","29",133036.576222101,49787.8381168559,182824.414338957,0.699897812616273,0.261930966523863,0.961828779140136
"29073",5747.80627294259,5345.85323700249,11093.6595099451,"Missouri","MO","Gasconade County","29",15174.2085605684,14113.0525456866,29287.261106255,0.0798306426797582,0.0742479616250346,0.154078604304793
"29075",923.138622243368,914.396950351733,1837.5355725951,"Missouri","MO","Gentry County","29",2437.08596272249,2414.00794892857,4851.09391165107,0.0128213697533801,0.0126999576437741,0.0255213273971542
"29077",8735.09581684557,107600.18142687,116335.277243716,"Missouri","MO","Greene County","29",23060.6529564723,284064.478966938,307125.13192341,0.121320775233966,1.49444696426209,1.61576773949605
"29079",8.57163096976436,3.71537260794288,12.2870035777072,"Missouri","MO","Grundy County","29",22.6291057601779,9.8085836849692,32.4376894451471,0.000119050430135616,0.00005160239733254,0.000170652827468156
"29081",1807.7049051228,1795.47390936578,3603.17881448858,"Missouri","MO","Harrison County","29",4772.34094952419,4740.05112072565,9512.39207024984,0.02510701257115,0.0249371376300802,0.0500441502012302
"29083",2399.47979959205,2566.34824399478,4965.82804358683,"Missouri","MO","Henry County","29",6334.62667092302,6775.15936414621,13109.7860350692,0.0333261083276674,0.0356437256110386,0.068969833938706
"29085",1114.54583032683,1085.00443805807,2199.5502683849,"Missouri","MO","Hickory County","29",2942.40099206283,2864.41171647331,5806.81270853613,0.0154798031989837,0.0150695060841399,0.0305493092831236
"29087",17.1432619395287,0,17.1432619395287,"Missouri","MO","Holt County","29",45.2582115203558,0,45.2582115203558,0.000238100860271232,0,0.000238100860271232
"29089",5980.81936351011,5865.83334185356,11846.6527053637,"Missouri","MO","Howard County","29",15789.3631196667,15485.8000224934,31275.1631421601,0.0830669356043071,0.0814699075257439,0.164536843130051
"29091",6199.23855761064,14557.2077261368,20756.4462837474,"Missouri","MO","Howell County","29",16365.9897920921,38431.0283970011,54797.0181890932,0.08610053552237,0.202183440640789,0.288283976163159
"29093",1213.20611691748,1243.17485461905,2456.38097153653,"Missouri","MO","Iron County","29",3202.86414866214,3281.9816161943,6484.84576485644,0.0168500849571872,0.0172663174252646,0.0341164023824518
"29095",82286.4530728823,60875.1256647894,143161.578737672,"Missouri","MO","Jackson County","29",217236.236112409,160710.331755044,377946.567867453,1.14286740379003,0.845487856455408,1.98835526024544
"29097",6432.92402274297,6038.54583844672,12471.4698611897,"Missouri","MO","Jasper County","29",16982.9194200414,15941.7610134993,32924.6804335408,0.0893461669825413,0.0838686922006489,0.17321485918319
"29099",132658.395796542,58452.0447279878,191110.44052453,"Missouri","MO","Jefferson County","29",350218.16490287,154313.398081888,504531.562984758,1.84247771939641,0.811833954555386,2.6543116739518
"29101",3003.20581670996,3072.35440702941,6075.56022373937,"Missouri","MO","Johnson County","29",7928.46335611428,8111.01563455766,16039.4789906719,0.0417111918987494,0.0426715889865196,0.084382780885269
"29103",2763.71136603716,2797.4581596827,5561.16952571986,"Missouri","MO","Knox County","29",7296.1980063381,7385.28954156234,14681.4875479004,0.0383848800838495,0.0388535855511487,0.0772384656349981
"29105",9273.65684316721,8512.33523088379,17785.992074051,"Missouri","MO","Laclede County","29",24482.4540659614,22472.5650095332,46955.0190754946,0.128800789488433,0.118226878206719,0.247027667695153
"29107",1139.89170526438,718.455916485863,1858.34762175024,"Missouri","MO","Lafayette County","29",3009.31410189796,1896.72361952268,4906.03772142064,0.015831829239783,0.00997855439563699,0.02581038363542
"29109",3049.58349151707,4093.90632848076,7143.48981999784,"Missouri","MO","Lawrence County","29",8050.90041760507,10807.9127071892,18858.8131247943,0.0423553262710705,0.0568598101177884,0.0992151363888588
"29111",6.43905608917789,50.3769614153161,56.816017504494,"Missouri","MO","Lewis County","29",16.9991080754296,132.995178136434,149.994286211864,0.0000894313345719152,0.000699680019657168,0.000789111354229083
"29113",28106.0373153402,9389.91399961741,37495.9513149576,"Missouri","MO","Lincoln County","29",74199.938512498,24789.37295899,98989.311471488,0.390361629379724,0.130415472216908,0.520777101596633
"29115",4044.98775210355,4011.62717978906,8056.6149318926,"Missouri","MO","Linn County","29",10678.7676655534,10590.6957546431,21269.4634201965,0.0561803854458826,0.0557170441637369,0.11189742960962
"29117",2747.98678930569,2693.21086404867,5441.19765335436,"Missouri","MO","Livingston County","29",7254.68512376703,7110.07668108848,14364.7618048555,0.0381664831848013,0.0374057064451204,0.0755721896299217
"29119",6595.52202025715,2958.29324076639,9553.81526102354,"Missouri","MO","McDonald County","29",17412.1781334789,7809.89415562328,25222.0722891021,0.0916044725035715,0.0410874061217555,0.132691878625327
"29121",4054.89990955645,4117.60284386327,8172.50275341972,"Missouri","MO","Macon County","29",10704.935761229,10870.471507799,21575.4072690281,0.0563180542993951,0.0571889283869898,0.113506982686385
"29123",1758.27092921278,2097.45353081934,3855.72446003212,"Missouri","MO","Madison County","29",4641.83525312174,5537.27732136305,10179.1125744848,0.0244204295723997,0.0291312990391575,0.0535517286115572
"29125",23491.0363700547,20064.937863039,43555.9742330937,"Missouri","MO","Maries County","29",62016.3360169443,52971.4359584229,114987.771975367,0.326264394028537,0.278679692542208,0.604944086570745
"29127",2634.98035796923,2518.0251789434,5153.00553691263,"Missouri","MO","Marion County","29",6956.34814503876,6647.58647241058,13603.9346174493,0.0365969494162393,0.0349725719297695,0.0715695213460087
"29129",206.98127506769,153.330363422679,360.311638490369,"Missouri","MO","Mercer County","29",546.430566178702,404.792159435872,951.222725614575,0.0028747399314957,0.00212958838087054,0.00500432831236624
"29131",8762.61531687135,8323.95808803539,17086.5734049067,"Missouri","MO","Miller County","29",23133.3044365404,21975.2493524134,45108.5537889538,0.121702990512102,0.115610529000492,0.237313519512594
"29133",1409.36572028607,1158.00798491781,2567.37370520388,"Missouri","MO","Mississippi County","29",3720.72550155524,3057.14108018302,6777.86658173825,0.0195745238928621,0.0160834442349696,0.0356579681278317
"29135",4789.85760133945,4793.16488215117,9583.02248349063,"Missouri","MO","Moniteau County","29",12645.2240675362,12653.9552888791,25299.1793564153,0.0665258000186035,0.0665717344743218,0.133097534492925
"29137",2715.04079190977,2757.46771360351,5472.50850551328,"Missouri","MO","Monroe County","29",7167.7076906418,7279.71476391326,14447.4224545551,0.0377088998876357,0.0382981626889376,0.0760070625765734
"29139",5797.64958214615,5315.70628946957,11113.3558716157,"Missouri","MO","Montgomery County","29",15305.7948968658,14033.4646041997,29339.2595010655,0.080522910863141,0.0738292540204108,0.154352164883552
"29141",4056.34738609858,4164.0228097844,8220.37019588297,"Missouri","MO","Morgan County","29",10708.7570993002,10993.0202178308,21701.777317131,0.056338158140258,0.0578336501358944,0.114171808276152
"29143",320.450197640037,348.29540791779,668.745605557827,"Missouri","MO","New Madrid County","29",845.988521769697,919.499876902965,1765.48839867266,0.00445069718944496,0.00483743622108041,0.00928813341052537
"29145",5507.89915986973,4438.46628941345,9946.36544928317,"Missouri","MO","Newton County","29",14540.8537820561,11717.5510040515,26258.4047861076,0.0764985994426351,0.0616453651307423,0.138143964573377
"29147",4651.60868155424,3495.71079601685,8147.31947757109,"Missouri","MO","Nodaway County","29",12280.2469193032,9228.67650148448,21508.9234207877,0.0646056761326978,0.0485515388335673,0.113157214966265
"29149",280.033009341602,560.344184843742,840.377194185344,"Missouri","MO","Oregon County","29",739.287144661829,1479.30864798748,2218.59579264931,0.00388934735196669,0.00778255812282975,0.0116719054747964
"29151",6197.45207651051,5980.11388811286,12177.5659646234,"Missouri","MO","Osage County","29",16361.2734819877,15787.500664618,32148.7741466057,0.0860757232848682,0.0830571373349008,0.169132860619769
"29153",418.441466529117,609.382446990626,1027.82391351974,"Missouri","MO","Ozark County","29",1104.68547163687,1608.76966005525,2713.45513169212,0.00581168703512662,0.00846364509709202,0.0142753321322186
"29155",1340.20745145898,1388.04565840069,2728.25310985967,"Missouri","MO","Pemiscot County","29",3538.1476718517,3664.44053817783,7202.58821002953,0.0186139923813747,0.0192784119222319,0.0378924043036065
"29157",4556.73382209401,1439.17923431151,5995.91305640552,"Missouri","MO","Perry County","29",12029.7772903282,3799.43317858239,15829.2104689106,0.0632879697513057,0.0199886004765488,0.0832765702278544
"29159",16555.3086237235,9660.07486098817,26215.3834847116,"Missouri","MO","Pettis County","29",43706.01476663,25502.5976330088,69208.6123996387,0.229934841996159,0.134167706402613,0.364102548398773
"29161",341330.057303608,307363.911309094,648693.968612702,"Missouri","MO","Phelps County","29",901111.351281526,811440.725856008,1712552.07713753,4.74069524032789,4.2689432126263,9.0096384529542
"29163",2813.31725703852,2830.10005076919,5643.41730780771,"Missouri","MO","Pike County","29",7427.15755858169,7471.46413403067,14898.6216926124,0.0390738507922016,0.0393069451495721,0.0783807959417738
"29165",7667.9448730792,6588.8004106,14256.7452836792,"Missouri","MO","Platte County","29",20243.3744649291,17394.433083984,37637.8075489131,0.106499234348322,0.0915111168138889,0.198010351162211
"29167",1660.66096599543,4040.07652517398,5700.73749116941,"Missouri","MO","Polk County","29",4384.14495022793,10665.8020264593,15049.9469766872,0.0230647356388254,0.0561121739607498,0.0791769095995752
"29169",43625.3961616026,39543.3342803052,83168.7304419078,"Missouri","MO","Pulaski County","29",115171.045866631,104394.402500006,219565.448366637,0.605908280022259,0.54921297611535,1.15512125613761
"29171",960.292276399245,1001.98425031693,1962.27652671617,"Missouri","MO","Putnam County","29",2535.17160969401,2645.23842083668,5180.41003053069,0.0133373927277673,0.0139164479210684,0.0272538406488357
"29173",4145.00824805017,2670.55147336801,6815.55972141817,"Missouri","MO","Ralls County","29",10942.8217748524,7050.25588969154,17993.077664544,0.0575695590006967,0.0370909926856668,0.0946605516863635
"29175",5824.80367453143,6056.00477231973,11880.8084468512,"Missouri","MO","Randolph County","29",15377.481700763,15987.8525989241,31365.3342996871,0.0809000510351588,0.0841111773933297,0.165011228428488
"29177",4349.90578682116,3473.03503241962,7822.94081924077,"Missouri","MO","Ray County","29",11483.7512772079,9168.81248558779,20652.5637627956,0.0604153581502938,0.0482365976724947,0.108651955822789
"29179",911.621702271858,958.278431629787,1869.90013390164,"Missouri","MO","Reynolds County","29",2406.68129399771,2529.85505950264,4936.53635350034,0.0126614125315536,0.0133094226615248,0.0259708351930784
"29181",263.356891213027,183.55211076724,446.909001980267,"Missouri","MO","Ripley County","29",695.262192802391,484.577572425514,1179.8397652279,0.00365773460018093,0.00254933487176722,0.00620706947194815
"29183",210946.158413585,80117.8590305649,291064.01744415,"Missouri","MO","St. Charles County","29",556897.858211864,211511.147840691,768409.006052555,2.92980775574423,1.11274804209118,4.04255579783541
"29185",24.1101303906851,121.082953893799,145.193084284484,"Missouri","MO","St. Clair County","29",63.6507442314086,319.65899827963,383.309742511038,0.000334862922092848,0.00168170769296943,0.00201657061506228
"29186",4815.27002950302,2054.93565080264,6870.20568030567,"Missouri","MO","Ste. Genevieve County","29",12712.312877888,5425.03011811898,18137.342996007,0.0668787504097642,0.0285407729278145,0.0954195233375787
"29187",11981.7926807541,6223.34480064025,18205.1374813943,"Missouri","MO","St. Francois County","29",31631.9326771907,16429.6302736903,48061.562950881,0.166413787232695,0.0864353444533369,0.252849131686032
"29189",1392364.78682654,507671.099963618,1900035.88679016,"Missouri","MO","St. Louis County","29",3675843.03722206,1340251.70390395,5016094.74112602,19.3383998170353,7.05098749949469,26.38938731653
"29195",8150.44233076617,5497.77094273867,13648.2132735048,"Missouri","MO","Saline County","29",21517.1677532227,14514.1152888301,36031.2830420528,0.113200587927308,0.0763579297602594,0.189558517687567
"29197",3606.83817927583,3590.94781873155,7197.78599800738,"Missouri","MO","Schuyler County","29",9522.05279328818,9480.1022414513,19002.1550347395,0.0500949747121643,0.0498742752601604,0.0999692499723247
"29201",5937.36026195364,3778.87598173629,9716.23624368993,"Missouri","MO","Scott County","29",15674.6310915576,9976.2325917838,25650.8636833414,0.0824633369715784,0.0524843886352262,0.134947725606805
"29203",2740.09143566193,2549.70595158805,5289.79738724998,"Missouri","MO","Shannon County","29",7233.84139014749,6731.22371219245,13965.0651023399,0.0380568254953045,0.0354125826609451,0.0734694081562497
"29207",1811.87176094864,1515.93034328873,3327.80210423738,"Missouri","MO","Stoddard County","29",4783.34144890442,4002.05610628226,8785.39755518668,0.0251648855687311,0.0210545881012324,0.0462194736699636
"29209",1924.02208976392,2778.43059262006,4702.45268238398,"Missouri","MO","Stone County","29",5079.41831697676,7335.05676451695,12414.4750814937,0.0267225290244989,0.0385893137863897,0.0653118428108886
"29211",69.659781481156,167.69175599295,237.351537474106,"Missouri","MO","Sullivan County","29",183.901823110252,442.706235821388,626.60805893164,0.000967496965016055,0.00232905216656875,0.00329654913158481
"29213",3205.63891277316,3245.22667421366,6450.86558698681,"Missouri","MO","Taney County","29",8462.88672972114,8567.39841992405,17030.2851496452,0.044522762677405,0.0450725926974119,0.0895953553748169
"29215",11847.3499632103,11282.1010442823,23129.4510074925,"Missouri","MO","Texas County","29",31277.0039028751,29784.7467569053,61061.7506597803,0.164546527266809,0.156695847837254,0.321242375104063
"29217",1105.97419935706,1130.43862518538,2236.41282454245,"Missouri","MO","Vernon County","29",2919.77188630265,2984.35797048941,5904.12985679206,0.0153607527688481,0.0157005364609081,0.0310612892297562
"29219",9401.96133894236,6748.49158400893,16150.4529229513,"Missouri","MO","Warren County","29",24821.1779348078,17816.0177817836,42637.1957165914,0.1305827963742,0.0937290497779018,0.224311846152101
"29221",2335.99371431447,2492.01311680319,4828.00683111766,"Missouri","MO","Washington County","29",6167.0234057902,6578.91462836043,12745.9380341506,0.0324443571432565,0.0346112932889332,0.0670556504321898
"29223",282.534104269738,294.765743825152,577.29984809489,"Missouri","MO","Wayne County","29",745.890035272109,778.181563698402,1524.07159897051,0.00392408478152414,0.00409396866423823,0.00801805344576237
"29225",2333.41692386465,4284.70181516639,6618.11873903103,"Missouri","MO","Webster County","29",6160.22067900267,11311.6127920393,17471.8334710419,0.032408568387009,0.0595097474328665,0.0919183158198755
"29227",8.57163096976436,0,8.57163096976436,"Missouri","MO","Worth County","29",22.6291057601779,0,22.6291057601779,0.000119050430135616,0,0.000119050430135616
"29229",3557.15005381436,4828.67675698559,8385.82681079995,"Missouri","MO","Wright County","29",9390.87614206991,12747.706638442,22138.5827805119,0.0494048618585328,0.0670649549581332,0.116469816816666
"29510",878683.408131573,280741.822316654,1159425.23044823,"Missouri","MO","St. Louis city","29",2319724.19746735,741158.410915967,3060882.60838332,12.2039362240496,3.8991919766202,16.1031282006698
"30001",6621.68686436719,3862.04389547059,10483.7307598378,"Montana","MT","Beaverhead County","30",17481.2533219294,10195.7958840424,27677.0492059717,0.091967873116211,0.0536394985482027,0.145607371664414
"30003",294.726224637882,620.233903336921,914.960127974803,"Montana","MT","Big Horn County","30",778.077233044008,1637.41750480947,2415.49473785348,0.00409341978663725,0.00861435976856835,0.0127077795552056
"30005",2378.85359925433,946.29014172501,3325.14374097934,"Montana","MT","Blaine County","30",6280.17350203143,2498.20597415403,8778.37947618546,0.0330396333229768,0.0131429186350696,0.0461825519580464
"30007",2207.98655123618,956.38229895212,3164.3688501883,"Montana","MT","Broadwater County","30",5829.08449526352,2524.8492692336,8353.93376449711,0.0306664798782803,0.0132830874854461,0.0439495673637264
"30009",66.9550305572017,388.71332082274,455.668351379942,"Montana","MT","Carbon County","30",176.761280671013,1026.20316697203,1202.96444764305,0.000929930979961135,0.00539879612253806,0.00632872710249919
"30011",0,9.07688029766791,9.07688029766791,"Montana","MT","Carter County","30",0,23.9629639858433,23.9629639858433,0,0.000126067781912054,0.000126067781912054
"30013",25378.7386698411,13440.799509236,38819.5381790771,"Montana","MT","Cascade County","30",66999.8700883806,35483.710704383,102483.580792764,0.352482481525571,0.186677770961611,0.539160252487182
"30015",2207.22895478907,1238.62541895232,3445.85437374139,"Montana","MT","Chouteau County","30",5827.08444064314,3269.97110603411,9097.05554667726,0.0306559577054037,0.0172031308187822,0.0478590885241859
"30017",2274.18398534627,1188.8358239341,3463.01980928037,"Montana","MT","Custer County","30",6003.84572131415,3138.52657518602,9142.37229650017,0.0315858886853648,0.0165116086657514,0.0480974973511162
"30019",0,1.56267216373549,1.56267216373549,"Montana","MT","Daniels County","30",0,4.12545451226169,4.12545451226169,0,0.0000217037800518818,0.0000217037800518818
"30021",2207.22895478907,946.29014172501,3153.51909651408,"Montana","MT","Dawson County","30",5827.08444064314,2498.20597415403,8325.29041479717,0.0306559577054037,0.0131429186350696,0.0437988763404733
"30023",8829.67341560339,6861.18613035816,15690.8595459615,"Montana","MT","Deer Lodge County","30",23310.3378171929,18113.5313841455,41423.8692013385,0.122634352994492,0.09529425181053,0.217928604805021
"30025",34.7630501784065,42.2537721718687,77.0168223502752,"Montana","MT","Fallon County","30",91.7744524709931,111.549958533733,203.324411004727,0.000482820141366757,0.00058685794683151,0.00106967808819827
"30027",4414.45790957814,1892.58028345002,6307.03819302816,"Montana","MT","Fergus County","30",11654.1688812863,4996.41194830805,16650.5808295943,0.0613119154108075,0.0262858372701392,0.0875977526809467
"30029",844.985997034799,9383.3371070754,10228.3231041102,"Montana","MT","Flathead County","30",2230.76303217187,24772.0099626791,27002.7729948509,0.0117359166254833,0.130324126487158,0.142060043112642
"30031",949208.990491993,418624.093665125,1367833.08415712,"Montana","MT","Gallatin County","30",2505911.73489886,1105167.60727593,3611079.34217479,13.1834582012777,5.81422352312674,18.9976817244044
"30035",0,292.335277227306,292.335277227306,"Montana","MT","Glacier County","30",0,771.765131880087,771.765131880087,0,0.00406021218371258,0.00406021218371258
"30039",0,584.670554454612,584.670554454612,"Montana","MT","Granite County","30",0,1543.53026376018,1543.53026376018,0,0.00812042436742517,0.00812042436742517
"30041",4417.30562108705,2184.91556067733,6602.22118176437,"Montana","MT","Hill County","30",11661.6868396698,5768.17708018814,17429.8639198579,0.0613514669595423,0.0303460494538518,0.0916975164133941
"30043",15583.9761079335,9422.7791398404,25006.7552477739,"Montana","MT","Jefferson County","30",41141.6969249445,24876.1369291786,66017.8338541231,0.216444112610188,0.130871932497783,0.347316045107971
"30047",184.317748629225,5777.22532524984,5961.54307387907,"Montana","MT","Lake County","30",486.598856381154,15251.8748586596,15738.4737150407,0.00255996873096146,0.08023924062847,0.0827992093594315
"30049",68465.8844921738,47780.0019511605,116245.886443334,"Montana","MT","Lewis and Clark County","30",180749.935059339,126139.205151064,306889.140210403,0.950915062391303,0.663611138210563,1.61452620060187
"30051",0,9.07688029766791,9.07688029766791,"Montana","MT","Liberty County","30",0,23.9629639858433,23.9629639858433,0,0.000126067781912054,0.000126067781912054
"30053",24.65652255403,618.962460953151,643.618983507181,"Montana","MT","Lincoln County","30",65.0932195426392,1634.06089691632,1699.15411645896,0.000342451702139306,0.00859670084657155,0.00893915254871085
"30055",2207.22895478907,946.29014172501,3153.51909651408,"Montana","MT","McCone County","30",5827.08444064314,2498.20597415403,8325.29041479717,0.0306559577054037,0.0131429186350696,0.0437988763404733
"30057",6622.4444608143,2845.37557774643,9467.82003856073,"Montana","MT","Madison County","30",17483.2533765498,7511.79152525057,24995.0449018003,0.0919783952890875,0.0395191052464782,0.131497500535566
"30059",4414.45790957814,2038.74792206367,6453.20583164181,"Montana","MT","Meagher County","30",11654.1688812863,5382.2945142481,17036.4633955344,0.0613119154108075,0.0283159433619955,0.089627858772803
"30061",4414.45790957814,3065.63676496719,7480.09467454533,"Montana","MT","Mineral County","30",11654.1688812863,8093.28105951338,19747.4499407997,0.0613119154108075,0.0425782884023221,0.10389020381313
"30063",44578.6448653111,400411.310630908,444989.955496219,"Montana","MT","Missoula County","30",117687.622444421,1057085.8600656,1174773.48251002,0.619147845351544,5.56126820320706,6.1804160485586
"30065",2207.22895478907,946.29014172501,3153.51909651408,"Montana","MT","Musselshell County","30",5827.08444064314,2498.20597415403,8325.29041479717,0.0306559577054037,0.0131429186350696,0.0437988763404733
"30067",37525.638132943,17847.4492252604,55373.0873582034,"Montana","MT","Park County","30",99067.6846709695,47117.2659546875,146184.950625657,0.521189418513097,0.247881239239728,0.769070657752825
"30071",0,146.167638613653,146.167638613653,"Montana","MT","Phillips County","30",0,385.882565940044,385.882565940044,0,0.00203010609185629,0.00203010609185629
"30073",0,292.335277227306,292.335277227306,"Montana","MT","Pondera County","30",0,771.765131880087,771.765131880087,0,0.00406021218371258,0.00406021218371258
"30077",4414.45790957814,3500.4243082002,7914.88221777834,"Montana","MT","Powell County","30",11654.1688812863,9241.12017364854,20895.2890549348,0.0613119154108075,0.0486170042805584,0.109928919691366
"30081",18293.4917019637,32142.7742532789,50436.2659552426,"Montana","MT","Ravalli County","30",48294.8180931841,84856.9240286564,133151.74212184,0.254076273638384,0.44642742018443,0.700503693822814
"30083",142.198007427328,556.102122465474,698.300129892802,"Montana","MT","Richland County","30",375.402739608146,1468.10960330885,1843.512342917,0.00197497232537956,0.00772364058979825,0.0096986129151778
"30085",2207.22895478907,1238.62541895232,3445.85437374139,"Montana","MT","Roosevelt County","30",5827.08444064314,3269.97110603411,9097.05554667726,0.0306559577054037,0.0172031308187822,0.0478590885241859
"30087",2207.22895478907,1240.18809111605,3447.41704590512,"Montana","MT","Rosebud County","30",5827.08444064314,3274.09656054638,9101.18100118952,0.0306559577054037,0.017224834598834,0.0478807923042378
"30089",322.330049963599,441.815764120727,764.145814084325,"Montana","MT","Sanders County","30",850.951331903901,1166.39361727872,2017.34494918262,0.00447680624949443,0.00613633005723231,0.0106131363067267
"30091",2207.22895478907,946.29014172501,3153.51909651408,"Montana","MT","Sheridan County","30",5827.08444064314,2498.20597415403,8325.29041479717,0.0306559577054037,0.0131429186350696,0.0437988763404733
"30093",11614.8367395536,21739.4679061104,33354.304645664,"Montana","MT","Silver Bow County","30",30663.1689924214,57392.1952721315,88055.364264553,0.161317176938244,0.301937054251534,0.463254231189778
"30095",2207.22895478907,946.29014172501,3153.51909651408,"Montana","MT","Stillwater County","30",5827.08444064314,2498.20597415403,8325.29041479717,0.0306559577054037,0.0131429186350696,0.0437988763404733
"30099",75.2429768701262,167.388801642734,242.63177851286,"Montana","MT","Teton County","30",198.641458937133,441.906436336817,640.54789527395,0.00104504134541842,0.00232484446726019,0.00336988581267861
"30105",4481.41294013534,2135.12596565911,6616.53890579445,"Montana","MT","Valley County","30",11830.9301619573,5636.73254934005,17467.6627112974,0.0622418463907687,0.029654527300821,0.0918963736915896
"30107",0,147.730310777388,147.730310777388,"Montana","MT","Wheatland County","30",0,390.008020452305,390.008020452305,0,0.00205180987190817,0.00205180987190817
"30111",27138.1358423153,14202.0567396073,41340.1925819226,"Montana","MT","Yellowstone County","30",71644.6786237123,37493.4297925634,109138.108416276,0.37691855336549,0.197250788050102,0.574169341415592
"31001",6553.17825157726,2392.0793530584,8945.25760463566,"Nebraska","NE","Adams County","31",17300.390584164,6315.08949207417,23615.4800762381,0.0910163646052397,0.0332233243480333,0.124239688953273
"31003",90.7762908517564,175.967844432734,266.74413528449,"Nebraska","NE","Antelope County","31",239.649407848637,464.555109302418,704.204517151054,0.00126078181738551,0.00244399783934353,0.00370477965672903
"31009",1417.50940610791,342.697435786522,1760.20684189443,"Nebraska","NE","Blaine County","31",3742.22483212487,904.721230476419,4646.94606260129,0.0196876306403876,0.00475968660814614,0.0244473172485337
"31011",45.3881454258782,44.7912079573885,90.1793533832667,"Nebraska","NE","Boone County","31",119.824703924318,118.248789007506,238.073492931824,0.000630390908692753,0.000622100110519285,0.00125249101921204
"31013",246.488597262841,29.8608053049256,276.349402567767,"Nebraska","NE","Box Butte County","31",650.729896773901,78.8325260050037,729.562422778904,0.00342345273976168,0.000414733407012856,0.00383818614677454
"31019",14590.0304063903,4015.14060644999,18605.1710128403,"Nebraska","NE","Buffalo County","31",38517.6802728703,10599.971201028,49117.6514738983,0.202639311199865,0.0557658417562499,0.258405152956115
"31021",1417.50940610791,700.499832279811,2118.00923838772,"Nebraska","NE","Burt County","31",3742.22483212487,1849.3195572187,5591.54438934357,0.0196876306403876,0.0097291643372196,0.0294167949776072
"31023",4297.9163637496,1242.98465212187,5540.90101587146,"Nebraska","NE","Butler County","31",11346.4992002989,3281.47948160173,14627.9786819007,0.0596932828298555,0.0172636757239148,0.0769569585537703
"31025",30029.5495029157,7755.63958250605,37785.1890854217,"Nebraska","NE","Cass County","31",79278.0106876974,20474.888497816,99752.8991855133,0.417077076429384,0.107717216423695,0.524794292853079
"31027",2835.01881221582,2894.60058137363,5729.61939358945,"Nebraska","NE","Cedar County","31",7484.44966424976,7641.74553482639,15126.1951990761,0.0393752612807752,0.0402027858524115,0.0795780471331868
"31029",1462.89755153378,342.697435786522,1805.59498732031,"Nebraska","NE","Chase County","31",3862.04953604919,904.721230476419,4766.77076652561,0.0203180215490803,0.00475968660814614,0.0250777081572265
"31031",171.624644465259,0,171.624644465259,"Nebraska","NE","Cherry County","31",453.089061388283,0,453.089061388283,0.00238367561757304,0,0.00238367561757304
"31033",0,44.7912079573885,44.7912079573885,"Nebraska","NE","Cheyenne County","31",0,118.248789007506,118.248789007506,0,0.000622100110519285,0.000622100110519285
"31035",74.8639527975823,29.8608053049256,104.724758102508,"Nebraska","NE","Clay County","31",197.640835385617,78.8325260050037,276.473361390621,0.00103977712218864,0.000414733407012856,0.0014545105292015
"31037",2880.4069576417,897.090228938526,3777.49718658022,"Nebraska","NE","Colfax County","31",7604.27436817408,2368.31820439771,9972.59257257179,0.040005652189468,0.0124595865130351,0.0524652387025031
"31039",2835.01881221582,795.774397768106,3630.79320998392,"Nebraska","NE","Cuming County","31",7484.44966424976,2100.8444101078,9585.29407435756,0.0393752612807752,0.0110524221912237,0.050427683471999
"31041",4432.51574252016,1013.1619047071,5445.67764722726,"Nebraska","NE","Custer County","31",11701.8415602532,2674.74742842675,14376.58898868,0.0615627186461133,0.014071693120932,0.0756344117670453
"31043",3413.76180838256,1693.48417601675,5107.24598439931,"Nebraska","NE","Dakota County","31",9012.33117412995,4470.79822468421,13483.1293988142,0.0474133584497577,0.0235206135557882,0.0709339720055459
"31045",289.099055022636,162.90648781704,452.005542839676,"Nebraska","NE","Dawes County","31",763.221505259759,430.073127836985,1193.29463309674,0.00401526465309217,0.00226259010857,0.00627785476166216
"31047",5832.90018041487,1459.04421770081,7291.94439811568,"Nebraska","NE","Dawson County","31",15398.8564762953,3851.87673473014,19250.7332110254,0.0810125025057621,0.0202645030236224,0.101277005529384
"31049",0,14.9304026524629,14.9304026524629,"Nebraska","NE","Deuel County","31",0,39.416263002502,39.416263002502,0,0.000207366703506429,0.000207366703506429
"31051",0,2128.68698891045,2128.68698891045,"Nebraska","NE","Dixon County","31",0,5619.73365072359,5619.73365072359,0,0.0295650970682007,0.0295650970682007
"31053",6562.64579134212,2835.64305302895,9398.28884437106,"Nebraska","NE","Dodge County","31",17325.3848891432,7486.09765999642,24811.4825491396,0.091147858213085,0.0393839312920687,0.130531789505154
"31055",167034.676678351,86432.3343210544,253467.010999406,"Nebraska","NE","Douglas County","31",440971.546430847,228181.362607584,669152.909038431,2.3199260649771,1.20044908779242,3.52037515276952
"31057",1417.50940610791,327.76703313406,1745.27643924197,"Nebraska","NE","Dundy County","31",3742.22483212487,865.304967473917,4607.52979959879,0.0196876306403876,0.00455231990463971,0.0242399505450273
"31059",4372.78031654718,998.23150205464,5371.01181860182,"Nebraska","NE","Fillmore County","31",11544.1400356845,2635.33116542425,14179.4712011088,0.0607330599520441,0.0138643264174256,0.0745973863694697
"31063",0,16.8167768545498,16.8167768545498,"Nebraska","NE","Frontier County","31",0,44.3962908960114,44.3962908960114,0,0.00023356634520208,0.00023356634520208
"31065",0,14.9304026524629,14.9304026524629,"Nebraska","NE","Furnas County","31",0,39.416263002502,39.416263002502,0,0.000207366703506429,0.000207366703506429
"31067",51696.6935502444,20380.2277644034,72076.9213146478,"Nebraska","NE","Gage County","31",136479.270972645,53803.801298025,190283.07227067,0.718009632642284,0.283058718950047,1.00106835159233
"31069",45.3881454258782,0,45.3881454258782,"Nebraska","NE","Garden County","31",119.824703924318,0,119.824703924318,0.000630390908692753,0,0.000630390908692753
"31071",109.111530826193,118.115279859651,227.226810685845,"Nebraska","NE","Garfield County","31",288.05444138115,311.824338829479,599.87878021063,0.00151543792814157,0.00164048999805071,0.00315592792619229
"31073",8.36287973118396,14.9304026524629,23.2932823836468,"Nebraska","NE","Gosper County","31",22.0780024903257,39.416263002502,61.4942654928276,0.000116151107377555,0.000207366703506429,0.000323517810883984
"31077",2835.01881221582,670.464468920583,3505.4832811364,"Nebraska","NE","Greeley County","31",7484.44966424976,1770.02619795034,9254.4758622001,0.0393752612807752,0.00931200651278587,0.0486872677935611
"31079",15882.8561799917,4110.29982516447,19993.1560051562,"Nebraska","NE","Hall County","31",41930.7403151781,10851.1915384342,52781.9318536123,0.220595224722107,0.0570874975717287,0.277682722293836
"31081",2835.01881221582,700.325274225508,3535.34408644133,"Nebraska","NE","Hamilton County","31",7484.44966424976,1848.85872395534,9333.3083882051,0.0393752612807752,0.00972673991979873,0.049102001200574
"31083",1073.33418928422,897.736954682888,1971.0711439671,"Nebraska","NE","Harlan County","31",2833.60225971033,2370.02556036282,5203.62782007315,0.0149074192956141,0.0124685688150401,0.0273759881106542
"31087",0,14.9304026524629,14.9304026524629,"Nebraska","NE","Hitchcock County","31",0,39.416263002502,39.416263002502,0,0.000207366703506429,0.000207366703506429
"31089",74.8639527975823,74.6520132623142,149.515966059896,"Nebraska","NE","Holt County","31",197.640835385617,197.081315012509,394.722150398127,0.00103977712218864,0.00103683351753214,0.00207661063972078
"31093",0,44.7912079573885,44.7912079573885,"Nebraska","NE","Howard County","31",0,118.248789007506,118.248789007506,0,0.000622100110519285,0.000622100110519285
"31095",4389.19975112659,983.301099402178,5372.50085052877,"Nebraska","NE","Jefferson County","31",11587.4873429742,2595.91490242175,14183.402245396,0.060961107654536,0.0136569597139191,0.0746180673684552
"31097",2971.18324849345,655.53406626812,3626.71731476157,"Nebraska","NE","Johnson County","31",7843.92377602271,1730.60993494784,9574.53371097055,0.0412664340068535,0.00910463980927944,0.050371073816133
"31099",2835.01881221582,685.394871573046,3520.41368378886,"Nebraska","NE","Kearney County","31",7484.44966424976,1809.44246095284,9293.8921252026,0.0393752612807752,0.0095193732162923,0.0488946344970675
"31101",171.624644465259,44.7912079573885,216.415852422647,"Nebraska","NE","Keith County","31",453.089061388283,118.248789007506,571.337850395789,0.00238367561757304,0.000622100110519285,0.00300577572809232
"31103",0,14.9304026524629,14.9304026524629,"Nebraska","NE","Keya Paha County","31",0,39.416263002502,39.416263002502,0,0.000207366703506429,0.000207366703506429
"31105",74.7698149495218,119.044609355424,193.814424304946,"Nebraska","NE","Kimball County","31",197.392311466738,314.27776869832,511.670080165058,0.00103846965207669,0.00165339735215867,0.00269186700423536
"31107",392.904598978345,899.344093481725,1292.24869246007,"Nebraska","NE","Knox County","31",1037.26814130283,2374.26840679175,3411.53654809459,0.00545700831914369,0.0124908901872462,0.0179478985063899
"31109",1379888.69631184,320785.194278699,1700673.89059054,"Nebraska","NE","Lancaster County","31",3642906.15826326,846872.912895765,4489779.07115902,19.1651207821089,4.45534992053748,23.6204707026464
"31111",4614.86719625997,1451.1081057992,6065.97530205916,"Nebraska","NE","Lincoln County","31",12183.2493981263,3830.92539930988,16014.1747974362,0.0640953777258329,0.020154279247211,0.0842496569730439
"31113",45.3881454258782,0,45.3881454258782,"Nebraska","NE","Logan County","31",119.824703924318,0,119.824703924318,0.000630390908692753,0,0.000630390908692753
"31115",1417.50940610791,327.76703313406,1745.27643924197,"Nebraska","NE","Loup County","31",3742.22483212487,865.304967473917,4607.52979959879,0.0196876306403876,0.00455231990463971,0.0242399505450273
"31119",9143.92917392197,3147.16398124551,12291.0931551675,"Nebraska","NE","Madison County","31",24139.973019154,8308.51291048816,32448.4859296422,0.126999016304472,0.0437106108506321,0.170709627155104
"31121",1462.89755153378,357.627838438985,1820.52538997277,"Nebraska","NE","Merrick County","31",3862.04953604919,944.137493478921,4806.18702952811,0.0203180215490803,0.00496705331165257,0.0252850748607329
"31123",0,44.7912079573885,44.7912079573885,"Nebraska","NE","Morrill County","31",0,118.248789007506,118.248789007506,0,0.000622100110519285,0.000622100110519285
"31125",45.3881454258782,69.3036908456153,114.691836271494,"Nebraska","NE","Nance County","31",119.824703924318,182.961743832425,302.786447756743,0.000630390908692753,0.000962551261744658,0.00159294217043741
"31127",4389.19975112659,1072.88351531695,5462.08326644355,"Nebraska","NE","Nemaha County","31",11587.4873429742,2832.41248043676,14419.899823411,0.060961107654536,0.0149011599349577,0.0758622675894937
"31129",1526.6209369341,475.743118298636,2002.36405523274,"Nebraska","NE","Nuckolls County","31",4030.27927350603,1255.9618323084,5286.24110581443,0.0212030685685292,0.00660754330970328,0.0278106118782325
"31131",29858.4738191178,7211.57655416942,37070.0503732872,"Nebraska","NE","Otoe County","31",78826.3708824709,19038.5621030073,97864.9329854782,0.414701025265525,0.100160785474575,0.5148618107401
"31133",5670.03762443162,1311.06813253624,6981.10575696785,"Nebraska","NE","Pawnee County","31",14968.8993284995,3461.21986989566,18430.1191983951,0.0787505225615502,0.0182092796185588,0.0969598021801091
"31135",1417.50940610791,357.627838438985,1775.13724454689,"Nebraska","NE","Perkins County","31",3742.22483212487,944.137493478921,4686.36232560379,0.0196876306403876,0.00496705331165257,0.0246546839520402
"31137",2835.01881221582,685.394871573046,3520.41368378886,"Nebraska","NE","Phelps County","31",7484.44966424976,1809.44246095284,9293.8921252026,0.0393752612807752,0.0095193732162923,0.0488946344970675
"31139",0.507096525243152,110.379526195061,110.886622720304,"Nebraska","NE","Pierce County","31",1.33873482664192,291.401949154961,292.740683981603,0.00000704300729504377,0.0015330489749314,0.00154009198222645
"31141",1657.30757969194,733.557624981557,2390.8652046735,"Nebraska","NE","Platte County","31",4375.29201038673,1936.59212995131,6311.88414033804,0.0230181608290548,0.0101883003469661,0.0332064611760209
"31143",12848.3609458229,3039.48571412131,15887.8466599442,"Nebraska","NE","Polk County","31",33919.6728969725,8024.24228528026,41943.9151822527,0.178449457580874,0.042215079362796,0.22066453694367
"31145",3053.24187386821,878.720597537046,3931.96247140525,"Nebraska","NE","Red Willow County","31",8060.55854701206,2319.8223774978,10380.3809245099,0.0424061371370584,0.0122044527435701,0.0546105898806285
"31147",1509.04329340677,349.202588357929,1858.2458817647,"Nebraska","NE","Richardson County","31",3983.87429459388,921.894833264933,4905.76912785882,0.0209589346306496,0.00485003594941568,0.0258089705800653
"31149",0,46.6775821594754,46.6775821594754,"Nebraska","NE","Rock County","31",0,123.228816901015,123.228816901015,0,0.000648299752214936,0.000648299752214936
"31151",14299.6319747874,3537.35388406028,17836.9858588477,"Nebraska","NE","Saline County","31",37751.0284134388,9338.61425391915,47089.6426673579,0.198605999649825,0.0491299150563928,0.247735914706218
"31153",46028.0350786453,23392.324489025,69420.3595676703,"Nebraska","NE","Sarpy County","31",121514.012607624,61755.7366510259,183269.74925865,0.639278264981185,0.324893395680902,0.964171660662088
"31155",29060.486110918,7068.84106049276,36129.3271714108,"Nebraska","NE","Saunders County","31",76719.6833328237,18661.7403997009,95381.4237325245,0.40361786265164,0.0981783480623994,0.501796210714039
"31157",2046.65103691122,447.210254353762,2493.86129126499,"Nebraska","NE","Scotts Bluff County","31",5403.15873744563,1180.63507149393,6583.79380893956,0.0284257088459892,0.00621125353269113,0.0346369623786804
"31159",25696.7218916458,5978.17398228332,31674.8958739291,"Nebraska","NE","Seward County","31",67839.3457939449,15782.379313228,83621.7251071729,0.356898915161747,0.0830301941983795,0.439929109360127
"31161",171.624644465259,29.8608053049256,201.485449770185,"Nebraska","NE","Sheridan County","31",453.089061388283,78.8325260050037,531.921587393287,0.00238367561757304,0.000414733407012856,0.0027984090245859
"31163",1417.50940610791,357.627838438985,1775.13724454689,"Nebraska","NE","Sherman County","31",3742.22483212487,944.137493478921,4686.36232560379,0.0196876306403876,0.00496705331165257,0.0246546839520402
"31165",45.3881454258782,0,45.3881454258782,"Nebraska","NE","Sioux County","31",119.824703924318,0,119.824703924318,0.000630390908692753,0,0.000630390908692753
"31167",0,190.898247085197,190.898247085197,"Nebraska","NE","Stanton County","31",0,503.971372304919,503.971372304919,0,0.00265136454284995,0.00265136454284995
"31169",3030.13486323686,670.464468920583,3700.59933215744,"Nebraska","NE","Thayer County","31",7999.55603894531,1770.02619795034,9769.58223689565,0.0420852064338453,0.00931200651278587,0.0513972129466311
"31173",90.7762908517564,196.764954713018,287.541245564774,"Nebraska","NE","Thurston County","31",239.649407848637,519.459480442367,759.108888291004,0.00126078181738551,0.00273284659323636,0.00399362841062186
"31175",0,110.379526195061,110.379526195061,"Nebraska","NE","Valley County","31",0,291.401949154961,291.401949154961,0,0.0015330489749314,0.0015330489749314
"31177",9669.23587966609,3164.74978360932,12833.9856632754,"Nebraska","NE","Washington County","31",25526.7827223185,8354.9394287286,33881.7221510471,0.13429494277314,0.043954858105685,0.178249800878825
"31179",1508.28569695966,1047.08719872858,2555.37289568824,"Nebraska","NE","Wayne County","31",3981.87423997351,2764.31020464345,6746.18444461696,0.0209484124577731,0.0145428777601191,0.0354912902178922
"31181",2835.01881221582,685.394871573046,3520.41368378886,"Nebraska","NE","Webster County","31",7484.44966424976,1809.44246095284,9293.8921252026,0.0393752612807752,0.0095193732162923,0.0488946344970675
"31183",1417.50940610791,327.76703313406,1745.27643924197,"Nebraska","NE","Wheeler County","31",3742.22483212487,865.304967473917,4607.52979959879,0.0196876306403876,0.00455231990463971,0.0242399505450273
"31185",18428.129375928,4431.07256754767,22859.2019434756,"Nebraska","NE","York County","31",48650.2615524498,11698.0315783258,60348.2931307756,0.255946241332333,0.0615426745492732,0.317488915881606
"32001",5888.07270284548,4805.63910849385,10693.7118113393,"Nevada","NV","Churchill County","32",15544.5119355121,12686.8872464238,28231.3991819358,0.0817787875395205,0.0667449876179701,0.148523775157491
"32003",332764.959526106,151897.833190303,484662.792716409,"Nevada","NV","Clark County","32",878499.493148919,401010.2796224,1279509.77277132,4.62173554897369,2.1096921276431,6.73142767661679
"32005",11127.1841874281,9271.97901870985,20399.1632061379,"Nevada","NV","Douglas County","32",29375.7662548101,24478.024609394,53853.7908642041,0.15454422482539,0.12877748637097,0.28332171119636
"32007",1001.7737415899,1084.70829596046,2086.48203755036,"Nevada","NV","Elko County","32",2644.68267779733,2863.62990133562,5508.31257913295,0.0139135241887486,0.0150653929994509,0.0289789171881994
"32011",773.220230505604,708.211543211849,1481.43177371745,"Nevada","NV","Eureka County","32",2041.3014085348,1869.67847407928,3910.97988261408,0.0107391698681334,0.0098362714334979,0.0205754413016313
"32013",1575.2495263311,1247.89520562046,2823.14473195156,"Nevada","NV","Humboldt County","32",4158.65874951411,3294.44334283802,7453.10209235213,0.0218784656434875,0.0173318778558398,0.0392103434993273
"32015",451.324910135525,419.59856801205,870.923478147575,"Nevada","NV","Lander County","32",1191.49776275779,1107.74021955181,2299.2379823096,0.00626840152966008,0.00582775788905624,0.0120961594187163
"32017",193.305057626401,177.052885802962,370.357943429363,"Nevada","NV","Lincoln County","32",510.325352133699,467.41961851982,977.744970653519,0.00268479246703335,0.00245906785837448,0.00514386032540782
"32019",17771.7243528114,13375.9043534282,31147.6287062397,"Nevada","NV","Lyon County","32",46917.3522914222,35312.3874930506,82229.7397844728,0.246829504900159,0.18577644935317,0.432605954253329
"32021",579.915172879203,531.158657408887,1111.07383028809,"Nevada","NV","Mineral County","32",1530.9760564011,1402.25885555946,2933.23491196056,0.00805437740110005,0.00737720357512343,0.0154315809762235
"32023",2027.80272605369,1383.11647224862,3410.91919830232,"Nevada","NV","Nye County","32",5353.39919678175,3651.42748673637,9004.82668351811,0.0281639267507457,0.0192099510034531,0.0473738777541988
"32027",685.005599378926,651.247987527019,1336.25358690594,"Nevada","NV","Pershing County","32",1808.41478236036,1719.29468707133,3527.70946943169,0.00951396665804063,0.00904511093787526,0.0185590775959159
"32029",3957.26236225596,3188.19546409702,7145.45782635298,"Nevada","NV","Storey County","32",10447.1726363557,8416.83602521613,18864.0086615719,0.054961977253555,0.044280492556903,0.099242469810458
"32031",1110538.36601325,899148.605411037,2009686.97142429,"Nevada","NV","Washoe County","32",2931821.28627498,2373752.31828514,5305573.60456011,15.4241439724062,12.4881750751533,27.9123190475595
"32033",134.01933121533,519.548055818739,653.567387034069,"Nevada","NV","White Pine County","32",353.811034408472,1371.60686736147,1725.41790176994,0.00186137960021292,0.0072159452197047,0.00907732481991763
"32510",20689.4634753579,15954.1612482715,36643.6247236294,"Nevada","NV","Carson City","32",54620.1835749449,42118.9856954367,96739.1692703816,0.287353659379971,0.221585572892659,0.50893923227263
"33001",14359.0056045877,8576.14568483765,22935.1512894254,"New Hampshire","NH","Belknap County","33",37907.7747961116,22641.0246079714,60548.799404083,0.199430633397052,0.119113134511634,0.318543767908686
"33003",8021.44954523363,5123.11465532367,13144.5642005573,"New Hampshire","NH","Carroll County","33",21176.6267994168,13525.0226900545,34701.6494894713,0.111409021461578,0.0711543702128288,0.182563391674407
"33005",32135.5928961695,34064.8909220979,66200.4838182674,"New Hampshire","NH","Cheshire County","33",84837.9652458874,89931.3120343386,174769.277280226,0.446327679113465,0.473123485029138,0.919451164142603
"33007",4516.32251153081,3690.96901280884,8207.29152433964,"New Hampshire","NH","Coos County","33",11923.0914304413,9744.15819381533,21667.2496242567,0.062726701549039,0.0512634585112338,0.113990160060273
"33009",105541.860865013,214549.06570329,320090.926568303,"New Hampshire","NH","Grafton County","33",278630.512683636,566409.533456686,845040.046140321,1.46585917868074,2.97984813476792,4.44570731344866
"33011",175181.336802431,101283.041745308,276464.378547739,"New Hampshire","NH","Hillsborough County","33",462478.729158417,267387.230207613,729865.95936603,2.43307412225598,1.40670891312928,3.83978303538526
"33013",35359.7579061468,33064.4233621766,68424.1812683234,"New Hampshire","NH","Merrimack County","33",93349.7608722275,87290.0776761462,180639.838548374,0.491107748696483,0.459228102252453,0.950335850948936
"33015",170844.771419872,102641.188871495,273485.960291367,"New Hampshire","NH","Rockingham County","33",451030.196548462,270972.738620748,722002.93516921,2.37284404749822,1.42557206765966,3.79841611515788
"33017",97440.2036311262,58555.3234328258,155995.527063952,"New Hampshire","NH","Strafford County","33",257242.137586173,154586.05386266,411828.191448833,1.35333616154342,0.813268381011469,2.16660454255489
"33019",18166.1911397338,18980.9350246322,37147.126164366,"New Hampshire","NH","Sullivan County","33",47958.7446088972,50109.6684650291,98068.4130739262,0.25230821027408,0.263624097564336,0.515932307838417
"34001",71111.7224294647,61116.2579935205,132227.980422985,"New Jersey","NJ","Atlantic County","34",187734.947213787,161346.921102894,349081.868316681,0.987662811520343,0.848836916576674,1.83649972809702
"34003",449742.825465605,320388.404772235,770131.23023784,"New Jersey","NJ","Bergen County","34",1187321.0592292,845825.388598702,2033146.4478279,6.24642813146674,4.44983895516994,10.6962670866367
"34005",312443.731407278,192381.888785517,504825.620192795,"New Jersey","NJ","Burlington County","34",824851.450915214,507888.186393765,1332739.63730898,4.33949626954553,2.67197067757662,7.01146694712216
"34007",350039.456267214,244768.750203287,594808.206470501,"New Jersey","NJ","Camden County","34",924104.164545444,646189.500536678,1570293.66508212,4.86165911482241,3.39956597504565,8.26122508986807
"34009",23526.0956345933,18874.2961422823,42400.3917768755,"New Jersey","NJ","Cape May County","34",62108.8924753262,49828.1418156252,111937.034290951,0.32675132825824,0.262143001976142,0.588894330234382
"34011",44376.2222792206,43566.9107110666,87943.1329902872,"New Jersey","NJ","Cumberland County","34",117153.226817142,115016.644277216,232169.871094358,0.616336420544731,0.605095982098147,1.22143240264288
"34013",697087.576977131,519657.522328022,1216745.09930515,"New Jersey","NJ","Essex County","34",1840311.20321962,1371895.85894598,3212207.0621656,9.68177190246015,7.2174655878892,16.8992374903493
"34015",215699.775318704,160728.9688722,376428.744190904,"New Jersey","NJ","Gloucester County","34",569447.406841379,424324.477822609,993771.884663988,2.99583021275978,2.23234678989167,5.22817700265145
"34017",419078.235827174,258589.983315248,677668.219142422,"New Jersey","NJ","Hudson County","34",1106366.54258374,682677.555952254,1789044.09853599,5.82053105315519,3.59152754604511,9.4120585992003
"34019",93819.3510982218,50777.0975587112,144596.448656933,"New Jersey","NJ","Hunterdon County","34",247683.086899306,134051.537554998,381734.624454303,1.30304654303086,0.705237466093211,2.00828400912407
"34021",923528.36972924,492049.675569727,1415578.04529897,"New Jersey","NJ","Mercer County","34",2438114.89608519,1299011.14350408,3737126.03958927,12.8267829129061,6.83402327180176,19.6608061847079
"34023",896230.152619058,629423.711462517,1525653.86408157,"New Jersey","NJ","Middlesex County","34",2366047.60291431,1661678.59826104,4027726.20117536,12.447641008598,8.74199599253495,21.189637001133
"34025",283575.441922455,208881.761251057,492457.203173512,"New Jersey","NJ","Monmouth County","34",748639.16667528,551447.84970279,1300087.01637807,3.93854780447854,2.90113557293135,6.83968337740988
"34027",166704.758247558,110231.655181369,276936.413428928,"New Jersey","NJ","Morris County","34",440100.561773554,291011.569678815,731112.131452369,2.31534386454942,1.53099521085235,3.84633907540177
"34029",139075.464208258,98643.3944285691,237718.858636827,"New Jersey","NJ","Ocean County","34",367159.225509802,260418.561291422,627577.786801224,1.93160366955914,1.37004714484124,3.30165081440038
"34031",168698.356105139,118231.825025143,286930.181130283,"New Jersey","NJ","Passaic County","34",445363.660117567,312132.018066379,757495.678183946,2.34303272368249,1.64210868090477,3.98514140458726
"34033",55220.6950379992,33451.1173386364,88671.8123766356,"New Jersey","NJ","Salem County","34",145782.634900318,88310.9497740001,234093.584674318,0.766954097749989,0.464598851925506,1.23155294967549
"34035",361920.110517662,219719.084949997,581639.19546766,"New Jersey","NJ","Somerset County","34",955469.091766628,580058.384267993,1535527.47603462,5.0266682016342,3.05165395763885,8.07832215927305
"34037",48871.1931697672,28388.6677147265,77259.8608844937,"New Jersey","NJ","Sussex County","34",129019.949968185,74946.0827668779,203966.032735063,0.678766571802322,0.394287051593423,1.07305362339575
"34039",406818.492824382,304771.879098076,711590.371922458,"New Jersey","NJ","Union County","34",1074000.82105637,804597.760818921,1878598.58187529,5.65025684478309,4.23294276525105,9.88319961003414
"34041",55416.5728343959,34249.2595762919,89665.8324106878,"New Jersey","NJ","Warren County","34",146299.752282805,90418.0452814107,236717.797564216,0.769674622699943,0.475684160781832,1.24535878348177
"35001",2836121.86690744,648286.244344261,3484408.1112517,"New Mexico","NM","Bernalillo County","35",7487361.72863564,1711475.68506885,9198837.41370448,39.3905814848255,9.00397561589251,48.394557100718
"35003",89.2733370304898,112.486055310239,201.759392340729,"New Mexico","NM","Catron County","35",235.681609760493,296.963186019032,532.644795779525,0.0012399074587568,0.00156230632375332,0.00280221378251012
"35005",5314.50324248925,2308.73108322889,7623.23432571814,"New Mexico","NM","Chaves County","35",14030.2885601716,6095.05005972426,20125.3386198959,0.0738125450345729,0.0320657094892901,0.105878254523863
"35006",11326.9451330988,2932.6094614132,14259.554594512,"New Mexico","NM","Cibola County","35",29903.1351513809,7742.08897813086,37645.2241295118,0.157318682404151,0.0407306869640723,0.198049369368223
"35007",1749.05248238455,479.515636150368,2228.56811853492,"New Mexico","NM","Colfax County","35",4617.49855349521,1265.92127943697,5883.41983293218,0.0242923955886743,0.00665993939097733,0.0309523349796516
"35009",3532.81998734568,774.84097231098,4307.66095965666,"New Mexico","NM","Curry County","35",9326.64476659261,2045.58016690099,11372.2249334936,0.0490669442686901,0.0107616801709858,0.0598286244396759
"35011",203.228264825097,45.7615956260098,248.989860451107,"New Mexico","NM","De Baca County","35",536.522619138256,120.810612452666,657.333231590922,0.00282261478923746,0.000635577717027915,0.00345819250626537
"35013",59293.9156388543,86087.4519291856,145381.36756804,"New Mexico","NM","Do̱a Ana County","35",156535.937286575,227270.87309305,383806.810379626,0.823526606095199,1.19565905457202,2.01918566066722
"35015",4056.0110270792,1895.75187827737,5951.76290535657,"New Mexico","NM","Eddy County","35",10707.8691114891,5004.78495865226,15712.6540701414,0.0563334864872111,0.0263298871982968,0.082663373685508
"35017",4205.96036344162,1535.48448106099,5741.44484450261,"New Mexico","NM","Grant County","35",11103.7353594859,4053.67903000101,15157.4143894869,0.0584161161589114,0.0213261733480693,0.0797422895069807
"35019",313.556604722615,116.222963445585,429.7795681682,"New Mexico","NM","Guadalupe County","35",827.789436467703,306.828623496345,1134.61805996405,0.00435495284336965,0.00161420782563313,0.00596916066900278
"35021",457.644159430042,117.279889030422,574.924048460464,"New Mexico","NM","Harding County","35",1208.18058089531,309.618907040314,1517.79948793562,0.0063561688809728,0.00162888734764475,0.00798505622861755
"35023",454.800947650119,257.339902391573,712.140850041692,"New Mexico","NM","Hidalgo County","35",1200.67450179631,679.377342313753,1880.05184411007,0.00631667982847388,0.00357416531099407,0.00989084513946795
"35025",5222.00610432661,2406.68055368357,7628.68665801019,"New Mexico","NM","Lea County","35",13786.0961154223,6353.63666172463,20139.7327771469,0.0725278625600918,0.0334261188011607,0.105953981361253
"35027",2584.04604408908,593.346525192835,3177.39256928192,"New Mexico","NM","Lincoln County","35",6821.88155639518,1566.43482650908,8388.31638290427,0.0358895283901262,0.0082409239610116,0.0441304523511378
"35028",10684.9834121081,22761.0958433376,33446.0792554457,"New Mexico","NM","Los Alamos County","35",28208.3562079655,60089.2930264112,88297.6492343767,0.148402547390391,0.316126331157466,0.464528878547857
"35029",2267.89234517419,1319.2648735796,3587.15721875379,"New Mexico","NM","Luna County","35",5987.23579125986,3482.85926625014,9470.09505751,0.0314985047940859,0.0183231232441611,0.049821628038247
"35031",23800.5426430918,6316.66755356964,30117.2101966615,"New Mexico","NM","McKinley County","35",62833.4325777625,16676.0023414239,79509.4349191863,0.330563092265164,0.0877314937995783,0.418294586064743
"35033",660.46262486178,269.656505560011,930.119130421791,"New Mexico","NM","Mora County","35",1743.6213296351,711.893174678428,2455.51450431353,0.00917309201196917,0.00374522924388904,0.0129183212558582
"35035",11593.4140954933,8151.17428796982,19744.5883834632,"New Mexico","NM","Otero County","35",30606.6132121024,21519.1001202403,52125.7133323428,0.161019640215185,0.113210753999581,0.274230394214766
"35037",1059.48273014708,267.068733798879,1326.55146394596,"New Mexico","NM","Quay County","35",2797.03440758828,705.061457229042,3502.09586481732,0.0147150379187094,0.00370928796942888,0.0184243258881383
"35039",6755.55434477891,3677.03398870077,10432.5883334797,"New Mexico","NM","Rio Arriba County","35",17834.6634702163,9707.36973017002,27542.0332003863,0.0938271436774848,0.0510699165097329,0.144897060187218
"35041",1153.25625258546,227.253760184757,1380.51001277021,"New Mexico","NM","Roosevelt County","35",3044.5965068256,599.949926887758,3644.54643371336,0.0160174479525758,0.00315630222478829,0.0191737501773641
"35043",264404.259230424,63843.8256699983,328248.084900422,"New Mexico","NM","Sandoval County","35",698027.244368319,168547.699768795,866574.944137114,3.67228137820033,0.886719800972198,4.55900117917253
"35045",10609.833364752,5538.55871074095,16148.3920754929,"New Mexico","NM","San Juan County","35",28009.9600829452,14621.7949963561,42631.7550793014,0.147358796732666,0.0769244265380688,0.224283223270735
"35047",4369.34922210002,1260.55278827171,5629.90201037173,"New Mexico","NM","San Miguel County","35",11535.0819463441,3327.85936103731,14862.9413073814,0.0606854058625003,0.0175076776148849,0.0781930834773851
"35049",70482.8693139818,22035.0265441699,92517.8958581516,"New Mexico","NM","Santa Fe County","35",186074.774988912,58172.4700766084,244247.24506552,0.978928740471969,0.306042035335692,1.28497077580766
"35051",4465.7016233851,1593.25347875089,6058.95510213598,"New Mexico","NM","Sierra County","35",11789.4522857367,4206.18918390234,15995.641469639,0.0620236336581263,0.0221285205382067,0.0841521541963331
"35053",84882.310417013,30123.767194669,115006.077611682,"New Mexico","NM","Socorro County","35",224089.299500914,79526.7453939262,303616.044894841,1.17892097801407,0.418385655481514,1.59730663349558
"35055",25767.9736896074,6617.36047482318,32385.3341644306,"New Mexico","NM","Taos County","35",68027.4505405635,17469.8316535332,85497.2821940967,0.35788852346677,0.0919077843725441,0.449796307839314
"35057",10327.8372121593,2457.54209505349,12785.3793072128,"New Mexico","NM","Torrance County","35",27265.4902401006,6487.9111309412,33753.4013710418,0.143442183502213,0.0341325290979651,0.177574712600178
"35059",115.976081773519,23.4514213728341,139.427503146353,"New Mexico","NM","Union County","35",306.17685588209,61.911752424282,368.088608306372,0.0016107789135211,0.000325714185733807,0.0019364930992549
"35061",157511.840028912,37402.3234247352,194914.163453648,"New Mexico","NM","Valencia County","35",415831.257676329,98742.133841301,514573.39151763,2.18766444484601,0.519476714232433,2.70714115907844
"36001",357343.402241177,197528.311183564,554871.713424741,"New York","NY","Albany County","36",943386.581916707,521474.741524609,1464861.32344132,4.96310280890524,2.74344876643839,7.70655157534362
"36003",34232.2559284513,13084.7164828957,47316.9724113469,"New York","NY","Allegany County","36",90373.1556511113,34543.6515148445,124916.807165956,0.475447999006267,0.181732173373551,0.657180172379818
"36005",697495.041073129,697933.728939507,1395428.77001264,"New York","NY","Bronx County","36",1841386.90843306,1842545.0444003,3683931.95283336,9.68743112601568,9.69352401304871,19.3809551390644
"36007",562183.965178542,324675.017299826,886858.982478368,"New York","NY","Broome County","36",1484165.66807135,857142.045671541,2341307.71374289,7.80811062747974,4.50937524027536,12.3174858677551
"36009",56070.99648782,32989.4769561564,89060.4734439764,"New York","NY","Cattaraugus County","36",148027.430727845,87092.219164253,235119.649892098,0.778763840108611,0.458187179946617,1.23695102005523
"36011",119536.144348916,82680.1579006826,202216.302249599,"New York","NY","Cayuga County","36",315575.42108114,218275.616857802,533851.037938942,1.66022422706828,1.14833552639837,2.80855975346665
"36013",44207.8170237355,38197.8785686202,82405.6955923557,"New York","NY","Chautauqua County","36",116708.636942662,100842.399421157,217551.036363819,0.613997458662993,0.530526091230836,1.14452354989383
"36015",66193.3223663324,45378.6411924781,111571.96355881,"New York","NY","Chemung County","36",174750.371047118,119799.612748142,294549.98379526,0.919351699532395,0.630258905451084,1.54961060498348
"36017",26987.4002079556,29486.8295061245,56474.2297140801,"New York","NY","Chenango County","36",71246.7365490029,77845.2298961687,149091.966445172,0.374825002888273,0.409539298696174,0.784364301584446
"36019",21113.2257113431,16152.4098363205,37265.6355476636,"New York","NY","Clinton County","36",55738.9158779457,42642.3619678862,98381.2778458319,0.293239245990876,0.224339025504452,0.517578271495328
"36021",24248.2523429827,18771.5867332346,43019.8390762174,"New York","NY","Columbia County","36",64015.3861854745,49556.9889757394,113572.375161214,0.336781282541427,0.260716482406036,0.597497764947463
"36023",143602.311131033,95665.1115255203,239267.422656553,"New York","NY","Cortland County","36",379110.101385928,252555.894427374,631665.995813301,1.99447654348657,1.32868210452112,3.32315864800769
"36025",8369.0871531394,7479.90237164994,15848.9895247893,"New York","NY","Delaware County","36",22094.390084288,19746.9422611558,41841.3323454438,0.11623732157138,0.103887532939582,0.220124854510963
"36027",76999.7088421403,61282.6676880816,138282.376530222,"New York","NY","Dutchess County","36",203279.23134325,161786.242696536,365065.474039786,1.06944040058528,0.851148162334467,1.92058856291975
"36029",793332.952404478,787079.219569217,1580412.17197369,"New York","NY","Erie County","36",2094398.99434782,2077889.13966273,4172288.13401055,11.01851322784,10.9316558273502,21.9501690551902
"36031",12174.7525285721,8063.09448062912,20237.8470092012,"New York","NY","Essex County","36",32141.3466754303,21286.5694288609,53427.9161042912,0.169093785119057,0.111987423342071,0.281081208461128
"36033",31011.2259008988,7691.74272293791,38702.9686238367,"New York","NY","Franklin County","36",81869.6363783728,20306.2007885561,102175.837166929,0.430711470845816,0.106829760040804,0.537541230886621
"36035",12978.2155521145,8298.16879853811,21276.3843506526,"New York","NY","Fulton County","36",34262.4890575823,21907.1656281406,56169.654685723,0.180252993779368,0.11525234442414,0.295505338203509
"36037",41557.3535655462,55295.0958938015,96852.4494593478,"New York","NY","Genesee County","36",109711.413413042,145979.053159636,255690.466572678,0.577185466188142,0.767987442969466,1.34517290915761
"36039",16722.7639128814,23504.6373675589,40227.4012804403,"New York","NY","Greene County","36",44148.0967300068,62052.2426503555,106200.339380362,0.23226060990113,0.326453296771652,0.558713906672782
"36041",3587.64340235388,1644.89119120756,5232.53459356144,"New York","NY","Hamilton County","36",9471.37858221425,4342.51274478796,13813.8913270022,0.0498283805882484,0.0228457109889939,0.0726740915772422
"36043",16621.0850865591,15880.8330726931,32501.9181592522,"New York","NY","Herkimer County","36",43879.664628516,41925.3993119098,85805.0639404258,0.230848403979987,0.220567126009627,0.451415529989614
"36045",15504.9785956968,11128.6896637136,26633.6682594104,"New York","NY","Jefferson County","36",40933.1434926394,29379.740712204,70312.8842048434,0.215346924940233,0.154565134218245,0.369912059158478
"36047",825919.120391252,783181.985960325,1609101.10635158,"New York","NY","Kings County","36",2180426.4778329,2067600.44293526,4248026.92076816,11.4710988943229,10.8775275827823,22.3486264771052
"36049",4245.68787008624,2563.44404217973,6809.13191226597,"New York","NY","Lewis County","36",11208.6159770277,6767.49227135449,17976.1082483822,0.0589678870845311,0.0356033894747185,0.0945712765592496
"36051",60343.7732792098,76874.3540059794,137218.127285189,"New York","NY","Livingston County","36",159307.561457114,202948.294575786,362255.856032899,0.838107962211248,1.06769936119416,1.9058073234054
"36053",46120.9499483453,117495.479613075,163616.42956142,"New York","NY","Madison County","36",121759.307863632,310188.066178517,431947.374042149,0.640568749282574,1.6318816612927,2.27245041057528
"36055",995597.087431308,1616593.0204108,2612190.10784211,"New York","NY","Monroe County","36",2628376.31081865,4267805.57388451,6896181.88470316,13.8277373254348,22.4526808390389,36.2804181644737
"36057",14970.5283967343,8986.66290022374,23957.191296958,"New York","NY","Montgomery County","36",39522.1949673784,23724.7900565907,63246.9850239691,0.207924005510198,0.124814762503108,0.332738768013306
"36059",345008.740911676,380116.368007131,725125.108918807,"New York","NY","Nassau County","36",910823.076006826,1003507.21153883,1914330.28754565,4.79178806821773,5.27939400009904,10.0711820683168
"36061",1066606.81954114,960654.350013772,2027261.16955491,"New York","NY","New York County","36",2815842.0035886,2536127.48403636,5351969.48762496,14.813983604738,13.3424215279691,28.1564051327071
"36063",116526.86577814,110251.220968732,226778.086746872,"New York","NY","Niagara County","36",307630.92565429,291063.223357452,598694.149011742,1.61842869136306,1.53126695789905,3.14969564926211
"36065",45318.723379717,85216.3222001313,130535.045579848,"New York","NY","Oneida County","36",119641.429722453,224971.090608347,344612.5203308,0.629426713607181,1.18356003055738,1.81298674416456
"36067",666000.98833074,604068.748996079,1270069.73732682,"New York","NY","Onondaga County","36",1758242.60919315,1594741.49734965,3352984.1065428,9.25001372681584,8.38984373605666,17.6398574628725
"36069",69179.5681908626,86142.7610925245,155322.329283387,"New York","NY","Ontario County","36",182634.060023877,227416.889284265,410050.949308142,0.960827335984202,1.19642723739617,2.15725457338038
"36071",72683.4086531997,56580.597190065,129264.005843265,"New York","NY","Orange County","36",191884.198844447,149372.776581772,341256.975426219,1.00949178685,0.785841627639792,1.79533341448979
"36073",34001.4751537665,67649.7314248034,101651.20657857,"New York","NY","Orleans County","36",89763.8944059436,178595.290961481,268359.185367425,0.47224271046898,0.939579603122269,1.41182231359125
"36075",64499.4154140332,70377.4097141386,134876.825128172,"New York","NY","Oswego County","36",170278.456693048,185796.361645326,356074.818338374,0.895825214083794,0.97746402380748,1.87328923789127
"36077",8419.75896176988,10794.787889454,19214.5468512239,"New York","NY","Otsego County","36",22228.1636590725,28498.2400281586,50726.4036872311,0.116941096691248,0.14992760957575,0.266868706266999
"36079",23896.8613184971,23585.6366421231,47482.4979606202,"New York","NY","Putnam County","36",63087.7138808322,62266.0807352051,125353.794616037,0.331900851645793,0.327578286696155,0.659479138341947
"36081",814364.815841483,874871.474566967,1689236.29040845,"New York","NY","Queens County","36",2149923.11382152,2309660.69285679,4459583.80667831,11.3106224422428,12.150992702319,23.4616151445618
"36083",417964.957358343,142177.115495072,560142.072853415,"New York","NY","Rensselaer County","36",1103427.48742602,375347.58490699,1478775.07233302,5.8050688521992,1.97468215965378,7.77975101185299
"36085",121873.678404317,143736.580885712,265610.259290029,"New York","NY","Richmond County","36",321746.510987398,379464.573538279,701211.084525677,1.69268997783774,1.99634140119044,3.68903137902818
"36087",75356.2155063748,63017.8026477159,138374.018154091,"New York","NY","Rockland County","36",198940.40893683,166366.99898997,365307.4079268,1.04661410425521,0.875247258996054,1.92186136325126
"36089",604206.426878431,47769.5469405598,651975.973818991,"New York","NY","St. Lawrence County","36",1595104.96695906,126111.603923078,1721216.57088214,8.3917559288671,0.663465929729997,9.0552218585971
"36091",176791.762978876,139825.606312434,316617.36929131,"New York","NY","Saratoga County","36",466730.254264233,369139.600664825,835869.854929058,2.45544115248439,1.94202230989491,4.3974634623793
"36093",152344.199548568,98752.9742002297,251097.173748798,"New York","NY","Schenectady County","36",402188.686808219,260707.851888606,662896.538696826,2.11589166039678,1.3715690861143,3.48746074651108
"36095",8042.61485601155,6208.51400882339,14251.1288648349,"New York","NY","Schoharie County","36",21232.5032198705,16390.4769832937,37622.9802031642,0.111702984111271,0.0862293612336581,0.19793234534493
"36097",92341.9496170415,59000.3803826874,151342.329999729,"New York","NY","Schuyler County","36",243782.74698899,155761.004210295,399543.751199284,1.28252707801447,0.819449727537325,2.10197680555179
"36099",57632.9379778471,38789.0796577118,96422.0176355589,"New York","NY","Seneca County","36",152150.956261516,102403.170296359,254554.126557876,0.800457471914543,0.538737217468219,1.33919468938276
"36101",36117.2402810714,41222.0812146196,77339.321495691,"New York","NY","Steuben County","36",95349.5143420284,108826.294406596,204175.808748624,0.501628337237102,0.572528905758606,1.07415724299571
"36103",927378.87532155,811041.582969842,1738420.45829139,"New York","NY","Suffolk County","36",2448280.23084889,2141149.77904038,4589430.00988928,12.8802621572438,11.2644664301367,24.1447285873804
"36105",14304.7214354645,20150.1875808222,34454.9090162867,"New York","NY","Sullivan County","36",37764.4645896264,53196.4952133705,90960.9598029969,0.198676686603674,0.279863716400308,0.478540403003982
"36107",214347.911156532,136739.638298181,351087.549454713,"New York","NY","Tioga County","36",565878.485453245,360992.645107199,926871.130560444,2.9770543216185,1.8991616430303,4.8762159646488
"36109",1883610.55793188,1210624.65504905,3094235.21298093,"New York","NY","Tompkins County","36",4972731.87294016,3196049.08932949,8168780.96226966,26.1612577490539,16.8142313201257,42.9754890691796
"36111",33615.4727412274,34666.0876307674,68281.5603719948,"New York","NY","Ulster County","36",88744.8480368403,91518.4713452259,180263.319382066,0.46688156585038,0.481473439316214,0.948355005166594
"36113",17369.8693476129,12395.0410514019,29764.9103990148,"New York","NY","Warren County","36",45856.4550776981,32722.9083757011,78579.3634533991,0.241248185383512,0.172153347936138,0.41340153331965
"36115",12045.2276121474,8983.11251609057,21028.3401282379,"New York","NY","Washington County","36",31799.4008960691,23715.4170424791,55514.8179385482,0.167294827946491,0.124765451612369,0.29206027955886
"36117",55314.3752865501,134152.043365372,189466.418651922,"New York","NY","Wayne County","36",146029.950756492,354161.394484581,500191.345241074,0.768255212313196,1.86322282451905,2.63147803683225
"36119",216421.706650386,251482.591264009,467904.297914395,"New York","NY","Westchester County","36",571353.30555702,663914.040936984,1235267.346494,3.00585703681092,3.49281376755568,6.4986708043666
"36121",22086.70165214,28865.4597871409,50952.161439281,"New York","NY","Wyoming County","36",58308.8923616497,76204.813838052,134513.706199702,0.306759745168612,0.40090916371029,0.707668908878902
"36123",5395.49712264694,4249.57539422945,9645.07251687639,"New York","NY","Yates County","36",14244.1124037879,11218.8790407658,25462.9914445537,0.0749374600367631,0.0590218804754091,0.133959340512172
"37001",170951.441922387,256820.085273345,427771.527195731,"North Carolina","NC","Alamance County","37",451311.806675101,678005.02512163,1129316.83179673,2.37432558225537,3.56694562879645,5.94127121105182
"37003",1260.33953610407,4988.55525085565,6248.89478695972,"North Carolina","NC","Alexander County","37",3327.29637531475,13169.7858622589,16497.0822375737,0.0175047157792232,0.0692854895952174,0.0867902053744406
"37005",6052.35620494539,2161.39942825716,8213.75563320255,"North Carolina","NC","Alleghany County","37",15978.2203810558,5706.09449059891,21684.3148716547,0.0840605028464637,0.0300194365035717,0.114079939350035
"37007",13191.1574696114,3676.76259679973,16867.9200664111,"North Carolina","NC","Anson County","37",34824.6557197741,9706.65325555128,44531.3089753253,0.183210520411269,0.051066147177774,0.234276667589043
"37009",761.238227276909,7144.2122569759,7905.45048425281,"North Carolina","NC","Ashe County","37",2009.66892001104,18860.7203584164,20870.3892784274,0.0105727531566237,0.0992251702357764,0.1097979233924
"37011",324.508576002872,1670.69149163386,1995.20006763673,"North Carolina","NC","Avery County","37",856.702640647583,4410.6255379134,5267.32817856098,0.00450706355559545,0.0232040484949148,0.0277111120505102
"37013",12521.8245866491,20170.6250657601,32692.4496524092,"North Carolina","NC","Beaufort County","37",33057.6169087536,53250.4501736066,86308.0670823602,0.173914230370126,0.280147570357779,0.454061800727905
"37015",22552.0262856796,7365.91207751344,29917.9383631931,"North Carolina","NC","Bertie County","37",59537.3493941942,19446.0078846355,78983.3572788297,0.313222587301106,0.102304334409909,0.415526921711015
"37017",6193.16444098655,2936.31781740467,9129.48225839121,"North Carolina","NC","Bladen County","37",16349.9541242045,7751.87903794832,24101.8331621528,0.0860161727914798,0.0407821919083982,0.126798364699878
"37019",20224.8014085814,17788.9194083816,38013.720816963,"North Carolina","NC","Brunswick County","37",53393.4757186549,46962.7472381275,100356.222956782,0.28090001956363,0.247068325116411,0.527968344680042
"37021",8395.21719922851,17771.3428186204,26166.5600178489,"North Carolina","NC","Buncombe County","37",22163.3734059633,46916.345041158,69079.7184471212,0.116600238878174,0.246824205814173,0.363424444692346
"37023",3635.8356029886,9026.39111466891,12662.2267176575,"North Carolina","NC","Burke County","37",9598.6059918899,23829.6725427259,33428.2785346158,0.050497716708175,0.12536654325929,0.175864259967465
"37025",78048.4046941656,60280.8959621886,138329.300656354,"North Carolina","NC","Cabarrus County","37",206047.788392597,159141.565340178,365189.353732775,1.0840056207523,0.837234666141508,1.92124028689381
"37027",10943.6635783881,11936.6048832193,22880.2684616074,"North Carolina","NC","Caldwell County","37",28891.2718469445,31512.6368916989,60403.9087386434,0.151995327477612,0.165786178933601,0.317781506411213
"37029",1556.5385675965,807.559553866513,2364.09812146301,"North Carolina","NC","Camden County","37",4109.26181845476,2131.9572222076,6241.21904066236,0.0216185912166181,0.0112161049148127,0.0328346961314307
"37031",2190.00849762164,11740.3417764594,13930.3502740811,"North Carolina","NC","Carteret County","37",5781.62243372114,30994.5022898529,36776.124723574,0.0304167846891895,0.163060302450825,0.193477087140015
"37033",23596.8822773731,30151.7455981263,53748.6278754994,"North Carolina","NC","Caswell County","37",62295.7692122651,79600.6083790533,141896.377591318,0.327734476074627,0.41877424441842,0.746508720493047
"37035",19113.8223295103,13009.1278497959,32122.9501793062,"North Carolina","NC","Catawba County","37",50460.4909499073,34344.0975234612,84804.5884733685,0.265469754576532,0.180682331247165,0.446152085823698
"37037",98620.8858717605,250854.991914893,349475.877786654,"North Carolina","NC","Chatham County","37",260359.138701448,662257.178655318,922616.317356766,1.36973452599667,3.48409710992907,4.85383163592575
"37039",2453.63330873343,2189.12399366307,4642.7573023965,"North Carolina","NC","Cherokee County","37",6477.59193505625,5779.2873432705,12256.8792783268,0.0340782403990754,0.0304044999119871,0.0644827403110625
"37041",1415.91798962017,3594.94581141557,5010.86380103574,"North Carolina","NC","Chowan County","37",3738.02349259726,9490.65694213711,13228.6804347344,0.0196655276336135,0.0499298029363274,0.0695953305699409
"37043",434.131668541128,413.592632458972,847.7243010001,"North Carolina","NC","Clay County","37",1146.10760494858,1091.88454969169,2237.99215464026,0.00602960650751567,0.00574434211748572,0.0117739486250014
"37045",5000.9375110578,7753.55544451399,12754.4929555718,"North Carolina","NC","Cleveland County","37",13202.4750291926,20469.3863735169,33671.8614027095,0.0694574654313583,0.107688270062694,0.177145735494053
"37047",8104.21065708455,8492.40339725904,16596.6140543436,"North Carolina","NC","Columbus County","37",21395.1161347032,22419.9449687639,43815.0611034671,0.112558481348396,0.117950047184153,0.23050852853255
"37049",32285.9650347494,23031.445402322,55317.4104370714,"North Carolina","NC","Craven County","37",85234.9476917385,60803.0158621301,146037.963553869,0.448416181038187,0.319881186143361,0.768297367181548
"37051",106168.803721986,58142.9369810806,164311.740703066,"North Carolina","NC","Cumberland County","37",280285.641826042,153497.353630053,433782.995456095,1.47456671836091,0.807540791403898,2.28210750976481
"37053",9278.91292813704,6429.24591798067,15708.1588461177,"North Carolina","NC","Currituck County","37",24496.3301302818,16973.209223469,41469.5393537508,0.12887379066857,0.089295082194176,0.218168872862746
"37055",7267.05722640045,6746.49883961717,14013.5560660176,"North Carolina","NC","Dare County","37",19185.0310776972,17810.7569365893,36995.7880142865,0.100931350366673,0.0937013727724607,0.194632723139134
"37057",118792.504152841,59334.1884588973,178126.692611738,"North Carolina","NC","Davidson County","37",313612.210963499,156642.257531489,470254.468494988,1.64989589101167,0.824085950818018,2.47398184182969
"37059",7508.10639729924,19844.1198958414,27352.2262931406,"North Carolina","NC","Davie County","37",19821.40088887,52388.4765250212,72209.8774138912,0.104279255518045,0.27561277633113,0.379892031849175
"37061",8714.8159805389,11642.7426892424,20357.5586697813,"North Carolina","NC","Duplin County","37",23007.1141886227,30736.8406995999,53743.9548882226,0.121039110840818,0.161704759572811,0.282743870413629
"37063",989510.700514005,2103918.06884643,3093428.76936044,"North Carolina","NC","Durham County","37",2612308.24935697,5554343.70175457,8166651.95111155,13.7432041738056,29.2210842895337,42.9642884633394
"37065",47030.1038233864,21164.9074248154,68195.0112482019,"North Carolina","NC","Edgecombe County","37",124159.47409374,55875.3556015128,180034.829695253,0.653195886435923,0.293957047566881,0.947152934002804
"37067",151293.48642651,276128.987717291,427422.474143801,"North Carolina","NC","Forsyth County","37",399414.804165987,728980.527573647,1128395.33173963,2.10129842259042,3.83512482940681,5.93642325199723
"37069",137548.626567542,69331.2354164753,206879.861984017,"North Carolina","NC","Franklin County","37",363128.374138311,183034.461499495,546162.835637806,1.91039759121586,0.962933825228823,2.87333141644469
"37071",31953.6124406455,38008.3683305141,69961.9807711596,"North Carolina","NC","Gaston County","37",84357.5368433042,100342.092392557,184699.629235861,0.443800172786744,0.527894004590473,0.971694177377217
"37073",825.30859544658,1059.31659332758,1884.62518877416,"North Carolina","NC","Gates County","37",2178.81469197897,2796.59580638482,4975.41049836379,0.0114626193812025,0.0147127304628831,0.0261753498440856
"37075",2293.16096301077,1262.07376904609,3555.23473205686,"North Carolina","NC","Graham County","37",6053.94494234843,3331.87475028167,9385.8196926301,0.031849457819594,0.0175288023478623,0.0493782601674563
"37077",81478.9898034666,108514.249914986,189993.239718453,"North Carolina","NC","Granville County","37",215104.533081152,286477.619775563,501582.152856715,1.13165263615926,1.50714235993036,2.63879499608962
"37079",17298.6790413677,8494.1298345893,25792.808875957,"North Carolina","NC","Greene County","37",45668.5126692108,22424.5027633157,68093.0154325265,0.240259431130107,0.117974025480407,0.358233456610514
"37081",365962.189111108,285568.40854209,651530.597653198,"North Carolina","NC","Guilford County","37",966140.179253325,753900.598551119,1720040.77780444,5.08280818209872,3.96622789641792,9.04903607851664
"37083",14876.4697319478,12484.0773408575,27360.5470728053,"North Carolina","NC","Halifax County","37",39273.8800923423,32957.9641798637,72231.844272206,0.206617635165942,0.173389963067465,0.380007598233407
"37085",137440.975859365,69580.4844434188,207021.460302784,"North Carolina","NC","Harnett County","37",362844.176268724,183692.478930626,546536.655199349,1.90890244249118,0.966395617269706,2.87529805976089
"37087",16479.9327107468,9842.25363343922,26322.186344186,"North Carolina","NC","Haywood County","37",43507.0223563716,25983.5495922795,69490.5719486511,0.228887954315928,0.1366979671311,0.365585921447028
"37089",10797.3465225412,15691.3781537693,26488.7246763106,"North Carolina","NC","Henderson County","37",28504.9948195089,41425.238325951,69930.2331454599,0.149963146146406,0.217935807691241,0.367898953837647
"37091",787.799506827749,3113.45406942726,3901.253576255,"North Carolina","NC","Hertford County","37",2079.79069802526,8219.51874328795,10299.3094413132,0.0109416598170521,0.0432424176309341,0.0541840774479862
"37093",18840.5954897135,9402.13822128182,28242.7337109953,"North Carolina","NC","Hoke County","37",49739.1720928435,24821.644904184,74560.8169970275,0.261674937357131,0.130585253073359,0.39226019043049
"37095",64.6410643721183,1175.27951708176,1239.92058145388,"North Carolina","NC","Hyde County","37",170.652409942392,3102.73792509585,3273.39033503824,0.000897792560723865,0.0163233266261356,0.0172211191868594
"37097",70255.2956457233,49589.4927567199,119844.788402443,"North Carolina","NC","Iredell County","37",185473.98050471,130916.260877741,316390.24138245,0.97576799507949,0.688742954954443,1.66451095003393
"37099",8537.34413971093,7871.37847211004,16408.722611821,"North Carolina","NC","Jackson County","37",22538.5885288369,20780.4391663705,43319.0276952074,0.118574224162652,0.109324701001528,0.22789892516418
"37101",416481.42737644,167820.599200684,584302.026577123,"North Carolina","NC","Johnston County","37",1099510.9682738,443046.381889805,1542557.35016361,5.78446426911722,2.33084165556505,8.11530592468227
"37103",5718.67792272318,1746.31571716157,7464.99363988475,"North Carolina","NC","Jones County","37",15097.3097159892,4610.27349330654,19707.5832092957,0.0794260822600442,0.0242543849605773,0.103680467220622
"37105",98548.7376875507,35448.2161002603,133996.953787811,"North Carolina","NC","Lee County","37",260168.667495134,93583.2905046871,353751.957999821,1.36873246788265,0.492336334725837,1.86106880260849
"37107",45786.776939605,14765.1466848967,60551.9236245017,"North Carolina","NC","Lenoir County","37",120877.091120557,38979.9872481273,159857.078368684,0.635927457494514,0.205071481734676,0.84099893922919
"37109",19169.0233808192,15007.2657095505,34176.2890903697,"North Carolina","NC","Lincoln County","37",50606.2217253628,39619.1814732132,90225.403198576,0.266236435844712,0.208434245965979,0.47467068181069
"37111",3123.3186647361,4141.43110440611,7264.74976914222,"North Carolina","NC","McDowell County","37",8245.56127490332,10933.3781156321,19178.9393905355,0.0433794258991126,0.0575198764500849,0.100899302349197
"37113",1966.5976844284,4065.67807623661,6032.27576066501,"North Carolina","NC","Macon County","37",5191.81788689098,10733.3901212646,15925.2080081556,0.0273138567281722,0.0564677510588417,0.083781607787014
"37115",6612.03126709349,3961.64314669803,10573.6744137915,"North Carolina","NC","Madison County","37",17455.7625451268,10458.7379072828,27914.5004524096,0.0918337675985207,0.0550228214819171,0.146856589080438
"37117",1200.46706967199,6582.03320413421,7782.5002738062,"North Carolina","NC","Martin County","37",3169.23306393405,17376.5676589143,20545.8007228484,0.0166731537454443,0.0914171278351974,0.108090281580642
"37119",360296.075322354,343116.166432222,703412.241754576,"North Carolina","NC","Mecklenburg County","37",951181.638851013,905826.679381067,1857008.31823208,5.00411215725491,4.76550231155864,9.76961446881355
"37121",194.259310170154,976.391339890762,1170.65065006092,"North Carolina","NC","Mitchell County","37",512.844578849207,2577.67313731161,3090.51771616082,0.00269804597458547,0.0135609908318161,0.0162590368064016
"37123",1699.19241360846,1371.67530641828,3070.86772002675,"North Carolina","NC","Montgomery County","37",4485.86797192635,3621.22280894427,8107.09078087062,0.0235998946334509,0.0190510459224762,0.0426509405559271
"37125",19878.5986375589,12237.5851767672,32116.1838143261,"North Carolina","NC","Moore County","37",52479.5004031556,32307.2248666653,84786.725269821,0.276091647743874,0.169966460788433,0.446058108532307
"37127",64503.2307814564,21857.4650419612,86360.6958234176,"North Carolina","NC","Nash County","37",170288.529263045,57703.7077107776,227992.236973822,0.895878205298005,0.303575903360573,1.19945410865858
"37129",52009.4486184122,67782.0463908243,119791.495009236,"North Carolina","NC","New Hanover County","37",137304.944352608,178944.602471776,316249.546824384,0.722353453033502,0.941417310983671,1.66377076401717
"37131",11415.0211252023,3300.13434941207,14715.1554746144,"North Carolina","NC","Northampton County","37",30135.6557705341,8712.35468244786,38848.0104529819,0.158541960072254,0.0458351992973898,0.204377159369644
"37133",56802.6051364795,34314.212771241,91116.8179077205,"North Carolina","NC","Onslow County","37",149958.877560306,90589.5217160762,240548.399276382,0.788925071339994,0.476586288489458,1.26551135982945
"37135",433893.303033515,1341447.31808481,1775340.62111833,"North Carolina","NC","Orange County","37",1145478.32000848,3541420.91974391,4686899.23975239,6.02629587546549,18.631212751178,24.6575086266435
"37137",1619.47770139245,6138.25494741359,7757.73264880604,"North Carolina","NC","Pamlico County","37",4275.42113167608,16204.9930611719,20480.414192848,0.022492745852673,0.0852535409362998,0.107746286788973
"37139",17998.0045537404,12698.7948414645,30696.7993952048,"North Carolina","NC","Pasquotank County","37",47514.7320218746,33524.8183814662,81039.5504033407,0.249972285468616,0.176372150575895,0.426344436044511
"37141",3532.77449282721,11816.1607222632,15348.9352150905,"North Carolina","NC","Pender County","37",9326.52466106385,31194.664306775,40521.1889678388,0.049066312400378,0.164113343364767,0.213179655765145
"37143",2122.03781690354,2133.12046598511,4255.15828288865,"North Carolina","NC","Perquimans County","37",5602.17983662534,5631.43803020069,11233.617866826,0.0294727474569936,0.0296266731386821,0.0590994205956756
"37145",48041.5630558153,93409.4554144946,141451.01847031,"North Carolina","NC","Person County","37",126829.726467352,246600.962294266,373430.688761618,0.667243931330768,1.29735354742354,1.9645974787543
"37147",66661.730076295,123725.949609296,190387.679685591,"North Carolina","NC","Pitt County","37",175986.967401419,326636.506968543,502623.474369961,0.925857362170764,1.71841596679578,2.64427332896655
"37149",1029.82275454863,3336.20018514357,4366.02293969221,"North Carolina","NC","Polk County","37",2718.7320720084,8807.56848877903,11526.3005607874,0.0143030938131755,0.0463361136825496,0.0606392074957251
"37151",79420.956537114,46627.9440268359,126048.90056395,"North Carolina","NC","Randolph County","37",209671.325257981,123097.772230847,332769.097488828,1.10306884079325,0.647610333706054,1.7506791744993
"37153",30197.2046681152,11478.7966561078,41676.001324223,"North Carolina","NC","Richmond County","37",79720.6203238242,30304.0231721245,110024.643495949,0.419405620390489,0.15942773133483,0.578833351725319
"37155",75512.4548571779,37260.2551377058,112772.709994884,"North Carolina","NC","Robeson County","37",199352.88082295,98367.0735635433,297719.954386493,1.04878409523858,0.517503543579247,1.56628763881783
"37157",60724.8052074748,40911.499514992,101636.304722467,"North Carolina","NC","Rockingham County","37",160313.485747734,108006.358719579,268319.844467312,0.843400072326039,0.568215271041555,1.41161534336759
"37159",31123.8890292977,24465.8945723804,55589.7836016782,"North Carolina","NC","Rowan County","37",82167.067037346,64589.9616710844,146757.02870843,0.432276236518024,0.339804091283062,0.772080327801086
"37161",19935.8873181661,8654.78274342605,28590.6700615921,"North Carolina","NC","Rutherford County","37",52630.7425199584,22848.6264426448,75479.3689626032,0.276887323863418,0.120205315880917,0.397092639744335
"37163",23669.3727838579,10228.4498069748,33897.8225908327,"North Carolina","NC","Sampson County","37",62487.1441493849,27003.1074904134,89490.2516397983,0.328741288664693,0.142061802874649,0.470803091539343
"37165",12498.2874239516,5231.30144728066,17729.5888712323,"North Carolina","NC","Scotland County","37",32995.4787992323,13810.635820821,46806.1146200532,0.173587325332661,0.0726569645455648,0.246244289878226
"37167",20132.4434351646,11905.5077632948,32037.9511984594,"North Carolina","NC","Stanly County","37",53149.6506688345,31430.5404950982,84580.1911639327,0.279617269932842,0.165354274490205,0.444971544423047
"37169",14549.7250054812,21394.5350983496,35944.2601038308,"North Carolina","NC","Stokes County","37",38411.2740144703,56481.5726596431,94892.8466741133,0.202079513965016,0.297146320810412,0.499225834775428
"37171",5106.65481897396,18950.8016677033,24057.4564866773,"North Carolina","NC","Surry County","37",13481.5687220913,50030.1164027367,63511.685124828,0.0709257613746384,0.263205578718101,0.33413134009274
"37173",1676.32158340869,2376.22646346273,4052.54804687142,"North Carolina","NC","Swain County","37",4425.48898019893,6273.23786354162,10698.7268437406,0.0232822442140096,0.0330031453258713,0.0562853895398809
"37175",843.834299976935,1571.48506670264,2415.31936667957,"North Carolina","NC","Transylvania County","37",2227.72255193911,4148.72057609497,6376.44312803407,0.011719920833013,0.0218261814819811,0.0335461023149941
"37177",11125.1678401865,2823.04281815426,13948.2106583407,"North Carolina","NC","Tyrrell County","37",29370.4430980923,7452.83303992726,36823.2761380195,0.15451622000259,0.0392089280299203,0.19372514803251
"37179",53942.6966897299,41106.892054682,95049.5887444119,"North Carolina","NC","Union County","37",142408.719260887,108522.195024361,250930.914285247,0.749204120690693,0.570929056315028,1.32013317700572
"37181",28433.9019993305,30243.6016597286,58677.5036590591,"North Carolina","NC","Vance County","37",75065.5012782325,79843.1083816834,154908.609659916,0.394915305546257,0.420050023051786,0.814965328598042
"37183",3673937.8975584,1767423.98749229,5441361.88505069,"North Carolina","NC","Wake County","37",9699196.04955418,4665999.32697964,14365195.3765338,51.0269152438667,24.5475553818373,75.574470625704
"37185",30442.355798018,17538.0187758779,47980.3745738959,"North Carolina","NC","Warren County","37",80367.8193067676,46300.3695683177,126668.188875085,0.422810497194695,0.243583594109415,0.66639409130411
"37187",5874.97315462917,3093.47558528401,8968.44873991318,"North Carolina","NC","Washington County","37",15509.929128221,8166.77554514978,23676.7046733708,0.0815968493698496,0.0429649386845001,0.12456178805435
"37189",1082.3943829535,36468.7072817682,37551.1016647217,"North Carolina","NC","Watauga County","37",2857.52117099725,96277.387223868,99134.9083948653,0.0150332553187986,0.506509823357892,0.52154307867669
"37191",75677.3692309228,31153.0236661586,106830.392897081,"North Carolina","NC","Wayne County","37",199788.254769636,82243.9824786587,282032.237248295,1.05107457265171,0.432680884252203,1.48375545690391
"37193",5208.36564144158,10557.3898158904,15765.755457332,"North Carolina","NC","Wilkes County","37",13750.0852934058,27871.5091139506,41621.5944073564,0.0723384116866886,0.146630414109589,0.218968825796277
"37195",31053.3173689256,17531.7104659725,48585.027834898,"North Carolina","NC","Wilson County","37",81980.7578539635,46283.7156301673,128264.473484131,0.431296074568411,0.243495978694062,0.674792053262472
"37197",4016.8860643175,9174.89687250436,13191.7829368219,"North Carolina","NC","Yadkin County","37",10604.5792097982,24221.7277434115,34826.3069532097,0.0557900842266319,0.127429123229227,0.183219207455859
"37199",503.643280348674,1929.36602992373,2433.00931027241,"North Carolina","NC","Yancey County","37",1329.6182601205,5093.52631899865,6423.14457911915,0.00699504556039825,0.0267967504156074,0.0337917959760057
"38001",66.3151165074902,71.4822636864721,137.797380193962,"North Dakota","ND","Adams County","38",175.071907579774,188.713176132286,363.78508371206,0.000921043284826253,0.000992809217867668,0.00191385250269392
"38003",3468.28241198526,4901.25634534731,8369.53875733258,"North Dakota","ND","Barnes County","38",9156.26556764109,12939.3167517169,22095.582319358,0.0481705890553508,0.0680730047964905,0.116243593851841
"38005",413.64762663273,571.548881436779,985.196508069508,"North Dakota","ND","Benson County","38",1092.02973431041,1508.8890469931,2600.9187813035,0.00574510592545458,0.00793817890884415,0.0136832848342987
"38007",33.6153592854521,47.7662283421695,81.3815876276217,"North Dakota","ND","Billings County","38",88.7445485135937,126.102842823328,214.847391336921,0.000466879990075724,0.000663419838085688,0.00113029982816141
"38009",432.636761087263,603.94165322131,1036.57841430857,"North Dakota","ND","Bottineau County","38",1142.16104927037,1594.40596450426,2736.56701377463,0.00600884390398976,0.00838807851696264,0.0143969224209524
"38011",216.318380543631,301.970826610655,518.289207154287,"North Dakota","ND","Bowman County","38",571.080524635187,797.20298225213,1368.28350688732,0.00300442195199488,0.00419403925848132,0.0071984612104762
"38013",399.021401801811,556.175424879141,955.196826680952,"North Dakota","ND","Burke County","38",1053.41650075678,1468.30312168093,2521.71962243771,0.00554196391391404,0.00772465867887696,0.013266622592791
"38015",7093.29428170125,9704.2962099494,16797.5904916507,"North Dakota","ND","Burleigh County","38",18726.2969036913,25619.3419942664,44345.6388979577,0.0985179761347396,0.134781891804853,0.233299867939592
"38017",222847.974410528,315399.034600895,538247.009011422,"North Dakota","ND","Cass County","38",588318.652443793,832653.451346362,1420972.10379015,3.09511075570177,4.38054214723465,7.47565290293642
"38019",686.933410539961,970.698023401028,1657.63143394099,"North Dakota","ND","Cavalier County","38",1813.5042038255,2562.64278177871,4376.14698560421,0.00954074181305501,0.0134819169916809,0.023022658804736
"38021",955.85628482358,1489.77713470085,2445.63341952443,"North Dakota","ND","Dickey County","38",2523.46059193425,3933.01163561023,6456.47222754448,0.0132757817336608,0.0206913490930673,0.0339671308267281
"38023",33.6153592854521,47.7662283421695,81.3815876276217,"North Dakota","ND","Divide County","38",88.7445485135937,126.102842823328,214.847391336921,0.000466879990075724,0.000663419838085688,0.00113029982816141
"38025",149.273804327377,211.439111396835,360.712915724212,"North Dakota","ND","Dunn County","38",394.082843424275,558.199254087646,952.282097511921,0.00207324728232468,0.00293665432495605,0.00500990160728073
"38027",346.416908061825,476.01642475244,822.433332814265,"North Dakota","ND","Eddy County","38",914.540637283219,1256.68336134644,2171.22399862966,0.00481134594530313,0.00661133923267278,0.0114226851779759
"38029",264.559964660002,365.110511510463,629.670476170465,"North Dakota","ND","Emmons County","38",698.438306702406,963.891750387621,1662.33005709003,0.00367444395361114,0.0050709793265342,0.00874542328014534
"38031",1176.53757499082,1671.81799197593,2848.35556696676,"North Dakota","ND","Foster County","38",3106.05919797578,4413.59949881646,7519.65869679224,0.0163407996526503,0.0232196943329991,0.0395604939856494
"38033",48.2415841163707,63.1396848998075,111.381269016178,"North Dakota","ND","Golden Valley County","38",127.357782067219,166.688768135492,294.04655020271,0.00067002200161626,0.000876940068052882,0.00154696206966914
"38035",136181.959582138,178749.735203806,314931.694785944,"North Dakota","ND","Grand Forks County","38",359520.373296845,471899.300938048,831419.674234892,1.89141610530747,2.48263521116397,4.37405131647145
"38037",291.182333341214,301.970826610655,593.153159951869,"North Dakota","ND","Grant County","38",768.721360020804,797.20298225213,1565.92434227293,0.00404419907418352,0.00419403925848132,0.00823823833266485
"38039",201.692155712713,286.597370053017,488.28952576573,"North Dakota","ND","Griggs County","38",532.467291081562,756.617056939966,1289.08434802153,0.00280127994045435,0.00398051902851413,0.00678179896896848
"38041",106.082078706774,148.379723450587,254.461802157361,"North Dakota","ND","Hettinger County","38",280.056687785884,391.722469909549,671.779157695433,0.00147336220426075,0.00206082949236926,0.00353419169663001
"38043",249.933739829084,349.737054952825,599.670794781909,"North Dakota","ND","Kidder County","38",659.825073148781,923.305825075458,1583.13089822424,0.00347130194207061,0.00485745909656701,0.00832876103863762
"38045",850.647297343606,1192.50984988498,2043.15714722859,"North Dakota","ND","LaMoure County","38",2245.70886498712,3148.22600369635,5393.93486868347,0.011814545796439,0.0165626368039581,0.028377182600397
"38047",67.2307185709042,95.532456684339,162.763175255243,"North Dakota","ND","Logan County","38",177.489097027187,252.205685646655,429.694782673842,0.000933759980151447,0.00132683967617137,0.00226059965632282
"38049",399.021401801811,556.175424879141,955.196826680952,"North Dakota","ND","McHenry County","38",1053.41650075678,1468.30312168093,2521.71962243771,0.00554196391391404,0.00772465867887696,0.013266622592791
"38051",394.658492178196,539.156109652248,933.814601830444,"North Dakota","ND","McIntosh County","38",1041.89841935044,1423.37212948193,2465.27054883237,0.00548136794691939,0.00748827930072566,0.0129696472476451
"38053",350.96596004009,498.036481449853,849.002441489943,"North Dakota","ND","McKenzie County","38",926.550134505837,1314.81631102761,2241.36644553345,0.00487452722277903,0.00691717335347018,0.0117917005762492
"38055",592.196424760826,886.130418233456,1478.32684299428,"North Dakota","ND","McLean County","38",1563.39856136858,2339.38430413632,3902.7828655049,0.00822495034390036,0.0123073669199091,0.0205323172638095
"38057",701.55963537088,986.071479958666,1687.63111532955,"North Dakota","ND","Mercer County","38",1852.11743737912,2603.22870709088,4455.34614447,0.00974388382459555,0.0136954372216481,0.0234393210462437
"38059",1274.55823918364,1828.00119089018,3102.55943007382,"North Dakota","ND","Morton County","38",3364.83375144481,4825.92314395007,8190.75689539489,0.0177021977664395,0.0253889054290303,0.0430911031954697
"38061",678.207591292733,936.659392947243,1614.86698423998,"North Dakota","ND","Mountrail County","38",1790.46804101282,2472.78079738072,4263.24883839354,0.00941954987906574,0.0130091582353784,0.0224287081144441
"38063",643.159619642691,762.114340535004,1405.2739601777,"North Dakota","ND","Nelson County","38",1697.94139585671,2011.98185901241,3709.92325486912,0.00893277249503738,0.0105849213963195,0.0195176938913569
"38065",142.094671368487,95.532456684339,237.627128052825,"North Dakota","ND","Oliver County","38",375.129932412804,252.205685646655,627.335618059459,0.00197353710234009,0.00132683967617137,0.00330037677851146
"38067",1104.50101628675,1549.78170071446,2654.28271700121,"North Dakota","ND","Pembina County","38",2915.88268299702,4091.42368988618,7007.3063728832,0.0153402918928715,0.0215247458432564,0.0368650377361279
"38069",529.119929320005,730.221023020926,1259.34095234093,"North Dakota","ND","Pierce County","38",1396.87661340481,1927.78350077524,3324.66011418006,0.00734888790722229,0.0101419586530684,0.0174908465602907
"38071",2074.77878236977,2632.64086336143,4707.4196457312,"North Dakota","ND","Ramsey County","38",5477.4159854562,6950.17187927418,12427.5878647304,0.028816371977358,0.0365644564355754,0.0653808284129334
"38073",1224.7791591072,1734.95767687574,2959.73683598294,"North Dakota","ND","Ransom County","38",3233.416980043,4580.28826695195,7813.70524699495,0.0170108216542666,0.024096634401052,0.0411074560553186
"38075",216.318380543631,301.970826610655,518.289207154287,"North Dakota","ND","Renville County","38",571.080524635187,797.20298225213,1368.28350688732,0.00300442195199488,0.00419403925848132,0.0071984612104762
"38077",4720.77652479423,6702.64542446139,11423.4219492556,"North Dakota","ND","Richland County","38",12462.8500254568,17694.9839205781,30157.8339460348,0.0655663406221421,0.0930922975619637,0.158658638184106
"38079",591.987738267293,874.322482716043,1466.31022098334,"North Dakota","ND","Rolette County","38",1562.84762902565,2308.21135437035,3871.05898339601,0.00822205192037908,0.0121433678155006,0.0203654197358797
"38081",466.252120372716,651.707881563481,1117.9600019362,"North Dakota","ND","Sargent County","38",1230.90559778397,1720.50880732759,2951.41440511156,0.0064757238940655,0.00905149835504835,0.0155272222491139
"38083",230.94460537455,317.344283168293,548.288888542844,"North Dakota","ND","Sheridan County","38",609.693758188813,837.788907564294,1447.48266575311,0.00320756396353542,0.00440755948844852,0.00761512345198394
"38085",235.307514998165,334.363598395187,569.671113393351,"North Dakota","ND","Sioux County","38",621.211839595155,882.719899763293,1503.93173935845,0.00326815993053007,0.00464393886659981,0.00791209879712988
"38087",149.087661972727,206.438369926316,355.526031899043,"North Dakota","ND","Slope County","38",393.591427608,544.997296605475,938.588724213475,0.00207066197184343,0.00286719958230995,0.00493786155415338
"38089",1705.65750431083,2404.09231438685,4109.74981869768,"North Dakota","ND","Stark County","38",4502.93581138059,6346.80370998128,10849.7395213619,0.0236896875598726,0.0333901710331507,0.0570798585930233
"38091",216.318380543631,301.970826610655,518.289207154287,"North Dakota","ND","Steele County","38",571.080524635187,797.20298225213,1368.28350688732,0.00300442195199488,0.00419403925848132,0.0071984612104762
"38093",4543.97390911972,6429.77565229672,10973.7495614164,"North Dakota","ND","Stutsman County","38",11996.0911200761,16974.6077220633,28970.6988421394,0.0631107487377738,0.0893024396152322,0.152413188353006
"38095",134.461437141809,191.064913368678,325.526350510487,"North Dakota","ND","Towner County","38",354.978194054375,504.411371293311,859.389565347686,0.0018675199603029,0.00265367935234276,0.00452119931264566
"38097",3065.39725707305,4079.91604004924,7145.31329712228,"North Dakota","ND","Traill County","38",8092.64875867284,10770.97834573,18863.6271044028,0.0425749619037923,0.0566655005562394,0.0992404624600317
"38099",1874.17921167761,2475.61458044654,4349.79379212415,"North Dakota","ND","Walsh County","38",4947.8331188289,6535.62249237886,11483.4556112078,0.0260302668288557,0.0343835358395353,0.060413802668391
"38101",5446.78673055369,7503.19189317515,12949.9786237288,"North Dakota","ND","Ward County","38",14379.5169686617,19808.4265979824,34187.9435666441,0.0756498157021346,0.104210998516322,0.179860814218456
"38103",258.216628566756,374.29116605637,632.507794623126,"North Dakota","ND","Wells County","38",681.691899416235,988.128678388818,1669.82057780505,0.00358634206342716,0.00519848841744959,0.00878483048087675
"38105",1682.67327432235,2375.45515439319,4058.12842871554,"North Dakota","ND","Williams County","38",4442.25744421101,6271.20160759801,10713.459051809,0.023370462143366,0.0329924326999054,0.0563628948432714
"39001",1161.79034230394,1912.15652195759,3073.94686426152,"Ohio","OH","Adams County","39",3067.12650368239,5048.09321796803,8115.21972165042,0.0161359769764436,0.0265577294716331,0.0426937064480767
"39003",6896.8624823442,13252.2500885692,20149.1125709134,"Ohio","OH","Allen County","39",18207.7169533887,34985.9402338228,53193.6571872115,0.095789756699225,0.184059029007906,0.279848785707131
"39005",3781.13253481051,6349.46407387265,10130.5966086832,"Ohio","OH","Ashland County","39",9982.18989189975,16762.5851550238,26744.7750469236,0.052515729650146,0.0881870010260091,0.140702730676155
"39007",13141.0972316146,13119.2287121207,26260.3259437353,"Ohio","OH","Ashtabula County","39",34692.4966914625,34634.7637999987,69327.2604914612,0.18251523932798,0.182211509890566,0.364726749218546
"39009",51442.0145114376,37793.9776062917,89235.9921177293,"Ohio","OH","Athens County","39",135806.918310195,99776.1008806101,235583.019190805,0.714472423769967,0.52491635564294,1.23938877941291
"39011",1049.32866362293,2166.26064333768,3215.58930696061,"Ohio","OH","Auglaize County","39",2770.22767196454,5718.92809841148,8489.15577037602,0.0145740092169852,0.03008695337969,0.0446609625966752
"39013",8741.29962359866,8295.19231635537,17036.491939954,"Ohio","OH","Belmont County","39",23077.0310063005,21899.3077151782,44976.3387214787,0.121406939216648,0.115211004393825,0.236617943610473
"39015",7512.59059095607,10294.3789403076,17806.9695312637,"Ohio","OH","Brown County","39",19833.239160124,27177.1604024122,47010.3995625362,0.104341535985501,0.142977485282051,0.247319021267552
"39017",168130.498447936,300908.72574384,469039.224191775,"Ohio","OH","Butler County","39",443864.51590255,794399.035963737,1238263.55186629,2.33514581177688,4.17928785755333,6.51443366933021
"39019",1116.55265526951,1804.42582705686,2920.97848232638,"Ohio","OH","Carroll County","39",2947.69900991151,4763.68418343012,7711.38319334163,0.0155076757676321,0.0250614698202342,0.0405691455878663
"39021",1947.06333134529,3688.07895957196,5635.14229091724,"Ohio","OH","Champaign County","39",5140.24719475155,9736.52845326997,14876.7756480215,0.0270425462686845,0.0512233188829439,0.0782658651516284
"39023",16800.819904129,16444.241912865,33245.061816994,"Ohio","OH","Clark County","39",44354.1645469007,43412.7986499635,87766.9631968641,0.233344720890681,0.228392248789791,0.461736969680472
"39025",92640.2721640189,107483.311322908,200123.583486927,"Ohio","OH","Clermont County","39",244570.31851301,283755.941892477,528326.260405487,1.28667044672249,1.49282376837372,2.77949421509621
"39027",5277.239693385,8167.99228770731,13445.2319810923,"Ohio","OH","Clinton County","39",13931.9127905364,21563.4996395473,35495.4124300837,0.0732949957414584,0.113444337329268,0.186739333070727
"39029",8567.90547320166,13957.0980649422,22525.0035381438,"Ohio","OH","Columbiana County","39",22619.2704492524,36846.7388914473,59466.0093406997,0.118998687127801,0.193848584235308,0.312847271363109
"39031",4456.07561707153,7868.16657302979,12324.2421901013,"Ohio","OH","Coshocton County","39",11764.0396290689,20771.9597527986,32535.9993818675,0.0618899391259935,0.10928009129208,0.171170030418074
"39033",4044.72567607826,9634.41410306523,13679.1397791435,"Ohio","OH","Crawford County","39",10678.0757848466,25434.8532320922,36112.9290169388,0.056176745501087,0.133811306987017,0.189988052488104
"39035",1297117.91195342,742528.079196624,2039645.99115004,"Ohio","OH","Cuyahoga County","39",3424391.28755702,1960274.12907909,5384665.4166361,18.0155265549085,10.312889988842,28.3284165437505
"39037",6182.10477618469,6884.69785188859,13066.8026280733,"Ohio","OH","Darke County","39",16320.7566091276,18175.6023289859,34496.3589381135,0.0858625663358984,0.0956208034984527,0.181483369834351
"39039",1241.33316301134,5885.62771731182,7126.96088032315,"Ohio","OH","Defiance County","39",3277.11955034994,15538.0571737032,18815.1767240531,0.0172407383751575,0.0817448294071086,0.098985567782266
"39041",115114.362946453,266748.896997043,381863.259943496,"Ohio","OH","Delaware County","39",303901.918178637,704217.088072193,1008119.00625083,1.59881059647852,3.7048457916256,5.30365638810412
"39043",4799.07885842245,15876.3587741114,20675.4376325339,"Ohio","OH","Erie County","39",12669.5681862353,41913.5871636541,54583.1553498894,0.0666538730336452,0.22050498297377,0.287158856007415
"39045",44846.3308855891,85334.9091358091,130181.240021398,"Ohio","OH","Fairfield County","39",118394.313537955,225284.160118536,343678.473656491,0.622865706744293,1.18520707133068,1.80807277807498
"39047",1722.19157371535,3166.11469816483,4888.30627188018,"Ohio","OH","Fayette County","39",4546.58575460853,8358.54280315515,12905.1285577637,0.0239193274127132,0.0439738152522893,0.0678931426650025
"39049",987570.339397846,2228758.53486112,3216328.87425897,"Ohio","OH","Franklin County","39",2607185.69601031,5883922.53203336,8491108.22804368,13.716254713859,30.9549796508489,44.6712343647079
"39051",10421.620744231,17124.907007411,27546.5277516419,"Ohio","OH","Fulton County","39",27513.0787647698,45209.7544995649,72722.8332643347,0.144744732558764,0.237845930658486,0.382590663217249
"39053",2345.49266368396,1567.78663663605,3913.27930032,"Ohio","OH","Gallia County","39",6192.10063212564,4138.95672071916,10331.0573528448,0.0325762869956105,0.0217748143977229,0.0543511013933334
"39055",48912.0307649108,31172.6265170815,80084.6572819924,"Ohio","OH","Geauga County","39",129127.761219365,82295.7340050952,211423.49522446,0.679333760623762,0.432953146070577,1.11228690669434
"39057",50611.5661529188,25038.3474346124,75649.9135875312,"Ohio","OH","Greene County","39",133614.534643706,66101.2372273767,199715.771871082,0.702938418790539,0.347754825480728,1.05069324427127
"39059",1644.70964572004,2677.19025419913,4321.89989991916,"Ohio","OH","Guernsey County","39",4342.0334647009,7067.7822710857,11409.8157357866,0.0228431895238894,0.0371831979749879,0.0600263874988773
"39061",795725.641411547,904132.553581364,1699858.19499291,"Ohio","OH","Hamilton County","39",2100715.69332648,2386909.9414548,4487625.63478129,11.0517450196048,12.5573965775189,23.6091415971238
"39063",3516.50480365635,23900.978661144,27417.4834648004,"Ohio","OH","Hancock County","39",9283.57268165277,63098.5836654202,72382.156347073,0.0488403444952271,0.331958036960334,0.380798381455561
"39065",272.333891132737,1318.87941180022,1591.21330293295,"Ohio","OH","Hardin County","39",718.961472590427,3481.84164715257,4200.803119743,0.00378241515462135,0.0183177696083363,0.0221001847629577
"39067",1888.89692546105,1256.05986839105,3144.9567938521,"Ohio","OH","Harrison County","39",4986.68788321717,3315.99805255238,8302.68593576956,0.0262346795202924,0.0174452759498758,0.0436799554701681
"39069",804.256220614091,13659.0498909502,14463.3061115643,"Ohio","OH","Henry County","39",2123.2364224212,36059.8917121086,38183.1281345298,0.0111702252863068,0.189709026263198,0.200879251549504
"39071",8464.48466968707,9597.38032395908,18061.8649936461,"Ohio","OH","Highland County","39",22346.2395279739,25337.084055252,47683.3235832258,0.117562287078987,0.133296948943876,0.250859236022863
"39073",6340.24671695768,5556.15035721127,11896.397074169,"Ohio","OH","Hocking County","39",16738.2513327683,14668.2369430378,31406.488275806,0.0880589821799678,0.0771687549612677,0.165227737141236
"39075",2002.94362480503,6795.3751496949,8798.31877449992,"Ohio","OH","Holmes County","39",5287.77116948528,17939.7903951945,23227.5615646798,0.0278186614556254,0.0943802104124291,0.122198871868054
"39077",2787.64271480838,9276.43311075931,12064.0758255677,"Ohio","OH","Huron County","39",7359.37676709411,24489.7834124046,31849.1601794987,0.0387172599278941,0.128839348760546,0.16755660868844
"39079",858.153914972096,619.141815855245,1477.29573082734,"Ohio","OH","Jackson County","39",2265.52633552633,1634.53439385785,3900.06072938418,0.0119188043746124,0.00859919188687841,0.0205179962614909
"39081",7533.36649361928,9436.75261518203,16970.1191088013,"Ohio","OH","Jefferson County","39",19888.0875431549,24913.0269040806,44801.1144472354,0.104630090189157,0.131066008544195,0.235696098733351
"39083",5064.78566602386,45412.3090664209,50477.0947324447,"Ohio","OH","Knox County","39",13371.034158303,119888.495935351,133259.530093654,0.0703442453614425,0.630726514811401,0.701070760172844
"39085",116320.601369146,73897.0617567653,190217.663125912,"Ohio","OH","Lake County","39",307086.387614547,195088.24303786,502174.630652407,1.61556390790481,1.02634807995507,2.64191198785988
"39087",26026.4809843669,5212.72956704526,31239.2105514121,"Ohio","OH","Lawrence County","39",68709.9097987285,13761.6060569995,82471.515855728,0.361478902560651,0.0723990217645175,0.433877924325168
"39089",45684.658627005,91981.1595961249,137665.81822313,"Ohio","OH","Licking County","39",120607.498775293,242830.26133377,363437.760109063,0.634509147597292,1.27751610550173,1.91202525309903
"39091",5978.70229533068,7028.05027048018,13006.7525658109,"Ohio","OH","Logan County","39",15783.774059673,18554.0527140677,34337.8267737407,0.0830375318795927,0.0976118093122247,0.180649341191817
"39093",73228.0072044441,146194.219255013,219422.226459457,"Ohio","OH","Lorain County","39",193321.939019733,385952.738833234,579274.677852966,1.01705565561728,2.03047526743073,3.04753092304801
"39095",143176.259192735,274629.409113618,417805.668306353,"Ohio","OH","Lucas County","39",377985.32426882,725021.640059953,1103006.96432877,1.98855915545465,3.81429734880026,5.8028565042549
"39097",14425.6536973081,32543.400741532,46969.0544388401,"Ohio","OH","Madison County","39",38083.7257608933,85914.5779576446,123998.303718538,0.200356301351501,0.451991676965723,0.652347978317224
"39099",15754.7280667991,54812.4995772103,70567.2276440094,"Ohio","OH","Mahoning County","39",41592.4820963497,144704.998883835,186297.480980185,0.218815667594432,0.761284716350143,0.980100383944575
"39101",6371.00139765664,14002.5978317136,20373.5992293702,"Ohio","OH","Marion County","39",16819.4436898135,36966.8582757239,53786.3019655374,0.0884861305230089,0.194480525440467,0.282966655963476
"39103",79398.4793380158,64342.4878505813,143740.967188597,"Ohio","OH","Medina County","39",209611.985452362,169864.167925535,379476.153377896,1.10275665747244,0.893645664591407,1.99640232206385
"39105",6554.53050482958,5553.61811192823,12108.1486167578,"Ohio","OH","Meigs County","39",17303.9605327501,14661.5518154905,31965.5123482406,0.0910351459004109,0.0771335848878922,0.168168730788303
"39107",2600.80987987104,2556.90875845971,5157.71863833075,"Ohio","OH","Mercer County","39",6866.13808285955,6750.23912233364,13616.3772051932,0.0361223594426534,0.0355126216452738,0.0716349810879271
"39109",12064.8682440284,10381.7208135017,22446.5890575301,"Ohio","OH","Miami County","39",31851.2521642351,27407.7429476445,59258.9951118796,0.167567614500395,0.14419056685419,0.311758181354585
"39111",985.921427954326,1932.72150225849,2918.64293021282,"Ohio","OH","Monroe County","39",2602.83256979942,5102.38476596242,7705.21733576184,0.0136933531660323,0.0268433541980346,0.0405367073640669
"39113",179213.457684733,83239.2345219697,262452.692206703,"Ohio","OH","Montgomery County","39",473123.528287696,219751.579138,692875.107425696,2.48907580117685,1.1561004794718,3.64517628064865
"39115",344.1783660061,426.420302795783,770.598668801883,"Ohio","OH","Morgan County","39",908.630886256104,1125.74959938087,2034.38048563697,0.00478025508341805,0.00592250420549698,0.010702759288915
"39117",2438.10698539607,6948.05595924092,9386.16294463699,"Ohio","OH","Morrow County","39",6436.60244144562,18342.867732396,24779.4701738417,0.0338625970193898,0.0965007772116795,0.130363374231069
"39119",8633.16248727126,15219.4250928795,23852.5875801508,"Ohio","OH","Muskingum County","39",22791.5489663961,40179.2822452019,62970.831211598,0.119905034545434,0.211380904067771,0.331285938613205
"39121",1697.98795123328,1150.26128378232,2848.2492350156,"Ohio","OH","Noble County","39",4482.68819125585,3036.68978918532,7519.37798044117,0.0235831659893511,0.0159758511636433,0.0395590171529944
"39123",4391.53302872827,17120.2194718759,21511.7525006041,"Ohio","OH","Ottawa County","39",11593.6471958426,45197.3794057523,56791.0266015949,0.0609935142878926,0.237780825998276,0.298774340286169
"39125",211.787134335873,1000.6282187539,1212.41535308978,"Ohio","OH","Paulding County","39",559.118034646704,2641.65849751031,3200.77653215701,0.00294148797688712,0.0138976141493598,0.0168391021262469
"39127",1408.64085784184,2525.77179032109,3934.41264816293,"Ohio","OH","Perry County","39",3718.81186470246,6668.03752644768,10386.8493911501,0.0195644563589144,0.0350801637544596,0.054644620113374
"39129",18934.7831270566,41114.2127388195,60048.9958658761,"Ohio","OH","Pickaway County","39",49987.8274554295,108541.521630483,158529.349085913,0.262983098986898,0.571030732483604,0.834013831470502
"39131",3026.60452934357,4535.46285925239,7562.06738859596,"Ohio","OH","Pike County","39",7990.23595746702,11973.6219484263,19963.8579058933,0.0420361740186606,0.0629925397118388,0.105028713730499
"39133",59666.4433724539,87367.0415635942,147033.484936048,"Ohio","OH","Portage County","39",157519.410503278,230648.989727889,388168.400231167,0.828700602395193,1.2134311328277,2.04213173522289
"39135",11458.5389268225,25863.7257540617,37322.2646808843,"Ohio","OH","Preble County","39",30250.5427668115,68280.235990723,98530.7787575345,0.159146373983646,0.359218413250858,0.518364787234504
"39137",967.521387740734,2499.06815724842,3466.58954498916,"Ohio","OH","Putnam County","39",2554.25646363554,6597.53993513584,9151.79639877138,0.0134377970519546,0.0347092799617837,0.0481470770137383
"39139",3311.21880885064,10368.3577374297,13679.5765462803,"Ohio","OH","Richland County","39",8741.61765536569,27372.4644268144,36114.0820821801,0.0459891501229255,0.144004968575413,0.189994118698338
"39141",9759.06623919761,12895.4736962109,22654.5399354085,"Ohio","OH","Ross County","39",25763.9348714817,34044.0505579967,59807.9854294784,0.135542586655522,0.179103801336262,0.314646387991784
"39143",3577.75452568031,20318.5515849213,23896.3061106016,"Ohio","OH","Sandusky County","39",9445.27194779601,53640.9761841923,63086.2481319883,0.0496910350788932,0.28220210534613,0.331893140425023
"39145",4031.56548089283,7964.70434788914,11996.269828782,"Ohio","OH","Scioto County","39",10643.3328695571,21026.8194784273,31670.1523479844,0.0559939650124004,0.110620893720682,0.166614858733083
"39147",2996.31759138873,14015.0429826898,17011.3605740785,"Ohio","OH","Seneca County","39",7910.27844126624,36999.713474301,44909.9919155673,0.0416155221026212,0.19465337475958,0.236268896862201
"39149",3172.56175756203,3560.60008661751,6733.16184417954,"Ohio","OH","Shelby County","39",8375.56303996377,9399.98422867022,17775.547268634,0.0440633577439171,0.0494527789807987,0.0935161367247159
"39151",82939.857318471,76804.7437597346,159744.601078206,"Ohio","OH","Stark County","39",218961.223320763,202764.523525699,421725.746846463,1.15194246275654,1.06673255221854,2.21867501497508
"39153",391044.576800516,298018.51214045,689063.088940966,"Ohio","OH","Summit County","39",1032357.68275336,786768.872050788,1819126.55480415,5.43117467778494,4.13914600195069,9.57032067973563
"39155",14003.730991533,33473.4578227154,47477.1888142485,"Ohio","OH","Trumbull County","39",36969.8498176472,88369.9286519687,125339.778469616,0.194496263771292,0.464909136426603,0.659405400197895
"39157",3934.49751838325,7347.44323281676,11281.9407512,"Ohio","OH","Tuscarawas County","39",10387.0734485318,19397.2501346363,29784.323583168,0.054645798866434,0.102047822678011,0.156693621544445
"39159",27150.03814615,60083.0641098118,87233.1022559618,"Ohio","OH","Union County","39",71676.100705836,158619.289249903,230295.389955739,0.377083863140972,0.834487001525164,1.21157086466614
"39161",770.625438810145,1491.11165606824,2261.73709487839,"Ohio","OH","Van Wert County","39",2034.45115845878,3936.53477202016,5970.98593047895,0.0107031310945853,0.0207098841120589,0.0314130152066443
"39163",6050.27105732012,3871.65433539381,9921.92539271393,"Ohio","OH","Vinton County","39",15972.7155913251,10221.1674454397,26193.8830367648,0.0840315424627794,0.0537729768804696,0.137804519343249
"39165",88115.560206122,94818.3473114204,182933.907517542,"Ohio","OH","Warren County","39",232625.078944162,250320.43690215,482945.515846312,1.22382722508503,1.31692149043639,2.54074871552142
"39167",11501.7000482654,11044.4956972654,22546.1957455308,"Ohio","OH","Washington County","39",30364.4881274206,29157.4686407807,59521.9567682013,0.159745834003686,0.153395773573131,0.313141607576816
"39169",20256.1887769521,44465.1123756942,64721.3011526463,"Ohio","OH","Wayne County","39",53476.3383711534,117387.896671833,170864.235042986,0.281335955235445,0.617571005217975,0.89890696045342
"39171",1306.58939358814,4503.92732049284,5810.51671408098,"Ohio","OH","Williams County","39",3449.3959990727,11890.3681261011,15339.7641251738,0.0181470749109464,0.062554546117956,0.0807016210289025
"39173",22125.6860764849,265272.763574885,287398.44965137,"Ohio","OH","Wood County","39",58411.81124192,700320.095837696,758731.907079616,0.307301195506734,3.68434393854007,3.9916451340468
"39175",1804.08427990459,2718.4143417539,4522.49862165849,"Ohio","OH","Wyandot County","39",4762.78249894812,7176.6138622303,11939.3963611784,0.025056726109786,0.0377557547465819,0.0628124808563679
"40001",3664.36994744184,1515.02118490626,5179.3911323481,"Oklahoma","OK","Adair County","40",9673.93666124645,3999.65592815253,13673.592589399,0.0508940270478033,0.0210419609014759,0.0719359879492792
"40003",1314.71530094597,445.028049512171,1759.74335045814,"Oklahoma","OK","Alfalfa County","40",3470.84839449735,1174.87405071213,4645.72244520948,0.0182599347353606,0.00618094513211349,0.0244408798674741
"40005",1001.19657354014,407.259736748574,1408.45631028871,"Oklahoma","OK","Atoka County","40",2643.15895414597,1075.16570501623,3718.3246591622,0.0139055079658353,0.00565638523261908,0.0195618931984543
"40007",942.365938960285,375.783838465812,1318.1497774261,"Oklahoma","OK","Beaver County","40",2487.84607885515,992.069333549744,3479.9154124049,0.0130884158188928,0.00521921997869184,0.0183076357975847
"40009",2074.1173930453,762.046055909597,2836.1634489549,"Oklahoma","OK","Beckham County","40",5475.66991763959,2011.80158760134,7487.47150524093,0.0288071860145181,0.0105839729987444,0.0393911590132625
"40011",1367.7348574831,568.990741220245,1936.72559870334,"Oklahoma","OK","Blaine County","40",3610.82002375538,1502.13555682145,5112.95558057683,0.018996317465043,0.00790264918361451,0.0268989666486575
"40013",2788.76741177616,1462.48931401937,4251.25672579553,"Oklahoma","OK","Bryan County","40",7362.34596708907,3860.97178901115,11223.3177561002,0.0387328807191133,0.0203123515836024,0.0590452323027158
"40015",2803.00865520568,832.31319564195,3635.32185084763,"Oklahoma","OK","Caddo County","40",7399.942849743,2197.30683649475,9597.24968623775,0.0389306757667456,0.0115599054950271,0.0504905812617727
"40017",24881.9142270348,8527.52226801705,33409.4364950519,"Oklahoma","OK","Canadian County","40",65688.253559372,22512.658787565,88200.912346937,0.345582142042151,0.118437809278015,0.464019951320165
"40019",2537.67733732197,1215.17631866658,3752.85365598855,"Oklahoma","OK","Carter County","40",6699.46817053,3208.06548127978,9907.53365180978,0.0352455185739162,0.0168774488703692,0.0521229674442854
"40021",8644.73483066182,3831.58039461679,12476.3152252786,"Oklahoma","OK","Cherokee County","40",22822.0999529472,10115.3722417883,32937.4721947355,0.12006576153697,0.0532163943696776,0.173282155906647
"40023",322.958572409618,145.661282745994,468.619855155612,"Oklahoma","OK","Choctaw County","40",852.610631161392,384.545786449425,1237.15641761082,0.00448553572791136,0.00202307337147214,0.0065086090993835
"40025",161.479286204809,71.8235227247647,233.302808929573,"Oklahoma","OK","Cimarron County","40",426.305315580695,189.614099993379,615.919415574074,0.00224276786395568,0.000997548926732844,0.00324031679068852
"40027",1026344.66093689,256466.035929338,1282810.69686623,"Oklahoma","OK","Cleveland County","40",2709549.9048734,677070.334853451,3386620.23972685,14.2547869574568,3.56202827679636,17.8168152342532
"40029",242.218929307213,111.763758680076,353.982687987289,"Oklahoma","OK","Coal County","40",639.457973371043,295.0563229154,934.514296286443,0.00336415179593352,0.00155227442611216,0.00491642622204568
"40031",7741.03161401135,2791.72218991234,10532.7538039237,"Oklahoma","OK","Comanche County","40",20436.32346099,7370.14658136857,27806.4700423585,0.10751432797238,0.038773919304338,0.146288247276718
"40033",242.218929307213,109.749521383611,351.968450690825,"Oklahoma","OK","Cotton County","40",639.457973371043,289.738736452734,929.196709823777,0.00336415179593352,0.00152429890810572,0.00488845070403923
"40035",1540.22875797593,574.072549482362,2114.30130745829,"Oklahoma","OK","Craig County","40",4066.20392105646,1515.55153063343,5581.75545168989,0.021392066082999,0.00797322985392169,0.0293652959369207
"40037",19196.762821978,6864.23015821911,26060.9929801971,"Oklahoma","OK","Creek County","40",50679.453850022,18121.5676176984,68801.0214677205,0.266621705860806,0.0953365299752654,0.361958235836072
"40039",2992.34413921561,955.717106789291,3948.0612460049,"Oklahoma","OK","Custer County","40",7899.78852752922,2523.09316192373,10422.881689453,0.0415603352668835,0.0132738487054068,0.0548341839722903
"40041",3205.49442879239,1092.03718329264,4297.53161208503,"Oklahoma","OK","Delaware County","40",8462.50529201192,2882.97816389256,11345.4834559045,0.0445207559554499,0.0151671831012866,0.0596879390567365
"40043",1200.86163389259,664.024151415505,1864.88578530809,"Oklahoma","OK","Dewey County","40",3170.27471347643,1753.02375973693,4923.29847321336,0.0166786338040637,0.00922255765854869,0.0259011914626124
"40045",263.889632318007,107.735284087147,371.624916405154,"Oklahoma","OK","Ellis County","40",696.668629319538,284.421149990068,981.089779309607,0.00366513378219454,0.00149632339009927,0.00516145717229381
"40047",4782.70079854497,2201.92239760207,6984.62319614704,"Oklahoma","OK","Garfield County","40",12626.3301081587,5813.07512966947,18439.4052378282,0.0664263999797913,0.030582255522251,0.0970086555020423
"40049",7153.576436629,1977.98974002154,9131.56617665054,"Oklahoma","OK","Garvin County","40",18885.4417927006,5221.89291365687,24107.3347063574,0.0993552282865139,0.0274720797225214,0.126827308009035
"40051",17293.8474824683,5626.62743999942,22920.4749224677,"Oklahoma","OK","Grady County","40",45655.7573537163,14854.2964415985,60510.0537953148,0.240192326145393,0.0781476033333253,0.318339929478718
"40053",285.560335328801,109.749521383611,395.309856712412,"Oklahoma","OK","Grant County","40",753.879285268034,289.738736452734,1043.61802172077,0.00396611576845557,0.00152429890810572,0.00549041467656128
"40055",1131.56531173036,376.781436247606,1508.34674797797,"Oklahoma","OK","Greer County","40",2987.33242296816,994.70299169368,3982.03541466184,0.0157161848851439,0.00523307550343897,0.0209492603885829
"40057",296.448794141049,90.0524197304884,386.501213871538,"Oklahoma","OK","Harmon County","40",782.62481653237,237.738388088489,1020.36320462086,0.00411734436307013,0.00125072805181234,0.00536807241488247
"40059",538.667723448263,196.2250316539,734.892755102163,"Oklahoma","OK","Harper County","40",1422.08278990341,518.034083566297,1940.11687346971,0.00748149615900365,0.00272534766185973,0.0102068438208634
"40061",404.371425280299,187.164190865041,591.53561614534,"Oklahoma","OK","Haskell County","40",1067.54056273999,494.113463883708,1561.6540266237,0.00561626979555971,0.00259950265090334,0.00821577244646306
"40063",1128.69350599124,423.925961590562,1552.6194675818,"Oklahoma","OK","Hughes County","40",2979.75085581687,1119.16453859908,4098.91539441596,0.0156762986943228,0.00588786057764669,0.0215641592719695
"40065",3116.29594668253,1093.56300334634,4209.85895002887,"Oklahoma","OK","Jackson County","40",8227.02129924187,2887.00632883433,11114.0276280762,0.0432818881483684,0.0151883750464769,0.0584702631948453
"40067",174.396503640642,75.8519973176935,250.248500958335,"Oklahoma","OK","Jefferson County","40",460.406769611294,200.249272918711,660.656042530005,0.00242217366167558,0.00105349996274574,0.00347567362442132
"40069",551.584940884096,350.576708631193,902.161649515289,"Oklahoma","OK","Johnston County","40",1456.18424393401,925.52251078635,2381.70675472036,0.00766090195672355,0.00486912095321101,0.0125300229099346
"40071",6356.20784230627,2810.07117189594,9166.2790142022,"Oklahoma","OK","Kay County","40",16780.3887036885,7418.58789380527,24198.9765974938,0.0882806644764759,0.0390287662763324,0.127309430752808
"40073",1507.81535252471,741.696665284715,2249.51201780943,"Oklahoma","OK","Kingfisher County","40",3980.63253066524,1958.07919635165,5938.71172701689,0.0209418798961766,0.0103013425733988,0.0312432224695754
"40075",754.376874486909,250.817255154736,1005.19412964164,"Oklahoma","OK","Kiowa County","40",1991.55494864544,662.157553608502,2653.71250225394,0.010477456590096,0.00348357298826022,0.0139610295783562
"40077",88.6534502645383,43.2807289019462,131.934179166485,"Oklahoma","OK","Latimer County","40",234.045108698381,114.261124301138,348.306232999519,0.00123129792034081,0.000601121234749253,0.00183241915509006
"40079",2662.43609381075,1322.06096265381,3984.49705646456,"Oklahoma","OK","Le Flore County","40",7028.83128766039,3490.24094140605,10519.0722290664,0.0369782790807049,0.0183619578146362,0.0553402368953411
"40081",9071.87969243223,3917.64388793544,12989.5235803677,"Oklahoma","OK","Lincoln County","40",23949.7623880211,10342.5798641496,34292.3422521707,0.125998329061559,0.0544117206657701,0.180410049727329
"40083",16013.0314852633,6624.89498997031,22637.9264752336,"Oklahoma","OK","Logan County","40",42274.4031210951,17489.7227735216,59764.1258946167,0.222403215073101,0.0920124304162543,0.314415645489355
"40085",996.595803794122,364.143685998547,1360.73948979267,"Oklahoma","OK","Love County","40",2631.01292201648,961.339331036163,3592.35225305265,0.0138416083860295,0.00505755119442426,0.0188991595804537
"40087",49753.0542710833,12960.7177346538,62713.7720057372,"Oklahoma","OK","McClain County","40",131348.06327566,34216.2948194862,165564.358095146,0.691014642653935,0.180009968536859,0.871024611190794
"40089",777.844417701486,369.902928050508,1147.74734575199,"Oklahoma","OK","McCurtain County","40",2053.50926273192,976.543730053341,3030.05299278526,0.0108033946902984,0.00513754066736817,0.0159409353576666
"40091",3704.72090921451,1568.97835467647,5273.69926389099,"Oklahoma","OK","McIntosh County","40",9780.46320032632,4142.10285634589,13922.5660566722,0.0514544570724238,0.0217913660371733,0.0732458231095971
"40093",1173.69640945525,510.82160825921,1684.51801771446,"Oklahoma","OK","Major County","40",3098.55852096185,1348.56904580431,4447.12756676617,0.0163013390202118,0.00709474455915569,0.0233960835793675
"40095",1599.28391232545,625.74261118061,2225.02652350606,"Oklahoma","OK","Marshall County","40",4222.10952853918,1651.96049351681,5874.07002205599,0.0222122765600756,0.0086908695997307,0.0309031461598063
"40097",2529.83806175316,910.311981238199,3440.15004299136,"Oklahoma","OK","Mayes County","40",6678.77248302835,2403.22363046885,9081.9961134972,0.0351366397465717,0.0126432219616417,0.0477798617082133
"40099",1131.56531173036,442.189345985998,1573.75465771636,"Oklahoma","OK","Murray County","40",2987.33242296816,1167.37987340304,4154.71229637119,0.0157161848851439,0.00614151869424998,0.0218577035793939
"40101",13074.4207402666,6170.54575531221,19244.9664955788,"Oklahoma","OK","Muskogee County","40",34516.4707543037,16290.2407940242,50806.711548328,0.181589176948147,0.0857020243793362,0.267291201327483
"40103",24599.0813679648,10901.9583922368,35501.0397602015,"Oklahoma","OK","Noble County","40",64941.574811427,28781.1701555051,93722.744966932,0.341653907888399,0.151416088781066,0.493069996669466
"40105",1144.4825291662,373.204526787406,1517.6870559536,"Oklahoma","OK","Nowata County","40",3021.43387699876,985.259950718753,4006.69382771751,0.0158955906828638,0.00518339620538064,0.0210789868882445
"40107",700.147009653072,274.091266268058,974.23827592113,"Oklahoma","OK","Okfuskee County","40",1848.38810548411,723.600942947674,2571.98904843178,0.00972426402295933,0.00380682314261192,0.0135310871655712
"40109",218157.169636915,74254.4630061368,292411.632643052,"Oklahoma","OK","Oklahoma County","40",575934.927841456,196031.782336201,771966.710177657,3.0299606894016,1.03131198619634,4.06127267559794
"40111",6312.66917370491,2877.52212987251,9190.19130357741,"Oklahoma","OK","Okmulgee County","40",16665.446618581,7596.65842286342,24262.1050414444,0.0876759607459015,0.0399655851371182,0.12764154588302
"40113",6115.3037795674,2257.51776809913,8372.82154766652,"Oklahoma","OK","Osage County","40",16144.4019780579,5959.8469077817,22104.2488858396,0.0849347747162139,0.0313544134458212,0.116289188162035
"40115",1366.58891724891,526.753695794956,1893.34261304386,"Oklahoma","OK","Ottawa County","40",3607.79474153712,1390.62975689869,4998.4244984358,0.018980401628457,0.00731602355270773,0.0262964251811648
"40117",8727.5363038174,3690.73466806911,12418.2709718865,"Oklahoma","OK","Pawnee County","40",23040.6958420779,9743.53952370245,32784.2353657804,0.121215781997464,0.0512602037231821,0.172475985720646
"40119",374642.957515201,165763.983050122,540406.940565323,"Oklahoma","OK","Payne County","40",989057.40784013,437616.915252323,1426674.32309245,5.20337440993334,2.30227754236281,7.50565195229615
"40121",1572.24590721186,619.554490128151,2191.80039734001,"Oklahoma","OK","Pittsburg County","40",4150.7291950393,1635.62385393832,5786.35304897762,0.0218367487112758,0.0086049234740021,0.0304416721852779
"40123",2421.22331031534,852.930428001566,3274.15373831691,"Oklahoma","OK","Pontotoc County","40",6392.02953923251,2251.73632992413,8643.76586915664,0.0336281015321575,0.0118462559444662,0.0454743574766237
"40125",13760.3860149979,4740.26398386596,18500.6499988639,"Oklahoma","OK","Pottawatomie County","40",36327.4190795945,12514.2969174061,48841.7159970006,0.191116472430526,0.0658369997759161,0.256953472206442
"40127",484.437858614427,215.470568174295,699.908426788721,"Oklahoma","OK","Pushmataha County","40",1278.91594674209,568.842299980138,1847.75824672222,0.00672830359186704,0.00299264678019854,0.00972095037206558
"40129",673.637231384504,212.891256495888,886.528487880393,"Oklahoma","OK","Roger Mills County","40",1778.40229085509,562.032917149145,2340.43520800424,0.00935607265811811,0.00295682300688734,0.0123128956650055
"40131",20229.2715248786,6899.5124146009,27128.7839394795,"Oklahoma","OK","Rogers County","40",53405.2768256794,18214.7127745464,71619.9896002258,0.280962104512202,0.0958265613139014,0.376788665826104
"40133",3950.79832145467,2371.92947168399,6322.72779313867,"Oklahoma","OK","Seminole County","40",10430.1075686403,6261.89380524574,16692.0013738861,0.0548721989090927,0.0329434648844999,0.0878156637935926
"40135",7731.98180529443,3442.73407187289,11174.7158771673,"Oklahoma","OK","Sequoyah County","40",20412.4319659773,9088.81794974444,29501.2499157217,0.107388636184645,0.0478157509982346,0.155204387182879
"40137",2316.15017999786,899.022632566119,3215.17281256398,"Oklahoma","OK","Stephens County","40",6114.63647519436,2373.41974997455,8488.05622516892,0.0321687524999703,0.0124864254523072,0.0446551779522775
"40139",485.111068382704,231.28584378804,716.396912170744,"Oklahoma","OK","Texas County","40",1280.69322053034,610.594627600427,1891.28784813076,0.00673765372753755,0.003212303385945,0.00994995711348256
"40141",592.8975882821,183.022207022899,775.919795304999,"Oklahoma","OK","Tillman County","40",1565.24963306474,483.178626540454,2048.4282596052,0.00823468872614027,0.00254197509754027,0.0107766638236805
"40143",127944.252655101,43282.4371656597,171226.689820761,"Oklahoma","OK","Tulsa County","40",337772.827009466,114265.634117342,452038.461126808,1.77700350909862,0.601144960634163,2.37814846973279
"40145",13824.9018758537,5002.28012248309,18827.1819983368,"Oklahoma","OK","Wagoner County","40",36497.7409522538,13206.0195233554,49703.7604756092,0.192012526053524,0.0694761128122652,0.261488638865789
"40147",2428.49821594341,928.5599199768,3357.05813592021,"Oklahoma","OK","Washington County","40",6411.23529009061,2451.39818873875,8862.63347882936,0.033729141888103,0.0128966655552333,0.0466258074433363
"40149",1428.01410587141,463.708511650624,1891.72261752204,"Oklahoma","OK","Washita County","40",3769.95723950053,1224.19047075765,4994.14771025818,0.0198335292482141,0.00644039599514755,0.0262739252433616
"40151",1025.93088579584,512.862130268517,1538.79301606435,"Oklahoma","OK","Woods County","40",2708.45753850101,1353.95602390889,4062.4135624099,0.0142490400804977,0.0071230851426183,0.021372125223116
"40153",2099.23072066251,933.705795421942,3032.93651608446,"Oklahoma","OK","Woodward County","40",5541.96910254904,2464.98329991393,8006.95240246297,0.0291559822314238,0.012968136047527,0.0421241182789508
"41001",19.9002786553768,420.000927866972,439.901206522349,"Oregon","OR","Baker County","41",52.5367356501949,1108.80244956881,1161.339185219,0.000276392759102456,0.00583334622037462,0.00610973897947707
"41003",1031886.99433445,260489.226427524,1292376.22076198,"Oregon","OR","Benton County","41",2724181.66504296,687691.557768664,3411873.22281162,14.3317638102007,3.6179059226045,17.9496697328052
"41005",140404.167747353,98281.8262616078,238685.994008961,"Oregon","OR","Clackamas County","41",370667.002853011,259464.021330644,630131.024183656,1.9500578853799,1.36502536474455,3.31508325012445
"41007",12272.7208982939,8409.63792274273,20682.3588210367,"Oregon","OR","Clatsop County","41",32399.983171496,22201.4441160408,54601.4272875368,0.170454456920749,0.11680052670476,0.287254983625509
"41009",16716.9669848504,10059.8447796579,26776.8117645084,"Oregon","OR","Columbia County","41",44132.7928400052,26557.9902182969,70690.7830583021,0.232180097011812,0.139720066384138,0.37190016339595
"41011",1693.05909998024,8231.31195935338,9924.37105933362,"Oregon","OR","Coos County","41",4469.67602394784,21730.6635726929,26200.3395966408,0.0235147097219478,0.114323777213241,0.137838486935189
"41013",12767.4221514318,4766.74815232821,17534.17030376,"Oregon","OR","Crook County","41",33705.99447978,12584.2151221465,46290.2096019264,0.177325307658775,0.066204835449003,0.243530143107778
"41015",2870.58954147011,2015.05262067822,4885.64216214833,"Oregon","OR","Curry County","41",7578.35638948109,5319.7389185905,12898.0953080716,0.0398692991870849,0.0279868419538642,0.067856141140949
"41017",16169.521796059,39064.5024367784,55234.0242328374,"Oregon","OR","Deschutes County","41",42687.5375415956,103130.286433095,145817.823974691,0.22457669161193,0.542562533844145,0.767139225456075
"41019",12508.1779330117,40599.1818934801,53107.3598264918,"Oregon","OR","Douglas County","41",33021.5897431508,107181.840198787,140203.429941938,0.173724693514051,0.563877526298335,0.737602219812386
"41021",116.812592857194,1088.75452414727,1205.56711700446,"Oregon","OR","Gilliam County","41",308.385245142993,2874.31194374878,3182.69718889178,0.00162239712301659,0.0151215906131565,0.0167439877361731
"41023",269.601120696636,123.396949602525,392.998070299162,"Oregon","OR","Grant County","41",711.74695863912,325.767946950667,1037.51490558979,0.0037444600096755,0.0017138465222573,0.0054583065319328
"41025",189.385965097306,207.099524909156,396.485490006462,"Oregon","OR","Harney County","41",499.978947856889,546.742745760171,1046.72169361706,0.00263036062635148,0.00287638229040494,0.00550674291675642
"41027",538.204825324308,1101.77114117211,1639.97596649642,"Oregon","OR","Hood River County","41",1420.86073885617,2908.67581269438,4329.53655155055,0.00747506701839316,0.0153023769607238,0.022777443979117
"41029",14101.6779427431,76641.9892889043,90743.6672316474,"Oregon","OR","Jackson County","41",37228.4297688418,202334.851722707,239563.281491549,0.195856638093654,1.064472073457,1.26032871155066
"41031",607.287589375026,1238.54893966057,1845.8365290356,"Oregon","OR","Jefferson County","41",1603.23923595007,3269.7692007039,4873.00843665397,0.00843454985243092,0.0172020686063968,0.0256366184588277
"41033",4344.20926644904,12499.2801722742,16843.4894387232,"Oregon","OR","Josephine County","41",11468.7124634255,32998.0996548039,44466.8121182294,0.0603362398117922,0.173601113503808,0.233937353315601
"41035",5475.28897809864,3651.3437756566,9126.63275375524,"Oregon","OR","Klamath County","41",14454.7629021804,9639.54756773343,24094.3104699138,0.07604568025137,0.0507131079952306,0.126758788246601
"41037",2374.97966160121,548.477786590002,2923.45744819121,"Oregon","OR","Lake County","41",6269.9463066272,1447.9813565976,7717.92766322481,0.0329858286333502,0.00761774703597225,0.0406035756693224
"41039",289548.313480836,1692771.47766562,1982319.79114646,"Oregon","OR","Lane County","41",764407.547589406,4468916.70103725,5233324.24862665,4.0215043539005,23.5107149675781,27.5322193214786
"41041",21112.6195835908,8668.77760810398,29781.3971916948,"Oregon","OR","Lincoln County","41",55737.3157006798,22885.5728853945,78622.8885860743,0.293230827549873,0.120399689001444,0.413630516551317
"41043",237378.415623183,83225.08555731,320603.501180493,"Oregon","OR","Linn County","41",626679.017245202,219714.225871298,846393.2431165,3.29692243921087,1.15590396607375,4.45282640528462
"41045",4894.95505415432,1383.19143882165,6278.14649297597,"Oregon","OR","Malheur County","41",12922.6813429674,3651.62539848916,16574.3067414566,0.0679854868632545,0.0192109922058563,0.0871964790691107
"41047",119427.440533761,49960.7104458544,169388.150979616,"Oregon","OR","Marion County","41",315288.44300913,131896.275577056,447184.718586185,1.65871445185779,0.693898756192423,2.35261320805022
"41049",272.734416733404,239.712829912253,512.447246645657,"Oregon","OR","Morrow County","41",720.018860176187,632.841870968348,1352.86073114454,0.00378797801018617,0.0033293448598924,0.00711732287007857
"41051",380781.233591296,285106.61861966,665887.852210956,"Oregon","OR","Multnomah County","41",1005262.45668102,752681.473155902,1757943.92983692,5.28862824432355,3.95981414749527,9.24844239181883
"41053",58806.7498625899,14085.1106460327,72891.8605086226,"Oregon","OR","Polk County","41",155249.819637237,37184.6921055264,192434.511742764,0.816760414758193,0.195626536750454,1.01238695150865
"41057",7307.96188995666,5658.67798022547,12966.6398701821,"Oregon","OR","Tillamook County","41",19293.0193894856,14938.9098677952,34231.9292572808,0.101499470693843,0.0785927497253537,0.180092220419196
"41059",5007.11000399635,5330.06821150968,10337.178215506,"Oregon","OR","Umatilla County","41",13218.7704105504,14071.3800783855,27290.1504889359,0.0695431944999493,0.0740287251598566,0.143571919659806
"41061",41.9932307645186,378.348428782882,420.341659547401,"Oregon","OR","Union County","41",110.862129218329,998.839851986809,1109.70198120514,0.00058323931617387,0.00525483928865114,0.00583807860482501
"41063",57.442636842865,297.026998702531,354.469635545396,"Oregon","OR","Wallowa County","41",151.648561265164,784.151276574683,935.799837839846,0.000797814400595347,0.0041253749819796,0.00492318938257495
"41065",3305.93892155668,955.108807805266,4261.04772936195,"Oregon","OR","Wasco County","41",8727.67875290965,2521.4872526059,11249.1660055155,0.045915818354954,0.0132654001084065,0.0591812184633604
"41067",228386.949620715,113640.037821213,342026.987441928,"Oregon","OR","Washington County","41",602941.546998688,300009.699848003,902951.246846691,3.17204096695438,1.57833385862796,4.75037482558234
"41069",2363.36863576583,548.477786590002,2911.84642235583,"Oregon","OR","Wheeler County","41",6239.29319842178,1447.9813565976,7687.27455501938,0.0328245643856365,0.00761774703597225,0.0404423114216087
"41071",39421.7445032597,13477.8843465552,52899.6288498149,"Oregon","OR","Yamhill County","41",104073.405488606,35581.6146749056,139655.020163511,0.547524229211941,0.1871928381466,0.73471706735854
"42001",40415.1892856332,35919.7426177596,76334.9319033928,"Pennsylvania","PA","Adams County","42",106696.099714072,94828.1205108854,201524.220224957,0.561322073411572,0.49888531413555,1.06020738754712
"42003",3861067.25363248,2708082.82026137,6569150.07389384,"Pennsylvania","PA","Allegheny County","42",10193217.5495897,7149338.64549001,17342556.1950797,53.6259340782288,37.612261392519,91.2381954707478
"42005",29300.880150399,20768.5409524301,50069.4211028291,"Pennsylvania","PA","Armstrong County","42",77354.3235970533,54828.9481144156,132183.271711469,0.406956668755541,0.288451957672641,0.695408626428182
"42007",63583.1853646953,43918.1139433177,107501.299308013,"Pennsylvania","PA","Beaver County","42",167859.609362796,115943.820810359,283803.430173154,0.883099796731879,0.609973804768302,1.49307360150018
"42009",66685.1243788196,33031.505680785,99716.6300596046,"Pennsylvania","PA","Bedford County","42",176048.728360084,87203.1749972724,263251.903357356,0.92618228303916,0.458770912233125,1.38495319527229
"42011",125760.725290572,73039.1242453155,198799.849535888,"Pennsylvania","PA","Berks County","42",332008.314767111,192823.288007633,524831.602774744,1.74667674014684,1.01443228118494,2.76110902133178
"42013",281844.522194525,139268.975244826,421113.497439351,"Pennsylvania","PA","Blair County","42",744069.538593546,367670.094646341,1111739.63323989,3.91450725270173,1.93429132284481,5.84879857554654
"42015",22331.026567215,12638.5536485188,34969.5802157339,"Pennsylvania","PA","Bradford County","42",58953.9101374477,33365.7816320897,92319.6917695374,0.310153146766875,0.175535467340539,0.485688614107415
"42017",373056.579913516,218366.416938583,591422.996852099,"Pennsylvania","PA","Bucks County","42",984869.370971681,576487.34071786,1561356.71168954,5.18134138768772,3.03286690192477,8.21420828961249
"42019",115788.268138344,79170.8195435624,194959.087681907,"Pennsylvania","PA","Butler County","42",305681.027885229,209010.963595005,514691.991480234,1.60817039081034,1.09959471588281,2.70776510669315
"42021",73150.3451926878,43435.814215189,116586.159407877,"Pennsylvania","PA","Cambria County","42",193116.911308696,114670.549528099,307787.460836795,1.01597701656511,0.603275197433181,1.61925221399829
"42023",577.103639961663,293.479532152942,870.583172114605,"Pennsylvania","PA","Cameron County","42",1523.55360949879,774.785964883766,2298.33957438256,0.00801532833280088,0.0040761046132353,0.0120914329460362
"42025",22210.8081858347,12802.4475059904,35013.2556918251,"Pennsylvania","PA","Carbon County","42",58636.5336106037,33798.4614158145,92434.9950264182,0.308483447025482,0.177811770916533,0.486295217942015
"42027",3530235.62850378,1720661.85507466,5250897.48357844,"Pennsylvania","PA","Centre County","42",9319822.05924999,4542547.29739709,13862369.3566471,49.0310503958859,23.8980813204813,72.9291317163672
"42029",402800.307089877,220388.148394142,623188.455484019,"Pennsylvania","PA","Chester County","42",1063392.81071728,581824.711760536,1645217.52247781,5.59444870958163,3.0609465054742,8.65539521505582
"42031",5722.11394823128,3637.29321140498,9359.40715963626,"Pennsylvania","PA","Clarion County","42",15106.3808233306,9602.45407810915,24708.8349014397,0.0794738048365456,0.0505179612695136,0.129991766106059
"42033",127433.094353176,62888.5917353936,190321.68608857,"Pennsylvania","PA","Clearfield County","42",336423.369092386,166025.882181439,502449.251273825,1.76990408823856,0.873452662991578,2.64335675123014
"42035",77639.8923220676,39512.1373246661,117152.029646734,"Pennsylvania","PA","Clinton County","42",204969.315730259,104312.042537118,309281.358267377,1.0783318378065,0.548779685064807,1.6271115228713
"42037",19352.6437674508,13485.852117538,32838.4958849887,"Pennsylvania","PA","Columbia County","42",51090.97954607,35602.6495903003,86693.6291363703,0.268786718992372,0.187303501632472,0.456090220624844
"42039",5823.49361651621,3785.14874938087,9608.64236589708,"Pennsylvania","PA","Crawford County","42",15374.0231476028,9992.79269836549,25366.8158459683,0.0808818557849474,0.0525715104080676,0.133453366193015
"42041",94615.7929588968,53931.1163327781,148546.909291675,"Pennsylvania","PA","Cumberland County","42",249785.693411488,142378.147118534,392163.840530022,1.31410823554023,0.749043282399695,2.06315151793993
"42043",202040.383687392,110473.463417211,312513.847104603,"Pennsylvania","PA","Dauphin County","42",533386.612934715,291649.943421436,825036.556356151,2.80611644010267,1.53435365857237,4.34047009867504
"42045",769166.868282447,444427.626625165,1213594.49490761,"Pennsylvania","PA","Delaware County","42",2030600.53226566,1173288.93429044,3203889.4665561,10.6828731705895,6.17260592534952,16.8554790959391
"42047",6005.97542309017,3791.28241746801,9797.25784055817,"Pennsylvania","PA","Elk County","42",15855.775116958,10008.9855821155,25864.7606990736,0.0834163253206968,0.0526567002426112,0.136073025563308
"42049",20492.8761202072,16240.0496655233,36732.9257857306,"Pennsylvania","PA","Erie County","42",54101.1929573471,42873.7311169816,96974.9240743287,0.284623279447323,0.225556245354491,0.510179524801813
"42051",85018.8709103084,63876.345369087,148895.216279395,"Pennsylvania","PA","Fayette County","42",224449.819203214,168633.55177439,393083.370977604,1.18081765153206,0.887171463459542,2.0679891149916
"42053",649.759883560744,508.845743484111,1158.60562704485,"Pennsylvania","PA","Forest County","42",1715.36609260036,1343.35276279805,3058.71885539842,0.00902444282723255,0.00706730199283487,0.0160917448200674
"42055",56789.7045731546,29041.2754946717,85830.9800678262,"Pennsylvania","PA","Franklin County","42",149924.820073128,76668.9673059333,226593.787379061,0.788745896849369,0.403351048537107,1.19209694538648
"42057",21178.8259124236,10805.2143957379,31984.0403081615,"Pennsylvania","PA","Fulton County","42",55912.1004087983,28525.7660047481,84437.8664135464,0.294150359894772,0.150072422163026,0.444222782057799
"42059",36193.3311754069,50899.1328157035,87092.4639911103,"Pennsylvania","PA","Greene County","42",95550.3943030742,134373.710633457,229924.104936531,0.502685155213984,0.706932400218103,1.20961755543209
"42061",65065.7476900805,32381.5670561852,97447.3147462657,"Pennsylvania","PA","Huntingdon County","42",171773.573901813,85487.3370283289,257260.910930142,0.903690940140007,0.449743986891461,1.35343492703147
"42063",25250.0045738229,15708.8697586321,40958.874332455,"Pennsylvania","PA","Indiana County","42",66660.0120748924,41471.4161627888,108131.428237681,0.350694507969762,0.218178746647668,0.56887325461743
"42065",64171.7270600775,31431.2693111907,95602.9963712681,"Pennsylvania","PA","Jefferson County","42",169413.359438604,82978.5509815434,252391.910420148,0.89127398694552,0.436545407099871,1.32781939404539
"42067",14172.8051372809,7817.37013283793,21990.1752701188,"Pennsylvania","PA","Juniata County","42",37416.2055624215,20637.8571506921,58054.0627131136,0.196844515795568,0.108574585178305,0.305419100973872
"42069",68172.5912649648,84803.8333540777,152976.424619042,"Pennsylvania","PA","Lackawanna County","42",179975.640939507,223882.120054765,403857.760994272,0.946841545346733,1.17783101880663,2.12467256415337
"42071",141309.093739603,205276.93557973,346586.029319333,"Pennsylvania","PA","Lancaster County","42",373056.007472552,541931.109930488,914987.11740304,1.96262630193893,2.85106854971848,4.81369485165741
"42073",22491.8068196358,17603.8599222703,40095.6667419061,"Pennsylvania","PA","Lawrence County","42",59378.3700038385,46474.1901947937,105852.560198632,0.312386205828275,0.244498054475977,0.556884260304252
"42075",53634.5784450162,36164.7835782795,89799.3620232957,"Pennsylvania","PA","Lebanon County","42",141595.287094843,95475.0286466578,237070.315741501,0.744924700625226,0.502288660809437,1.24721336143466
"42077",455398.806261743,242234.039529216,697632.845790959,"Pennsylvania","PA","Lehigh County","42",1202252.848531,639497.864357131,1841750.71288813,6.32498342030199,3.364361660128,9.68934508042999
"42079",92291.7878859821,57085.41609619,149377.203982172,"Pennsylvania","PA","Luzerne County","42",243650.320018993,150705.498493942,394355.818512934,1.28183038730531,0.792853001335972,2.07468338864128
"42081",35064.9660457683,26447.2003083841,61512.1663541524,"Pennsylvania","PA","Lycoming County","42",92571.5103608283,69820.6088141341,162392.119174962,0.487013417302337,0.367322226505335,0.854335643807672
"42083",11523.8317712955,6161.77922429247,17685.610995588,"Pennsylvania","PA","McKean County","42",30422.9158762201,16267.0971521321,46690.0130283523,0.160053219045771,0.0855802670040621,0.245633486049833
"42085",25287.8058359806,16781.5050910537,42069.3109270342,"Pennsylvania","PA","Mercer County","42",66759.8074069887,44303.1734403817,111062.98084737,0.35121952549973,0.233076459597968,0.584295985097697
"42087",107659.158499394,54271.0269872637,161930.185486658,"Pennsylvania","PA","Mifflin County","42",284220.178438401,143275.511246376,427495.689684777,1.49526609026936,0.753764263711996,2.24903035398136
"42089",47435.9297163004,33194.1010445711,80630.0307608715,"Pennsylvania","PA","Monroe County","42",125230.854451033,87632.4267576676,212863.281208701,0.658832357170839,0.461029181174598,1.11986153834544
"42091",821023.03290694,495640.077706387,1316663.11061333,"Pennsylvania","PA","Montgomery County","42",2167500.80687432,1308489.80514486,3475990.61201918,11.4030976792631,6.88388996814427,18.2869876474073
"42093",8997.50312341314,8408.00881404685,17405.51193746,"Pennsylvania","PA","Montour County","42",23753.4082458107,22197.1432690837,45950.5515148944,0.124965321158516,0.116777900195095,0.241743221353611
"42095",426133.063025983,234499.697464755,660632.760490738,"Pennsylvania","PA","Northampton County","42",1124991.2863886,619079.201306953,1744070.48769555,5.91851476424977,3.25694024256604,9.17545500681581
"42097",27706.216397239,42964.5946769891,70670.8110742281,"Pennsylvania","PA","Northumberland County","42",73144.411288711,113426.529947251,186570.941235962,0.384808561072764,0.596730481624849,0.981539042697613
"42099",14985.403366905,9075.23018862883,24060.6335555338,"Pennsylvania","PA","Perry County","42",39561.4648886291,23958.6076979801,63520.0725866092,0.208130602318124,0.126044863730956,0.33417546604908
"42101",1920156.77672406,1348390.59533178,3268547.37205584,"Pennsylvania","PA","Philadelphia County","42",5069213.89055151,3559751.1716759,8628965.06222741,26.6688441211674,18.7276471573858,45.3964912785533
"42103",7992.56303110389,6501.8250615191,14494.388092623,"Pennsylvania","PA","Pike County","42",21100.3664021143,17164.8181624104,38265.1845645247,0.111007819876443,0.090303125854432,0.201310945730875
"42105",5674.83049013235,3016.77532066254,8691.6058107949,"Pennsylvania","PA","Potter County","42",14981.5524939494,7964.28684654912,22945.8393404985,0.0788170901407271,0.0418996572314242,0.120716747372151
"42107",53784.7525316955,29274.69750067,83059.4500323655,"Pennsylvania","PA","Schuylkill County","42",141991.746683676,77285.2014017688,219276.948085445,0.747010451829105,0.406593020842639,1.15360347267174
"42109",10464.5887188765,27964.3883457524,38428.977064629,"Pennsylvania","PA","Snyder County","42",27626.5142178341,73825.9852327865,101452.499450621,0.145341509984396,0.388394282579895,0.533735792564291
"42111",23254.8844646754,14276.9011648638,37531.7856295392,"Pennsylvania","PA","Somerset County","42",61392.8949867431,37691.0190752403,99083.9140619835,0.322984506453825,0.198290293956441,0.521274800410266
"42113",1248.66493495562,689.634701675856,1938.29963663148,"Pennsylvania","PA","Sullivan County","42",3296.47542828284,1820.63561242426,5117.1110407071,0.0173425685410503,0.00957825974549801,0.0269208282865483
"42115",23017.0836329094,14162.9487979863,37180.0324308957,"Pennsylvania","PA","Susquehanna County","42",60765.1007908809,37390.1848266839,98155.2856175647,0.319681717123742,0.196707622194254,0.516389339317996
"42117",19615.7633561143,10471.0074435734,30086.7707996877,"Pennsylvania","PA","Tioga County","42",51785.6152601417,27643.4596510338,79429.0749111755,0.27244115772381,0.145430658938519,0.417871816662329
"42119",20697.5615285725,97434.2546536598,118131.816182232,"Pennsylvania","PA","Union County","42",54641.5624354313,257226.432285662,311867.994721093,0.287466132341284,1.35325353685639,1.64071966919767
"42121",9530.38676147643,5902.08973731319,15432.4764987896,"Pennsylvania","PA","Venango County","42",25160.2210502978,15581.5169065068,40741.7379568046,0.132366482798284,0.0819734685737943,0.214339951372078
"42123",2369.26240187363,1755.1937780057,4124.45617987933,"Pennsylvania","PA","Warren County","42",6254.85274094637,4633.71157393505,10888.5643148814,0.0329064222482448,0.0243776913611903,0.0572841136094351
"42125",95768.7071344361,76079.3613740993,171848.068508535,"Pennsylvania","PA","Washington County","42",252829.386834911,200849.514027622,453678.900862534,1.33012093242272,1.05665779686249,2.38677872928521
"42127",8677.00832388872,6509.92214795529,15186.930471844,"Pennsylvania","PA","Wayne County","42",22907.3019750662,17186.194470602,40093.4964456682,0.120514004498454,0.0904155853882679,0.210929589886722
"42129",332617.501345253,210684.526684269,543302.028029523,"Pennsylvania","PA","Westmoreland County","42",878110.203551469,556207.150446471,1434317.35399794,4.61968751868408,2.92617398172596,7.54586150041004
"42131",7979.88242637417,5846.93493773895,13826.8173641131,"Pennsylvania","PA","Wyoming County","42",21066.8896056278,15435.9082356308,36502.7978412586,0.110831700366308,0.0812074296908187,0.192039130057127
"42133",122585.912737821,83998.6929073458,206584.605645167,"Pennsylvania","PA","York County","42",323626.809627849,221756.549275393,545383.358903242,1.70258212135863,1.16664851260203,2.86923063396066
"44001",110859.880334519,88338.0534596854,199197.933794204,"Rhode Island","RI","Bristol County","44",292670.08408313,233212.461133569,525882.545216699,1.53972056020165,1.2269174091623,2.76663796936395
"44003",305064.48394909,157053.226686667,462117.710635757,"Rhode Island","RI","Kent County","44",805370.237625597,414620.518452801,1219990.7560784,4.23700672151514,2.1812948150926,6.41830153660773
"44005",86804.0037651484,49836.6174745215,136640.62123967,"Rhode Island","RI","Newport County","44",229162.569939992,131568.670132737,360731.240072728,1.20561116340484,0.692175242701688,1.89778640610653
"44007",839660.153077131,877206.17604434,1716866.32912147,"Rhode Island","RI","Providence County","44",2216702.80412363,2315824.30475706,4532527.10888068,11.6619465705157,12.1834191117269,23.8453656822426
"44009",448078.567372223,149813.809671592,597892.377043814,"Rhode Island","RI","Washington County","44",1182927.41786267,395508.457533002,1578435.87539567,6.22331343572531,2.08074735654989,8.3040607922752
"45001",3815.18510631375,3563.37482747479,7378.55993378854,"South Carolina","SC","Abbeville County","45",10072.0886806683,9407.30954453345,19479.3982252018,0.0529886820321355,0.049491317048261,0.102479999080396
"45003",35498.5161430811,34138.7928878023,69637.3090308833,"South Carolina","SC","Aiken County","45",93716.082617734,90126.413223798,183842.495841532,0.493034946431681,0.474149901219476,0.967184847651157
"45005",188.206174371334,278.353302128684,466.559476500018,"South Carolina","SC","Allendale County","45",496.864300340322,734.852717619726,1231.71701796005,0.00261397464404631,0.00386601808512061,0.00647999272916692
"45007",418480.900808136,251438.169817142,669919.070625278,"South Carolina","SC","Anderson County","45",1104789.57813348,663796.768317256,1768586.34645073,5.81223473344633,3.49219680301586,9.30443153646219
"45009",1396.22869338901,1975.05327001707,3371.28196340608,"South Carolina","SC","Bamberg County","45",3686.04375054698,5214.14063284507,8900.18438339206,0.0193920651859585,0.0274312954169038,0.0468233606028623
"45011",2731.95727822039,3302.30301404101,6034.2602922614,"South Carolina","SC","Barnwell County","45",7212.36721450184,8718.07995706827,15930.4471715701,0.0379438510863944,0.0458653196394585,0.0838091707258528
"45013",16900.7580951461,20778.0857028123,37678.8437979585,"South Carolina","SC","Beaufort County","45",44618.0013711858,54854.1462554245,99472.1476266103,0.234732751321474,0.288584523650171,0.523317274971645
"45015",23967.8106878327,33536.5316310335,57504.3423188662,"South Carolina","SC","Berkeley County","45",63275.0202158784,88536.4435059285,151811.463721807,0.332886259553232,0.465785161542132,0.798671421095364
"45017",7492.05787670116,9286.99385403825,16779.0517307394,"South Carolina","SC","Calhoun County","45",19779.0327944911,24517.663774661,44296.696569152,0.104056359398627,0.128986025750531,0.233042385149158
"45019",39818.9771660535,102669.456146058,142488.433312111,"South Carolina","SC","Charleston County","45",105122.099718381,271047.364225592,376169.463943973,0.553041349528521,1.42596466869524,1.97900601822376
"45021",11366.0156096,10447.7544998223,21813.7701094222,"South Carolina","SC","Cherokee County","45",30006.2812093439,27582.0718795308,57588.3530888747,0.157861327911111,0.14510770138642,0.302969029297531
"45023",5836.3708514681,7051.39543541827,12887.7662868864,"South Carolina","SC","Chester County","45",15408.0190478758,18615.6839495042,34023.70299738,0.0810607062703902,0.0979360477141427,0.178996753984533
"45025",9141.59402702175,9311.02434500613,18452.6183720279,"South Carolina","SC","Chesterfield County","45",24133.8082313374,24581.1042708162,48714.9125021536,0.126966583708635,0.12931978256953,0.256286366278165
"45027",2648.96622569045,3649.21696133525,6298.1831870257,"South Carolina","SC","Clarendon County","45",6993.27083582278,9633.93277792507,16627.2036137478,0.036791197579034,0.0506835689074341,0.087474766486468
"45029",6010.93087649297,6378.99798868869,12389.9288651817,"South Carolina","SC","Colleton County","45",15868.8575139414,16840.5546901381,32709.4122040796,0.0834851510624023,0.0885971942873429,0.172082345349745
"45031",4721.823665769,5755.34196394332,10477.1656297123,"South Carolina","SC","Darlington County","45",12465.6144776302,15194.1027848104,27659.7172624405,0.0655808842467916,0.0799353050547684,0.14551618930156
"45033",2415.37332038783,4477.70513782671,6893.07845821454,"South Carolina","SC","Dillon County","45",6376.58556582387,11821.1415638625,18197.7271296864,0.0335468516720532,0.0621903491364821,0.0957372008085353
"45035",14338.1111735458,22453.4511098685,36791.5622834144,"South Carolina","SC","Dorchester County","45",37852.613498161,59277.110930053,97129.7244282139,0.199140432965914,0.311853487637063,0.510993920602977
"45037",2276.29857644071,3239.17553236983,5515.47410881054,"South Carolina","SC","Edgefield County","45",6009.42824180348,8551.42340545635,14560.8516472598,0.031615258006121,0.0449885490606921,0.0766038070668131
"45039",21268.7381072334,21004.3793841049,42273.1174913383,"South Carolina","SC","Fairfield County","45",56149.468603096,55451.561574037,111601.030177133,0.295399140378241,0.291727491445902,0.587126631824143
"45041",14851.4665770971,17292.0483235178,32143.5149006148,"South Carolina","SC","Florence County","45",39207.8717635363,45651.0075740869,84858.8793376232,0.206270369126349,0.240167337826635,0.446437706952984
"45043",4895.13941257969,6744.42346065794,11639.5628732376,"South Carolina","SC","Georgetown County","45",12923.1680492104,17805.277936137,30728.4459853473,0.0679880473969401,0.0936725480646936,0.161660595461634
"45045",151162.278695862,364520.788975526,515683.067671388,"South Carolina","SC","Greenville County","45",399068.415757077,962334.882895389,1361403.29865246,2.09947609299809,5.06278873577119,7.16226482876928
"45047",21063.3379524049,15719.6000615119,36782.9380139168,"South Carolina","SC","Greenwood County","45",55607.212194349,41499.7441623913,97106.9563567403,0.292546360450068,0.218327778632109,0.510874139082178
"45049",3884.3364985046,3717.91487227588,7602.25137078048,"South Carolina","SC","Hampton County","45",10254.6483560521,9815.29526280831,20069.9436188605,0.0539491180347861,0.0516377065593872,0.105586824594173
"45051",19911.4069841052,27799.3928312484,47710.7998153537,"South Carolina","SC","Horry County","45",52566.1144380378,73390.3970744959,125956.511512534,0.276547319223684,0.386102678211784,0.662649997435468
"45053",1522.75190220976,2393.51886601653,3916.27076822629,"South Carolina","SC","Jasper County","45",4020.06502183376,6318.88980628365,10338.9548281174,0.0211493319751355,0.033243317583563,0.0543926495586985
"45055",50057.2129435942,56838.0565354156,106895.26947901,"South Carolina","SC","Kershaw County","45",132151.042171089,150052.469253497,282203.511424586,0.695239068661031,0.789417451880772,1.4846565205418
"45057",16988.5601653469,15476.6180248026,32465.1781901495,"South Carolina","SC","Lancaster County","45",44849.7988365157,40858.2715854789,85708.0704219946,0.235952224518706,0.214953028122258,0.450905252640965
"45059",11316.1705012487,16857.005923181,28173.1764244297,"South Carolina","SC","Laurens County","45",29874.6901232965,44502.4956371979,74377.1857604944,0.157169034739565,0.234125082266403,0.391294117005968
"45061",5701.57183876576,5863.32662731839,11564.8984660841,"South Carolina","SC","Lee County","45",15052.1496543416,15479.1822961205,30531.3319504622,0.0791884977606356,0.0814350920460887,0.160623589806724
"45063",289287.83479286,359658.43038679,648946.26517965,"South Carolina","SC","Lexington County","45",763719.883853152,949498.256221125,1713218.14007428,4.01788659434528,4.9952559775943,9.01314257193959
"45065",538.556047224081,682.028277396452,1220.58432462053,"South Carolina","SC","McCormick County","45",1421.78796467157,1800.55465232663,3222.34261699821,0.00747994510033446,0.00947261496383961,0.0169525600641741
"45067",4722.35159088439,4385.39869079503,9107.75028167942,"South Carolina","SC","Marion County","45",12467.0081999348,11577.4525436989,24044.4607436337,0.065588216540061,0.060908315149931,0.126496531689992
"45069",4039.63448390954,5081.12004341502,9120.75452732456,"South Carolina","SC","Marlboro County","45",10664.6350375212,13414.1569146156,24078.7919521368,0.0561060344987437,0.0705711117140975,0.126677146212841
"45071",23290.2800593756,21007.0062854564,44297.286344832,"South Carolina","SC","Newberry County","45",61486.3393567516,55458.496593605,116944.835950357,0.323476111935772,0.291763976186895,0.615240088122667
"45073",190587.060707925,108327.514381985,298914.575089911,"South Carolina","SC","Oconee County","45",503149.840268923,285984.637968441,789134.478237364,2.6470425098323,1.50454881086091,4.1515913206932
"45075",23288.1376170786,28485.4871175115,51773.6247345901,"South Carolina","SC","Orangeburg County","45",61480.6833090874,75201.6859902305,136682.369299318,0.323446355792758,0.395631765520994,0.719078121313751
"45077",222810.389012921,155446.94058292,378257.329595841,"South Carolina","SC","Pickens County","45",588219.426994112,410379.92313891,998599.350133021,3.09458873629057,2.15898528587389,5.25357402216446
"45079",568726.949677188,707450.016830646,1276176.96650783,"South Carolina","SC","Richland County","45",1501439.14714778,1867668.04443291,3369107.19158068,7.89898541218317,9.82569467820342,17.7246800903866
"45081",9441.94739312729,6215.33734442094,15657.2847375482,"South Carolina","SC","Saluda County","45",24926.741117856,16408.4905892713,41335.2317071273,0.131138158237879,0.0863241297836241,0.217462288021503
"45083",58811.0019905727,58196.2288984975,117007.23088907,"South Carolina","SC","Spartanburg County","45",155261.045255112,153638.044292033,308899.089547145,0.816819472091287,0.808280956923576,1.62510042901486
"45085",35671.8803054954,36366.9753528828,72038.8556583781,"South Carolina","SC","Sumter County","45",94173.7640065078,96008.8149316105,190182.578938118,0.495442782020769,0.50509687990115,1.00053966192192
"45087",4267.98167154558,5482.09239811738,9750.07406966296,"South Carolina","SC","Union County","45",11267.4716128803,14472.7239310299,25740.1955439102,0.0592775232159109,0.0761401721960747,0.135417695411986
"45089",2747.251071926,3935.48872499504,6682.73979692103,"South Carolina","SC","Williamsburg County","45",7252.74282988463,10389.6902339869,17642.4330638715,0.038156264887861,0.0546595656249311,0.0928158305127921
"45091",66931.2087335062,77501.5322281199,144432.740961626,"South Carolina","SC","York County","45",176698.391056456,204604.045082236,381302.436138693,0.929600121298697,1.076410169835,2.0060102911337
"46003",471.080455655588,524.706545901379,995.787001556967,"South Dakota","SD","Aurora County","46",1243.65240293075,1385.22528117964,2628.87768411039,0.00654278410632761,0.00728759091529693,0.0138303750216245
"46005",5705.94249257759,834.82604719424,6540.76853977183,"South Dakota","SD","Beadle County","46",15063.6881804048,2203.94076459279,17267.6289449976,0.0792492012857999,0.0115948062110311,0.090844007496831
"46007",151.598659728987,73.0804082967615,224.679068025748,"South Dakota","SD","Bennett County","46",400.220461684525,192.93227790345,593.152739587975,0.00210553694068037,0.00101500567078835,0.00312054261146873
"46009",1659.72996422961,1049.41309180276,2709.14305603237,"South Dakota","SD","Bon Homme County","46",4381.68710556616,2770.45056235929,7152.13766792545,0.0230518050587445,0.0145751818305939,0.0376269868893384
"46011",183639.70260024,4713.945168872,188353.647769112,"South Dakota","SD","Brookings County","46",484808.814864635,12444.8152458221,497253.630110457,2.55055142500334,0.0654714606787777,2.61602288568212
"46013",10073.5774633422,911.08542608385,10984.6628894261,"South Dakota","SD","Brown County","46",26594.2445032235,2405.26552486136,28999.5100280848,0.139910798101975,0.0126539642511646,0.15256476235314
"46015",1197.82324476132,199.157271510555,1396.98051627187,"South Dakota","SD","Brule County","46",3162.25336616988,525.775196787865,3688.02856295774,0.0166364339550183,0.00276607321542437,0.0194025071704427
"46017",74.8639527975823,65.5883182376725,140.452271035255,"South Dakota","SD","Buffalo County","46",197.640835385617,173.153160147455,370.793995533073,0.00103977712218864,0.000910948864412118,0.00195072598660076
"46019",6477.94301193965,0,6477.94301193965,"South Dakota","SD","Butte County","46",17101.7695515207,0,17101.7695515207,0.089971430721384,0,0.089971430721384
"46021",672.325363872353,119.163457760698,791.48882163305,"South Dakota","SD","Campbell County","46",1774.93896062301,314.591528488242,2089.53048911125,0.0093378522760049,0.00165504802445413,0.010992900300459
"46023",1114.29265230168,787.05981885207,1901.35247115375,"South Dakota","SD","Charles Mix County","46",2941.73260207644,2077.83792176947,5019.5705238459,0.0154762868375233,0.0109313863729454,0.0264076732104688
"46025",922.809056669142,572.472774243548,1495.28183091269,"South Dakota","SD","Clark County","46",2436.21590960653,1511.32812400297,3947.5440336095,0.0128167924537381,0.00795101075338262,0.0207678032071207
"46027",2639.43784307533,117467.792002498,120107.229845573,"South Dakota","SD","Clay County","46",6968.11590571888,310114.970886594,317083.086792312,0.0366588589316018,1.6314971111458,1.6681559700774
"46029",10194.7987579491,3203.37708709505,13398.1758450441,"South Dakota","SD","Codington County","46",26914.2687209856,8456.91550993092,35371.1842309165,0.141594427193737,0.0444913484318756,0.186085775625613
"46031",1276.23646405439,0,1276.23646405439,"South Dakota","SD","Corson County","46",3369.2642651036,0,3369.2642651036,0.0177255064451999,0,0.0177255064451999
"46033",8682.94811783202,63.1396848998075,8746.08780273183,"South Dakota","SD","Custer County","46",22922.9830310765,166.688768135492,23089.671799212,0.120596501636556,0.000876940068052882,0.121473441704609
"46035",7132.16691744604,2042.84266506921,9175.00958251525,"South Dakota","SD","Davison County","46",18828.9206620576,5393.10463578271,24222.0252978403,0.0990578738534173,0.0283728147926279,0.127430688646045
"46037",1657.99788005417,633.809204125941,2291.80708418012,"South Dakota","SD","Day County","46",4377.11440334302,1673.25629889249,6050.3707022355,0.0230277483340857,0.0088029056128603,0.031830653946946
"46039",4729.15202893048,262.35327295069,4991.50530188117,"South Dakota","SD","Deuel County","46",12484.9613563765,692.612640589822,13177.5739969663,0.0656826670684788,0.00364379545764848,0.0693264625261273
"46041",836.733579981443,0,836.733579981443,"South Dakota","SD","Dewey County","46",2208.97665115101,0,2208.97665115101,0.0116212997219645,0,0.0116212997219645
"46043",150.235002120408,65.5883182376725,215.82332035808,"South Dakota","SD","Douglas County","46",396.620405597876,173.153160147455,569.773565745332,0.00208659725167233,0.000910948864412118,0.00299754611608445
"46045",748.639527975823,196.764954713018,945.40448268884,"South Dakota","SD","Edmunds County","46",1976.40835385617,519.459480442367,2495.86783429854,0.0103977712218864,0.00273284659323636,0.0131306178151228
"46047",1627.71637439157,53.5751395230252,1681.29151391459,"South Dakota","SD","Fall River County","46",4297.17122839374,141.438368340786,4438.60959673452,0.0226071718665495,0.000744099160042016,0.0233512710265916
"46049",654.423720536205,178.942864817515,833.36658535372,"South Dakota","SD","Faulk County","46",1727.67862221558,472.409163118239,2200.08778533382,0.00908921834078063,0.00248531756690993,0.0115745359076906
"46051",2409.1884449907,938.761070522914,3347.94951551361,"South Dakota","SD","Grant County","46",6360.25749477545,2478.32922618049,8838.58672095594,0.0334609506248708,0.0130383482017071,0.0464992988265779
"46053",374.826860513156,459.11822766371,833.945088176866,"South Dakota","SD","Gregory County","46",989.542911754732,1212.0721210322,2201.61503278693,0.00520592861823828,0.00637664205088486,0.0115825706691231
"46055",836.2264834562,2.39231679753699,838.618800253737,"South Dakota","SD","Haakon County","46",2207.63791632437,6.31571634549765,2213.95363266987,0.0116142567146694,0.0000332266221880137,0.0116474833368575
"46057",5156.62514920052,726.472242084917,5883.09739128544,"South Dakota","SD","Hamlin County","46",13613.4903938894,1917.88671910418,15531.3771129936,0.0716197937388962,0.0100898922511794,0.0817096859900756
"46059",748.639527975823,65.5883182376725,814.227846213495,"South Dakota","SD","Hand County","46",1976.40835385617,173.153160147455,2149.56151400363,0.0103977712218864,0.000910948864412118,0.0113087200862985
"46061",1166.75276970392,131.176636475345,1297.92940617927,"South Dakota","SD","Hanson County","46",3080.22731201836,346.306320294912,3426.53363231327,0.0162048995792212,0.00182189772882424,0.0180267973080454
"46063",171.624644465259,0,171.624644465259,"South Dakota","SD","Harding County","46",453.089061388283,0,453.089061388283,0.00238367561757304,0,0.00238367561757304
"46065",3280.82268170602,1687.40474562502,4968.22742733103,"South Dakota","SD","Hughes County","46",8661.37187970389,4454.74852845004,13116.1204081539,0.0455669816903613,0.0234361770225697,0.069003158712931
"46067",1219.71998363141,787.05981885207,2006.77980248348,"South Dakota","SD","Hutchinson County","46",3220.06075678693,2077.83792176947,5297.8986785564,0.0169405553282141,0.0109313863729454,0.0278719417011595
"46069",493.991387576169,65.5883182376725,559.579705813841,"South Dakota","SD","Hyde County","46",1304.13726320109,173.153160147455,1477.29042334854,0.00686099149411345,0.000910948864412118,0.00777194035852557
"46071",1962.73504191543,0,1962.73504191543,"South Dakota","SD","Jackson County","46",5181.62051065673,0,5181.62051065673,0.0272602089154921,0,0.0272602089154921
"46073",350.972813811929,53.5751395230252,404.547953334954,"South Dakota","SD","Jerauld County","46",926.568228463493,141.438368340786,1068.00659680428,0.00487462241405457,0.000744099160042016,0.00561872157409659
"46077",6772.38530411835,1228.35595662028,8000.74126073863,"South Dakota","SD","Kingsbury County","46",17879.0972028725,3242.85972547753,21121.95692835,0.0940609070016438,0.0170604993975039,0.111121406399148
"46079",4471.03510190702,1675.46100556934,6146.49610747636,"South Dakota","SD","Lake County","46",11803.5326690345,4423.21705470305,16226.7497237376,0.0620977097487086,0.0232702917440186,0.0853680014927272
"46081",22019.5642468012,1046.26916878268,23065.8334155839,"South Dakota","SD","Lawrence County","46",58131.6496115551,2762.15060558628,60893.8002171414,0.305827281205572,0.0145315162330928,0.320358797438665
"46083",9561.14532593752,8955.00300623337,18516.1483321709,"South Dakota","SD","Lincoln County","46",25241.4236604751,23641.2079364561,48882.6315969312,0.132793685082466,0.124375041753241,0.257168726835707
"46085",739.465791788524,0,739.465791788524,"South Dakota","SD","Lyman County","46",1952.1896903217,0,1952.1896903217,0.0102703582192851,0,0.0102703582192851
"46087",2161.88089494259,393.529909426036,2555.41080436862,"South Dakota","SD","McCook County","46",5707.36556264843,1038.91896088473,6746.28452353317,0.0300261235408693,0.00546569318647272,0.035491816727342
"46089",224.591858392747,0,224.591858392747,"South Dakota","SD","McPherson County","46",592.922506156852,0,592.922506156852,0.00311933136656593,0,0.00311933136656593
"46091",224.591858392747,196.764954713018,421.356813105765,"South Dakota","SD","Marshall County","46",592.922506156852,519.459480442367,1112.38198659922,0.00311933136656593,0.00273284659323636,0.00585217795980229
"46093",53391.9761714307,115.218103781193,53507.1942752118,"South Dakota","SD","Meade County","46",140954.817092577,304.17579398235,141258.992886559,0.741555224603203,0.00160025144140546,0.743155476044609
"46097",497.932397427108,261.467311776561,759.399709203669,"South Dakota","SD","Miner County","46",1314.54152920757,690.27370309012,2004.81523229769,0.00691572774204317,0.00363149044134112,0.0105472181833843
"46099",29269.6648952643,22156.3083739529,51425.9732692172,"South Dakota","SD","Minnehaha County","46",77271.9153234978,58492.6541072356,135764.569430733,0.406523123545338,0.30772650519379,0.714249628739128
"46101",6803.44596839269,393.529909426036,7196.97587781873,"South Dakota","SD","Moody County","46",17961.0973565567,1038.91896088473,19000.0163174414,0.0944923051165651,0.00546569318647272,0.0999579983030379
"46102",1545.37939663444,6.50515257140687,1551.88454920585,"South Dakota","SD","Oglala Lakota County","46",4079.80160711492,17.1736027885141,4096.97520990344,0.0214636027310339,0.0000903493412695399,0.0215539520723034
"46103",396457.768286941,2833.49397357321,399291.262260514,"South Dakota","SD","Pennington County","46",1046648.50827752,7480.42409023326,1054128.93236776,5.50635789287418,0.0393540829662945,5.54571197584048
"46105",687.005674386279,0,687.005674386279,"South Dakota","SD","Perkins County","46",1813.69498037978,0,1813.69498037978,0.0095417454775872,0,0.0095417454775872
"46107",107.331928057996,53.5751395230252,160.907067581021,"South Dakota","SD","Potter County","46",283.356290073108,141.438368340786,424.794658413895,0.00149072122302772,0.000744099160042016,0.00223482038306973
"46109",976.283367121873,441.296137768205,1417.57950489008,"South Dakota","SD","Roberts County","46",2577.38808920175,1165.02180370806,3742.40989290981,0.013559491210026,0.00612911302455841,0.0196886042345844
"46111",224.591858392747,65.5883182376725,290.18017663042,"South Dakota","SD","Sanborn County","46",592.922506156852,173.153160147455,766.075666304308,0.00311933136656593,0.000910948864412118,0.00403028023097805
"46115",1122.01617718309,250.340094236043,1372.35627141913,"South Dakota","SD","Spink County","46",2962.12270776336,660.897848783154,3623.02055654651,0.0155835580164318,0.00347694575327837,0.0190605037697102
"46117",1069.99207803625,131.176636475345,1201.16871451159,"South Dakota","SD","Stanley County","46",2824.77908601569,346.306320294912,3171.0854063106,0.0148610010838368,0.00182189772882424,0.016682898812661
"46119",567.841147323265,262.35327295069,830.194420273955,"South Dakota","SD","Sully County","46",1499.10062893342,692.612640589822,2191.71326952324,0.00788668260171201,0.00364379545764848,0.0115304780593605
"46121",321.352550060423,0,321.352550060423,"South Dakota","SD","Todd County","46",848.370732159518,0,848.370732159518,0.00446322986195032,0,0.00446322986195032
"46123",995.821364118559,529.707287371898,1525.52865149046,"South Dakota","SD","Tripp County","46",2628.968401273,1398.42723866181,4027.39563993481,0.0138308522794244,0.00735704565794303,0.0211878979373675
"46125",1723.4185981088,2006.76287460069,3730.18147270949,"South Dakota","SD","Turner County","46",4549.82509900723,5297.85398894582,9847.67908795305,0.0239363694181778,0.0278717065916763,0.051808076009854
"46127",2028.38268402599,10366.0377798824,12394.4204639084,"South Dakota","SD","Union County","46",5354.93028582861,27366.3397388895,32721.2700247181,0.0281719817225832,0.143972746942811,0.172144728665394
"46129",982.769261200868,224.260459821819,1207.02972102269,"South Dakota","SD","Walworth County","46",2594.51084957029,592.047613929602,3186.55846349989,0.0136495730722343,0.00311472860863637,0.0167643016808707
"46135",4811.51606885754,8770.12659277851,13581.6426616361,"South Dakota","SD","Yankton County","46",12702.4024217839,23153.1342049353,35855.5366267192,0.0668266120674659,0.12180731378859,0.188633925856056
"46137",359.942570660916,0,359.942570660916,"South Dakota","SD","Ziebach County","46",950.248386544819,0,950.248386544819,0.0049992023702905,0,0.0049992023702905
"47001",37831.4953856955,27741.1159061642,65572.6112918597,"Tennessee","TN","Anderson County","47",99875.1478182362,73236.5459922735,173111.69381051,0.525437435912438,0.385293276474503,0.910730712386941
"47003",11577.9530779731,2774.10748620011,14352.0605641732,"Tennessee","TN","Bedford County","47",30565.7961258491,7323.64376356829,37889.4398894174,0.160804903860738,0.0385292706416682,0.199334174502406
"47005",2304.15500008088,484.063954455047,2788.21895453593,"Tennessee","TN","Benton County","47",6082.96920021353,1277.92883976132,7360.89803997485,0.0320021527789012,0.00672311047854231,0.0387252632574435
"47007",1362.00882975682,55.005460847239,1417.01429060406,"Tennessee","TN","Bledsoe County","47",3595.70331055801,145.214416636711,3740.91772719472,0.0189167893021781,0.000763964733989431,0.0196807540361675
"47009",88412.8808014919,89182.4006766497,177595.281478142,"Tennessee","TN","Blount County","47",233410.005315939,235441.537786355,468851.543102294,1.2279566777985,1.23864445384236,2.46660113164085
"47011",13888.8574195163,5389.50502975049,19278.3624492668,"Tennessee","TN","Bradley County","47",36666.5835875231,14228.2932785413,50894.8768660644,0.192900797493282,0.0748542365243124,0.267755034017595
"47013",10274.528296229,11987.3657432175,22261.8940394465,"Tennessee","TN","Campbell County","47",27124.7547020445,31646.6455620943,58771.4002641388,0.142701781892069,0.166491190878021,0.309192972770091
"47015",3256.0182611104,3355.86026067112,6611.87852178153,"Tennessee","TN","Cannon County","47",8595.88820933147,8859.47108817176,17455.3592975032,0.0452224758487556,0.0466091702870989,0.0918316461358545
"47017",4271.01780756938,2092.47654287864,6363.49435044802,"Tennessee","TN","Carroll County","47",11275.4870119832,5524.13807319961,16799.6250851828,0.0593196917717969,0.0290621742066478,0.0883818659784447
"47019",4730.58914052266,5362.69667869404,10093.2858192167,"Tennessee","TN","Carter County","47",12488.7553309798,14157.5192317523,26646.2745627321,0.0657026269517036,0.0744818983151951,0.140184525266899
"47021",41593.0976484745,9691.77812776773,51284.8757762423,"Tennessee","TN","Cheatham County","47",109805.777791973,25586.2942573068,135392.07204928,0.577681911784369,0.13460802955233,0.712289941336698
"47023",2717.88810480102,1603.81773348458,4321.7058382856,"Tennessee","TN","Chester County","47",7175.22459667468,4234.0788163993,11409.303413074,0.0377484459000141,0.022275246298397,0.0600236921984111
"47025",4997.53131758125,4764.44974155774,9761.98105913899,"Tennessee","TN","Claiborne County","47",13193.4826784145,12578.1473177124,25771.6299961269,0.0694101571886284,0.0661729130771909,0.135583070265819
"47027",2498.11667382444,682.473847687304,3180.59052151175,"Tennessee","TN","Clay County","47",6595.02801889653,1801.73095789448,8396.75897679101,0.0346960649142284,0.00947880344010144,0.0441748683543298
"47029",4962.34584834391,4987.7483569883,9950.09420533221,"Tennessee","TN","Cocke County","47",13100.5930396279,13167.6556624491,26268.248702077,0.0689214701158876,0.0692742827359486,0.138195752851836
"47031",26669.0717269732,4597.57130823397,31266.6430352072,"Tennessee","TN","Coffee County","47",70406.3493592092,12137.5882537377,82543.937612947,0.370403773985739,0.0638551570588052,0.434258931044544
"47033",973.929958358917,258.391097150974,1232.32105550989,"Tennessee","TN","Crockett County","47",2571.17509006754,682.152496478571,3253.32758654611,0.0135268049772072,0.00358876523820797,0.0171155702154152
"47035",7558.08600046446,1419.43851014673,8977.52451061119,"Tennessee","TN","Cumberland County","47",19953.3470412262,3747.31766678737,23700.6647080135,0.104973416673117,0.0197144237520379,0.124687840425155
"47037",1167939.29475948,271782.763609547,1439722.05836903,"Tennessee","TN","Davidson County","47",3083359.73816504,717506.495929204,3800866.23409424,16.2213790938817,3.77476060568815,19.9961396995699
"47039",977.060064565901,279.070696022869,1256.13076058877,"Tennessee","TN","Decatur County","47",2579.43857045398,736.746637500373,3316.18520795435,0.0135702786745264,0.00387598188920651,0.0174462605637329
"47041",6577.32191919163,1657.09798954074,8234.41990873238,"Tennessee","TN","DeKalb County","47",17364.1298666659,4374.73869238756,21738.8685590535,0.091351693322106,0.0230152498547325,0.114366943176839
"47043",30166.6728110187,7678.47304142118,37845.1458524399,"Tennessee","TN","Dickson County","47",79640.0162210894,20271.1688293519,99911.1850504414,0.418981566819704,0.106645458908628,0.525627025728332
"47045",4513.40769586979,1498.38594797625,6011.79364384605,"Tennessee","TN","Dyer County","47",11915.3963170963,3955.73890265731,15871.1352197536,0.0626862179981916,0.0208109159441146,0.0834971339423062
"47047",3927.06476394672,5272.52993145816,9199.59469540488,"Tennessee","TN","Fayette County","47",10367.4509768193,13919.4790190495,24286.9299958689,0.0545425661659267,0.0732295823813633,0.12777214854729
"47049",2648.1536934677,589.784078007827,3237.93777147553,"Tennessee","TN","Fentress County","47",6991.12575075472,1557.02996594066,8548.15571669539,0.0367799124092736,0.00819144552788649,0.0449713579371601
"47051",38540.0686780738,3106.63535914165,41646.7040372155,"Tennessee","TN","Franklin County","47",101745.781310115,8201.51734813395,109947.298658249,0.535278731639914,0.0431477133214117,0.578426444961326
"47053",3795.24067113234,1655.03865840179,5450.27932953412,"Tennessee","TN","Gibson County","47",10019.4353717894,4369.30205818071,14388.7374299701,0.0527116759879491,0.0229866480333581,0.0756983240213073
"47055",4238.38384048423,948.544397219248,5186.92823770347,"Tennessee","TN","Giles County","47",11189.3333388784,2504.15720865881,13693.4905475372,0.0588664422289476,0.0131742277391562,0.0720406699681038
"47057",8150.32015686728,6078.25354884843,14228.5737057157,"Tennessee","TN","Grainger County","47",21516.8452141296,16046.5893689599,37563.4345830895,0.113198891067601,0.0844201881784504,0.197619079246052
"47059",6167.21899108274,4000.79336209664,10168.0123531794,"Tennessee","TN","Greene County","47",16281.4581364584,10562.0944759351,26843.5526123936,0.0856558193205937,0.0555665744735644,0.141222393794158
"47061",4319.97952250234,2583.34775068409,6903.32727318643,"Tennessee","TN","Grundy County","47",11404.7459394062,6820.038061806,18224.7840012122,0.0599997155903103,0.0358798298706124,0.0958795454609227
"47063",8902.54375658187,8332.69768343894,17235.2414400208,"Tennessee","TN","Hamblen County","47",23502.7155173761,21998.3218842788,45501.0374016549,0.123646441063637,0.115731912269985,0.239378353333622
"47065",162738.635898307,45032.146699483,207770.78259779,"Tennessee","TN","Hamilton County","47",429629.99877153,118884.867286635,548514.866058165,2.26025883192093,0.625446481937263,2.88570531385819
"47067",2349.60772616809,2405.86821546663,4755.47594163472,"Tennessee","TN","Hancock County","47",6202.96439708375,6351.4920888319,12554.4564859156,0.0326334406412234,0.0334148363259254,0.0660482769671488
"47069",1944.53333378423,628.09972495596,2572.63305874019,"Tennessee","TN","Hardeman County","47",5133.56800119036,1658.18327388373,6791.75127507409,0.0270074074136698,0.008723607291055,0.0357310147047248
"47071",2626.02116270431,974.581864837197,3600.60302754151,"Tennessee","TN","Hardin County","47",6932.69586953939,2572.8961231702,9505.59199270959,0.036472516148671,0.01353585923385,0.050008375382521
"47073",5326.93775231865,3628.75629490908,8955.69404722773,"Tennessee","TN","Hawkins County","47",14063.1156661212,9579.91661855997,23643.0322846812,0.0739852465599812,0.0503993929848483,0.12438463954483
"47075",1400.41985337732,408.072068174577,1808.4919215519,"Tennessee","TN","Haywood County","47",3697.10841291613,1077.31025998088,4774.41867289702,0.0194502757413517,0.0056676676135358,0.0251179433548875
"47077",1298.88245812236,407.250170769349,1706.13262889171,"Tennessee","TN","Henderson County","47",3429.04968944303,1075.14045083108,4504.19014027411,0.0180400341405883,0.00565625237179651,0.0236962865123848
"47079",2886.89078317077,1200.53868078935,4087.42946396012,"Tennessee","TN","Henry County","47",7621.39166757083,3169.42211728388,10790.8137848547,0.0400957053218162,0.0166741483442965,0.0567698536661127
"47081",6265.69226986077,3210.37641057669,9476.06868043746,"Tennessee","TN","Hickman County","47",16541.4275924324,8475.39372392247,25016.8213163549,0.0870235037480662,0.0445885612580096,0.131612065006076
"47083",877.463055712527,209.7364767775,1087.19953249003,"Tennessee","TN","Houston County","47",2316.50246708107,553.704298692601,2870.20676577367,0.0121869868848962,0.00291300662190973,0.0150999935068059
"47085",2431.05145814864,366.182711338416,2797.23416948706,"Tennessee","TN","Humphreys County","47",6417.97584951242,966.722357933417,7384.69820744583,0.0337646035853978,0.00508587099081133,0.0388504745762091
"47087",7286.97684276965,1199.62289551908,8486.59973828872,"Tennessee","TN","Jackson County","47",19237.6188649119,3167.00444417036,22404.6233090822,0.101208011705134,0.0166614291044316,0.117869440809566
"47089",29922.8563214456,36295.1257769997,66217.9820984453,"Tennessee","TN","Jefferson County","47",78996.3406886163,95819.1320512793,174815.472739896,0.415595226686744,0.504098969124996,0.91969419581174
"47091",632.428253434716,1553.73405514627,2186.16230858099,"Tennessee","TN","Johnson County","47",1669.61058906765,4101.85790558617,5771.46849465382,0.00878372574214883,0.0215796396548094,0.0303633653969582
"47093",862503.47366328,987933.380895862,1850436.85455914,"Tennessee","TN","Knox County","47",2277009.17047106,2608144.12556508,4885153.29603614,11.97921491199,13.721296956887,25.700511868877
"47095",647.230114783105,328.821361972889,976.051476755993,"Tennessee","TN","Lake County","47",1708.6875030274,868.088395608426,2576.77589863582,0.00898930714976534,0.00456696336073456,0.0135562705104999
"47097",2247.69629408514,1161.55262831003,3409.24892239518,"Tennessee","TN","Lauderdale County","47",5933.91821638478,3066.49893873848,9000.41715512327,0.0312180040845159,0.0161326753931949,0.0473506794777108
"47099",9856.8887728103,4201.70089164775,14058.5896644581,"Tennessee","TN","Lawrence County","47",26022.1863602192,11092.4903539501,37114.6767141693,0.136901232955699,0.058356956828441,0.19525818978414
"47101",1966.54683758551,492.871679968567,2459.41851755407,"Tennessee","TN","Lewis County","47",5191.68365122574,1301.18123511702,6492.86488634275,0.0273131505220209,0.00684543999956343,0.0341585905215843
"47103",12561.5263703344,3374.82147003049,15936.3478403648,"Tennessee","TN","Lincoln County","47",33162.4296176827,8909.52868088048,42071.9582985632,0.174465644032422,0.0468725204170901,0.221338164449512
"47105",25461.6335214005,28869.4450394274,54331.0785608278,"Tennessee","TN","Loudon County","47",67218.7124964972,76215.3349040883,143434.047400585,0.35363379890834,0.400964514436491,0.754598313344831
"47107",10929.3428422207,11083.4631602497,22012.8060024704,"Tennessee","TN","McMinn County","47",28853.4651034627,29260.3427430592,58113.8078465219,0.151796428364176,0.153936988336802,0.305733416700978
"47109",2380.63088525532,608.653827124812,2989.28471238013,"Tennessee","TN","McNairy County","47",6284.86553707403,1606.8461036095,7891.71164068354,0.0330643178507683,0.0084535253767335,0.0415178432275018
"47111",6641.84544243199,1330.21781330803,7972.06325574001,"Tennessee","TN","Macon County","47",17534.4719680204,3511.7750271332,21046.2469951536,0.0922478533671109,0.018475247407056,0.110723100774167
"47113",8750.63633403931,6986.53679041177,15737.1731244511,"Tennessee","TN","Madison County","47",23101.6799218638,18444.4571266871,41546.1370485508,0.121536615750546,0.0970352332001635,0.218571848950709
"47115",6822.93091198459,3094.67675668619,9917.60766867078,"Tennessee","TN","Marion County","47",18012.5376076393,8169.94663765154,26182.4842452909,0.0947629293331193,0.0429816216206415,0.137744550953761
"47117",13844.0628034452,6226.87140527109,20070.9342087163,"Tennessee","TN","Marshall County","47",36548.3258010953,16438.9405099157,52987.2663110109,0.19227865004785,0.0864843250732096,0.278762975121059
"47119",38772.1651092157,12892.6658993958,51664.8310086115,"Tennessee","TN","Maury County","47",102358.515888329,34036.6379744048,136395.153862734,0.538502293183552,0.179064804158275,0.717567097341826
"47121",1547.5686437741,316.578734095716,1864.14737786981,"Tennessee","TN","Meigs County","47",4085.58121956361,835.76785801269,4921.34907757631,0.0214940089413069,0.0043969268624405,0.0258909358037474
"47123",2815.11931884467,752.335884186342,3567.45520303101,"Tennessee","TN","Monroe County","47",7431.91500174993,1986.16673425194,9418.08173600187,0.0390988794283982,0.0104491095025881,0.0495479889309863
"47125",38697.4122715152,11591.1982011632,50288.6104726785,"Tennessee","TN","Montgomery County","47",102161.1683968,30600.7632510709,132761.931647871,0.537464059326601,0.160988863905045,0.698452923231645
"47127",3235.927433925,257.162660539852,3493.09009446486,"Tennessee","TN","Moore County","47",8542.84842556201,678.90942382521,9221.75784938722,0.0449434365822917,0.00357170361860906,0.0485151402009008
"47129",1744.47968250341,602.754155643033,2347.23383814644,"Tennessee","TN","Morgan County","47",4605.426361809,1591.27097089761,6196.6973327066,0.024228884479214,0.00837158549504212,0.0326004699742561
"47131",2544.03614043983,1906.68033071643,4450.71647115626,"Tennessee","TN","Obion County","47",6716.25541076115,5033.63607309138,11749.8914838525,0.0353338352838865,0.0264816712599504,0.061815506543837
"47133",11120.6738539623,1599.46881760639,12720.1426715687,"Tennessee","TN","Overton County","47",29358.5789744606,4222.59767848087,33581.1766529415,0.154453803527255,0.0222148446889777,0.176668648216232
"47135",1859.1384610046,419.680166124273,2278.81862712887,"Tennessee","TN","Perry County","47",4908.12553705214,1107.95563856808,6016.08117562022,0.0258213675139527,0.00582889119617046,0.0316502587101232
"47137",988.831209753501,125.358522684127,1114.18973243763,"Tennessee","TN","Pickett County","47",2610.51439374924,330.946499886095,2941.46089363534,0.013733766802132,0.00174109059283509,0.015474857394967
"47139",3989.71038329024,2808.93647026383,6798.64685355407,"Tennessee","TN","Polk County","47",10532.8354118862,7415.59228149651,17948.4276933827,0.0554126442123644,0.0390130065314421,0.0944256507438065
"47141",60487.4675708307,4271.83745444765,64759.3050252783,"Tennessee","TN","Putnam County","47",159686.914386993,11277.6508797418,170964.565266735,0.840103716261537,0.0593310757562173,0.899434792017755
"47143",8597.72842009566,6857.62433291135,15455.352753007,"Tennessee","TN","Rhea County","47",22698.0030290525,18104.128238886,40802.1312679385,0.119412894723551,0.0952447824015466,0.214657677125097
"47145",14770.3035648355,14497.4014563885,29267.705021224,"Tennessee","TN","Roane County","47",38993.6014111657,38273.1398448657,77266.7412560314,0.20514310506716,0.201352798005396,0.406495903072556
"47147",43540.0810648582,11114.3421822646,54654.4232471228,"Tennessee","TN","Robertson County","47",114945.814011226,29341.8633611786,144287.677372404,0.60472334812303,0.154365863642564,0.759089211765595
"47149",169111.969015731,85687.6656352425,254799.634650974,"Tennessee","TN","Rutherford County","47",446455.598201531,226215.43727704,672671.035478571,2.34877734744071,1.19010646715615,3.53888381459686
"47151",908.868730131544,450.675665725888,1359.54439585743,"Tennessee","TN","Scott County","47",2399.41344754728,1189.78375751634,3589.19720506362,0.0126231768073826,0.00625938424619289,0.0188825610535754
"47153",3799.27157672015,2280.74064592882,6080.01222264897,"Tennessee","TN","Sequatchie County","47",10030.0769625412,6021.15530525208,16051.2322677933,0.0527676607877799,0.031676953415678,0.0844446142034579
"47155",29714.8610649464,28569.7258910259,58284.5869559723,"Tennessee","TN","Sevier County","47",78447.2332114586,75424.0763523084,153871.309563767,0.412706403679812,0.396801748486471,0.809508152166282
"47157",146831.752198575,275534.099712906,422365.851911481,"Tennessee","TN","Shelby County","47",387635.825804238,727410.023242073,1115045.84904631,2.03932989164688,3.82686249601259,5.86619238765947
"47159",6501.89489817044,1998.81890249962,8500.71380067006,"Tennessee","TN","Smith County","47",17165.00253117,5276.88190259901,22441.884433769,0.0903040958079227,0.0277613736458281,0.118065469453751
"47161",3017.9046535483,2685.55289057775,5703.45754412605,"Tennessee","TN","Stewart County","47",7967.26828536751,7089.85963112525,15057.1279164928,0.041915342410393,0.0372993457024687,0.0792146881128618
"47163",10472.8838960045,5345.45493090673,15818.3388269112,"Tennessee","TN","Sullivan County","47",27648.4134854518,14112.0010175938,41760.4145030456,0.14545672077784,0.0742424295959269,0.219699150373767
"47165",124973.457856547,30742.5437569329,155716.00161348,"Tennessee","TN","Sumner County","47",329929.928741285,81160.3155183027,411090.244259588,1.73574247022982,0.426979774401845,2.16272224463167
"47167",5344.60395714736,7888.42394590947,13233.0279030568,"Tennessee","TN","Tipton County","47",14109.754446869,20825.439217201,34935.19366407,0.0742306105159356,0.109561443693187,0.183792054209123
"47169",1914.79564761405,468.801374352598,2383.59702196664,"Tennessee","TN","Trousdale County","47",5055.06050970108,1237.63562829086,6292.69613799194,0.0265943839946395,0.00651113019934164,0.0331055141939812
"47171",1885.86174579907,1684.20880104462,3570.07054684369,"Tennessee","TN","Unicoi County","47",4978.67500890954,4446.3112347578,9424.98624366733,0.0261925242472093,0.0233917889033975,0.0495843131506068
"47173",11173.7530893196,11810.0470654993,22983.800154819,"Tennessee","TN","Union County","47",29498.7081558039,31178.5242529182,60677.2324087221,0.15519101512944,0.164028431465268,0.319219446594708
"47175",3234.9756730802,1374.21568036197,4609.19135344217,"Tennessee","TN","Van Buren County","47",8540.33577693173,3627.9293961556,12168.2651730873,0.0449302176816694,0.0190863288939162,0.0640165465755857
"47177",8012.53952081611,2258.86123362143,10271.4007544375,"Tennessee","TN","Warren County","47",21153.1043349545,5963.39365676058,27116.4979917151,0.111285271122446,0.0313730726891866,0.142658343811633
"47179",5200.82861250727,1855.65926434546,7056.48787685273,"Tennessee","TN","Washington County","47",13730.1875370192,4898.94045787203,18629.1279948912,0.0722337307292676,0.0257730453381314,0.0980067760673991
"47181",2027.38792595992,334.289393824338,2361.67731978426,"Tennessee","TN","Wayne County","47",5352.3041245342,882.523999696251,6234.82812423045,0.0281581656383323,0.00464290824756024,0.0328010738858925
"47183",2787.93647179034,1725.66831531956,4513.60478710989,"Tennessee","TN","Weakley County","47",7360.15228552649,4555.76435244363,11915.9166379701,0.0387213398859769,0.0239676154905494,0.0626889553765263
"47185",9231.70768739675,1339.54622601141,10571.2539134082,"Tennessee","TN","White County","47",24371.7082947274,3536.40203667011,27908.1103313975,0.128218162324955,0.0186048086946029,0.146822971019558
"47187",178926.617309233,43952.3418862377,222878.959195471,"Tennessee","TN","Williamson County","47",472366.269696375,116034.182579667,588400.452276043,2.48509190707268,0.610449192864412,3.09554109993709
"47189",107885.732475178,27983.3974266576,135869.129901835,"Tennessee","TN","Wilson County","47",284818.333734469,73876.1692063762,358694.502940845,1.49841295104413,0.388658297592467,1.8870712486366
"48001",11054.3548896012,23012.1587333432,34066.5136229444,"Texas","TX","Anderson County","48",29183.4969085471,60752.0990560261,89935.5959645732,0.153532706800016,0.319613315740878,0.473146022540894
"48003",1602.90645066105,2059.62812437492,3662.53457503597,"Texas","TX","Andrews County","48",4231.67302974517,5437.41824834978,9669.09127809495,0.0222625895925146,0.0286059461718738,0.0508685357643884
"48005",16172.4709903735,10410.3507331958,26582.8217235693,"Texas","TX","Angelina County","48",42695.323414586,27483.325935637,70178.6493502231,0.224617652644076,0.14458820462772,0.369205857271796
"48007",2084.59988412742,1869.18667009612,3953.78655422353,"Texas","TX","Aransas County","48",5503.34369409638,4934.65280905375,10437.9965031501,0.0289527761684364,0.0259609259735572,0.0549137021419935
"48009",2440.76788548538,2130.92097672552,4571.6888622109,"Texas","TX","Archer County","48",6443.6272176814,5625.63137855538,12069.2585962368,0.0338995539650747,0.0295961246767434,0.063495678641818
"48011",167.387368592074,51.5133955568042,218.900764148878,"Texas","TX","Armstrong County","48",441.902653083076,135.995364269963,577.898017353039,0.00232482456377881,0.000715463827177836,0.00304028839095664
"48013",10420.7506785822,9351.35888682436,19772.1095654065,"Texas","TX","Atascosa County","48",27510.781791457,24687.5874612163,52198.3692526733,0.144732648313641,0.129879984539227,0.274612632852869
"48015",16308.4369824208,18410.2092889837,34718.6462714045,"Texas","TX","Austin County","48",43054.2736335908,48602.9525229171,91657.2261565079,0.226506069200289,0.255697351235885,0.482203420436174
"48017",2315.63330672343,1164.86471822265,3480.49802494608,"Texas","TX","Bailey County","48",6113.27192974985,3075.2428561078,9188.51478585765,0.0321615737044921,0.0161786766419813,0.0483402503464733
"48019",3153.28893298687,3035.34135084741,6188.63028383427,"Texas","TX","Bandera County","48",8324.68278308533,8013.30116623716,16337.9839493225,0.0437956796248176,0.0421575187617696,0.0859531983865871
"48021",68606.6199965612,50990.2769711554,119596.896967717,"Texas","TX","Bastrop County","48",181121.476790922,134614.33120385,315735.807994772,0.952869722174462,0.708198291266048,1.66106801344051
"48023",51.3737721344959,35.4454557401278,86.8192278746237,"Texas","TX","Baylor County","48",135.626758435069,93.5760031539374,229.202761589007,0.000713524612979109,0.000492297996390664,0.00120582260936977
"48025",2014.70243885647,2541.65601066368,4556.35844952015,"Texas","TX","Bee County","48",5318.81443858107,6709.97186815213,12028.7863067332,0.0279819783174509,0.0353007779258845,0.0632827562433354
"48027",92568.2139274214,106497.218384347,199065.432311768,"Texas","TX","Bell County","48",244380.084768392,281152.656534676,525532.741303068,1.28566963788085,1.47912803311593,2.76479767099678
"48029",882145.044730907,727726.38726637,1609871.43199728,"Texas","TX","Bexar County","48",2328862.91808959,1921197.66238322,4250060.58047281,12.2520145101515,10.1073109342551,22.3593254444066
"48031",2498.78577428622,3366.91762008405,5865.70339437027,"Texas","TX","Blanco County","48",6596.79444411563,8888.66251702189,15485.4569611375,0.0347053579761975,0.0467627447233896,0.0814681026995871
"48033",188.672227023413,1006.15652113557,1194.82874815898,"Texas","TX","Borden County","48",498.09467934181,2656.2532157979,3154.34789513971,0.0026204475975474,0.0139743961268829,0.0165948437244303
"48035",5683.8802858666,10881.4408189339,16565.3211048005,"Texas","TX","Bosque County","48",15005.4439546878,28727.0037619856,43732.4477166734,0.0789427817481472,0.151131122485193,0.230073904233341
"48037",3231.41424205994,5506.36856998007,8737.78281204,"Texas","TX","Bowie County","48",8530.93359903824,14536.8130247474,23067.7466237856,0.0448807533619436,0.0764773412497231,0.121358094611667
"48039",220500.091787441,142482.375660969,362982.467448411,"Texas","TX","Brazoria County","48",582120.242318845,376153.471744959,958273.714063804,3.06250127482557,1.97892188418013,5.0414231590057
"48041",1846991.84142612,2190372.86381148,4037364.7052376,"Texas","TX","Brazos County","48",4876058.46136496,5782584.36046231,10658642.8218273,25.6526644642517,30.421845330715,56.0745097949667
"48043",777.617940796491,1281.06628907223,2058.68422986873,"Texas","TX","Brewster County","48",2052.91136370274,3382.0150031507,5434.92636685343,0.010800249177729,0.0177925873482255,0.0285928365259545
"48045",281.719139140321,1.56267216373549,283.281811304056,"Texas","TX","Briscoe County","48",743.738527330447,4.12545451226169,747.863981842709,0.00391276582139335,0.0000217037800518818,0.00393446960144523
"48047",1206.15589174137,79.7948421160868,1285.95073385746,"Texas","TX","Brooks County","48",3184.25155419722,210.658383186469,3394.90993738369,0.0167521651630746,0.00110826169605676,0.0178604268591314
"48049",2789.63487657211,10612.2718466168,13401.9067231889,"Texas","TX","Brown County","48",7364.63607415038,28016.3976750684,35381.0337492188,0.0387449288412794,0.147392664536345,0.186137593377624
"48051",41201.8531547819,123291.573768054,164493.426922836,"Texas","TX","Burleson County","48",108772.892328624,325489.754747664,434262.647076288,0.572247960483082,1.71238296900076,2.28463092948384
"48053",8896.60688247667,11049.6428746263,19946.249757103,"Texas","TX","Burnet County","48",23487.0421697384,29171.0571890135,52658.099358752,0.123563984478843,0.153467262147588,0.277031246626431
"48055",26015.6732252018,29576.0501761921,55591.7234013938,"Texas","TX","Caldwell County","48",68681.3773145327,78080.772465147,146762.14977968,0.361328794794469,0.410778474669334,0.772107269463803
"48057",6838.67443283413,5891.88383140086,12730.558264235,"Texas","TX","Calhoun County","48",18054.1005026821,15554.5733148983,33608.6738175804,0.0949815893449185,0.0818317198805675,0.176813309225486
"48059",1155.07242908966,1190.8794257041,2345.95185479376,"Texas","TX","Callahan County","48",3049.3912127967,3143.92168385883,6193.31289665553,0.0160426726262453,0.0165399920236681,0.0325826646499134
"48061",19069.8054965758,12597.5190349166,31667.3245314924,"Texas","TX","Cameron County","48",50344.2865109601,33257.4502521799,83601.73676314,0.264858409674664,0.17496554215162,0.439823951826284
"48063",429.507207966866,1818.62221585519,2248.12942382206,"Texas","TX","Camp County","48",1133.89902903253,4801.16264985771,5935.06167889023,0.00596537788842869,0.0252586418868777,0.0312240197753064
"48065",534.791440706276,140.795347806871,675.586788513148,"Texas","TX","Carson County","48",1411.84940346457,371.699718210141,1783.54912167471,0.00742765889869828,0.0019554909417621,0.00938314984046038
"48067",1606.30378582388,1710.53805835812,3316.841844182,"Texas","TX","Cass County","48",4240.64199457505,4515.82047406544,8756.46246864048,0.0223097748031095,0.0237574730327517,0.0460672478358611
"48069",1497.34106981306,227.044976446607,1724.38604625967,"Texas","TX","Castro County","48",3952.98042430649,599.398737819044,4552.37916212553,0.0207964037474037,0.00315340245064732,0.023949806198051
"48071",15272.1164255759,10648.0647817539,25920.1812073299,"Texas","TX","Chambers County","48",40318.3873635205,28110.8910238303,68429.2783873508,0.212112728132999,0.147889788635471,0.36000251676847
"48073",3665.40617365957,7370.08024429027,11035.4864179498,"Texas","TX","Cherokee County","48",9676.67229846126,19457.0118449263,29133.6841433876,0.0509084190786051,0.102362225615143,0.153270644693748
"48075",644.14283482954,57.7640842117461,701.906919041286,"Texas","TX","Childress County","48",1700.53708394998,152.49718231901,1853.03426626899,0.00894642826152138,0.000802278947385363,0.00974870720890674
"48077",1061.89001124829,831.228379772253,1893.11839102054,"Texas","TX","Clay County","48",2803.38962969547,2194.44292259875,4997.83255229422,0.0147484723784484,0.011544838607948,0.0262933109863964
"48079",2358.74125710322,1057.58728107822,3416.32853818144,"Texas","TX","Cochran County","48",6227.0769187525,2792.0304220465,9019.107340799,0.0327602952375447,0.0146887122371975,0.0474490074747422
"48081",167.999089255418,128.07540524002,296.074494495438,"Texas","TX","Coke County","48",443.517595634303,338.119069833653,781.636665467955,0.00233332068410302,0.00177882507277805,0.00411214575688108
"48083",506.172952751443,1852.9533429876,2359.12629573904,"Texas","TX","Coleman County","48",1336.29659526381,4891.79682548726,6228.09342075107,0.00703017989932559,0.02573546309705,0.0327656429963756
"48085",454648.999272398,335650.720153814,790299.719426212,"Texas","TX","Collin County","48",1200273.35807913,886117.901206069,2086391.2592852,6.31456943433886,4.66181555769186,10.9763849920307
"48087",248.091925140973,103.026791113608,351.118716254581,"Texas","TX","Collingsworth County","48",654.962682372168,271.990728539926,926.953410912094,0.00344572118251351,0.00143092765435567,0.00487664883686918
"48089",20235.4822377081,14671.1315706691,34906.6138083772,"Texas","TX","Colorado County","48",53421.6731075494,38731.7873465664,92153.4604541158,0.281048364412613,0.203765716259293,0.484814080671905
"48091",40492.9594291555,60740.6955671859,101233.654996341,"Texas","TX","Comal County","48",106901.41289297,160355.436297371,267256.849190341,0.562402214293826,0.84362077176647,1.4060229860603
"48093",2000.45276988947,2129.83520861297,4130.28797850244,"Texas","TX","Comanche County","48",5281.19531250819,5622.76495073825,10903.9602632464,0.0277840662484648,0.0295810445640691,0.0573651108125339
"48095",174.900982147241,168.862862722924,343.763844870165,"Texas","TX","Concho County","48",461.738592868715,445.797957588519,907.536550457234,0.00242918030760056,0.00234531753781839,0.00477449784541895
"48097",11395.0687573041,8007.73403203142,19402.8027893355,"Texas","TX","Cooke County","48",30082.9815192828,21140.4178445629,51223.3993638458,0.158264843851446,0.111218528222659,0.269483372074104
"48099",12105.6491878574,16171.978397368,28277.6275852254,"Texas","TX","Coryell County","48",31958.9138559435,42694.0229690516,74652.936824995,0.168134016498019,0.224610811074556,0.392744827572575
"48101",70.2599738072727,62.5526638785135,132.812637685786,"Texas","TX","Cottle County","48",185.4863308512,165.139032639276,350.625363490475,0.000975832969545454,0.000868786998312687,0.00184461996785814
"48103",204.750519119385,114.143159262217,318.893678381602,"Texas","TX","Crane County","48",540.541370475177,301.337940452253,841.87931092743,0.00284375720999146,0.00158532165641968,0.00442907886641114
"48105",283.464129194435,230.394112701638,513.858241896073,"Texas","TX","Crockett County","48",748.34530107331,608.240457532324,1356.58575860563,0.00393700179436716,0.00319991823196719,0.00713692002633435
"48107",6239.00480013025,3189.00211132725,9428.0069114575,"Texas","TX","Crosby County","48",16470.9726723439,8418.96557390395,24889.9382462478,0.0866528444462535,0.0442916959906563,0.13094454043691
"48109",3603.71144277176,454.007783438213,4057.71922620998,"Texas","TX","Culberson County","48",9513.79820891745,1198.58054827688,10712.3787571943,0.0500515478162745,0.00630566365886407,0.0563572114751386
"48111",313.104034173354,103.026791113608,416.130825286963,"Texas","TX","Dallam County","48",826.594650217656,271.990728539926,1098.58537875758,0.00434866714129659,0.00143092765435567,0.00577959479565226
"48113",1333600.87239086,1053163.86859595,2386764.74098681,"Texas","TX","Dallas County","48",3520706.30311187,2780352.61309331,6301058.91620518,18.5222343387619,14.6272759527216,33.1495102914835
"48115",798.316419785149,1277.25712774368,2075.57354752883,"Texas","TX","Dawson County","48",2107.55534823279,3371.95881724331,5479.5141654761,0.0110877280525715,0.0177396823297733,0.0288274103823448
"48117",1973.46610243896,443.406467235787,2416.87256967474,"Texas","TX","Deaf Smith County","48",5209.95051043885,1170.59307350248,6380.54358394132,0.0274092514227633,0.00615842315605259,0.0335676745788159
"48119",127.381961193269,11084.0297118033,11211.4116729966,"Texas","TX","Delta County","48",336.28837755023,29261.8384391608,29598.1268167111,0.00176919390546207,0.15394485710838,0.155714051013842
"48121",448881.89682444,319289.452476206,768171.349300646,"Texas","TX","Denton County","48",1185048.20761652,842924.154537184,2027972.36215371,6.23447078922834,4.43457572883619,10.6690465180645
"48123",971.246126038144,1575.25583441368,2546.50196045182,"Texas","TX","DeWitt County","48",2564.0897727407,4158.67540285211,6722.76517559281,0.0134895295283075,0.0218785532557455,0.0353680827840531
"48125",1740.37941251477,875.727724465669,2616.10713698044,"Texas","TX","Dickens County","48",4594.601649039,2311.92119258937,6906.52284162836,0.0241719362849274,0.0121628850620232,0.0363348213469506
"48127",728.95063225633,436.460593320085,1165.41122557642,"Texas","TX","Dimmit County","48",1924.42966915671,1152.25596636502,3076.68563552174,0.0101243143368935,0.00606195268500118,0.0161862670218947
"48129",480.491402765428,154.540186670412,635.031589435841,"Texas","TX","Donley County","48",1268.49730330073,407.986092809889,1676.48339611062,0.00667349170507539,0.00214639148153351,0.0088198831866089
"48131",1420.67338854812,271.366345053986,1692.03973360211,"Texas","TX","Duval County","48",3750.57774576705,716.407150942523,4466.98489670957,0.0197315748409462,0.00376897701463869,0.0235005518555849
"48133",1162.16511550474,1085.19324115801,2247.35835666275,"Texas","TX","Eastland County","48",3068.1159049325,2864.91015665715,5933.02606158965,0.016141182159788,0.0150721283494168,0.0312133105092048
"48135",15759.9748282554,8842.08049242614,24602.0553206815,"Texas","TX","Ector County","48",41606.3335465942,23343.092500005,64949.4260465992,0.218888539281325,0.122806673505919,0.341695212787243
"48137",76.6018251750154,3.12534432747098,79.7271695024864,"Texas","TX","Edwards County","48",202.228818462041,8.25090902452339,210.479727486564,0.00106391423854188,0.0000434075601037636,0.00110732179864564
"48139",48734.7067802757,54985.680299094,103720.38707937,"Texas","TX","Ellis County","48",128659.625899928,145162.195989608,273821.821889536,0.676870927503829,0.763690004154083,1.44056093165791
"48141",410925.064956992,133469.963965618,544395.02892261,"Texas","TX","El Paso County","48",1084842.17148646,352360.704869232,1437202.87635569,5.70729256884711,1.85374949952248,7.56104206836959
"48143",40971.1404176315,29702.3026877413,70673.4431053728,"Texas","TX","Erath County","48",108163.810702547,78414.0790956371,186577.889798184,0.569043616911548,0.412531981774185,0.981575598685733
"48145",10193.1860675455,49016.0340059487,59209.2200734943,"Texas","TX","Falls County","48",26910.0112183202,129402.329775705,156312.340994025,0.14157202871591,0.680778250082621,0.822350278798532
"48147",1394.46121320708,4765.86207737196,6160.32329057904,"Texas","TX","Fannin County","48",3681.37760286669,12581.875884262,16263.2534871287,0.0193675168500983,0.0661925288523884,0.0855600457024867
"48149",33111.8420121143,12509.6538363214,45621.4958484357,"Texas","TX","Fayette County","48",87415.2629119817,33025.4861278885,120440.74903987,0.459886694612698,0.173745192171131,0.633631886783829
"48151",209.328855334268,314.386288342926,523.715143677194,"Texas","TX","Fisher County","48",552.628178082467,829.979801225326,1382.60797930779,0.00290734521297594,0.00436647622698509,0.00727382143996103
"48153",998.763416830486,370.282526859354,1369.04594368984,"Texas","TX","Floyd County","48",2636.73542043248,977.545870908696,3614.28129134118,0.0138717141226456,0.00514281287304659,0.0190145269956922
"48155",44.0222505940605,13.448243068759,57.4704936628195,"Texas","TX","Foard County","48",116.21874156832,35.5033617015237,151.722103269844,0.000611420147139729,0.000186781153732764,0.000798201300872493
"48157",467086.233443276,353850.899565598,820937.133008874,"Texas","TX","Fort Bend County","48",1233107.65629025,934166.374853179,2167274.03114343,6.48730879782327,4.91459582729997,11.4019046251232
"48159",899.358043687103,1002.3247476645,1901.6827913516,"Texas","TX","Franklin County","48",2374.30523533395,2646.13733383428,5020.44256916823,0.0124910839400986,0.0139211770508958,0.0264122609909945
"48161",5099.33908392867,11997.565331582,17096.9044155107,"Texas","TX","Freestone County","48",13462.2551815717,31673.5724753766,45135.8276569483,0.0708241539434538,0.166632851827528,0.237457005770982
"48163",2961.4396154878,1940.68518932295,4902.12480481075,"Texas","TX","Frio County","48",7818.20058488779,5123.40889981259,12941.6094847004,0.0411311057706639,0.0269539609628188,0.0680850667334826
"48165",1626.29278216148,2455.41299881494,4081.70578097642,"Texas","TX","Gaines County","48",4293.41294490631,6482.29031687143,10775.7032617777,0.0225873997522428,0.0341029583168741,0.0566903580691169
"48167",263532.206114343,137437.816320935,400970.022435278,"Texas","TX","Galveston County","48",695725.024141865,362835.83508727,1058560.85922913,3.66016952936587,1.90885856001299,5.56902808937886
"48169",1809.91035248361,876.31046119953,2686.22081368314,"Texas","TX","Garza County","48",4778.16333055672,2313.45961756676,7091.62294812348,0.0251376437844945,0.0121709786277712,0.0373086224122658
"48171",3780.2333556304,3657.3055725627,7437.53892819311,"Texas","TX","Gillespie County","48",9979.81605886426,9655.28671156554,19635.1027704298,0.0525032410504222,0.0507959107300376,0.10329915178046
"48175",4442.34610285203,3489.04613314561,7931.39223599764,"Texas","TX","Goliad County","48",11727.7937115294,9211.0817915044,20938.8755030338,0.0616992514285004,0.0484589740714668,0.110158225499967
"48177",2577.82101911756,2277.08014095357,4854.90116007113,"Texas","TX","Gonzales County","48",6805.44749047035,6011.49157211743,12816.9390625878,0.0358030697099661,0.0316261130687996,0.0674291827787657
"48179",4431.31819822718,2648.84236096435,7080.16055919153,"Texas","TX","Gray County","48",11698.6800433198,6992.94383294588,18691.6238762656,0.0615460860864886,0.036789477235616,0.0983355633221046
"48181",15161.8888348766,14278.6821490554,29440.570983932,"Texas","TX","Grayson County","48",40027.3865240742,37695.7208735063,77723.1073975805,0.210581789373286,0.198315029847992,0.408896819221278
"48183",11899.7212941423,11700.1420919375,23599.8633860797,"Texas","TX","Gregg County","48",31415.2642165356,30888.3751227149,62303.6393392504,0.165273906863087,0.162501973499131,0.327775880362218
"48185",104462.821753483,77437.0053133631,181899.827066846,"Texas","TX","Grimes County","48",275781.849429194,204433.694027279,480215.543456473,1.45087252435392,1.0755139626856,2.52638648703952
"48187",64605.3999047396,63599.1709818893,128204.570886629,"Texas","TX","Guadalupe County","48",170558.255748513,167901.811392188,338460.0671407,0.897297220899162,0.883321819192907,1.78061904009207
"48189",12569.3672020594,7289.05905868665,19858.426260746,"Texas","TX","Hale County","48",33183.1294134368,19243.1159149328,52426.2453283695,0.174574544473047,0.101236931370648,0.275811475843695
"48191",579.130725797158,56.6529771807395,635.783702977898,"Texas","TX","Hall County","48",1528.9051161045,149.563859757152,1678.46897586165,0.00804348230273831,0.000786846905288049,0.00883032920802636
"48193",250.256498587791,678.436796423563,928.693295011354,"Texas","TX","Hamilton County","48",660.677156271768,1791.07314255821,2451.75029882998,0.00347578470260821,0.0094227332836606,0.0128985179862688
"48195",328.796481689871,156.102858834148,484.899340524019,"Texas","TX","Hansford County","48",868.022711661261,412.111547322151,1280.13425898341,0.00456661780124821,0.00216809526158539,0.0067347130628336
"48197",6.60225975577721,1.56267216373549,8.1649319195127,"Texas","TX","Hardeman County","48",17.4299657552518,4.12545451226169,21.5554202675135,0.0000916980521635724,0.0000217037800518818,0.000113401832215454
"48199",5539.5986218626,7016.52210260063,12556.1207244632,"Texas","TX","Hardin County","48",14624.5403617173,18523.6183508657,33148.1587125829,0.0769388697480916,0.0974516958694532,0.174390565617545
"48201",3080896.48738297,2398600.54438903,5479497.031772,"Texas","TX","Harris County","48",8133566.72669105,6332305.43718704,14465872.1638781,42.7902289914302,33.3138964498476,76.1041254412778
"48203",40857.9086385074,29524.2311534521,70382.1397919595,"Texas","TX","Harrison County","48",107864.878805659,77943.9702451136,185808.849050773,0.567470953312602,0.410058766020168,0.97752971933277
"48205",496.183850281945,207.616254390952,703.800104672898,"Texas","TX","Hartley County","48",1309.92536474434,548.106911592114,1858.03227633645,0.00689144236502702,0.00288355908876322,0.00977500145379024
"48207",871.286460991276,493.233848123319,1364.5203091146,"Texas","TX","Haskell County","48",2300.19625701697,1302.13735904556,3602.33361606253,0.0121012008471011,0.00685047011282388,0.0189516709599249
"48209",197717.984650207,246951.760794337,444669.745444544,"Texas","TX","Hays County","48",521975.479476548,651952.64849705,1173928.1279736,2.74608312014177,3.42988556658801,6.17596868672978
"48211",194.882219093759,54.6387398842751,249.520958978034,"Texas","TX","Hemphill County","48",514.489058407523,144.246273294486,658.735331702009,0.00270669748741331,0.000758871387281599,0.00346556887469491
"48213",11748.3823501092,19607.5959397703,31355.9782898796,"Texas","TX","Henderson County","48",31015.7294042884,51764.0532809937,82779.7826852821,0.16317197708485,0.272327721385699,0.43549969847055
"48215",56226.3774103858,41340.743200686,97567.1206110718,"Texas","TX","Hidalgo County","48",148437.636363418,109139.562049811,257577.19841323,0.78092190847758,0.574176988898417,1.355098897376
"48217",13795.7499135267,22369.3337052684,36165.0836187951,"Texas","TX","Hill County","48",36420.7797717105,59055.0409819086,95475.8207536191,0.191607637687871,0.31068519035095,0.502292828038821
"48219",13438.98523224,7804.40458862237,21243.3898208624,"Texas","TX","Hockley County","48",35478.9210131137,20603.628113963,56082.5491270767,0.18665257267,0.108394508175311,0.295047080845311
"48221",7465.29683069484,8126.61852729679,15591.9153579916,"Texas","TX","Hood County","48",19708.3836330344,21454.2729120635,41162.6565450979,0.103684678204095,0.112869701768011,0.216554379972106
"48223",1688.893130975,17230.0852574107,18918.9783883857,"Texas","TX","Hopkins County","48",4458.677865774,45487.4250795643,49946.1029453383,0.0234568490413194,0.23930673968626,0.262763588727579
"48225",5223.3229194204,9695.1438348306,14918.466754251,"Texas","TX","Houston County","48",13789.5725072699,25595.1797239528,39384.7522312226,0.0725461516586166,0.134654775483758,0.207200927142375
"48227",5145.9983259668,3296.06572373549,8442.06404970229,"Texas","TX","Howard County","48",13585.4355805524,8701.61351066169,22287.049091214,0.0714721989717611,0.0457786906074373,0.117250889579198
"48229",191.760992442708,89.1556642402295,280.916656682938,"Texas","TX","Hudspeth County","48",506.24902004875,235.370953594206,741.619973642956,0.00266334711725984,0.00123827311444763,0.00390162023170747
"48231",4703.27009842799,89467.5530337025,94170.8231321304,"Texas","TX","Hunt County","48",12416.6330598499,236194.340008974,248610.973068824,0.0653231958114998,1.24260490324587,1.30792809905737
"48233",1561.72274523387,464.397861455177,2026.12060668905,"Texas","TX","Hutchinson County","48",4122.94804741743,1226.01035424167,5348.95840165909,0.0216905936838038,0.00644997029798858,0.0281405639817924
"48235",51.1876297798462,25.756697778402,76.9443275582482,"Texas","TX","Irion County","48",135.135342618794,67.9976821349814,203.133024753775,0.000710939302497864,0.000357731913588917,0.00106867121608678
"48237",509.658139917519,374.830076446927,884.488216364446,"Texas","TX","Jack County","48",1345.49748938225,989.551401819886,2335.04889120214,0.00707858527663221,0.00520597328398509,0.0122845585606173
"48239",3485.55663755771,1631.03938535462,5116.59602291232,"Texas","TX","Jackson County","48",9201.86952315235,4305.94397733619,13507.8135004885,0.0484105088549682,0.0226533247965919,0.0710638336515601
"48241",860.290521270669,2389.86682600512,3250.15734727579,"Texas","TX","Jasper County","48",2271.16697615457,6309.24842065351,8580.41539680808,0.0119484794620926,0.0331925948056266,0.0451410742677193
"48243",204.750519119385,112.580487098482,317.331006217867,"Texas","TX","Jeff Davis County","48",540.541370475177,297.212485939991,837.753856415168,0.00284375720999146,0.0015636178763678,0.00440737508635926
"48245",12618.9888791333,37605.1899167993,50224.1787959325,"Texas","TX","Jefferson County","48",33314.1306409118,99277.7013803501,132591.832021262,0.175263734432406,0.52229430439999,0.697558038832396
"48247",1710.34377192004,62.2650448615116,1772.60881678155,"Texas","TX","Jim Hogg County","48",4515.3075578689,164.379718434391,4679.68727630329,0.0237547746100005,0.000864792289743216,0.0246195668997437
"48249",10934.508908218,5597.68113121404,16532.190039432,"Texas","TX","Jim Wells County","48",28867.1035176955,14777.8781864051,43644.9817041006,0.151868179280805,0.0777455712668617,0.229613750547667
"48251",32325.3071806628,44896.707344418,77222.0145250808,"Texas","TX","Johnson County","48",85338.8109569498,118527.307389264,203866.118346213,0.448962599731428,0.623565379783584,1.07252797951501
"48253",2967.91523366073,3482.34035679181,6450.25559045255,"Texas","TX","Jones County","48",7835.29621686434,9193.37854193038,17028.6747587947,0.0412210449119546,0.0483658382887752,0.0895868832007298
"48255",4748.72843941843,3268.32771037662,8017.05614979505,"Texas","TX","Karnes County","48",12536.6430800647,8628.38515539429,21165.0282354589,0.0659545616585893,0.0453934404218976,0.111348002080487
"48257",18699.9279043719,31065.6059206722,49765.5338250442,"Texas","TX","Kaufman County","48",49367.8096675419,82013.1996305747,131381.009298117,0.259721220894054,0.431466748898226,0.69118796979228
"48259",15882.3120669389,12460.5416218359,28342.8536887748,"Texas","TX","Kendall County","48",41929.3038567188,32895.8298816466,74825.1337383655,0.220587667596374,0.173063078081053,0.393650745677428
"48261",62.330353984594,0,62.330353984594,"Texas","TX","Kenedy County","48",164.552134519328,0,164.552134519328,0.000865699360897139,0,0.000865699360897139
"48263",13.7629901476023,50.8053119048139,64.5683020524162,"Texas","TX","Kent County","48",36.3342939896701,134.126023428709,170.460317418379,0.000191152640938921,0.000705629332011304,0.000896781972950225
"48265",5160.79963851065,4996.11909957395,10156.9187380846,"Texas","TX","Kerr County","48",13624.5110456681,13189.7544228752,26814.2654685433,0.0716777727570924,0.0693905430496382,0.141068315806731
"48267",369.397356661544,1186.1357520071,1555.53310866865,"Texas","TX","Kimble County","48",975.209021586477,3131.39838529875,4106.60740688522,0.00513051884252145,0.0164741076667653,0.0216046265092867
"48271",141.030919547791,109.713175980424,250.744095528215,"Texas","TX","Kinney County","48",372.321627606167,289.642784588319,661.964412194487,0.00195876277149709,0.00152379411083922,0.00348255688233632
"48273",56022.6821264053,242.763993926624,56265.4461203319,"Texas","TX","Kleberg County","48",147899.88081371,640.896943966288,148540.777757676,0.778092807311184,0.00337172213786978,0.781464529449054
"48275",57.0117772707368,36.8730659270108,93.8848431977476,"Texas","TX","Knox County","48",150.511091994745,97.3448940473084,247.855986042054,0.000791830239871344,0.000512125915652927,0.00130395615552427
"48277",5172.66598897004,8620.28372573971,13792.9497147097,"Texas","TX","Lamar County","48",13655.8382108809,22757.5490359528,36413.3872468337,0.0718425831801395,0.119726162857496,0.191568746037635
"48279",8049.64584357637,3726.70622390899,11776.3520674854,"Texas","TX","Lamb County","48",21251.0650270416,9838.50443111974,31089.5694581614,0.111800636716339,0.0517598086654027,0.163560445381741
"48281",3876.40271556018,1595.69818091196,5472.10089647214,"Texas","TX","Lampasas County","48",10233.7031690789,4212.64319760756,14446.3463666864,0.0538389266050025,0.0221624747348883,0.0760014013398908
"48283",406.996780887931,83.6351481161132,490.631929004044,"Texas","TX","La Salle County","48",1074.47150154414,220.796791026539,1295.26829257068,0.00565273306788793,0.00116159927939046,0.0068143323472784
"48285",5324.16395509292,4885.93487176885,10210.0988268618,"Texas","TX","Lavaca County","48",14055.7928414453,12898.8680614698,26954.6609029151,0.0739467215985128,0.0678602065523451,0.141806928150858
"48287",13303.203414519,22284.4827442795,35587.6861587985,"Texas","TX","Lee County","48",35120.4570143303,58831.0344448979,93951.4914592282,0.184766714090542,0.30950670478166,0.494273418872202
"48289",8773.38783300706,23084.4772416758,31857.8650746829,"Texas","TX","Leon County","48",23161.7438791386,60943.0199180242,84104.7637971628,0.121852608791765,0.32061773946772,0.442470348259485
"48291",14653.1774863893,13513.6910890998,28166.8685754891,"Texas","TX","Liberty County","48",38684.3885640677,35676.1444752234,74360.5330392911,0.203516353977629,0.187690154015275,0.391206507992904
"48293",8962.57231531583,28345.4027474331,37307.9750627489,"Texas","TX","Limestone County","48",23661.1909124338,74831.8632532234,98493.0541656572,0.124480171046053,0.393686149269904,0.518166320315957
"48295",782.013276652562,80.395437662677,862.408714315239,"Texas","TX","Lipscomb County","48",2064.51505036276,212.243955429467,2276.75900579223,0.0108612955090634,0.00111660330087051,0.0119778988099339
"48297",5821.86133531587,5294.40265440847,11116.2639897243,"Texas","TX","Live Oak County","48",15369.7139252339,13977.2230076384,29346.9369328723,0.0808591852127205,0.0735333702001176,0.154392555412838
"48299",7912.95383475025,5527.38060024243,13440.3344349927,"Texas","TX","Llano County","48",20890.1981237407,14592.28478464,35482.4829083807,0.109902136593753,0.0767691750033671,0.186671311597121
"48303",597582.525604469,312066.292636997,909648.818241466,"Texas","TX","Lubbock County","48",1577617.8675958,823855.012561673,2401472.88015747,8.29975730006207,4.33425406440274,12.6340113644648
"48305",3472.91260127129,1727.26142331667,5200.17402458796,"Texas","TX","Lynn County","48",9168.4892673562,4559.97015755602,13728.4594249122,0.048234897239879,0.0239897419905094,0.0722246392303883
"48307",590.589907873513,396.050667520659,986.640575394172,"Texas","TX","McCulloch County","48",1559.15735678607,1045.57376225454,2604.73111904061,0.00820263760935435,0.00550070371556471,0.0137033413249191
"48309",195786.6473497,608970.494298821,804757.141648521,"Texas","TX","McLennan County","48",516876.749003208,1607682.10494889,2124558.8539521,2.71925899096805,8.45792353192808,11.1771825228961
"48311",193.10327434061,61.4024118188957,254.505686159506,"Texas","TX","McMullen County","48",509.792644259211,162.102367201885,671.895011461096,0.00268198992139737,0.000852811275262441,0.00353480119665981
"48313",10987.2692702887,24799.6764569201,35786.9457272089,"Texas","TX","Madison County","48",29006.3908735622,65471.1458462691,94477.5367198314,0.152600962087343,0.344439950790557,0.497040912877901
"48315",310.18355228538,1473.30727836277,1783.49083064815,"Texas","TX","Marion County","48",818.884578033404,3889.53121487772,4708.41579291112,0.00430810489285251,0.0204626010883718,0.0247707059812243
"48317",409.50103823877,215.60727821209,625.10831645086,"Texas","TX","Martin County","48",1081.08274095035,569.203214479917,1650.28595543027,0.00568751441998292,0.00299454553072347,0.00868205995070639
"48319",3542.52191340816,502.778739426955,4045.30065283512,"Texas","TX","Mason County","48",9352.25785139755,1327.33587208716,10679.5937234847,0.04920169324178,0.00698303804759659,0.0561847312893766
"48321",9250.66846672335,9385.1348302772,18635.8032970006,"Texas","TX","Matagorda County","48",24421.7647521496,24776.7559519318,49198.5207040815,0.128481506482269,0.130349094864961,0.25883060134723
"48323",1789.228069491,1390.57017515265,3179.79824464365,"Texas","TX","Maverick County","48",4723.56210345623,3671.105262403,8394.66736585923,0.0248503898540416,0.0193134746548979,0.0441638645089396
"48325",7902.52902342544,6385.3905702801,14287.9195937055,"Texas","TX","Medina County","48",20862.6766218432,16857.4311055395,37720.1077273826,0.109757347547576,0.0886859801427792,0.198443327690355
"48327",1768.68122075072,2572.95425566699,4341.63547641771,"Texas","TX","Menard County","48",4669.31842278191,6792.59923496085,11461.9176577428,0.0245650169548712,0.0357354757731526,0.0603004927280238
"48329",17670.9529526058,7161.57081472675,24832.5237673326,"Texas","TX","Midland County","48",46651.3157948794,18906.5469508786,65557.862745758,0.245429902119525,0.0994662613156493,0.344896163435175
"48331",21392.0966389382,33293.2361948534,54685.3328337917,"Texas","TX","Milam County","48",56475.135126797,87894.1435544131,144369.27868121,0.297112453318587,0.462406058261853,0.75951851158044
"48333",232.646370571042,670.4933616852,903.139732256242,"Texas","TX","Mills County","48",614.186418307551,1770.10247484893,2384.28889315648,0.00323119959126447,0.00931240780118333,0.0125436073924478
"48335",698.878260425849,335.363728130851,1034.2419885567,"Texas","TX","Mitchell County","48",1845.03860752424,885.360242265446,2730.39884978969,0.00970664250591457,0.00465782955737293,0.0143644720632875
"48337",3427.90084657828,2447.82739350649,5875.72824008477,"Texas","TX","Montague County","48",9049.65823496666,6462.26431885712,15511.9225538238,0.0476097339802539,0.0339976026875901,0.081607336667844
"48339",239626.294403858,163815.080212743,403441.3746166,"Texas","TX","Montgomery County","48",632613.417226185,432471.811761641,1065085.22898783,3.32814297783136,2.2752094473992,5.60335242523056
"48341",1516.20050935091,568.210023288581,2084.41053263949,"Texas","TX","Moore County","48",4002.7693446864,1500.07446148185,5502.84380616825,0.0210583404076515,0.00789180587900807,0.0289501462866596
"48343",547.839588912673,1730.47914432019,2278.31873323286,"Texas","TX","Morris County","48",1446.29651472946,4568.4649410053,6014.76145573476,0.00760888317934268,0.0240344325600026,0.0316433157393453
"48345",563.063927578308,284.886347726158,847.950275304467,"Texas","TX","Motley County","48",1486.48876880673,752.099957997057,2238.58872680379,0.00782033232747651,0.00395675482952997,0.0117770871570065
"48347",4124.47316837153,12622.3198978202,16746.7930661918,"Texas","TX","Nacogdoches County","48",10888.6091645008,33322.9245302454,44211.5336947462,0.0572843495607156,0.175309998580836,0.232594348141552
"48349",8574.16965599758,24318.2317162953,32892.4013722929,"Texas","TX","Navarro County","48",22635.8078918336,64200.1317310196,86835.9396228532,0.119085689666633,0.337753218281879,0.456838907948512
"48351",409.950752905354,1265.23166401668,1675.18241692204,"Texas","TX","Newton County","48",1082.26998767014,3340.21159300404,4422.48158067418,0.00569376045701881,0.0175726620002317,0.0232664224572505
"48353",753.360790666993,1545.70743877506,2299.06822944206,"Texas","TX","Nolan County","48",1988.87248736086,4080.66763836617,6069.54012572703,0.0104633443148194,0.0214681588718759,0.0319315031866952
"48355",121002.152215287,84425.6540353413,205427.806250628,"Texas","TX","Nueces County","48",319445.681848357,222883.726653301,542329.408501658,1.68058544743454,1.17257852826863,2.85316397570317
"48357",589.031060174048,167.354288959609,756.385349133657,"Texas","TX","Ochiltree County","48",1555.04199885949,441.815322853368,1996.85732171286,0.00818098694686178,0.00232436512443902,0.0105053520713008
"48359",94.529035801434,27.3193699421375,121.848405743571,"Texas","TX","Oldham County","48",249.556654515786,72.1231366472431,321.679791163029,0.00131290327501992,0.000379435693640799,0.00169233896866072
"48361",6795.82139831431,14796.1471076997,21591.968506014,"Texas","TX","Orange County","48",17940.9684915498,39061.8283643271,57002.7968558769,0.094386408309921,0.205502043162495,0.299888451472416
"48363",1974.66531397394,1472.7587186222,3447.42403259614,"Texas","TX","Palo Pinto County","48",5213.11642889119,3888.08301716261,9101.1994460538,0.0274259071385269,0.0204549822030861,0.047880889341613
"48365",7956.05449395603,7983.71916756838,15939.7736615244,"Texas","TX","Panola County","48",21003.9838640439,21077.0186023805,42081.0024664244,0.1105007568605,0.11088498843845,0.22138574529895
"48367",22937.7773773824,20724.3398060978,43662.1171834801,"Texas","TX","Parker County","48",60555.7322762894,54712.2570880982,115267.989364388,0.318580241352533,0.287838052862469,0.606418294215002
"48369",1155.95764352307,391.893071678983,1547.85071520205,"Texas","TX","Parmer County","48",3051.7281789009,1034.59770923251,4086.32588813342,0.0160549672711537,0.00544295932887476,0.0214979266000285
"48371",4392.42568058404,951.355930475786,5343.78161105982,"Texas","TX","Pecos County","48",11596.0037967419,2511.57965645608,14107.5834531979,0.0610059122303339,0.0132132768121637,0.0742191890424976
"48373",8357.03980435359,14573.6923906049,22930.7321949585,"Texas","TX","Polk County","48",22062.5850834935,38474.547911197,60537.1329946905,0.116069997282689,0.202412394313957,0.318482391596646
"48375",25854.5712422295,8923.22488251431,34777.7961247438,"Texas","TX","Potter County","48",68256.0680794858,23557.3136898378,91813.3817693236,0.359091267253187,0.12393367892381,0.483024946176997
"48377",666.433339678863,344.3907671041,1010.82410678296,"Texas","TX","Presidio County","48",1759.3840167522,909.191625154824,2668.57564190702,0.00925601860665088,0.00478320509866806,0.0140392237053189
"48379",501.420442075663,785.851214889379,1287.27165696504,"Texas","TX","Rains County","48",1323.74996707975,2074.64720730796,3398.39717438771,0.00696417280660644,0.0109146002067969,0.0178787730134034
"48381",71033.8799624216,15594.9783718851,86628.8583343067,"Texas","TX","Randall County","48",187529.443100793,41170.7429017768,228700.18600257,0.986581666144744,0.216596921831738,1.20317858797648
"48383",174.227772378964,168.862862722924,343.090635101888,"Texas","TX","Reagan County","48",459.961319080464,445.797957588519,905.759276668983,0.00241983017193005,0.00234531753781839,0.00476514770974844
"48385",152.456035481067,161.220143582563,313.67617906363,"Texas","TX","Real County","48",402.483933670016,425.621179057967,828.105112727983,0.00211744493723704,0.00223916866086893,0.00435661359810597
"48387",1192.38797114633,1169.05579173083,2361.44376287716,"Texas","TX","Red River County","48",3147.9042438263,3086.3072901694,6234.2115339957,0.016560944043699,0.0162368859962616,0.0327978300399605
"48389",1139.85480989635,562.512799281672,1702.36760917802,"Texas","TX","Reeves County","48",3009.21669812636,1485.03379010361,4494.25048822997,0.015831316804116,0.007812677767801,0.0236439945719169
"48391",494.135970432465,1132.35772826937,1626.49369870183,"Texas","TX","Refugio County","48",1304.51896194171,2989.42440263113,4293.94336457283,0.0068629995893398,0.0157271906704079,0.0225901902597477
"48393",181.21184784461,25.756697778402,206.968545623012,"Texas","TX","Roberts County","48",478.399278309769,67.9976821349814,546.396960444751,0.00251683122006402,0.000357731913588917,0.00287456313365294
"48395",27846.8396709918,122135.791091457,149982.630762448,"Texas","TX","Robertson County","48",73515.6567314183,322438.488481445,395954.145212864,0.386761662097108,1.69633043182579,2.08309209392289
"48397",18281.4254050204,28829.9656105157,47111.3910155361,"Texas","TX","Rockwall County","48",48262.9630692538,76111.1092117614,124374.072281015,0.253908686180839,0.40041618903494,0.654324875215779
"48399",650.354786818092,246.051992481698,896.40677929979,"Texas","TX","Runnels County","48",1716.93663719976,649.577260151683,2366.51389735145,0.0090327053724735,0.00341738878446803,0.0124500941569415
"48401",4738.08716909308,6363.12653304214,11101.2137021352,"Texas","TX","Rusk County","48",12508.5501264057,16798.6540472313,29307.204173637,0.0658067662374039,0.088376757403363,0.154183523640767
"48403",93.7220853712186,162.058144046338,255.780229417557,"Texas","TX","Sabine County","48",247.426305380017,427.833500282333,675.25980566235,0.00130169563015581,0.00225080755619914,0.00355250318635496
"48405",42.3542195861021,85.5282490412985,127.882468627401,"Texas","TX","San Augustine County","48",111.81513970731,225.794577469028,337.609717176338,0.000588253049806974,0.00118789234779581,0.00177614539760279
"48407",6786.0841889134,11938.617219356,18724.7014082694,"Texas","TX","San Jacinto County","48",17915.2622587314,31517.9494591,49433.2117178313,0.0942511692904638,0.165814128046612,0.260065297337076
"48409",3754.10928933602,1728.74805975039,5482.85734908642,"Texas","TX","San Patricio County","48",9910.8485238471,4563.89487774104,14474.7434015881,0.0521404067963337,0.0240103897187555,0.0761507965150891
"48411",265.162534124173,1329.91369935284,1595.07623347701,"Texas","TX","San Saba County","48",700.029090087816,3510.9721662915,4211.00125637931,0.00368281297394685,0.0184710236021228,0.0221538365760696
"48413",51.1876297798462,25.756697778402,76.9443275582482,"Texas","TX","Schleicher County","48",135.135342618794,67.9976821349814,203.133024753775,0.000710939302497864,0.000357731913588917,0.00106867121608678
"48415",1396.67797202613,985.955185168304,2382.63315719444,"Texas","TX","Scurry County","48",3687.22984614899,2602.92168884432,6290.15153499331,0.0193983051670296,0.0136938220162264,0.033092127183256
"48417",2263.14978027087,1764.70796257798,4027.85774284886,"Texas","TX","Shackelford County","48",5974.71541991511,4658.82902120588,10633.544441121,0.0314326358370955,0.0245098328135831,0.0559424686506786
"48419",3539.62570291461,3598.45945253827,7138.08515545288,"Texas","TX","Shelby County","48",9344.61185569456,9499.93295470105,18844.5448103956,0.0491614680960362,0.049978603507476,0.0991400716035123
"48421",218.57499837192,78.8327654989415,297.407763870862,"Texas","TX","Sherman County","48",577.037995701869,208.118500917206,785.156496619075,0.00303576386627667,0.00109489952081863,0.0041306633870953
"48423",38327.626210803,17765.611029698,56093.237240501,"Texas","TX","Smith County","48",101184.93319652,46901.2131184027,148086.146314923,0.532328141816709,0.246744597634694,0.779072739451403
"48425",316.398752105544,634.655390444673,951.054142550217,"Texas","TX","Somervell County","48",835.292705558635,1675.49023077394,2510.78293633257,0.004394427112577,0.00881465820062046,0.0132090853131975
"48427",2151.76496168997,549.246952898189,2701.01191458816,"Texas","TX","Starr County","48",5680.65949886151,1450.01195565122,7130.67145451273,0.0298856244679162,0.00762842990136374,0.0375140543692799
"48429",336.208479803442,200.827632100067,537.03611190351,"Texas","TX","Stephens County","48",887.590386681088,530.184948744178,1417.77533542527,0.00466956221949225,0.00278927266805649,0.00745883488754875
"48431",102.375259559693,51.5133955568042,153.888655116497,"Texas","TX","Sterling County","48",270.270685237588,135.995364269963,406.266049507551,0.00142187860499573,0.000715463827177836,0.00213734243217357
"48433",21.6707030107939,1.56267216373549,23.2333751745294,"Texas","TX","Stonewall County","48",57.2106559484959,4.12545451226169,61.3361104607575,0.000300981986261026,0.0000217037800518818,0.000322685766312908
"48435",82.3528067721431,35.3103937632753,117.663200535418,"Texas","TX","Sutton County","48",217.411409878458,93.2194395350468,310.630849413505,0.00114378898294643,0.000490422135601046,0.00163421111854748
"48437",1296.13189341734,131.908833219481,1428.04072663682,"Texas","TX","Swisher County","48",3421.78819862177,348.23931969943,3770.0275183212,0.0180018318530186,0.00183206712804835,0.0198338989810669
"48439",677610.987798801,762959.498456131,1440570.48625493,"Texas","TX","Tarrant County","48",1788893.00778884,2014213.07592419,3803106.08371302,9.4112637194278,10.5966597007796,20.0079234202074
"48441",10448.3882484321,13100.4686421521,23548.8568905843,"Texas","TX","Taylor County","48",27583.7449758609,34585.2372152816,62168.9821911425,0.145116503450446,0.181950953363224,0.32706745681367
"48443",51.1876297798462,25.756697778402,76.9443275582482,"Texas","TX","Terrell County","48",135.135342618794,67.9976821349814,203.133024753775,0.000710939302497864,0.000357731913588917,0.00106867121608678
"48445",2090.84659721544,1206.25948328306,3297.1060804985,"Texas","TX","Terry County","48",5519.83501664876,3184.52503586729,8704.36005251605,0.0290395360724366,0.016753603934487,0.0457931400069237
"48447",0.673209768276982,3.12534432747098,3.79855409574796,"Texas","TX","Throckmorton County","48",1.77727378825123,8.25090902452339,10.0281828127746,0.00000935013567051364,0.0000434075601037636,0.0000527576957742773
"48449",4140.81349813868,2726.72087701726,6867.53437515594,"Texas","TX","Titus County","48",10931.7476350861,7198.54311532557,18130.2907504117,0.0575112985852594,0.0378711232919064,0.0953824218771658
"48451",3088.16774686647,11518.0919231016,14606.259669968,"Texas","TX","Tom Green County","48",8152.76285172748,30407.7626769882,38560.5255287157,0.0428912187064788,0.159973498931966,0.202864717638445
"48453",2010817.79045425,1552152.65736722,3562970.44782148,"Texas","TX","Travis County","48",5308558.96679923,4097683.01544946,9406241.9822487,27.9280248674202,21.557675796767,49.4857006641872
"48455",3614.71045718279,4916.0186887513,8530.72914593408,"Texas","TX","Trinity County","48",9542.83560696256,12978.2893383034,22521.124945266,0.0502043119053165,0.068278037343768,0.118482349249085
"48457",469.687699331336,2590.06531145094,3059.75301078227,"Texas","TX","Tyler County","48",1239.97552623473,6837.77242223047,8077.7479484652,0.00652344026849078,0.0359731293257075,0.0424965695941982
"48459",5060.10132188847,5148.52592145937,10208.6272433478,"Texas","TX","Upshur County","48",13358.6674897856,13592.1084326527,26950.7759224383,0.0702791850262288,0.0715073044647135,0.141786489490942
"48461",51.1876297798462,27.3193699421375,78.5069997219837,"Texas","TX","Upton County","48",135.135342618794,72.1231366472431,207.258479266037,0.000710939302497864,0.000379435693640799,0.00109037499613866
"48463",1689.14055025429,1264.18598093745,2953.32653119174,"Texas","TX","Uvalde County","48",4459.33105267132,3337.45098967487,7796.78204234619,0.0234602854201984,0.0175581386241313,0.0410184240443297
"48465",7681.54575573709,5952.37601845849,13633.9217741956,"Texas","TX","Val Verde County","48",20279.2807951459,15714.2726887304,35993.5534838763,0.106688135496348,0.0826718891452567,0.189360024641605
"48467",5574.19119116642,5371.99019075785,10946.1813819243,"Texas","TX","Van Zandt County","48",14715.8647446793,14182.0541036007,28897.9188482801,0.0774193220995336,0.0746109748716368,0.15203029697117
"48469",6021.9252583457,9537.77812425298,15559.7033825987,"Texas","TX","Victoria County","48",15897.8826820327,25179.7342480279,41077.6169300605,0.083637850810357,0.132469140614625,0.216106991424982
"48471",19476.7237079869,67870.5711453722,87347.2948533591,"Texas","TX","Walker County","48",51418.5505890855,179178.307823783,230596.858412868,0.270510051499819,0.942646821463503,1.21315687296332
"48473",87993.7719191494,31366.6932175844,119360.465136734,"Texas","TX","Waller County","48",232303.557866554,82808.0700944227,315111.627960977,1.2221357210993,0.435648516910894,1.65778423801019
"48475",1021.5886904115,530.334122021603,1551.9228124331,"Texas","TX","Ward County","48",2696.99414268636,1400.08208213703,4097.07622482339,0.0141887318112708,0.00736575169474448,0.0215544835060153
"48477",44466.8195387649,38957.0107612563,83423.8303000212,"Texas","TX","Washington County","48",117392.403582339,102846.508409717,220238.911992056,0.617594715816179,0.541069593906338,1.15866430972252
"48479",64398.4280334187,12417.832813154,76816.2608465727,"Texas","TX","Webb County","48",170011.850008225,32783.0786267265,202794.928634952,0.894422611575259,0.172469900182694,1.06689251175795
"48481",9617.58237601182,6175.82299961138,15793.4053756232,"Texas","TX","Wharton County","48",25390.4174726712,16304.172718974,41694.5901916452,0.133577533000164,0.0857753194390469,0.219352852439211
"48483",783.881244916543,154.540186670412,938.421431586956,"Texas","TX","Wheeler County","48",2069.44648657967,407.986092809889,2477.43257938956,0.0108872395127298,0.00214639148153351,0.0130336309942633
"48485",11260.5481665927,7516.48122586642,18777.0293924592,"Texas","TX","Wichita County","48",29727.8471598048,19843.5104362874,49571.3575960922,0.156396502313788,0.104395572581478,0.260792074895266
"48487",555.256472548742,501.204574638291,1056.46104718703,"Texas","TX","Wilbarger County","48",1465.87708752868,1323.18007704509,2789.05716457377,0.00771189545206587,0.00696117464775405,0.0146730700998199
"48489",2019.72547728376,345.520915405754,2365.24639268952,"Texas","TX","Willacy County","48",5332.07526002913,912.175216671191,6244.25047670033,0.0280517427400523,0.0047989016028577,0.03285064434291
"48491",444301.858151016,296659.290501235,740961.148652251,"Texas","TX","Williamson County","48",1172956.90551868,783180.52692326,1956137.43244194,6.17085914098634,4.12026792362826,10.2911270646146
"48493",12199.4967265127,13191.0849517611,25390.5816782738,"Texas","TX","Wilson County","48",32206.6713579936,34824.4642726493,67031.1356306428,0.169437454534899,0.183209513218904,0.352646967753803
"48495",692.965167433206,438.01036709259,1130.9755345258,"Texas","TX","Winkler County","48",1829.42804202366,1156.34736912444,2985.7754111481,0.00962451621435008,0.00608347732073042,0.0157079935350805
"48497",12884.7503181615,9066.17320682581,21950.9235249873,"Texas","TX","Wise County","48",34015.7408399465,23934.6972660201,57950.4381059666,0.178954865530021,0.125919072317025,0.304873937847046
"48499",4835.15668038589,3826.71374354283,8661.87042392872,"Texas","TX","Wood County","48",12764.8136362188,10102.5242829531,22867.3379191718,0.0671549538942485,0.0531488019936504,0.120303755887899
"48501",430.846673628623,218.088007386904,648.934681015527,"Texas","TX","Yoakum County","48",1137.43521837957,575.752339501427,1713.18755788099,0.00598398157817532,0.00302900010259589,0.00901298168077121
"48503",2398.77451295001,1580.98338740602,3979.75790035602,"Texas","TX","Young County","48",6332.76471418802,4173.79614275188,10506.5608569399,0.0333163126798612,0.0219581026028613,0.0552744152827225
"48505",4453.54591709368,1783.73755144024,6237.28346853392,"Texas","TX","Zapata County","48",11757.3612211273,4709.06713580222,16466.4283569296,0.061854804404079,0.0247741326588922,0.0866289370629711
"48507",498.502138874575,250.169101549423,748.671240423998,"Texas","TX","Zavala County","48",1316.04564662888,660.446428090476,1976.49207471935,0.00692364081770243,0.00347457085485309,0.0103982116725555
"49001",267.820122228806,1602.72601871165,1870.54614094045,"Utah","UT","Beaver County","49",707.045122684048,4231.19668939875,4938.2418120828,0.00371972391984453,0.0222600835932173,0.0259798075130619
"49003",28705.7469508056,47046.4448106182,75752.1917614238,"Utah","UT","Box Elder County","49",75783.1719501268,124202.614300032,199985.786250159,0.3986909298723,0.653422844591919,1.05211377446422
"49005",398092.25139065,383200.926946901,781293.178337551,"Utah","UT","Cache County","49",1050963.54367132,1011650.44713982,2062613.99081114,5.52905904709236,5.32223509648474,10.8512941435771
"49007",9092.89112897488,13352.6543837331,22445.545512708,"Utah","UT","Carbon County","49",24005.2325804937,35251.0075730555,59256.2401535492,0.126290154569096,0.185453533107405,0.3117436876765
"49009",66.9550305572017,242.545682209087,309.500712766289,"Utah","UT","Daggett County","49",176.761280671013,640.32060103199,817.081881703003,0.000929930979961135,0.00336869003068177,0.0042986210106429
"49011",255090.405259173,762930.662330189,1018021.06758936,"Utah","UT","Davis County","49",673438.669884218,2014136.9485517,2687575.61843592,3.5429222952663,10.5962591990304,14.1391814942967
"49013",565.38908409518,1765.70216640312,2331.0912504983,"Utah","UT","Duchesne County","49",1492.62718201128,4661.45371930425,6154.08090131552,0.00785262616798862,0.0245236412000434,0.032376267368032
"49015",584.166567211786,1484.25797480349,2068.42454201527,"Utah","UT","Emery County","49",1542.19973743911,3918.4410534812,5460.64079092032,0.00811342454460814,0.0206146940944929,0.028728118639101
"49017",251.760939748608,1182.07367026835,1433.83461001696,"Utah","UT","Garfield County","49",664.648880936326,3120.67448950844,3785.32337044476,0.00349667971873067,0.0164176898648382,0.0199143695835688
"49019",401.730183343211,1455.27409325453,1857.00427659774,"Utah","UT","Grand County","49",1060.56768402608,3841.92360619195,4902.49129021803,0.00557958587976683,0.0202121401840906,0.0257917260638575
"49021",2634.44258572234,62239.0412017272,64873.4837874495,"Utah","UT","Iron County","49",6954.92842630697,164311.06877256,171265.997198867,0.0365894803572547,0.864431127801766,0.901020608159021
"49023",1092.77627266824,3143.17924087654,4235.95551354478,"Utah","UT","Juab County","49",2884.92935984415,8297.99319591406,11182.9225557582,0.0151774482315033,0.0436552672343964,0.0588327154658997
"49025",468.685213900413,2367.06703138461,2835.75224528502,"Utah","UT","Kane County","49",1237.32896469709,6249.05696285537,7486.38592755246,0.00650951685972796,0.0328759309914529,0.0393854478511809
"49027",940.08872843723,3466.65147628742,4406.74020472465,"Utah","UT","Millard County","49",2481.83424307429,9151.95989739879,11633.7941404731,0.0130567878949615,0.0481479371706586,0.0612047250656202
"49029",4006.67925222472,13465.8626755372,17472.5419277619,"Utah","UT","Morgan County","49",10577.6332258733,35549.8774634183,46127.5106892915,0.0556483229475656,0.187025870493572,0.242674193441138
"49031",133.910061114403,485.091364418175,619.001425532578,"Utah","UT","Piute County","49",353.522561342025,1280.64120206398,1634.16376340601,0.00185986195992227,0.00673738006136354,0.0085972420212858
"49033",251.760939748608,795.519437566773,1047.28037731538,"Utah","UT","Rich County","49",664.648880936326,2100.17131517628,2764.82019611261,0.00349667971873067,0.0110488810773163,0.014545560796047
"49035",1054400.09220241,3643464.14522925,4697864.23743165,"Utah","UT","Salt Lake County","49",2783616.24341435,9618745.34340521,12402361.5868196,14.6444457250334,50.6036686837395,65.2481144087729
"49037",825.105639722756,2512.50438875178,3337.61002847454,"Utah","UT","San Juan County","49",2178.27888886808,6633.01158630471,8811.29047517279,0.011459800551705,0.0348958942882192,0.0463556948399242
"49039",1850.8866626514,5322.42531968881,7173.31198234021,"Utah","UT","Sanpete County","49",4886.34078939969,14051.2028439785,18937.5436333781,0.0257067592034916,0.0739225738845668,0.0996293330880584
"49041",1371.23389825557,5080.61274265096,6451.84664090653,"Utah","UT","Sevier County","49",3620.05749139471,13412.8176405985,17032.8751319932,0.0190449152535496,0.0705640658701523,0.0896089811237019
"49043",39031.7086544109,120116.813912912,159148.522567323,"Utah","UT","Summit County","49",103043.710847645,317108.388730088,420152.099577733,0.542107064644595,1.66828908212378,2.21039614676837
"49045",36736.9175506042,91929.8185568786,128666.736107483,"Utah","UT","Tooele County","49",96985.462333595,242694.72099016,339680.183323755,0.510234965980613,1.2768030355122,1.78703800149282
"49047",2118.71059090575,7400.5575985473,9519.26818945306,"Utah","UT","Uintah County","49",5593.39595999118,19537.4720601649,25130.8680201561,0.0294265359848021,0.102785522202046,0.132212058186848
"49049",421691.548236977,768806.58950677,1190498.13774375,"Utah","UT","Utah County","49",1113265.68734562,2029649.39629787,3142915.08364349,5.8568270588469,10.6778692987051,16.534696357552
"49051",16931.9690717393,56946.9032361508,73878.8723078901,"Utah","UT","Wasatch County","49",44700.3983493918,150339.824543438,195040.22289283,0.23516623710749,0.790929211613205,1.0260954487207
"49053",7621.97891506636,33032.5583614786,40654.5372765449,"Utah","UT","Washington County","49",20122.0243357752,87205.9540743035,107327.978410079,0.10586081826481,0.458785532798314,0.564646351063124
"49055",267.820122228806,1110.74790436419,1378.568026593,"Utah","UT","Wayne County","49",707.045122684048,2932.37446752146,3639.41959020551,0.00371972391984453,0.0154270542272804,0.019146778147125
"49057",68334.6823158465,221724.100506744,290058.782822591,"Utah","UT","Weber County","49",180403.561313835,585351.625337805,765755.18665164,0.949092809942313,3.07950139592701,4.02859420586932
"50001",19790.6571615857,20157.8464465101,39948.5036080959,"Vermont","VT","Addison County","50",52247.3349065863,53216.7146187868,105464.049525373,0.274870238355357,0.279970089534863,0.55484032789022
"50003",5684.20407674841,3314.86578431116,8999.06986105957,"Vermont","VT","Bennington County","50",15006.2987626158,8751.24567058147,23757.5444331973,0.0789472788437279,0.0460398025598773,0.124987081403605
"50005",5449.44840823738,5603.29475270362,11052.743160941,"Vermont","VT","Caledonia County","50",14386.5437977467,14792.6981471376,29179.2419448842,0.0756867834477414,0.0778235382319947,0.153510321679736
"50007",333783.397567992,394452.012153705,728235.409721696,"Vermont","VT","Chittenden County","50",881188.169579498,1041353.31208578,1922541.48166528,4.63588052177766,5.47850016880145,10.1143806905791
"50009",428.4187591363,334.633369029632,763.052128165932,"Vermont","VT","Essex County","50",1131.02552411983,883.432094238229,2014.45761835806,0.00595026054355973,0.00464768568096711,0.0105979462245268
"50011",34446.7905941301,38394.3283710506,72841.1189651807,"Vermont","VT","Franklin County","50",90939.5271685034,101361.026899574,192300.554068077,0.478427647140695,0.533254560709037,1.01168220784973
"50013",8026.54304207433,9527.3872513397,17553.930293414,"Vermont","VT","Grand Isle County","50",21190.0736310762,25152.3023435368,46342.375974613,0.111479764473255,0.132324822935274,0.243804587408528
"50015",10900.9349439088,9410.82610367034,20311.7610475792,"Vermont","VT","Lamoille County","50",28778.4682519193,24844.5809136897,53623.049165609,0.151401874220956,0.130705918106532,0.282107792327488
"50017",19443.6994382113,33086.2968537401,52529.9962919514,"Vermont","VT","Orange County","50",51331.3665168779,87347.8236938738,138679.190210752,0.270051381086269,0.45953190074639,0.729583281832659
"50019",4564.81744643917,3978.03474098322,8542.85218742239,"Vermont","VT","Orleans County","50",12051.1180585994,10502.0117161957,22553.1297747951,0.0634002423116551,0.0552504825136559,0.118650724825311
"50021",11611.4789399561,9398.61521043618,21010.0941503923,"Vermont","VT","Rutland County","50",30654.3044014842,24812.3441555515,55466.6485570357,0.161270540832724,0.130536322367169,0.291806863199893
"50023",23978.8838958893,27058.6639461973,51037.5478420866,"Vermont","VT","Washington County","50",63304.2534851478,71434.8728179608,134739.126303109,0.333040054109574,0.375814777030517,0.708854831140091
"50025",6597.69955351494,5937.43105875377,12535.1306122687,"Vermont","VT","Windham County","50",17417.9268212794,15674.81799511,33092.7448163894,0.0916347160210408,0.0824643202604691,0.17409903628151
"50027",59878.2930926765,93819.3771910542,153697.670283731,"Vermont","VT","Windsor County","50",158078.693764666,247683.155784383,405761.849549049,0.831642959620506,1.30304690543131,2.13468986505181
"51001",9255.83022396997,6465.96136367618,15721.7915876461,"Virginia","VA","Accomack County","51",24435.3917912807,17070.1380001051,41505.5297913858,0.128553197555138,0.089805018939947,0.218358216495085
"51003",745154.008522766,386457.185973497,1131611.19449626,"Virginia","VA","Albemarle County","51",1967206.5825001,1020246.97097003,2987453.55347013,10.3493612294829,5.36746091629856,15.7168221457814
"51005",4471.12068861575,5185.9871006614,9657.10778927714,"Virginia","VA","Alleghany County","51",11803.7586179456,13691.0059457461,25494.7645636917,0.0620988984529965,0.0720275986202971,0.134126497073294
"51007",5385.32525465993,3982.72887407998,9368.05412873991,"Virginia","VA","Amelia County","51",14217.2586723022,10514.4042275712,24731.6628998734,0.074796184092499,0.0553156788066664,0.130111862899165
"51009",20539.4624983969,17392.665711611,37932.128210008,"Virginia","VA","Amherst County","51",54224.1809957679,45916.6374786532,100140.818474421,0.285270312477735,0.241564801550153,0.526835114027889
"51011",7803.1665234022,5418.82629194829,13221.9928153505,"Virginia","VA","Appomattox County","51",20600.3596217818,14305.7014107435,34906.0610325253,0.108377312825031,0.0752614762770596,0.18363878910209
"51013",333512.639246617,152648.344473518,486160.983720136,"Virginia","VA","Arlington County","51",880473.36761107,402991.629410088,1283464.99702116,4.63211998953635,2.12011589546553,6.75223588500188
"51015",66235.4886042837,50913.1577484156,117148.646352699,"Virginia","VA","Augusta County","51",174861.689915309,134410.736455817,309272.426371126,0.919937341726163,0.707127190950216,1.62706453267638
"51017",5035.38498321215,4918.17822576957,9953.56320898172,"Virginia","VA","Bath County","51",13293.4163556801,12983.9905160317,26277.4068717117,0.0699359025446132,0.0683080309134662,0.138243933458079
"51019",30614.6535612987,28479.7446367738,59094.3981980725,"Virginia","VA","Bedford County","51",80822.6854018286,75186.5258410828,156009.211242911,0.425203521684705,0.39555200884408,0.820755530528785
"51021",7196.10414664085,7488.47603116692,14684.5801778078,"Virginia","VA","Bland County","51",18997.7149471319,19769.5767222807,38767.2916694125,0.0999458909255674,0.104006611543985,0.203952502469552
"51023",38232.7688950398,36898.8480351354,75131.6169301752,"Virginia","VA","Botetourt County","51",100934.509882905,97412.9588127574,198347.468695662,0.531010679097775,0.512484000487991,1.04349467958577
"51025",1856.24451293973,2174.34929896202,4030.59381190175,"Virginia","VA","Brunswick County","51",4900.48551416089,5740.28214925974,10640.7676634206,0.0257811737908296,0.030199295818917,0.0559804696097466
"51027",8339.73310785549,8880.52387271941,17220.2569805749,"Virginia","VA","Buchanan County","51",22016.8954047385,23444.5830239793,45461.4784287178,0.115829626497993,0.123340609343325,0.239170235841318
"51029",27569.0785786132,16974.7570499112,44543.8356285244,"Virginia","VA","Buckingham County","51",72782.3674475389,44813.3586117655,117595.726059304,0.382903869147406,0.2357605145821,0.618664383729506
"51031",24704.4595985922,22671.5825402674,47376.0421388597,"Virginia","VA","Campbell County","51",65219.7733402835,59852.977906306,125072.751246589,0.343117494424892,0.314883090837048,0.65800058526194
"51033",7064.58328892007,9905.50390729445,16970.0871962145,"Virginia","VA","Caroline County","51",18650.499882749,26150.5303152574,44801.0301980064,0.0981192123461122,0.137576443156867,0.23569565550298
"51035",29512.637764861,31806.9268247089,61319.5645895699,"Virginia","VA","Carroll County","51",77913.363699233,83970.2868172316,161883.650516465,0.40989774673418,0.441762872565402,0.851660619299582
"51036",1007.54817106976,2764.56866084454,3772.1168319143,"Virginia","VA","Charles City County","51",2659.92717162417,7298.46126462958,9958.38843625375,0.0139937245981911,0.0383967869561741,0.0523905115543653
"51037",4636.2899009917,1845.26623285519,6481.55613384689,"Virginia","VA","Charlotte County","51",12239.8053386181,4871.5028547377,17111.3081933558,0.0643929152915514,0.0256286976785443,0.0900216129700957
"51041",117377.926222562,152282.890757247,269660.816979809,"Virginia","VA","Chesterfield County","51",309877.725227563,402026.831599133,711904.556826696,1.63024897531336,2.11504014940621,3.74528912471957
"51043",2448.89903844363,2210.98915515392,4659.88819359755,"Virginia","VA","Clarke County","51",6465.09346149118,5837.01136960635,12302.1048310975,0.0340124866450504,0.0307081827104711,0.0647206693555215
"51045",2899.07839361005,1521.14586483548,4420.22425844554,"Virginia","VA","Craig County","51",7653.56695913054,4015.82508316567,11669.3920422962,0.0402649776890285,0.0211270259004928,0.0613920035895213
"51047",15340.4809581047,12003.0135791877,27343.4945372925,"Virginia","VA","Culpeper County","51",40498.8697293965,31687.9558490556,72186.8255784522,0.213062235529233,0.166708521933163,0.379770757462396
"51049",8678.09443305369,5396.304877121,14074.3993101747,"Virginia","VA","Cumberland County","51",22910.1693032617,14246.2448755994,37156.4141788612,0.120529089347968,0.0749486788489028,0.195477768196871
"51051",4899.33968850372,4767.10379757502,9666.44348607873,"Virginia","VA","Dickenson County","51",12934.2567776498,12585.154025598,25519.4108032479,0.0680463845625516,0.0662097749663196,0.134256159528871
"51053",3844.48144277284,5641.34155080889,9485.82299358173,"Virginia","VA","Dinwiddie County","51",10149.4310089203,14893.1416941355,25042.5727030558,0.0533955755940672,0.0783519659834568,0.131747541577524
"51057",5406.79010744163,4155.75679154389,9562.54689898552,"Virginia","VA","Essex County","51",14273.9258836459,10971.1979296759,25245.1238133218,0.0750943070478004,0.0577188443269984,0.132813151374799
"51059",977715.97496912,516113.962063293,1493829.93703241,"Virginia","VA","Fairfax County","51",2581170.17391848,1362540.85984709,3943711.03376557,13.5793885412378,7.1682494731013,20.7476380143391
"51061",37304.8331513374,21042.520935585,58347.3540869224,"Virginia","VA","Fauquier County","51",98484.7595195308,55552.2552699443,154037.014789475,0.518122682657464,0.292257235216458,0.810379917873922
"51063",73051.982928879,76101.5263138304,149153.509242709,"Virginia","VA","Floyd County","51",192857.234932241,200908.029468512,393765.264400753,1.01461087401221,1.05696564324764,2.07157651725985
"51065",119630.796838007,66014.4023846613,185645.199222668,"Virginia","VA","Fluvanna County","51",315825.303652339,174278.022295506,490103.325947844,1.66153884497232,0.916866699786962,2.57840554475928
"51067",45698.1972087398,46619.3266316683,92317.5238404081,"Virginia","VA","Franklin County","51",120643.240631073,123075.022307604,243718.262938677,0.634697183454719,0.64749064766206,1.28218783111678
"51069",17742.8633324829,16334.1898996675,34077.0532321504,"Virginia","VA","Frederick County","51",46841.1591977549,43122.2613351223,89963.4205328771,0.246428657395596,0.226863748606493,0.473292406002089
"51071",114813.772493794,119632.513238565,234446.285732359,"Virginia","VA","Giles County","51",303108.359383615,315829.834949812,618938.194333427,1.59463572908047,1.66156268386896,3.25619841294943
"51073",4512.24943901892,16143.789976788,20656.0394158069,"Virginia","VA","Gloucester County","51",11912.3385190099,42619.6055387202,54531.9440577302,0.062670131097485,0.224219305233166,0.286889436330651
"51075",7360.71206520391,12431.1058837816,19791.8179489855,"Virginia","VA","Goochland County","51",19432.2798521383,32818.1195331835,52250.3993853218,0.102232112016721,0.172654248385856,0.274886360402577
"51077",10286.2895286427,10898.9712303724,21185.2607590152,"Virginia","VA","Grayson County","51",27155.8043556168,28773.2840481832,55929.0884038,0.14286513234226,0.151374600421839,0.294239732764099
"51079",79017.2157638628,43081.3387158563,122098.554479719,"Virginia","VA","Greene County","51",208605.449616598,113734.734209861,322340.183826458,1.09746133005365,0.598351926609115,1.69581325666277
"51081",1014.45984647937,883.682431357443,1898.14227783681,"Virginia","VA","Greensville County","51",2678.17399470553,2332.92161878365,5011.09561348918,0.0140897200899912,0.0122733671021867,0.0263630871921779
"51083",6989.77399298835,6816.88352422369,13806.657517212,"Virginia","VA","Halifax County","51",18453.0033414892,17996.5725039505,36449.5758454398,0.0970801943470604,0.0946789378364401,0.191759132183501
"51085",38480.081680677,73243.1324129467,111723.214093624,"Virginia","VA","Hanover County","51",101587.415636987,193361.869570179,294949.285207167,0.534445578898292,1.01726572795759,1.55171130685588
"51087",127586.678564704,181756.640405309,309343.318970013,"Virginia","VA","Henrico County","51",336828.831410819,479837.530670016,816666.362080835,1.77203720228756,2.52439778340707,4.29643498569463
"51089",30091.308591666,30270.0589612949,60361.3675529609,"Virginia","VA","Henry County","51",79441.0546819983,79912.9556578184,159354.010339817,0.417934841550917,0.42041748557354,0.838352327124457
"51091",707.861466735972,440.756989683042,1148.61845641901,"Virginia","VA","Highland County","51",1868.75427218297,1163.59845276323,3032.3527249462,0.00983140926022183,0.00612162485670892,0.0159530341169307
"51093",4412.19699161586,7995.90771885047,12408.1047104663,"Virginia","VA","Isle of Wight County","51",11648.2000578659,21109.1963777653,32757.3964356311,0.0612805137724425,0.111054273872923,0.172334787645366
"51095",11422.8242487551,94345.3548039955,105768.179052751,"Virginia","VA","James City County","51",30156.2560167136,249071.736682548,279227.992699262,0.158650336788266,1.31035215005549,1.46900248684376
"51097",1835.55209069692,2070.40447418607,3905.95656488299,"Virginia","VA","King and Queen County","51",4845.85751943986,5465.86781185123,10311.7253312911,0.0254937790374572,0.0287556176970288,0.0542493967344859
"51099",5400.24783703213,3824.34627053515,9224.59410756728,"Virginia","VA","King George County","51",14256.6542897648,10096.2741542128,24352.9284439776,0.0750034421810018,0.0531159204240993,0.128119362605101
"51101",4548.74461021415,7980.27504287295,12529.0196530871,"Virginia","VA","King William County","51",12008.6857709654,21067.9261131846,33076.61188415,0.0631770084751965,0.110837153373235,0.174014161848432
"51103",1966.16216475535,1616.14920093144,3582.31136568679,"Virginia","VA","Lancaster County","51",5190.66811495411,4266.63389045901,9457.30200541312,0.0273078078438242,0.0224465166796034,0.0497543245234276
"51105",5767.84420761817,6029.4247506561,11797.2689582743,"Virginia","VA","Lee County","51",15227.108708112,15917.6813417321,31144.7900498441,0.0801089473280302,0.0837420104257792,0.163850957753809
"51107",172008.997450682,98540.295230269,270549.292680951,"Virginia","VA","Loudoun County","51",454103.7532698,260146.37940791,714250.13267771,2.38901385348169,1.36861521153151,3.7576290650132
"51109",61028.9406801581,33558.5104157897,94587.4510959477,"Virginia","VA","Louisa County","51",161116.403395617,88594.4674976847,249710.870893302,0.847624176113307,0.466090422441523,1.31371459855483
"51111",1032.35305071075,569.658141530046,1602.01119224079,"Virginia","VA","Lunenburg County","51",2725.41205387637,1503.89749363932,4229.30954751569,0.014338236815427,0.00791191863236175,0.0222501554477888
"51113",12829.117807988,8087.70725966431,20916.8250676523,"Virginia","VA","Madison County","51",33868.8710130884,21351.5471655138,55220.4181786022,0.178182191777611,0.112329267495338,0.290511459272949
"51115",829.637570744743,1155.26546631534,1984.90303706008,"Virginia","VA","Mathews County","51",2190.24318676612,3049.9008310725,5240.14401783862,0.0115227440381214,0.0160453536988242,0.0275680977369456
"51117",1946.87481398557,2355.92183802895,4302.79665201452,"Virginia","VA","Mecklenburg County","51",5139.7495089219,6219.63365239643,11359.3831613183,0.0270399279720218,0.032721136639291,0.0597610646113128
"51119",5015.24952744368,5956.35729888001,10971.6068263237,"Virginia","VA","Middlesex County","51",13240.2587524513,15724.7832690432,28965.0420214945,0.0696562434367177,0.0827271847066668,0.152383428143385
"51121",1314591.65957092,1367875.10913697,2682466.76870789,"Virginia","VA","Montgomery County","51",3470521.98126724,3611190.2881216,7081712.26938884,18.2582174940406,18.9982654046801,37.2564828987207
"51125",38045.0999545052,20331.2805273971,58376.3804819024,"Virginia","VA","Nelson County","51",100439.063879894,53674.5805923284,154113.644472222,0.528404166034795,0.282378896213849,0.810783062248644
"51127",8623.14595272662,14259.0549192642,22882.2008719908,"Virginia","VA","New Kent County","51",22765.1053151983,37643.9049868575,60409.0103020558,0.119765916010092,0.198042429434225,0.317808345444317
"51131",3397.47247629379,2937.63669405082,6335.10917034461,"Virginia","VA","Northampton County","51",8969.32733741559,7755.36087229417,16724.6882097098,0.0471871177263026,0.0408005096395948,0.0879876273658974
"51133",1326.91943655338,1145.42964869324,2472.34908524662,"Virginia","VA","Northumberland County","51",3503.06731250091,3023.93427255016,6527.00158505108,0.0184294366187969,0.0159087451207395,0.0343381817395364
"51135",6972.9437753773,4966.01783351069,11938.961608888,"Virginia","VA","Nottoway County","51",18408.5715669961,13110.2870804682,31518.8586474643,0.0968464413246846,0.0689724699098707,0.165818911234555
"51137",44753.221151197,24534.2472313029,69287.4683824999,"Virginia","VA","Orange County","51",118148.50383916,64770.4126906397,182918.9165298,0.621572515988848,0.340753433768096,0.962325949756943
"51139",7774.3380176313,7394.92510126373,15169.263118895,"Virginia","VA","Page County","51",20524.2523665466,19522.6022673363,40046.8546338829,0.107976916911546,0.102707293073107,0.210684209984653
"51141",17112.3919460133,13490.3251820974,30602.7171281106,"Virginia","VA","Patrick County","51",45176.714737475,35614.458480737,80791.1732182121,0.237672110361295,0.18736562752913,0.425037737890425
"51143",28221.3798501628,23155.9228259718,51377.3026761346,"Virginia","VA","Pittsylvania County","51",74504.4428044299,61131.6362605656,135636.079064995,0.391963609030039,0.321610039249608,0.713573648279648
"51145",7480.76727669888,8643.68892998356,16124.4562066824,"Virginia","VA","Powhatan County","51",19749.225610485,22819.3387751566,42568.5643856416,0.103899545509707,0.120051235138661,0.223950780648367
"51147",25348.7273398491,10090.789163461,35439.5165033101,"Virginia","VA","Prince Edward County","51",66920.6401772017,26639.683391537,93560.3235687387,0.352065657497904,0.140149849492514,0.492215506990418
"51149",11179.8730346255,7163.14493446408,18343.0179690896,"Virginia","VA","Prince George County","51",29514.8648114114,18910.7026269852,48425.5674383966,0.155276014369799,0.0994881240897789,0.254764138459578
"51153",199424.751618565,141639.962128638,341064.713747203,"Virginia","VA","Prince William County","51",526481.344273013,373929.500019603,900410.844292616,2.76978821692452,1.96722169623108,4.7370099131556
"51155",273714.345204467,285330.293229549,559044.638434016,"Virginia","VA","Pulaski County","51",722605.871339794,753271.974126008,1475877.8454658,3.80158812783983,3.96292073929929,7.76450886713911
"51157",3191.60924089821,2576.27784224708,5767.88708314529,"Virginia","VA","Rappahannock County","51",8425.84839597127,6801.37350353228,15227.2218995036,0.0443279061235862,0.0357816366978761,0.0801095428214623
"51159",2831.17834613925,3638.82447856019,6470.00282469943,"Virginia","VA","Richmond County","51",7474.31083380761,9606.49662339889,17080.8074572065,0.0393219214741562,0.0505392288688915,0.0898611503430477
"51161",152387.022721843,152655.094013338,305042.116735181,"Virginia","VA","Roanoke County","51",402301.739985664,403009.448195213,805311.188180878,2.11648642669226,2.12020963907414,4.2366960657664
"51163",14563.1762958057,11659.2976487553,26222.473944561,"Virginia","VA","Rockbridge County","51",38446.7854209271,30780.545792714,69227.3312136411,0.202266337441746,0.161934689566046,0.364201027007792
"51165",38573.7888218883,82942.3020841355,121516.090906024,"Virginia","VA","Rockingham County","51",101834.802489785,218967.677502118,320802.479991903,0.53574706697067,1.15197641783521,1.68772348480588
"51167",7735.8596684899,7821.0993235415,15556.9589920314,"Virginia","VA","Russell County","51",20422.6695248133,20647.7022141495,41070.3717389629,0.107442495395693,0.108626379493632,0.216068874889325
"51169",6444.51256965612,6446.46122460002,12890.9737942561,"Virginia","VA","Scott County","51",17013.5131838922,17018.657632944,34032.1708168362,0.0895071190230016,0.0895341836750003,0.179041302698002
"51171",10067.0511916228,8602.14957461539,18669.2007662382,"Virginia","VA","Shenandoah County","51",26577.0151458843,22709.6748769846,49286.6900228689,0.139820155439206,0.119474299647436,0.259294455086642
"51173",18380.908702161,15047.7804361843,33428.6891383453,"Virginia","VA","Smyth County","51",48525.598973705,39726.1403515266,88251.7393252316,0.255290398641125,0.20899695050256,0.464287349143685
"51175",3101.58464067134,3192.12569251457,6293.71033318591,"Virginia","VA","Southampton County","51",8188.18345137233,8427.21182823848,16615.3952796108,0.0430775644537686,0.0443350790627024,0.087412643516471
"51177",47246.54718151,29500.3896797466,76746.9368612566,"Virginia","VA","Spotsylvania County","51",124730.884559186,77881.0287545311,202611.913313718,0.656202044187639,0.409727634440925,1.06592967862856
"51179",44500.1900073494,31663.9601168575,76164.1501242068,"Virginia","VA","Stafford County","51",117480.501619402,83592.8547085037,201073.356327906,0.618058194546519,0.439777223845243,1.05783541839176
"51181",688.039909304521,2001.53822120887,2689.57813051339,"Virginia","VA","Surry County","51",1816.42536056394,5284.06090399142,7100.48626455536,0.00955610985145168,0.0277991419612343,0.037355251812686
"51183",6642.87536741299,5010.01619158894,11652.8915590019,"Virginia","VA","Sussex County","51",17537.1909699703,13226.4427457948,30763.6337157651,0.092262157880736,0.069583558216513,0.161845716097249
"51185",19041.7269915955,20526.8872477554,39568.614239351,"Virginia","VA","Tazewell County","51",50270.1592578121,54190.9823340744,104461.141591887,0.264468430438826,0.285095656218826,0.549564086657652
"51187",12792.1605619995,9449.84884441891,22242.0094064184,"Virginia","VA","Warren County","51",33771.3038836787,24947.6009492659,58718.9048329446,0.177668896694438,0.131247900616929,0.308916797311367
"51191",21469.4559854553,22628.8585604785,44098.3145459338,"Virginia","VA","Washington County","51",56679.3638016021,59740.1865996632,116419.550401265,0.29818688868688,0.314289702228868,0.612476590915748
"51193",4622.08582421726,4277.83579055659,8899.92161477384,"Virginia","VA","Westmoreland County","51",12202.3065759336,11293.4864870694,23495.7930630029,0.0641956364474619,0.0594143859799526,0.123610022427414
"51195",4797.95977516788,3973.87075945814,8771.83053462602,"Virginia","VA","Wise County","51",12666.6138064432,10491.0188049695,23157.6326114127,0.066638330210665,0.0551926494369186,0.121830979647584
"51197",52396.3595149861,53524.3276766913,105920.687191677,"Virginia","VA","Wythe County","51",138326.389119563,141304.225066465,279630.614186028,0.727727215485918,0.743393439954046,1.47112065543996
"51199",8690.70045024776,34293.1910067713,42983.8914570191,"Virginia","VA","York County","51",22943.4491886541,90534.0242578763,113477.47344653,0.120704172920108,0.476294319538491,0.596998492458598
"51510",174619.73516243,109732.552539437,284352.287701867,"Virginia","VA","Alexandria city","51",460996.100828816,289693.938704113,750690.03953293,2.4252740994782,1.5240632297144,3.9493373291926
"51520",13280.309347257,9208.56425583398,22488.873603091,"Virginia","VA","Bristol city","51",35060.0166767586,24310.6096354017,59370.6263121603,0.184448740934125,0.127896725775472,0.312345466709597
"51530",2210.72406840123,1958.09016655392,4168.81423495515,"Virginia","VA","Buena Vista city","51",5836.31154057926,5169.35803970234,11005.6695802816,0.0307045009500171,0.0271956967576933,0.0579001977077104
"51540",480689.07709858,248660.712064,729349.78916258,"Virginia","VA","Charlottesville city","51",1269019.16354025,656464.279848959,1925483.44338921,6.67623718192473,3.45362100088888,10.1298581828136
"51550",44458.9238955124,43614.7978724579,88073.7217679704,"Virginia","VA","Chesapeake city","51",117371.559084153,115143.066383289,232514.625467442,0.617485054104339,0.605761081561916,1.22324613566625
"51570",3044.91830583753,5025.6412308804,8070.55953671794,"Virginia","VA","Colonial Heights city","51",8038.58432741108,13267.6928495243,21306.2771769354,0.0422905320255213,0.0698005726511167,0.112091104676638
"51580",6766.27318773467,6150.43022585501,12916.7034135897,"Virginia","VA","Covington city","51",17862.9612156195,16237.1357962572,34100.0970118768,0.0939760164963148,0.0854226420257641,0.179398658522079
"51590",34941.4457256292,29079.8485486691,64021.2942742982,"Virginia","VA","Danville city","51",92245.4167156611,76770.8001684863,169016.216884147,0.485297857300405,0.403886785398181,0.889184642698587
"51595",825.578481634912,691.755427983127,1517.33390961804,"Virginia","VA","Emporia city","51",2179.52719151617,1826.23432987545,4005.76152139162,0.0114663678004849,0.00960771427754343,0.0210740820780283
"51600",25079.8030905792,12713.4282845982,37793.2313751774,"Virginia","VA","Fairfax city","51",66210.6801591291,33563.4506713391,99774.1308304682,0.348330598480267,0.176575392841641,0.524905991321908
"51610",13328.8177629901,6926.44033783361,20255.2581008237,"Virginia","VA","Falls Church city","51",35188.0788942937,18285.8024918807,53473.8813861745,0.185122468930417,0.0962005602476891,0.281323029178106
"51620",260.304742014197,618.676384830926,878.981126845123,"Virginia","VA","Franklin city","51",687.204518917479,1633.30565595364,2320.51017487112,0.00361534363908606,0.0085927275670962,0.0122080712061823
"51630",7874.45616102549,5937.50844237572,13811.9646034012,"Virginia","VA","Fredericksburg city","51",20788.5642651073,15675.0222878719,36463.5865529792,0.10936744668091,0.0824653950329961,0.191832841713906
"51640",6487.69619997712,6303.27230021405,12790.9685001912,"Virginia","VA","Galax city","51",17127.5179679396,16640.6388725651,33768.1568405047,0.0901068916663488,0.087545448614084,0.177652340280433
"51650",35110.5179168884,64111.1425283086,99221.660445197,"Virginia","VA","Hampton city","51",92691.7673005854,169253.416274735,261945.18357532,0.487646082179006,0.890432535115398,1.3780786172944
"51660",26151.4311779983,30653.1609351678,56804.5921131661,"Virginia","VA","Harrisonburg city","51",69039.7783099156,80924.344868843,149964.123178759,0.363214321916643,0.425738346321775,0.788952668238419
"51670",3000.08860084593,5232.09202417331,8232.18062501925,"Virginia","VA","Hopewell city","51",7920.23390623327,13812.7229438175,21732.9568500508,0.0416678972339713,0.0726679447801849,0.114335842014156
"51678",6084.09288594632,5501.97076171299,11586.0636476593,"Virginia","VA","Lexington city","51",16062.0052188983,14525.2028109223,30587.2080298206,0.0845012900825878,0.076416260579347,0.160917550661935
"51680",33518.6084904804,30793.28618313,64311.8946736104,"Virginia","VA","Lynchburg city","51",88489.1264148682,81294.2755234632,169783.401938331,0.46553622903445,0.42768453032125,0.8932207593557
"51683",22527.4651919255,13144.0167026008,35671.4818945263,"Virginia","VA","Manassas city","51",59472.5081066833,34700.204094866,94172.7122015493,0.312881460998965,0.182555787536122,0.495437248535087
"51685",6490.55636348888,4019.39965527443,10509.9560187633,"Virginia","VA","Manassas Park city","51",17135.0687996106,10611.2150899245,27746.2838895351,0.0901466161595678,0.0558249952121448,0.145971611371713
"51690",9897.47832914499,10293.4387702653,20190.9170994103,"Virginia","VA","Martinsville city","51",26129.3427889428,27174.6783535003,53304.0211424431,0.13746497679368,0.142964427364795,0.280429404158476
"51700",35153.4372021519,104047.295708833,139200.732910985,"Virginia","VA","Newport News city","51",92805.0742136809,274684.860671318,367489.934884999,0.48824218336322,1.44510132928934,1.93334351265256
"51710",97305.3578574538,104513.91294383,201819.270801283,"Virginia","VA","Norfolk city","51",256886.144743678,275916.73017171,532802.874915388,1.35146330357575,1.45158212421985,2.8030454277956
"51720",574.830965021908,292.015721414951,866.846686436859,"Virginia","VA","Norton city","51",1517.55374765784,770.92150453547,2288.47525219331,0.00798376340308205,0.00405577390854098,0.012039537311623
"51730",5208.39158649509,4814.8403941541,10023.2319806492,"Virginia","VA","Petersburg city","51",13750.153788347,12711.1786405668,26461.3324289139,0.072338772034654,0.0668727832521403,0.139211555286794
"51735",3188.84502790547,5898.42249588292,9087.26752378839,"Virginia","VA","Poquoson city","51",8418.55087367043,15571.8353891309,23990.3862628013,0.0442895142764648,0.0819225346650405,0.126212048941505
"51740",18424.9076708967,14993.0356292593,33417.943300156,"Virginia","VA","Portsmouth city","51",48641.7562511673,39581.6140612445,88223.3703124118,0.255901495429121,0.208236605961934,0.464138101391055
"51750",241033.145556281,250997.483440267,492030.628996548,"Virginia","VA","Radford city","51",636327.504268583,662633.356282305,1298960.86055089,3.34768257717058,3.4860761588926,6.83375873606317
"51760",124754.424041467,154171.024146033,278925.4481875,"Virginia","VA","Richmond city","51",329351.679469474,407011.503745527,736363.183215001,1.73270033390927,2.14126422425046,3.87396455815973
"51770",102360.469762544,105594.72489179,207955.194654334,"Virginia","VA","Roanoke city","51",270231.640173117,278770.073714325,549001.713887442,1.42167319114645,1.46659340127486,2.88826659242131
"51775",30968.011721266,31109.8625964639,62077.87431773,"Virginia","VA","Salem city","51",81755.5509441423,82130.0372546647,163885.588198807,0.430111273906473,0.432081424950888,0.86219269885736
"51790",25288.6252134085,18120.1158175255,43408.741030934,"Virginia","VA","Staunton city","51",66761.9705633984,47837.1057582673,114599.076321666,0.351230905741785,0.25166827524341,0.602899180985194
"51800",21374.4720295038,25262.464452287,46636.9364817908,"Virginia","VA","Suffolk city","51",56428.60615789,66692.9061540377,123121.512311928,0.296867667076442,0.350867561837319,0.647735228913761
"51810",111883.650705032,100657.586533717,212541.23723875,"Virginia","VA","Virginia Beach city","51",295372.837861286,265736.028449013,561108.866310299,1.55393959312545,1.39802203519052,2.95196162831597
"51820",43692.2928503904,26621.6073986813,70313.9002490717,"Virginia","VA","Waynesboro city","51",115347.653125031,70281.0435325186,185628.696657549,0.606837400699866,0.369744547203907,0.976581947903773
"51830",4029.29592361627,22471.1155796846,26500.4115033009,"Virginia","VA","Williamsburg city","51",10637.341238347,59323.7451303674,69961.0863687143,0.0559624433835593,0.31209882749562,0.368061270879179
"51840",10727.8706967158,8122.52323100501,18850.3939277208,"Virginia","VA","Winchester city","51",28321.5786393296,21443.4613298532,49765.0399691828,0.148998204121052,0.112812822652847,0.2618110267739
"53001",979.00933943934,463.831419532282,1442.84075897162,"Washington","WA","Adams County","53",2584.58465611986,1224.51494756522,3809.09960368508,0.0135973519366575,0.00644210304905947,0.020039454985717
"53003",17739.2460570476,8082.1796054181,25821.4256624657,"Washington","WA","Asotin County","53",46831.6095906057,21336.9541583038,68168.5637489095,0.246378417458995,0.112252494519696,0.35863091197869
"53005",14640.9580508647,10656.2350859349,25297.1931367997,"Washington","WA","Benton County","53",38652.1292542829,28132.4606268682,66784.5898811512,0.203346639595344,0.14800326508243,0.351349904677773
"53007",18621.5635884057,9356.73723494593,27978.3008233516,"Washington","WA","Chelan County","53",49160.927873391,24701.7863002573,73862.7141736482,0.258632827616745,0.129954683818694,0.388587511435439
"53009",26681.7683824916,13865.9422042568,40547.7105867485,"Washington","WA","Clallam County","53",70439.8685297779,36606.0874192381,107045.955949016,0.370580116423495,0.192582530614678,0.563162647038173
"53011",105794.29177668,51043.083959267,156837.375735947,"Washington","WA","Clark County","53",279296.930290434,134753.741652465,414050.671942899,1.469365163565,0.708931721656486,2.17829688522148
"53013",22.6415210388732,378.348428782882,400.989949821756,"Washington","WA","Columbia County","53",59.7736155426253,998.839851986809,1058.61346752943,0.00031446556998435,0.00525483928865114,0.00556930485863549
"53015",13436.7611235408,8199.57699471305,21636.3381182539,"Washington","WA","Cowlitz County","53",35473.0493661478,21646.8832660425,57119.9326321902,0.1866216822714,0.113883013815459,0.300504696086859
"53017",4335.32618021432,2421.39190250183,6756.71808271616,"Washington","WA","Douglas County","53",11445.2611157658,6392.47462260483,17837.7357383707,0.0602128636140878,0.0336304430903032,0.093843306704391
"53019",371.702287213693,682.384013572118,1054.08630078581,"Washington","WA","Ferry County","53",981.29403824415,1801.49379583039,2782.78783407454,0.00516253176685685,0.0094775557440572,0.014640087510914
"53021",9145.82638858335,6512.95666889219,15658.7830574755,"Washington","WA","Franklin County","53",24144.98166586,17194.2056058754,41339.1872717354,0.127025366508102,0.0904577315123915,0.217483098020494
"53023",478.762193189243,426.460979850025,905.223173039268,"Washington","WA","Garfield County","53",1263.9321900196,1125.85698680407,2389.78917682367,0.00664947490540615,0.00592306916458368,0.0125725440699898
"53025",7955.27561847735,4576.19469964185,12531.4703181192,"Washington","WA","Grant County","53",21001.9276327802,12081.1540070545,33083.0816398347,0.110489939145519,0.0635582597172479,0.174048198862767
"53027",21341.3519287119,11182.7855693093,32524.1374980212,"Washington","WA","Grays Harbor County","53",56341.1690917993,29522.5539029765,85863.7229947758,0.296407665676554,0.155316466240407,0.45172413191696
"53029",26341.7060781855,15446.8430905281,41788.5491687135,"Washington","WA","Island County","53",69542.1040464096,40779.6657589941,110321.769805404,0.365857028863687,0.214539487368446,0.580396516232132
"53031",269.872518003446,533.827267626593,803.699785630039,"Washington","WA","Jefferson County","53",712.463447529099,1409.30398653421,2121.7674340633,0.00374822941671453,0.0074142676059249,0.0111624970226394
"53033",3199248.53536492,1578012.55258251,4777261.08794742,"Washington","WA","King County","53",8446016.13336338,4165953.13881782,12611969.2721812,44.4340074356238,21.9168410080904,66.3508484437142
"53035",116393.10103527,64624.2998583594,181017.40089363,"Washington","WA","Kitsap County","53",307277.786733114,170608.151626069,477885.938359183,1.61657084771209,0.897559720254992,2.51413056796708
"53037",11191.9652189291,5432.63097563448,16624.5961945635,"Washington","WA","Kittitas County","53",29546.7881779727,14342.145775675,43888.9339536478,0.155443961374015,0.0754532079949234,0.230897169368938
"53039",921.439891636189,343.800083789097,1265.23997542529,"Washington","WA","Klickitat County","53",2432.60131391954,907.632221203217,3340.23353512275,0.0127977762727248,0.00477500116373746,0.0175727774364623
"53041",16197.58340073,9117.71340173258,25315.2968024626,"Washington","WA","Lewis County","53",42761.6201779273,24070.763380574,66832.3835585013,0.22496643612125,0.126634908357397,0.351601344478647
"53043",318.337278236173,320.21130523704,638.548583473213,"Washington","WA","Lincoln County","53",840.410414543497,845.357845825785,1685.76826036928,0.00442135108661352,0.00444737923940333,0.00886873032601685
"53045",21364.0551177171,10397.6450569206,31761.7001746376,"Washington","WA","Mason County","53",56401.1055107731,27449.7829502703,83850.8884610434,0.296722987746071,0.144411736901674,0.441134724647745
"53047",5648.24431612056,3147.29917183459,8795.54348795515,"Washington","WA","Okanogan County","53",14911.3649945583,8308.86981364331,23220.2348082016,0.0784478377238967,0.0437124884977026,0.122160326221599
"53049",198.159149229896,499.162296657117,697.321445887013,"Washington","WA","Pacific County","53",523.140153966925,1317.78846317479,1840.92861714171,0.00275221040597078,0.0069328096757933,0.00968502008176407
"53051",534.984507723715,653.45913256036,1188.44364028408,"Washington","WA","Pend Oreille County","53",1412.35910039061,1725.13210995935,3137.49121034996,0.0074303403850516,0.00907582128556055,0.0165061616706122
"53053",162841.145849312,125862.934053797,288704.079903109,"Washington","WA","Pierce County","53",429900.625042183,332278.145902024,762178.770944207,2.26168258124044,1.74809630630274,4.00977888754318
"53055",2760.13553973446,1923.37394933592,4683.50948907037,"Washington","WA","San Juan County","53",7286.75782489896,5077.70722624683,12364.4650511458,0.0383352158296452,0.02671352707411,0.0650487429037552
"53057",78579.4786426876,62973.2171843752,141552.695827063,"Washington","WA","Skagit County","53",207449.823616695,166249.293366751,373699.116983446,1.09138164781511,0.874628016449656,1.96600966426476
"53059",1467.22921581485,979.624112578703,2446.85332839355,"Washington","WA","Skamania County","53",3873.4851297512,2586.20765720778,6459.69278695898,0.020378183552984,0.013605890452482,0.033984074005466
"53061",682253.061848834,344104.267638161,1026357.32948699,"Washington","WA","Snohomish County","53",1801148.08328092,908435.266564744,2709583.34984567,9.47573697012269,4.7792259394189,14.2549629095416
"53063",42108.9937768451,62747.6616831442,104856.655459989,"Washington","WA","Spokane County","53",111167.743570871,165653.826843501,276821.570414372,0.584847135789516,0.87149530115478,1.4563424369443
"53065",3264.15290449572,3079.58256354308,6343.7354680388,"Washington","WA","Stevens County","53",8617.36366786871,8130.09796775374,16747.4616356224,0.045335457006885,0.0427719800492095,0.0881074370560945
"53067",51743.2932406318,29466.8471342108,81210.1403748426,"Washington","WA","Thurston County","53",136602.294155268,77792.4764343164,214394.770589584,0.71865685056433,0.409261765752927,1.12791861631726
"53069",3.87034194512908,67.5603755460599,71.430717491189,"Washington","WA","Wahkiakum County","53",10.2177027351408,178.359391441598,188.577094176739,0.0000537547492379039,0.000938338549250832,0.000992093298488736
"53071",9893.8748631629,88957.7288970682,98851.6037602311,"Washington","WA","Walla Walla County","53",26119.8296387501,234848.40428826,260968.23392701,0.13741492865504,1.23552401245928,1.37293894111432
"53073",109084.195824896,533366.793199432,642450.989024328,"Washington","WA","Whatcom County","53",287982.276977724,1408088.3340465,1696070.61102423,1.51505827534577,7.40787212776989,8.92293040311566
"53075",390930.515324623,152515.862857375,543446.378181998,"Washington","WA","Whitman County","53",1032056.56045701,402641.877943469,1434698.43840048,5.42959049061977,2.11827587301909,7.54786636363886
"53077",18754.7533430214,10362.175071588,29116.9284146094,"Washington","WA","Yakima County","53",49512.5488255766,27356.1421889922,76868.6910145688,0.260482685319742,0.143919098216499,0.404401783536242
"54001",2984.1747442996,2263.02699043896,5247.20173473857,"West Virginia","WV","Barbour County","54",7878.22132495096,5974.39125475886,13852.6125797098,0.0414468714486056,0.0314309304227634,0.072877801871369
"54003",14033.4454787189,7517.65478903691,21551.1002677558,"West Virginia","WV","Berkeley County","54",37048.2960638179,19846.6086430575,56894.9047068753,0.194908964982207,0.104411872069957,0.299320837052164
"54005",1282.57955368727,272.920942881446,1555.50049656872,"West Virginia","WV","Boone County","54",3386.0100217344,720.511289207018,4106.52131094141,0.0178136049123232,0.0037905686511312,0.0216041735634544
"54007",1151.64767714925,1001.8457793595,2153.49345650875,"West Virginia","WV","Braxton County","54",3040.34986767401,2644.87285750909,5685.2227251831,0.0159951066270729,0.0139145247133264,0.0299096313403993
"54009",5787.98184567586,3594.43275796292,9382.41460363878,"West Virginia","WV","Brooke County","54",15280.2720725843,9489.3024810221,24769.5745536064,0.080388636745498,0.0499226771939294,0.130311313939427
"54011",113103.299547599,1202.38893278056,114305.68848038,"West Virginia","WV","Cabell County","54",298592.710805662,3174.30678254068,301767.017588203,1.57087916038332,0.0166998462886189,1.58757900667194
"54013",2243.74678027977,1589.34787660878,3833.09465688855,"West Virginia","WV","Calhoun County","54",5923.49149993858,4195.87839424718,10119.3698941858,0.0311631497261078,0.0220742760640109,0.0532374257901187
"54015",221.860944375323,0,221.860944375323,"West Virginia","WV","Clay County","54",585.712893150852,0,585.712893150852,0.00308140200521282,0,0.00308140200521282
"54017",632.478908441543,381.933957218137,1014.41286565968,"West Virginia","WV","Doddridge County","54",1669.74431828567,1008.30564705588,2678.04996534155,0.00878442928391032,0.00530463829469634,0.0140890675786067
"54019",10496.7630242587,9809.67857735646,20306.4416016152,"West Virginia","WV","Fayette County","54",27711.454384043,25897.551444221,53609.005828264,0.145788375336926,0.136245535796617,0.282033911133544
"54021",764.83024011212,582.347656783835,1347.17789689596,"West Virginia","WV","Gilmer County","54",2019.151833896,1537.39781390932,3556.54964780532,0.0106226422237794,0.00808816189977548,0.0187108041235549
"54023",1449.37478652332,811.059202140376,2260.43398866369,"West Virginia","WV","Grant County","54",3826.34943642156,2141.19629365059,5967.54573007215,0.0201302053683794,0.0112647111408386,0.031394916509218
"54025",3352.057892843,2660.22864096618,6012.28653380917,"West Virginia","WV","Greenbrier County","54",8849.43283710551,7023.0036121507,15872.4364492562,0.0465563596228194,0.0369476200134191,0.0835039796362385
"54027",2805.05628460427,1665.30072438987,4470.35700899414,"West Virginia","WV","Hampshire County","54",7405.34859135527,4396.39391238925,11801.7425037445,0.0389591150639482,0.023129176727637,0.0620882917915852
"54029",7526.6947273454,5567.9457414974,13094.6404688428,"West Virginia","WV","Hancock County","54",19870.4740801918,14699.3767575531,34569.850837745,0.104537426768686,0.0773325797430195,0.181870006511706
"54031",716.387083547955,805.385424691874,1521.77250823983,"West Virginia","WV","Hardy County","54",1891.2619005666,2126.21752118655,4017.47942175315,0.00994982060483271,0.011185908676276,0.0211357292811087
"54033",22867.0274784553,17941.5962058797,40808.6236843351,"West Virginia","WV","Harrison County","54",60368.9525431221,47365.8139835225,107734.766526645,0.317597603867435,0.249188836192774,0.566786440060209
"54035",3392.77314742222,2393.19854849512,5785.97169591735,"West Virginia","WV","Jackson County","54",8956.92110919467,6318.04416802713,15274.9652772218,0.0471218492697531,0.033238868729099,0.0803607179988521
"54037",7747.64595302657,4028.62095044228,11776.2669034688,"West Virginia","WV","Jefferson County","54",20453.7853159901,10635.5593091676,31089.3446251578,0.107606193792036,0.0559530687561427,0.163559262548178
"54039",18044.3479192673,5005.24559896311,23049.5935182304,"West Virginia","WV","Kanawha County","54",47637.0785068657,13213.8483812626,60850.9268881283,0.250615943323157,0.0695172999855988,0.320133243308756
"54041",2240.03785373104,1713.16188288212,3953.19973661316,"West Virginia","WV","Lewis County","54",5913.69993384994,4522.74737080881,10436.4473046587,0.0311116368573755,0.0237939150400295,0.054905551897405
"54043",3088.39226195083,163.752565728867,3252.1448276797,"West Virginia","WV","Lincoln County","54",8153.35557155019,432.306773524209,8585.6623450744,0.0428943369715393,0.00227434119067871,0.045168678162218
"54045",1062.14020881378,340.286771453647,1402.42698026743,"West Virginia","WV","Logan County","54",2804.05015126839,898.357076637628,3702.40722790601,0.0147519473446359,0.00472620515907843,0.0194781525037143
"54047",5365.51367787763,4975.08895079736,10340.602628675,"West Virginia","WV","McDowell County","54",14164.9561095969,13134.234830105,27299.190939702,0.074521023303856,0.0690984576499633,0.143619480953819
"54049",60045.45743617,48285.1465377716,108330.603973942,"West Virginia","WV","Marion County","54",158520.007631489,127472.786859717,285992.794491206,0.833964686613472,0.670627035246828,1.5045917218603
"54051",4147.31155914393,3289.7244902244,7437.03604936833,"West Virginia","WV","Marshall County","54",10948.90251614,8684.87265419242,19633.7751703324,0.0576015494325546,0.0456906179197834,0.103292167352338
"54053",3486.76715384318,221.068675992339,3707.83582983552,"West Virginia","WV","Mason County","54",9205.065286146,583.621304619776,9788.68659076578,0.0484273215811553,0.00307039827767138,0.0514977198588267
"54055",9542.77849781857,8680.96575330868,18223.7442511273,"West Virginia","WV","Mercer County","54",25192.935234241,22917.7495887349,48110.684822976,0.13253859024748,0.120568968795954,0.253107559043434
"54057",3053.82940134379,2567.62797783467,5621.45737917846,"West Virginia","WV","Mineral County","54",8062.10961954761,6778.53786148352,14840.6474810311,0.042414297240886,0.0356614996921482,0.0780757969330342
"54059",1369.71346095573,575.010290665213,1944.72375162094,"West Virginia","WV","Mingo County","54",3616.04353692312,1518.02716735616,5134.07070427929,0.0190237980688296,0.00798625403701684,0.0270100521058464
"54061",287076.008462322,231776.970583265,518852.979045586,"West Virginia","WV","Monongalia County","54",757880.662340529,611891.202339819,1369771.86468035,3.98716678419891,3.21912459143423,7.20629137563315
"54063",13331.8155337603,13624.1582696808,26955.9738034411,"West Virginia","WV","Monroe County","54",35195.9930091272,35967.7778319572,71163.7708410844,0.18516410463556,0.189224420412233,0.374388525047793
"54065",2999.67817090545,1267.19876250788,4266.87693341332,"West Virginia","WV","Morgan County","54",7919.15037119038,3345.40473302079,11264.5551042112,0.0416621968181312,0.0175999828126094,0.0592621796307406
"54067",3654.49901287907,3561.5436330545,7216.04264593357,"West Virginia","WV","Nicholas County","54",9647.87739400073,9402.47519126388,19050.3525852646,0.0507569307344315,0.0494658837924236,0.100222814526855
"54069",9053.99236704102,7094.03563093806,16148.0279979791,"West Virginia","WV","Ohio County","54",23902.5398489883,18728.2540656765,42630.7939146648,0.125749893986681,0.0985282726519175,0.224278166638598
"54071",1215.74720786571,1048.89940768703,2264.64661555274,"West Virginia","WV","Pendleton County","54",3209.57262876547,2769.09443629376,5978.66706505923,0.0168853778870237,0.0145680473289866,0.0314534252160103
"54073",1071.49439874769,818.762828644338,1890.25722739203,"West Virginia","WV","Pleasants County","54",2828.7452126939,2161.53386762105,4990.27908031495,0.0148818666492735,0.0113717059533936,0.026253572602667
"54075",520.14137495956,268.28830755525,788.42968251481,"West Virginia","WV","Pocahontas County","54",1373.17322989324,708.28113194586,2081.4543618391,0.00722418576332722,0.00372622649382292,0.0109504122571501
"54077",36518.8927126009,29391.2840053048,65910.1767179056,"West Virginia","WV","Preston County","54",96409.8767612663,77592.9897740046,174002.866535271,0.507206843230568,0.408212277851455,0.915419121082023
"54079",12679.2491582815,1712.19632355104,14391.4454818326,"West Virginia","WV","Putnam County","54",33473.2177778632,4520.19829417476,37993.416072038,0.17610068275391,0.0237805044937645,0.199881187247675
"54081",11894.0793580022,10358.1314661607,22252.2108241629,"West Virginia","WV","Raleigh County","54",31400.3695051259,27345.4670706642,58745.8365757901,0.16519554663892,0.14386293703001,0.309058483668929
"54083",2592.75791951304,1973.28408312666,4566.0420026397,"West Virginia","WV","Randolph County","54",6844.88090751441,5209.46997945438,12054.3508869688,0.0360105266599033,0.0274067233767592,0.0634172500366624
"54085",1229.91762828396,1025.86235355349,2255.77998183746,"West Virginia","WV","Ritchie County","54",3246.98253866966,2708.27661338122,5955.25915205089,0.0170821892817217,0.0142480882437985,0.0313302775255202
"54087",1654.57165962571,1146.26796010207,2800.83961972778,"West Virginia","WV","Roane County","54",4368.06918141188,3026.14741466946,7394.21659608135,0.022980161939246,0.015920388334751,0.038900550273997
"54089",6099.92604119621,6231.0315076663,12330.9575488625,"West Virginia","WV","Summers County","54",16103.804748758,16449.923180239,32553.727928997,0.084721195016614,0.0865421042731431,0.171263299289757
"54091",12729.0146620603,10280.7625065175,23009.7771685778,"West Virginia","WV","Taylor County","54",33604.5987078391,27141.2130172062,60745.8117250454,0.176791870306393,0.142788368146077,0.319580238452469
"54093",1881.8698480567,1457.96865565626,3339.83850371297,"West Virginia","WV","Tucker County","54",4968.1363988697,3849.03725093254,8817.17364980223,0.0261370812230098,0.0202495646618926,0.0463866458849023
"54095",1228.51203646316,1007.06950547675,2235.58154193991,"West Virginia","WV","Tyler County","54",3243.27177626275,2658.66349445862,5901.93527072137,0.0170626671730995,0.0139870764649548,0.0310497436380543
"54097",2997.96451600214,2086.91497019202,5084.87948619416,"West Virginia","WV","Upshur County","54",7914.62632224565,5509.45552130695,13424.0818435526,0.0416383960555853,0.0289849301415559,0.0706233261971412
"54099",25738.5351418249,1228.73408132402,26967.2692231489,"West Virginia","WV","Wayne County","54",67949.7327744176,3243.85797469542,71193.590749113,0.357479654747567,0.0170657511295003,0.374545405877068
"54101",409.986707924942,301.0883629264,711.075070851343,"West Virginia","WV","Webster County","54",1082.36490892185,794.873278125696,1877.23818704754,0.00569425983229087,0.00418178281842222,0.00987604265071309
"54103",2468.98730897837,1883.11636699949,4352.10367597785,"West Virginia","WV","Wetzel County","54",6518.12649570289,4971.42720887865,11489.5537045815,0.0342914904024773,0.026154393986104,0.0604458843885813
"54105",1082.62347481725,797.163906730256,1879.7873815475,"West Virginia","WV","Wirt County","54",2858.12597351753,2104.51271376787,4962.63868728541,0.0150364371502395,0.0110717209268091,0.0261081580770487
"54107",12459.4445675861,9506.69725088446,21966.1418184705,"West Virginia","WV","Wood County","54",32892.9336584273,25097.680742335,57990.6144007622,0.173047841216473,0.13203746181784,0.305085303034313
"54109",1910.38802197126,1679.80821031144,3590.1962322827,"West Virginia","WV","Wyoming County","54",5043.42437800411,4434.69367522221,9478.11805322632,0.026533166971823,0.0233306695876589,0.0498638365594819
"55001",2392.64922883009,4654.69047910216,7047.33970793225,"Wisconsin","WI","Adams County","55",6316.59396411143,12288.3828648297,18604.9768289411,0.0332312392893068,0.0646484788764189,0.0978797181657257
"55003",1295.11592106877,2217.48872537246,3512.60464644123,"Wisconsin","WI","Ashland County","55",3419.10603162156,5854.1702349833,9273.27626660486,0.0179877211259552,0.0307984545190619,0.0487861756450171
"55005",6259.87866769481,12831.7407507029,19091.6194183977,"Wisconsin","WI","Barron County","55",16526.0796827143,33875.7955818558,50401.8752645701,0.0869427592735391,0.178218621537541,0.26516138081108
"55007",8635.53185562808,12230.1261751414,20865.6580307695,"Wisconsin","WI","Bayfield County","55",22797.8040988581,32287.5331023733,55085.3372012314,0.119937942439279,0.16986286354363,0.289800805982909
"55009",27504.5773830632,49985.8819302231,77490.4593132863,"Wisconsin","WI","Brown County","55",72612.0842912867,131962.728295789,204574.812587076,0.38200801920921,0.694248360141987,1.0762563793512
"55011",334.630843563131,1960.59748428294,2295.22832784607,"Wisconsin","WI","Buffalo County","55",883.425427006666,5175.97735850695,6059.40278551362,0.00464765060504349,0.0272305206150408,0.0318781712200843
"55013",5018.6258378777,7380.02846198644,12398.6542998641,"Wisconsin","WI","Burnett County","55",13249.1722119971,19483.2751396442,32732.4473516413,0.0697031366371903,0.102500395305367,0.172203531942557
"55015",5549.80382292204,11071.7532832897,16621.5571062118,"Wisconsin","WI","Calumet County","55",14651.4820925142,29229.4286678849,43880.910760399,0.0770806086516951,0.153774351156802,0.230854959808497
"55017",10729.8570615068,32615.2736328089,43345.1306943157,"Wisconsin","WI","Chippewa County","55",28326.8226423779,86104.3223906156,114431.145032993,0.149025792520927,0.452989911566791,0.602015704087718
"55019",341.453482684231,2100.27084427062,2441.72432695485,"Wisconsin","WI","Clark County","55",901.437194286369,5544.71502887443,6446.1522231608,0.00474240948172542,0.0291704283926474,0.0339128378743729
"55021",69326.5220362519,137086.447415,206412.969451252,"Wisconsin","WI","Columbia County","55",183022.018175705,361908.2211756,544930.239351305,0.96286836161461,1.90397843631945,2.86684679793406
"55023",749.591252825402,206.59224100852,956.183493833922,"Wisconsin","WI","Crawford County","55",1978.92090745906,545.403516262493,2524.32442372155,0.010410989622575,0.00286933668067389,0.0132803263032489
"55025",2281255.13207702,4518853.65459186,6800108.78666888,"Wisconsin","WI","Dane County","55",6022513.54868333,11929773.6481225,17952287.1968058,31.6840990566253,62.7618563137758,94.4459553704011
"55027",23447.1624796159,46030.8216310133,69477.9841106292,"Wisconsin","WI","Dodge County","55",61900.5089461861,121521.369105875,183421.878052061,0.32565503443911,0.639316967097406,0.964972001536517
"55029",2943.71255411545,4927.20059572412,7870.91314983957,"Wisconsin","WI","Door County","55",7771.4011428648,13007.8095727117,20779.2107155765,0.0408848965849368,0.0684333416072795,0.109318238192216
"55031",7054.35803416822,10891.3406658542,17945.6987000224,"Wisconsin","WI","Douglas County","55",18623.5052102041,28753.1393578551,47376.6445680592,0.0979771949190031,0.151268620359086,0.249245815278089
"55033",1478.6821046751,9624.1188270463,11102.8009317214,"Wisconsin","WI","Dunn County","55",3903.72075634227,25407.6737034022,29311.3944597445,0.0205372514538209,0.13366831704231,0.154205568496131
"55035",4405.32899106009,77020.2772343945,81425.6062254546,"Wisconsin","WI","Eau Claire County","55",11630.0685363986,203333.531898802,214963.6004352,0.0611851248758346,1.06972607269992,1.13091119757576
"55037",120.323171495783,179.274250086628,299.597421582411,"Wisconsin","WI","Florence County","55",317.653172748867,473.284020228699,790.937192977566,0.00167115515966365,0.00248992014009206,0.00416107529975572
"55039",18360.7514836847,52546.305392719,70907.0568764037,"Wisconsin","WI","Fond du Lac County","55",48472.3839169276,138722.246236778,187194.630153706,0.255010437273399,0.729809797121098,0.984820234394497
"55041",3493.06150799354,7030.84893376173,10523.9104417553,"Wisconsin","WI","Forest County","55",9221.68238110294,18561.441185131,27783.1235662339,0.0485147431665769,0.0976506796355796,0.146165422802157
"55043",18381.3348862748,35940.6042863209,54321.9391725956,"Wisconsin","WI","Grant County","55",48526.7240997654,94883.1953158871,143409.919415653,0.255296317864927,0.499175059532234,0.754471377397162
"55045",26771.2243170392,52274.0891438409,79045.3134608801,"Wisconsin","WI","Green County","55",70676.0321969836,138003.59533974,208679.627536723,0.371822559958878,0.726029015886679,1.09785157584556
"55047",6119.02005330599,17145.4307346433,23264.4507879493,"Wisconsin","WI","Green Lake County","55",16154.2129407278,45263.9371394583,61418.1500801862,0.0849863896292499,0.238130982425602,0.323117372054851
"55049",15396.3487902828,30955.2923342788,46351.6411245617,"Wisconsin","WI","Iowa County","55",40646.3608063467,81721.9717624961,122368.332568843,0.213838177642817,0.429934615753873,0.64377279339669
"55051",2543.51799985319,4054.14307868681,6597.66107854,"Wisconsin","WI","Iron County","55",6714.88751961243,10702.9377277332,17417.8252473456,0.0353266388868499,0.056307542759539,0.0916341816463889
"55053",523.161937752529,1171.54389733004,1694.70583508256,"Wisconsin","WI","Jackson County","55",1381.14751566668,3092.87588895129,4474.02340461797,0.00726613802434068,0.0162714430184727,0.0235375810428134
"55055",29190.8471952142,55758.4881036082,84949.3352988224,"Wisconsin","WI","Jefferson County","55",77063.8365953655,147202.408593526,224266.245188891,0.405428433266864,0.774423445883448,1.17985187915031
"55057",2480.75361584202,5316.33450475411,7797.08812059613,"Wisconsin","WI","Juneau County","55",6549.18954582292,14035.1230925509,20584.3126383738,0.0344549113311391,0.073837979232696,0.108292890563835
"55059",17662.5366443701,32395.2161243067,50057.7527686768,"Wisconsin","WI","Kenosha County","55",46629.096741137,85523.3705681697,132152.467309307,0.245313008949584,0.449933557282038,0.695246566231622
"55061",782.266043561065,884.562312244662,1666.82835580573,"Wisconsin","WI","Kewaunee County","55",2065.18235500121,2335.24450432591,4400.42685932712,0.0108648061605703,0.0122855876700647,0.0231503938306351
"55063",81764.0810317503,17006.8421826697,98770.92321442,"Wisconsin","WI","La Crosse County","55",215857.173923821,44898.0633622479,260755.237286069,1.13561223655209,0.236206141425968,1.37181837797805
"55065",4954.15687816541,9629.91635689787,14584.0732350633,"Wisconsin","WI","Lafayette County","55",13078.9741583567,25422.9791822104,38501.9533405671,0.0688077344189641,0.133748838290248,0.202556572709212
"55067",4785.54384767278,9572.55588839276,14358.0997360655,"Wisconsin","WI","Langlade County","55",12633.8357578561,25271.5475453569,37905.383303213,0.0664658867732331,0.132952165116566,0.199418051889799
"55069",2476.7285671916,5943.18798470242,8419.91655189402,"Wisconsin","WI","Lincoln County","55",6538.56341738582,15690.0162796144,22228.5796970002,0.0343990078776611,0.0825442775653114,0.116943285442972
"55071",7406.52608309485,12794.7095267774,20201.2356098722,"Wisconsin","WI","Manitowoc County","55",19553.2288593704,33778.0331506923,53331.2620100627,0.102868417820762,0.177704298983019,0.280572716803781
"55073",14433.3417768522,32923.7083063817,47357.050083234,"Wisconsin","WI","Marathon County","55",38104.0222908898,86918.5899288478,125022.612219738,0.200463080234058,0.457273726477524,0.657736806711583
"55075",4385.01511757708,8050.5887258915,12435.6038434686,"Wisconsin","WI","Marinette County","55",11576.4399104035,21253.5542363536,32829.994146757,0.0609029877441261,0.111813732304049,0.172716720048175
"55077",3574.28565523776,7613.86506770821,11188.150722946,"Wisconsin","WI","Marquette County","55",9436.11412982768,20100.6037787497,29536.7179085774,0.0496428563227466,0.105748125940392,0.155390982263138
"55078",0.507096525243152,4.78463359507399,5.29173012031714,"Wisconsin","WI","Menominee County","55",1.33873482664192,12.6314326909953,13.9701675176373,0.00000704300729504377,0.0000664532443760277,0.0000734962516710715
"55079",535150.442147163,623460.012293025,1158610.45444019,"Wisconsin","WI","Milwaukee County","55",1412797.16726851,1645934.43245358,3058731.5997221,7.43264502982171,8.65916683740312,16.0918118672248
"55081",3450.04932502592,2274.29026108989,5724.33958611581,"Wisconsin","WI","Monroe County","55",9108.13021806843,6004.1262892773,15112.2565073457,0.0479173517364711,0.0315873647373595,0.0795047164738306
"55083",4245.7157683215,8200.93494393439,12446.6507122559,"Wisconsin","WI","Oconto County","55",11208.6896283688,21650.4682519868,32859.1578803556,0.0589682745600208,0.113901874221311,0.172870148781332
"55085",3760.26613229472,9103.50137433457,12863.7675066293,"Wisconsin","WI","Oneida County","55",9927.10258925806,24033.2436282433,33960.3462175013,0.0522259185040933,0.12643751908798,0.178663437592073
"55087",23134.4276949473,44028.1820654499,67162.6097603973,"Wisconsin","WI","Outagamie County","55",61074.889114661,116234.400652788,177309.289767449,0.321311495763157,0.611502528686805,0.932814024449962
"55089",46052.9802314376,52251.093256959,98304.0734883966,"Wisconsin","WI","Ozaukee County","55",121579.867810995,137942.886198372,259522.754009367,0.639624725436633,0.725709628568875,1.36533435400551
"55091",90.6829911861242,1087.45154317082,1178.13453435695,"Wisconsin","WI","Pepin County","55",239.403096731368,2870.87207397097,3110.27517070234,0.00125948598869617,0.0151034936551503,0.0163629796438465
"55093",4853.97009650657,31232.5166585321,36086.4867550387,"Wisconsin","WI","Pierce County","55",12814.4810547774,82453.8439785247,95268.3250333021,0.0674162513403691,0.433784953590724,0.501201204931093
"55095",4087.69227200067,7472.4843383541,11560.1766103548,"Wisconsin","WI","Polk County","55",10791.5075980818,19727.3586532548,30518.8662513366,0.0567735037777871,0.103784504699363,0.16055800847715
"55097",6815.23889275135,45473.127628984,52288.3665217353,"Wisconsin","WI","Portage County","55",17992.2306768636,120049.056940518,138041.287617381,0.0946560957326576,0.631571217069222,0.726227312801879
"55099",2630.82471052012,3709.19283760702,6340.01754812714,"Wisconsin","WI","Price County","55",6945.37723577312,9792.26909128254,16737.6463270557,0.0365392320905572,0.0515165671889864,0.0880557992795436
"55101",31770.0195605012,42258.6453465726,74028.6649070738,"Wisconsin","WI","Racine County","55",83872.8516397231,111562.823714952,195435.675354675,0.441250271673628,0.586925629813509,1.02817590148714
"55103",15520.5246596265,30020.42869763,45540.9533572564,"Wisconsin","WI","Richland County","55",40974.1851014138,79253.9317617432,120228.116863157,0.215562842494812,0.416950398578194,0.632513241073006
"55105",60034.9784874816,117884.098213657,177919.076701139,"Wisconsin","WI","Rock County","55",158492.343206951,311214.019284056,469706.362491007,0.833819145659467,1.63727914185635,2.47109828751582
"55107",2431.43067154516,4568.93553898726,7000.36621053242,"Wisconsin","WI","Rusk County","55",6418.97697287922,12061.9898229264,18480.9667958056,0.0337698704381272,0.0634574380414897,0.0972273084796169
"55109",32634.6480578475,57760.4444527339,90395.0925105815,"Wisconsin","WI","St. Croix County","55",86155.4708727175,152487.573355218,238643.044227935,0.453259000803438,0.80222839517686,1.2554873959803
"55111",65788.2694080418,130362.861933756,196151.131341798,"Wisconsin","WI","Sauk County","55",173681.03123723,344157.955505116,517838.986742347,0.91372596400058,1.8105953046355,2.72432126863608
"55113",1645.6206729228,3179.23920033741,4824.85987326021,"Wisconsin","WI","Sawyer County","55",4344.4385765162,8393.19148889076,12737.630065407,0.0228558426794834,0.0441561000046862,0.0670119426841697
"55115",6168.14926655495,12536.7422319351,18704.8914984901,"Wisconsin","WI","Shawano County","55",16283.9140637051,33096.9994923088,49380.9135560138,0.0856687398132632,0.174121419887988,0.259790159701251
"55117",48044.296152324,41645.6498705013,89689.9460228253,"Wisconsin","WI","Sheboygan County","55",126836.941842135,109944.515658124,236781.457500259,0.6672818910045,0.578411803756963,1.24569369476146
"55119",2477.26568704023,4750.43420100549,7227.69988804572,"Wisconsin","WI","Taylor County","55",6539.9814137862,12541.1462906545,19081.1277044407,0.0344064678755587,0.0659782527917429,0.100384720667302
"55121",24549.1117817788,22214.5194563747,46763.6312381535,"Wisconsin","WI","Trempealeau County","55",64809.655103896,58646.3313648293,123455.986468725,0.340959885858039,0.308534992449649,0.649494878307688
"55123",5150.15515945256,2770.79167191301,7920.94683136557,"Wisconsin","WI","Vernon County","55",13596.4096209548,7314.89001385034,20911.2996348051,0.0715299327701745,0.0384832176654584,0.110013150435633
"55125",2329.91567129088,5332.77270550316,7662.68837679403,"Wisconsin","WI","Vilas County","55",6150.97737220791,14078.5199425283,20229.4973147362,0.0323599398790399,0.0740662875764327,0.106426227455473
"55127",34042.0887370692,64520.9254605629,98563.0141976322,"Wisconsin","WI","Walworth County","55",89871.1142658628,170335.243215886,260206.357481749,0.472806788014851,0.896123964730041,1.36893075274489
"55129",3732.44673567611,6233.66918943179,9966.1159251079,"Wisconsin","WI","Washburn County","55",9853.65938218493,16456.8866600999,26310.5460422849,0.0518395379955015,0.0865787387421082,0.13841827673761
"55131",43853.9763984495,67174.1505905981,111028.126989048,"Wisconsin","WI","Washington County","55",115774.497691907,177339.757559179,293114.255251086,0.60908300553402,0.932974313758307,1.54205731929233
"55133",139517.852766614,213920.68794795,353438.540714564,"Wisconsin","WI","Waukesha County","55",368327.131303862,564750.616182587,933077.747486449,1.93774795509187,2.97112066594375,4.90886862103561
"55135",5431.90580556105,11921.6810015869,17353.5868071479,"Wisconsin","WI","Waupaca County","55",14340.2313266812,31473.2378441894,45813.4691708706,0.0754431361883479,0.165578902799818,0.241022038988166
"55137",2573.58042832657,6372.35766233016,8945.93809065673,"Wisconsin","WI","Waushara County","55",6794.25233078216,16823.0242285516,23617.2765593338,0.0357441726156469,0.0885049675323633,0.12424914014801
"55139",38584.5927042478,78789.2596340458,117373.852338294,"Wisconsin","WI","Winnebago County","55",101863.324739214,208003.645433881,309866.970173095,0.535897120892331,1.09429527269508,1.63019239358741
"55141",8173.81632227997,22130.4835270083,30304.2998492883,"Wisconsin","WI","Wood County","55",21578.8750908191,58424.476511302,80003.3516021211,0.113525226698333,0.307367826764004,0.420893053462337
"56001",404673.240619009,388684.354235211,793357.59485422,"Wyoming","WY","Albany County","56",1068337.35523418,1026126.69518096,2094464.05041514,5.62046167526401,5.39839380882237,11.0188554840864
"56003",594.837887002794,49.9272881327743,644.765175135568,"Wyoming","WY","Big Horn County","56",1570.37202168738,131.808040670524,1702.1800623579,0.00826163731948325,0.000693434557399643,0.0089550718768829
"56005",1562.03288652234,960.056455797337,2522.08934231967,"Wyoming","WY","Campbell County","56",4123.76682041897,2534.54904330497,6658.31586372394,0.0216949012016991,0.0133341174416297,0.0350290186433288
"56007",2628.5377112762,2278.57818566848,4907.11589694468,"Wyoming","WY","Carbon County","56",6939.33955776917,6015.4464101648,12954.785967934,0.0365074682121695,0.0316469192453956,0.068154387457565
"56009",2584.47318270275,2517.8074525242,5102.28063522695,"Wyoming","WY","Converse County","56",6823.00920233527,6647.01167466389,13470.0208769992,0.0358954608708716,0.034969547951725,0.0708650088225966
"56011",779.69541223529,414.302180992488,1193.99759322778,"Wyoming","WY","Crook County","56",2058.39588830117,1093.75775782017,3152.15364612134,0.0108291029477124,0.005754196958229,0.0165832999059414
"56013",5642.444835194,4793.84045938473,10436.2852945787,"Wyoming","WY","Fremont County","56",14896.0543649122,12655.7388127757,27551.7931776878,0.0783672893776945,0.0665811174914545,0.144948406869149
"56015",5117.77195515021,4212.54471416152,9330.31666931173,"Wyoming","WY","Goshen County","56",13510.9179615965,11121.1180453864,24632.036006983,0.0710801660437529,0.0585075654744656,0.129587731518218
"56017",351.612168661702,0,351.612168661702,"Wyoming","WY","Hot Springs County","56",928.256125266892,0,928.256125266892,0.00488350234252363,0,0.00488350234252363
"56019",654.66918495716,619.109263243131,1273.77844820029,"Wyoming","WY","Johnson County","56",1728.3266482869,1634.44845496187,3362.77510324877,0.00909262756884945,0.00859873976726571,0.0176913673361152
"56021",45654.9475198,75132.4060730684,120787.353592868,"Wyoming","WY","Laramie County","56",120529.061452272,198349.5520329,318878.613485173,0.634096493330556,1.04350563990373,1.67760213323428
"56023",1159.80130145421,1149.81478505653,2309.61608651074,"Wyoming","WY","Lincoln County","56",3061.87543583912,3035.51103254923,6097.38646838835,0.0161083514090863,0.0159696497924518,0.032078001201538
"56025",20284.7685051969,19834.5386791714,40119.3071843684,"Wyoming","WY","Natrona County","56",53551.7888537199,52363.1821130126,105914.970966732,0.281732895905513,0.275479703877381,0.557212599782894
"56027",561.472350582904,207.932426578112,769.404777161016,"Wyoming","WY","Niobrara County","56",1482.28700553887,548.941606166217,2031.22861170508,0.00779822709142922,0.00288795036914045,0.0106861774605697
"56029",781.500627786583,723.856812614054,1505.35744040064,"Wyoming","WY","Park County","56",2063.16165735658,1910.9819853011,3974.14364265768,0.0108541753859248,0.0100535668418619,0.0209077422277866
"56031",1590.07454520577,1341.40340369345,2931.47794889922,"Wyoming","WY","Platte County","56",4197.79679934324,3541.30498575071,7739.10178509395,0.0220843686834135,0.0186306028290757,0.0407149715124892
"56033",3468.58350522251,2776.97784804952,6245.56135327203,"Wyoming","WY","Sheridan County","56",9157.06045378742,7331.22151885074,16488.2819726382,0.0481747709058682,0.0385691367784656,0.0867439076843338
"56035",395.047219482892,558.605466402059,953.652685884951,"Wyoming","WY","Sublette County","56",1042.92465943483,1474.71843130144,2517.64309073627,0.00548676693726239,0.00775840925558416,0.0132451761928465
"56037",1906.95764096342,2272.22677767905,4179.18441864248,"Wyoming","WY","Sweetwater County","56",5034.36817214344,5998.6786930727,11033.0468652161,0.0264855227911586,0.0315587052455424,0.0580442280367011
"56039",982.9475162375,941.732461070358,1924.67997730786,"Wyoming","WY","Teton County","56",2594.981442867,2486.17369722575,5081.15514009275,0.013652048836632,0.0130796175148661,0.026731666351498
"56041",1182.60513269539,1036.8495135424,2219.45464623779,"Wyoming","WY","Uinta County","56",3122.07755031583,2737.28271575194,5859.36026606777,0.016425071287436,0.0144006876880889,0.0308257589755249
"56043",171.810786819909,5.00074147051933,176.811528290428,"Wyoming","WY","Washakie County","56",453.580477204559,13.201957482171,466.78243468673,0.00238626092805429,0.0000694547426461018,0.00245571567070039
"56045",914.854852508769,498.852442261923,1413.70729477069,"Wyoming","WY","Weston County","56",2415.21681062315,1316.97044757148,3732.18725819463,0.0127063173959551,0.00692850614252671,0.0196348235384818
"72035",0,34894.9447912666,34894.9447912666,"Puerto Rico","PR","Cayey Municipio","72",0,92122.6542489439,92122.6542489439,0,0.484652010989814,0.484652010989814
"72097",378977.269750449,0,378977.269750449,"Puerto Rico","PR","Mayagüez Municipio","72",1000499.99214118,0,1000499.99214118,5.26357319097845,0,5.26357319097845
"72113",67728.6018737879,0,67728.6018737879,"Puerto Rico","PR","Ponce Municipio","72",178803.5089468,0,178803.5089468,0.940675026024832,0,0.940675026024832
"72127",0,156463.142287874,156463.142287874,"Puerto Rico","PR","San Juan Municipio","72",0,413062.695639987,413062.695639987,0,2.17309919844269,2.17309919844269
