"GEOID","inst_name","budg_CHE_cuts","budg_CBET_cuts","budg_NSF_cuts","state_name","rep_name","pol_party","state","state_FIPS","econ_budg_CHE_cuts","econ_budg_CBET_cuts","econ_budg_NSF_cuts","jobs_budg_CHE_cuts","jobs_budg_CBET_cuts","jobs_budg_NSF_cuts"
"0101","University of South Alabama",43418.420517605,35635.042180116,79053.462697721,"Alabama","Barry Moore","Republican","AL","01",114624.630166477,94076.5113555061,208701.141521983,0.60303361830007,0.494931141390499,1.09796475969057
"0101","Auburn University",16554.415239777,36172.6563740264,52727.0716138034,"Alabama","Barry Moore","Republican","AL","01",43703.6562330112,95495.8128274297,139199.469060441,0.229922433885791,0.502398005194811,0.732320439080602
"0101","University of Alabama Tuscaloosa",3316.90502146412,11860.1277935594,15177.0328150235,"Alabama","Barry Moore","Republican","AL","01",8756.62925666528,31310.7373749969,40067.3666316621,0.0460681252981128,0.16472399713277,0.210792122430882
"0101","Alabama State University",0,6568.43543627129,6568.43543627129,"Alabama","Barry Moore","Republican","AL","01",0,17340.6695517562,17340.6695517562,0,0.0912282699482123,0.0912282699482123
"0101","University of Alabama in Huntsville",1056.86766249449,4850.89163668064,5907.75929917513,"Alabama","Barry Moore","Republican","AL","01",2790.13062898545,12806.3539208369,15596.4845498224,0.0146787175346457,0.0673734949538978,0.0820522124885435
"0102","Auburn University",51020.1650012798,111482.940956016,162503.105957296,"Alabama","Shomari Figures","Democrat","AL","01",134693.235603379,294314.964123882,429008.19972726,0.708613402795553,1.54837417994466,2.25698758274022
"0102","Alabama State University",0,150871.909328508,150871.909328508,"Alabama","Shomari Figures","Democrat","AL","01",0,398301.840627262,398301.840627262,0,2.09544318511817,2.09544318511817
"0102","University of South Alabama",72894.8707098337,59827.4133764438,132722.284086278,"Alabama","Shomari Figures","Democrat","AL","01",192442.458673961,157944.371313812,350386.829987773,1.0124287598588,0.830936296895053,1.84336505675385
"0102","University of Alabama Tuscaloosa",5677.0105175059,20299.0648774382,25976.0753949441,"Alabama","Shomari Figures","Democrat","AL","01",14987.3077662156,53589.531276437,68576.8390426525,0.078847368298693,0.281931456631087,0.36077882492978
"0102","Tuskegee University",0,7259.67177338294,7259.67177338294,"Alabama","Shomari Figures","Democrat","AL","01",0,19165.533481731,19165.533481731,0,0.100828774630319,0.100828774630319
"0103","Auburn University",443441.221340911,968952.795330478,1412394.01667139,"Alabama","Mike Rogers","Republican","AL","01",1170684.82434,2558035.37967246,3728720.20401247,6.1589058519571,13.4576777129233,19.6165835648804
"0103","University of Alabama Tuscaloosa",4496.95776948501,16079.5963354988,20576.5541049838,"Alabama","Mike Rogers","Republican","AL","01",11871.9685114404,42450.1343257169,54322.1028371573,0.0624577467984029,0.223327726881928,0.285785473680331
"0103","University of Alabama at Birmingham",8889.92048363665,10585.8082106085,19475.7286942451,"Alabama","Mike Rogers","Republican","AL","01",23469.3900768007,27946.5336760063,51415.9237528071,0.123471117828287,0.147025114036229,0.270496231864515
"0103","Alabama State University",0,11317.9195209598,11317.9195209598,"Alabama","Mike Rogers","Republican","AL","01",0,29879.3075353338,29879.3075353338,0,0.157193326679997,0.157193326679997
"0103","University of Alabama in Huntsville",1802.89189484354,8275.05043904345,10077.942333887,"Alabama","Mike Rogers","Republican","AL","01",4759.63460238695,21846.1331590747,26605.7677614617,0.0250401652061603,0.114931256097826,0.139971421303986
"0104","University of Alabama Tuscaloosa",172989.354196359,618551.280310253,791540.634506612,"Alabama","Robert B. Aderholt","Republican","AL","01",456691.895078389,1632975.38001907,2089667.27509746,2.40262991939388,8.59099000430907,10.993619923703
"0104","University of Alabama in Huntsville",7708.91706760687,35382.9742910823,43091.8913586892,"Alabama","Robert B. Aderholt","Republican","AL","01",20351.5410584821,93411.0521284574,113762.59318694,0.107068292605651,0.491430198487255,0.598498491092906
"0104","Auburn University",12755.04125032,27870.735239004,40625.7764893239,"Alabama","Robert B. Aderholt","Republican","AL","01",33673.3089008447,73578.7410309704,107252.049931815,0.177153350698888,0.387093544986166,0.564246895685054
"0104","University of Alabama at Birmingham",8884.51298942519,10579.3691545193,19463.8821439445,"Alabama","Robert B. Aderholt","Republican","AL","01",23455.1142920825,27929.5345679309,51384.6488600134,0.123396013742017,0.146935682701657,0.270331696443673
"0104","Mississippi State University",7371.59286113144,808.221893962653,8179.81475509409,"Alabama","Robert B. Aderholt","Republican","AL","01",19461.005153387,2133.7058000614,21594.7109534484,0.102383234182381,0.0112253040828146,0.113608538265196
"0105","University of Alabama in Huntsville",77959.5322804759,357824.594846913,435784.127127389,"Alabama","Dale W. Strong","Republican","AL","01",205813.165220456,944656.930395852,1150470.09561631,1.08277128167328,4.96978603954047,6.05255732121374
"0105","Auburn University",14654.7282450485,32021.6958065152,46676.4240515636,"Alabama","Dale W. Strong","Republican","AL","01",38688.4825669279,84537.2769292001,123225.759496128,0.20353789229234,0.444745775090489,0.648283667382828
"0105","University of Alabama Tuscaloosa",3731.51814914713,13342.6437677543,17074.1619169015,"Alabama","Dale W. Strong","Republican","AL","01",9851.20791374844,35224.5795468715,45075.7874606199,0.0518266409603769,0.185314496774366,0.237141137734743
"0105","University of Alabama at Birmingham",2157.59019037167,2569.18337958198,4726.77356995365,"Alabama","Dale W. Strong","Republican","AL","01",5696.0381025812,6782.64412209642,12478.6822246776,0.0299665304218287,0.0356831024941942,0.0656496329160229
"0105","Virginia Polytechnic Institute and State University",1489.52764119622,1426.44610438777,2915.97374558399,"Alabama","Dale W. Strong","Republican","AL","01",3932.35297275801,3765.81771558372,7698.17068834173,0.020687883905503,0.0198117514498302,0.0404996353553332
"0106","Auburn University",37179.5883254007,81240.2282498626,118419.816575263,"Alabama","Gary J. Palmer","Republican","AL","01",98154.1131790579,214474.202579637,312628.315758695,0.516383171186121,1.12833650347031,1.64471967465643
"0106","University of Alabama at Birmingham",45893.4033726425,54648.2690288528,100541.672401495,"Alabama","Gary J. Palmer","Republican","AL","01",121158.584903776,144271.430236171,265430.015139947,0.63740838017559,0.759003736511844,1.39641211668743
"0106","University of Alabama Tuscaloosa",19869.5368112706,71046.7270710338,90916.2638823045,"Alabama","Gary J. Palmer","Republican","AL","01",52455.5771817545,187563.359467529,240018.936649284,0.275965789045426,0.986760098208803,1.26272588725423
"0106","Alabama State University",0,24960.0546578309,24960.0546578309,"Alabama","Gary J. Palmer","Republican","AL","01",0,65894.5442966736,65894.5442966736,0,0.346667425803207,0.346667425803207
"0106","Samford University",18734.1484100564,0,18734.1484100564,"Alabama","Gary J. Palmer","Republican","AL","01",49458.151802549,0,49458.151802549,0.260196505695228,0,0.260196505695228
"0107","University of Alabama Tuscaloosa",184981.241581653,661430.203871583,846411.445453236,"Alabama","Terri A. Sewell","Democrat","AL","01",488350.477775563,1746175.73822098,2234526.21599654,2.56918391085629,9.18653060932754,11.7557145201838
"0107","University of Alabama at Birmingham",47618.3940260975,56702.3279213005,104320.721947398,"Alabama","Terri A. Sewell","Democrat","AL","01",125712.560228897,149694.145712233,275406.705941131,0.661366583695799,0.787532332240285,1.44889891593608
"0107","Auburn University",11669.5058247608,25498.7577718547,37168.2635966155,"Alabama","Terri A. Sewell","Democrat","AL","01",30807.4953773686,67316.7205176963,98124.2158950649,0.162076469788345,0.354149413497982,0.516225883286326
"0107","Samford University",12456.5653463358,0,12456.5653463358,"Alabama","Terri A. Sewell","Democrat","AL","01",32885.3325143264,0,32885.3325143264,0.173007852032441,0,0.173007852032441
"0107","University of Alabama in Huntsville",1740.72320881445,7989.70387217989,9730.42708099434,"Alabama","Terri A. Sewell","Democrat","AL","01",4595.50927127016,21092.8182225549,25688.3274938251,0.0241767112335341,0.110968109335832,0.135144820569366
"0200","University of Alaska Anchorage Campus",121552.489709878,0,121552.489709878,"Alaska","Nicholas J. Begich III","Republican","AK","02",320898.572834078,0,320898.572834078,1.68822902374831,0,1.68822902374831
"0200","Oregon State University",973.965740943184,4726.73727153165,5700.70301247483,"Alaska","Nicholas J. Begich III","Republican","AK","02",2571.26955609001,12478.5863968436,15049.8559529336,0.0135273019575442,0.0656491287712729,0.0791764307288171
"0200","University of California-San Diego",1004.3328098564,451.457861220757,1455.79067107716,"Alaska","Nicholas J. Begich III","Republican","AK","02",2651.4386180209,1191.8487536228,3843.2873716437,0.0139490668035611,0.00627024807251051,0.0202193148760716
"0200","University of New Mexico",183.04638250404,812.91305930039,995.95944180443,"Alaska","Nicholas J. Begich III","Republican","AK","02",483.242449810665,2146.09047655303,2629.33292636369,0.00254231086811166,0.0112904591569499,0.0138327700250615
"0200","University of Arizona",432.952266732875,308.180890826246,741.133157559122,"Alaska","Nicholas J. Begich III","Republican","AK","02",1142.99398417479,813.597551781291,1956.59153595608,0.00601322592684549,0.00428029015036453,0.01029351607721
"0401","Arizona State University",224673.242566798,985431.912271268,1210105.15483807,"Arizona","David Schweikert","Republican","AZ","04",593137.360376346,2601540.24839615,3194677.60877249,3.12046170231663,13.6865543371009,16.8070160394176
"0401","University of Arizona",21539.3752699606,15331.9993186058,36871.3745885663,"Arizona","David Schweikert","Republican","AZ","04",56863.9507126959,40476.4782011192,97340.4289138151,0.299157989860563,0.212944434980636,0.512102424841199
"0401","Northern Arizona University",0,11860.53473571,11860.53473571,"Arizona","David Schweikert","Republican","AZ","04",0,31311.8117022743,31311.8117022743,0,0.164729649107083,0.164729649107083
"0401","University of California-Los Angeles",1500.53291033959,605.18592940606,2105.71883974565,"Arizona","David Schweikert","Republican","AZ","04",3961.40688329651,1597.690853632,5559.09773692851,0.0208407348658276,0.00840536013063971,0.0292460949964673
"0401","Rutgers University New Brunswick",828.357067729017,958.411840917253,1786.76890864627,"Arizona","David Schweikert","Republican","AZ","04",2186.86265880461,2530.20726002155,4717.06991882615,0.0115049592740141,0.0133112755682952,0.0248162348423093
"0402","Northern Arizona University",0,332592.617413964,332592.617413964,"Arizona","Elijah Crane","Republican","AZ","04",0,878044.509972866,878044.509972866,0,4.61934190852728,4.61934190852728
"0402","Arizona State University",22706.3383445168,99591.523048692,122297.861393209,"Arizona","Elijah Crane","Republican","AZ","04",59944.7332295243,262921.620848547,322866.354078071,0.315365810340511,1.3832155978985,1.69858140823901
"0402","University of Arizona",17642.8048693647,12558.3713011695,30201.1761705342,"Arizona","Elijah Crane","Republican","AZ","04",46577.0048551227,33154.1002350876,79731.1050902103,0.245038956518954,0.174421823627355,0.419460780146308
"0402","University of New Mexico",594.90074313813,2641.96744272627,3236.8681858644,"Arizona","Elijah Crane","Republican","AZ","04",1570.53796188466,6974.79404879735,8545.33201068201,0.00826251032136291,0.036693992260087,0.04495650258145
"0402","Research Corporation for Science Advancement",2077.08954120356,0,2077.08954120356,"Arizona","Elijah Crane","Republican","AZ","04",5483.51638877741,0,5483.51638877741,0.0288484658500495,0,0.0288484658500495
"0403","Arizona State University",78476.2921731545,344202.2814139,422678.573587055,"Arizona","Yassamin Ansari","Democrat","AZ","04",207177.411337128,908694.022932697,1115871.43426982,1.08994850240492,4.78058724185972,5.87053574426465
"0403","University of Arizona",12122.6634685205,8629.0649431349,20751.7284116554,"Arizona","Yassamin Ansari","Democrat","AZ","04",32003.8315568942,22780.7314498761,54784.5630067703,0.168370325951674,0.119848124210207,0.288218450161881
"0403","Northern Arizona University",0,7630.55381598123,7630.55381598123,"Arizona","Yassamin Ansari","Democrat","AZ","04",0,20144.6620741904,20144.6620741904,0,0.10597991411085,0.10597991411085
"0403","Purdue University",1877.1043280715,2676.13545548725,4553.23978355875,"Arizona","Yassamin Ansari","Democrat","AZ","04",4955.55542610875,7064.99760248635,12020.5530285951,0.0260708934454374,0.0371685479928785,0.063239441438316
"0403","University of California-Los Angeles",2250.79936550938,907.778894109089,3158.57825961847,"Arizona","Yassamin Ansari","Democrat","AZ","04",5942.11032494477,2396.536280448,8338.64660539277,0.0312611022987414,0.0126080401959596,0.043869142494701
"0404","Arizona State University",185235.91807369,812457.161713013,997693.079786703,"Arizona","Greg Stanton","Democrat","AZ","04",489022.82371454,2144886.90692236,2633909.7306369,2.5727210843568,11.2841272460141,13.8568483303709
"0404","University of Arizona",18508.7094028304,13174.733082822,31683.4424856525,"Arizona","Greg Stanton","Democrat","AZ","04",48862.9928234723,34781.2953386502,83644.2881621225,0.257065408372645,0.182982403928084,0.440047812300729
"0404","Northern Arizona University",0,10284.6594911051,10284.6594911051,"Arizona","Greg Stanton","Democrat","AZ","04",0,27151.5010565176,27151.5010565176,0,0.142842492932016,0.142842492932016
"0404","Stanford University",1655.46685294759,2249.90059877337,3905.36745172096,"Arizona","Greg Stanton","Democrat","AZ","04",4370.43249178164,5939.73758076171,10310.1700725433,0.0229925951798276,0.031248619427408,0.0542412146072356
"0404","University of California-Los Angeles",1500.53291033959,605.18592940606,2105.71883974565,"Arizona","Greg Stanton","Democrat","AZ","04",3961.40688329651,1597.690853632,5559.09773692851,0.0208407348658276,0.00840536013063971,0.0292460949964673
"0405","Arizona State University",92418.7806303139,405354.971005202,497773.751635516,"Arizona","Andy Biggs","Republican","AZ","04",243985.580864029,1070137.12345373,1314122.70431776,1.28359417542103,5.62993015285003,6.91352432827106
"0405","University of Arizona",13096.8060686695,9322.47194749395,22419.2780161634,"Arizona","Andy Biggs","Republican","AZ","04",34575.5680212874,24611.325941384,59186.8939626715,0.181900084287076,0.129478777048527,0.311378861335603
"0405","Northern Arizona University",0,10284.6594911051,10284.6594911051,"Arizona","Andy Biggs","Republican","AZ","04",0,27151.5010565176,27151.5010565176,0,0.142842492932016,0.142842492932016
"0405","Duke University",1539.29699893185,314.392553845387,1853.68955277724,"Arizona","Andy Biggs","Republican","AZ","04",4063.7440771801,829.996342151822,4893.74041933192,0.0213791249851646,0.0043665632478526,0.0257456882330172
"0405","University of California-Los Angeles",750.266455169794,302.59296470303,1052.85941987282,"Arizona","Andy Biggs","Republican","AZ","04",1980.70344164826,798.845426815999,2779.54886846426,0.0104203674329138,0.00420268006531986,0.0146230474982337
"0406","University of Arizona",724220.904177417,515509.585129604,1239730.48930702,"Arizona","Juan Ciscomani","Republican","AZ","04",1911943.18702838,1360945.30474215,3272888.49177054,10.0586236691308,7.15985534902227,17.2184790181531
"0406","Arizona State University",19121.1270269615,83866.5457252143,102987.672752176,"Arizona","Juan Ciscomani","Republican","AZ","04",50479.7753511784,221407.680714566,271887.456065744,0.265571208707799,1.16481313507242,1.43038434378022
"0406","Research Corporation for Science Advancement",65396.8494942576,0,65396.8494942576,"Arizona","Juan Ciscomani","Republican","AZ","04",172647.68266484,0,172647.68266484,0.908289576309134,0,0.908289576309134
"0406","University of California-Los Angeles",5251.86518618856,2118.15075292121,7370.01593910977,"Arizona","Juan Ciscomani","Republican","AZ","04",13864.9240915378,5591.91798771199,19456.8420792498,0.0729425720303967,0.029418760457239,0.102361332487636
"0406","Northern Arizona University",0,7215.84980424312,7215.84980424312,"Arizona","Juan Ciscomani","Republican","AZ","04",0,19049.8434832018,19049.8434832018,0,0.100220136170043,0.100220136170043
"0407","University of Arizona",488586.63300805,347782.135297419,836368.768305469,"Arizona","Adelita S. Grijalva","Democrat","AZ","04",1289868.71114125,918144.837185186,2208013.54832644,6.78592545844514,4.83030743468638,11.6162328931315
"0407","Arizona State University",24299.7655967636,106580.401859126,130880.16745589,"Arizona","Adelita S. Grijalva","Democrat","AZ","04",64151.3811754559,281372.260908094,345523.64208355,0.337496744399494,1.48028335915453,1.81778010355403
"0407","Research Corporation for Science Advancement",31722.8220838362,0,31722.8220838362,"Arizona","Adelita S. Grijalva","Democrat","AZ","04",83748.2503013277,0,83748.2503013277,0.440594751164392,0,0.440594751164392
"0407","Northern Arizona University",0,6054.67857137641,6054.67857137641,"Arizona","Adelita S. Grijalva","Democrat","AZ","04",0,15984.3514284337,15984.3514284337,0,0.0840927579357835,0.0840927579357835
"0407","University of California-Berkeley",944.747463813302,442.497162148456,1387.24462596176,"Arizona","Adelita S. Grijalva","Democrat","AZ","04",2494.13330446712,1168.19250807192,3662.32581253904,0.0131214925529625,0.00614579391872855,0.0192672864716911
"0408","Arizona State University",74094.3672294758,324982.864685205,399077.231914681,"Arizona","Abraham J. Hamadeh","Republican","AZ","04",195609.129485816,857954.762768942,1053563.89225476,1.02908843374272,4.51365089840563,5.54273933214835
"0408","University of Arizona",14179.1867355017,10092.9241745596,24272.1109100612,"Arizona","Abraham J. Hamadeh","Republican","AZ","04",37433.0529817244,26645.3198208373,64078.3728025617,0.19693314910419,0.140179502424438,0.337112651528628
"0408","Northern Arizona University",0,12524.0611544909,12524.0611544909,"Arizona","Abraham J. Hamadeh","Republican","AZ","04",0,33063.5214478561,33063.5214478561,0,0.173945293812374,0.173945293812374
"0408","University of California-Los Angeles",2250.79936550938,907.778894109089,3158.57825961847,"Arizona","Abraham J. Hamadeh","Republican","AZ","04",5942.11032494477,2396.536280448,8338.64660539277,0.0312611022987414,0.0126080401959596,0.043869142494701
"0408","University of California-Santa Barbara",644.397679900113,494.71919424366,1139.11687414377,"Arizona","Abraham J. Hamadeh","Republican","AZ","04",1701.2098749363,1306.05867280326,3007.26854773956,0.00894996777639046,0.00687109992005084,0.0158210676964413
"0409","Arizona State University",29876.7609796274,131041.477695647,160918.238675275,"Arizona","Paul A. Gosar","Republican","AZ","04",78874.6489862162,345949.501116509,424824.150102725,0.414955013605935,1.82002052355066,2.23497553715659
"0409","University of Arizona",10066.1402015394,7165.20571171023,17231.3459132496,"Arizona","Paul A. Gosar","Republican","AZ","04",26574.6101320639,18916.143078915,45490.7532109789,0.139807502799158,0.0995167459959754,0.239324248795133
"0409","Northern Arizona University",0,13602.29158501,13602.29158501,"Arizona","Paul A. Gosar","Republican","AZ","04",0,35910.0497844264,35910.0497844264,0,0.188920716458472,0.188920716458472
"0409","Purdue University",938.552164035748,1338.06772774363,2276.61989177937,"Arizona","Paul A. Gosar","Republican","AZ","04",2477.77771305437,3532.49880124317,6010.27651429755,0.0130354467227187,0.0185842739964392,0.031619720719158
"0409","University of California-Los Angeles",750.266455169794,302.59296470303,1052.85941987282,"Arizona","Paul A. Gosar","Republican","AZ","04",1980.70344164826,798.845426815999,2779.54886846426,0.0104203674329138,0.00420268006531986,0.0146230474982337
"0501","Arkansas State University Main Campus",85217.9951538676,52337.6453184561,137555.640472324,"Arkansas","Eric A. “Rick” Crawford","Republican","AR","05",224975.50720621,138171.383640724,363146.890846934,1.18358326602594,0.726911740534113,1.91049500656005
"0501","University of Arkansas",8351.85898673662,16078.8184777039,24430.6774644405,"Arkansas","Eric A. “Rick” Crawford","Republican","AR","05",22048.9077249847,42448.0807811383,64496.9885061229,0.115998041482453,0.223316923301443,0.339314964783896
"0501","University of Memphis",2884.84208478262,1164.11507464417,4048.95715942679,"Arkansas","Eric A. “Rick” Crawford","Republican","AR","05",7615.98310382612,3073.26379706062,10689.2469008867,0.0400672511775364,0.0161682649256135,0.0562355161031499
"0501","Vanderbilt University",668.578787648674,2714.29523382739,3382.87402147607,"Arkansas","Eric A. “Rick” Crawford","Republican","AR","05",1765.0479993925,7165.73941730432,8930.78741669682,0.00928581649512048,0.0376985449142693,0.0469843614093898
"0501","University of Arkansas at Pine Bluff",3306.66741886873,0,3306.66741886873,"Arkansas","Eric A. “Rick” Crawford","Republican","AR","05",8729.60198581345,0,8729.60198581345,0.0459259363731768,0,0.0459259363731768
"0502","University of Arkansas",5369.05220575926,10336.3833070954,15705.4355128546,"Arkansas","J. French Hill","Republican","AR","05",14174.2978232044,27288.0519307317,41462.3497539362,0.0745701695244341,0.143560879265213,0.218131048789647
"0502","Arkansas State University Main Campus",5621.48427618844,3452.50143093839,9073.98570712682,"Arkansas","J. French Hill","Republican","AR","05",14840.7184891375,9114.60377767734,23955.3222668148,0.0780761705026172,0.0479514087630332,0.12602757926565
"0502","Indiana University",7260.22264495045,1375.12559224314,8635.34823719359,"Arkansas","J. French Hill","Republican","AR","05",19166.9877826692,3630.33156352189,22797.3193461911,0.100836425624312,0.0190989665589325,0.119935392183244
"0502","University of Arkansas at Pine Bluff",4087.91301783222,0,4087.91301783222,"Arkansas","J. French Hill","Republican","AR","05",10792.0903670771,0,10792.0903670771,0.0567765696921142,0,0.0567765696921142
"0502","University of Mississippi",728.799446920728,523.388704646651,1252.18815156738,"Arkansas","J. French Hill","Republican","AR","05",1924.03053987072,1381.74618026716,3305.77672013788,0.0101222145405657,0.00726928756453682,0.0173915021051025
"0503","University of Arkansas",346801.001734968,667653.795836085,1014454.79757105,"Arkansas","Steve Womack","Republican","AR","05",915554.644580316,1762606.02100726,2678160.66558758,4.81668057965234,9.27296938661229,14.0896499662646
"0503","Arkansas State University Main Campus",2501.86937566628,1536.5528346484,4038.42221031468,"Arkansas","Steve Womack","Republican","AR","05",6604.93515175898,4056.49948347178,10661.4346352308,0.0347481857731428,0.0213410115923389,0.0560891973654817
"0503","Oklahoma State University",430.941136348589,968.875717228853,1399.81685357744,"Arkansas","Steve Womack","Republican","AR","05",1137.68459996028,2557.83189348417,3695.51649344445,0.00598529356039707,0.0134566071837341,0.0194419007441311
"0503","Missouri University of Science and Technology",367.104221534481,408.529309076216,775.633530610696,"Arkansas","Steve Womack","Republican","AR","05",969.155144851029,1078.51737596121,2047.67252081224,0.00509866974353445,0.0056740181816141,0.0107726879251486
"0503","Louisiana State University",414.199049818312,316.846459072547,731.045508890859,"Arkansas","Steve Womack","Republican","AR","05",1093.48549152034,836.474651951525,1929.96014347187,0.00575276458080989,0.00440064526489649,0.0101534098457064
"0504","University of Arkansas at Pine Bluff",35719.2755247029,0,35719.2755247029,"Arkansas","Bruce Westerman","Republican","AR","05",94298.8873852156,0,94298.8873852156,0.496101048954207,0,0.496101048954207
"0504","University of Arkansas",4772.49084956378,9187.89627297365,13960.3871225374,"Arkansas","Bruce Westerman","Republican","AR","05",12599.3758428484,24256.0461606504,36855.4220034988,0.0662845951328303,0.127609670457967,0.193894265590798
"0504","Arkansas State University Main Campus",2316.54571820952,1422.73410615593,3739.27982436545,"Arkansas","Bruce Westerman","Republican","AR","05",6115.68069607313,3756.01804025165,9871.69873632479,0.0321742460862433,0.0197601959188323,0.0519344420050757
"0504","Texas A&M University",945.089429593891,86.2969674637203,1031.38639705761,"Arkansas","Bruce Westerman","Republican","AR","05",2495.03609412787,227.823994104222,2722.86008823209,0.0131262420776929,0.00119856899255167,0.0143248110702446
"0504","Mississippi State University",468.037641976599,51.3156758071526,519.353317783752,"Arkansas","Bruce Westerman","Republican","AR","05",1235.61937481822,135.473384130883,1371.09275894911,0.00650052280523055,0.000712717719543786,0.00721324052477433
"0601","University of California-Davis",29603.1969531784,56463.7671952625,86066.9641484409,"California","Vacant","Republican","CA","06",78152.4399563911,149064.345395493,227216.785351884,0.41115551323859,0.78421898882309,1.19537450206168
"0601","University of California-Berkeley",9447.47463813302,4424.97162148456,13872.4462596176,"California","Vacant","Republican","CA","06",24941.3330446712,11681.9250807192,36623.2581253904,0.131214925529625,0.0614579391872855,0.192672864716911
"0601","Stanford University",4966.40055884277,6749.70179632012,11716.1023551629,"California","Vacant","Republican","CA","06",13111.2974753449,17819.2127422851,30930.51021763,0.0689777855394829,0.093745858282224,0.162723643821707
"0601","Oregon State University",973.965740943184,4726.73727153165,5700.70301247483,"California","Vacant","Republican","CA","06",2571.26955609001,12478.5863968436,15049.8559529336,0.0135273019575442,0.0656491287712729,0.0791764307288171
"0601","University of California-Los Angeles",3751.33227584897,1512.96482351515,5264.29709936412,"California","Vacant","Republican","CA","06",9903.51720824129,3994.22713407999,13897.7443423213,0.0521018371645691,0.0210134003265993,0.0731152374911683
"0602","University of California-Berkeley",119038.180440476,55754.6424307054,174792.822871181,"California","Jared Huffman","Democrat","CA","06",314260.796362857,147192.256017062,461453.052379919,1.65330806167328,0.774370033759797,2.42767809543308
"0602","University of California-Davis",20440.302658147,38986.8868729193,59427.1895310664,"California","Jared Huffman","Democrat","CA","06",53962.3990175081,102925.381344507,156887.780362015,0.283893092474264,0.541484539901658,0.825377632375922
"0602","Stanford University",24832.0027942138,33748.5089816006,58580.5117758145,"California","Jared Huffman","Democrat","CA","06",65556.4873767246,89096.0637114257,154652.55108815,0.344888927697415,0.46872929141112,0.813618219108534
"0602","University of California-Los Angeles",11253.9968275469,4538.89447054545,15792.8912980924,"California","Jared Huffman","Democrat","CA","06",29710.5516247239,11982.68140224,41693.2330269638,0.156305511493707,0.0630402009797979,0.219345712473505
"0602","San Francisco State University",3612.48171542524,1361.94370389564,4974.42541932088,"California","Jared Huffman","Democrat","CA","06",9536.95172872264,3595.53137828449,13132.4831070071,0.0501733571586839,0.0189158847763284,0.0690892419350123
"0603","University of California-Davis",74007.9923829461,141159.417988156,215167.410371102,"California","Kevin Kiley","Republican","CA","06",195381.099890978,372660.863488732,568041.96337971,1.02788878309647,1.96054747205773,2.9884362551542
"0603","University of California-Berkeley",18422.5755443594,8628.69466189489,27051.2702062543,"California","Kevin Kiley","Republican","CA","06",48635.5994371088,22779.7539074025,71415.3533445113,0.255869104782769,0.119842981415207,0.375712086197976
"0603","Board of Regents, NSHE, obo University of Nevada, Reno",9737.90871916293,10631.7781694521,20369.686888615,"California","Kevin Kiley","Republican","CA","06",25708.0790185901,28067.8943673535,53775.9733859436,0.135248732210596,0.147663585686834,0.282912317897431
"0603","Stanford University",6621.86741179036,8999.6023950935,15621.4698068839,"California","Kevin Kiley","Republican","CA","06",17481.7299671266,23758.9503230468,41240.6802901734,0.0919703807193105,0.124994477709632,0.216964858428942
"0603","University of California - Merced",4086.08449342498,6503.03910206636,10589.1235954913,"California","Kevin Kiley","Republican","CA","06",10787.263062642,17168.0232294552,27955.2862920971,0.0567511735197914,0.0903199875286995,0.147071161048491
"0604","University of California-Davis",451801.172547319,861744.637432459,1313545.80997978,"California","Mike Thompson","Democrat","CA","06",1192755.09552492,2275005.84282169,3467760.93834661,6.27501628537943,11.9686755198953,18.2436918052747
"0604","University of California-Berkeley",57157.2215607048,26771.0783099816,83928.2998706863,"California","Mike Thompson","Democrat","CA","06",150895.064920261,70675.6467383513,221570.711658612,0.793850299454233,0.371820532083077,1.16567083153731
"0604","Stanford University",9932.80111768554,13499.4035926402,23432.2047103258,"California","Mike Thompson","Democrat","CA","06",26222.5949506898,35638.4254845703,61861.0204352601,0.137955571078966,0.187491716564448,0.325447287643414
"0604","University of California - Merced",4358.49012631998,6936.57504220412,11295.0651685241,"California","Mike Thompson","Democrat","CA","06",11506.4139334848,18312.5581114189,29818.9720449036,0.0605345850877775,0.0963413200306128,0.15687590511839
"0604","University of California-Los Angeles",6002.13164135836,2420.74371762424,8422.87535898259,"California","Mike Thompson","Democrat","CA","06",15845.6275331861,6390.76341452799,22236.390947714,0.0833629394633105,0.0336214405225589,0.116984379985869
"0605","University of California - Merced",52574.2871487348,83672.4364465872,136246.723595322,"California","Tom McClintock","Republican","CA","06",138796.11807266,220895.23221899,359691.35029165,0.730198432621316,1.16211717286927,1.89231560549058
"0605","University of California-Davis",27488.6828850943,52430.6409670295,79919.3238521237,"California","Tom McClintock","Republican","CA","06",72570.1228166489,138416.892152958,210987.014969607,0.381787262292976,0.728203346764298,1.10999060905727
"0605","Stanford University",11588.2679706331,15749.3041914136,27337.5721620467,"California","Tom McClintock","Republican","CA","06",30593.0274424715,41578.163065332,72171.1905078034,0.160948166258793,0.218740335991856,0.379688502250649
"0605","University of California-Berkeley",16060.7068848261,7522.45175652375,23583.1586413499,"California","Tom McClintock","Republican","CA","06",42400.266175941,19859.2726372227,62259.5388131637,0.223065373400363,0.104478496618385,0.327543870018748
"0605","University of the Pacific",7685.27904795152,1124.32163077224,8809.60067872376,"California","Tom McClintock","Republican","CA","06",20289.136686592,2968.20910523871,23257.3457918307,0.106739986777105,0.01561557820517,0.122355564982274
"0606","University of California-Davis",124756.330016966,237954.447465749,362710.777482715,"California","Ami Bera","Democrat","CA","06",329356.711244791,628199.741309578,957556.452554369,1.7327268057912,3.30492288146874,5.03764968725994
"0606","Stanford University",18210.1353824235,24748.9065865071,42959.0419689306,"California","Ami Bera","Democrat","CA","06",48074.757409598,65337.1133883788,113411.870797977,0.252918546978104,0.343734813701488,0.596653360679592
"0606","University Enterprises, Incorporated",26328.5090136151,0,26328.5090136151,"California","Ami Bera","Democrat","CA","06",69507.263795944,0,69507.263795944,0.36567373630021,0,0.36567373630021
"0606","University of California-Berkeley",14171.2119571995,6637.45743222684,20808.6693894264,"California","Ami Bera","Democrat","CA","06",37411.9995670068,17522.8876210788,54934.8871880856,0.196822388294438,0.0921869087809283,0.289009297075366
"0606","University of California - Merced",5448.11265789998,8670.71880275515,14118.8314606551,"California","Ami Bera","Democrat","CA","06",14383.0174168559,22890.6976392736,37273.7150561295,0.0756682313597219,0.120426650038266,0.196094881397988
"0607","University of California-Davis",174094.991605597,332060.72612452,506155.717730117,"California","Doris O. Matsui","Democrat","CA","06",459610.777838776,876640.316968733,1336251.09480751,2.41798599452218,4.61195452950722,7.0299405240294
"0607","University of California-Berkeley",22673.9391315192,10619.9318915629,33293.8710230822,"California","Doris O. Matsui","Democrat","CA","06",59859.1993072108,28036.6201937262,87895.819500937,0.314915821271101,0.147499054049485,0.462414875320586
"0607","University Enterprises, Incorporated",32610.2387782732,0,32610.2387782732,"California","Doris O. Matsui","Democrat","CA","06",86091.0303746412,0,86091.0303746412,0.452919983031572,0,0.452919983031572
"0607","University of California - Merced",5175.70702500498,8237.18286261739,13412.8898876224,"California","Doris O. Matsui","Democrat","CA","06",13663.8665460131,21746.1627573099,35410.0293033231,0.0718848197917358,0.114405317536353,0.186290137328088
"0607","University of the Pacific",8992.29929420178,1315.5327924682,10307.83208667,"California","Doris O. Matsui","Democrat","CA","06",23739.6701366927,3473.00657211604,27212.6767088087,0.124893045752803,0.0182712887842805,0.143164334537083
"0608","University of California-Berkeley",1025523.37196934,480330.669512149,1505854.04148149,"California","John Garamendi","Democrat","CA","06",2707381.70199906,1268072.96751207,3975454.66951113,14.2433801662408,6.67125929877984,20.9146394650207
"0608","University of California-Davis",53567.6897247991,102172.531115237,155740.220840036,"California","John Garamendi","Democrat","CA","06",141418.70087347,269735.482144225,411154.183017695,0.74399569062221,1.41906293215607,2.16305862277828
"0608","Stanford University",43042.1381766373,58497.4155681077,101539.553744745,"California","John Garamendi","Democrat","CA","06",113631.244786323,154433.177099804,268064.421886127,0.597807474675519,0.812464105112607,1.41027157978813
"0608","University of California-Los Angeles",14255.0626482261,5749.26632935757,20004.3289775837,"California","John Garamendi","Democrat","CA","06",37633.3653913169,15178.063109504,52811.4285008209,0.197986981225362,0.0798509212410773,0.27783790246644
"0608","University of the Pacific",7005.62851990139,1024.89182669034,8030.52034659173,"California","John Garamendi","Democrat","CA","06",18494.8592925397,2705.7144224625,21200.5737150022,0.0973003961097415,0.0142346087040325,0.111535004813774
"0609","University of the Pacific",113867.603853323,16658.3164069519,130525.920260274,"California","Josh Harder","Democrat","CA","06",300610.474172772,43977.9553143531,344588.429487125,1.58149449796281,0.23136550565211,1.81286000361492
"0609","Stanford University",29798.4033530566,40498.2107779207,70296.6141309774,"California","Josh Harder","Democrat","CA","06",78667.7848520695,106915.276453711,185583.06130578,0.413866713236897,0.562475149693344,0.976341862930241
"0609","University of California-Davis",19735.4646354523,37642.5114635083,57377.9760989606,"California","Josh Harder","Democrat","CA","06",52101.6266375941,99376.230263662,151477.856901256,0.274103675492393,0.522812659215393,0.796916334707787
"0609","University of California-Berkeley",21729.191667706,10177.4347294145,31906.6263971204,"California","Josh Harder","Democrat","CA","06",57365.0660027437,26868.4276856542,84233.4936883979,0.301794328718138,0.141353260130757,0.443147588848895
"0609","University of California - Merced",7082.54645526997,11271.9344435817,18354.4808988517,"California","Josh Harder","Democrat","CA","06",18697.9226419127,29757.9069310557,48455.8295729684,0.0983687007676385,0.156554645049746,0.254923345817384
"0610","University of California-Berkeley",591884.286079034,277224.472086007,869108.758165041,"California","Mark DeSaulnier","Democrat","CA","06",1562574.51524865,731872.60630706,2294447.12155571,8.22061508443102,3.85033989008344,12.0709549745145
"0610","University of California-Davis",27488.6828850943,52430.6409670295,79919.3238521237,"California","Mark DeSaulnier","Democrat","CA","06",72570.1228166489,138416.892152958,210987.014969607,0.381787262292976,0.728203346764298,1.10999060905727
"0610","Stanford University",21521.0690883187,29248.7077840539,50769.7768723725,"California","Mark DeSaulnier","Democrat","CA","06",56815.6223931613,77216.5885499022,134032.210943063,0.298903737337759,0.406232052556304,0.705135789894063
"0610","Saint Mary's College of California",11008.9693194723,0,11008.9693194723,"California","Mark DeSaulnier","Democrat","CA","06",29063.6790034068,0,29063.6790034068,0.152902351659337,0,0.152902351659337
"0610","University of California-Los Angeles",6752.39809652815,2723.33668232727,9475.73477885542,"California","Mark DeSaulnier","Democrat","CA","06",17826.3309748343,7189.60884134399,25015.9398161783,0.0937833068962243,0.0378241205878787,0.131607427484103
"0611","University of California-Berkeley",368451.510887188,172573.893237898,541025.404125085,"California","Nancy Pelosi","Democrat","CA","06",972711.988742176,455595.07814805,1428307.06689023,5.11738209565539,2.39685962830413,7.51424172395952
"0611","Stanford University",56285.873000218,76496.6203582947,132782.493358513,"California","Nancy Pelosi","Democrat","CA","06",148594.704720576,201951.077745898,350545.782466474,0.78174823611414,1.06245306053187,1.84420129664601
"0611","San Francisco State University",28152.7965981157,10613.9012164785,38766.6978145942,"California","Nancy Pelosi","Democrat","CA","06",74323.3830190254,28020.6992115032,102344.082230529,0.391011063862718,0.147415294673312,0.53842635853603
"0611","University of California-Davis",11277.4083631156,21510.0065505762,32787.4149136918,"California","Nancy Pelosi","Democrat","CA","06",29772.3580786252,56786.4172935211,86558.7753721463,0.156630671709939,0.298750090980225,0.455380762690164
"0611","University of California-Los Angeles",23258.2601102636,9380.38190579392,32638.6420160576,"California","Nancy Pelosi","Democrat","CA","06",61401.806691096,24764.208231296,86166.0149223919,0.323031390420328,0.130283082024916,0.453314472445244
"0612","University of California-Berkeley",3021774.76300685,1415327.17313184,4437101.93613868,"California","Lateefah Simon","Democrat","CA","06",7977485.37433807,3736463.73706804,11713949.1114061,41.9690939306506,19.6573218490533,61.6264157797039
"0612","Stanford University",46353.0718825325,62997.2167656545,109350.288648187,"California","Lateefah Simon","Democrat","CA","06",122372.109769886,166312.652261328,288684.762031214,0.643792665035174,0.874961343967423,1.5187540090026
"0612","University of California-Davis",12687.084408505,24198.7573693982,36885.8417779033,"California","Lateefah Simon","Democrat","CA","06",33493.9028384533,63884.7194552113,97378.6222936646,0.176209505673681,0.336093852352753,0.512303358026434
"0612","University of California - Merced",9806.60278421996,15607.2938449593,25413.8966291792,"California","Lateefah Simon","Democrat","CA","06",25889.4313503407,41203.2557506925,67092.6871010332,0.136202816447499,0.216767970068879,0.352970786516378
"0612","Franklin, Emily Barnes",22763.7329443724,0,22763.7329443724,"California","Lateefah Simon","Democrat","CA","06",60096.254973143,0,60096.254973143,0.316162957560727,0,0.316162957560727
"0612","Perea, Melecio",22763.7329443724,0,22763.7329443724,"California","Lateefah Simon","Democrat","CA","06",60096.254973143,0,60096.254973143,0.316162957560727,0,0.316162957560727
"0613","University of California - Merced",320893.835550309,510705.337482278,831599.173032587,"California","Adam Gray","Democrat","CA","06",847159.725852815,1348262.09095321,2195421.81680603,4.45685882708762,7.09312968725387,11.5499885143415
"0613","Stanford University",14899.2016765283,20249.1053889604,35148.3070654887,"California","Adam Gray","Democrat","CA","06",39333.8924260347,53457.6382268554,92791.5306528901,0.206933356618449,0.281237574846672,0.48817093146512
"0613","University of California-Davis",10572.5703404209,20165.6311411652,30738.201481586,"California","Adam Gray","Democrat","CA","06",27911.5856987111,53237.2662126761,81148.8519113872,0.146841254728068,0.280078210293961,0.426919465022028
"0613","University of California-Berkeley",9447.47463813302,4424.97162148456,13872.4462596176,"California","Adam Gray","Democrat","CA","06",24941.3330446712,11681.9250807192,36623.2581253904,0.131214925529625,0.0614579391872855,0.192672864716911
"0613","University of the Pacific",5594.04665395111,818.383772058704,6412.43042600981,"California","Adam Gray","Democrat","CA","06",14768.2831664309,2160.53315823498,16928.8163246659,0.0776950924159876,0.0113664412785931,0.0890615336945807
"0614","University of California-Berkeley",240438.229540485,112615.527766782,353053.757307267,"California","Eric Swalwell","Democrat","CA","06",634756.925986881,297304.993304304,932061.919291186,3.33941985472896,1.56410455231642,4.90352440704538
"0614","Stanford University",109260.812294541,148493.439519043,257754.251813584,"California","Eric Swalwell","Democrat","CA","06",288448.544457588,392022.680330273,680471.224787861,1.51751128186862,2.06240888220893,3.57992016407755
"0614","University of California-Davis",16916.1125446734,32265.0098258643,49181.1223705377,"California","Eric Swalwell","Democrat","CA","06",44658.5371179378,85179.6259402817,129838.163058219,0.234946007564908,0.448125136470337,0.683071144035246
"0614","Santa Clara University",7392.12489497592,15972.9144538044,23365.0393487803,"California","Eric Swalwell","Democrat","CA","06",19515.2097227364,42168.4941580437,61683.7038807801,0.10266840131911,0.221846034080617,0.324514435399727
"0614","University of California-Irvine",8229.23023466554,9966.16489465404,18195.3951293196,"California","Eric Swalwell","Democrat","CA","06",21725.167819517,26310.6753218867,48035.8431414037,0.114294864370355,0.138418956870195,0.25271382124055
"0615","Stanford University",293017.632971723,398232.405982887,691250.038954611,"California","Kevin Mullin","Democrat","CA","06",773566.55104535,1051333.55179482,1824900.10284017,4.06968934682949,5.53100563865121,9.6006949854807
"0615","University of California-Berkeley",113842.069389503,53320.9080388889,167162.977428392,"California","Kevin Mullin","Democrat","CA","06",300543.063188288,140767.197222667,441310.260410954,1.58113985263198,0.74056816720679,2.32170801983878
"0615","University of California-Davis",14096.7604538945,26887.5081882202,40984.2686421147,"California","Kevin Mullin","Democrat","CA","06",37215.4475982815,70983.0216169014,108198.469215183,0.195788339637424,0.373437613725281,0.569225953362705
"0615","San Francisco State University",18400.1193323926,6937.03903570641,25337.158368099,"California","Kevin Mullin","Democrat","CA","06",48576.3150375164,18313.7830542649,66890.0980917814,0.255557212949897,0.0963477643848113,0.351904977334708
"0615","Santa Clara University",6248.10556599155,13500.9157883347,19749.0213543262,"California","Kevin Mullin","Democrat","CA","06",16494.9986942177,35642.4176812036,52137.4163754213,0.0867792439721049,0.187512719282426,0.274291963254531
"0616","Stanford University",337715.238001308,458979.722149768,796694.960151077,"California","Sam T. Liccardo","Democrat","CA","06",891568.228323454,1211706.46647539,2103274.69479884,4.69048941668484,6.37471836319123,11.0652077798761
"0616","Santa Clara University",33176.5605405467,71687.9612986222,104864.521839169,"California","Sam T. Liccardo","Democrat","CA","06",87586.1198270433,189256.217828363,276842.337655406,0.460785563063148,0.995666129147531,1.45645169221068
"0616","University of California-Berkeley",60463.8376840513,28319.8183775012,88783.6560615525,"California","Sam T. Liccardo","Democrat","CA","06",159624.531485896,74764.3205166031,234388.852002499,0.839775523389602,0.393330810798627,1.23310633418823
"0616","San Jose State University Foundation",33026.589959504,21524.6509595097,54551.2409190137,"California","Sam T. Liccardo","Democrat","CA","06",87190.1974930906,56825.0785331056,144015.276026196,0.458702638326445,0.298953485548746,0.757656123875191
"0616","University of California-Santa Cruz",19814.4530587758,17776.0026814272,37590.455740203,"California","Sam T. Liccardo","Democrat","CA","06",52310.1560751681,46928.6470789678,99238.8031541359,0.275200736927442,0.246888926130933,0.522089663058375
"0617","Stanford University",213555.224030239,290237.177241765,503792.401272004,"California","Ro Khanna","Democrat","CA","06",563785.791439831,766226.14791826,1330011.93935809,2.96604477819777,4.03107190613563,6.99711668433339
"0617","Santa Clara University",34349.9136984794,74223.3445452579,108573.258243737,"California","Ro Khanna","Democrat","CA","06",90683.7721639855,195949.629599481,286633.401763466,0.477082134701102,1.0308797853508,1.50796192005191
"0617","University of California-Berkeley",71800.807249811,33629.7843232826,105430.591573094,"California","Ro Khanna","Democrat","CA","06",189554.131139501,88782.6306134661,278336.761752967,0.997233434025152,0.46708033782337,1.46431377184852
"0617","San Jose State University Foundation",26485.7999408811,17261.7760359123,43747.5759767934,"California","Ro Khanna","Democrat","CA","06",69922.5118439261,45571.0887348085,115493.600578735,0.367858332512238,0.239746889387671,0.607605221899909
"0617","University of California-Davis",14801.5984765892,28231.8835976312,43033.4820742205,"California","Ro Khanna","Democrat","CA","06",39076.2199781956,74532.1726977465,113608.392675942,0.205577756619295,0.392109494411545,0.59768725103084
"0618","Stanford University",81117.8757944319,110245.129339895,191363.005134327,"California","Zoe Lofgren","Democrat","CA","06",214151.1920973,291047.141457324,505198.333554624,1.12663716381155,1.53118235194299,2.65781951575455
"0618","University of California-Santa Cruz",56158.0612598464,50380.6915375165,106538.752797363,"California","Zoe Lofgren","Democrat","CA","06",148257.281725995,133005.025659043,281262.307385038,0.779973073053423,0.699731826909951,1.47970489996337
"0618","San Jose State University Foundation",36634.2902836772,23875.9227783549,60510.2130620321,"California","Zoe Lofgren","Democrat","CA","06",96714.5263489078,63032.436134857,159746.962483765,0.508809587273294,0.331610038588263,0.840419625861557
"0618","Santa Clara University",16544.2795268509,35748.9037775623,52293.1833044132,"California","Zoe Lofgren","Democrat","CA","06",43676.8979508863,94377.1059727644,138054.003923651,0.229781660095151,0.496512552466143,0.726294212561294
"0618","University of California-Berkeley",14171.2119571995,6637.45743222684,20808.6693894264,"California","Zoe Lofgren","Democrat","CA","06",37411.9995670068,17522.8876210788,54934.8871880856,0.196822388294438,0.0921869087809283,0.289009297075366
"0619","University of California-Santa Cruz",371135.999002459,332954.661623623,704090.660626082,"California","Jimmy Panetta","Democrat","CA","06",979799.037366491,879000.306686366,1858799.34405286,5.15466665281193,4.6243703003281,9.77903695314003
"0619","Stanford University",56285.873000218,76496.6203582947,132782.493358513,"California","Jimmy Panetta","Democrat","CA","06",148594.704720576,201951.077745898,350545.782466474,0.78174823611414,1.06245306053187,1.84420129664601
"0619","Santa Clara University",17717.6326847836,38284.2870241979,56001.9197089815,"California","Jimmy Panetta","Democrat","CA","06",46774.5502878286,101070.517743882,147845.068031711,0.246078231733105,0.531726208669415,0.77780444040252
"0619","San Jose State University Foundation",30709.4491008887,20014.4845067555,50723.9336076442,"California","Jimmy Panetta","Democrat","CA","06",81072.9456263463,52838.2390978345,133911.184724181,0.426520126401232,0.277978951482715,0.704499077883947
"0619","California Polytechnic State University Foundation",22292.3323356024,19583.0858836291,41875.4182192315,"California","Jimmy Panetta","Democrat","CA","06",58851.7573659902,51699.3467327809,110551.104098771,0.309615726883366,0.271987303939293,0.581603030822659
"0620","University of California-Los Angeles",15755.5955585657,6354.45225876362,22110.0478173293,"California","Vince Fong","Republican","CA","06",41594.7722746134,16775.753963136,58370.5262377494,0.21882771609119,0.088256281371717,0.307083997462907
"0620","University of California-Davis",3524.19011347362,6721.87704705506,10246.0671605287,"California","Vince Fong","Republican","CA","06",9303.86189957037,17745.7554042254,27049.6173037957,0.0489470849093559,0.0933594034313203,0.142306488340676
"0620","California Polytechnic State University Foundation",4507.86775761488,3960.01459696655,8467.88235458143,"California","Vince Fong","Republican","CA","06",11900.7708801033,10454.4385359917,22355.209416095,0.0626092744113178,0.0550002027356466,0.117609477146964
"0620","University of California - Merced",2724.05632894999,4335.35940137757,7059.41573032756,"California","Vince Fong","Republican","CA","06",7191.50870842797,11445.3488196368,18636.8575280648,0.0378341156798609,0.060213325019133,0.0980474406989939
"0620","University of California-Berkeley",4723.73731906651,2212.48581074228,6936.22312980879,"California","Vince Fong","Republican","CA","06",12470.6665223356,5840.96254035961,18311.6290626952,0.0656074627648126,0.0307289695936428,0.0963364323584554
"0621","University of California - Merced",10623.819682905,16907.9016653725,27531.7213482775,"California","Jim Costa","Democrat","CA","06",28046.8839628691,44636.8603965835,72683.7443594526,0.147553051151458,0.234831967574619,0.382385018726076
"0621","University of California-Davis",5638.7041815578,10755.0032752881,16393.7074568459,"California","Jim Costa","Democrat","CA","06",14886.1790393126,28393.2086467606,43279.3876860732,0.0783153358549694,0.149375045490112,0.227690381345082
"0621","University of California-Riverside",8065.15231928566,6669.85923446386,14735.0115537495,"California","Jim Costa","Democrat","CA","06",21292.0021229142,17608.4283789846,38900.4305018988,0.112016004434523,0.0926369338119981,0.204652938246521
"0621","Stanford University",4966.40055884277,6749.70179632012,11716.1023551629,"California","Jim Costa","Democrat","CA","06",13111.2974753449,17819.2127422851,30930.51021763,0.0689777855394829,0.093745858282224,0.162723643821707
"0621","University of California-Berkeley",6613.23224669311,3097.48013503919,9710.7123817323,"California","Jim Costa","Democrat","CA","06",17458.9331312698,8177.34755650346,25636.2806877733,0.0918504478707377,0.0430205574310999,0.134871005301838
"0622","University of California-Los Angeles",17256.1284689053,6959.63818816968,24215.766657075,"California","David G. Valadao","Republican","CA","06",45556.1791579099,18373.444816768,63929.6239746779,0.239668450957018,0.0966616415023567,0.336330092459374
"0622","University of Southern California",5614.06523758531,10700.8360502904,16314.9012878758,"California","David G. Valadao","Republican","CA","06",14821.1322272252,28250.2071727668,43071.339399992,0.077973128299796,0.148622722920701,0.226595851220497
"0622","University of California-Davis",2819.3520907789,5377.50163764405,8196.85372842295,"California","David G. Valadao","Republican","CA","06",7443.0895196563,14196.6043233803,21639.6938430366,0.0391576679274847,0.0746875227450562,0.113845190672541
"0622","University of California - Merced",2451.65069605499,3901.82346123982,6353.47415729481,"California","David G. Valadao","Republican","CA","06",6472.35783758517,10300.8139376731,16773.1717752583,0.0340507041118749,0.0541919925172197,0.0882426966290945
"0622","University of California-Santa Barbara",3544.18723945062,2720.95556834013,6265.14280779075,"California","David G. Valadao","Republican","CA","06",9356.65431214964,7183.32270041795,16539.9770125676,0.0492248227701475,0.0377910495602796,0.0870158723304271
"0623","University of California-Riverside",113808.260505475,94119.1247529901,207927.385258466,"California","Jay Obernolte","Republican","CA","06",300453.807734455,248474.489347894,548928.297082349,1.58067028479827,1.30721006601375,2.88788035081202
"0623","University of California-Los Angeles",24758.7930206032,9985.56783519998,34744.3608558032,"California","Jay Obernolte","Republican","CA","06",65363.2135743925,26361.899084928,91725.1126593205,0.343872125286156,0.138688442155555,0.482560567441711
"0623","University of Southern California",11228.1304751706,21401.6721005809,32629.8025757515,"California","Jay Obernolte","Republican","CA","06",29642.2644544504,56500.4143455335,86142.678799984,0.155946256599592,0.297245445841401,0.453191702440993
"0623","University of California-Irvine",13353.0905694573,16171.5128479292,29524.6034173865,"California","Jay Obernolte","Republican","CA","06",35252.1591033672,42692.7939185331,77944.9530219003,0.185459591242462,0.224604345110128,0.41006393635259
"0623","California Institute of Technology",5748.38786339805,6814.97972511794,12563.367588516,"California","Jay Obernolte","Republican","CA","06",15175.7439593709,17991.5464743114,33167.2904336822,0.079838720324973,0.0946524961821936,0.174491216507167
"0624","University of California-Santa Barbara",1371278.26282744,1052762.44535051,2424040.70817795,"California","Salud O. Carbajal","Democrat","CA","06",3620174.61386444,2779292.85572534,6399467.46958979,19.0455314281589,14.6217006298682,33.6672320580271
"0624","California Polytechnic State University Foundation",82191.397060074,72202.4579255134,154393.854985587,"California","Salud O. Carbajal","Democrat","CA","06",216985.288238595,190614.488923355,407599.777161951,1.14154718138992,1.00281191563213,2.14435909702205
"0624","University of California-Los Angeles",45766.2537653575,18458.1708468848,64224.4246122423,"California","Salud O. Carbajal","Democrat","CA","06",120822.909940544,48729.5710357759,169552.48097632,0.635642413407743,0.256363483984511,0.892005897392254
"0624","University of California-Irvine",6210.73979974758,7521.63388275777,13732.3736825053,"California","Salud O. Carbajal","Democrat","CA","06",16396.3530713336,19857.1134504805,36253.4665218141,0.0862602749964941,0.104467137260525,0.190727412257019
"0624","University of Southern California",4491.25219006825,8560.66884023235,13051.9210303006,"California","Salud O. Carbajal","Democrat","CA","06",11856.9057817802,22600.1657382134,34457.0715199936,0.0623785026398368,0.11889817833656,0.181276680976397
"0625","University of California-Riverside",78859.2671219043,65216.4014036467,144075.668525551,"California","Raul Ruiz","Democrat","CA","06",208188.465201827,172171.299705627,380359.764907454,1.09526759891534,0.905783352828426,2.00105095174376
"0625","University of California-Los Angeles",23258.2601102636,9380.38190579392,32638.6420160576,"California","Raul Ruiz","Democrat","CA","06",61401.806691096,24764.208231296,86166.0149223919,0.323031390420328,0.130283082024916,0.453314472445244
"0625","San Diego State University Foundation",12602.1508469542,18475.777074109,31077.9279210631,"California","Raul Ruiz","Democrat","CA","06",33269.678235959,48776.0514756477,82045.7297116066,0.175029872874363,0.25660801491818,0.431637887792543
"0625","University of Southern California",7859.69133261943,14981.1704704066,22840.861803026,"California","Raul Ruiz","Democrat","CA","06",20749.5851181153,39550.2900418735,60299.8751599888,0.109162379619714,0.208071812088981,0.317234191708695
"0625","University of California-Irvine",7297.6192647034,8837.91981224038,16135.5390769438,"California","Raul Ruiz","Democrat","CA","06",19265.714858817,23332.1083043146,42597.8231631316,0.101355823120881,0.122748886281116,0.224104709401997
"0626","University of California-Los Angeles",104287.037268601,42060.4220937211,146347.459362323,"California","Julia Brownley","Democrat","CA","06",275317.778389108,111039.514327424,386357.292716532,1.44843107317502,0.58417252907946,2.03260360225448
"0626","University of California-Santa Barbara",48007.6271525584,36856.5799711527,84864.2071237111,"California","Julia Brownley","Democrat","CA","06",126740.135682754,97301.3711238431,224041.506806597,0.666772599341089,0.511896944043787,1.17866954338488
"0626","University of Southern California",23579.0739978583,44943.5114112199,68522.5854090782,"California","Julia Brownley","Democrat","CA","06",62248.7553543459,118650.87012562,180899.625479966,0.327487138859143,0.624215436266942,0.951702575126086
"0626","University of California-Irvine",24377.1537140092,29522.4129898242,53899.5667038335,"California","Julia Brownley","Democrat","CA","06",64355.6858049844,77939.170293136,142294.85609812,0.338571579361239,0.410033513747559,0.748605093108798
"0626","The University Corporation, Northridge",38744.0085197651,3562.05435743114,42306.0628771962,"California","Julia Brownley","Democrat","CA","06",102284.18249218,9403.82350361822,111688.005995798,0.538111229441182,0.0494729771865437,0.587584206627725
"0627","University of California-Los Angeles",102036.237903092,41152.643199612,143188.881102704,"California","George Whitesides","Democrat","CA","06",269375.668064163,108642.978046976,378018.646111139,1.41716997087628,0.571564488883501,1.98873445975978
"0627","University of Southern California",29193.1392354436,55644.3474615103,84837.4866969539,"California","George Whitesides","Democrat","CA","06",77069.8875815711,146901.077298387,223970.964879958,0.405460267158939,0.772838159187643,1.17829842634658
"0627","California Institute of Technology",30201.8473457898,35805.687127207,66007.5344729967,"California","George Whitesides","Democrat","CA","06",79732.876992885,94527.0140158264,174259.891008711,0.419470102024858,0.497301210100097,0.916771312124955
"0627","The University Corporation, Northridge",58362.7899039773,5365.76978046156,63728.5596844389,"California","George Whitesides","Democrat","CA","06",154077.7653465,14165.6322204185,168243.397566919,0.810594304221907,0.0745245802841884,0.885118884506096
"0627","University of California-Irvine",7297.6192647034,8837.91981224038,16135.5390769438,"California","George Whitesides","Democrat","CA","06",19265.714858817,23332.1083043146,42597.8231631316,0.101355823120881,0.122748886281116,0.224104709401997
"0628","California Institute of Technology",320723.545076891,380232.598949041,700956.144025932,"California","Judy Chu","Democrat","CA","06",846710.159002993,1003814.06122547,1850524.22022846,4.45449368162349,5.28100831873668,9.73550200036017
"0628","University of California-Los Angeles",86280.6423445264,34798.1909408484,121078.833285375,"California","Judy Chu","Democrat","CA","06",227780.89578955,91867.2240838398,319648.11987339,1.19834225478509,0.483308207511784,1.68165046229687
"0628","University of Southern California",41544.0827581313,79186.1867721493,120730.269530281,"California","Judy Chu","Democrat","CA","06",109676.378481467,209051.533078474,318727.911559941,0.57700114941849,1.09980814961318,1.67680929903167
"0628","University of California-Riverside",53767.6821285711,44465.7282297591,98233.4103583302,"California","Judy Chu","Democrat","CA","06",141946.680819428,117389.522526564,259336.203345992,0.746773362896821,0.617579558746654,1.36435292164347
"0628","California State L A University Auxiliary Services Inc.",56383.5633048922,6242.71742648959,62626.2807313818,"California","Judy Chu","Democrat","CA","06",148852.607124915,16480.7740059325,165333.381130848,0.783105045901281,0.0867044087012443,0.869809454602525
"0629","University of California-Los Angeles",270095.923861126,108933.467293091,379029.391154217,"California","Luz M. Rivas","Democrat","CA","06",713053.238993373,287584.353653759,1000637.59264713,3.75133227584897,1.51296482351515,5.26429709936412
"0629","University of Southern California",41544.0827581313,79186.1867721493,120730.269530281,"California","Luz M. Rivas","Democrat","CA","06",109676.378481467,209051.533078474,318727.911559941,0.57700114941849,1.09980814961318,1.67680929903167
"0629","The University Corporation, Northridge",51411.9009020237,4726.71756559334,56138.6184676171,"California","Luz M. Rivas","Democrat","CA","06",135727.418381343,12478.5343731664,148205.952754509,0.714054179194774,0.0656488550776853,0.779703034272459
"0629","California Institute of Technology",20073.7353959932,23798.3418972373,43872.0772932305,"California","Luz M. Rivas","Democrat","CA","06",52994.661445422,62827.6226087063,115822.284054128,0.278801880499906,0.330532526350517,0.609334406850423
"0629","University of California-Irvine",8073.96173967185,9778.1240475851,17852.085787257,"California","Luz M. Rivas","Democrat","CA","06",21315.2589927337,25814.2474856247,47129.5064783584,0.112138357495442,0.135807278438682,0.247945635934124
"0630","University of California-Los Angeles",325615.641543691,131325.346681115,456940.988224806,"California","Laura Friedman","Democrat","CA","06",859625.293675344,346698.915238143,1206324.20891349,4.52243946588459,1.82396314834882,6.34640261423341
"0630","University of Southern California",87579.4177063308,166933.042384531,254512.460090862,"California","Laura Friedman","Democrat","CA","06",231209.662744713,440703.231895162,671912.894639875,1.21638080147682,2.31851447756293,3.53489527903975
"0630","California Institute of Technology",73269.1341953752,86863.947924916,160133.082120291,"California","Laura Friedman","Democrat","CA","06",193430.51427579,229320.822521778,422751.336797569,1.01762686382466,1.20644372117939,2.22407058500404
"0630","University of California-Riverside",28676.0971352379,23715.0550558715,52391.1521911094,"California","Laura Friedman","Democrat","CA","06",75704.8964370281,62607.7453475008,138312.641784529,0.398279126878304,0.329375764664882,0.727654891543186
"0630","University of California-Irvine",19563.8303692049,23693.146730687,43256.9770998918,"California","Laura Friedman","Democrat","CA","06",51648.5121747009,62549.9073690136,114198.419543714,0.271719866238956,0.329071482370652,0.600791348609609
"0631","California Institute of Technology",76188.9502529742,90325.5249281505,166514.475181125,"California","Gilbert Ray Cisneros, Jr.","Democrat","CA","06",201138.828667852,238459.385810317,439598.214478169,1.05817986462464,1.25452117955765,2.31270104418229
"0631","University of Southern California",40421.2697106142,77046.0195620912,117467.289272705,"California","Gilbert Ray Cisneros, Jr.","Democrat","CA","06",106712.152036022,203401.491643921,310113.643679942,0.561406523758531,1.07008360502904,1.63149012878758
"0631","University of California-Riverside",37189.3134722617,30755.4620255834,67944.775497845,"California","Gilbert Ray Cisneros, Jr.","Democrat","CA","06",98179.7875667708,81194.4197475401,179374.207314311,0.516518242670301,0.427159194799769,0.94367743747007
"0631","University of California-Los Angeles",47266.7866756971,19063.3567762909,66330.1434519879,"California","Gilbert Ray Cisneros, Jr.","Democrat","CA","06",124784.31682384,50327.2618894079,175111.578713248,0.65648314827357,0.264768844115151,0.921251992388721
"0631","University of California-Irvine",28103.5975938578,34035.3933194789,62138.9909133367,"California","Gilbert Ray Cisneros, Jr.","Democrat","CA","06",74193.4976477846,89853.4383634243,164046.936011209,0.390327744359136,0.472713796103874,0.86304154046301
"0632","University of California-Los Angeles",391639.089598633,157953.527574982,549592.617173614,"California","Brad Sherman","Democrat","CA","06",1033927.19654039,416997.312797951,1450924.50933834,5.43943179998101,2.19379899409697,7.63323079407798
"0632","The University Corporation, Northridge",117383.652139501,10792.0415457627,128175.693685263,"California","Brad Sherman","Democrat","CA","06",309892.841648281,28490.9896808136,338383.831329095,1.63032850193751,0.149889465913371,1.78021796785088
"0632","University of Southern California",24701.8870453754,47083.6786212779,71785.5656666533,"California","Brad Sherman","Democrat","CA","06",65212.981799791,124300.911560174,189513.893359965,0.343081764519102,0.653939980851083,0.997021745370185
"0632","California Institute of Technology",19435.0256333934,23041.1219277797,42476.1475611731,"California","Brad Sherman","Democrat","CA","06",51308.4676721586,60828.5618893384,112137.029561497,0.269930911574909,0.320015582330274,0.589946493905182
"0632","University of California-Irvine",12732.0165894825,15419.3494596534,28151.366049136,"California","Brad Sherman","Democrat","CA","06",33612.5237962339,40707.082573485,74319.6063697189,0.176833563742813,0.214157631384075,0.390991195126888
"0633","University of California-Riverside",185946.567361308,153777.310127917,339723.877489225,"California","Pete Aguilar","Democrat","CA","06",490898.937833854,405972.0987377,896871.036571555,2.58259121335151,2.13579597399885,4.71838718735035
"0633","University of Southern California",16842.1957127559,32102.5081508713,48944.7038636272,"California","Pete Aguilar","Democrat","CA","06",44463.3966816757,84750.6215183003,129214.018199976,0.233919384899388,0.445868168762102,0.67978755366149
"0633","University of California-Irvine",17700.6084292806,21436.6565658596,39137.2649951402,"California","Pete Aguilar","Democrat","CA","06",46729.6062533008,56592.7733338695,103322.37958717,0.245841783740008,0.297731341192495,0.543573124932503
"0633","University of California-Los Angeles",17256.1284689053,6959.63818816968,24215.766657075,"California","Pete Aguilar","Democrat","CA","06",45556.1791579099,18373.444816768,63929.6239746779,0.239668450957018,0.0966616415023567,0.336330092459374
"0633","University Enterprises Corporation at CSUSB",24001.152537375,0,24001.152537375,"California","Pete Aguilar","Democrat","CA","06",63363.0426986701,0,63363.0426986701,0.333349340796876,0,0.333349340796876
"0634","University of Southern California",224562.609503412,428033.442011618,652596.05151503,"California","Jimmy Gomez","Democrat","CA","06",592845.289089009,1130008.28691067,1722853.57599968,3.11892513199184,5.94490891682802,9.06383404881986
"0634","University of California-Los Angeles",210074.607447542,84726.0301168483,294800.637564391,"California","Jimmy Gomez","Democrat","CA","06",554596.963661512,223676.71950848,778273.683169992,2.91770288121587,1.17675041828956,4.09445329950543
"0634","California Institute of Technology",54016.5970655817,64039.1745598384,118055.77162542,"California","Jimmy Gomez","Democrat","CA","06",142603.816253136,169063.420837973,311667.237091109,0.750230514799746,0.889432979997756,1.6396634947975
"0634","California State L A University Auxiliary Services Inc.",41877.4311857057,4636.61666833569,46514.0478540414,"California","Jimmy Gomez","Democrat","CA","06",110556.418330263,12240.6680044062,122797.086334669,0.581630988690357,0.0643974537268846,0.646028442417242
"0634","University of California-Riverside",17026.4326740475,14080.8139394237,31107.2466134712,"California","Jimmy Gomez","Democrat","CA","06",44949.7822594854,37173.3488000786,82123.131059564,0.236478231583993,0.195566860269774,0.432045091853767
"0635","University of California-Riverside",94989.5717604756,78556.1198725744,173545.69163305,"California","Norma J. Torres","Democrat","CA","06",250772.469447656,207388.156463596,458160.625911252,1.31929960778438,1.09105722045242,2.4103568282368
"0635","University of California-Irvine",46425.2800031131,56224.2132736143,102649.493276727,"California","Norma J. Torres","Democrat","CA","06",122562.739208219,148431.923042342,270994.662250561,0.644795555598794,0.780891851022421,1.42568740662121
"0635","University of Southern California",28070.3261879266,53504.1802514522,81574.5064393788,"California","Norma J. Torres","Democrat","CA","06",74105.6611361261,141251.035863834,215356.69699996,0.38986564149898,0.743113614603503,1.13297925610248
"0635","University of California-Los Angeles",29260.391751622,11801.1256234182,41061.5173750401,"California","Norma J. Torres","Democrat","CA","06",77247.434224282,31154.9716458239,108402.405870106,0.406394329883639,0.163904522547474,0.570298852431113
"0635","California Institute of Technology",16788.9423311943,19904.0677685984,36693.0100997927,"California","Norma J. Torres","Democrat","CA","06",44322.807754353,52546.7389090999,96869.5466634528,0.233179754599921,0.276445385674978,0.509625140274899
"0636","University of California-Los Angeles",467416.001570782,188515.417009988,655931.41858077,"California","Ted Lieu","Democrat","CA","06",1233978.24414686,497680.700906367,1731658.94505323,6.4918889107053,2.61826968069427,9.11015859139958
"0636","University of Southern California",35930.017520546,68485.3507218588,104415.368242405,"California","Ted Lieu","Democrat","CA","06",94855.2462542414,180801.325905707,275656.572159949,0.499028021118694,0.951185426692484,1.45021344781118
"0636","University of California-Irvine",34935.4113735801,42309.1905905125,77244.6019640926,"California","Ted Lieu","Democrat","CA","06",92229.4860262515,111696.263158953,203925.749185204,0.485214046855279,0.587627647090451,1.07284169394573
"0636","California Institute of Technology",13686.6377699954,16226.1422026618,29912.7799726571,"California","Ted Lieu","Democrat","CA","06",36132.7237127878,42837.0154150271,78969.7391278148,0.190092191249936,0.22536308614808,0.415455277398016
"0636","University of California-Riverside",10753.5364257142,8893.14564595182,19646.682071666,"California","Ted Lieu","Democrat","CA","06",28389.3361638855,23477.9045053128,51867.2406691983,0.149354672579364,0.123515911749331,0.272870584328695
"0637","University of Southern California",379510.810060767,723376.516999634,1102887.3270604,"California","Sydney Kamlager-Dove","Democrat","CA","06",1001908.53856042,1909714.00487903,2911622.54343946,5.27098347306621,10.0468960694394,15.3178795425056
"0637","University of California-Los Angeles",365379.76366769,147362.773810375,512742.537478065,"California","Sydney Kamlager-Dove","Democrat","CA","06",964602.576082701,389037.722859391,1353640.29894209,5.07471893982903,2.04670519181077,7.1214241316398
"0637","California Institute of Technology",10949.3102159963,12980.9137621294,23930.2239781257,"California","Sydney Kamlager-Dove","Democrat","CA","06",28906.1789702302,34269.6123320216,63175.7913022519,0.152073752999948,0.180290468918464,0.332364221918413
"0637","Stanford University",8277.33426473795,11249.5029938669,19526.8372586048,"California","Sydney Kamlager-Dove","Democrat","CA","06",21852.1624589082,29698.6879038085,51550.8503627167,0.114962975899138,0.15624309713704,0.271206073036178
"0637","University of California-Irvine",8695.03571964661,10530.2874358609,19225.3231555075,"California","Sydney Kamlager-Dove","Democrat","CA","06",22954.894299867,27799.9588306727,50754.8531305398,0.120764384995092,0.146253992164734,0.267018377159826
"0638","University of Southern California",51649.4001857849,98447.6916626721,150097.091848457,"California","Linda T. Sánchez","Democrat","CA","06",136354.416490472,259901.905989454,396256.322479926,0.717352780358123,1.36732905087045,2.08468183122857
"0638","University of California-Irvine",62417.9349874632,75592.4205217156,138010.355509179,"California","Linda T. Sánchez","Democrat","CA","06",164783.348366903,199563.990177329,364347.338544232,0.866915763714766,1.04989472946827,1.91681049318304
"0638","University of California-Los Angeles",57020.2505929044,22997.0653174303,80017.3159103346,"California","Linda T. Sánchez","Democrat","CA","06",150533.461565268,60712.2524380159,211245.714003283,0.79194792490145,0.319403684964309,1.11135160986576
"0638","University of California-Riverside",36741.2494545236,30384.9142903354,67126.163744859,"California","Linda T. Sánchez","Democrat","CA","06",96996.8985599422,80216.1737264854,177213.072286428,0.510295131312827,0.42201269847688,0.932307829789708
"0638","California Institute of Technology",26278.3445183911,31154.1930291106,57432.5375475017,"California","Linda T. Sánchez","Democrat","CA","06",69374.8295285525,82247.0695968519,151621.899125404,0.364977007199876,0.432697125404314,0.79767413260419
"0639","University of California-Riverside",1169895.15031416,967500.136732508,2137395.28704667,"California","Mark Takano","Democrat","CA","06",3088523.19682938,2554200.36097382,5642723.5578032,16.2485437543633,13.4375018990626,29.6860456534259
"0639","University of California-Irvine",46735.8169931005,56600.2949677522,103336.111960853,"California","Mark Takano","Democrat","CA","06",123382.556861785,149424.778714866,272807.335576651,0.649108569348618,0.786115207885447,1.43522377723407
"0639","University of Southern California",13473.7565702047,25682.0065206971,39155.7630909018,"California","Mark Takano","Democrat","CA","06",35570.7173453405,67800.4972146402,103371.214559981,0.18713550791951,0.356694535009681,0.543830042929192
"0639","University of California-Los Angeles",26259.3259309428,10590.753764606,36850.0796955488,"California","Mark Takano","Democrat","CA","06",69324.620457689,27959.5899385599,97284.210396249,0.364712860151983,0.147093802286195,0.511806662438178
"0639","Unzueta, Pablo Andres",21599.5777726681,0,21599.5777726681,"California","Mark Takano","Democrat","CA","06",57022.8853198439,0,57022.8853198439,0.299994135731502,0,0.299994135731502
"0640","University of California-Irvine",457110.449261422,553592.253770972,1010702.70303239,"California","Young Kim","Republican","CA","06",1206771.58605015,1461483.54995537,2668255.13600552,6.34875623974197,7.68878130237461,14.0375375421166
"0640","University of California-Riverside",57800.2582882139,47800.657846991,105600.916135205,"California","Young Kim","Republican","CA","06",152592.681880885,126193.736716056,278786.418596941,0.802781365114082,0.663898025652653,1.46667939076674
"0640","University of California-Los Angeles",42765.1879446783,17247.7989880727,60012.986932751,"California","Young Kim","Republican","CA","06",112900.096173951,45534.1893285119,158434.285502463,0.593960943676087,0.239552763723232,0.833513707399319
"0640","University of Southern California",17965.008760273,34242.6753609294,52207.6841212024,"California","Young Kim","Republican","CA","06",47427.6231271207,90400.6629528537,137828.286079974,0.249514010559347,0.475592713346242,0.725106723905589
"0640","Chapman University",22176.2356514692,17509.1430417213,39685.3786931905,"California","Young Kim","Republican","CA","06",58545.2621198787,46224.1376301443,104769.399750023,0.308003272937072,0.24318254224613,0.551185815183202
"0641","University of California-Riverside",245091.017702737,202689.611180652,447780.628883388,"California","Ken Calvert","Republican","CA","06",647040.286735225,535100.573516921,1182140.86025215,3.40404191253801,2.81513348862016,6.21917540115817
"0641","University of California-Irvine",64746.9624123685,78413.0332277497,143159.995640118,"California","Ken Calvert","Republican","CA","06",170931.980768653,207010.407721259,377942.388489912,0.899263366838451,1.08906990594097,1.98833327277942
"0641","University of Southern California",14596.5696177218,27822.1737307551,42418.743348477,"California","Ken Calvert","Republican","CA","06",38534.9437907856,73450.5386491936,111985.482439979,0.20273013357947,0.386419079593821,0.589149213173291
"0641","University of California-San Diego",25945.2642546237,11662.6614148695,37607.9256694932,"California","Ken Calvert","Republican","CA","06",68495.4976322066,30789.4261352556,99284.9237674622,0.360350892425329,0.161981408539855,0.522332300965184
"0641","University of California-Los Angeles",23258.2601102636,9380.38190579392,32638.6420160576,"California","Ken Calvert","Republican","CA","06",61401.806691096,24764.208231296,86166.0149223919,0.323031390420328,0.130283082024916,0.453314472445244
"0642","University of Southern California",89825.043801365,171213.376804647,261038.420606012,"California","Robert Garcia","Democrat","CA","06",237138.115635603,452003.314764268,689141.430399872,1.24757005279674,2.37796356673121,3.62553361952794
"0642","California State University-Long Beach Foundation",35969.8765770187,86380.1225211074,122349.999098126,"California","Robert Garcia","Democrat","CA","06",94960.4741633294,228043.523455724,323003.997619053,0.49958161912526,1.19972392390427,1.69930554302953
"0642","University of California-Irvine",54188.7047527976,65626.2556270615,119814.960379859,"California","Robert Garcia","Democrat","CA","06",143058.180547386,173253.314855442,316311.495402828,0.752620899344411,0.911475772598077,1.66409667194249
"0642","University of California-Los Angeles",58520.783503244,23602.2512468363,82123.0347500803,"California","Robert Garcia","Democrat","CA","06",154494.868448564,62309.9432916479,216804.811740212,0.812788659767277,0.327809045094949,1.14059770486223
"0642","California Institute of Technology",11679.264230396,13846.308012938,25525.5722433341,"California","Robert Garcia","Democrat","CA","06",30833.2575682456,36554.2531541564,67387.510722402,0.162212003199945,0.192309833513028,0.354521836712973
"0643","University of Southern California",123509.435226877,235418.39310639,358927.828333267,"California","Maxine Waters","Democrat","CA","06",326064.908998955,621504.557800869,947569.466799824,1.71540882259551,3.26969990425541,4.98510872685092
"0643","University of California-Los Angeles",189817.413157958,76556.0200698665,266373.433227825,"California","Maxine Waters","Democrat","CA","06",501117.970737009,202107.892984448,703225.863721457,2.63635296052719,1.06327805652592,3.69963101705312
"0643","California State University-Long Beach Foundation",10213.668657672,24527.6891109317,34741.3577686037,"California","Maxine Waters","Democrat","CA","06",26964.085256254,64753.0992528598,91717.1845091138,0.141856509134333,0.340662348762941,0.482518857897274
"0643","University of California-Irvine",13818.8960544384,16735.635389136,30554.5314435744,"California","Maxine Waters","Democrat","CA","06",36481.8855837173,44182.0774273191,80663.9630110364,0.191929111867199,0.232439380404667,0.424368492271867
"0643","California Institute of Technology",7208.29589219756,8545.7682267352,15754.0641189328,"California","Maxine Waters","Democrat","CA","06",19029.9011554016,22560.8281185809,41590.7292739825,0.100115220724966,0.118691225371322,0.218806446096288
"0644","University of Southern California",83088.1655162626,158372.373544299,241460.539060561,"California","Nanette Diaz Barragan","Democrat","CA","06",219352.756962933,418103.066156948,637455.823119881,1.15400229883698,2.19961629922637,3.35361859806335
"0644","University of California-Los Angeles",77277.4448824888,31167.0753644121,108444.520246901,"California","Nanette Diaz Barragan","Democrat","CA","06",204012.454489771,82281.0789620478,286293.533451818,1.07329784559012,0.432876046727945,1.50617389231807
"0644","University of California-Irvine",33072.1894336558,40052.7004256851,73124.889859341,"California","Nanette Diaz Barragan","Democrat","CA","06",87310.5801048514,105739.129123809,193049.70922866,0.459335964356331,0.556287505912293,1.01562347026862
"0644","California State University-Long Beach Foundation",21093.4461408443,50655.0101204025,71748.4562612468,"California","Nanette Diaz Barragan","Democrat","CA","06",55686.697811829,133729.226717863,189415.924529692,0.292964529733949,0.703541807227812,0.996506336961761
"0644","California Institute of Technology",7755.76140299737,9194.81391484167,16950.575317839,"California","Nanette Diaz Barragan","Democrat","CA","06",20475.2101039131,24274.308735182,44749.5188390951,0.107718908374964,0.127705748817245,0.235424657192209
"0645","University of California-Irvine",260074.72911443,314968.418840482,575043.147954911,"California","Derek Tran","Democrat","CA","06",686597.284862095,831516.625738872,1518113.91060097,3.61214901547819,4.37456137278447,7.98671038826266
"0645","University of California-Riverside",39877.6975786902,32978.7484370713,72856.4460157616,"California","Derek Tran","Democrat","CA","06",105277.121607742,87063.8958738683,192341.01748161,0.553856910815142,0.458038172737102,1.01189508355224
"0645","University of Southern California",22456.2609503412,42803.3442011618,65259.605151503,"California","Derek Tran","Democrat","CA","06",59284.5289089009,113000.828691067,172285.357599968,0.311892513199184,0.594490891682802,0.906383404881986
"0645","University of California-Los Angeles",44265.7208550179,17852.9849174788,62118.7057724966,"California","Derek Tran","Democrat","CA","06",116861.503057247,47131.8801821439,163993.383239391,0.614801678541915,0.247958123853872,0.862759802395787
"0645","California State University-Long Beach Foundation",14210.3216106741,34125.4805021659,48335.80211284,"California","Derek Tran","Democrat","CA","06",37515.2490521795,90091.268525718,127606.517577897,0.197365577926029,0.473965006974526,0.671330584900555
"0646","University of California-Irvine",311468.600957341,377209.939220302,688678.540177643,"California","J. Luis Correa","Democrat","CA","06",822277.10652738,995834.239541598,1818111.34606898,4.32595279107418,5.23902693361531,9.56497972468949
"0646","University of Southern California",32561.5783779948,62064.8490916846,94626.4274696794,"California","J. Luis Correa","Democrat","CA","06",85962.5669179063,163851.201602047,249813.768519954,0.452244144138817,0.862011792940063,1.31425593707888
"0646","University of California-Los Angeles",48017.0531308668,19365.9497409939,67383.0028718608,"California","J. Luis Correa","Democrat","CA","06",126765.020265488,51126.1073162239,177891.127581712,0.666903515706484,0.268971524180471,0.935875039886955
"0646","University of California-Riverside",23299.3289223808,19268.4822328956,42567.8111552764,"California","J. Luis Correa","Democrat","CA","06",61510.2283550853,50868.7930948444,112379.02144993,0.323601790588622,0.267617808790217,0.591219599378839
"0646","Chapman University",14343.5696377052,11324.8982587734,25668.4678964786,"California","J. Luis Correa","Democrat","CA","06",37867.0238435419,29897.7314031618,67764.7552467036,0.199216244968128,0.157290253594075,0.356506498562203
"0647","University of California-Irvine",861584.878719983,1043438.66038557,1905023.53910555,"California","Dave Min","Democrat","CA","06",2274584.07982075,2754678.06341791,5029262.14323866,11.9664566488886,14.4922036164663,26.4586602653549
"0647","University of California-Los Angeles",51018.118951546,20576.321599806,71594.440551352,"California","Dave Min","Democrat","CA","06",134687.834032082,54321.4890234879,189009.323055569,0.708584985438139,0.28578224444175,0.99436722987989
"0647","University of California-Riverside",33604.8013303569,27791.0801435994,61395.8814739564,"California","Dave Min","Democrat","CA","06",88716.6755121423,73368.4515791025,162085.127091245,0.466733351810513,0.385987224216659,0.852720576027172
"0647","University of Southern California",11228.1304751706,21401.6721005809,32629.8025757515,"California","Dave Min","Democrat","CA","06",29642.2644544504,56500.4143455335,86142.678799984,0.155946256599592,0.297245445841401,0.453191702440993
"0647","California State University-Long Beach Foundation",6883.12453017025,16529.5296182366,23412.6541484069,"California","Dave Min","Democrat","CA","06",18171.4487596495,43637.9581921446,61809.4069517941,0.0955989518079201,0.229576800253286,0.325175752061206
"0648","University of California-San Diego",335447.158492038,150786.925647733,486234.084139771,"California","Darrell Issa","Republican","CA","06",885580.49841898,398077.483710014,1283657.98212899,4.65898831238942,2.09426285621851,6.75325116860793
"0648","San Diego State University Foundation",58524.1246138656,85801.1218048934,144325.246418759,"California","Darrell Issa","Republican","CA","06",154503.688980605,226514.961564919,381018.650545524,0.812835064081467,1.19168224729019,2.00451731137165
"0648","University of California-Riverside",57352.1942704758,47430.110111743,104782.304382219,"California","Darrell Issa","Republican","CA","06",151409.792874056,125215.490695002,276625.283569058,0.796558253756609,0.658751529329764,1.45530978308637
"0648","The Scripps Research Institute",72622.3471138092,0,72622.3471138092,"California","Darrell Issa","Republican","CA","06",191722.996380456,0,191722.996380456,1.00864370991402,0,1.00864370991402
"0648","University of California-Irvine",22358.6632790913,27077.881977928,49436.5452570192,"California","Darrell Issa","Republican","CA","06",59026.871056801,71485.6084217298,130512.479478531,0.310536989987379,0.376081694137888,0.686618684125267
"0649","University of California-San Diego",391522.407042354,175993.322899225,567515.729941579,"California","Mike Levin","Democrat","CA","06",1033619.15459181,464622.372453954,1498241.52704577,5.43781120892158,2.44435170693368,7.88216291585526
"0649","University of California-Irvine",146883.99626403,177886.641327221,324770.637591251,"California","Mike Levin","Democrat","CA","06",387773.75013704,469620.733103864,857394.483240904,2.04005550366709,2.47064779621141,4.51070329987849
"0649","The Scripps Research Institute",91047.1271064396,0,91047.1271064396,"California","Mike Levin","Democrat","CA","06",240364.415561001,0,240364.415561001,1.26454343203388,0,1.26454343203388
"0649","San Diego State University Foundation",18672.2968046494,27375.1042511667,46047.401055816,"California","Mike Levin","Democrat","CA","06",49294.8635642743,72270.27522308,121565.138787354,0.25933745562013,0.380209781266204,0.639547236886334
"0649","University of California-Los Angeles",28510.1252964522,11498.5326587151,40008.6579551673,"California","Mike Levin","Democrat","CA","06",75266.7307826338,30356.126219008,105622.857001642,0.395973962450725,0.159701842482155,0.55567580493288
"0650","University of California-San Diego",1491601.6114384,670490.166889694,2162091.77832809,"California","Scott H. Peters","Democrat","CA","06",3937828.25419737,1770094.04058879,5707922.29478616,20.7166890477555,9.31236342902353,30.0290524767791
"0650","The Scripps Research Institute",301137.475593835,0,301137.475593835,"California","Scott H. Peters","Democrat","CA","06",795002.935567725,0,795002.935567725,4.18246493880326,0,4.18246493880326
"0650","San Diego State University Foundation",107943.030291188,158253.2528442,266196.283135389,"California","Scott H. Peters","Democrat","CA","06",284969.599968738,417788.587508689,702758.187477426,1.49920875404428,2.19796184505834,3.69717059910262
"0650","University of California-Irvine",28258.8660888515,34223.4341665478,62482.3002553993,"California","Scott H. Peters","Democrat","CA","06",74603.4064745679,90349.8661996863,164953.272674254,0.392484251234048,0.475325474535387,0.867809725769435
"0650","University of California-San Diego Scripps Inst of Oceanography",0,48745.2660542617,48745.2660542617,"California","Scott H. Peters","Democrat","CA","06",0,128687.502383251,128687.502383251,0,0.677017584086968,0.677017584086968
"0651","University of California-San Diego",1115144.19654389,501268.71190878,1616412.90845267,"California","Sara Jacobs","Democrat","CA","06",2943980.67887587,1323349.39943918,4267330.07831505,15.4881138408874,6.9620654431775,22.4501792840649
"0651","San Diego State University Foundation",216611.838903406,317570.555676962,534182.394580368,"California","Sara Jacobs","Democrat","CA","06",571855.254704991,838386.266987179,1410241.52169217,3.0084977625473,4.41070216218003,7.41919992472733
"0651","The Scripps Research Institute",224447.319910224,0,224447.319910224,"California","Sara Jacobs","Democrat","CA","06",592540.924562992,0,592540.924562992,3.117323887642,0,3.117323887642
"0651","University of San Diego",48046.8018078858,0,48046.8018078858,"California","Sara Jacobs","Democrat","CA","06",126843.556772819,0,126843.556772819,0.667316691776192,0,0.667316691776192
"0651","University of California-Irvine",20961.2468241481,25385.5143543075,46346.7611784555,"California","Sara Jacobs","Democrat","CA","06",55337.6916157509,67017.7578953717,122355.449511123,0.291128428113168,0.35257658825427,0.643705016367438
"0652","University of California-San Diego",447430.266791027,201124.477173847,648554.743964874,"California","Juan Vargas","Democrat","CA","06",1181215.90432831,530968.619738956,1712184.52406727,6.21430926098648,2.79339551630343,9.00770477728991
"0652","San Diego State University Foundation",97452.2345599544,142872.893918633,240325.128478588,"California","Juan Vargas","Democrat","CA","06",257273.89923828,377184.439945191,634458.339183471,1.35350325777714,1.9843457488699,3.33784900664705
"0652","The Scripps Research Institute",120718.201380286,0,120718.201380286,"California","Juan Vargas","Democrat","CA","06",318696.051643955,0,318696.051643955,1.6766416858373,0,1.6766416858373
"0652","University of California-Irvine",17390.0714392932,21060.5748717218,38450.646311015,"California","Juan Vargas","Democrat","CA","06",45909.7885997341,55599.9176613454,101509.70626108,0.241528769990184,0.292507984329469,0.534036754319652
"0652","University of Southern California",12350.9435226877,23541.839310639,35892.7828333267,"California","Juan Vargas","Democrat","CA","06",32606.4908998955,62150.4557800869,94756.9466799824,0.171540882259551,0.326969990425541,0.498510872685092
"0801","University of Colorado at Boulder",104268.831081762,274205.868207589,378474.699289351,"Colorado","Diana DeGette","Democrat","CO","08",275269.714055852,723903.492068035,999173.206123886,1.44817820946892,3.80841483621651,5.25659304568543
"0801","Colorado School of Mines",33601.0649133571,163021.843783555,196622.908696912,"Colorado","Diana DeGette","Democrat","CO","08",88706.8113712627,430377.667588585,519084.478959848,0.466681457129959,2.2641922747716,2.73087373190156
"0801","University of Denver",170467.798163575,11056.115008901,181523.913172476,"Colorado","Diana DeGette","Democrat","CO","08",450034.987151838,29188.1436234985,479223.130775337,2.36760830782743,0.153557152901402,2.52116546072883
"0801","University of Colorado at Denver",0,58924.8505859223,58924.8505859223,"Colorado","Diana DeGette","Democrat","CO","08",0,155561.605546835,155561.605546835,0,0.818400702582254,0.818400702582254
"0801","University of Colorado at Denver-Downtown Campus",52342.7609719259,1948.35202611825,54291.1129980442,"Colorado","Diana DeGette","Democrat","CO","08",138184.888965884,5143.64934895218,143328.538314837,0.726982791276749,0.0270604448071979,0.754043236083947
"0802","University of Colorado at Boulder",728561.958951045,1915970.11709606,2644532.07604711,"Colorado","Joe Neguse","Democrat","CO","08",1923403.57163076,5058161.10913361,6981564.68076437,10.1189160965423,26.6106960707787,36.729612167321
"0802","Colorado State University",1662703.19104489,465172.691091791,2127875.88213668,"Colorado","Joe Neguse","Democrat","CO","08",4389536.42435851,1228055.90448233,5617592.32884084,23.0930998756235,6.46073182071931,29.5538316963428
"0802","Colorado School of Mines",19521.5696599147,94712.5422278901,114234.111887805,"Colorado","Joe Neguse","Democrat","CO","08",51536.9439021749,250041.11148163,301578.055383805,0.27113291194326,1.31545197538736,1.58658488733062
"0802","University of Wyoming",8770.71456261101,9274.48012022642,18045.1946828374,"Colorado","Joe Neguse","Democrat","CO","08",23154.6864452931,24484.6275173978,47639.3139626908,0.121815480036264,0.128812223892034,0.250627703928298
"0802","University of Denver",13830.9204745027,897.03890759668,14727.9593820994,"Colorado","Joe Neguse","Democrat","CO","08",36513.6300526871,2368.18271605524,38881.8127687424,0.192096117701426,0.0124588737166206,0.204554991418047
"0803","Colorado Mesa University",0,112687.734409701,112687.734409701,"Colorado","Jeff Hurd","Republican","CO","08",0,297495.61884161,297495.61884161,0,1.56510742235696,1.56510742235696
"0803","Fort Lewis College",50302.3644094994,0,50302.3644094994,"Colorado","Jeff Hurd","Republican","CO","08",132798.242041078,0,132798.242041078,0.698643950131936,0,0.698643950131936
"0803","University of Colorado at Boulder",13198.5862128813,34709.6035705809,47908.1897834621,"Colorado","Jeff Hurd","Republican","CO","08",34844.2676020065,91633.3534263335,126477.62102834,0.183313697401129,0.482077827369179,0.665391524770307
"0803","Colorado School of Mines",4193.89220315304,20347.4515272193,24541.3437303724,"Colorado","Jeff Hurd","Republican","CO","08",11071.875416324,53717.2720318591,64789.1474481831,0.05824850282157,0.282603493433602,0.340851996255172
"0803","Colorado State University",8615.0424406471,2410.22119736679,11025.2636380139,"Colorado","Jeff Hurd","Republican","CO","08",22743.7120433083,6362.98396104833,29106.6960043567,0.11965336723121,0.0334752944078721,0.153128661639082
"0804","University of Colorado at Boulder",89750.3862475926,236025.30427995,325775.690527542,"Colorado","Lauren Boebert","Republican","CO","08",236941.019693644,623106.803299068,860047.822992712,1.24653314232767,3.27812922611042,4.52466236843809
"0804","Colorado State University",232606.145897472,65075.9723289034,297682.118226375,"Colorado","Lauren Boebert","Republican","CO","08",614080.225169325,171800.566948305,785880.79211763,3.23064091524266,0.903832949012547,4.13447386425521
"0804","Colorado School of Mines",22017.9340665534,106824.120517902,128842.054584455,"Colorado","Lauren Boebert","Republican","CO","08",58127.3459357011,282015.67816726,340143.024102961,0.305804639813242,1.48366834052641,1.78947298033965
"0804","University of Denver",34270.7044269697,2222.71217005483,36493.4165970246,"Colorado","Lauren Boebert","Republican","CO","08",90474.6596872001,5867.96012894475,96342.6198161449,0.475982005930135,0.0308710023618726,0.506853008292008
"0804","University of Colorado at Denver",0,21342.0690739815,21342.0690739815,"Colorado","Lauren Boebert","Republican","CO","08",0,56343.0623553111,56343.0623553111,0,0.296417626027521,0.296417626027521
"0805","University of Colorado at Boulder",27717.0310470506,72890.1674982198,100607.19854527,"Colorado","Jeff Crank","Republican","CO","08",73172.9619642137,192430.0421953,265603.004159514,0.38495876454237,1.01236343747528,1.39732220201765
"0805","University of Colorado at Colorado Springs",35711.5001187065,54560.0984215302,90271.5985402366,"Colorado","Jeff Crank","Republican","CO","08",94278.3603133851,144038.65983284,238317.020146225,0.495993057204256,0.757779144743474,1.25377220194773
"0805","Colorado School of Mines",4693.16508448078,22769.7671852217,27462.9322697024,"Colorado","Jeff Crank","Republican","CO","08",12389.9558230293,60112.1853689852,72502.1411920144,0.0651828483955664,0.316246766461412,0.381429614856978
"0805","Colorado College",23740.2718521578,0,23740.2718521578,"Colorado","Jeff Crank","Republican","CO","08",62674.3176896965,0,62674.3176896965,0.329725997946636,0,0.329725997946636
"0805","Colorado State University",17230.0848812942,4820.44239473358,22050.5272760278,"Colorado","Jeff Crank","Republican","CO","08",45487.4240866167,12725.9679220967,58213.3920087133,0.239306734462419,0.0669505888157442,0.306257323278164
"0806","Colorado School of Mines",28158.9905068847,136618.60311133,164777.593618215,"Colorado","Jason A. Crow","Democrat","CO","08",74339.7349381755,360673.112213911,435012.847152086,0.391097090373398,1.89748059876847,2.28857768914187
"0806","University of Colorado at Boulder",32996.4655322031,86774.0089264522,119770.474458655,"Colorado","Jason A. Crow","Democrat","CO","08",87110.6690050163,229083.383565834,316194.05257085,0.458284243502821,1.20519456842295,1.66347881192577
"0806","University of Denver",91979.0277861017,5965.52968106167,97944.5574671634,"Colorado","Jason A. Crow","Democrat","CO","08",242824.633355308,15748.9983580028,258573.631713311,1.27748649702919,0.0828545789036342,1.36034107593282
"0806","University of Colorado at Denver",0,51448.4361062438,51448.4361062438,"Colorado","Jason A. Crow","Democrat","CO","08",0,135823.871320484,135823.871320484,0,0.714561612586719,0.714561612586719
"0806","Colorado State University",25845.1273219413,7230.66359210037,33075.7909140417,"Colorado","Jason A. Crow","Democrat","CO","08",68231.136129925,19088.951883145,87320.08801307,0.358960101693629,0.100425883223616,0.459385984917245
"0807","Colorado School of Mines",160066.885753674,776594.399955538,936661.285709213,"Colorado","Brittany Pettersen","Democrat","CO","08",422576.5783897,2050209.21588262,2472785.79427232,2.22315119102325,10.7860333327158,13.0091845237391
"0807","University of Colorado at Boulder",224375.965618981,590063.260699875,814439.226318856,"Colorado","Brittany Pettersen","Democrat","CO","08",592352.549234111,1557767.00824767,2150119.55748178,3.11633285581919,8.19532306527604,11.3116559210952
"0807","University of Denver",48374.155354172,3137.42672115095,51511.5820753229,"Colorado","Brittany Pettersen","Democrat","CO","08",127707.770135014,8282.80654383851,135990.576678853,0.671863268807944,0.0435753711270965,0.715438639935041
"0807","University of Colorado at Denver-Downtown Campus",25248.7436846521,939.832748626257,26188.5764332784,"Colorado","Brittany Pettersen","Democrat","CO","08",66656.6833274816,2481.15845637332,69137.841783855,0.350676995620169,0.0130532326198091,0.363730228239978
"0807","Colorado State University",17230.0848812942,4820.44239473358,22050.5272760278,"Colorado","Brittany Pettersen","Democrat","CO","08",45487.4240866167,12725.9679220967,58213.3920087133,0.239306734462419,0.0669505888157442,0.306257323278164
"0808","University of Colorado at Boulder",194019.217329354,510231.172487539,704250.389816893,"Colorado","Gabe Evans","Republican","CO","08",512210.733749496,1347010.2953671,1859221.0291166,2.69471135179659,7.08654406232693,9.78125541412352
"0808","Colorado School of Mines",35498.3018624025,172226.643283964,207724.945146366,"Colorado","Gabe Evans","Republican","CO","08",93715.5169167426,454678.338269664,548393.855186407,0.493031970311146,2.39203671227727,2.88506868258842
"0808","Colorado State University",155070.763931648,43383.9815526022,198454.74548425,"Colorado","Gabe Evans","Republican","CO","08",409386.81677955,114533.71129887,523920.52807842,2.15376061016178,0.602555299341698,2.75631590950347
"0808","University of Northern Colorado",27482.6740739104,0,27482.6740739104,"Colorado","Gabe Evans","Republican","CO","08",72554.2595551234,0,72554.2595551234,0.381703806582089,0,0.381703806582089
"0808","University of Colorado at Denver-Downtown Campus",19392.875422674,721.860051331477,20114.7354740055,"Colorado","Gabe Evans","Republican","CO","08",51197.1911158593,1905.7105355151,53102.9016513744,0.269345491981583,0.0100258340462705,0.279371326027854
"0901","University of Connecticut",130458.142852914,212924.604463965,343382.74731688,"Connecticut","John B. Larson","Democrat","CT","09",344409.497131694,562120.955784868,906530.452916562,1.81191865073492,2.95728617311063,4.76920482384555
"0901","Yale University",82213.0905941115,72772.6166779419,154985.707272053,"Connecticut","John B. Larson","Democrat","CT","09",217042.559168454,192119.708029767,409162.267198221,1.14184848047377,1.01073078719364,2.15257926766741
"0901","University of Massachusetts Amherst",4757.90076376803,24215.3825497127,28973.2833134807,"Connecticut","John B. Larson","Democrat","CT","09",12560.8580163476,63928.6099312415,76489.4679475891,0.0660819550523338,0.336324757634898,0.402406712687232
"0901","Wesleyan University",18724.3246182212,0,18724.3246182212,"Connecticut","John B. Larson","Democrat","CT","09",49432.2169921039,0,49432.2169921039,0.260060064141961,0,0.260060064141961
"0901","University of Rhode Island",1369.86625620205,5298.65786934855,6668.5241255506,"Connecticut","John B. Larson","Democrat","CT","09",3616.4469163734,13988.4567750802,17604.9036914536,0.0190259202250284,0.0735924704076188,0.0926183906326472
"0902","University of Connecticut",544972.961789167,889466.535357181,1434439.49714635,"Connecticut","Joe Courtney","Democrat","CT","09",1438728.6191234,2348191.65334296,3786920.27246636,7.56906891373843,12.3537018799609,19.9227707936993
"0902","Yale University",131540.944950578,116436.186684707,247977.131635286,"Connecticut","Joe Courtney","Democrat","CT","09",347268.094669527,307391.532847627,654659.627517154,1.82695756875803,1.61716925950982,3.44412682826785
"0902","University of Rhode Island",5821.9315888587,22519.2959447314,28341.2275335901,"Connecticut","Joe Courtney","Democrat","CT","09",15369.899394587,59450.9412940908,74820.8406886778,0.0808601609563708,0.31276799923238,0.393628160188751
"0902","Brown University",12747.5296066883,10136.3802551626,22883.9098618509,"Connecticut","Joe Courtney","Democrat","CT","09",33653.4781616571,26760.0438736293,60413.5220352863,0.177049022315115,0.14078305909948,0.317832081414596
"0902","Worcester Polytechnic Institute",3466.03142288994,15807.2225767688,19273.2539996587,"Connecticut","Joe Courtney","Democrat","CT","09",9150.32295642945,41731.0676026696,50881.390559099,0.0481393253179159,0.219544758010678,0.267684083328593
"0903","Yale University",1061723.34138681,939806.363955136,2001529.70534195,"Connecticut","Rosa L. DeLauro","Democrat","CT","09",2802949.62126118,2481088.80084156,5284038.42210274,14.7461575192613,13.0528661660436,27.7990236853048
"0903","University of Connecticut",37225.8453899062,60757.4064151675,97983.2518050736,"Connecticut","Rosa L. DeLauro","Democrat","CT","09",98276.2318293523,160399.552936042,258675.784765394,0.517025630415364,0.843852866877326,1.36087849729269
"0903","University of New Haven",29568.3163490081,0,29568.3163490081,"Connecticut","Rosa L. DeLauro","Democrat","CT","09",78060.3551613815,0,78060.3551613815,0.410671060402891,0,0.410671060402891
"0903","Wesleyan University",28821.9434144593,0,28821.9434144593,"Connecticut","Rosa L. DeLauro","Democrat","CT","09",76089.9306141726,0,76089.9306141726,0.400304769645268,0,0.400304769645268
"0903","Khuu, Thien Tung",26755.5944367008,0,26755.5944367008,"Connecticut","Rosa L. DeLauro","Democrat","CT","09",70634.76931289,0,70634.76931289,0.371605478287511,0,0.371605478287511
"0904","Yale University",124494.10861394,110198.533826598,234692.642440538,"Connecticut","James A. Himes","Democrat","CT","09",328664.446740802,290924.129302218,619588.576043021,1.72908484186028,1.53053519203608,3.25962003389636
"0904","University of Connecticut",21351.7611695858,34848.8427186096,56200.6038881954,"Connecticut","James A. Himes","Democrat","CT","09",56368.6494877066,92000.9447771292,148369.594264836,0.29655223846647,0.484011704425133,0.780563942891603
"0904","SUNY at Stony Brook",7343.80833206502,8583.09422675127,15926.9025588163,"Connecticut","James A. Himes","Democrat","CT","09",19387.6539966516,22659.3687586234,42047.022755275,0.101997337945347,0.119209642038212,0.22120697998356
"0904","New York University",7161.88001308263,7520.00127927763,14681.8812923603,"Connecticut","James A. Himes","Democrat","CT","09",18907.3632345381,19852.8033772929,38760.1666118311,0.0994705557372587,0.104444462212189,0.203915017949448
"0904","Columbia University",4713.8726979853,4687.19413457505,9401.06683256035,"Connecticut","James A. Himes","Democrat","CT","09",12444.6239226812,12374.1925152781,24818.8164379593,0.0654704541386847,0.0650999185357646,0.130570372674449
"0905","Yale University",199660.362871414,176733.49764643,376393.860517844,"Connecticut","Jahana Hayes","Democrat","CT","09",527103.357980532,466576.433786576,993679.791767108,2.7730605954363,2.45463191175598,5.22769250719228
"0905","University of Connecticut",47510.4633354659,77543.2364157543,125053.69975122,"Connecticut","Jahana Hayes","Democrat","CT","09",125427.62320563,204714.144137591,330141.767343221,0.659867546325915,1.07698939466325,1.73685694098917
"0905","University of Rhode Island",2739.73251240409,10597.3157386971,13337.0482511012,"Connecticut","Jahana Hayes","Democrat","CT","09",7232.89383274681,27976.9135501604,35209.8073829072,0.0380518404500569,0.147184940815238,0.185236781265294
"0905","Rensselaer Polytechnic Institute",1861.6740374814,7962.24032596958,9823.91436345099,"Connecticut","Jahana Hayes","Democrat","CT","09",4914.8194589509,21020.3144605597,25935.1339195106,0.0258565838539083,0.110586671194022,0.13644325504793
"0905","Wesleyan University",7672.60010895262,0,7672.60010895262,"Connecticut","Jahana Hayes","Democrat","CT","09",20255.6642876349,0,20255.6642876349,0.10656389040212,0,0.10656389040212
"1000","University of Delaware",948478.249609865,2086657.52497367,3035135.77458354,"Delaware","Sarah McBride","Democrat","DE","10",2503982.57897004,5508775.8659305,8012758.44490054,13.1733090223592,28.9813545135233,42.1546635358825
"1000","Delaware State University",24977.2058522058,191450.117596887,216427.323449093,"Delaware","Sarah McBride","Democrat","DE","10",65939.8234498234,505428.310455782,571368.133905606,0.346905636836192,2.65902941106788,3.00593504790407
"1000","University of Pennsylvania",24479.73644741,21648.1745919938,46127.9110394038,"Delaware","Sarah McBride","Democrat","DE","10",64626.5042211623,57151.1809228637,121777.685144026,0.339996339547361,0.30066909155547,0.640665431102831
"1000","Drexel University",1354.99382575266,19725.1327522597,21080.1265780124,"Delaware","Sarah McBride","Democrat","DE","10",3577.18369998702,52074.3504659657,55651.5341659527,0.0188193586910091,0.273960177114719,0.292779535805728
"1000","Temple University",8653.42949055949,9671.09581050544,18324.5253010649,"Delaware","Sarah McBride","Democrat","DE","10",22845.0538550771,25531.6929397344,48376.7467948114,0.120186520702215,0.134320775145909,0.254507295848124
"1198","American University",0,1000246.47251337,1000246.47251337,"District of Columbia","Eleanor Holmes Norton","Democrat","DC","11",0,2640650.68743531,2640650.68743531,0,13.8923121182413,13.8923121182413
"1198","University of Maryland, College Park",133267.331394635,206387.524457664,339654.8558523,"District of Columbia","Eleanor Holmes Norton","Democrat","DC","11",351825.754881838,544863.064568234,896688.819450072,1.85093515825883,2.86649339524534,4.71742855350416
"1198","George Washington University",56986.6892110972,228631.471356119,285618.160567216,"District of Columbia","Eleanor Holmes Norton","Democrat","DC","11",150444.859517297,603587.084380154,754031.943897451,0.791481794598573,3.17543710216832,3.96691889676689
"1198","Georgetown University",130357.775848724,43973.8563083011,174331.632157025,"District of Columbia","Eleanor Holmes Norton","Democrat","DC","11",344144.528240631,116090.980653915,460235.508894546,1.81052466456561,0.610748004281959,2.42127266884757
"1198","Howard University",90845.2039075694,83294.8500590034,174140.053966573,"District of Columbia","Eleanor Holmes Norton","Democrat","DC","11",239831.338315983,219898.404155769,459729.742471752,1.26173894316069,1.15687291748616,2.41861186064684
"1201","Florida State University",24559.3853226981,23153.7169604876,47713.1022831857,"Florida","Jimmy Patronis","Republican","FL","12",64836.777251923,61125.8127756874,125962.59002761,0.341102573926363,0.321579402228995,0.662681976155358
"1201","Louisiana State University",2278.09477400072,1742.65552489901,4020.75029889973,"Florida","Jimmy Patronis","Republican","FL","12",6014.17020336189,4600.61058573339,10614.7807890953,0.0316402051944544,0.0242035489569307,0.0558437541513851
"1201","The University of Central Florida Board of Trustees",1496.95274538688,2520.86296310179,4017.81570848866,"Florida","Jimmy Patronis","Republican","FL","12",3951.95524782135,6655.07822258871,10607.0334704101,0.0207910103525955,0.0350119855986359,0.0558029959512314
"1201","Florida Agricultural and Mechanical University",755.044726320009,2629.85686765375,3384.90159397375,"Florida","Jimmy Patronis","Republican","FL","12",1993.31807748482,6942.82213060589,8936.14020809071,0.0104867323100001,0.0365257898285242,0.0470125221385244
"1201","University of Florida",1239.57228383854,1541.60949254746,2781.181776386,"Florida","Jimmy Patronis","Republican","FL","12",3272.47082933374,4069.84906032529,7342.31988965903,0.0172162817199797,0.0214112429520481,0.0386275246720277
"1202","Florida State University",1156941.40354696,1090723.29969261,2247664.70323957,"Florida","Neal P. Dunn","Republican","FL","12",3054325.30536397,2879509.5111885,5933834.81655246,16.0686306048189,15.1489347179529,31.2175653227718
"1202","Florida Agricultural and Mechanical University",65044.8824526855,226554.43427523,291599.316727915,"Florida","Neal P. Dunn","Republican","FL","12",171718.48967509,598103.706486607,769822.196161697,0.903401145176187,3.14658936493375,4.04999051010994
"1202","University of Florida",9709.98289006854,12075.9410249551,21785.9239150236,"Florida","Neal P. Dunn","Republican","FL","12",25634.354829781,31880.4843058815,57514.8391356624,0.134860873473174,0.167721403124376,0.302582276597551
"1202","The University of Central Florida Board of Trustees",3555.26277029383,5987.04953736674,9542.31230766057,"Florida","Neal P. Dunn","Republican","FL","12",9385.89371357572,15805.8107786482,25191.7044922239,0.0493786495874143,0.0831534657967603,0.132532115384175
"1202","Georgia Tech Research Corporation",1350.44679441832,2612.50594730347,3962.95274172179,"Florida","Neal P. Dunn","Republican","FL","12",3565.17953726436,6897.01570088116,10462.1952381455,0.0187562054780322,0.0362848048236593,0.0550410103016915
"1203","University of Florida",1475297.6131485,1834772.2310469,3310069.8441954,"Florida","Kat Cammack","Republican","FL","12",3894785.69871204,4843798.68996382,8738584.38867586,20.4902446270625,25.4829476534292,45.9731922804917
"1203","Foundation for Applied Molecular Evolution, Inc.",55453.2842239699,0,55453.2842239699,"Florida","Kat Cammack","Republican","FL","12",146396.670351281,0,146396.670351281,0.770184503110694,0,0.770184503110694
"1203","The University of Central Florida Board of Trustees",7110.52554058766,11974.0990747335,19084.6246153211,"Florida","Kat Cammack","Republican","FL","12",18771.7874271514,31611.6215572964,50383.4089844478,0.0987572991748287,0.166306931593521,0.265064230768349
"1203","Florida State University",7067.44901372607,6662.94013251443,13730.3891462405,"Florida","Kat Cammack","Republican","FL","12",18658.0653962368,17590.1619498381,36248.2273460749,0.0981590140795288,0.0925408351738115,0.19069984925334
"1203","University of South Florida",1481.52323968098,3201.09177773472,4682.6150174157,"Florida","Kat Cammack","Republican","FL","12",3911.22135275778,8450.88229321967,12362.1036459774,0.0205767116622358,0.0444596080240934,0.0650363196863292
"1204","University of Florida",45864.1745020259,57039.551224256,102903.725726282,"Florida","Aaron Bean","Republican","FL","12",121081.420685348,150584.415232036,271665.835917384,0.637002423639248,0.792215989225778,1.42921841286503
"1204","Florida Atlantic University",1421.58492668629,21684.3416130696,23105.9265397559,"Florida","Aaron Bean","Republican","FL","12",3752.98420645181,57246.6618585038,60999.6460649556,0.0197442350928651,0.301171411292634,0.320915646385499
"1204","University of North Florida",11085.1143925218,8580.60187755327,19665.7162700751,"Florida","Aaron Bean","Republican","FL","12",29264.7019962576,22652.7889567406,51917.4909529983,0.153959922118359,0.119175026077129,0.273134948195488
"1204","The University of Central Florida Board of Trustees",4490.85823616063,7562.58888930536,12053.447125466,"Florida","Aaron Bean","Republican","FL","12",11855.8657434641,19965.2346677661,31821.1004112302,0.0623730310577865,0.105035956795908,0.167408987853694
"1204","Florida State University",4770.5280842651,4497.48458944724,9268.01267371234,"Florida","Aaron Bean","Republican","FL","12",12594.1941424599,11873.3593161407,24467.5534586006,0.0662573345036819,0.0624650637423228,0.128722398246005
"1205","University of North Florida",24648.6473741141,19079.6614674678,43728.3088415818,"Florida","John H. Rutherford","Republican","FL","12",65072.4290676611,50370.306274115,115442.735341776,0.342342324640473,0.264995298159275,0.607337622799748
"1205","University of Florida",14255.0812641432,17728.5091642958,31983.590428439,"Florida","John H. Rutherford","Republican","FL","12",37633.414537338,46803.2641937409,84436.6787310789,0.197987239779766,0.246229293948553,0.444216533728319
"1205","Florida Atlantic University",1010.69493126534,15416.7744358701,16427.4693671354,"Florida","John H. Rutherford","Republican","FL","12",2668.23461854049,40700.2845106971,43368.5191292376,0.0140374296009074,0.214121867164863,0.22815929676577
"1205","The University of Central Florida Board of Trustees",4023.06050322723,6774.81921333605,10797.8797165633,"Florida","John H. Rutherford","Republican","FL","12",10620.8797285199,17885.5227232072,28506.4024517271,0.0558758403226004,0.094094711296334,0.149970551618934
"1205","Florida State University",5123.9005349514,4830.63159607296,9954.53213102436,"Florida","John H. Rutherford","Republican","FL","12",13527.0974122717,12752.8674136326,26279.9648259043,0.0711652852076584,0.0670921055010133,0.138257390708672
"1206","University of Florida",64664.3541402437,80420.6285278925,145084.982668136,"Florida","Randy Fine","Republican","FL","12",170713.894930243,212310.459313636,383024.35424388,0.898116029725607,1.11695317399851,2.01506920372411
"1206","The University of Central Florida Board of Trustees",12536.9792426151,21112.2273159775,33649.2065585925,"Florida","Randy Fine","Republican","FL","12",33097.6252005038,55736.2801141805,88833.9053146843,0.174124711702987,0.293225379388576,0.467350091091563
"1206","Embry-Riddle Aeronautical University",0,29072.3016721285,29072.3016721285,"Florida","Randy Fine","Republican","FL","12",0,76750.8764144193,76750.8764144193,0,0.403781967668452,0.403781967668452
"1206","Florida State University",4770.5280842651,4497.48458944724,9268.01267371234,"Florida","Randy Fine","Republican","FL","12",12594.1941424599,11873.3593161407,24467.5534586006,0.0662573345036819,0.0624650637423228,0.128722398246005
"1206","Florida Institute of Technology",315.903217397392,2695.4710844942,3011.37430189159,"Florida","Randy Fine","Republican","FL","12",833.984493929116,7116.04366306469,7950.02815699381,0.00438754468607489,0.0374370983957528,0.0418246430818277
"1207","The University of Central Florida Board of Trustees",211631.69437907,356387.001408515,568018.695787585,"Florida","Cory Mills","Republican","FL","12",558707.673160744,940861.68371848,1499569.35687922,2.93932908859819,4.94981946400715,7.88914855260534
"1207","Embry-Riddle Aeronautical University",0,18707.0228968087,18707.0228968087,"Florida","Cory Mills","Republican","FL","12",0,49386.540447575,49386.540447575,0,0.259819762455676,0.259819762455676
"1207","University of Florida",7437.43370303123,9249.65695528476,16687.090658316,"Florida","Cory Mills","Republican","FL","12",19634.8249760024,24419.0943619518,44053.9193379542,0.103297690319878,0.128467457712288,0.231765148032166
"1207","Florida State University",4240.46940823564,3997.76407950866,8238.2334877443,"Florida","Cory Mills","Republican","FL","12",11194.8392377421,10554.0971699029,21748.936407645,0.0588954084477173,0.0555245011042869,0.114419909552004
"1207","MICRO-GRX, INCORPORATED",0,4798.39389250956,4798.39389250956,"Florida","Cory Mills","Republican","FL","12",0,12667.7598762252,12667.7598762252,0,0.0666443596181884,0.0666443596181884
"1208","Florida Institute of Technology",28014.8716882869,239039.276629463,267054.14831775,"Florida","Mike Haridopolos","Republican","FL","12",73959.2612570775,631063.690301782,705022.95155886,0.389095440115096,3.31998995318699,3.70908539330208
"1208","The University of Central Florida Board of Trustees",45189.2610013663,76098.5506986352,121287.811700002,"Florida","Mike Haridopolos","Republican","FL","12",119299.649043607,200900.173844397,320199.822888004,0.627628625018977,1.05692431525882,1.6845529402778
"1208","University of Florida",3098.93070959634,3854.02373136865,6952.95444096499,"Florida","Mike Haridopolos","Republican","FL","12",8181.17707333435,10174.6226508132,18355.7997241476,0.0430407042999492,0.0535281073801201,0.0965688116800694
"1208","Florida Atlantic University",297.541031166898,4538.5831283169,4836.1241594838,"Florida","Mike Haridopolos","Republican","FL","12",785.508322280611,11981.8594587566,12767.3677810372,0.00413251432176247,0.0630358767821792,0.0671683911039417
"1208","Florida State University",1766.86225343152,1665.73503312861,3432.59728656013,"Florida","Mike Haridopolos","Republican","FL","12",4664.51634905921,4397.54048745952,9062.05683651873,0.0245397535198822,0.0231352087934529,0.0476749623133351
"1209","The University of Central Florida Board of Trustees",69888.9813002498,117692.789589815,187581.770890064,"Florida","Darren Soto","Democrat","FL","12",184506.91063266,310708.964517111,495215.87514977,0.970680295836803,1.63462207763631,2.60530237347312
"1209","MICRO-GRX, INCORPORATED",0,19062.5808406285,19062.5808406285,"Florida","Darren Soto","Democrat","FL","12",0,50325.2134192592,50325.2134192592,0,0.264758067230951,0.264758067230951
"1209","University of Florida",3925.31223215537,4881.76339306696,8807.07562522233,"Florida","Darren Soto","Democrat","FL","12",10362.8242928902,12887.8553576968,23250.6796505869,0.0545182254466023,0.0678022693481522,0.122320494794755
"1209","University of South Florida",1083.26430428286,2340.58323533292,3423.84753961578,"Florida","Darren Soto","Democrat","FL","12",2859.81776330676,6179.1397412789,9038.95750458566,0.0150453375594842,0.0325081004907349,0.0475534380502192
"1209","Clemson University",1126.42854461948,2047.01118641853,3173.43973103801,"Florida","Darren Soto","Democrat","FL","12",2973.77135779542,5404.10953214493,8377.88088994034,0.0156448408974927,0.0284307109224796,0.0440755518199724
"1210","The University of Central Florida Board of Trustees",264679.957293717,445720.082663434,710400.039957152,"Florida","Maxwell Frost","Democrat","FL","12",698755.087255413,1176701.01823147,1875456.10548688,3.67611051796829,6.19055670365881,9.8666672216271
"1210","MICRO-GRX, INCORPORATED",0,13455.4368795891,13455.4368795891,"Florida","Maxwell Frost","Democrat","FL","12",0,35522.3533621153,35522.3533621153,0,0.186881067772071,0.186881067772071
"1210","University of Florida",5784.67065791318,7194.17763188815,12978.8482898013,"Florida","Maxwell Frost","Democrat","FL","12",15271.5305368908,18992.6289481847,34264.1594850755,0.0803426480265719,0.0999191337762242,0.180261781802796
"1210","Clemson University",3379.28563385843,6141.0335592556,9520.31919311403,"Florida","Maxwell Frost","Democrat","FL","12",8921.31407338625,16212.3285964348,25133.642669821,0.0469345226924781,0.0852921327674389,0.132226655459917
"1210","Florida State University",3003.66583083358,2831.74955631863,5835.41538715221,"Florida","Maxwell Frost","Democrat","FL","12",7929.67779340065,7475.81882868119,15405.4966220818,0.0417175809837997,0.0393298549488699,0.0810474359326696
"1211","The University of Central Florida Board of Trustees",30126.1740009109,50732.3671324234,80858.5411333343,"Florida","Daniel Webster","Republican","FL","12",79533.0993624048,133933.449229598,213466.548592003,0.418419083345985,0.704616210172548,1.12303529351853
"1211","University of Florida",8263.81522559025,10277.3966169831,18541.2118425733,"Florida","Daniel Webster","Republican","FL","12",21816.4721955583,27132.3270688353,48948.7992643936,0.114775211466531,0.14274161968032,0.257516831146852
"1211","University of South Florida",1226.63752102619,2650.36631059757,3877.00383162375,"Florida","Daniel Webster","Republican","FL","12",3238.32305550913,6996.96705997757,10235.2901154867,0.0170366322364748,0.036810643202744,0.0538472754392188
"1211","MICRO-GRX, INCORPORATED",0,3237.84798562811,3237.84798562811,"Florida","Daniel Webster","Republican","FL","12",0,8547.91868205822,8547.91868205822,0,0.0449701109115016,0.0449701109115016
"1211","Florida Institute of Technology",330.262454551819,2817.99249742576,3148.25495197757,"Florida","Daniel Webster","Republican","FL","12",871.892880016803,7439.50019320399,8311.3930732208,0.00458697853544193,0.0391387846864688,0.0437257632219108
"1212","University of South Florida",20056.3199866489,43335.210195355,63391.530182004,"Florida","Gus M. Bilirakis","Republican","FL","12",52948.6847647532,114404.954915737,167353.63968049,0.278559999814568,0.601877919379931,0.880437919194499
"1212","University of Florida",8470.41060623001,10534.3315324076,19004.7421386376,"Florida","Gus M. Bilirakis","Republican","FL","12",22361.8840004472,27810.6352455562,50172.5192460034,0.117644591753195,0.146310160172328,0.263954751925523
"1212","The University of Central Florida Board of Trustees",2900.34594418707,4884.17199100971,7784.51793519678,"Florida","Gus M. Bilirakis","Republican","FL","12",7656.91329265388,12894.2140562656,20551.1273489195,0.0402825825581538,0.0678357220973571,0.108118304655511
"1212","H. Lee Moffitt Cancer Center and Research Institute Hospital Inc",5215.96465951647,0,5215.96465951647,"Florida","Gus M. Bilirakis","Republican","FL","12",13770.1467011235,0,13770.1467011235,0.0724439536043955,0,0.0724439536043955
"1212","University of Tampa",3985.8311165868,0,3985.8311165868,"Florida","Gus M. Bilirakis","Republican","FL","12",10522.5941477892,0,10522.5941477892,0.05535876550815,0,0.05535876550815
"1213","University of South Florida",13827.5502370225,29876.8565921908,43704.4068292132,"Florida","Anna Paulina Luna","Republican","FL","12",36504.7326257393,78874.9014033836,115379.634029123,0.192049308847534,0.414956341558205,0.607005650405739
"1213","University of Florida",6817.64756111196,8478.85220901103,15296.499770123,"Florida","Anna Paulina Luna","Republican","FL","12",17998.5895613356,22384.1698317891,40382.7593931247,0.0946895494598883,0.117761836236264,0.212451385696153
"1213","The University of Central Florida Board of Trustees",5145.77506226739,8665.46643566239,13811.2414979298,"Florida","Anna Paulina Luna","Republican","FL","12",13584.8461643859,22876.8313901487,36461.6775545346,0.0714690980870471,0.120353700495311,0.191822798582358
"1213","University of Tampa",6719.56868869607,0,6719.56868869607,"Florida","Anna Paulina Luna","Republican","FL","12",17739.6613381576,0,17739.6613381576,0.0933273428985566,0,0.0933273428985566
"1213","H. Lee Moffitt Cancer Center and Research Institute Hospital Inc",3596.07412586203,0,3596.07412586203,"Florida","Anna Paulina Luna","Republican","FL","12",9493.63569227577,0,9493.63569227577,0.049945473970306,0,0.049945473970306
"1214","University of South Florida",60216.7510321946,130108.891611153,190325.642643348,"Florida","Kathy Castor","Democrat","FL","12",158972.222724994,343487.473853445,502459.696578438,0.836343764336035,1.8070679390438,2.64341170337983
"1214","University of Tampa",37562.8063343259,0,37562.8063343259,"Florida","Kathy Castor","Democrat","FL","12",99165.8087226203,0,99165.8087226203,0.521705643532304,0,0.521705643532304
"1214","University of Florida",8263.81522559025,10277.3966169831,18541.2118425733,"Florida","Kathy Castor","Democrat","FL","12",21816.4721955583,27132.3270688353,48948.7992643936,0.114775211466531,0.14274161968032,0.257516831146852
"1214","H. Lee Moffitt Cancer Center and Research Institute Hospital Inc",15660.3228061734,0,15660.3228061734,"Florida","Kathy Castor","Democrat","FL","12",41343.2522082977,0,41343.2522082977,0.217504483419075,0,0.217504483419075
"1214","The University of Central Florida Board of Trustees",3087.46503736043,5199.27986139743,8286.74489875786,"Florida","Kathy Castor","Democrat","FL","12",8150.90769863154,13726.0988340892,21877.0065327208,0.0428814588522282,0.0722122202971866,0.115093679149415
"1215","University of South Florida",105060.707158022,227002.153485597,332062.860643619,"Florida","Laurel M. Lee","Republican","FL","12",277360.266897178,599285.685201976,876645.952099154,1.45917648830586,3.15280768729995,4.61198417560582
"1215","H. Lee Moffitt Cancer Center and Research Institute Hospital Inc",27322.7060599771,0,27322.7060599771,"Florida","Laurel M. Lee","Republican","FL","12",72131.9439983395,0,72131.9439983395,0.379482028610793,0,0.379482028610793
"1215","University of Tampa",15212.936565402,0,15212.936565402,"Florida","Laurel M. Lee","Republican","FL","12",40162.1525326612,0,40162.1525326612,0.211290785630583,0,0.211290785630583
"1215","The University of Central Florida Board of Trustees",5613.57279520079,9453.2361116317,15066.8089068325,"Florida","Laurel M. Lee","Republican","FL","12",14819.8321793301,24956.5433347077,39776.3755140378,0.0779662888222332,0.131294945994885,0.209261234817118
"1215","University of Florida",5164.88451599391,6423.37288561442,11588.2574016083,"Florida","Laurel M. Lee","Republican","FL","12",13635.2951222239,16957.7044180221,30592.999540246,0.071734507166582,0.0892135123002002,0.160948019466782
"1216","University of South Florida",22366.221811958,48326.1597412855,70692.3815532435,"Florida","Vern Buchanan","Republican","FL","12",59046.825583569,127581.061716994,186627.887300563,0.310641969610527,0.67119666307341,0.981838632683937
"1216","University of Florida",5784.67065791318,7194.17763188815,12978.8482898013,"Florida","Vern Buchanan","Republican","FL","12",15271.5305368908,18992.6289481847,34264.1594850755,0.0803426480265719,0.0999191337762242,0.180261781802796
"1216","University of Tampa",10225.4306132332,0,10225.4306132332,"Florida","Vern Buchanan","Republican","FL","12",26995.1368189355,0,26995.1368189355,0.142019869628238,0,0.142019869628238
"1216","The University of Central Florida Board of Trustees",3742.38186346719,6302.15740775446,10044.5392712217,"Florida","Vern Buchanan","Republican","FL","12",9879.88811955339,16637.6955564718,26517.5836760252,0.0519775258814888,0.0875299639965898,0.139507489878079
"1216","Florida State University",3887.09695754934,3664.61707288294,7551.71403043227,"Florida","Vern Buchanan","Republican","FL","12",10261.9359679303,9674.58907241095,19936.5250403412,0.0539874577437408,0.0508974593455963,0.104884917089337
"1217","University of Florida",4545.09837407464,5652.56813934069,10197.6665134153,"Florida","W. Gregory Steube","Republican","FL","12",11999.059707557,14922.7798878594,26921.8395954165,0.0631263663065922,0.0785078908241762,0.141634257130768
"1217","University of South Florida",2978.97683677788,6436.60389716552,9415.5807339434,"Florida","W. Gregory Steube","Republican","FL","12",7864.4988490936,16992.634288517,24857.1331376106,0.0413746782885816,0.0893972763495211,0.130771954638103
"1217","Florida State University",3357.03828151988,3164.89656294435,6521.93484446424,"Florida","W. Gregory Steube","Republican","FL","12",8862.58106321249,8355.32692617309,17217.9079893856,0.0466255316877762,0.0439568967075605,0.0905824283953366
"1217","The University of Central Florida Board of Trustees",2338.988664667,3938.84837984654,6277.83704451354,"Florida","W. Gregory Steube","Republican","FL","12",6174.93007472087,10398.5597227949,16573.4897975157,0.0324859536759305,0.0547062274978686,0.0871921811737991
"1217","University of Miami",934.976492359437,971.698042653492,1906.67453501293,"Florida","W. Gregory Steube","Republican","FL","12",2468.33793982891,2565.28283260522,5033.62077243413,0.0129857846161033,0.0134958061479652,0.0264815907640685
"1218","Florida Polytechnic University",0,16738.2886035353,16738.2886035353,"Florida","C. Scott Franklin","Republican","FL","12",0,44189.0819133331,44189.0819133331,0,0.232476230604656,0.232476230604656
"1218","The University of Central Florida Board of Trustees",5613.57279520079,9453.2361116317,15066.8089068325,"Florida","C. Scott Franklin","Republican","FL","12",14819.8321793301,24956.5433347077,39776.3755140378,0.0779662888222332,0.131294945994885,0.209261234817118
"1218","University of South Florida",2740.02147553901,5920.29877172443,8660.32024726344,"Florida","C. Scott Franklin","Republican","FL","12",7233.65669542299,15629.5887573525,22863.2454527755,0.0380558538269307,0.082226371829506,0.120282225656437
"1218","Florida State University",3357.03828151988,3164.89656294435,6521.93484446424,"Florida","C. Scott Franklin","Republican","FL","12",8862.58106321249,8355.32692617309,17217.9079893856,0.0466255316877762,0.0439568967075605,0.0905824283953366
"1218","University of Florida",2685.73994831683,3340.1539005195,6025.89384883633,"Florida","C. Scott Franklin","Republican","FL","12",7090.35346355644,8818.00629737147,15908.3597609279,0.0373019437266227,0.0463910263961041,0.0836929701227268
"1219","Florida Gulf Coast University",7274.09190183906,0,7274.09190183906,"Florida","Byron Donalds","Republican","FL","12",19203.6026208551,0,19203.6026208551,0.101029054192209,0,0.101029054192209
"1219","University of Florida",3098.93070959634,3854.02373136865,6952.95444096499,"Florida","Byron Donalds","Republican","FL","12",8181.17707333435,10174.6226508132,18355.7997241476,0.0430407042999492,0.0535281073801201,0.0965688116800694
"1219","The University of Central Florida Board of Trustees",2151.86957149364,3623.74050945882,5775.61008095245,"Florida","Byron Donalds","Republican","FL","12",5680.9356687432,9566.67494497128,15247.6106137145,0.029887077381856,0.0503297292980391,0.0802168066798952
"1219","University of South Florida",923.96073012362,1996.37981837219,2920.34054849581,"Florida","Byron Donalds","Republican","FL","12",2439.25632752636,5270.44272050259,7709.69904802895,0.0128327879183836,0.0277274974773916,0.0405602853957752
"1219","University of Miami",1437.09839509183,1457.54706398024,2894.64545907207,"Florida","Byron Donalds","Republican","FL","12",3793.93976304243,3847.92424890783,7641.86401195026,0.019959699931831,0.0202437092219478,0.0402034091537787
"1220","Florida Atlantic University",3140.71088453948,47907.2663544562,51047.9772389957,"Florida","Sheila Cherfilus-McCormick","Democrat","FL","12",8291.47673518423,126475.183175764,134766.659910949,0.0436209845074928,0.665378699367447,0.70899968387494
"1220","University of Miami",15121.2476083301,15547.1686824559,30668.416290786,"Florida","Sheila Cherfilus-McCormick","Democrat","FL","12",39920.0936859916,41044.5253216835,80964.6190076751,0.210017327893474,0.215932898367443,0.425950226260917
"1220","Florida International University",4985.12721872949,6941.1892453651,11926.3164640946,"Florida","Sheila Cherfilus-McCormick","Democrat","FL","12",13160.7358574459,18324.7396077639,31485.4754652097,0.0692378780379096,0.0964054061856264,0.165643284223536
"1220","The University of Central Florida Board of Trustees",2900.34594418707,4884.17199100971,7784.51793519678,"Florida","Sheila Cherfilus-McCormick","Democrat","FL","12",7656.91329265388,12894.2140562656,20551.1273489195,0.0402825825581538,0.0678357220973571,0.108118304655511
"1220","University of Florida",3098.93070959634,3854.02373136865,6952.95444096499,"Florida","Sheila Cherfilus-McCormick","Democrat","FL","12",8181.17707333435,10174.6226508132,18355.7997241476,0.0430407042999492,0.0535281073801201,0.0965688116800694
"1221","Florida Atlantic University",1723.84883136377,26294.9657434233,28018.8145747871,"Florida","Brian J. Mast","Republican","FL","12",4550.96091480036,69418.7095626376,73969.6704774379,0.0239423448800524,0.365207857547546,0.389150202427599
"1221","University of Miami",7263.38464406198,7530.65983056457,14794.0444746265,"Florida","Brian J. Mast","Republican","FL","12",19175.3354603236,19880.9419526905,39056.2774130141,0.100880342278639,0.10459249764673,0.205472839925369
"1221","The University of Central Florida Board of Trustees",4303.73914298727,7247.48101891763,11551.2201619049,"Florida","Brian J. Mast","Republican","FL","12",11361.8713374864,19133.3498899426,30495.2212274289,0.0597741547637121,0.100659458596078,0.16043361335979
"1221","University of Florida",3512.12147087586,4367.8935622178,7880.01503309366,"Florida","Brian J. Mast","Republican","FL","12",9272.00068311226,11531.239004255,20803.2396873673,0.0487794648732758,0.0606651883641361,0.109444653237412
"1221","Florida State University",2296.92092946097,2165.45554306719,4462.37647252816,"Florida","Brian J. Mast","Republican","FL","12",6063.87125377697,5716.80263369738,11780.6738874743,0.0319016795758469,0.0300757714314887,0.0619774510073356
"1222","Florida Atlantic University",7816.3556600193,119227.858370865,127044.214030884,"Florida","Lois Frankel","Democrat","FL","12",20635.178942451,314761.546099083,335396.725041534,0.108560495278046,1.65594247737312,1.76450297265117
"1222","University of Miami",9854.80602301351,9959.9049371983,19814.7109602118,"Florida","Lois Frankel","Democrat","FL","12",26016.6879007557,26294.1490342035,52310.8369349592,0.136872305875188,0.138332013016643,0.275204318891831
"1222","The University of Central Florida Board of Trustees",3368.14367712047,5671.94166697902,9040.08534409949,"Florida","Lois Frankel","Democrat","FL","12",8891.89930759805,14973.9260008246,23865.8253084227,0.0467797732933399,0.0787769675969308,0.125556740890271
"1222","Florida International University",2637.63344906322,3672.58690230958,6310.2203513728,"Florida","Lois Frankel","Democrat","FL","12",6963.35230552691,9695.62942209728,16658.9817276242,0.0366337979036559,0.0510081514209663,0.0876419493246222
"1222","University of Florida",2479.14456767708,3083.21898509492,5562.36355277199,"Florida","Lois Frankel","Democrat","FL","12",6544.94165866748,8139.69812065059,14684.6397793181,0.0344325634399594,0.0428224859040961,0.0772550493440555
"1223","Florida Atlantic University",12345.591356671,188315.179324133,200660.770680804,"Florida","Jared Moskowitz","Democrat","FL","12",32592.3611816114,497152.073415711,529744.434597322,0.17146654662043,2.61548860172407,2.7869551483445
"1223","University of Miami",13460.4900439893,13968.159363144,27428.6494071333,"Florida","Jared Moskowitz","Democrat","FL","12",35535.6937161318,36875.9407187,72411.6344348318,0.186951250610963,0.194002213376999,0.380953463987962
"1223","North Carolina State University",2447.89643019388,11096.8342786262,13544.73070882,"Florida","Jared Moskowitz","Democrat","FL","12",6462.44657571185,29295.6424955731,35758.0890712849,0.0339985615304706,0.154122698314252,0.188121259844723
"1223","University of Florida",5578.07527727342,6937.24271646357,12515.317993737,"Florida","Jared Moskowitz","Democrat","FL","12",14726.1187320018,18314.3207714638,33040.4395034656,0.0774732677399086,0.0963505932842162,0.173823861024125
"1223","The University of Central Florida Board of Trustees",4490.85823616063,7562.58888930536,12053.447125466,"Florida","Jared Moskowitz","Democrat","FL","12",11855.8657434641,19965.2346677661,31821.1004112302,0.0623730310577865,0.105035956795908,0.167408987853694
"1224","University of Miami",105305.610367401,112716.972947805,218022.583315207,"Florida","Frederica S. Wilson","Democrat","FL","12",278006.81136994,297572.808582205,575579.619952145,1.46257792176946,1.56551351316396,3.02809143493342
"1224","Florida International University",22868.2820033781,31841.328443024,54709.6104464022,"Florida","Frederica S. Wilson","Democrat","FL","12",60372.2644889183,84061.1070895834,144433.371578502,0.317615027824696,0.442240672819778,0.759855700644474
"1224","Florida Atlantic University",618.696429886724,9437.37126681768,10056.0676967044,"Florida","Frederica S. Wilson","Democrat","FL","12",1633.35857490095,24914.6601443987,26548.0187192996,0.00859300597064895,0.131074600928023,0.139667606898672
"1224","University of Florida",2272.54918703732,2826.28406967034,5098.83325670766,"Florida","Frederica S. Wilson","Democrat","FL","12",5999.52985377852,7461.3899439297,13460.9197977082,0.0315631831532961,0.0392539454120881,0.0708171285653842
"1224","The University of Central Florida Board of Trustees",1403.3931988002,2363.30902790792,3766.70222670812,"Florida","Frederica S. Wilson","Democrat","FL","12",3704.95804483252,6239.13583367692,9944.09387850944,0.0194915722055583,0.0328237364987212,0.0523153087042795
"1225","University of Miami",56729.0949993871,59152.1183465314,115881.213345918,"Florida","Debbie Wasserman Schultz","Democrat","FL","12",149764.810798382,156161.592434843,305926.403233225,0.78790409721371,0.82155719925738,1.60946129647109
"1225","Florida International University",20151.519550843,28058.5639336452,48210.0834844882,"Florida","Debbie Wasserman Schultz","Democrat","FL","12",53200.0116142256,74074.6087848232,127274.620399049,0.279882215983931,0.389702276856183,0.669584492840114
"1225","Florida Atlantic University",1926.93239231896,29392.7288310047,31319.6612233237,"Florida","Debbie Wasserman Schultz","Democrat","FL","12",5087.10151572205,77596.8041138524,82683.9056295745,0.0267629498933189,0.408232344875065,0.434995294768384
"1225","The University of Central Florida Board of Trustees",3742.38186346719,6302.15740775446,10044.5392712217,"Florida","Debbie Wasserman Schultz","Democrat","FL","12",9879.88811955339,16637.6955564718,26517.5836760252,0.0519775258814888,0.0875299639965898,0.139507489878079
"1225","University of Florida",4338.50299343488,5395.63322391611,9734.13621735099,"Florida","Debbie Wasserman Schultz","Democrat","FL","12",11453.6479026681,14244.4717111385,25698.1196138066,0.0602569860199289,0.0749393503321682,0.135196336352097
"1226","University of Miami",70146.1937967635,73849.0512416654,143995.245038429,"Florida","Mario Diaz-Balart","Republican","FL","12",185185.951623456,194961.495277997,380147.446901452,0.974252691621715,1.02568126724535,1.99993395886707
"1226","Florida International University",16379.7037186826,22806.7646633425,39186.4683820251,"Florida","Mario Diaz-Balart","Republican","FL","12",43242.4178173221,60209.8587112241,103452.276528546,0.227495884981703,0.316760620324201,0.544256505305904
"1226","Florida Atlantic University",306.986778188069,4682.66513239045,4989.65191057852,"Florida","Mario Diaz-Balart","Republican","FL","12",810.445094416503,12362.2359495108,13172.6810439273,0.00426370525261207,0.0650370157276452,0.0693007209802573
"1226","The University of Central Florida Board of Trustees",1216.27410562684,2048.2011575202,3264.47526314704,"Florida","Mario Diaz-Balart","Republican","FL","12",3210.96363885485,5407.25105585333,8618.21469470818,0.0168926959114839,0.0284472382988917,0.0453399342103755
"1226","Florida State University",1060.11735205891,999.441019877164,2059.55837193608,"Florida","Mario Diaz-Balart","Republican","FL","12",2798.70980943553,2638.52429247571,5437.23410191124,0.0147238521119293,0.0138811252760717,0.028604977388001
"1227","University of Miami",361127.636651241,373982.284166263,735109.920817504,"Florida","Maria Elvira Salazar","Republican","FL","12",953376.960759277,987313.230198934,1940690.19095821,5.01566162015613,5.1941983911981,10.2098600113542
"1227","Florida International University",62670.1707497422,87260.6647988755,149930.835548618,"Florida","Maria Elvira Salazar","Republican","FL","12",165449.250779319,230368.155069031,395817.405848351,0.870419038190863,1.21195367776216,2.08237271595302
"1227","Florida Atlantic University",288.095284145727,4394.50112424335,4682.59640838907,"Florida","Maria Elvira Salazar","Republican","FL","12",760.571550144718,11601.4829680024,12362.0545181472,0.00400132339091287,0.0610347378367132,0.065036061227626
"1227","The University of Central Florida Board of Trustees",1216.27410562684,2048.2011575202,3264.47526314704,"Florida","Maria Elvira Salazar","Republican","FL","12",3210.96363885485,5407.25105585333,8618.21469470818,0.0168926959114839,0.0284472382988917,0.0453399342103755
"1227","Florida State University",1413.48980274521,1332.58802650289,2746.0778292481,"Florida","Maria Elvira Salazar","Republican","FL","12",3731.61307924737,3518.03238996762,7249.64546921498,0.0196318028159058,0.0185081670347623,0.038139969850668
"1228","University of Miami",158883.825991566,144904.470610702,303788.296602268,"Florida","Carlos A. Gimenez","Republican","FL","12",419453.300617733,382547.802412253,802001.103029986,2.20671980543841,2.01256209181531,4.21928189725372
"1228","Florida International University",54941.9047439869,76499.9851751085,131441.889919095,"Florida","Carlos A. Gimenez","Republican","FL","12",145046.628524125,201959.960862286,347006.589386412,0.763082010333152,1.06249979409873,1.82558180443188
"1228","Florida Atlantic University",231.420802018698,3530.00909980203,3761.42990182073,"Florida","Carlos A. Gimenez","Republican","FL","12",610.950917329364,9319.22402347737,9930.17494080673,0.00321417780581526,0.0490279041639171,0.0522420819697324
"1228","University of Florida",1239.57228383854,1541.60949254746,2781.181776386,"Florida","Carlos A. Gimenez","Republican","FL","12",3272.47082933374,4069.84906032529,7342.31988965903,0.0172162817199797,0.0214112429520481,0.0386275246720277
"1228","Florida State University",1060.11735205891,999.441019877164,2059.55837193608,"Florida","Carlos A. Gimenez","Republican","FL","12",2798.70980943553,2638.52429247571,5437.23410191124,0.0147238521119293,0.0138811252760717,0.028604977388001
"1301","University of Georgia Research Foundation Inc",21160.0375804861,24917.0507872546,46077.0883677408,"Georgia","Earl L. “Buddy” Carter","Republican","GA","13",55862.4992124834,65781.0140783523,121643.513290836,0.293889410840085,0.346070149822981,0.639959560663067
"1301","Georgia Southern University Research and Service Foundation, Inc",22467.9767722744,8459.80500302487,30927.7817752993,"Georgia","Earl L. “Buddy” Carter","Republican","GA","13",59315.4586788045,22333.8852079857,81649.3438867902,0.312055232948256,0.117497291708679,0.429552524656935
"1301","Emory University",8185.72545843487,1131.56849803305,9317.29395646791,"Georgia","Earl L. “Buddy” Carter","Republican","GA","13",21610.315210268,2987.34083480725,24597.6560450753,0.113690631367151,0.0157162291393479,0.129406860506499
"1301","University of South Carolina at Columbia",1959.17429462178,1581.26967894716,3540.44397356894,"Georgia","Earl L. “Buddy” Carter","Republican","GA","13",5172.2201378015,4174.5519524205,9346.772090222,0.0272107540919692,0.0219620788742661,0.0491728329662353
"1301","University of Florida",1239.57228383854,1541.60949254746,2781.181776386,"Georgia","Earl L. “Buddy” Carter","Republican","GA","13",3272.47082933374,4069.84906032529,7342.31988965903,0.0172162817199797,0.0214112429520481,0.0386275246720277
"1302","Georgia Tech Research Corporation",14083.2308560767,27244.7048790219,41327.9357350986,"Georgia","Sanford D. Bishop Jr.","Democrat","GA","13",37179.7294600426,71926.0208806178,109105.75034066,0.195600428556621,0.378398678875304,0.573999107431926
"1302","Florida State University",21202.3470411782,19988.8203975433,41191.1674387215,"Georgia","Sanford D. Bishop Jr.","Democrat","GA","13",55974.1961887105,52770.4858495143,108744.682038225,0.294477042238586,0.277622505521434,0.572099547760021
"1302","University of Georgia Research Foundation Inc",13835.4091872409,16291.9178224357,30127.3270096767,"Georgia","Sanford D. Bishop Jr.","Democrat","GA","13",36525.4802543161,43010.6630512303,79536.1433055464,0.192158460933902,0.226276636422718,0.41843509735662
"1302","Auburn University",2985.22242028765,6522.9380346605,9508.16045494815,"Georgia","Sanford D. Bishop Jr.","Democrat","GA","13",7880.9871895594,17220.5564115037,25101.5436010631,0.0414614225039951,0.0905963615925069,0.132057784096502
"1302","Emory University",7512.9261056868,1038.56286805773,8551.48897374452,"Georgia","Sanford D. Bishop Jr.","Democrat","GA","13",19834.1249190131,2741.8059716724,22575.9308906855,0.104346195912317,0.0144244842785796,0.118770680190896
"1303","Georgia Tech Research Corporation",69451.5494272278,134357.448718464,203808.998145692,"Georgia","Brian Jack","Republican","GA","13",183352.090487881,354703.664616745,538055.755104627,0.964604853155941,1.86607567664534,2.83068052980128
"1303","Emory University",76923.3926641962,10633.6436938448,87557.036358041,"Georgia","Brian Jack","Republican","GA","13",203077.756633478,28072.8193517503,231150.575985228,1.06838045366939,0.147689495747845,1.21606994941724
"1303","Auburn University",8955.66726086295,19568.8141039815,28524.4813648444,"Georgia","Brian Jack","Republican","GA","13",23642.9615686782,51661.6692345112,75304.6308031893,0.124384267511985,0.271789084777521,0.396173352289506
"1303","University of Georgia Research Foundation Inc",13021.5615879915,15333.5697152336,28355.1313032251,"Georgia","Brian Jack","Republican","GA","13",34376.9225922975,40480.6240482168,74857.5466405143,0.180855022055437,0.212966246044912,0.393821268100349
"1303","Clark Atlanta University",17202.1567366327,0,17202.1567366327,"Georgia","Brian Jack","Republican","GA","13",45413.6937847104,0,45413.6937847104,0.238918843564343,0,0.238918843564343
"1304","Georgia Tech Research Corporation",193113.89160182,373588.350464396,566702.242066215,"Georgia","Henry C. “Hank” Johnson Jr.","Democrat","GA","13",509820.673828803,986273.245226006,1496093.91905481,2.6821373833586,5.18872708978328,7.87086447314188
"1304","Emory University",493722.591691626,68250.6314635549,561973.223155181,"Georgia","Henry C. “Hank” Johnson Jr.","Democrat","GA","13",1303427.64206589,180181.667063785,1483609.30912968,6.85725821793925,0.947925436993818,7.80518365493307
"1304","Clark Atlanta University",52904.7461900214,0,52904.7461900214,"Georgia","Henry C. “Hank” Johnson Jr.","Democrat","GA","13",139668.529941657,0,139668.529941657,0.734788141528075,0,0.734788141528075
"1304","Georgia State University Research Foundation, Inc.",39332.374772966,7592.30162421517,46924.6763971811,"Georgia","Henry C. “Hank” Johnson Jr.","Democrat","GA","13",103837.46940063,20043.6762879281,123881.145688558,0.54628298295786,0.105448633669655,0.651731616627516
"1304","University of Georgia Research Foundation Inc",21160.0375804861,24917.0507872546,46077.0883677408,"Georgia","Henry C. “Hank” Johnson Jr.","Democrat","GA","13",55862.4992124834,65781.0140783523,121643.513290836,0.293889410840085,0.346070149822981,0.639959560663067
"1305","Georgia Tech Research Corporation",573168.20374526,1108822.16706266,1681990.37080792,"Georgia","Nikema Williams","Democrat","GA","13",1513164.05788749,2927290.52104542,4440454.5789329,7.96066949646195,15.4003078758702,23.3609773723322
"1305","Emory University",964794.271840734,133370.073384607,1098164.34522534,"Georgia","Nikema Williams","Democrat","GA","13",2547056.87765954,352096.993735364,2899153.8713949,13.3999204422324,1.85236213034177,15.2522825725742
"1305","Clark Atlanta University",121064.235146491,0,121064.235146491,"Georgia","Nikema Williams","Democrat","GA","13",319609.580786736,0,319609.580786736,1.68144771036793,0,1.68144771036793
"1305","Georgia State University Research Foundation, Inc.",65337.8316983291,12612.1173356377,77949.9490339668,"Georgia","Nikema Williams","Democrat","GA","13",172491.875683589,33295.9897660835,205787.865449672,0.907469884699016,0.175168296328301,1.08263818102732
"1305","Morehouse School of Medicine",0,39380.8773815568,39380.8773815568,"Georgia","Nikema Williams","Democrat","GA","13",0,103965.51628731,103965.51628731,0,0.5469566302994,0.5469566302994
"1306","Georgia Tech Research Corporation",322563.862895347,624015.7062702,946579.569165547,"Georgia","Lucy McBath","Democrat","GA","13",851568.598043716,1647401.46455333,2498970.06259704,4.48005365132426,8.66688480930833,13.1469384606326
"1306","Emory University",276184.134303083,38178.8111048685,314362.945407952,"Georgia","Lucy McBath","Democrat","GA","13",729126.11456014,100792.061316853,829918.175876993,3.83589075420949,0.530261265345395,4.36615201955489
"1306","Clark Atlanta University",89256.4736334717,0,89256.4736334717,"Georgia","Lucy McBath","Democrat","GA","13",235637.090392365,0,235637.090392365,1.23967324490933,0,1.23967324490933
"1306","Georgia State University Research Foundation, Inc.",41449.3705154632,8000.94387648177,49450.314391945,"Georgia","Lucy McBath","Democrat","GA","13",109426.338160823,21122.4918339119,130548.829994735,0.575685701603656,0.111124220506691,0.686809922110347
"1306","University of Georgia Research Foundation Inc",14649.2567864904,17250.2659296378,31899.5227161282,"Georgia","Lucy McBath","Democrat","GA","13",38674.0379163347,45540.7020542439,84214.7399705786,0.203461899812367,0.239587026800525,0.443048926612892
"1307","Georgia Tech Research Corporation",104563.166082104,202282.603348354,306845.769430458,"Georgia","Richard McCormick","Republican","GA","13",276046.758456755,534026.072839655,810072.83129641,1.45226619558478,2.80948060206048,4.26174679764525
"1307","Emory University",164723.708197819,22770.8784056239,187494.586603443,"Georgia","Richard McCormick","Republican","GA","13",434870.589642243,60115.1189908472,494985.708633091,2.28782928052527,0.31626220007811,2.60409148060338
"1307","University of Georgia Research Foundation Inc",26043.1231759829,30667.1394304673,56710.2626064502,"Georgia","Richard McCormick","Republican","GA","13",68753.845184595,80961.2480964336,149715.093281029,0.361710044110874,0.425932492089823,0.787642536200697
"1307","University of North Georgia",26708.6052877174,0,26708.6052877174,"Georgia","Richard McCormick","Republican","GA","13",70510.7179595738,0,70510.7179595738,0.370952851218297,0,0.370952851218297
"1307","Georgia State University Research Foundation, Inc.",15498.5961369542,2991.68349998866,18490.2796369429,"Georgia","Richard McCormick","Republican","GA","13",40916.2938015591,7898.04443997006,48814.3382415292,0.21525827967992,0.0415511597220647,0.256809439401984
"1308","Georgia Tech Research Corporation",12539.8630910272,24258.9837963894,36798.8468874166,"Georgia","Austin Scott","Republican","GA","13",33105.2385603119,64043.7172224679,97148.9557827798,0.174164765153156,0.336930330505408,0.511095095658564
"1308","University of Georgia Research Foundation Inc",13021.5615879915,15333.5697152336,28355.1313032251,"Georgia","Austin Scott","Republican","GA","13",34376.9225922975,40480.6240482168,74857.5466405143,0.180855022055437,0.212966246044912,0.393821268100349
"1308","Georgia Southern University Research and Service Foundation, Inc",8247.7383088096,3105.49803908508,11353.2363478947,"Georgia","Austin Scott","Republican","GA","13",21774.0291352573,8198.51482318461,29972.543958442,0.114551920955689,0.043131917209515,0.157683838165204
"1308","Emory University",8970.65803664095,1240.07506633759,10210.7331029785,"Georgia","Austin Scott","Republican","GA","13",23682.5372167321,3273.79817513123,26956.3353918633,0.124592472731124,0.0172232648102443,0.141815737541369
"1308","Georgia State University Research Foundation, Inc.",3679.35422404508,710.223250249324,4389.5774742944,"Georgia","Austin Scott","Republican","GA","13",9713.495151479,1874.98938065822,11588.4845321372,0.0511021420006261,0.00986421180901839,0.0609663538096444
"1309","Emory University",96658.8403448062,13361.8088397875,110020.649184594,"Georgia","Andrew S. Clyde","Republican","GA","13",255179.338510289,35275.175337039,290454.513847328,1.34248389367786,0.185580678330382,1.52806457200825
"1309","Georgia Tech Research Corporation",31253.1972422525,60460.8519233089,91714.0491655614,"Georgia","Andrew S. Clyde","Republican","GA","13",82508.4407195466,159616.649077535,242125.089797082,0.434072183920174,0.839734054490401,1.27380623841057
"1309","University of Georgia Research Foundation Inc",38250.837164725,45042.3610384988,83293.1982032237,"Georgia","Andrew S. Clyde","Republican","GA","13",100982.210114874,118911.833141637,219894.043256511,0.531261627287847,0.625588347756928,1.15684997504477
"1309","Georgia Gwinnett College",20911.4909608842,0,20911.4909608842,"Georgia","Andrew S. Clyde","Republican","GA","13",55206.3361367344,0,55206.3361367344,0.290437374456726,0,0.290437374456726
"1309","Clemson University",5632.14272309738,10235.0559320927,15867.19865519,"Georgia","Andrew S. Clyde","Republican","GA","13",14868.8567889771,27020.5476607246,41889.4044497017,0.0782242044874636,0.142153554612398,0.220377759099862
"1310","University of Georgia Research Foundation Inc",280777.421741066,330630.096984725,611407.518725791,"Georgia","Mike Collins","Republican","GA","13",741252.393396414,872863.456039674,1614115.84943609,3.89968641307036,4.5920846803434,8.49177109341377
"1310","Georgia Tech Research Corporation",43407.2183920174,83973.4054490401,127380.623841057,"Georgia","Mike Collins","Republican","GA","13",114595.056554926,221689.790385466,336284.846940392,0.602878033222463,1.16629729790333,1.7691753311258
"1310","Emory University",71877.3975185856,9936.10146902991,81813.4989876155,"Georgia","Mike Collins","Republican","GA","13",189756.329449066,26231.307878239,215987.637327305,0.998297187758133,0.138001409292082,1.13629859705022
"1310","Georgia State University Research Foundation, Inc.",7827.41599255449,1510.92079989347,9338.33679244796,"Georgia","Mike Collins","Republican","GA","13",20664.3782203439,3988.83091171875,24653.2091320626,0.108714111007701,0.0209850111096315,0.129699122117333
"1310","Georgia Gwinnett College",8843.1678192794,0,8843.1678192794,"Georgia","Mike Collins","Republican","GA","13",23345.9630428976,0,23345.9630428976,0.122821775267769,0,0.122821775267769
"1311","Georgia Tech Research Corporation",168805.84930229,326563.243412934,495369.092715223,"Georgia","Barry Loudermilk","Republican","GA","13",445647.442158045,862126.962610145,1307774.40476819,2.34452568475402,4.53560060295741,6.88012628771144
"1311","Emory University",113703.090614424,15717.9514658289,129421.042080253,"Georgia","Barry Loudermilk","Republican","GA","13",300176.15922208,41495.3918697883,341671.551091868,1.579209591867,0.218304881469846,1.79751447333685
"1311","Kennesaw State University Research and Service Foundation",33529.7725604915,34552.3696119057,68082.1421723972,"Georgia","Barry Loudermilk","Republican","GA","13",88518.5995596976,91218.255775431,179736.855335129,0.465691285562382,0.479894022387579,0.945585307949961
"1311","University of Georgia Research Foundation Inc",17090.7995842388,20125.3102512441,37216.1098354829,"Georgia","Barry Loudermilk","Republican","GA","13",45119.7109023905,53130.8190632845,98250.529965675,0.237372216447761,0.279518197933946,0.516890414381708
"1311","Georgia State University Research Foundation, Inc.",16545.3763195912,3193.74276863709,19739.1190882283,"Georgia","Barry Loudermilk","Republican","GA","13",43679.7934837209,8431.48090920191,52111.2743929228,0.229796893327656,0.0443575384532929,0.274154431780949
"1312","Georgia Southern University Research and Service Foundation, Inc",129688.574786799,48831.2795111309,178519.85429793,"Georgia","Rick W. Allen","Republican","GA","13",342377.83743715,128914.577909386,471292.415346536,1.80123020537221,0.678212215432374,2.47944242080459
"1312","University of Georgia Research Foundation Inc",22787.7327789851,26833.7470016589,49621.4797806439,"Georgia","Rick W. Allen","Republican","GA","13",60159.6145365206,70841.0920843794,131000.7066209,0.316496288597015,0.372690930578595,0.68918721917561
"1312","Georgia Tech Research Corporation",8681.44367840347,16794.681089808,25476.1247682115,"Georgia","Rick W. Allen","Republican","GA","13",22919.0113109852,44337.9580770932,67256.9693880783,0.120575606644493,0.233259459580667,0.35383506622516
"1312","Emory University",8634.25836026691,1193.57225134993,9827.83061161684,"Georgia","Rick W. Allen","Republican","GA","13",22794.4420711047,3151.03074356381,25945.4728146685,0.119920255003707,0.0165773923798601,0.136497647383567
"1312","University of South Carolina at Columbia",3879.93340699608,3131.53407007182,7011.4674770679,"Georgia","Rick W. Allen","Republican","GA","13",10243.0241944696,8267.24994498961,18510.2741394593,0.0538879639860567,0.0434935287509975,0.0973814927370542
"1313","Emory University",356022.990829188,49215.479195273,405238.470024461,"Georgia","David Scott","Democrat","GA","13",939900.695789056,129928.865075521,1069829.56086458,4.9447637615165,0.683548322156569,5.62831208367307
"1313","Georgia Tech Research Corporation",130607.497117314,252666.646617778,383274.143735093,"Georgia","David Scott","Democrat","GA","13",344803.79238971,667039.947070935,1011843.73946065,1.81399301551826,3.50925898080248,5.32325199632073
"1313","University of Georgia Research Foundation Inc",18718.4947827377,22042.0064656483,40760.5012483861,"Georgia","David Scott","Democrat","GA","13",49416.8262264276,58190.8970693116,107607.723295739,0.259979094204691,0.30613897868956,0.566118072894251
"1313","Georgia State University Research Foundation, Inc.",28302.1238932385,5463.13977845711,33765.2636716956,"Georgia","David Scott","Democrat","GA","13",74717.6070781495,14422.6890151268,89140.2960932763,0.393085054072756,0.0758769413674599,0.468961995440216
"1313","Clark Atlanta University",32781.4684981114,0,32781.4684981114,"Georgia","David Scott","Democrat","GA","13",86543.0768350142,0,86543.0768350142,0.455298173584881,0,0.455298173584881
"1314","Georgia Tech Research Corporation",77940.0721350001,150778.914672943,228718.986807943,"Georgia","Vacant","Republican","GA","13",205761.7904364,398056.33473657,603818.12517297,1.082501001875,2.09415159267976,3.17665259455477
"1314","Emory University",38125.296655724,5270.31903193474,43395.6156876588,"Georgia","Vacant","Republican","GA","13",100650.783171111,13913.6422443077,114564.425415419,0.529518009107278,0.0731988754435381,0.602716884550816
"1314","Kennesaw State University Research and Service Foundation",20349.5588884329,20970.1834059225,41319.7422943553,"Georgia","Vacant","Republican","GA","13",53722.8354654628,55361.2841916353,109084.119657098,0.282632762339345,0.291252547304479,0.573885309643824
"1314","University of Georgia Research Foundation Inc",18718.4947827377,22042.0064656483,40760.5012483861,"Georgia","Vacant","Republican","GA","13",49416.8262264276,58190.8970693116,107607.723295739,0.259979094204691,0.30613897868956,0.566118072894251
"1314","University of Tennessee Chattanooga",0,15012.2798880764,15012.2798880764,"Georgia","Vacant","Republican","GA","13",0,39632.4189045217,39632.4189045217,0,0.208503887334395,0.208503887334395
"1501","University of Hawaii",473009.92088494,251414.32556697,724424.24645191,"Hawaii","Ed Case","Democrat","HI","15",1248746.19113624,663733.819496801,1912480.01063304,6.56958223451306,3.49186563287458,10.0614478673876
"1501","University of California-Berkeley",1417.12119571995,663.745743222683,2080.86693894264,"Hawaii","Ed Case","Democrat","HI","15",3741.19995670068,1752.28876210788,5493.48871880856,0.0196822388294438,0.00921869087809283,0.0289009297075366
"1501","Texas A&M University",1890.17885918778,172.593934927441,2062.77279411522,"Hawaii","Ed Case","Democrat","HI","15",4990.07218825574,455.647988208443,5445.72017646419,0.0262524841553859,0.00239713798510334,0.0286496221404892
"1501","University of California - Merced",544.811265789998,867.071880275515,1411.88314606551,"Hawaii","Ed Case","Democrat","HI","15",1438.30174168559,2289.06976392736,3727.37150561295,0.00756682313597219,0.0120426650038266,0.0196094881397988
"1501","Regents of the University of Michigan - Ann Arbor",350.1499583497,509.627250435056,859.777208784755,"Hawaii","Ed Case","Democrat","HI","15",924.395890043207,1345.41594114855,2269.81183119175,0.00486319386596805,0.00707815625604244,0.0119413501220105
"1502","University of Hawaii",95039.9563259556,50515.6561555857,145555.612481541,"Hawaii","Jill N. Tokuda","Democrat","HI","15",250905.484700523,133361.332250746,384266.816951269,1.31999939341605,0.701606335494245,2.02160572891029
"1502","University of California-Riverside",448.064017738092,370.547735247992,818.611752986085,"Hawaii","Jill N. Tokuda","Democrat","HI","15",1182.88900682856,978.2460210547,2161.13502788326,0.0062231113574735,0.00514649632288878,0.0113696076803623
"1502","University of California - Merced",272.405632894999,433.535940137758,705.941573032756,"Hawaii","Jill N. Tokuda","Democrat","HI","15",719.150870842797,1144.53488196368,1863.68575280648,0.0037834115679861,0.0060213325019133,0.00980474406989939
"1502","University of California-Santa Cruz",307.99667967009,276.310922509231,584.307602179321,"Hawaii","Jill N. Tokuda","Democrat","HI","15",813.111234329038,729.46083542437,1542.57206975341,0.00427773166208458,0.0038376517015171,0.00811538336360168
"1502","Massachusetts Institute of Technology",231.632459434288,271.752072588483,503.384532022772,"Hawaii","Jill N. Tokuda","Democrat","HI","15",611.509692906521,717.425471633596,1328.93516454012,0.00321711749214289,0.00377433434150671,0.00699145183364961
"1601","Washington State University",92351.8853003712,246448.431995296,338800.317295667,"Idaho","Russ Fulcher","Republican","ID","16",243808.97719298,650623.860467581,894432.837660561,1.28266507361627,3.42289488882355,4.70555996243982
"1601","Boise State University",70115.6774492083,119202.506875529,189318.184324737,"Idaho","Russ Fulcher","Republican","ID","16",185105.38846591,314694.618151396,499800.006617306,0.973828853461226,1.65559037327123,2.62941922673246
"1601","Regents of the University of Idaho",79996.4246683069,68400.0350584359,148396.459726743,"Idaho","Russ Fulcher","Republican","ID","16",211190.56112433,180576.092554271,391766.653678601,1.11106145372648,0.95000048692272,2.0610619406492
"1601","Idaho State University",8579.23965678126,0,8579.23965678126,"Idaho","Russ Fulcher","Republican","ID","16",22649.1926939025,0,22649.1926939025,0.119156106344184,0,0.119156106344184
"1601","University of Utah",6256.53229351406,1740.83079448725,7997.3630880013,"Idaho","Russ Fulcher","Republican","ID","16",16517.2452548771,4595.79329744633,21113.0385523234,0.0868962818543619,0.0241782054789895,0.111074487333351
"1602","Boise State University",97757.4349051462,166195.802855305,263953.237760451,"Idaho","Michael K. Simpson","Republican","ID","16",258079.628149586,438756.919538004,696836.54768759,1.35774215146036,2.30827503965701,3.66601719111737
"1602","Idaho State University",143321.583703545,0,143321.583703545,"Idaho","Michael K. Simpson","Republican","ID","16",378368.980977359,0,378368.980977359,1.99057755143812,0,1.99057755143812
"1602","Montana State University",14194.3521258751,33108.434321836,47302.7864477111,"Idaho","Michael K. Simpson","Republican","ID","16",37473.0896123104,87406.2666096471,124879.356221957,0.197143779526044,0.459839365581056,0.656983145107099
"1602","Utah State University",11250.1806419247,13453.9748575253,24704.1554994501,"Idaho","Michael K. Simpson","Republican","ID","16",29700.4768946813,35518.4936238669,65218.9705185482,0.156252508915621,0.186860761910074,0.343113270825695
"1602","University of Utah",13956.8797316852,3883.3917723177,17840.2715040029,"Idaho","Michael K. Simpson","Republican","ID","16",36846.1624916489,10252.1542789187,47098.3167705677,0.193845551828961,0.0539359968377459,0.247781548666707
"1701","University of Chicago",1118668.93058912,183992.719397632,1302661.64998676,"Illinois","Jonathan L. Jackson","Democrat","IL","17",2953285.97675529,485740.779209748,3439026.75596503,15.5370684804045,2.55545443607822,18.0925229164827
"1701","University of Illinois at Chicago",221102.384055503,298466.99864761,519569.382703113,"Illinois","Jonathan L. Jackson","Democrat","IL","17",583710.293906528,787952.876429689,1371663.17033622,3.07086644521532,4.1453749812168,7.21624142643212
"1701","University of Illinois at Urbana-Champaign",104209.05504762,76392.5222544693,180601.57730209,"Illinois","Jonathan L. Jackson","Democrat","IL","17",275111.905325717,201676.258751799,476788.164077516,1.4473479867725,1.0610072535343,2.5083552403068
"1701","Northwestern University",47905.7718414688,60052.8310631154,107958.602904584,"Illinois","Jonathan L. Jackson","Democrat","IL","17",126471.237661478,158539.474006625,285010.711668102,0.665357942242622,0.834067098098825,1.49942504034145
"1701","Illinois Institute of Technology",9734.78005437416,64931.8164183977,74666.5964727719,"Illinois","Jonathan L. Jackson","Democrat","IL","17",25699.8193435478,171419.99534457,197119.814688118,0.135205278532974,0.901830783588857,1.03703606212183
"1702","University of Chicago",731192.263404437,120262.616818581,851454.880223018,"Illinois","Robin L. Kelly","Democrat","IL","17",1930347.57538771,317493.308401054,2247840.88378877,10.1554481028394,1.6703141224803,11.8257622253197
"1702","University of Illinois at Urbana-Champaign",382099.868507941,280105.914933054,662205.783440995,"Illinois","Robin L. Kelly","Democrat","IL","17",1008743.65286096,739479.615423263,1748223.26828423,5.30694261816584,3.89035992962575,9.19730254779159
"1702","University of Illinois at Chicago",153023.702695834,206567.312517555,359591.015213389,"Illinois","Robin L. Kelly","Democrat","IL","17",403982.575117001,545337.705046345,949320.280163346,2.1253292041088,2.86899045163271,4.99431965574151
"1702","Purdue University",36603.5343973942,52184.6413820014,88788.1757793956,"Illinois","Robin L. Kelly","Democrat","IL","17",96633.3308091206,137767.453248484,234400.784057604,0.50838242218603,0.724786685861131,1.23316910804716
"1702","Northwestern University",37602.0164453987,47136.4400244006,84738.4564697993,"Illinois","Robin L. Kelly","Democrat","IL","17",99269.3234158525,124440.201664418,223709.52508027,0.522250228408315,0.654672778116675,1.17692300652499
"1703","University of Illinois at Chicago",97518.1111368239,131640.090943051,229158.202079875,"Illinois","Delia C. Ramirez","Democrat","IL","17",257447.813401215,347529.840089655,604977.65349087,1.35441821023366,1.82833459643127,3.18275280666493
"1703","University of Chicago",171857.798109875,28266.2571197653,200124.05522964,"Illinois","Delia C. Ramirez","Democrat","IL","17",453704.58701007,74622.9187961804,528327.50580625,2.38691386263715,0.392586904441185,2.77950076707834
"1703","Northwestern University",87515.013364024,109705.451159993,197220.464524017,"Illinois","Delia C. Ramirez","Democrat","IL","17",231039.635281023,289622.391062381,520662.026343405,1.21548629672256,1.52368682166657,2.73917311838912
"1703","University of Illinois at Urbana-Champaign",92630.2711534401,67904.464226195,160534.735379635,"Illinois","Delia C. Ramirez","Democrat","IL","17",244543.915845082,179267.785557155,423811.701402237,1.28653154379778,0.943117558697152,2.22964910249493
"1703","Loyola University of Chicago",27540.8430652941,9577.85677990919,37118.6998452033,"Illinois","Delia C. Ramirez","Democrat","IL","17",72707.8256923764,25285.5418989603,97993.3675913366,0.382511709240196,0.13302578860985,0.515537497850045
"1704","University of Illinois at Chicago",115304.433293855,155649.918850903,270954.352144758,"Illinois","Jesús G. “Chuy” García","Democrat","IL","17",304403.703895776,410915.785766384,715319.489662161,1.60145046241465,2.16180442848477,3.76325489089941
"1704","University of Chicago",221142.11104126,36372.2789390305,257514.389980291,"Illinois","Jesús G. “Chuy” García","Democrat","IL","17",583815.173148928,96022.8163990406,679837.989547968,3.0714182089064,0.505170540819868,3.57658874972626
"1704","University of Illinois at Urbana-Champaign",69472.7033650801,50928.3481696462,120401.051534726,"Illinois","Jesús G. “Chuy” García","Democrat","IL","17",183407.936883811,134450.839167866,317858.776051677,0.964898657848335,0.707338169022864,1.6722368268712
"1704","Northwestern University",52187.8520060694,65420.6818843994,117608.533890469,"Illinois","Jesús G. “Chuy” García","Democrat","IL","17",137775.929296023,172710.600174815,310486.529470838,0.724831277862074,0.90862058172777,1.63345185958984
"1704","Loyola University of Chicago",23701.9665588907,8242.81379350098,31944.7803523917,"Illinois","Jesús G. “Chuy” García","Democrat","IL","17",62573.1917154714,21761.0284148426,84334.220130314,0.329193979984593,0.114483524909736,0.443677504894329
"1705","Northwestern University",342967.858183476,429931.30171722,772899.159900696,"Illinois","Mike Quigley","Democrat","IL","17",905435.145604377,1135018.63653346,2040453.78213784,4.7634424747705,5.97126807940583,10.7347105541763
"1705","University of Chicago",435061.521049473,71556.606404548,506618.127454021,"Illinois","Mike Quigley","Democrat","IL","17",1148562.41557061,188909.440908007,1337471.85647862,6.04252112568713,0.993841755618723,7.03636288130585
"1705","University of Illinois at Chicago",90771.575146226,122532.914840073,213304.489986299,"Illinois","Mike Quigley","Democrat","IL","17",239636.958386037,323486.895177792,563123.853563829,1.26071632147536,1.70184603944545,2.96256236092082
"1705","University of Illinois at Urbana-Champaign",92630.2711534401,67904.464226195,160534.735379635,"Illinois","Mike Quigley","Democrat","IL","17",244543.915845082,179267.785557155,423811.701402237,1.28653154379778,0.943117558697152,2.22964910249493
"1705","Loyola University of Chicago",50029.2293092572,17398.624726094,67427.8540353513,"Illinois","Mike Quigley","Democrat","IL","17",132077.165376439,45932.3692768882,178009.534653327,0.694850407073017,0.241647565640195,0.936497972713212
"1706","University of Chicago",363684.240252294,59816.8506663019,423501.090918596,"Illinois","Sean Casten","Democrat","IL","17",960126.394266056,157916.485759037,1118042.88002509,5.05117000350408,0.830789592587526,5.88195959609161
"1706","University of Illinois at Chicago",109324.54912037,147577.649123263,256902.198243633,"Illinois","Sean Casten","Democrat","IL","17",288616.809677777,389604.993685415,678221.803363192,1.5183965155607,2.04968957115643,3.56808608671713
"1706","Northwestern University",55667.0421398073,69782.0606766927,125449.1028165,"Illinois","Sean Casten","Democrat","IL","17",146960.991249091,184224.640186469,331185.63143556,0.773153363052879,0.969195287176288,1.74234865022917
"1706","University of Illinois at Urbana-Champaign",69472.7033650801,50928.3481696462,120401.051534726,"Illinois","Sean Casten","Democrat","IL","17",183407.936883811,134450.839167866,317858.776051677,0.964898657848335,0.707338169022864,1.6722368268712
"1706","Illinois Institute of Technology",4089.21795387504,27275.4338560041,31364.6518098791,"Illinois","Sean Casten","Democrat","IL","17",10795.5353982301,72007.1453798507,82802.6807780808,0.05679469380382,0.378825470222279,0.435620164026099
"1707","University of Chicago",670011.737006854,110199.969042942,780211.706049796,"Illinois","Danny K. Davis","Democrat","IL","17",1768830.9856981,290927.918273366,2059758.90397146,9.30571856953965,1.53055512559641,10.8362736951361
"1707","University of Illinois at Chicago",270628.091441029,365321.950494474,635950.041935502,"Illinois","Danny K. Davis","Democrat","IL","17",714458.161404315,964449.94930541,1678908.11070973,3.75872349223651,5.07391597908991,8.83263947132642
"1707","Northwestern University",158972.226110796,199281.461740171,358253.687850966,"Illinois","Danny K. Davis","Democrat","IL","17",419686.676932501,526103.05899405,945789.735926552,2.20794758487217,2.76779807972459,4.97574566459676
"1707","University of Illinois at Urbana-Champaign",57893.9194709001,42440.2901413718,100334.209612272,"Illinois","Danny K. Davis","Democrat","IL","17",152839.947403176,112042.365973222,264882.313376398,0.804082214873612,0.58944847418572,1.39353068905933
"1707","Illinois Institute of Technology",9734.78005437416,64931.8164183977,74666.5964727719,"Illinois","Danny K. Davis","Democrat","IL","17",25699.8193435478,171419.99534457,197119.814688118,0.135205278532974,0.901830783588857,1.03703606212183
"1708","Northwestern University",47504.3268260375,59549.59504862,107053.921874657,"Illinois","Raja Krishnamoorthi","Democrat","IL","17",125411.422820739,157210.930928357,282622.353749096,0.659782317028298,0.827077709008611,1.48686002603691
"1708","University of Illinois at Urbana-Champaign",57893.9194709001,42440.2901413718,100334.209612272,"Illinois","Raja Krishnamoorthi","Democrat","IL","17",152839.947403176,112042.365973222,264882.313376398,0.804082214873612,0.58944847418572,1.39353068905933
"1708","University of Illinois at Chicago",29592.760140577,39947.3860880642,69540.1462286413,"Illinois","Raja Krishnamoorthi","Democrat","IL","17",78124.8867711234,105461.09927249,183585.986043613,0.411010557508015,0.55482480677867,0.965835364286685
"1708","University of Chicago",56719.4463477584,9328.91304199918,66048.3593897576,"Illinois","Raja Krishnamoorthi","Democrat","IL","17",149739.338358082,24628.3304308778,174367.66878896,0.787770088163312,0.129568236694433,0.917338324857745
"1708","Northern Illinois University",9717.19882868504,16143.8839013626,25861.0827300476,"Illinois","Raja Krishnamoorthi","Democrat","IL","17",25653.4049077285,42619.8534995973,68273.2584073257,0.134961094842848,0.224220609741147,0.359181704583995
"1709","Northwestern University",764485.124386344,958329.116937369,1722814.24132371,"Illinois","Janice D. Schakowsky","Democrat","IL","17",2018240.72837995,2529988.86871465,4548229.5970946,10.6178489498103,13.3101266241301,23.9279755739405
"1709","University of Chicago",284234.528888767,46749.3844576588,330983.913346426,"Illinois","Janice D. Schakowsky","Democrat","IL","17",750379.156266345,123418.374968219,873797.531234564,3.94770179012176,0.649297006356373,4.59699879647814
"1709","University of Illinois at Chicago",92304.8787804528,124602.72759075,216907.606371202,"Illinois","Janice D. Schakowsky","Democrat","IL","17",243684.879980395,328951.200839579,572636.080819974,1.28201220528407,1.73059343876041,3.01260564404448
"1709","University of Illinois at Urbana-Champaign",69472.7033650801,50928.3481696462,120401.051534726,"Illinois","Janice D. Schakowsky","Democrat","IL","17",183407.936883811,134450.839167866,317858.776051677,0.964898657848335,0.707338169022864,1.6722368268712
"1709","Loyola University of Chicago",37274.2525299169,12962.8367389958,50237.0892689127,"Illinois","Janice D. Schakowsky","Democrat","IL","17",98404.0266789806,34221.8889909489,132625.91566993,0.517697951804401,0.180039399152719,0.697737350957121
"1710","Northwestern University",130068.184999742,163048.468696503,293116.653696245,"Illinois","Bradley Scott Schneider","Democrat","IL","17",343380.008399319,430447.957358769,773827.965758088,1.80650256944086,2.26456206522921,4.07106463467007
"1710","University of Illinois at Urbana-Champaign",69472.7033650801,50928.3481696462,120401.051534726,"Illinois","Bradley Scott Schneider","Democrat","IL","17",183407.936883811,134450.839167866,317858.776051677,0.964898657848335,0.707338169022864,1.6722368268712
"1710","University of Chicago",53320.5282145594,8769.87705446365,62090.4052690231,"Illinois","Bradley Scott Schneider","Democrat","IL","17",140766.194486437,23152.475423784,163918.669910221,0.740562891868881,0.121803847978662,0.862366739847543
"1710","University of Illinois at Chicago",23612.8759670926,31875.1163604243,55487.9923275169,"Illinois","Bradley Scott Schneider","Democrat","IL","17",62337.9925531244,84150.3071915202,146488.299744645,0.327956610654064,0.442709949450338,0.770666560104401
"1710","Northern Illinois University",8392.12626113707,13942.4451875404,22334.5714486775,"Illinois","Bradley Scott Schneider","Democrat","IL","17",22155.2133294019,36808.0552951067,58963.2686245086,0.116557309182459,0.193645072049173,0.310202381231632
"1711","University of Chicago",83910.7914133505,13801.2009422834,97711.992355634,"Illinois","Bill Foster","Democrat","IL","17",221524.489331245,36435.1704876283,257959.659818874,1.16542765851876,0.191683346420603,1.35711100493936
"1711","Northwestern University",38940.1664968364,48813.8934060519,87754.0599028883,"Illinois","Bill Foster","Democrat","IL","17",102802.039551648,128868.678591977,231670.718143625,0.540835645789394,0.677970741750721,1.21880638754011
"1711","University of Illinois at Chicago",31126.0637748038,42017.1988387412,73143.262613545,"Illinois","Bill Foster","Democrat","IL","17",82172.8083654822,110925.404934277,193098.213299759,0.43230644131672,0.583572206093627,1.01587864741035
"1711","Northern Illinois University",25618.0696392605,42561.1484672287,68179.2181064892,"Illinois","Bill Foster","Democrat","IL","17",67631.7038476478,112361.431953484,179993.135801132,0.355806522767508,0.591127062044843,0.94693358481235
"1711","University of Illinois at Urbana-Champaign",23157.56778836,16976.1160565487,40133.6838449088,"Illinois","Bill Foster","Democrat","IL","17",61135.9789612705,44816.9463892887,105952.925350559,0.321632885949445,0.235779389674288,0.557412275623733
"1712","Southern Illinois University at Carbondale",168332.902600785,96213.3181272172,264546.220728002,"Illinois","Mike Bost","Republican","IL","17",444398.862866072,254003.159855854,698402.022721926,2.33795698056646,1.33629608510024,3.6742530656667
"1712","University of Illinois at Urbana-Champaign",57893.9194709001,42440.2901413718,100334.209612272,"Illinois","Mike Bost","Republican","IL","17",152839.947403176,112042.365973222,264882.313376398,0.804082214873612,0.58944847418572,1.39353068905933
"1712","Washington University",8133.83870456066,41866.0777174991,49999.9164220598,"Illinois","Mike Bost","Republican","IL","17",21473.3341800401,110526.445174198,131999.779354238,0.112969982007787,0.581473301631932,0.694443283639719
"1712","Saint Louis University",16527.8232065036,2706.01898464209,19233.8421911457,"Illinois","Mike Bost","Republican","IL","17",43633.4532651694,7143.89011945513,50777.3433846245,0.229553100090327,0.037583597008918,0.267136697099245
"1712","Purdue University",6569.86514825024,9366.47409420538,15936.3392424556,"Illinois","Mike Bost","Republican","IL","17",17344.4439913806,24727.4916087022,42071.9356000828,0.091248127059031,0.130089917975075,0.221338045034106
"1713","University of Illinois at Urbana-Champaign",2987326.24469844,2189918.97129479,5177245.21599323,"Illinois","Nikki Budzinski","Democrat","IL","17",7886541.28600389,5781386.08421824,13667927.3702221,41.4906422874784,30.4155412679832,71.9061835554615
"1713","Washington University",25757.1558977754,132575.912772081,158333.068669856,"Illinois","Nikki Budzinski","Democrat","IL","17",67998.8915701271,350000.409718293,417999.30128842,0.357738276357992,1.84133212183445,2.19907039819244
"1713","Southern Illinois University at Carbondale",39524.2817665901,22590.7249064508,62115.0066730409,"Illinois","Nikki Budzinski","Democrat","IL","17",104344.103863798,59639.51375303,163983.617616828,0.548948357869307,0.31376006814515,0.862708426014456
"1713","Saint Louis University",36324.8861681397,5947.29447174086,42272.1806398806,"Illinois","Nikki Budzinski","Democrat","IL","17",95897.6994838888,15700.8574053959,111598.556889285,0.504512307890829,0.082601312107512,0.587113619998341
"1713","Southern Illinois University at Edwardsville",19445.1639664313,0,19445.1639664313,"Illinois","Nikki Budzinski","Democrat","IL","17",51335.2328713786,0,51335.2328713786,0.27007172175599,0,0.27007172175599
"1714","Northern Illinois University",101588.896845344,168776.9680597,270365.864905043,"Illinois","Lauren Underwood","Democrat","IL","17",268194.687671707,445571.195677608,713765.883349315,1.41095690062977,2.34412455638472,3.75508145701449
"1714","University of Chicago",86035.1152465999,14150.5984344931,100185.713681093,"Illinois","Lauren Underwood","Democrat","IL","17",227132.704251024,37357.5798670619,264490.284118086,1.19493215620278,0.19653608936796,1.39146824557074
"1714","University of Illinois at Urbana-Champaign",46315.1355767201,33952.2321130975,80267.3676898175,"Illinois","Lauren Underwood","Democrat","IL","17",122271.957922541,89633.8927785773,211905.850701118,0.64326577189889,0.471558779348576,1.11482455124747
"1714","University of Illinois at Chicago",21159.5901523297,28563.4159593413,49723.006111671,"Illinois","Lauren Underwood","Democrat","IL","17",55861.3180021504,75407.418132661,131268.736134811,0.293883196560135,0.396714110546407,0.690597307106541
"1714","Northwestern University",21811.8458384341,27342.4901209157,49154.3359593498,"Illinois","Lauren Underwood","Democrat","IL","17",57583.2730134661,72184.1739192174,129767.446932683,0.302942303311585,0.37975680723494,0.682699110546525
"1715","University of Illinois at Urbana-Champaign",694727.033650801,509283.481696462,1204010.51534726,"Illinois","Mary E. Miller","Republican","IL","17",1834079.36883811,1344508.39167866,3178587.76051678,9.64898657848335,7.07338169022864,16.722368268712
"1715","Southern Illinois University at Carbondale",46466.3671537989,26558.582998994,73024.9501527929,"Illinois","Mary E. Miller","Republican","IL","17",122671.209286029,70114.6591173443,192785.868403373,0.645366210469429,0.368869208319362,1.01423541878879
"1715","Washington University",5761.46908239713,29655.1383832285,35416.6074656257,"Illinois","Mary E. Miller","Republican","IL","17",15210.2783775284,78289.5653317233,93499.8437092518,0.0800204039221824,0.411876921989285,0.491897325911468
"1715","Purdue University",4692.76082017874,6690.33863871813,11383.0994588969,"Illinois","Mary E. Miller","Republican","IL","17",12388.8885652719,17662.4940062159,30051.3825714877,0.0651772336135936,0.0929213699821962,0.15809860359579
"1715","Eastern Illinois University",9734.17695765716,1236.92726439022,10971.1042220474,"Illinois","Mary E. Miller","Republican","IL","17",25698.2271682149,3265.48797799018,28963.7151462051,0.135196902189683,0.017179545338753,0.152376447528436
"1716","Board of Trustees of Illinois State University",165503.692354371,0,165503.692354371,"Illinois","Darin LaHood","Republican","IL","17",436929.747815538,0,436929.747815538,2.2986623938107,0,2.2986623938107
"1716","University of Illinois at Urbana-Champaign",46315.1355767201,33952.2321130975,80267.3676898175,"Illinois","Darin LaHood","Republican","IL","17",122271.957922541,89633.8927785773,211905.850701118,0.64326577189889,0.471558779348576,1.11482455124747
"1716","Northern Illinois University",29151.5964860551,48431.6517040878,77583.2481901429,"Illinois","Darin LaHood","Republican","IL","17",76960.2147231855,127859.560498792,204819.775221977,0.404883284528543,0.672661829223442,1.07754511375198
"1716","University of Chicago",23155.1297824182,3808.43266508581,26963.562447504,"Illinois","Darin LaHood","Republican","IL","17",61129.5426255842,10054.2622358265,71183.8048614107,0.321599024755809,0.0528948981261918,0.374493922882001
"1716","Northwestern University",10571.3854063576,13251.881715045,23823.2671214026,"Illinois","Darin LaHood","Republican","IL","17",27908.4574727842,34984.9677277188,62893.425200503,0.146824797310523,0.184053912708959,0.330878710019481
"1717","Board of Trustees of Illinois State University",152109.836839094,0,152109.836839094,"Illinois","Eric Sorensen","Democrat","IL","17",401569.969255209,0,401569.969255209,2.1126366227652,0,2.1126366227652
"1717","Iowa State University",25071.7116609447,37877.5707246362,62949.2823855809,"Illinois","Eric Sorensen","Democrat","IL","17",66189.318784894,99996.7867130395,166186.105497934,0.348218217513121,0.526077371175502,0.874295588688623
"1717","University of Illinois at Urbana-Champaign",34736.35168254,25464.1740848231,60200.5257673632,"Illinois","Eric Sorensen","Democrat","IL","17",91703.9684419057,67225.419583933,158929.388025839,0.482449328924167,0.353669084511432,0.8361184134356
"1717","Northern Illinois University",16784.2525222741,27884.8903750808,44669.142897355,"Illinois","Eric Sorensen","Democrat","IL","17",44310.4266588038,73616.1105902134,117926.537249017,0.233114618364919,0.387290144098345,0.620404762463264
"1717","Northwestern University",10169.9403909263,12748.6457005496,22918.586091476,"Illinois","Eric Sorensen","Democrat","IL","17",26848.6426320455,33656.424649451,60505.0672814966,0.141249172096199,0.177064523618745,0.318313695714944
"1801","University of Chicago",257255.6162065,42312.0363065955,299567.652513096,"Indiana","Frank J. Mrvan","Democrat","IN","18",679154.82678516,111703.775849412,790858.602634572,3.57299466953472,0.587667170924938,4.16066184045966
"1801","Purdue University",81654.0382711101,116411.892313695,198065.930584806,"Indiana","Frank J. Mrvan","Democrat","IN","18",215566.661035731,307327.395708156,522894.056743887,1.13408386487653,1.61683183769021,2.75091570256674
"1801","Valparaiso University",80140.1172887002,19546.5574502586,99686.6747389588,"Indiana","Frank J. Mrvan","Democrat","IN","18",211569.909642169,51602.9116686826,263172.821310851,1.11305718456528,0.271479964586925,1.38453714915221
"1801","University of Notre Dame",57403.510569563,39756.0505711114,97159.5611406744,"Indiana","Frank J. Mrvan","Democrat","IN","18",151545.267903646,104955.973507734,256501.24141138,0.797270980132819,0.552167369043214,1.34943834917603
"1801","Indiana University",72602.2264495045,13751.2559224314,86353.4823719359,"Indiana","Frank J. Mrvan","Democrat","IN","18",191669.877826692,36303.3156352189,227973.193461911,1.00836425624312,0.190989665589325,1.19935392183244
"1802","University of Notre Dame",3123088.64269346,2162963.01018947,5286051.65288293,"Indiana","Rudy Yakym III","Republican","IN","18",8244954.01671073,5710222.3469002,13955176.3636109,43.3762311485203,30.0411529192982,73.4173840678184
"1802","Purdue University",135151.511621148,192681.752795082,327833.26441623,"Indiana","Rudy Yakym III","Republican","IN","18",356799.99067983,508679.827379017,865479.818058847,1.8771043280715,2.67613545548725,4.55323978355875
"1802","Indiana University",65342.003804554,12376.1303301882,77718.1341347423,"Indiana","Rudy Yakym III","Republican","IN","18",172502.890044023,32672.984071697,205175.87411572,0.907527830618806,0.171890699030392,1.0794185296492
"1802","Valparaiso University",8174.03247035313,1993.68556832103,10167.7180386742,"Indiana","Rudy Yakym III","Republican","IN","18",21579.4457217323,5263.32990036752,26842.7756220998,0.113528228754905,0.0276900773377921,0.141218306092697
"1802","University of Chicago",7222.70103304789,1187.951473513,8410.6525065609,"Indiana","Rudy Yakym III","Republican","IN","18",19067.9307272464,3136.19189007433,22204.1226173208,0.100315292125665,0.016499326021014,0.116814618146679
"1803","Purdue University",81654.0382711101,116411.892313695,198065.930584806,"Indiana","Marlin A. Stutzman","Republican","IN","18",215566.661035731,307327.395708156,522894.056743887,1.13408386487653,1.61683183769021,2.75091570256674
"1803","Indiana University",65342.003804554,12376.1303301882,77718.1341347423,"Indiana","Marlin A. Stutzman","Republican","IN","18",172502.890044023,32672.984071697,205175.87411572,0.907527830618806,0.171890699030392,1.0794185296492
"1803","University of Notre Dame",34442.1063417378,23853.6303426669,58295.7366844046,"Indiana","Marlin A. Stutzman","Republican","IN","18",90927.1607421878,62973.5841046405,153900.744846828,0.478362588079692,0.331300421425929,0.80966300950562
"1803","University of Illinois at Urbana-Champaign",11578.78389418,8488.05802827437,20066.8419224544,"Indiana","Marlin A. Stutzman","Republican","IN","18",30567.9894806352,22408.4731946443,52976.4626752796,0.160816442974722,0.117889694837144,0.278706137811866
"1803","Ball State University",9267.54769089908,3804.8714745041,13072.4191654032,"Indiana","Marlin A. Stutzman","Republican","IN","18",24466.3259039736,10044.8606926908,34511.1865966644,0.128715940151376,0.0528454371458902,0.181561377297266
"1804","Purdue University",2575387.13811409,3671657.84492851,6247044.9830426,"Indiana","James R. Baird","Republican","IN","18",6799022.0446212,9693176.71061127,16492198.7552325,35.7692658071402,50.9952478462293,86.7645136533695
"1804","Indiana University",203286.234058613,38503.5165828079,241789.75064142,"Indiana","James R. Baird","Republican","IN","18",536675.657914737,101649.283778613,638324.94169335,2.82341991748073,0.53477106365011,3.35819098113084
"1804","University of Notre Dame",12493.7052416108,8652.7874772419,21146.4927188527,"Indiana","James R. Baird","Republican","IN","18",32983.3818378524,22843.3589399186,55826.740777771,0.173523683911261,0.120177603850582,0.293701287761843
"1804","University of Illinois at Urbana-Champaign",11578.78389418,8488.05802827437,20066.8419224544,"Indiana","James R. Baird","Republican","IN","18",30567.9894806352,22408.4731946443,52976.4626752796,0.160816442974722,0.117889694837144,0.278706137811866
"1804","DePauw University",14463.6452388343,0,14463.6452388343,"Indiana","James R. Baird","Republican","IN","18",38184.0234305226,0,38184.0234305226,0.200883961650477,0,0.200883961650477
"1805","Purdue University",218682.654220329,311769.780564265,530452.434784594,"Indiana","Victoria Spartz","Republican","IN","18",577322.207141669,823072.220689659,1400394.42783133,3.03725908639346,4.33013584117035,7.36739492756381
"1805","Ball State University",116070.121660031,47653.5875159469,163723.709175978,"Indiana","Victoria Spartz","Republican","IN","18",306425.121182481,125805.4710421,432230.592224581,1.61208502305598,0.661855382165929,2.27394040522191
"1805","Indiana University",94382.8943843558,17876.6326991608,112259.527083517,"Indiana","Victoria Spartz","Republican","IN","18",249170.841174699,47194.3103257845,296365.151500484,1.31087353311605,0.248286565266122,1.55916009838218
"1805","University of Notre Dame",10130.0312769817,7015.77363019613,17145.8049071778,"Indiana","Victoria Spartz","Republican","IN","18",26743.2825712317,18521.6423837178,45264.9249549495,0.140694878846968,0.0974413004193907,0.238136179266359
"1805","University of Tennessee Knoxville",4467.44555416789,2922.40491424565,7389.85046841354,"Indiana","Victoria Spartz","Republican","IN","18",11794.0562630032,7715.14897360853,19509.2052366117,0.0620478549189984,0.0405889571423008,0.102636812061299
"1806","Purdue University",116380.468340433,165920.39824021,282300.866580642,"Indiana","Jefferson Shreve","Republican","IN","18",307244.436418742,438029.851354153,745274.287772896,1.61639539361712,2.30444997555847,3.92084536917559
"1806","Indiana University",225066.901993464,42628.8933595373,267695.795353001,"Indiana","Jefferson Shreve","Republican","IN","18",594176.621262745,112540.278469178,706716.899731923,3.12592919435366,0.592067963326907,3.71799715768057
"1806","Miami University",15844.9016915217,5120.09234739901,20964.9940389207,"Indiana","Jefferson Shreve","Republican","IN","18",41830.5404656172,13517.0437971334,55347.5842627506,0.220068079048912,0.0711123937138751,0.291180472762787
"1806","Ball State University",13374.5119808335,5491.02101424953,18865.532995083,"Indiana","Jefferson Shreve","Republican","IN","18",35308.7116294004,14496.2954776188,49805.0071070191,0.185757110844909,0.0762641807534657,0.262021291598375
"1806","University of Notre Dame",7091.02189388719,4911.04154113729,12002.0634350245,"Indiana","Jefferson Shreve","Republican","IN","18",18720.2977998622,12965.1496686025,31685.4474684646,0.0984864151928776,0.0682089102935735,0.166695325486451
"1807","Purdue University",108872.051028147,155215.856418261,264087.907446407,"Indiana","André Carson","Democrat","IN","18",287422.214714307,409769.860944208,697192.075658515,1.51211181983537,2.15577578358695,3.66788760342232
"1807","Indiana University",166985.12083386,31627.8886215922,198613.009455452,"Indiana","André Carson","Democrat","IN","18",440840.719001391,83497.6259610034,524338.344962395,2.31923778935917,0.439276230855447,2.75851402021462
"1807","University of Notre Dame",12831.3729508435,8886.64659824844,21718.0195490919,"Indiana","André Carson","Democrat","IN","18",33874.8245902268,23460.7470193759,57335.5716096027,0.17821351320616,0.123425647197895,0.301639160404055
"1807","Butler University",19895.0496523768,0,19895.0496523768,"Indiana","André Carson","Democrat","IN","18",52522.9310822746,0,52522.9310822746,0.276320134060788,0,0.276320134060788
"1807","Northwestern University",1873.41007201275,2348.43473431177,4221.84480632452,"Indiana","André Carson","Democrat","IN","18",4945.80259011365,6199.86769858309,11145.6702886967,0.0260195843335104,0.0326171490876635,0.0586367334211739
"1808","Indiana University",210546.456703563,39878.642175051,250425.098878614,"Indiana","Mark B. Messmer","Republican","IN","18",555842.645697406,105279.615342135,661122.261039541,2.92425634310504,0.553870030209042,3.47812637331408
"1808","Purdue University",96670.872895682,137820.975957593,234491.848853276,"Indiana","Mark B. Messmer","Republican","IN","18",255211.104444601,363847.376528047,619058.480972647,1.34265101244003,1.91418022163324,3.25683123407327
"1808","University of Illinois at Urbana-Champaign",23157.56778836,16976.1160565487,40133.6838449088,"Indiana","Mark B. Messmer","Republican","IN","18",61135.9789612705,44816.9463892887,105952.925350559,0.321632885949445,0.235779389674288,0.557412275623733
"1808","Indiana State University",29413.4381767624,0,29413.4381767624,"Indiana","Mark B. Messmer","Republican","IN","18",77651.4767866528,0,77651.4767866528,0.408519974677256,0,0.408519974677256
"1808","University of Notre Dame",7091.02189388719,4911.04154113729,12002.0634350245,"Indiana","Mark B. Messmer","Republican","IN","18",18720.2977998622,12965.1496686025,31685.4474684646,0.0984864151928776,0.0682089102935735,0.166695325486451
"1809","Indiana University",1241498.07228653,235146.476273577,1476644.5485601,"Indiana","Erin Houchin","Republican","IN","18",3277554.91083643,620786.697362242,3898341.60819867,17.2430287817573,3.26592328157745,20.5089520633348
"1809","Purdue University",65698.6514825024,93664.7409420538,159363.392424556,"Indiana","Erin Houchin","Republican","IN","18",173444.439913806,247274.916087022,420719.356000828,0.912481270590311,1.30089917975075,2.21338045034106
"1809","University of Louisville Research Foundation Inc",39786.2346332228,37200.7323997585,76986.9670329812,"Indiana","Erin Houchin","Republican","IN","18",105035.659431708,98209.9335353623,203245.59296707,0.552586592128094,0.516676838885534,1.06926343101363
"1809","University of Cincinnati Main Campus",18877.7550287513,17554.1926223798,36431.9476511311,"Indiana","Erin Houchin","Republican","IN","18",49837.2732759034,46343.0685230827,96180.3417989861,0.26219104206599,0.243808230866386,0.505999272932376
"1809","Miami University",6984.69135789527,2257.02030007793,9241.7116579732,"Indiana","Erin Houchin","Republican","IN","18",18439.5851848435,5958.53359220573,24398.1187770492,0.0970096021929899,0.031347504167749,0.128357106360739
"1901","University of Iowa",693048.004869853,383167.731889476,1076215.73675933,"Iowa","Mariannette Miller-Meeks","Republican","IA","19",1829646.73285641,1011562.81218822,2841209.54504463,9.62566673430352,5.3217740540205,14.947440788324
"1901","Iowa State University",125358.558304723,189387.853623181,314746.411927904,"Iowa","Mariannette Miller-Meeks","Republican","IA","19",330946.59392447,499983.933565198,830930.527489668,1.7410910875656,2.63038685587751,4.37147794344312
"1901","Pyrch, Mikaela",36923.3729777363,0,36923.3729777363,"Iowa","Mariannette Miller-Meeks","Republican","IA","19",97477.7046612239,0,97477.7046612239,0.512824624690782,0,0.512824624690782
"1901","Central College of Iowa",30820.9919873633,0,30820.9919873633,"Iowa","Mariannette Miller-Meeks","Republican","IA","19",81367.418846639,0,81367.418846639,0.428069333157823,0,0.428069333157823
"1901","Grinnell College",18767.5229696776,0,18767.5229696776,"Iowa","Mariannette Miller-Meeks","Republican","IA","19",49546.2606399489,0,49546.2606399489,0.260660041245522,0,0.260660041245522
"1902","Iowa State University",62679.2791523617,94693.9268115904,157373.205963952,"Iowa","Ashley Hinson","Republican","IA","19",165473.296962235,249991.966782599,415465.263744834,0.870545543782802,1.31519342793876,2.18573897172156
"1902","University of Iowa",85130.896702087,47066.5991011424,132197.495803229,"Iowa","Ashley Hinson","Republican","IA","19",224745.56729351,124255.821627016,349001.388920525,1.18237356530676,0.653702765293644,1.83607633060041
"1902","Grinnell College",44429.9244497206,0,44429.9244497206,"Iowa","Ashley Hinson","Republican","IA","19",117295.000547262,0,117295.000547262,0.617082284023898,0,0.617082284023898
"1902","North Carolina State University",1223.94821509694,5548.41713931308,6772.36535441002,"Iowa","Ashley Hinson","Republican","IA","19",3231.22328785593,14647.8212477865,17879.0445356425,0.0169992807652353,0.0770613491571261,0.0940606299223614
"1902","Pyrch, Mikaela",4948.87631377991,0,4948.87631377991,"Iowa","Ashley Hinson","Republican","IA","19",13065.033468379,0,13065.033468379,0.0687343932469432,0,0.0687343932469432
"1903","Iowa State University",238181.260778975,359836.921884044,598018.182663018,"Iowa","Zachary Nunn","Republican","IA","19",628798.528456493,949969.473773876,1578768.00223037,3.30807306637465,4.99773502616727,8.30580809254192
"1903","University of Iowa",22126.5326230094,12233.1689293718,34359.7015523812,"Iowa","Zachary Nunn","Republican","IA","19",58414.0461247448,32295.5659735416,90709.6120982864,0.307312953097353,0.169905124019053,0.477218077116405
"1903","Grinnell College",5465.45247772869,0,5465.45247772869,"Iowa","Zachary Nunn","Republican","IA","19",14428.7945412037,0,14428.7945412037,0.0759090621906763,0,0.0759090621906763
"1903","Central College of Iowa",4331.5988738997,0,4331.5988738997,"Iowa","Zachary Nunn","Republican","IA","19",11435.4210270952,0,11435.4210270952,0.0601610954708292,0,0.0601610954708292
"1903","University of Missouri-Columbia",1707.98685252157,1437.70160666237,3145.68845918394,"Iowa","Zachary Nunn","Republican","IA","19",4509.08529065695,3795.53224158866,8304.61753224561,0.0237220396183552,0.0199680778703107,0.0436901174886659
"1904","Iowa State University",614256.935693145,928000.482753586,1542257.41844673,"Iowa","Randy Feenstra","Republican","IA","19",1621638.3102299,2449921.27446947,4071559.58469937,8.53134632907146,12.8888955937998,21.4202419228713
"1904","University of Iowa",13340.2097412333,7375.44567412489,20715.6554153582,"Iowa","Randy Feenstra","Republican","IA","19",35218.1537168558,19471.1765796897,54689.3302965455,0.185280690850462,0.102436745473957,0.287717436324419
"1904","Creighton University",10540.8642726388,0,10540.8642726388,"Iowa","Randy Feenstra","Republican","IA","19",27827.8816797663,0,27827.8816797663,0.146400892675538,0,0.146400892675538
"1904","University of Nebraska-Lincoln",1966.60219880436,8505.05643664744,10471.6586354518,"Iowa","Randy Feenstra","Republican","IA","19",5191.8298048435,22453.3489927492,27645.1787975927,0.0273139194278383,0.118125783842326,0.145439703270164
"1904","University of Nebraska at Omaha",0,7579.82028612166,7579.82028612166,"Iowa","Randy Feenstra","Republican","IA","19",0,20010.7255553612,20010.7255553612,0,0.10527528175169,0.10527528175169
"2001","University of Kansas Center for Research Inc",681517.513781294,452785.723696401,1134303.2374777,"Kansas","Tracey Mann","Republican","KS","20",1799206.23638262,1195354.3105585,2994560.54694112,9.4655210247402,6.28869060689446,15.7542116316347
"2001","Kansas State University",347197.150368663,478557.801555625,825754.951924288,"Kansas","Tracey Mann","Republican","KS","20",916600.476973271,1263392.59610685,2179993.07308012,4.82218264400921,6.64663613271701,11.4688187767262
"2001","Wichita State University",3662.64086605084,1621.65250055534,5284.29336660617,"Kansas","Tracey Mann","Republican","KS","20",9669.37188637421,4281.16260146609,13950.5344878403,0.0508700120284839,0.0225229513966019,0.0733929634250857
"2001","Northwestern University",669.075025718838,838.726690825634,1507.80171654447,"Kansas","Tracey Mann","Republican","KS","20",1766.35806789773,2214.23846377967,3980.59653167741,0.00929270869053942,0.0116489818170227,0.0209416905075621
"2001","University of Kansas Medical Center Research Institute Inc",0,1388.60421710183,1388.60421710183,"Kansas","Tracey Mann","Republican","KS","20",0,3665.91513314882,3665.91513314882,0,0.0192861696819698,0.0192861696819698
"2002","University of Kansas Center for Research Inc",188193.844288132,125031.98268292,313225.826971053,"Kansas","Derek Schmidt","Republican","KS","20",496831.748920669,330084.43428291,826916.183203579,2.61380339289073,1.73655531504056,4.35035870793129
"2002","Kansas State University",61856.9635714285,85260.2979783009,147117.261549729,"Kansas","Derek Schmidt","Republican","KS","20",163302.383828571,225087.186662714,388389.570491286,0.859124494047618,1.18417080525418,2.0432952993018
"2002","Wichita State University",6529.05545687323,2890.77184881604,9419.82730568927,"Kansas","Derek Schmidt","Republican","KS","20",17236.7064061453,7631.63768087434,24868.3440870197,0.090681325789906,0.0401496090113338,0.13083093480124
"2002","University of Kansas Medical Center Research Institute Inc",0,6287.29131632216,6287.29131632216,"Kansas","Derek Schmidt","Republican","KS","20",0,16598.4490750905,16598.4490750905,0,0.0873234905044745,0.0873234905044745
"2002","Northwestern University",936.705036006373,1174.21736715589,2110.92240316226,"Kansas","Derek Schmidt","Republican","KS","20",2472.90129505682,3099.93384929154,5572.83514434837,0.0130097921667552,0.0163085745438318,0.029318366710587
"2003","University of Kansas Center for Research Inc",203419.88347002,135147.83888704,338567.72235706,"Kansas","Sharice Davids","Democrat","KS","20",537028.492360853,356790.294661786,893818.787022639,2.82527615930583,1.87705331787556,4.70232947718139
"2003","Kansas State University",26510.1272448979,36540.1277049861,63050.254949884,"Kansas","Sharice Davids","Democrat","KS","20",69986.7359265305,96465.9371411633,166452.673067694,0.368196211734694,0.507501773680363,0.875697985415056
"2003","University of Kansas Medical Center Research Institute Inc",0,33467.933121445,33467.933121445,"Kansas","Sharice Davids","Democrat","KS","20",0,88355.3434406147,88355.3434406147,0,0.464832404464514,0.464832404464514
"2003","University of Missouri-Columbia",5123.96055756472,4313.10481998712,9437.06537755183,"Kansas","Sharice Davids","Democrat","KS","20",13527.2558719709,11386.596724766,24913.8525967368,0.0711661188550655,0.0599042336109322,0.131070352465998
"2003","Wichita State University",1512.82992293404,669.812989359813,2182.64291229385,"Kansas","Sharice Davids","Democrat","KS","20",3993.87099654587,1768.30629190991,5762.17728845578,0.0210115267074172,0.00930295818555296,0.0303144848929702
"2004","Wichita State University",193005.249115375,85454.0361162204,278459.285231595,"Kansas","Ron Estes","Republican","KS","20",509533.857664589,225598.655346822,735132.513011411,2.68062845993576,1.18686161272528,3.86749007266104
"2004","University of Kansas Center for Research Inc",59686.0735929999,39654.1563201495,99340.2299131494,"Kansas","Ron Estes","Republican","KS","20",157571.23428552,104686.972685195,262258.206970714,0.82897324434722,0.550752171113188,1.37972541546041
"2004","Kansas State University",29645.7336932192,40862.0782937479,70507.8119869671,"Kansas","Ron Estes","Republican","KS","20",78264.7369500987,107875.886695494,186140.623645593,0.411746301294711,0.567528865190943,0.979275166485654
"2004","University of Kansas Medical Center Research Institute Inc",0,1924.3311527121,1924.3311527121,"Kansas","Ron Estes","Republican","KS","20",0,5080.23424315995,5080.23424315995,0,0.0267268215654458,0.0267268215654458
"2004","Colorado School of Mines",99.8545762655485,484.463131600461,584.317707866009,"Kansas","Ron Estes","Republican","KS","20",263.616081341048,1278.98266742522,1542.59874876626,0.00138686911479928,0.00672865460556195,0.00811552372036124
"2101","Murray State University",51862.48425772,0,51862.48425772,"Kentucky","James Comer","Republican","KY","21",136916.958440381,0,136916.958440381,0.720312281357222,0,0.720312281357222
"2101","University of Kentucky Research Foundation",11081.0371941537,26862.9320356748,37943.9692298286,"Kentucky","James Comer","Republican","KY","21",29253.9381925658,70918.1405741815,100172.078766747,0.153903294363246,0.373096278273261,0.526999572636508
"2101","University of Illinois at Urbana-Champaign",11578.78389418,8488.05802827437,20066.8419224544,"Kentucky","James Comer","Republican","KY","21",30567.9894806352,22408.4731946443,52976.4626752796,0.160816442974722,0.117889694837144,0.278706137811866
"2101","University of Louisville Research Foundation Inc",4457.97568781894,4168.27483515366,8626.2505229726,"Kentucky","James Comer","Republican","KY","21",11769.055815842,11004.2455648057,22773.3013806477,0.0619163289974853,0.0578927060438008,0.119809035041286
"2101","Purdue University",1877.1043280715,2676.13545548725,4553.23978355875,"Kentucky","James Comer","Republican","KY","21",4955.55542610875,7064.99760248635,12020.5530285951,0.0260708934454374,0.0371685479928785,0.063239441438316
"2102","University of Louisville Research Foundation Inc",38875.4654066791,36349.1493689206,75224.6147755997,"Kentucky","Brett Guthrie","Republican","KY","21",102631.228673633,95961.7543339504,198592.983007583,0.53993701953721,0.504849296790564,1.04478631632777
"2102","University of Kentucky Research Foundation",9566.36304531257,23191.0204624531,32757.3835077656,"Kentucky","Brett Guthrie","Republican","KY","21",25255.1984396252,61224.2940208761,86479.4924605013,0.132866153407119,0.32209750642296,0.454963659830078
"2102","Western Kentucky University",28056.6370000915,0,28056.6370000915,"Kentucky","Brett Guthrie","Republican","KY","21",74069.5216802416,0,74069.5216802416,0.38967551389016,0,0.38967551389016
"2102","Purdue University",2815.65649210724,4014.20318323088,6829.85967533812,"Kentucky","Brett Guthrie","Republican","KY","21",7433.33313916312,10597.4964037295,18030.8295428926,0.0391063401681562,0.0557528219893177,0.0948591621574739
"2102","Vanderbilt University",961.082007244969,3901.79939862688,4862.88140587185,"Kentucky","Brett Guthrie","Republican","KY","21",2537.25649912672,10300.750412375,12838.0069115017,0.0133483612117357,0.0541916583142622,0.0675400195259979
"2103","University of Louisville Research Foundation Inc",352611.496339743,329697.093412799,682308.589752542,"Kentucky","Morgan McGarvey","Democrat","KY","21",930894.350336922,870400.32660979,1801294.67694671,4.89738189360754,4.57912629739999,9.47650819100753
"2103","University of Kentucky Research Foundation",11001.3175021095,26669.673531821,37670.9910339305,"Kentucky","Morgan McGarvey","Democrat","KY","21",29043.478205569,70407.9381240076,99451.4163295765,0.152796076418187,0.370412132386403,0.52320820880459
"2103","Indiana University",21780.6679348513,4125.37677672942,25906.0447115808,"Kentucky","Morgan McGarvey","Democrat","KY","21",57500.9633480075,10890.9946905657,68391.9580385732,0.302509276872935,0.0572968996767974,0.359806176549733
"2103","Purdue University",2815.65649210724,4014.20318323088,6829.85967533812,"Kentucky","Morgan McGarvey","Democrat","KY","21",7433.33313916312,10597.4964037295,18030.8295428926,0.0391063401681562,0.0557528219893177,0.0948591621574739
"2103","North Carolina State University",1223.94821509694,5548.41713931308,6772.36535441002,"Kentucky","Morgan McGarvey","Democrat","KY","21",3231.22328785593,14647.8212477865,17879.0445356425,0.0169992807652353,0.0770613491571261,0.0940606299223614
"2104","University of Cincinnati Main Campus",124777.356409551,116028.931723535,240806.288133086,"Kentucky","Thomas Massie","Republican","KY","21",329412.220921215,306316.379750132,635728.600671347,1.73301883902154,1.61151294060465,3.34453177962619
"2104","University of Louisville Research Foundation Inc",35136.5180556052,32853.1769265337,67989.6949821389,"Kentucky","Thomas Massie","Republican","KY","21",92760.4076667977,86732.3870860489,179492.794752847,0.488007195216739,0.456294123979634,0.944301319196373
"2104","University of Kentucky Research Foundation",13153.7491873048,31887.653135873,45041.4023231778,"Kentucky","Thomas Massie","Republican","KY","21",34725.8978544846,84183.4042787047,118909.302133189,0.182690960934789,0.442884071331569,0.625575032266358
"2104","Northern Kentucky University",34019.4278640233,0,34019.4278640233,"Kentucky","Thomas Massie","Republican","KY","21",89811.2895610215,0,89811.2895610215,0.47249205366699,0,0.47249205366699
"2104","Indiana University",7260.22264495045,1375.12559224314,8635.34823719359,"Kentucky","Thomas Massie","Republican","KY","21",19166.9877826692,3630.33156352189,22797.3193461911,0.100836425624312,0.0190989665589325,0.119935392183244
"2105","University of Kentucky Research Foundation",13632.0673395704,33047.2041589956,46679.2714985661,"Kentucky","Harold Rogers","Republican","KY","21",35988.6577764659,87244.6189797485,123233.276756214,0.189334268605145,0.458988946652717,0.648323215257862
"2105","Marshall University Research Corporation",0,9983.74249688953,9983.74249688953,"Kentucky","Harold Rogers","Republican","KY","21",0,26357.0801917884,26357.0801917884,0,0.138663090234577,0.138663090234577
"2105","University of Louisville Research Foundation Inc",1677.73278573831,1568.70558312234,3246.43836886065,"Kentucky","Harold Rogers","Republican","KY","21",4429.21455434914,4141.38273944299,8570.59729379213,0.0233018442463654,0.0217875775433659,0.0450894217897313
"2105","Purdue University",938.552164035748,1338.06772774363,2276.61989177937,"Kentucky","Harold Rogers","Republican","KY","21",2477.77771305437,3532.49880124317,6010.27651429755,0.0130354467227187,0.0185842739964392,0.031619720719158
"2105","Bowling Green State University",1204.73834439496,0,1204.73834439496,"Kentucky","Harold Rogers","Republican","KY","21",3180.50922920269,0,3180.50922920269,0.0167324770054855,0,0.0167324770054855
"2106","University of Kentucky Research Foundation",187899.314148348,455510.293583349,643409.607731697,"Kentucky","Andy Barr","Republican","KY","21",496054.189351638,1202547.17506004,1698601.36441168,2.60971269650483,6.3265318553243,8.93624455182912
"2106","University of Louisville Research Foundation Inc",6902.6720327519,6454.1029705605,13356.7750033124,"Kentucky","Andy Barr","Republican","KY","21",18223.054166465,17038.8318422797,35261.8860087448,0.095870444899332,0.0896403190355626,0.185510763934895
"2106","University of Wisconsin-Madison",4581.70544343873,2328.36960764552,6910.07505108425,"Kentucky","Andy Barr","Republican","KY","21",12095.7023706783,6146.89576418418,18242.5981348624,0.0636347978255379,0.0323384667728545,0.0959732645983924
"2106","University of Cincinnati Main Campus",2302.16524740869,2140.7551978512,4442.92044525989,"Kentucky","Andy Barr","Republican","KY","21",6077.71625315895,5651.59372232716,11729.3099754861,0.0319745173251207,0.0297327110812666,0.0617072284063873
"2106","Duke University",3078.59399786371,628.785107690774,3707.37910555448,"Kentucky","Andy Barr","Republican","KY","21",8127.48815436019,1659.99268430364,9787.48083866384,0.0427582499703293,0.0087331264957052,0.0514913764660345
"2201","Tulane University",371090.890853275,100880.357172003,471971.248025278,"Louisiana","Steve Scalise","Republican","LA","22",979679.951852647,266324.142934088,1246004.09478673,5.15404015073994,1.40111607183337,6.55515622257331
"2201","University of New Orleans",151370.543702894,16449.6283507817,167820.172053675,"Louisiana","Steve Scalise","Republican","LA","22",399618.235375639,43427.0188460638,443045.254221703,2.10236866254019,0.228467060427524,2.33083572296771
"2201","Xavier University of Louisiana",104207.909506696,49067.9142329529,153275.823739649,"Louisiana","Steve Scalise","Republican","LA","22",275108.881097678,129539.293574996,404648.174672674,1.44733207648189,0.681498808791012,2.1288308852729
"2201","Louisiana State University",59644.6631738369,45625.8901064468,105270.553280284,"Louisiana","Steve Scalise","Republican","LA","22",157461.91077893,120452.34988102,277914.260659949,0.828398099636624,0.633692918145095,1.46209101778172
"2201","Southeastern Louisiana University",22677.8544291704,0,22677.8544291704,"Louisiana","Steve Scalise","Republican","LA","22",59869.53569301,0,59869.53569301,0.314970200405145,0,0.314970200405145
"2202","Tulane University",399486.280281885,108599.590109814,508085.870391698,"Louisiana","Troy A. Carter","Democrat","LA","22",1054643.77994418,286702.917889909,1341346.69783408,5.54842055947062,1.50832764041408,7.0567481998847
"2202","Xavier University of Louisiana",153314.734119365,72190.62602857,225505.360147935,"Louisiana","Troy A. Carter","Democrat","LA","22",404750.898075124,190583.252715425,595334.150790549,2.1293713072134,1.00264758373014,3.13201889094354
"2202","University of New Orleans",180717.894012638,19638.8420106272,200356.736023266,"Louisiana","Troy A. Carter","Democrat","LA","22",477095.240193365,51846.5429080558,528941.783101421,2.50997075017553,0.272761694592044,2.78273244476758
"2202","Louisiana State University",100857.468630759,77152.1127841653,178009.581414924,"Louisiana","Troy A. Carter","Democrat","LA","22",266263.717185204,203681.577750196,469945.2949354,1.40079817542721,1.0715571220023,2.4723552974295
"2202","Southeastern Louisiana University",6534.29703891351,0,6534.29703891351,"Louisiana","Troy A. Carter","Democrat","LA","22",17250.5441827317,0,17250.5441827317,0.0907541255404655,0,0.0907541255404655
"2203","University of Louisiana at Lafayette",116591.243720815,38880.4289002268,155471.672621042,"Louisiana","Clay Higgins","Republican","LA","22",307800.883422951,102644.332296599,410445.21571955,1.61932282945576,0.540005956947595,2.15932878640336
"2203","Louisiana State University",34999.8197096474,26773.5257916303,61773.3455012776,"Louisiana","Clay Higgins","Republican","LA","22",92399.524033469,70682.1080899039,163081.632123373,0.486108607078436,0.371854524883754,0.857963131962189
"2203","Tulane University",11596.5903391649,3152.51116162509,14749.1015007899,"Louisiana","Clay Higgins","Republican","LA","22",30614.9984953952,8322.62946669024,38937.6279620855,0.161063754710623,0.0437848772447929,0.204848631955416
"2203","University of New Orleans",6023.92980042128,654.628067020906,6678.55786744218,"Louisiana","Clay Higgins","Republican","LA","22",15903.1746731122,1728.21809693519,17631.3927700474,0.0836656916725177,0.00909205648640148,0.0927577481589192
"2203","Xavier University of Louisiana",3458.22708539921,1628.35998560684,5086.58707100605,"Louisiana","Clay Higgins","Republican","LA","22",9129.71950545392,4298.87036200207,13428.589867456,0.0480309317416557,0.0226161109112062,0.0706470426528619
"2204","Louisiana Tech University",0,70507.2819133576,70507.2819133576,"Louisiana","Mike Johnson","Republican","LA","22",0,186139.224251264,186139.224251264,0,0.979267804352189,0.979267804352189
"2204","Louisiana State University",14082.7676938226,10772.7796084666,24855.5473022892,"Louisiana","Mike Johnson","Republican","LA","22",37178.5067116917,28440.1381663519,65618.6448780435,0.195593995747536,0.149621939006481,0.345215934754017
"2204","University of Louisiana at Lafayette",4249.1988996362,1417.00757645089,5666.20647608709,"Louisiana","Mike Johnson","Republican","LA","22",11217.8850950396,3740.90000183035,14958.7850968699,0.0590166513838361,0.0196806607840402,0.0786973121678762
"2204","Tulane University",3468.13916685304,942.807076373859,4410.9462432269,"Louisiana","Mike Johnson","Republican","LA","22",9155.88740049203,2489.01068162699,11644.898082119,0.0481685995396256,0.0130945427274147,0.0612631422670403
"2204","University of New Orleans",3861.49346180851,419.633376295453,4281.12683810396,"Louisiana","Mike Johnson","Republican","LA","22",10194.3427391745,1107.83211342,11302.1748525945,0.0536318536362293,0.00582824133743684,0.0594600949736662
"2205","Louisiana State University",756327.464968238,578561.634266471,1334889.09923471,"Louisiana","Julia Letlow","Republican","LA","22",1996704.50751615,1527402.71446348,3524107.22197963,10.5045481245589,8.03557825370099,18.5401263782598
"2205","Tulane University",20375.3176052616,5538.99157369642,25914.309178958,"Louisiana","Julia Letlow","Republican","LA","22",53790.8384778907,14622.9377545586,68413.7762324492,0.2829905222953,0.0769304385235614,0.359920960818862
"2205","Southeastern Louisiana University",23927.0582748451,0,23927.0582748451,"Louisiana","Julia Letlow","Republican","LA","22",63167.433845591,0,63167.433845591,0.332320253817293,0,0.332320253817293
"2205","University of New Orleans",21160.9841707106,2299.59090209908,23460.5750728097,"Louisiana","Julia Letlow","Republican","LA","22",55864.9982106761,6070.91998154158,61935.9181922177,0.293902557926537,0.0319387625291539,0.325841320455691
"2205","Xavier University of Louisiana",8184.47076877813,3853.78529926953,12038.2560680477,"Louisiana","Julia Letlow","Republican","LA","22",21607.0028295743,10173.9931900716,31780.9960196458,0.113673205121918,0.0535247958231879,0.167198000945106
"2206","Louisiana State University",669759.86355621,512340.724320309,1182100.58787652,"Louisiana","Cleo Fields","Democrat","LA","22",1768166.0397884,1352579.51220562,3120745.55199401,9.30222032716959,7.11584339333763,16.4180637205072
"2206","University of Louisiana at Lafayette",38427.5378749708,12814.6772131211,51242.2150880919,"Louisiana","Cleo Fields","Democrat","LA","22",101448.699989923,33830.7478426397,135279.447832563,0.533715803819039,0.177981627960015,0.711697431779055
"2206","University of New Orleans",14055.836200983,1527.46548971545,15583.3016906984,"Louisiana","Cleo Fields","Democrat","LA","22",37107.4075705951,4032.50889284878,41139.9164634439,0.195219947235875,0.0212147984682701,0.216434745704145
"2206","Tulane University",9212.24466195339,2504.33129661806,11716.5759585715,"Louisiana","Cleo Fields","Democrat","LA","22",24320.3259075569,6611.43462307169,30931.7605306286,0.12794784252713,0.0347823791196953,0.162730221646826
"2206","University of Texas at Austin",4623.61907991236,5959.64024499666,10583.259324909,"Louisiana","Cleo Fields","Democrat","LA","22",12206.3543709686,15733.4502467912,27939.8046177598,0.0642169316654494,0.0827727811805091,0.146989712845959
"2301","Bowdoin College",103119.997030653,0,103119.997030653,"Maine","Chellie Pingree","Democrat","ME","23",272236.792160925,0,272236.792160925,1.4322221809813,0,1.4322221809813
"2301","Colby College",70084.583810873,0,70084.583810873,"Maine","Chellie Pingree","Democrat","ME","23",185023.301260705,0,185023.301260705,0.973396997373236,0,0.973396997373236
"2301","Bigelow Laboratory for Ocean Sciences",58018.1202896313,0,58018.1202896313,"Maine","Chellie Pingree","Democrat","ME","23",153167.837564627,0,153167.837564627,0.805807226244879,0,0.805807226244879
"2301","University of Maine",1069.63038537441,40134.9855009824,41204.6158863568,"Maine","Chellie Pingree","Democrat","ME","23",2823.82421738844,105956.361722594,108780.185939982,0.0148559775746446,0.557430354180311,0.572286331754956
"2301","University of New Hampshire",7609.22454461109,12148.9443175848,19758.1688621959,"Maine","Chellie Pingree","Democrat","ME","23",20088.3527977733,32073.2129984239,52161.5657961972,0.10568367423071,0.168735337744234,0.274419011974943
"2302","University of Maine",12532.6604445639,470254.166400891,482786.826845455,"Maine","Jared F. Golden","Democrat","ME","23",33086.2235736486,1241470.99929835,1274557.222872,0.17406472839672,6.53130786667905,6.70537259507577
"2302","Colby College",64702.7303835624,0,64702.7303835624,"Maine","Jared F. Golden","Democrat","ME","23",170815.208212605,0,170815.208212605,0.898649033105034,0,0.898649033105034
"2302","Bowdoin College",19433.4799157937,0,19433.4799157937,"Maine","Jared F. Golden","Democrat","ME","23",51304.3869776955,0,51304.3869776955,0.269909443274913,0,0.269909443274913
"2302","Bigelow Laboratory for Ocean Sciences",5870.42741432537,0,5870.42741432537,"Maine","Jared F. Golden","Democrat","ME","23",15497.928373819,0,15497.928373819,0.0815337140878524,0,0.0815337140878524
"2302","University of Rhode Island",684.933128101023,2649.32893467428,3334.2620627753,"Maine","Jared F. Golden","Democrat","ME","23",1808.2234581867,6994.22838754009,8802.4518457268,0.00951296011251422,0.0367962352038094,0.0463091953163236
"2401","Johns Hopkins University",157348.997565884,209285.21127817,366634.208844054,"Maryland","Andy Harris","Republican","MD","24",415401.353573935,552512.957774368,967914.311348303,2.18540274397062,2.90673904553013,5.09214178950075
"2401","University of Delaware",99159.0897319404,218150.559429066,317309.649161006,"Maryland","Andy Harris","Republican","MD","24",261779.996892323,575917.476892734,837697.473785057,1.37720957961028,3.02986888095925,4.40707846056953
"2401","University of Maryland Center for Environmental Sciences",57445.981426371,172469.092354162,229915.073780534,"Maryland","Andy Harris","Republican","MD","24",151657.39096562,455318.403814989,606975.794780609,0.797860853144042,2.39540406047448,3.19326491361852
"2401","University of Maryland, College Park",49235.1005213291,76249.0732475972,125484.173768926,"Maryland","Andy Harris","Republican","MD","24",129980.665376309,201297.553373657,331278.218749966,0.683820840574015,1.05901490621663,1.74283574679064
"2401","University of Maryland Eastern Shore",0,71139.3644588545,71139.3644588545,"Maryland","Andy Harris","Republican","MD","24",0,187807.922171376,187807.922171376,0,0.988046728595202,0.988046728595202
"2402","Johns Hopkins University",590314.509723767,785159.73281862,1375474.24254239,"Maryland","Johnny Olszewski, Jr.","Democrat","MD","24",1558430.30567074,2072821.69464116,3631252.0003119,8.19881263505232,10.9049962891475,19.1038089241998
"2402","University of Maryland, College Park",50938.4565525448,78887.0148261797,129825.471378724,"Maryland","Johnny Olszewski, Jr.","Democrat","MD","24",134477.525298718,208261.719141114,342739.244439833,0.707478563229789,1.09565298369694,1.80313154692673
"2402","University of Maryland Baltimore County",38838.2038010586,42098.1270191807,80936.3308202393,"Maryland","Johnny Olszewski, Jr.","Democrat","MD","24",102532.858034795,111139.055330637,213671.913365432,0.539419497236925,0.584696208599732,1.12411570583666
"2402","Morgan State University",14521.1438988032,59473.7831662063,73994.9270650095,"Maryland","Johnny Olszewski, Jr.","Democrat","MD","24",38335.8198928404,157010.787558785,195346.607451625,0.201682554150044,0.82602476619731,1.02770732034735
"2402","American University",0,18919.1355820786,18919.1355820786,"Maryland","Johnny Olszewski, Jr.","Democrat","MD","24",0,49946.5179366875,49946.5179366875,0,0.262765771973314,0.262765771973314
"2403","University of Maryland, College Park",203916.050594104,315799.291836012,519715.342430117,"Maryland","Sarah Elfreth","Democrat","MD","24",538338.373568436,833710.130447073,1372048.50401551,2.83216736936256,4.38610127550017,7.21826864486273
"2403","Johns Hopkins University",166556.676227087,221532.070195618,388088.746422705,"Maryland","Sarah Elfreth","Democrat","MD","24",439709.62523951,584844.665316431,1024554.29055594,2.31328716982065,3.07683430827247,5.39012147809312
"2403","University of Maryland Baltimore County",44659.5900531188,48408.137109304,93067.7271624228,"Maryland","Sarah Elfreth","Democrat","MD","24",117901.317740234,127797.481968563,245698.799708796,0.620272084071095,0.672335237629222,1.29260732170032
"2403","American University",0,40305.9845009501,40305.9845009501,"Maryland","Sarah Elfreth","Democrat","MD","24",0,106407.799082508,106407.799082508,0,0.559805340290973,0.559805340290973
"2403","George Washington University",7881.74109486817,31621.6661875627,39503.4072824309,"Maryland","Sarah Elfreth","Democrat","MD","24",20807.796490452,83481.1987351656,104288.995225618,0.109468626317614,0.439189808160593,0.548658434478207
"2404","University of Maryland, College Park",457067.201709538,707847.656919622,1164914.85862916,"Maryland","Glenn Ivey","Democrat","MD","24",1206657.41251318,1868717.8142678,3075375.22678098,6.34815557929914,9.83121745721697,16.1793730365161
"2404","American University",0,333963.871579301,333963.871579301,"Maryland","Glenn Ivey","Democrat","MD","24",0,881664.620969354,881664.620969354,0,4.63838710526807,4.63838710526807
"2404","Howard University",117341.721713944,107589.181326213,224930.903040156,"Maryland","Glenn Ivey","Democrat","MD","24",309782.145324812,284035.438701202,593817.584026013,1.62974613491589,1.49429418508629,3.12404032000217
"2404","George Washington University",37492.138215301,150419.033692205,187911.171907506,"Maryland","Glenn Ivey","Democrat","MD","24",98979.2448883946,397106.248947421,496085.493835815,0.52072414187918,2.08915324572507,2.60987738760425
"2404","National Academy of Sciences",53381.2820009649,6216.83644498812,59598.118445953,"Maryland","Glenn Ivey","Democrat","MD","24",140926.584482547,16412.4482147687,157339.032697316,0.741406694457846,0.0863449506248351,0.827751645082681
"2405","University of Maryland, College Park",182826.880683815,283139.062767849,465965.943451664,"Maryland","Steny H. Hoyer","Democrat","MD","24",482662.965005272,747487.125707121,1230150.09071239,2.53926223171966,3.93248698288679,6.47174921460644
"2405","George Washington University",27206.1825706313,109151.621847429,136357.80441806,"Maryland","Steny H. Hoyer","Democrat","MD","24",71824.3219864666,288160.281677212,359984.603663678,0.377863646814323,1.51599474788095,1.89385839469528
"2405","American University",0,115982.526829265,115982.526829265,"Maryland","Steny H. Hoyer","Democrat","MD","24",0,306193.870829258,306193.870829258,0,1.61086842818423,1.61086842818423
"2405","Johns Hopkins University",33556.8733430495,44632.9969435888,78189.8702866383,"Maryland","Steny H. Hoyer","Democrat","MD","24",88590.1456256506,117831.111931074,206421.257556725,0.466067685320132,0.619902735327623,1.08597042064775
"2405","Howard University",36293.549600328,33277.1092147489,69570.6588150769,"Maryland","Steny H. Hoyer","Democrat","MD","24",95814.9709448658,87851.5683269371,183666.539271803,0.504077077782333,0.462182072427068,0.966259150209401
"2406","University of Maryland, College Park",82085.5382662027,127123.660834544,209209.199100747,"Maryland","April McClain Delaney","Democrat","MD","24",216705.821022775,335606.464603197,552312.285625972,1.14007692036393,1.76560640047978,2.90568332084371
"2406","American University",0,125030.809064172,125030.809064172,"Maryland","April McClain Delaney","Democrat","MD","24",0,330081.335929413,330081.335929413,0,1.73653901478016,1.73653901478016
"2406","Johns Hopkins University",22098.4287868862,29392.4614018756,51490.8901887618,"Maryland","April McClain Delaney","Democrat","MD","24",58339.8519973797,77596.0981009515,135935.950098331,0.306922622040087,0.408228630581605,0.715151252621692
"2406","George Washington University",6396.11795324554,25661.3233522092,32057.4413054547,"Maryland","April McClain Delaney","Democrat","MD","24",16885.7513965682,67745.8936498322,84631.6450464004,0.0888349715728547,0.356407268780683,0.445242240353538
"2406","Virginia Polytechnic Institute and State University",8937.16584717729,8558.67662632664,17495.8424735039,"Maryland","April McClain Delaney","Democrat","MD","24",23594.1178365481,22594.9062935023,46189.0241300504,0.124127303433018,0.118870508698981,0.242997812131999
"2407","Johns Hopkins University",601977.56936129,800672.420780721,1402649.99014201,"Maryland","Kweisi Mfume","Democrat","MD","24",1589220.78311381,2113775.1908611,3702995.97397491,8.36079957446236,11.1204502886211,19.4812498630835
"2407","Morgan State University",26888.0521642674,110124.532565997,137012.584730265,"Maryland","Kweisi Mfume","Democrat","MD","24",70984.457713666,290728.765974233,361713.223687899,0.373445168948159,1.52950739674996,1.90295256569812
"2407","University of Maryland Baltimore County",59473.7147691826,64465.7000998416,123939.414869024,"Maryland","Kweisi Mfume","Democrat","MD","24",157010.606990642,170189.448263582,327200.055254224,0.826023816238647,0.895356945831133,1.72138076206978
"2407","University of Maryland, College Park",47045.0713383375,72857.4340751341,119902.505413472,"Maryland","Kweisi Mfume","Democrat","MD","24",124198.988333211,192343.625958354,316542.614291565,0.653403768588021,1.01190880659908,1.66531257518711
"2407","University of Maryland at Baltimore",22389.5480652715,0,22389.5480652715,"Maryland","Kweisi Mfume","Democrat","MD","24",59108.4068923169,0,59108.4068923169,0.310965945350994,0,0.310965945350994
"2408","University of Maryland, College Park",360543.693273983,558364.30079995,918907.994073934,"Maryland","Jamie Raskin","Democrat","MD","24",951835.350243316,1474081.75411187,2425917.10435518,5.00755129547199,7.75505973333264,12.7626110288046
"2408","American University",0,857119.098979387,857119.098979387,"Maryland","Jamie Raskin","Democrat","MD","24",0,2262794.42130558,2262794.42130558,0,11.9044319302693,11.9044319302693
"2408","George Washington University",25754.5813330153,103327.775412885,129082.3567459,"Maryland","Jamie Raskin","Democrat","MD","24",67992.0947191604,272785.327090016,340777.421809176,0.357702518514101,1.43510799184562,1.79281051035972
"2408","Georgetown University",61802.6976476243,20848.0309527206,82650.728600345,"Maryland","Jamie Raskin","Democrat","MD","24",163159.121789728,55038.8017151824,218197.923504911,0.858370800661449,0.289555985454453,1.1479267861159
"2408","Howard University",39299.4570825637,36033.1888122895,75332.6458948532,"Maryland","Jamie Raskin","Democrat","MD","24",103750.566697968,95127.6184644442,198878.185162412,0.545825792813385,0.500460955726242,1.04628674853963
"2501","University of Massachusetts Amherst",174852.853068475,889915.308701941,1064768.16177042,"Massachusetts","Richard E. Neal","Democrat","MA","25",461611.532100775,2349376.41497312,2810987.9470739,2.42851184817327,12.3599348430825,14.7884466912558
"2501","Worcester Polytechnic Institute",28043.3451488368,127894.800848402,155938.145997239,"Massachusetts","Richard E. Neal","Democrat","MA","25",74034.4311929292,337642.274239781,411676.70543271,0.389490904844956,1.77631667845003,2.16580758329498
"2501","Trustees of Boston University",37776.6580228247,29590.4692268567,67367.1272496814,"Massachusetts","Richard E. Neal","Democrat","MA","25",99730.3771802572,78118.8387589016,177849.215939159,0.524675805872565,0.410978739261898,0.935654545134463
"2501","University of Massachusetts Lowell",17442.8362149059,47378.3534870483,64821.1897019543,"Massachusetts","Richard E. Neal","Democrat","MA","25",46049.0876073516,125078.853205808,171127.940813159,0.242261614095915,0.658032687320116,0.900294301416031
"2501","Amherst College",34636.8931166961,0,34636.8931166961,"Massachusetts","Richard E. Neal","Democrat","MA","25",91441.3978280777,0,91441.3978280777,0.481067959954113,0,0.481067959954113
"2502","University of Massachusetts Amherst",155821.250013403,793053.77850309,948875.028516493,"Massachusetts","James P. McGovern","Democrat","MA","25",411368.100035384,2093661.97524816,2505030.07528354,2.16418402796393,11.0146358125429,13.1788198405069
"2502","Worcester Polytechnic Institute",154606.007711939,705097.928272838,859703.935984777,"Massachusetts","James P. McGovern","Democrat","MA","25",408159.86035952,1861458.53064029,2269618.39099981,2.14730566266582,9.79302678156719,11.940332444233
"2502","University of Massachusetts Lowell",25334.8399202092,68814.6690417071,94149.5089619163,"Massachusetts","James P. McGovern","Democrat","MA","25",66883.9773893522,181670.726270107,248554.703659459,0.351872776669572,0.955759292245932,1.3076320689155
"2502","Massachusetts Institute of Technology",40477.7722861419,47488.6746848375,87966.4469709793,"Massachusetts","James P. McGovern","Democrat","MA","25",106861.318835415,125370.101167971,232231.420003385,0.562191281751971,0.659564926178298,1.22175620793027
"2502","Northeastern University",22407.2418461947,55754.3339947203,78161.575840915,"Massachusetts","James P. McGovern","Democrat","MA","25",59155.118473954,147191.441746062,206346.560220016,0.31121169230826,0.774365749926671,1.08557744223493
"2503","University of Massachusetts Lowell",103299.793722281,280583.620795056,383883.414517337,"Massachusetts","Lori Trahan","Democrat","MA","25",272711.455426823,740740.758898947,1013452.21432577,1.43471935725391,3.89699473326466,5.33171409051857
"2503","University of Massachusetts Amherst",55310.5963788034,281503.82214041,336814.418519213,"Massachusetts","Lori Trahan","Democrat","MA","25",146019.974440041,743170.090450682,889190.064890723,0.768202727483381,3.90977530750569,4.67797803498907
"2503","Massachusetts Institute of Technology",109677.969542136,128674.606370647,238352.575912782,"Massachusetts","Lori Trahan","Democrat","MA","25",289549.839591238,339700.960818508,629250.800409746,1.52330513252966,1.78714731070343,3.31045244323309
"2503","Trustees of Boston University",90394.1459831877,70805.7656499784,161199.911633166,"Massachusetts","Lori Trahan","Democrat","MA","25",238640.545395616,186927.221315943,425567.766711559,1.2554742497665,0.983413411805256,2.23888766157175
"2503","Worcester Polytechnic Institute",16594.9383277761,75683.0656705899,92278.003998366,"Massachusetts","Lori Trahan","Democrat","MA","25",43810.6371853289,199803.293370357,243613.930555686,0.230485254552446,1.0511536898693,1.28163894442175
"2504","Massachusetts Institute of Technology",129424.636708909,151841.470558815,281266.107267724,"Massachusetts","Jake Auchincloss","Democrat","MA","25",341681.040911519,400861.482275272,742542.523186791,1.79756439873484,2.10890931331688,3.90647371205172
"2504","Boston College",226679.916216113,35587.9529359259,262267.869152039,"Massachusetts","Jake Auchincloss","Democrat","MA","25",598434.978810538,93952.1957508443,692387.174561382,3.14833216966823,0.494277124110082,3.64260929377832
"2504","Northeastern University",54800.3197325413,136355.708139262,191156.027871803,"Massachusetts","Jake Auchincloss","Democrat","MA","25",144672.844093909,359979.069487651,504651.91358156,0.761115551840852,1.89382927971197,2.65494483155282
"2504","Brown University",87555.4007196222,69620.9275420378,157176.32826166,"Massachusetts","Jake Auchincloss","Democrat","MA","25",231146.257899803,183799.24871098,414945.506610782,1.21604723221697,0.966957326972748,2.18300455918972
"2504","Harvard University",120740.384846052,23381.8934961393,144122.278342191,"Massachusetts","Jake Auchincloss","Democrat","MA","25",318754.615993576,61728.1988298076,380482.814823384,1.6769497895285,0.324748520779712,2.00169831030821
"2505","Tufts University",189313.478666678,696048.949075233,885362.427741911,"Massachusetts","Katherine M. Clark","Democrat","MA","25",499787.583680029,1837569.22555862,2337356.80923864,2.62935387037052,9.6673465149338,12.2967003853043
"2505","Massachusetts Institute of Technology",405240.987780288,475430.250993552,880671.238773839,"Massachusetts","Katherine M. Clark","Democrat","MA","25",1069836.20773996,1255135.86262298,2324972.07036294,5.62834705250399,6.603197930466,12.23154498297
"2505","Harvard University",390850.31795526,75689.8408019353,466540.158757195,"Massachusetts","Katherine M. Clark","Democrat","MA","25",1031844.83940189,199821.179717109,1231666.019119,5.4284766382675,1.05124778891577,6.47972442718327
"2505","Boston College",240352.17983984,37734.4504399433,278086.630279783,"Massachusetts","Katherine M. Clark","Democrat","MA","25",634529.754777178,99618.9491614504,734148.703938628,3.33822471999778,0.524089589443658,3.86231430944144
"2505","Northeastern University",74041.3208830781,184231.71233038,258273.033213458,"Massachusetts","Katherine M. Clark","Democrat","MA","25",195469.087131326,486371.720552203,681840.80768353,1.02835167893164,2.55877378236639,3.58712546129803
"2506","Tufts University",68964.195800004,253560.688591692,322524.884391696,"Massachusetts","Seth Moulton","Democrat","MA","25",182065.47691201,669400.217882067,851465.694794078,0.957836052777833,3.52167623044017,4.479512283218
"2506","Massachusetts Institute of Technology",135157.540079907,158567.33435538,293724.874435287,"Massachusetts","Seth Moulton","Democrat","MA","25",356815.905810955,418617.762698203,775433.668509158,1.87718805666538,2.20232408826917,4.07951214493455
"2506","University of Massachusetts Lowell",35840.7556807721,97350.9107673356,133191.666448108,"Massachusetts","Seth Moulton","Democrat","MA","25",94619.5949972383,257006.404425766,351625.999423004,0.497788273344057,1.35209598287966,1.84988425622372
"2506","Harvard University",108292.922490789,20971.3890120012,129264.31150279,"Massachusetts","Seth Moulton","Democrat","MA","25",285893.315375682,55364.4669916831,341257.782367365,1.50406836792762,0.29126929183335,1.79533765976097
"2506","University of Massachusetts Amherst",20221.0782460141,102915.375836279,123136.454082293,"Massachusetts","Seth Moulton","Democrat","MA","25",53383.6465694774,271696.592207776,325080.238777254,0.280848308972419,1.42938021994832,1.71022852892074
"2507","Massachusetts Institute of Technology",440333.305384582,516600.689990707,956933.995375289,"Massachusetts","Ayanna Pressley","Democrat","MA","25",1162479.9262153,1363825.82157547,2526305.74779076,6.11574035256364,7.17500958320426,13.2907499357679
"2507","Trustees of Boston University",392607.410165785,307529.519464832,700136.929630617,"Massachusetts","Ayanna Pressley","Democrat","MA","25",1036483.56283767,811877.931387156,1848361.49422483,5.45288069674702,4.27124332590044,9.72412402264746
"2507","Northeastern University",151735.996414992,377553.805203378,529289.80161837,"Massachusetts","Ayanna Pressley","Democrat","MA","25",400583.03053558,996742.045736917,1397325.0762725,2.10744439465267,5.24380285004691,7.35124724469958
"2507","Harvard University",439395.421140786,85090.8082900738,524486.22943086,"Massachusetts","Ayanna Pressley","Democrat","MA","25",1160003.91181168,224639.733885795,1384643.64569747,6.10271418251092,1.18181678180658,7.2845309643175
"2507","Boston College",262258.874964221,41173.7248497895,303432.599814011,"Massachusetts","Ayanna Pressley","Democrat","MA","25",692363.429905544,108698.633603444,801062.063508988,3.64248437450307,0.57185728958041,4.21434166408348
"2508","Massachusetts Institute of Technology",171929.193015101,201707.975878802,373637.168893902,"Massachusetts","Stephen F. Lynch","Democrat","MA","25",453893.069559865,532509.056320037,986402.125879902,2.38790545854306,2.80149966498336,5.18940512352642
"2508","Northeastern University",72823.5360001327,181201.585482841,254025.121482974,"Massachusetts","Stephen F. Lynch","Democrat","MA","25",192254.13504035,478372.1856747,670626.32071505,1.01143800000184,2.51668868726168,3.52812668726352
"2508","Trustees of Boston University",140313.301227635,109907.457128325,250220.758355959,"Massachusetts","Stephen F. Lynch","Democrat","MA","25",370427.115240955,290155.686818777,660582.802059733,1.94879585038381,1.52649246011562,3.47528831049943
"2508","Boston College",213318.385856561,33490.2394660906,246808.625322652,"Massachusetts","Stephen F. Lynch","Democrat","MA","25",563160.538661322,88414.2321904793,651574.770851801,2.96275535911891,0.465142214806814,3.42789757392572
"2508","Harvard University",144390.563321051,27961.8520160016,172352.415337053,"Massachusetts","Stephen F. Lynch","Democrat","MA","25",381191.087167576,73819.2893222442,455010.37648982,2.00542449057016,0.3883590557778,2.39378354634796
"2509","University of Massachusetts, Dartmouth",37138.8655278655,105007.057048741,142145.922576606,"Massachusetts","William R. Keating","Democrat","MA","25",98046.6049935649,277218.630608675,375265.23560224,0.51581757677591,1.45843134789917,1.97424892467508
"2509","Northeastern University",22650.7988227838,56360.3593642281,79011.1581870119,"Massachusetts","William R. Keating","Democrat","MA","25",59798.1088921491,148791.348721562,208589.457613711,0.314594428094219,0.782782768947613,1.09737719704183
"2509","Massachusetts Institute of Technology",29301.5061184375,34376.6371824431,63678.1433008806,"Massachusetts","William R. Keating","Democrat","MA","25",77355.976152675,90754.3221616499,168110.298314325,0.406965362756076,0.477453294200599,0.884418656956675
"2509","Woods Hole Oceanographic Institution",59769.9112704526,0,59769.9112704526,"Massachusetts","William R. Keating","Democrat","MA","25",157792.565753995,0,157792.565753995,0.830137656534063,0,0.830137656534063
"2509","Trustees of Boston University",29681.6598750766,23249.6543925302,52931.3142676068,"Massachusetts","William R. Keating","Democrat","MA","25",78359.5820702021,61379.0875962798,139738.669666482,0.41224527604273,0.32291186656292,0.73515714260565
"2601","Michigan Technological University",222516.432166999,325566.589305391,548083.02147239,"Michigan","Jack Bergman","Republican","MI","26",587443.380920877,859495.795766233,1446939.17668711,3.09050600231943,4.5217581847971,7.61226418711653
"2601","Michigan State University",15755.7591034216,39146.6136981234,54902.372801545,"Michigan","Jack Bergman","Republican","MI","26",41595.204033033,103347.060163046,144942.264196079,0.218829987547522,0.543702968029492,0.762532955577014
"2601","Regents of the University of Michigan - Ann Arbor",18207.7978341844,26500.6170226229,44708.4148568073,"Michigan","Jack Bergman","Republican","MI","26",48068.5862822468,69961.6289397245,118030.215221971,0.252886081030339,0.368064125314207,0.620950206344546
"2601","Central Michigan University",13346.7957715524,0,13346.7957715524,"Michigan","Jack Bergman","Republican","MI","26",35235.5408368984,0,35235.5408368984,0.185372163493784,0,0.185372163493784
"2601","Oakland University",6338.95712565677,2156.66212069699,8495.61924635376,"Michigan","Jack Bergman","Republican","MI","26",16734.8468117339,5693.58799864005,22428.4348103739,0.0880410711896774,0.0299536405652359,0.117994711754913
"2602","Michigan State University",38821.622655728,96455.8454633941,135277.468119122,"Michigan","John R. Moolenaar","Republican","MI","26",102489.083811122,254643.43202336,357132.515834482,0.539189203551777,1.33966452032492,1.8788537238767
"2602","Central Michigan University",102622.029710159,0,102622.029710159,"Michigan","John R. Moolenaar","Republican","MI","26",270922.158434819,0,270922.158434819,1.42530596819665,0,1.42530596819665
"2602","Ferris State University (Inc.)",31293.0903387047,64427.5818015184,95720.6721402231,"Michigan","John R. Moolenaar","Republican","MI","26",82613.7584941803,170088.815956009,252702.574450189,0.434626254704232,0.894827525021089,1.32945377972532
"2602","Regents of the University of Michigan - Ann Arbor",21359.1474593317,31087.2622765384,52446.4097358701,"Michigan","John R. Moolenaar","Republican","MI","26",56388.1492926356,82070.3724100614,138458.521702697,0.296654825824051,0.431767531618589,0.72842235744264
"2602","Western Michigan University",11703.6320855395,3984.5978414561,15688.2299269956,"Michigan","John R. Moolenaar","Republican","MI","26",30897.5887058242,10519.3383014441,41416.9270072683,0.162550445632493,0.0553416366868902,0.217892082319383
"2603","Michigan State University",29808.1928983652,74061.1610505037,103869.353948869,"Michigan","Hillary J. Scholten","Democrat","MI","26",78693.6292516841,195521.46517333,274215.094425014,0.414002679143961,1.02862723681255,1.44262991595651
"2603","Regents of the University of Michigan - Ann Arbor",25911.0969178778,37712.4165321941,63623.5134500719,"Michigan","Hillary J. Scholten","Democrat","MI","26",68405.2958631973,99560.7796449925,167966.07550819,0.359876346081636,0.523783562947141,0.883659909028777
"2603","Calvin University",44258.2195318418,0,44258.2195318418,"Michigan","Hillary J. Scholten","Democrat","MI","26",116841.699564062,0,116841.699564062,0.614697493497803,0,0.614697493497803
"2603","Grand Valley State University",24255.037737409,0,24255.037737409,"Michigan","Hillary J. Scholten","Democrat","MI","26",64033.2996267597,0,64033.2996267597,0.33687552413068,0,0.33687552413068
"2603","Western Michigan University",7958.46981816683,2709.52653219015,10667.996350357,"Michigan","Hillary J. Scholten","Democrat","MI","26",21010.3603199604,7153.15004498199,28163.5103649424,0.110534303030095,0.0376323129470854,0.14816661597718
"2604","Western Michigan University",238520.021903294,81206.1040088752,319726.125912169,"Michigan","Bill Huizenga","Republican","MI","26",629692.857824697,214384.114583431,844076.972408127,3.3127780819902,1.12786255567882,4.44064063766902
"2604","Michigan State University",22143.2290102141,55016.8624946599,77160.091504874,"Michigan","Bill Huizenga","Republican","MI","26",58458.1245869653,145244.516985902,203702.641572867,0.307544847364085,0.76412309020361,1.07166793756769
"2604","Regents of the University of Michigan - Ann Arbor",25823.5594282903,37585.0097195854,63408.5691478757,"Michigan","Bill Huizenga","Republican","MI","26",68174.1968906865,99224.4256597054,167398.622550392,0.358660547615144,0.52201402388313,0.880674571498274
"2604","Kalamazoo College",50243.7399463441,0,50243.7399463441,"Michigan","Bill Huizenga","Republican","MI","26",132643.473458349,0,132643.473458349,0.697829721477002,0,0.697829721477002
"2604","Hope College",39609.1331901975,0,39609.1331901975,"Michigan","Bill Huizenga","Republican","MI","26",104568.111622121,0,104568.111622121,0.550126849863854,0,0.550126849863854
"2605","University of Notre Dame",315719.308132596,218658.278141113,534377.586273709,"Michigan","Tim Walberg","Republican","MI","26",833498.973470054,577257.854292538,1410756.82776259,4.3849903907305,3.03692052973768,7.42191092046818
"2605","Regents of the University of Michigan - Ann Arbor",194420.764373671,282970.530804065,477391.295177735,"Michigan","Tim Walberg","Republican","MI","26",513270.817946491,747042.201322731,1260313.01926922,2.70028839407876,3.93014626116757,6.63043465524633
"2605","Michigan State University",22994.8916644531,57132.8956675314,80127.7873319846,"Michigan","Tim Walberg","Republican","MI","26",60706.5139941563,150830.844562283,211537.358556439,0.319373495339627,0.793512439826826,1.11288593516645
"2605","Western Michigan University",22470.9736042358,7650.42785559571,30121.4014598315,"Michigan","Tim Walberg","Republican","MI","26",59323.3703151824,20197.1295387727,79520.4998539551,0.312096855614386,0.106255942438829,0.418352798053215
"2605","University of Toledo",12881.6958142285,10224.6400806659,23106.3358948944,"Michigan","Tim Walberg","Republican","MI","26",34007.6769495632,26993.0498129581,61000.7267625213,0.178912441864285,0.142008890009249,0.320921331873534
"2606","Regents of the University of Michigan - Ann Arbor",2027455.79633435,2950869.18683158,4978324.98316593,"Michigan","Debbie Dingell","Democrat","MI","26",5352483.30232268,7790294.65323538,13142777.9555581,28.1591082824215,40.9842942615498,69.1434025439713
"2606","Wayne State University",114803.132801195,62732.2558823359,177535.388683531,"Michigan","Debbie Dingell","Democrat","MI","26",303080.270595154,165613.155529367,468693.426124521,1.59448795557215,0.87128133169911,2.46576928727126
"2606","Michigan State University",22143.2290102141,55016.8624946599,77160.091504874,"Michigan","Debbie Dingell","Democrat","MI","26",58458.1245869653,145244.516985902,203702.641572867,0.307544847364085,0.76412309020361,1.07166793756769
"2606","Vallejo, Daniel D",28857.5429850027,0,28857.5429850027,"Michigan","Debbie Dingell","Democrat","MI","26",76183.9134804072,0,76183.9134804072,0.400799208125038,0,0.400799208125038
"2606","Regents of the University of Michigan - Dearborn",0,21784.1711041764,21784.1711041764,"Michigan","Debbie Dingell","Democrat","MI","26",0,57510.2117150256,57510.2117150256,0,0.30255793200245,0.30255793200245
"2607","Michigan State University",900065.481754922,2236294.39152973,3136359.87328466,"Michigan","Tom Barrett","Republican","MI","26",2376172.87183299,5903817.1936385,8279990.06547149,12.5009094688184,31.0596443268019,43.5605537956202
"2607","Regents of the University of Michigan - Ann Arbor",282395.941409033,411014.377475873,693410.318884905,"Michigan","Tom Barrett","Republican","MI","26",745525.285319846,1085077.9565363,1830603.24185615,3.92216585290323,5.70853302049823,9.63069887340146
"2607","Wayne State University",16569.5243218219,9054.14002425467,25623.6643460766,"Michigan","Tom Barrett","Republican","MI","26",43743.5442096098,23902.9296640323,67646.4738736422,0.230132282247526,0.125751944781315,0.355884227028841
"2607","Ferris State University (Inc.)",2844.8263944277,5857.05289104713,8701.87928547482,"Michigan","Tom Barrett","Republican","MI","26",7510.34168128912,15462.6196323644,22972.9613136535,0.0395114777003847,0.081347956820099,0.120859434520484
"2607","Vallejo, Daniel D",6449.09333693446,0,6449.09333693446,"Michigan","Tom Barrett","Republican","MI","26",17025.606409507,0,17025.606409507,0.0895707407907563,0,0.0895707407907563
"2608","Regents of the University of Michigan - Ann Arbor",96203.70105658,140020.087057032,236223.788113612,"Michigan","Kristen McDonald Rivet","Democrat","MI","26",253977.770789371,369653.029830563,623630.800619935,1.33616251467472,1.94472343134766,3.28088594602238
"2608","Michigan State University",24769.1888607844,61541.2981110138,86310.4869717982,"Michigan","Kristen McDonald Rivet","Democrat","MI","26",65390.6585924708,162469.027013076,227859.685605547,0.344016511955339,0.854740251541858,1.1987567634972
"2608","Central Michigan University",20168.4913881237,0,20168.4913881237,"Michigan","Kristen McDonald Rivet","Democrat","MI","26",53244.8172646465,0,53244.8172646465,0.280117935946162,0,0.280117935946162
"2608","Ferris State University (Inc.)",5689.6527888554,11714.1057820943,17403.7585709496,"Michigan","Kristen McDonald Rivet","Democrat","MI","26",15020.6833625782,30925.2392647288,45945.9226273071,0.0790229554007694,0.162695913640198,0.241718869040967
"2608","Oakland University",11621.4213970374,3953.88055461114,15575.3019516486,"Michigan","Kristen McDonald Rivet","Democrat","MI","26",30680.5524881788,10438.2446641734,41118.7971523522,0.161408630514409,0.0549150077029325,0.216323638217341
"2609","Regents of the University of Michigan - Ann Arbor",54886.0059713154,79884.071505695,134770.07747701,"Michigan","Lisa C. McClain","Republican","MI","26",144899.055764273,210893.948775035,355793.004539308,0.762305638490492,1.10950099313465,1.87180663162514
"2609","Wayne State University",37577.314086989,20533.4961264347,58110.8102134237,"Michigan","Lisa C. McClain","Republican","MI","26",99204.1091896509,54208.4297737876,153412.538963439,0.521907140097069,0.285187446200482,0.807094586297551
"2609","Michigan State University",15471.8715520086,38441.2693071662,53913.1408591748,"Michigan","Lisa C. McClain","Republican","MI","26",40845.7408973027,101484.950970919,142330.691868222,0.214887104889008,0.533906518155086,0.748793623044094
"2609","Oakland University",38033.7427539406,12939.9727241819,50973.7154781225,"Michigan","Lisa C. McClain","Republican","MI","26",100409.080870403,34161.5279918403,134570.608862244,0.528246427138064,0.179721843391416,0.70796827052948
"2609","Ferris State University (Inc.)",2844.8263944277,5857.05289104713,8701.87928547482,"Michigan","Lisa C. McClain","Republican","MI","26",7510.34168128912,15462.6196323644,22972.9613136535,0.0395114777003847,0.081347956820099,0.120859434520484
"2610","Wayne State University",153563.984339742,83912.4762962174,237476.46063596,"Michigan","John James","Republican","MI","26",405408.91865692,221528.937422014,626937.856078934,2.13283311582975,1.16545105966969,3.29828417549944
"2610","Regents of the University of Michigan - Ann Arbor",50859.2814502939,74023.3581256919,124882.639575986,"Michigan","John James","Republican","MI","26",134268.503028776,195421.665451827,329690.168480602,0.706378909031859,1.02810219619016,1.73448110522202
"2610","Oakland University",40146.7284624929,13658.8600977476,53805.5885602405,"Michigan","John James","Republican","MI","26",105987.363140981,36059.3906580536,142046.753799035,0.557593450867957,0.189706390246494,0.747299841114451
"2610","Michigan State University",10716.7550658408,26626.7507586335,37343.5058244743,"Michigan","John James","Republican","MI","26",28292.2333738198,70294.6220027924,98586.8553766121,0.1488438203589,0.369815982758798,0.518659803117698
"2610","Ferris State University (Inc.)",5689.6527888554,11714.1057820943,17403.7585709496,"Michigan","John James","Republican","MI","26",15020.6833625782,30925.2392647288,45945.9226273071,0.0790229554007694,0.162695913640198,0.241718869040967
"2611","Wayne State University",263189.140790368,143815.313420974,407004.454211341,"Michigan","Haley M. Stevens","Democrat","MI","26",694819.33168657,379672.427431371,1074491.75911794,3.65540473319955,1.99743490862464,5.65283964182419
"2611","Regents of the University of Michigan - Ann Arbor",131656.384339487,191619.846163581,323276.230503068,"Michigan","Haley M. Stevens","Democrat","MI","26",347572.854656246,505876.393871854,853449.2485281,1.82856089360399,2.66138675227196,4.48994764587595
"2611","Oakland University",45429.1927338735,15456.0785316617,60885.2712655353,"Michigan","Haley M. Stevens","Democrat","MI","26",119933.068817426,40804.047323587,160737.116141013,0.630961010192688,0.214667757384191,0.845628767576879
"2611","Michigan State University",16323.5342062476,40557.3024800377,56880.8366862853,"Michigan","Haley M. Stevens","Democrat","MI","26",43094.1303044937,107071.2785473,150165.408851793,0.22671575286455,0.563295867778302,0.790011620642852
"2611","Lawrence Technological University",0,24949.3961799463,24949.3961799463,"Michigan","Haley M. Stevens","Democrat","MI","26",0,65866.4059150583,65866.4059150583,0,0.346519391388144,0.346519391388144
"2612","Regents of the University of Michigan - Ann Arbor",167459.217580744,243729.232520565,411188.450101309,"Michigan","Rashida Tlaib","Democrat","MI","26",442092.334413164,643445.173854293,1085537.50826746,2.32582246639922,3.3851282294523,5.71095069585152
"2612","Wayne State University",179453.866092589,98059.5700841153,277513.436176704,"Michigan","Rashida Tlaib","Democrat","MI","26",473758.206484435,258877.265022065,732635.4715065,2.49241480684152,1.36193847339049,3.85435328023201
"2612","Michigan State University",10290.9237387213,25568.7341721977,35859.657910919,"Michigan","Rashida Tlaib","Democrat","MI","26",27168.0386702243,67501.458214602,94669.4968848262,0.142929496371129,0.35512130794719,0.49805080431832
"2612","Regents of the University of Michigan - Dearborn",0,34998.2128786089,34998.2128786089,"Michigan","Rashida Tlaib","Democrat","MI","26",0,92395.2819995276,92395.2819995276,0,0.48608628998068,0.48608628998068
"2612","Oakland University",12677.9142513135,4313.32424139397,16991.2384927075,"Michigan","Rashida Tlaib","Democrat","MI","26",33469.6936234678,11387.1759972801,44856.8696207478,0.176082142379355,0.0599072811304719,0.235989423509827
"2613","Wayne State University",325916.625722979,178091.700655652,504008.326378631,"Michigan","Shri Thanedar","Democrat","MI","26",860419.891908665,470162.089730922,1330581.98163959,4.52661980170804,2.47349584243961,7.00011564414766
"2613","Regents of the University of Michigan - Ann Arbor",95503.4011398806,139000.832556162,234504.233696042,"Michigan","Shri Thanedar","Democrat","MI","26",252128.979009285,366962.197948266,619091.176957551,1.32643612694279,1.93056711883558,3.25700324577836
"2613","Michigan State University",8516.62654239005,21160.3317287153,29676.9582711054,"Michigan","Shri Thanedar","Democrat","MI","26",22483.8940719097,55863.2757638085,78347.1698357183,0.118286479755417,0.293893496232158,0.412179975987575
"2613","Regents of the University of Michigan - Dearborn",0,21393.6602849639,21393.6602849639,"Michigan","Shri Thanedar","Democrat","MI","26",0,56479.2631523047,56479.2631523047,0,0.297134170624499,0.297134170624499
"2613","Oakland University",13030.0785360723,4433.13880365492,17463.2173397272,"Michigan","Shri Thanedar","Democrat","MI","26",34399.4073352307,11703.486441649,46102.8937768797,0.180973313001003,0.061571372272985,0.242544685273988
"2701","University of Minnesota-Twin Cities",91577.6932765969,72118.974314439,163696.667591036,"Minnesota","Brad Finstad","Republican","MN","27",241765.110250216,190394.092190119,432159.202440335,1.2719124066194,1.00165242103387,2.27356482765328
"2701","Gustavus Adolphus College",78326.3861530986,5809.29680796278,84135.6829610614,"Minnesota","Brad Finstad","Republican","MN","27",206781.65944418,15336.5435730217,222118.203017202,1.08786647434859,0.080684677888372,1.16855115223696
"2701","University of Wisconsin-Madison",6872.5581651581,3492.55441146828,10365.1125766264,"Minnesota","Brad Finstad","Republican","MN","27",18143.5535560174,9220.34364627627,27363.8972022936,0.0954521967383069,0.0485077001592817,0.143959896897589
"2701","Indiana University",7260.22264495045,1375.12559224314,8635.34823719359,"Minnesota","Brad Finstad","Republican","MN","27",19166.9877826692,3630.33156352189,22797.3193461911,0.100836425624312,0.0190989665589325,0.119935392183244
"2701","University of Wisconsin-La Crosse",0,6545.29024787042,6545.29024787042,"Minnesota","Brad Finstad","Republican","MN","27",0,17279.5662543779,17279.5662543779,0,0.0909068089982003,0.0909068089982003
"2702","University of Minnesota-Twin Cities",477730.299926247,376220.649340323,853950.94926657,"Minnesota","Angie Craig","Democrat","MN","27",1261207.99180529,993222.514258453,2254430.50606375,6.63514305453121,5.22528679639338,11.8604298509246
"2702","Iowa State University",25071.7116609447,37877.5707246362,62949.2823855809,"Minnesota","Angie Craig","Democrat","MN","27",66189.318784894,99996.7867130395,166186.105497934,0.348218217513121,0.526077371175502,0.874295588688623
"2702","Carleton College",35514.9360320281,0,35514.9360320281,"Minnesota","Angie Craig","Democrat","MN","27",93759.4311245542,0,93759.4311245542,0.493263000444835,0,0.493263000444835
"2702","Macalester College",26844.3010493215,0,26844.3010493215,"Minnesota","Angie Craig","Democrat","MN","27",70868.9547702088,0,70868.9547702088,0.37283751457391,0,0.37283751457391
"2702","University of St. Thomas",1704.92220730001,21438.5617809228,23143.4839882228,"Minnesota","Angie Craig","Democrat","MN","27",4500.99462727203,56597.8031016361,61098.7977289081,0.023679475101389,0.297757802512816,0.321437277614205
"2703","University of Minnesota-Twin Cities",615096.839841143,484399.110811982,1099495.95065312,"Minnesota","Kelly Morrison","Democrat","MN","27",1623855.65718062,1278813.65254363,2902669.30972425,8.54301166446031,6.72776542794419,15.2707770924045
"2703","University of Wisconsin-Madison",11454.2636085968,5820.92401911381,17275.1876277106,"Minnesota","Kelly Morrison","Democrat","MN","27",30239.2559266956,15367.2394104604,45606.4953371561,0.159086994563845,0.0808461669321362,0.239933161495981
"2703","University of St. Thomas",1240.80449531279,15602.5088516716,16843.3133469844,"Minnesota","Kelly Morrison","Democrat","MN","27",3275.72386762576,41190.6233684129,44466.3472360387,0.0172333957682331,0.216701511828772,0.233934907597005
"2703","Macalester College",12005.7426803498,0,12005.7426803498,"Minnesota","Kelly Morrison","Democrat","MN","27",31695.1606761235,0,31695.1606761235,0.16674642611597,0,0.16674642611597
"2703","Bethel University",7087.80093483187,0,7087.80093483187,"Minnesota","Kelly Morrison","Democrat","MN","27",18711.7944679561,0,18711.7944679561,0.0984416796504426,0,0.0984416796504426
"2704","University of Minnesota-Twin Cities",1184404.83304399,932738.734466744,2117143.56751073,"Minnesota","Betty McCollum","Democrat","MN","27",3126828.75923612,2462430.2589922,5589259.01822833,16.4500671256109,12.9547046453714,29.4047717709824
"2704","Macalester College",113447.523530047,0,113447.523530047,"Minnesota","Betty McCollum","Democrat","MN","27",299501.462119324,0,299501.462119324,1.57566004902843,0,1.57566004902843
"2704","University of St. Thomas",4650.64890991281,58479.6324135171,63130.2813234299,"Minnesota","Betty McCollum","Democrat","MN","27",12277.7131221698,154386.229571685,166663.942693855,0.0645923459710112,0.812217116854404,0.876809462825415
"2704","Bethel University",21923.5411268574,0,21923.5411268574,"Minnesota","Betty McCollum","Democrat","MN","27",57878.1485749035,0,57878.1485749035,0.304493626761908,0,0.304493626761908
"2704","University of Wisconsin-Madison",9163.41088687746,4656.73921529104,13820.1501021685,"Minnesota","Betty McCollum","Democrat","MN","27",24191.4047413565,12293.7915283684,36485.1962697249,0.127269595651076,0.0646769335457089,0.191946529196785
"2705","University of Minnesota-Twin Cities",1582767.79879718,1246456.27273455,2829224.07153174,"Minnesota","Ilhan Omar","Democrat","MN","27",4178506.98882456,3290644.56001922,7469151.54884378,21.9828860944053,17.3118926768688,39.2947787712741
"2705","Macalester College",48157.8667065717,0,48157.8667065717,"Minnesota","Ilhan Omar","Democrat","MN","27",127136.768105349,0,127136.768105349,0.668859259813496,0,0.668859259813496
"2705","University of St. Thomas",2358.47572009835,29656.6771302765,32015.1528503748,"Minnesota","Ilhan Omar","Democrat","MN","27",6226.37590105964,78293.6276239299,84520.0035249896,0.0327566072235882,0.411898293476062,0.444654900699651
"2705","Bethel University",8199.61284617804,0,8199.61284617804,"Minnesota","Ilhan Omar","Democrat","MN","27",21646.97791391,0,21646.97791391,0.113883511752473,0,0.113883511752473
"2705","University of Minnesota Duluth",3131.46713319178,2235.32612055844,5366.79325375022,"Minnesota","Ilhan Omar","Democrat","MN","27",8267.0732316263,5901.26095827429,14168.3341899006,0.0434925990721081,0.0310461961188673,0.0745387951909753
"2706","University of Minnesota-Twin Cities",349521.529339011,275254.085300109,624775.61463912,"Minnesota","Tom Emmer","Republican","MN","27",922736.83745499,726670.785192287,1649407.62264728,4.85446568526405,3.82297340694595,8.67743909221
"2706","Bethel University",7539.47452381625,0,7539.47452381625,"Minnesota","Tom Emmer","Republican","MN","27",19904.2127428749,0,19904.2127428749,0.104714923941892,0,0.104714923941892
"2706","University of Minnesota Duluth",4389.18753914586,3133.12103783192,7522.30857697777,"Minnesota","Tom Emmer","Republican","MN","27",11587.4551033451,8271.43953987626,19858.8946432213,0.0609609380436925,0.0435155699698877,0.10447650801358
"2706","Macalester College",7149.4872141409,0,7149.4872141409,"Minnesota","Tom Emmer","Republican","MN","27",18874.646245332,0,18874.646245332,0.0992984335297347,0,0.0992984335297347
"2706","University of St. Thomas",502.004872149448,6312.4654132717,6814.47028542115,"Minnesota","Tom Emmer","Republican","MN","27",1325.29286247454,16664.9086910373,17990.2015535118,0.00697228989096455,0.0876731307398848,0.0946454206308493
"2707","North Dakota State University Fargo",96440.0150228403,67869.4103973279,164309.425420168,"Minnesota","Michelle Fischbach","Republican","MN","27",254601.639660298,179175.243448946,433776.883109244,1.339444653095,0.942630699962888,2.28207535305789
"2707","University of Minnesota-Twin Cities",38157.372198582,30049.5726310162,68206.9448295983,"Minnesota","Michelle Fischbach","Republican","MN","27",100735.462604257,79330.8717458829,180066.334350139,0.529963502758084,0.417355175430781,0.947318678188865
"2707","University of North Dakota Main Campus",26581.807342819,20309.7069129921,46891.514255811,"Minnesota","Michelle Fischbach","Republican","MN","27",70175.9713850421,53617.6262502991,123793.597635341,0.369191768650263,0.282079262680446,0.651271031330709
"2707","South Dakota State University",0,9058.53828850746,9058.53828850746,"Minnesota","Michelle Fischbach","Republican","MN","27",0,23914.5410816597,23914.5410816597,0,0.125813031784826,0.125813031784826
"2707","Gustavus Adolphus College",6951.84642289458,515.603249651156,7467.44967254573,"Minnesota","Michelle Fischbach","Republican","MN","27",18352.8745564417,1361.19257907905,19714.0671355207,0.0965534225402025,0.00716115624515495,0.103714578785357
"2708","University of Minnesota-Twin Cities",282364.554269507,222366.83746952,504731.391739027,"Minnesota","Pete Stauber","Republican","MN","27",745442.423271499,587048.450919533,1332490.87419103,3.92172992040982,3.08842829818778,7.0101582185976
"2708","University of Minnesota Duluth",61294.6189677211,43753.760458144,105048.379425865,"Minnesota","Pete Stauber","Republican","MN","27",161817.794074784,115509.9276095,277327.721684284,0.85131415232946,0.607691117474222,1.45900526980368
"2708","North Dakota State University Fargo",6257.37591282421,4403.61206639423,10660.9879792184,"Minnesota","Pete Stauber","Republican","MN","27",16519.4724098559,11625.5358552808,28145.0082651367,0.0869079987892251,0.0611612786999199,0.148069277489145
"2708","University of North Dakota Main Campus",2462.44771109249,1881.42178053846,4343.86949163095,"Minnesota","Pete Stauber","Republican","MN","27",6500.86195728418,4966.95350062153,11467.8154579057,0.0342006626540624,0.0261308580630342,0.0603315207170966
"2708","University of Wisconsin-Madison",2290.85272171937,1164.18480382276,3455.03752554213,"Minnesota","Pete Stauber","Republican","MN","27",6047.85118533913,3073.44788209209,9121.29906743122,0.031817398912769,0.0161692333864272,0.0479866322991962
"2801","University of Mississippi",441756.579040664,317248.32483082,759004.903871484,"Mississippi","Trent Kelly","Republican","MS","28",1166237.36866735,837535.577553365,2003772.94622072,6.13550804223145,4.40622673376139,10.5417347759928
"2801","Mississippi State University",261750.051275413,28698.2916951501,290448.342970563,"Mississippi","Trent Kelly","Republican","MS","28",691020.135367091,75763.4900751962,766783.625442287,3.63541737882518,0.398587384654862,4.03400476348005
"2801","University of Memphis",10332.9798309487,4169.64854008913,14502.6283710378,"Mississippi","Trent Kelly","Republican","MS","28",27279.0667537045,11007.8721458353,38286.9388995398,0.143513608763176,0.0579117852790158,0.201425394042192
"2801","University of Southern Mississippi",7436.792194619,2261.04036060181,9697.83255522081,"Mississippi","Trent Kelly","Republican","MS","28",19633.1313937942,5969.14655198878,25602.2779457829,0.103288780480819,0.0314033383416918,0.134692118822511
"2801","Vanderbilt University",1086.4405299291,4410.72975496951,5497.17028489861,"Mississippi","Trent Kelly","Republican","MS","28",2868.20299901281,11644.3265531195,14512.5295521323,0.0150894518045708,0.0612601354856877,0.0763495872902585
"2802","University of Mississippi",78918.5686808445,56675.5197317374,135594.088412582,"Mississippi","Bennie G. Thompson","Democrat","MS","28",208345.02131743,149623.372091787,357968.393409216,1.0960912316784,0.78715999627413,1.88325122795253
"2802","Mississippi State University",66695.3639816654,7312.48380251924,74007.8477841846,"Mississippi","Bennie G. Thompson","Democrat","MS","28",176075.760911597,19304.9572386508,195380.718150247,0.926324499745353,0.10156227503499,1.02788677478034
"2802","Jackson State University",46014.8844878376,5758.85656805925,51773.7410558969,"Mississippi","Bennie G. Thompson","Democrat","MS","28",121479.295047891,15203.3813396764,136682.676387568,0.639095617886633,0.0799841190008229,0.719079736887456
"2802","University of Southern Mississippi",21738.3156458094,6609.19490022067,28347.5105460301,"Mississippi","Bennie G. Thompson","Democrat","MS","28",57389.1533049368,17448.2745365826,74837.4278415194,0.301921050636241,0.091794373614176,0.393715424250418
"2802","Louisiana State University",3934.89097327396,3010.0413611892,6944.93233446316,"Mississippi","Bennie G. Thompson","Democrat","MS","28",10388.1121694433,7946.50919353949,18334.6213629828,0.0546512635176939,0.0418061300165167,0.0964573935342106
"2803","Mississippi State University",551816.379890411,60501.1817766329,612317.561667044,"Mississippi","Michael Guest","Republican","MS","28",1456795.24291068,159723.119890311,1616518.362801,7.66411638736681,0.840294191342124,8.50441057870894
"2803","University of Southern Mississippi",32035.4125306665,9739.86616874626,41775.2786994127,"Mississippi","Michael Guest","Republican","MS","28",84573.4890809595,25713.2466854901,110286.73576645,0.444936285148145,0.135275919010365,0.58021220415851
"2803","University of Mississippi",21031.0697539982,15103.5026198034,36134.5723738015,"Mississippi","Michael Guest","Republican","MS","28",55522.0241505551,39873.2469162809,95395.271066836,0.292098191027752,0.209770869719491,0.501869060747243
"2803","Jackson State University",21935.4108848832,2745.26137473792,24680.6722596211,"Mississippi","Michael Guest","Republican","MS","28",57909.4847360916,7247.49002930811,65156.9747653997,0.304658484512266,0.0381286302046934,0.34278711471696
"2803","Louisiana State University",3106.49287363734,2376.34844304411,5482.84131668145,"Mississippi","Michael Guest","Republican","MS","28",8201.14118640258,6273.55988963644,14474.701076039,0.0431457343560742,0.0330048394867237,0.0761505738427979
"2804","University of Southern Mississippi",257999.483059475,78440.7078947243,336440.190954199,"Mississippi","Mike Ezell","Republican","MS","28",681118.635277013,207083.468842072,888202.104119085,3.58332615360381,1.08945427631562,4.67278042991943
"2804","Mississippi State University",27848.2396976077,3053.28271052558,30901.5224081332,"Mississippi","Mike Ezell","Republican","MS","28",73519.3528016842,8060.66635578753,81580.0191574718,0.386781106911218,0.0424067043128553,0.429187811224073
"2804","University of Mississippi",8016.79391612801,5757.27575111316,13774.0696672412,"Mississippi","Mike Ezell","Republican","MS","28",21164.3359385779,15199.2079829388,36363.5439215167,0.111344359946222,0.079962163209905,0.191306523156127
"2804","Tulane University",6069.24354199282,1649.91238365425,7719.15592564708,"Mississippi","Mike Ezell","Republican","MS","28",16022.802950861,4355.76869284723,20378.5716437083,0.0842950491943447,0.0229154497729757,0.10721049896732
"2804","Louisiana State University",3934.89097327396,3010.0413611892,6944.93233446316,"Mississippi","Mike Ezell","Republican","MS","28",10388.1121694433,7946.50919353949,18334.6213629828,0.0546512635176939,0.0418061300165167,0.0964573935342106
"2901","Washington University",306713.501151141,1578700.0139307,1885413.51508184,"Missouri","Wesley Bell","Democrat","MO","29",809723.643039013,4167768.03677704,4977491.67981605,4.2599097382103,21.9263890823708,26.1862988205811
"2901","Saint Louis University",154562.390645434,25305.7379772574,179868.128622692,"Missouri","Wesley Bell","Democrat","MO","29",408044.711303947,66807.1482599595,474851.859563906,2.14669987007548,0.351468583017464,2.49816845309294
"2901","University of Missouri-Columbia",38429.7041817354,32348.2861499034,70777.9903316387,"Missouri","Wesley Bell","Democrat","MO","29",101454.419039781,85399.4754357449,186853.894475526,0.533745891412992,0.449281752081991,0.983027643494983
"2901","University of Missouri-Saint Louis",39484.0860679548,0,39484.0860679548,"Missouri","Wesley Bell","Democrat","MO","29",104237.987219401,0,104237.987219401,0.54839008427715,0,0.54839008427715
"2901","Missouri University of Science and Technology",5323.01121224997,5923.67498160513,11246.6861938551,"Missouri","Wesley Bell","Democrat","MO","29",14052.7496003399,15638.5019514375,29691.2515517774,0.0739307112812496,0.0822732636334045,0.156203974914654
"2902","Washington University",123363.220352503,634968.84538207,758332.065734573,"Missouri","Ann Wagner","Republican","MO","29",325678.901730609,1676317.75180866,2001996.65353927,1.71337806045143,8.81901174141764,10.5323898018691
"2902","University of Missouri-Columbia",37575.7107554746,31629.4353465722,69205.1461020468,"Missouri","Ann Wagner","Republican","MO","29",99199.876394453,83501.7093149506,182701.585709404,0.521884871603814,0.439297713146836,0.96118258475065
"2902","Saint Louis University",57877.6519612359,9476.02252497378,67353.6744862097,"Missouri","Ann Wagner","Republican","MO","29",152797.001177663,25016.6994659308,177813.700643594,0.803856277239388,0.131611423957969,0.935467701197357
"2902","Missouri University of Science and Technology",10829.5745352672,12051.6146177484,22881.1891530155,"Missouri","Ann Wagner","Republican","MO","29",28590.0767731054,31816.2625908557,60406.339363961,0.150410757434266,0.167383536357616,0.317794293791882
"2902","University of Missouri-Kansas City",1924.71525057249,8045.78462546195,9970.49987603444,"Missouri","Ann Wagner","Republican","MO","29",5081.24826151138,21240.8714112195,26322.1196727309,0.0267321562579513,0.111747008686971,0.138479164944923
"2903","University of Missouri-Columbia",418456.778867785,352236.893632281,770693.672500066,"Missouri","Robert F. Onder, Jr.","Republican","MO","29",1104725.89621095,929905.399189222,2034631.29540018,5.81189970649702,4.89217907822613,10.7040787847231
"2903","Washington University",34568.8144943828,177930.830299371,212499.644793754,"Missouri","Robert F. Onder, Jr.","Republican","MO","29",91261.6702651706,469737.39199034,560999.062255511,0.480122423533094,2.47126153193571,2.95138395546881
"2903","Missouri University of Science and Technology",72503.0837530599,80684.5385425526,153187.622295612,"Missouri","Robert F. Onder, Jr.","Republican","MO","29",191408.141108078,213007.181752339,404415.322860417,1.00698727434805,1.12061859086879,2.12760586521684
"2903","University of Missouri-Kansas City",21434.32892683,89600.783329008,111035.112255838,"Missouri","Robert F. Onder, Jr.","Republican","MO","29",56586.6283668313,236546.067988581,293132.696355412,0.297699012872639,1.244455324014,1.54215433688664
"2903","Saint Louis University",16951.6135451319,2775.4040868124,19727.0176319443,"Missouri","Robert F. Onder, Jr.","Republican","MO","29",44752.2597591481,7327.06678918475,52079.3265483329,0.23543907701572,0.0385472789835056,0.273986355999226
"2904","University of Missouri-Columbia",233994.198795456,196965.120112745,430959.3189082,"Missouri","Mark Alford","Republican","MO","29",617744.684820003,519987.917097647,1137732.60191765,3.24991942771466,2.73562666823257,5.98554609594723
"2904","Missouri University of Science and Technology",57451.8106701462,63934.8368704277,121386.647540574,"Missouri","Mark Alford","Republican","MO","29",151672.780169186,168787.969337929,320460.749507115,0.797941814863142,0.887983845422607,1.68592566028575
"2904","University of Missouri-Kansas City",11985.726787656,50103.2951676494,62089.0219553054,"Missouri","Mark Alford","Republican","MO","29",31642.3187194118,132272.699242594,163915.017962006,0.166468427606333,0.695879099550686,0.862347527157019
"2904","Washington University",3728.00940625697,19188.6189538538,22916.6283601107,"Missouri","Mark Alford","Republican","MO","29",9841.94483251839,50657.9540381739,60499.8988706923,0.0517779084202356,0.266508596581302,0.318286505001538
"2904","University of Kansas Center for Research Inc",9135.62350913263,6069.51372247186,15205.1372316045,"Missouri","Mark Alford","Republican","MO","29",24118.0460641102,16023.5162273257,40141.5622914359,0.126883659849064,0.0842988017009981,0.211182461550062
"2905","University of Kansas Center for Research Inc",30452.0783637754,20231.7124082395,50683.790772015,"Missouri","Emanuel Cleaver","Democrat","MO","29",80393.4868803672,53411.7207577524,133805.20763812,0.422945532830214,0.280996005669994,0.703941538500208
"2905","University of Missouri-Columbia",11101.9145413902,9345.06044330542,20446.9749846956,"Missouri","Emanuel Cleaver","Democrat","MO","29",29309.0543892702,24670.9595703263,53980.0139595965,0.154193257519309,0.12979250615702,0.283985763676328
"2905","Washington University",3050.18951421025,15699.7791440622,18749.9686582724,"Missouri","Emanuel Cleaver","Democrat","MO","29",8052.50031751505,41447.4169403241,49499.9172578392,0.0423637432529201,0.218052488111975,0.260416231364895
"2905","University of Kansas Medical Center Research Institute Inc",0,16868.9697484963,16868.9697484963,"Missouri","Emanuel Cleaver","Democrat","MO","29",0,44534.0801360302,44534.0801360302,0,0.234291246506893,0.234291246506893
"2905","Kansas State University",4275.82697498354,5893.56898467518,10169.3959596587,"Missouri","Emanuel Cleaver","Democrat","MO","29",11288.1832139565,15559.0221195425,26847.205333499,0.0593864857636602,0.0818551247871553,0.141241610550816
"2906","University of Missouri-Columbia",62341.5201170374,52476.1086431766,114817.628760214,"Missouri","Sam Graves","Republican","MO","29",164581.613108979,138536.926817986,303118.539926965,0.865854446069964,0.728834842266341,1.59468928833631
"2906","Washington University",5761.46908239713,29655.1383832285,35416.6074656257,"Missouri","Sam Graves","Republican","MO","29",15210.2783775284,78289.5653317233,93499.8437092518,0.0800204039221824,0.411876921989285,0.491897325911468
"2906","University of Kansas Center for Research Inc",14616.9976146122,9711.22195595498,24328.2195705672,"Missouri","Sam Graves","Republican","MO","29",38588.8737025762,25637.6259637211,64226.4996662974,0.203013855758503,0.134878082721597,0.3378919384801
"2906","University of Missouri-Kansas City",3193.27757481345,13348.6881286073,16541.9657034208,"Missouri","Sam Graves","Republican","MO","29",8430.25279750751,35240.5366595233,43670.7894570308,0.0443510774279646,0.185398446230657,0.229749523658622
"2906","Missouri University of Science and Technology",6791.42809838789,7557.79221790999,14349.2203162979,"Missouri","Sam Graves","Republican","MO","29",17929.370179744,19952.5714552824,37881.9416350264,0.0943253902553874,0.104969336359861,0.199294726615248
"2907","Missouri State University",121627.318939812,0,121627.318939812,"Missouri","Eric Burlison","Republican","MO","29",321096.122001105,0,321096.122001105,1.6892683186085,0,1.6892683186085
"2907","University of Missouri-Columbia",10247.9211151294,8626.20963997423,18874.1307551037,"Missouri","Eric Burlison","Republican","MO","29",27054.5117439417,22773.193449532,49827.7051934737,0.142332237710131,0.119808467221864,0.262140704931995
"2907","Missouri University of Science and Technology",8076.29287375857,8987.64479967674,17063.9376734353,"Missouri","Eric Burlison","Republican","MO","29",21321.4131867226,23727.3822711466,45048.7954578692,0.112170734357758,0.12482839999551,0.236999134353268
"2907","Washington University",1355.63978409344,6977.67961958318,8333.31940367663,"Missouri","Eric Burlison","Republican","MO","29",3578.88903000669,18421.0741956996,21999.9632257063,0.0188283303346311,0.0969122169386553,0.115740547273286
"2907","University of Arkansas",1988.53785398491,3828.29011373902,5816.82796772393,"Missouri","Eric Burlison","Republican","MO","29",5249.73993452016,10106.685900271,15356.4258347912,0.027618581305346,0.0531706960241531,0.080789277329499
"2908","Missouri University of Science and Technology",369857.503195989,411593.278894287,781450.782090276,"Missouri","Jason Smith","Republican","MO","29",976423.808437412,1086606.25628092,2063030.06471833,5.13690976661096,5.71657331797621,10.8534830845872
"2908","Washington University",22029.1464915184,113387.293818227,135416.440309745,"Missouri","Jason Smith","Republican","MO","29",58156.9467376087,299342.455680119,357499.402417727,0.305960367937756,1.57482352525315,1.88078389319091
"2908","University of Missouri-Columbia",26473.7962140844,22284.3749032668,48758.1711173511,"Missouri","Jason Smith","Republican","MO","29",69890.8220051828,58830.7497446243,128721.571749807,0.367691614084505,0.309505206989816,0.677196821074321
"2908","Southeast Missouri State University",0,31299.1880254824,31299.1880254824,"Missouri","Jason Smith","Republican","MO","29",0,82629.8563872734,82629.8563872734,0,0.434710944798366,0.434710944798366
"2908","Saint Louis University",21007.8925005741,3439.5186361568,24447.4111367309,"Missouri","Jason Smith","Republican","MO","29",55460.8362015157,9080.32919945395,64541.1654009697,0.291776284730196,0.0477710921688444,0.339547376899041
"3001","Montana State University",450434.107461104,1050640.9824796,1501075.0899407,"Montana","Ryan K. Zinke","Republican","MT","30",1189146.04369732,2773692.19374613,3962838.23744345,6.25602927029312,14.5922358677722,20.8482651380653
"3001","University of Montana",456043.032474597,0,456043.032474597,"Montana","Ryan K. Zinke","Republican","MT","30",1203953.60573294,0,1203953.60573294,6.33393100659163,0,6.33393100659163
"3001","University of Washington",1252.22189583212,2612.32371074982,3864.54560658195,"Montana","Ryan K. Zinke","Republican","MT","30",3305.86580499681,6896.53459637953,10202.4004013763,0.0173919707754462,0.0362822737604142,0.0536742445358604
"3001","Louisiana State University",828.398099636624,633.692918145095,1462.09101778172,"Montana","Ryan K. Zinke","Republican","MT","30",2186.97098304069,1672.94930390305,3859.92028694374,0.0115055291616198,0.00880129052979298,0.0203068196914128
"3001","Washington State University",256.058831701584,683.31358224204,939.372413943624,"Montana","Ryan K. Zinke","Republican","MT","30",675.995315692181,1803.94785711899,2479.94317281117,0.003556372662522,0.00949046642002834,0.0130468390825503
"3002","Montana State University",91790.1437473259,214101.20861454,305891.352361865,"Montana","Troy Downing","Republican","MT","30",242325.97949294,565227.190742384,807553.170235325,1.27486310760175,2.97362789742416,4.24849100502591
"3002","University of Montana",28502.6895296623,0,28502.6895296623,"Montana","Troy Downing","Republican","MT","30",75247.1003583085,0,75247.1003583085,0.395870687911977,0,0.395870687911977
"3002","University of Utah",2887.63028931418,803.460366686421,3691.0906560006,"Montana","Troy Downing","Republican","MT","30",7623.34396378944,2121.13536805215,9744.47933184159,0.0401059762404747,0.0111591717595336,0.0512651480000084
"3002","Washington State University",256.058831701584,683.31358224204,939.372413943624,"Montana","Troy Downing","Republican","MT","30",675.995315692181,1803.94785711899,2479.94317281117,0.003556372662522,0.00949046642002834,0.0130468390825503
"3002","University of Wyoming",412.739508828753,436.446123304773,849.185632133526,"Montana","Troy Downing","Republican","MT","30",1089.63230330791,1152.2177655246,2241.85006883251,0.00573249317817713,0.00606175171256629,0.0117942448907434
"3101","University of Nebraska-Lincoln",341533.24852569,1477044.80116444,1818578.04969013,"Nebraska","Mike Flood","Republican","NE","31",901647.776107821,3899398.27507412,4801046.05118194,4.74351734063458,20.5145111272839,25.2580284679184
"3101","University of Nebraska at Omaha",0,23692.6119123084,23692.6119123084,"Nebraska","Mike Flood","Republican","NE","31",0,62548.4954484943,62548.4954484943,0,0.329064054337617,0.329064054337617
"3101","Creighton University",16826.5637893256,0,16826.5637893256,"Nebraska","Mike Flood","Republican","NE","31",44422.1284038196,0,44422.1284038196,0.233702274851745,0,0.233702274851745
"3101","University of Kansas Center for Research Inc",1827.12470182653,1213.90274449437,3041.0274463209,"Nebraska","Mike Flood","Republican","NE","31",4823.60921282203,3204.70324546514,8028.31245828717,0.0253767319698129,0.0168597603401996,0.0422364923100125
"3101","Kansas State University",1140.22052666228,1571.61839591338,2711.83892257566,"Nebraska","Mike Flood","Republican","NE","31",3010.18219038841,4149.07256521133,7159.25475559974,0.0158363962036427,0.0218280332765747,0.0376644294802175
"3102","University of Nebraska-Lincoln",21632.6241868479,93555.6208031218,115188.24498997,"Nebraska","Don Bacon","Republican","NE","31",57110.1278532785,246986.838920242,304096.96677352,0.300453113706221,1.29938362226558,1.5998367359718
"3102","University of Nebraska at Omaha",0,103802.688588983,103802.688588983,"Nebraska","Don Bacon","Republican","NE","31",0,274039.097874916,274039.097874916,0,1.44170400818033,1.44170400818033
"3102","Creighton University",66081.9621398005,0,66081.9621398005,"Nebraska","Don Bacon","Republican","NE","31",174456.380049073,0,174456.380049073,0.917805029719451,0,0.917805029719451
"3102","University of Kansas Center for Research Inc",3654.24940365305,2427.80548898874,6082.0548926418,"Nebraska","Don Bacon","Republican","NE","31",9647.21842564406,6409.40649093029,16056.6249165743,0.0507534639396257,0.0337195206803992,0.084472984620025
"3102","University of Minnesota-Twin Cities",1526.29488794328,1201.98290524065,2728.27779318393,"Nebraska","Don Bacon","Republican","NE","31",4029.41850417026,3173.23486983531,7202.65337400558,0.0211985401103234,0.0166942070172312,0.0378927471275546
"3103","University of Nebraska-Lincoln",52114.9582683154,225383.995571157,277498.953839472,"Nebraska","Adrian Smith","Republican","NE","31",137583.489828353,595013.748307855,732597.238136207,0.723818864837714,3.13033327182163,3.85415213665934
"3103","Iowa State University",12535.8558304723,18938.7853623181,31474.6411927904,"Nebraska","Adrian Smith","Republican","NE","31",33094.659392447,49998.3933565198,83093.0527489668,0.17410910875656,0.263038685587751,0.437147794344312
"3103","University of South Dakota Main Campus",7477.06827909468,0,7477.06827909468,"Nebraska","Adrian Smith","Republican","NE","31",19739.4602568099,0,19739.4602568099,0.103848170542982,0,0.103848170542982
"3103","Creighton University",4494.05119839131,0,4494.05119839131,"Nebraska","Adrian Smith","Republican","NE","31",11864.2951637531,0,11864.2951637531,0.0624173777554349,0,0.0624173777554349
"3103","University of Nebraska at Omaha",0,3177.17017981148,3177.17017981148,"Nebraska","Adrian Smith","Republican","NE","31",0,8387.7292747023,8387.7292747023,0,0.0441273636084927,0.0441273636084927
"3201","University of Nevada Las Vegas",31286.7683489959,113126.12670137,144412.895050366,"Nevada","Dina Titus","Democrat","NV","32",82597.0684413491,298652.974491616,381250.042932965,0.434538449291609,1.57119620418569,2.0057346534773
"3201","Board of Regents, NSHE, obo University of Nevada, Reno",14518.3366358429,15851.0147253649,30369.3513612078,"Nevada","Dina Titus","Democrat","NV","32",38328.4087186253,41846.6788749634,80175.0875935887,0.201643564386707,0.220152982296735,0.421796546683442
"3201","Virginia Polytechnic Institute and State University",1489.52764119622,1426.44610438777,2915.97374558399,"Nevada","Dina Titus","Democrat","NV","32",3932.35297275801,3765.81771558372,7698.17068834173,0.020687883905503,0.0198117514498302,0.0404996353553332
"3201","University of California-Los Angeles",1500.53291033959,605.18592940606,2105.71883974565,"Nevada","Dina Titus","Democrat","NV","32",3961.40688329651,1597.690853632,5559.09773692851,0.0208407348658276,0.00840536013063971,0.0292460949964673
"3201","University of California-Riverside",448.064017738092,370.547735247992,818.611752986085,"Nevada","Dina Titus","Democrat","NV","32",1182.88900682856,978.2460210547,2161.13502788326,0.0062231113574735,0.00514649632288878,0.0113696076803623
"3202","Board of Regents, NSHE, obo University of Nevada, Reno",943514.828443987,1030122.65209109,1973637.48053508,"Nevada","Mark E. Amodei","Republican","NV","32",2490879.14709213,2719523.80152048,5210402.94861261,13.1043726172776,14.3072590568207,27.4116316740983
"3202","Nevada System of Higher Education, Desert Research Institute",0,138617.52832612,138617.52832612,"Nevada","Mark E. Amodei","Republican","NV","32",0,365950.274780957,365950.274780957,0,1.92524344897389,1.92524344897389
"3202","University of Utah",1684.45100209994,468.685213900412,2153.13621600035,"Nevada","Mark E. Amodei","Republican","NV","32",4446.95064554384,1237.32896469709,5684.27961024093,0.0233951528069436,0.00650951685972795,0.0299046696666715
"3202","University of California - Merced",817.216898684997,1300.60782041327,2117.82471909827,"Nevada","Mark E. Amodei","Republican","NV","32",2157.45261252839,3433.60464589104,5591.05725841943,0.0113502347039583,0.0180639975057399,0.0294142322096982
"3202","University of California-Davis",704.838022694725,1344.37540941101,2049.21343210574,"Nevada","Mark E. Amodei","Republican","NV","32",1860.77237991407,3549.15108084507,5409.92346075914,0.00978941698187118,0.018671880686264,0.0284612976681352
"3203","University of Nevada Las Vegas",26649.1656291447,96357.5673211121,123006.732950257,"Nevada","Susie Lee","Democrat","NV","32",70353.797260942,254383.977727736,324737.774988678,0.370127300404788,1.33829954612656,1.70842684653135
"3203","Board of Regents, NSHE, obo University of Nevada, Reno",17351.1828086903,18943.8956473873,36295.0784560777,"Nevada","Susie Lee","Democrat","NV","32",45807.1226149425,50011.8845091026,95819.007124045,0.240988650120699,0.263109661769269,0.504098311889967
"3203","University of California-Berkeley",1889.4949276266,884.994324296911,2774.48925192352,"Nevada","Susie Lee","Democrat","NV","32",4988.26660893423,2336.38501614385,7324.65162507808,0.0262429851059251,0.0122915878374571,0.0385345729433822
"3203","University of California-Riverside",1344.19205321428,1111.64320574398,2455.83525895825,"Nevada","Susie Lee","Democrat","NV","32",3548.66702048569,2934.7380631641,6483.40508364979,0.0186693340724205,0.0154394889686663,0.0341088230410869
"3203","Rensselaer Polytechnic Institute",385.173938789255,1647.36006744198,2032.53400623124,"Nevada","Susie Lee","Democrat","NV","32",1016.85919840363,4349.03057804684,5365.88977645047,0.00534963803873966,0.0228800009366942,0.0282296389754339
"3204","University of Nevada Las Vegas",14620.3835745308,52864.1164285692,67484.5000031,"Nevada","Steven Horsford","Democrat","NV","32",38597.8126367612,139561.267371423,178159.080008184,0.203060882979594,0.734223839285683,0.937284722265277
"3204","University of Illinois at Urbana-Champaign",23157.56778836,16976.1160565487,40133.6838449088,"Nevada","Steven Horsford","Democrat","NV","32",61135.9789612705,44816.9463892887,105952.925350559,0.321632885949445,0.235779389674288,0.557412275623733
"3204","Board of Regents, NSHE, obo University of Nevada, Reno",6019.79811730072,6572.37195929765,12592.1700765984,"Nevada","Steven Horsford","Democrat","NV","32",15892.2670296739,17351.0619725458,33243.3290022197,0.0836083071847323,0.091282943879134,0.174891251063866
"3204","University of California-Riverside",896.128035476185,741.095470495985,1637.22350597217,"Nevada","Steven Horsford","Democrat","NV","32",2365.77801365713,1956.4920421094,4322.27005576653,0.012446222714947,0.0102929926457776,0.0227392153607246
"3204","University of California-Los Angeles",750.266455169794,302.59296470303,1052.85941987282,"Nevada","Steven Horsford","Democrat","NV","32",1980.70344164826,798.845426815999,2779.54886846426,0.0104203674329138,0.00420268006531986,0.0146230474982337
"3301","University of New Hampshire",85474.2283971726,136468.786707207,221943.01510438,"New Hampshire","Chris Pappas","Democrat","NH","33",225651.962968536,360277.596907027,585929.559875563,1.18714206107184,1.89539981537788,3.08254187644972
"3301","University of Massachusetts Amherst",8921.06393206506,45403.8422807113,54324.9062127763,"New Hampshire","Chris Pappas","Democrat","NH","33",23551.6087806518,119866.143621078,143417.75240173,0.123903665723126,0.630608920565434,0.75451258628856
"3301","Massachusetts Institute of Technology",17140.8019981373,20109.6533715478,37250.4553696851,"New Hampshire","Chris Pappas","Democrat","NH","33",45251.7172750826,53089.4849008861,98341.2021759687,0.238066694418574,0.279300741271497,0.517367435690071
"3301","University of Massachusetts Lowell",9048.15711436041,24576.6675148954,33624.8246292558,"New Hampshire","Chris Pappas","Democrat","NH","33",23887.1347819115,64882.4022393238,88769.5370212353,0.125668848810561,0.341342604373547,0.467011453184108
"3301","Tufts University",4394.77718333359,16158.2791749608,20553.0563582944,"New Hampshire","Chris Pappas","Democrat","NH","33",11602.2117640007,42657.8570218964,54260.0687858971,0.0610385719907442,0.224420544096677,0.285459116087422
"3302","Dartmouth College",258478.730839559,103395.427527719,361874.158367278,"New Hampshire","Maggie Goodlander","Democrat","NH","33",682383.849416436,272963.928673178,955347.778089615,3.58998237277165,1.43604760455165,5.02602997732331
"3302","University of New Hampshire",26127.7315904567,41715.7299507034,67843.4615411602,"New Hampshire","Maggie Goodlander","Democrat","NH","33",68977.2113988057,110129.527069857,179106.738468663,0.362885160978566,0.579385138204215,0.94227029918278
"3302","University of Massachusetts Lowell",16336.950345373,44374.5385685611,60711.4889139341,"New Hampshire","Maggie Goodlander","Democrat","NH","33",43129.5489117846,117148.781821001,160278.330732786,0.22690208813018,0.61631303567446,0.84321512380464
"3302","Massachusetts Institute of Technology",20846.921349086,24457.6865329635,45304.6078820495,"New Hampshire","Maggie Goodlander","Democrat","NH","33",55035.8723615869,64568.2924470236,119604.164808611,0.28954057429286,0.339690090735604,0.629230665028465
"3302","University of Massachusetts Amherst",7136.85114565205,36323.073824569,43459.9249702211,"New Hampshire","Maggie Goodlander","Democrat","NH","33",18841.2870245214,95892.9148968622,114734.201921384,0.0991229325785007,0.504487136452347,0.603610069030848
"3401","University of Pennsylvania",120060.170828456,106172.856281466,226233.027109921,"New Jersey","Donald Norcross","Democrat","NJ","34",316958.850987123,280296.340583069,597255.191570193,1.66750237261744,1.47462300390925,3.14212537652669
"3401","Rowan University",104280.891011189,65853.9725009395,170134.863512129,"New Jersey","Donald Norcross","Democrat","NJ","34",275301.55226954,173854.48740248,449156.03967202,1.44834570848874,0.914638506957494,2.36298421544624
"3401","Temple University",51803.638706998,57895.8843791069,109699.523086105,"New Jersey","Donald Norcross","Democrat","NJ","34",136761.606186475,152845.134760842,289606.740947317,0.71949498204164,0.804109505265374,1.52360448730701
"3401","Drexel University",6645.52866166903,96741.3522991926,103386.880960862,"New Jersey","Donald Norcross","Democrat","NJ","34",17544.1956668062,255397.170069868,272941.365736675,0.0922990091898476,1.34362989304434,1.43592890223419
"3401","Princeton University",25381.9488168018,55317.6221927127,80699.5710095145,"New Jersey","Donald Norcross","Democrat","NJ","34",67008.3448763568,146038.522588761,213046.867465118,0.352527066900025,0.76830030823212,1.12082737513215
"3402","Rowan University",81051.6540711969,51184.5779855059,132236.232056703,"New Jersey","Jeff Van Drew","Republican","NJ","34",213976.36674796,135127.285881736,349103.652629695,1.12571741765551,0.71089691646536,1.83661433412087
"3402","Princeton University",22286.5892049967,48571.5707057965,70858.1599107932,"New Jersey","Jeff Van Drew","Republican","NJ","34",58836.5955011913,128228.946663303,187065.542164494,0.30953596118051,0.674605148691618,0.984141109872128
"3402","University of Delaware",21556.3238547697,47424.0346584926,68980.3585132623,"New Jersey","Jeff Van Drew","Republican","NJ","34",56908.6949765919,125199.45149842,182108.146475012,0.299393386871801,0.65866714803462,0.95806053490642
"3402","University of Pennsylvania",23086.5807146305,20416.1646558641,43502.7453704946,"New Jersey","Jeff Van Drew","Republican","NJ","34",60948.5730866246,53898.6746914812,114847.247778106,0.320646954369869,0.283557842442557,0.604204796812426
"3402","New Jersey Institute of Technology",3999.3814668737,34031.671893393,38031.0533602667,"New Jersey","Jeff Van Drew","Republican","NJ","34",10558.3670725466,89843.6137985575,100401.980871104,0.0555469648176903,0.472662109630458,0.528209074448148
"3403","Princeton University",203055.590534415,442540.977541701,645596.568076116,"New Jersey","Herbert C. Conaway, Jr.","Democrat","NJ","34",536066.759010855,1168308.18071009,1704374.93972095,2.8202165352002,6.14640246585696,8.96661900105716
"3403","Rutgers University New Brunswick",57984.9947410312,67088.8288642077,125073.823605239,"New Jersey","Herbert C. Conaway, Jr.","Democrat","NJ","34",153080.386116322,177114.508201508,330194.894317831,0.805347149180989,0.931789289780663,1.73713643896165
"3403","University of Pennsylvania",39356.6494510189,34804.2806956649,74160.9301466838,"New Jersey","Herbert C. Conaway, Jr.","Democrat","NJ","34",103901.55455069,91883.3010365553,195784.855587245,0.546620131264151,0.48339278743979,1.03001291870394
"3403","New Jersey Institute of Technology",6848.94076202122,58279.2381174355,65128.1788794567,"New Jersey","Herbert C. Conaway, Jr.","Democrat","NJ","34",18081.203611736,153857.18863003,171938.392241766,0.0951241772502947,0.80943386274216,0.904558039992454
"3403","Rowan University",37768.3996290526,23850.9579891223,61619.3576181749,"New Jersey","Herbert C. Conaway, Jr.","Democrat","NJ","34",99708.5750206988,62966.529091283,162675.104111982,0.524561105959063,0.331263305404477,0.85582441136354
"3404","Princeton University",36937.9580342075,80502.8810771997,117440.839111407,"New Jersey","Christopher H. Smith","Republican","NJ","34",97516.2092103079,212527.606043807,310043.815254115,0.513027194919549,1.11809557051666,1.63112276543621
"3404","Rutgers University New Brunswick",19880.5696254964,23001.8841820141,42882.4538075105,"New Jersey","Christopher H. Smith","Republican","NJ","34",52484.7038113105,60724.9742405172,113209.678051828,0.276119022576339,0.319470613639084,0.595589636215423
"3404","New Jersey Institute of Technology",3649.43558852225,31053.9006027211,34703.3361912434,"New Jersey","Christopher H. Smith","Republican","NJ","34",9634.50995369875,81982.2975911837,91616.8075448825,0.0506866053961424,0.431304175037793,0.481990780433935
"3404","Rutgers University Newark",20097.7464426658,1966.25185451999,22063.9982971858,"New Jersey","Christopher H. Smith","Republican","NJ","34",53058.0506086377,5190.90489593279,58248.9555045705,0.279135367259247,0.0273090535349999,0.306444420794247
"3404","Monmouth University",21453.6498087455,0,21453.6498087455,"New Jersey","Christopher H. Smith","Republican","NJ","34",56637.635495088,0,56637.635495088,0.297967358454798,0,0.297967358454798
"3405","Columbia University",47138.726979853,46871.9413457505,94010.6683256035,"New Jersey","Josh S. Gottheimer","Democrat","NJ","34",124446.239226812,123741.925152781,248188.164379593,0.654704541386847,0.650999185357646,1.30570372674449
"3405","New Jersey Institute of Technology",7048.9098353649,59980.8217121051,67029.73154747,"New Jersey","Josh S. Gottheimer","Democrat","NJ","34",18609.1219653633,158349.369319958,176958.491285321,0.0979015254911792,0.833066968223682,0.930968493714862
"3405","Princeton University",19397.5869006453,42275.2559846747,61672.84288532,"New Jersey","Josh S. Gottheimer","Democrat","NJ","34",51209.6294177036,111606.675799541,162816.305217245,0.269410929175629,0.587156333120482,0.856567262296111
"3405","Stevens Institute of Technology",5747.92532665921,51995.1151169011,57743.0404435603,"New Jersey","Josh S. Gottheimer","Democrat","NJ","34",15174.5228623803,137267.103908619,152441.626770999,0.0798322962036001,0.722154376623627,0.801986672827227
"3405","Montclair State University",21480.3466781413,24849.6496014176,46329.9962795589,"New Jersey","Josh S. Gottheimer","Democrat","NJ","34",56708.115230293,65603.0749477425,122311.190178035,0.298338148307518,0.345134022241911,0.643472170549429
"3406","Rutgers University New Brunswick",245331.751559077,283849.640218326,529181.391777404,"New Jersey","Frank Pallone Jr.","Democrat","NJ","34",647675.824115964,749363.050176382,1397038.87429235,3.40738543832052,3.94235611414342,7.34974155246394
"3406","Princeton University",42303.248028003,92196.0369878544,134499.285015857,"New Jersey","Frank Pallone Jr.","Democrat","NJ","34",111680.574793928,243397.537647936,355078.112441864,0.587545111500042,1.2805005137202,1.86804562522024
"3406","New Jersey Institute of Technology",8748.64695878623,74444.2822667971,83192.9292255834,"New Jersey","Frank Pallone Jr.","Democrat","NJ","34",23096.4279711956,196532.905184344,219629.33315554,0.121508985538698,1.03394836481663,1.15545735035532
"3406","Rutgers University Newark",44072.6171990742,4311.82001168361,48384.4372107578,"New Jersey","Frank Pallone Jr.","Democrat","NJ","34",116351.709405556,11383.2048308447,127734.914236401,0.612119683320475,0.0598863890511612,0.672006072371636
"3406","Stevens Institute of Technology",2702.11747315113,24443.0644260896,27145.1818992407,"New Jersey","Frank Pallone Jr.","Democrat","NJ","34",7133.59012911899,64529.6900848765,71663.2802139955,0.0375294093493213,0.339487005917911,0.377016415267232
"3407","Princeton University",62938.9787733704,137169.713567296,200108.692340666,"New Jersey","Thomas H. Kean, Jr.","Republican","NJ","34",166158.903961698,362128.04381766,528286.947779358,0.874152482963477,1.90513491065688,2.77928739362036
"3407","Rutgers University New Brunswick",53429.0308685216,61817.5637391628,115246.594607684,"New Jersey","Thomas H. Kean, Jr.","Republican","NJ","34",141052.641492897,163198.36827139,304251.009764287,0.742069873173911,0.858577274155039,1.60064714732895
"3407","New Jersey Institute of Technology",9648.50778883281,82101.4084428106,91749.9162316434,"New Jersey","Thomas H. Kean, Jr.","Republican","NJ","34",25472.0605625186,216747.71828902,242219.778851539,0.134007052622678,1.14029733948348,1.27430439210616
"3407","Rutgers University Newark",45259.4919889954,4427.93724718676,49687.4292361822,"New Jersey","Thomas H. Kean, Jr.","Republican","NJ","34",119485.058850948,11689.754332573,131174.813183521,0.628604055402714,0.0614991284331494,0.690103183835864
"3407","Stevens Institute of Technology",2879.88835954265,26051.1607699113,28931.0491294539,"New Jersey","Thomas H. Kean, Jr.","Republican","NJ","34",7602.9052691926,68775.0644325658,76377.9697017584,0.0399984494380924,0.361821677359879,0.401820126797971
"3408","New Jersey Institute of Technology",15897.541330823,135275.895776237,151173.43710706,"New Jersey","Robert Menendez","Democrat","NJ","34",41969.5091133727,357128.364849266,399097.873962639,0.220799185150319,1.87883188578107,2.09963107093139
"3408","Rutgers University New Brunswick",56190.221094285,65012.2698755537,121202.490969839,"New Jersey","Robert Menendez","Democrat","NJ","34",148342.183688912,171632.392471462,319974.576160374,0.780419737420625,0.902948192716023,1.68336793013665
"3408","Stevens Institute of Technology",11578.8104003011,104740.675194252,116319.485594553,"New Jersey","Robert Menendez","Democrat","NJ","34",30568.059456795,276515.382512826,307083.441969621,0.160816811115293,1.45473159992017,1.61554841103546
"3408","Rutgers University Newark",104207.606555082,10195.0932771765,114402.699832259,"New Jersey","Robert Menendez","Democrat","NJ","34",275108.081305417,26915.046251746,302023.127557163,1.44732786882058,0.141598517738563,1.58892638655915
"3408","New York University",34420.8723077747,36142.0469646915,70562.9192724661,"New Jersey","Robert Menendez","Democrat","NJ","34",90871.1028925251,95415.0039867855,186286.106879311,0.478067670941315,0.501972874509604,0.980040545450919
"3409","New Jersey Institute of Technology",11798.1753272774,100393.432085509,112191.607412787,"New Jersey","Nellie Pou","Democrat","NJ","34",31147.1828640124,265038.660705745,296185.843569757,0.163863546212186,1.39435322340985,1.55821676962204
"3409","Rutgers University Newark",72557.6121571832,7098.63366375919,79656.2458209424,"New Jersey","Nellie Pou","Democrat","NJ","34",191552.096094964,18740.3928723243,210292.488967288,1.00774461329421,0.0985921342188777,1.10633674751309
"3409","Montclair State University",28710.6594488882,33214.0741404568,61924.733589345,"New Jersey","Nellie Pou","Democrat","NJ","34",75796.1409450649,87685.1557308061,163481.296675871,0.398759159012336,0.461306585284123,0.860065744296459
"3409","Stevens Institute of Technology",4396.86659008364,39773.5829038563,44170.44949394,"New Jersey","Nellie Pou","Democrat","NJ","34",11607.7277978208,105002.258866181,116609.986664001,0.0610675915289394,0.552410873664671,0.61347846519361
"3409","Princeton University",13825.9395993961,30132.3633082256,43958.3029076217,"New Jersey","Nellie Pou","Democrat","NJ","34",36500.4805424057,79549.4391337156,116049.919676121,0.192026938880502,0.418505045947578,0.610531984828079
"3410","New Jersey Institute of Technology",36694.3249585662,312240.589621881,348934.914580447,"New Jersey","LaMonica McIver","Democrat","NJ","34",96873.0178906149,824315.156601765,921188.17449238,0.509643402202309,4.33667485585945,4.84631825806176
"3410","Rutgers University Newark",214033.087115791,20939.8081357346,234972.895251526,"New Jersey","LaMonica McIver","Democrat","NJ","34",565047.349985689,55281.0934783393,620328.443464028,2.9726817654971,0.290830668551869,3.26351243404897
"3410","Rutgers University New Brunswick",58951.4113200484,68206.9760119445,127158.387331993,"New Jersey","LaMonica McIver","Democrat","NJ","34",155631.725884928,180066.416671534,335698.142556461,0.818769601667339,0.947319111277007,1.76608871294435
"3410","Montclair State University",32782.0977081438,37924.1384439935,70706.2361521373,"New Jersey","LaMonica McIver","Democrat","NJ","34",86544.7379494995,100119.725492143,186664.463441642,0.455306912613108,0.526724145055466,0.982031057668573
"3410","New York University",17539.2979912228,18416.3296635371,35955.6276547598,"New Jersey","LaMonica McIver","Democrat","NJ","34",46303.7466968281,48619.1103117378,94922.857008566,0.243601360989205,0.255782356438015,0.49938371742722
"3411","New Jersey Institute of Technology",19147.0387726579,162926.629189619,182073.667962277,"New Jersey","Vacant","Democrat","NJ","34",50548.1823598167,430126.301060594,480674.483420411,0.265931094064692,2.26286984985582,2.52880094392051
"3411","Rutgers University Newark",99222.732437413,9707.40088806328,108930.133325476,"New Jersey","Vacant","Democrat","NJ","34",261948.01363477,25627.5383444871,287575.551979257,1.37809350607518,0.134825012334212,1.51291851840939
"3411","Montclair State University",47312.920461004,54734.1955273054,102047.115988309,"New Jersey","Vacant","Democrat","NJ","34",124906.110017051,144498.276192086,269404.386209137,0.657123895291723,0.760197160101464,1.41732105539319
"3411","Princeton University",22286.5892049967,48571.5707057965,70858.1599107932,"New Jersey","Vacant","Democrat","NJ","34",58836.5955011913,128228.946663303,187065.542164494,0.30953596118051,0.674605148691618,0.984141109872128
"3411","Stevens Institute of Technology",4787.96254014499,43311.394860264,48099.357400409,"New Jersey","Vacant","Democrat","NJ","34",12640.2211059828,114342.082431097,126982.30353708,0.0664994797242359,0.601547150837,0.668046630561236
"3412","Princeton University",382380.090711657,833362.227017045,1215742.3177287,"New Jersey","Bonnie Watson Coleman","Democrat","NJ","34",1009483.43947877,2200076.279325,3209559.71880377,5.31083459321745,11.5744753752367,16.8853099684542
"3412","Rutgers University New Brunswick",220204.92050463,254777.81437717,474982.7348818,"New Jersey","Bonnie Watson Coleman","Democrat","NJ","34",581340.990132224,672613.429955728,1253954.42008795,3.05840167367542,3.53858075523847,6.59698242891389
"3412","New Jersey Institute of Technology",7648.81705539596,65085.5724961141,72734.38955151,"New Jersey","Bonnie Watson Coleman","Democrat","NJ","34",20192.8770262453,171825.911389741,192018.788415987,0.106233570213833,0.903966284668251,1.01019985488208
"3412","Rutgers University Newark",33865.4940057518,3313.21178635653,37178.7057921083,"New Jersey","Bonnie Watson Coleman","Democrat","NJ","34",89404.9041751848,8746.87911598123,98151.783291166,0.47035408341322,0.0460168303660629,0.516370913779283
"3412","Rowan University",17213.031689347,10870.1268711487,28083.1585604956,"New Jersey","Bonnie Watson Coleman","Democrat","NJ","34",45442.403659876,28697.1349398325,74139.5385997085,0.239069884574263,0.150973984321509,0.390043868895773
"3501","University of New Mexico",572386.038090133,2541979.13643232,3114365.17452245,"New Mexico","Melanie A. Stansbury","Democrat","NM","35",1511099.14055795,6710824.92018132,8221924.06073927,7.94980608458518,35.3052657837822,43.2550718683674
"3501","New Mexico Institute of Mining and Technology",4594.21929567637,12643.6797662354,17237.8990619118,"New Mexico","Melanie A. Stansbury","Democrat","NM","35",12128.7389405856,33379.3145828614,45508.053523447,0.0638086013288385,0.175606663419936,0.239415264748774
"3501","Montana State University",1892.58028345002,4414.45790957813,6307.03819302815,"New Mexico","Melanie A. Stansbury","Democrat","NM","35",4996.41194830805,11654.1688812863,16650.5808295943,0.0262858372701391,0.0613119154108074,0.0875977526809466
"3501","New Mexico Consortium",3673.03254420762,0,3673.03254420762,"New Mexico","Melanie A. Stansbury","Democrat","NM","35",9696.80591670811,0,9696.80591670811,0.0510143408917725,0,0.0510143408917725
"3501","New Mexico State University",2444.91976060604,1000.88317274406,3445.8029333501,"New Mexico","Melanie A. Stansbury","Democrat","NM","35",6454.58816799994,2642.33157604432,9096.91974404426,0.0339572188973061,0.0139011551770008,0.0478583740743069
"3502","University of New Mexico",165748.499357408,736092.775196503,901841.274553911,"New Mexico","Gabe Vasquez","Democrat","NM","35",437576.038303557,1943284.92651877,2380860.96482233,2.30206249107511,10.2235107666181,12.5255732576932
"3502","New Mexico State University",86347.9834683267,35348.4989758551,121696.482444182,"New Mexico","Gabe Vasquez","Democrat","NM","35",227958.676356383,93320.0372962575,321278.71365264,1.1992775481712,0.490951374664654,1.69022892283586
"3502","New Mexico Institute of Mining and Technology",32325.5911888555,88962.758837126,121288.350025981,"New Mexico","Gabe Vasquez","Democrat","NM","35",85339.5607385784,234861.683330013,320201.244068591,0.448966544289659,1.23559387273786,1.68456041702752
"3502","University of Texas at El Paso",3569.36916443285,16768.9672622916,20338.3364267244,"New Mexico","Gabe Vasquez","Democrat","NM","35",9423.13459410271,44270.0735724498,53693.2081665525,0.049574571728234,0.232902323087383,0.282476894815617
"3502","Arizona State University",796.713626123396,3494.43940521726,4291.15303134066,"New Mexico","Gabe Vasquez","Democrat","NM","35",2103.32397296577,9225.32002977357,11328.6440027393,0.0110654670294916,0.0485338806280175,0.0595993476575091
"3503","University of New Mexico",36883.846074564,163801.981449029,200685.827523593,"New Mexico","Teresa Leger Fernandez","Democrat","NM","35",97373.3536368491,432437.231025435,529810.584662284,0.512275639924501,2.2750275201254,2.7873031600499
"3503","New Mexico Consortium",28580.7844846155,0,28580.7844846155,"New Mexico","Teresa Leger Fernandez","Democrat","NM","35",75453.271039385,0,75453.271039385,0.396955340064105,0,0.396955340064105
"3503","New Mexico Institute of Mining and Technology",2417.03906720323,6651.89578062986,9068.93484783309,"New Mexico","Teresa Leger Fernandez","Democrat","NM","35",6380.98313741654,17561.0048608628,23941.9879982794,0.0335699870444894,0.0923874413976369,0.125957428442126
"3503","New Mexico State University",2515.44629216198,1029.75480272706,3545.20109488904,"New Mexico","Teresa Leger Fernandez","Democrat","NM","35",6640.77821130763,2718.55267919944,9359.33089050708,0.0349367540578053,0.0143021500378759,0.0492389040956812
"3503","Fort Lewis College",2767.56503070852,0,2767.56503070852,"New Mexico","Teresa Leger Fernandez","Democrat","NM","35",7306.37168107049,0,7306.37168107049,0.038438403204285,0,0.038438403204285
"3601","SUNY at Stony Brook",525082.295742649,613691.237212716,1138773.53295536,"New York","Nick LaLota","Republican","NY","36",1386217.26076059,1620144.86624157,3006362.12700216,7.29280966309234,8.52348940573217,15.8162990688245
"3601","Columbia University",14613.0053637544,14530.3018171827,29143.3071809371,"New York","Nick LaLota","Republican","NY","36",38578.3341603117,38359.9967973622,76938.3309576739,0.202958407829922,0.20180974746087,0.404768155290793
"3601","New York University",8915.80981220491,9361.63424563134,18277.4440578362,"New York","Nick LaLota","Republican","NY","36",23537.737904221,24714.7144084667,48252.4523126877,0.123830691836179,0.130022697855991,0.25385338969217
"3601","CUNY City College",7238.75734448767,7557.70874989212,14796.4660943798,"New York","Nick LaLota","Republican","NY","36",19110.3193894474,19952.3510997152,39062.6704891627,0.100538296451218,0.104968177081835,0.205506473533053
"3601","Virginia Polytechnic Institute and State University",7447.63820598108,7132.23052193887,14579.8687279199,"New York","Nick LaLota","Republican","NY","36",19661.76486379,18829.0885779186,38490.8534417087,0.103439419527515,0.099058757249151,0.202498176776666
"3602","SUNY at Stony Brook",104649.268731927,122309.092731206,226958.361463132,"New York","Andrew R. Garbarino","Republican","NY","36",276274.069452286,322896.004810383,599170.074262669,1.4534620657212,1.69873739904452,3.15219946476572
"3602","Columbia University",23097.9762201279,22967.2512594178,46065.2274795457,"New York","Andrew R. Garbarino","Republican","NY","36",60978.6572211378,60633.5433248629,121612.200546001,0.320805225279555,0.318989600825247,0.639794826104801
"3602","New York University",9865.85512006281,10359.1854357396,20225.0405558024,"New York","Andrew R. Garbarino","Republican","NY","36",26045.8575169658,27348.2495503525,53394.1070673183,0.137025765556428,0.143877575496383,0.280903341052811
"3602","CUNY City College",6251.65407023935,6527.11210217956,12778.7661724189,"New York","Andrew R. Garbarino","Republican","NY","36",16504.3667454319,17231.575949754,33735.9426951859,0.0868285287533243,0.0906543347524939,0.177482863505818
"3602","SUNY at Albany",4797.38823861703,5819.34704060221,10616.7352792192,"New York","Andrew R. Garbarino","Republican","NY","36",12665.104949949,15363.0761871898,28028.1811371388,0.0666303922030144,0.0808242644528085,0.147454656655823
"3603","Columbia University",76836.1249771603,76401.2643935734,153237.389370734,"New York","Thomas R. Suozzi","Democrat","NY","36",202847.369939703,201699.337999034,404546.707938737,1.06716840246056,1.06112867213296,2.12829707459352
"3603","New York University",21777.9616724349,22866.9426655585,44644.9043379934,"New York","Thomas R. Suozzi","Democrat","NY","36",57493.8188152282,60368.7286370745,117862.547452303,0.30247168989493,0.317596425910535,0.620068115805465
"3603","SUNY at Stony Brook",20195.4729131788,23603.509123566,43798.9820367448,"New York","Thomas R. Suozzi","Democrat","NY","36",53316.048490792,62313.2640862142,115629.312577006,0.280492679349706,0.327826515605083,0.608319194954789
"3603","Long Island University",42361.2958479946,0,42361.2958479946,"New York","Thomas R. Suozzi","Democrat","NY","36",111833.821038706,0,111833.821038706,0.588351331222147,0,0.588351331222147
"3603","CUNY City College",16451.721237472,17176.6107952094,33628.3320326814,"New York","Thomas R. Suozzi","Democrat","NY","36",43432.544066926,45346.2524993527,88778.7965662788,0.228496128298222,0.238564038822352,0.467060167120574
"3604","Columbia University",83435.5467543397,82963.3361819784,166398.882936318,"New York","Laura Gillen","Democrat","NY","36",220269.843431457,219023.207520423,439293.05095188,1.15882703825472,1.15226855808303,2.31109559633775
"3604","New York University",15931.529008694,16728.1661110462,32659.6951197402,"New York","Laura Gillen","Democrat","NY","36",42059.2365829522,44162.3585331619,86221.595116114,0.221271236231861,0.232335640431197,0.453606876663058
"3604","CUNY City College",14806.5491137248,15458.9497156884,30265.4988294132,"New York","Laura Gillen","Democrat","NY","36",39089.2896602334,40811.6272494175,79900.9169096509,0.2056465154684,0.214707634940117,0.420354150408517
"3604","SUNY at Stony Brook",9179.76041508127,10728.8677834391,19908.6281985204,"New York","Laura Gillen","Democrat","NY","36",24234.5674958146,28324.2109482792,52558.7784440938,0.127496672431684,0.149012052547765,0.27650872497945
"3604","CUNY Queens College",19597.7975288448,0,19597.7975288448,"New York","Laura Gillen","Democrat","NY","36",51738.1854761502,0,51738.1854761502,0.272191632345066,0,0.272191632345066
"3605","Columbia University",71650.8650093765,71245.3508455408,142896.215854917,"New York","Gregory W. Meeks","Democrat","NY","36",189158.283624754,188087.726232228,377246.009856982,0.995150902908007,0.989518761743622,1.98466966465163
"3605","CUNY City College",28296.9605284518,29543.7705677601,57840.7310962119,"New York","Gregory W. Meeks","Democrat","NY","36",74703.9757951128,77995.5542988867,152699.530094,0.393013340672942,0.410330146774446,0.803343487447388
"3605","CUNY Queens College",57011.7746293666,0,57011.7746293666,"New York","Gregory W. Meeks","Democrat","NY","36",150511.085021528,0,150511.085021528,0.791830203185648,0,0.791830203185648
"3605","New York University",24481.9367794151,25706.1268220205,50188.0636014356,"New York","Gregory W. Meeks","Democrat","NY","36",64632.3130976559,67864.174810134,132496.48790779,0.340026899714099,0.357029539194729,0.697056438908828
"3605","Icahn School of Medicine at Mount Sinai",0,10835.2705108006,10835.2705108006,"New York","Gregory W. Meeks","Democrat","NY","36",0,28605.1141485136,28605.1141485136,0,0.150489868205564,0.150489868205564
"3606","Columbia University",75893.3504375632,75463.8255666583,151357.176004222,"New York","Grace Meng","Democrat","NY","36",200358.445155167,199224.499495978,399582.944651145,1.05407431163282,1.04810868842581,2.10218300005863
"3606","New York University",45602.1747771792,47882.4571251963,93484.6319023755,"New York","Grace Meng","Democrat","NY","36",120389.741411753,126409.686810518,246799.428222271,0.633363538571933,0.665034126738838,1.29839766531077
"3606","CUNY City College",33561.5113244428,35040.2860222271,68601.79734667,"New York","Grace Meng","Democrat","NY","36",88602.3898965291,92506.3550986796,181108.744995209,0.466132101728373,0.486670639197599,0.952802740925972
"3606","CUNY Queens College",66891.6560282057,0,66891.6560282057,"New York","Grace Meng","Democrat","NY","36",176593.971914463,0,176593.971914463,0.929050778169524,0,0.929050778169524
"3606","SUNY at Stony Brook",11015.7124980975,12874.6413401269,23890.3538382244,"New York","Grace Meng","Democrat","NY","36",29081.4809949775,33989.053137935,63070.5341329125,0.152996006918021,0.178814463057318,0.331810469975339
"3607","New York University",85430.9972989142,89702.8724028117,175133.869701726,"New York","Nydia M. Velázquez","Democrat","NY","36",225537.832869134,236815.583143423,462353.416012557,1.18654162915159,1.24587322781683,2.43241485696842
"3607","Columbia University",63637.2814228015,63277.1208167632,126914.402239565,"New York","Nydia M. Velázquez","Democrat","NY","36",168002.422956196,167051.598956255,335054.021912451,0.883851130872243,0.878848900232822,1.76270003110507
"3607","CUNY City College",21387.2376087136,22329.5940337722,43716.8316424858,"New York","Nydia M. Velázquez","Democrat","NY","36",56462.3072870038,58950.1282491586,115412.435536162,0.297044966787688,0.310133250469058,0.607178217256747
"3607","CUNY Queens College",24456.7555938476,0,24456.7555938476,"New York","Nydia M. Velázquez","Democrat","NY","36",64565.8347677577,0,64565.8347677577,0.339677161025661,0,0.339677161025661
"3607","CUNY Baruch College",4205.39241001469,8776.41214280658,12981.8045528213,"New York","Nydia M. Velázquez","Democrat","NY","36",11102.2359624388,23169.7280570094,34271.9640194481,0.0584082279168706,0.121894613094536,0.180302841011407
"3608","Columbia University",57509.2469154206,57183.7684418156,114693.015357236,"New York","Hakeem S. Jeffries","Democrat","NY","36",151824.41185671,150965.148686393,302789.560543104,0.798739540491953,0.794219006136328,1.59295854662828
"3608","New York University",44871.3706942116,47115.1100558823,91986.4807500939,"New York","Hakeem S. Jeffries","Democrat","NY","36",118460.418632719,124383.890547529,242844.309180248,0.62321348186405,0.654376528553921,1.27759001041797
"3608","CUNY City College",24348.5474314585,25421.3839769099,49769.9314083684,"New York","Hakeem S. Jeffries","Democrat","NY","36",64280.1652190505,67112.4536990421,131392.618918093,0.338174269881368,0.353074777457082,0.69124904733845
"3608","CUNY Queens College",21217.4502171791,0,21217.4502171791,"New York","Hakeem S. Jeffries","Democrat","NY","36",56014.0685733527,0,56014.0685733527,0.294686808571931,0,0.294686808571931
"3608","SUNY at Stony Brook",7343.80833206502,8583.09422675127,15926.9025588163,"New York","Hakeem S. Jeffries","Democrat","NY","36",19387.6539966516,22659.3687586234,42047.022755275,0.101997337945347,0.119209642038212,0.22120697998356
"3609","New York University",57221.9596963643,60083.2755272896,117305.235223654,"New York","Yvette D. Clarke","Democrat","NY","36",151065.973598402,158619.847392045,309685.820990446,0.794749440227282,0.834489937879023,1.6292393781063
"3609","Columbia University",49024.2760590471,48746.8189995805,97771.0950586276,"New York","Yvette D. Clarke","Democrat","NY","36",129424.088795884,128691.602158893,258115.690954777,0.68089272304232,0.677039152771952,1.35793187581427
"3609","CUNY City College",20071.0999097158,20955.4651701554,41026.5650798712,"New York","Yvette D. Clarke","Democrat","NY","36",52987.7037616497,55322.4280492103,108310.13181086,0.278765276523831,0.29104812736327,0.569813403887101
"3609","CUNY Queens College",19921.7280665116,0,19921.7280665116,"New York","Yvette D. Clarke","Democrat","NY","36",52593.3620955907,0,52593.3620955907,0.276690667590439,0,0.276690667590439
"3609","CUNY Brooklyn College",16832.6633512224,0,16832.6633512224,"New York","Yvette D. Clarke","Democrat","NY","36",44438.231247227,0,44438.231247227,0.233786990989199,0,0.233786990989199
"3610","New York University",178462.357060692,187386.15432649,365848.511387181,"New York","Daniel S. Goldman","Democrat","NY","36",471140.622640226,494699.447421932,965840.070062158,2.47864384806516,2.6025854767568,5.08122932482196
"3610","Columbia University",49024.2760590471,48746.8189995805,97771.0950586276,"New York","Daniel S. Goldman","Democrat","NY","36",129424.088795884,128691.602158893,258115.690954777,0.68089272304232,0.677039152771952,1.35793187581427
"3610","CUNY City College",24019.5130067091,25077.8517610057,49097.3647677148,"New York","Daniel S. Goldman","Democrat","NY","36",63411.514337712,66205.528649055,129617.042986767,0.333604347315404,0.348303496680635,0.681907843996039
"3610","Stevens Institute of Technology",2014.73671243725,18225.0918966458,20239.828609083,"New York","Daniel S. Goldman","Democrat","NY","36",5318.90492083433,48114.2426071448,53433.1475279791,0.0279824543394062,0.253126276342302,0.281108730681708
"3610","Barnard College",12258.9893966239,2078.164560947,14337.1539575709,"New York","Daniel S. Goldman","Democrat","NY","36",32363.7320070872,5486.35444090008,37850.0864479873,0.170263741619777,0.0288633966798195,0.199127138299596
"3611","New York University",43263.6017116828,45426.9465033914,88690.5482150742,"New York","Nicole Malliotakis","Republican","NY","36",114215.908518843,119927.138768953,234143.047287796,0.600883357106706,0.630929812547103,1.23181316965381
"3611","Columbia University",38653.7561234794,38434.9919035154,77088.7480269948,"New York","Nicole Malliotakis","Republican","NY","36",102045.916165986,101468.378625281,203514.294791266,0.536857723937214,0.53381933199327,1.07067705593048
"3611","CUNY College of Staten Island",36878.4246182027,0,36878.4246182027,"New York","Nicole Malliotakis","Republican","NY","36",97359.0409920552,0,97359.0409920552,0.512200341919482,0,0.512200341919482
"3611","CUNY City College",17767.8589364697,18550.7396588261,36318.5985952959,"New York","Nicole Malliotakis","Republican","NY","36",46907.1475922801,48973.952699301,95881.1002915811,0.24677581856208,0.257649161928141,0.50442498049022
"3611","CUNY Queens College",15710.6310768425,0,15710.6310768425,"New York","Nicole Malliotakis","Republican","NY","36",41476.0660428642,0,41476.0660428642,0.21820320940059,0,0.21820320940059
"3612","New York University",108012.843462614,113413.896844616,221426.740307229,"New York","Jerrold Nadler","Democrat","NY","36",285153.9067413,299412.687669785,584566.594411085,1.50017838142519,1.57519301173077,3.07537139315596
"3612","Columbia University",74479.1886281677,74057.6673262858,148536.855954453,"New York","Jerrold Nadler","Democrat","NY","36",196625.057978363,195512.241741395,392137.299719757,1.03443317539122,1.02857871286508,2.0630118882563
"3612","CUNY City College",30929.2359264473,32292.0282949936,63221.2642214409,"New York","Jerrold Nadler","Democrat","NY","36",81653.1828458209,85250.9546987832,166904.137544604,0.429572721200657,0.448500392986023,0.87807311418668
"3612","Icahn School of Medicine at Mount Sinai",0,36482.5863475361,36482.5863475361,"New York","Jerrold Nadler","Democrat","NY","36",0,96314.0279574954,96314.0279574954,0,0.506702588160224,0.506702588160224
"3612","Stevens Institute of Technology",2453.238232203,22191.7295447392,24644.9677769422,"New York","Jerrold Nadler","Democrat","NY","36",6476.54893301592,58586.1659981116,65062.7149311275,0.0340727532250417,0.308218465899156,0.342291219124198
"3613","Columbia University",289903.170926096,288262.439276366,578165.610202461,"New York","Adriano Espaillat","Democrat","NY","36",765344.371244893,761012.839689606,1526357.2109345,4.02643292952911,4.00364498994952,8.03007791947863
"3613","CUNY City College",71071.435745879,74202.9586353045,145274.394381183,"New York","Adriano Espaillat","Democrat","NY","36",187628.59036912,195895.810797204,383524.401166324,0.987103274248319,1.03059664771256,2.01769992196088
"3613","New York University",69134.0662487364,72591.0327571086,141725.099005845,"New York","Adriano Espaillat","Democrat","NY","36",182513.934896664,191640.326478767,374154.261375431,0.960195364565783,1.00820878829317,1.96840415285896
"3613","Barnard College",32233.0956722043,5464.2087490537,37697.304421258,"New York","Adriano Espaillat","Democrat","NY","36",85095.3725746193,14425.5110975018,99520.883672121,0.44768188433617,0.0758917881813013,0.523573672517472
"3613","Icahn School of Medicine at Mount Sinai",0,26327.4019645411,26327.4019645411,"New York","Adriano Espaillat","Democrat","NY","36",0,69504.3411863885,69504.3411863885,0,0.365658360618626,0.365658360618626
"3614","Columbia University",142830.342748954,142021.982277624,284852.325026579,"New York","Alexandria Ocasio-Cortez","Democrat","NY","36",377072.10485724,374938.033212928,752010.138070167,1.98375476040215,1.97252753163367,3.95628229203581
"3614","New York University",55248.7886723517,58011.4384401417,113260.227112493,"New York","Alexandria Ocasio-Cortez","Democrat","NY","36",145856.802095009,153150.197481974,299006.999576983,0.767344287115996,0.805714422779746,1.57305870989574
"3614","CUNY City College",53303.5768094092,55652.2189764784,108955.795785888,"New York","Alexandria Ocasio-Cortez","Democrat","NY","36",140721.44277684,146921.858097903,287643.300874743,0.740327455686239,0.772947485784422,1.51327494147066
"3614","CUNY Queens College",31583.2274225185,0,31583.2274225185,"New York","Alexandria Ocasio-Cortez","Democrat","NY","36",83379.7203954487,0,83379.7203954487,0.438655936423867,0,0.438655936423867
"3614","Icahn School of Medicine at Mount Sinai",0,16494.9703201656,16494.9703201656,"New York","Alexandria Ocasio-Cortez","Democrat","NY","36",0,43546.7216452373,43546.7216452373,0,0.2290968100023,0.2290968100023
"3615","Columbia University",191383.231538203,190300.081863747,381683.31340195,"New York","Ritchie Torres","Democrat","NY","36",505251.731260856,502392.216120292,1007643.94738115,2.6581004380306,2.64305669255204,5.30115713058264
"3615","CUNY City College",62845.575127143,65614.6532376998,128460.228364843,"New York","Ritchie Torres","Democrat","NY","36",165912.318335657,173222.684547527,339135.002883185,0.872855210099208,0.911314628301386,1.78416983840059
"3615","New York University",24335.7759628216,25552.6574081577,49888.4333709793,"New York","Ritchie Torres","Democrat","NY","36",64246.448541849,67459.0155575362,131705.464099385,0.337996888372522,0.354898019557745,0.692894907930267
"3615","CUNY Queens College",21865.3112925128,0,21865.3112925128,"New York","Ritchie Torres","Democrat","NY","36",57724.4218122337,0,57724.4218122337,0.303684879062677,0,0.303684879062677
"3615","Research Foundation CUNY - Advanced Science Research Center",7397.39232488827,11206.1608791798,18603.5532040681,"New York","Ritchie Torres","Democrat","NY","36",19529.115737705,29584.2647210346,49113.3804587397,0.102741560067893,0.155641123321941,0.258382683389834
"3616","Columbia University",53266.7614872338,52965.2937206981,106232.055207932,"New York","George Latimer","Democrat","NY","36",140624.250326297,139828.375422643,280452.62574894,0.739816131767137,0.73562907945414,1.47544521122128
"3616","IONA UNIVERSITY",58750.7688612982,0,58750.7688612982,"New York","George Latimer","Democrat","NY","36",155102.029793827,0,155102.029793827,0.815982900851364,0,0.815982900851364
"3616","New York University",22508.7657554025,23634.2897348726,46143.0554902751,"New York","George Latimer","Democrat","NY","36",59423.1415942627,62394.5249000635,121817.666494326,0.312621746602813,0.328254024095452,0.640875770698265
"3616","CUNY City College",20071.0999097158,20955.4651701554,41026.5650798712,"New York","George Latimer","Democrat","NY","36",52987.7037616497,55322.4280492103,108310.13181086,0.278765276523831,0.29104812736327,0.569813403887101
"3616","CUNY Queens College",11013.6382806731,0,11013.6382806731,"New York","George Latimer","Democrat","NY","36",29076.005060977,0,29076.005060977,0.152967198342682,0,0.152967198342682
"3617","Columbia University",29226.0107275088,29060.6036343653,58286.6143618742,"New York","Michael Lawler","Republican","NY","36",77156.6683206233,76719.9935947245,153876.661915348,0.405916815659845,0.403619494921741,0.809536310581586
"3617","New York University",17685.4588078163,18569.7990773999,36255.2578852162,"New York","Michael Lawler","Republican","NY","36",46689.611252635,49024.2695643356,95713.8808169706,0.245631372330782,0.257913876074998,0.50354524840578
"3617","CUNY City College",10529.1015919821,10993.030908934,21522.1325009161,"New York","Michael Lawler","Republican","NY","36",27796.8282028327,29021.6015995858,56818.4298024184,0.146237522110862,0.152680984846306,0.298918506957168
"3617","SUNY at Stony Brook",9179.76041508127,10728.8677834391,19908.6281985204,"New York","Michael Lawler","Republican","NY","36",24234.5674958146,28324.2109482792,52558.7784440938,0.127496672431684,0.149012052547765,0.27650872497945
"3617","Rensselaer Polytechnic Institute",3466.5654491033,14826.2406069778,18292.8060560811,"New York","Michael Lawler","Republican","NY","36",9151.7327856327,39141.2752024215,48293.0079880542,0.0481467423486569,0.205920008430248,0.254066750778905
"3618","Columbia University",24512.1380295235,24373.4094997903,48885.5475293138,"New York","Patrick Ryan","Democrat","NY","36",64712.0443979421,64345.8010794463,129057.845477388,0.34044636152116,0.338519576385976,0.678965937907136
"3618","Bard College",29427.0206389269,0,29427.0206389269,"New York","Patrick Ryan","Democrat","NY","36",77687.334486767,0,77687.334486767,0.408708619985096,0,0.408708619985096
"3618","Cary Institute of Ecosystem Studies, Inc.",0,27681.3435131438,27681.3435131438,"New York","Patrick Ryan","Democrat","NY","36",0,73078.7468746996,73078.7468746996,0,0.384463104349219,0.384463104349219
"3618","SUNY at Albany",10314.3847130266,12511.5961372948,22825.9808503214,"New York","Patrick Ryan","Democrat","NY","36",27229.9756423903,33030.6138024582,60260.5894448484,0.143255343236481,0.173772168573538,0.317027511810019
"3618","Rensselaer Polytechnic Institute",2439.43494566528,10433.2804271326,12872.7153727978,"New York","Patrick Ryan","Democrat","NY","36",6440.10825655635,27543.86032763,33983.9685841863,0.0338810409120178,0.144906672599063,0.178787713511081
"3619","Cornell University",1215560.56705902,1934379.14173934,3149939.70879836,"New York","Josh Riley","Democrat","NY","36",3209079.8970358,5106760.93419187,8315840.83122767,16.8827856535974,26.866376968602,43.7491626221994
"3619","SUNY at Binghamton",288588.632009853,520837.425401226,809426.057411079,"New York","Josh Riley","Democrat","NY","36",761873.988506012,1375010.80305924,2136884.79156525,4.00817544458129,7.23385313057259,11.2420285751539
"3619","SUNY at Albany",47374.2088563432,57466.0520259469,104840.26088229,"New York","Josh Riley","Democrat","NY","36",125067.911380746,151710.3773485,276778.288729246,0.657975123004767,0.798139611471484,1.45611473447625
"3619","Rensselaer Polytechnic Institute",18745.1316877438,80171.5232821765,98916.6549699203,"New York","Josh Riley","Democrat","NY","36",49487.1476556435,211652.821464946,261139.96912059,0.260349051218663,1.11349337891912,1.37384243013778
"3619","SUNY at Buffalo",19305.2672856964,19335.8243929164,38641.0916786128,"New York","Josh Riley","Democrat","NY","36",50965.9056342386,51046.5763972993,102012.482031538,0.268128712301339,0.268553116568283,0.536681828869623
"3620","Rensselaer Polytechnic Institute",120366.855871642,514800.02107562,635166.876947262,"New York","Paul Tonko","Democrat","NY","36",317768.499501135,1359072.05563964,1676840.55514077,1.67176188710614,7.15000029271694,8.82176217982308
"3620","SUNY at Albany",241008.791637523,292349.446952254,533358.238589777,"New York","Paul Tonko","Democrat","NY","36",636263.209923061,771802.53995395,1408065.74987701,3.34734432829893,4.06040898544797,7.4077533137469
"3620","Union College",58324.5345055909,58441.716520369,116766.25102596,"New York","Paul Tonko","Democrat","NY","36",153976.77109476,154286.131613774,308262.902708534,0.810062979244318,0.811690507227347,1.62175348647167
"3620","Clarkson University",0,40529.5014273505,40529.5014273505,"New York","Paul Tonko","Democrat","NY","36",0,106997.883768205,106997.883768205,0,0.562909742046534,0.562909742046534
"3620","Skidmore College",38421.5785549694,0,38421.5785549694,"New York","Paul Tonko","Democrat","NY","36",101432.967385119,0,101432.967385119,0.533633035485686,0,0.533633035485686
"3621","Clarkson University",0,643772.950208349,643772.950208349,"New York","Elise M. Stefanik","Republican","NY","36",0,1699560.58855004,1699560.58855004,0,8.94129097511596,8.94129097511596
"3621","SUNY at Albany",37179.758849282,45099.9395646672,82279.6984139492,"New York","Elise M. Stefanik","Republican","NY","36",98154.5633621045,119063.840450721,217218.403812826,0.516385539573361,0.626388049509266,1.14277358908263
"3621","Saint Lawrence University",42495.2622579265,0,42495.2622579265,"New York","Elise M. Stefanik","Republican","NY","36",112187.492360926,0,112187.492360926,0.590211975804534,0,0.590211975804534
"3621","Rensselaer Polytechnic Institute",5456.63079951445,23337.6009554281,28794.2317549425,"New York","Elise M. Stefanik","Republican","NY","36",14405.5053107181,61611.2665223302,76016.7718330483,0.0757865388821451,0.324133346603168,0.399919885485313
"3621","SUNY at Buffalo",13942.6930396696,13964.7620615507,27907.4551012204,"New York","Elise M. Stefanik","Republican","NY","36",36808.7096247278,36866.971842494,73675.6814672218,0.193648514439856,0.193955028632649,0.387603543072505
"3622","Syracuse University",359445.585610992,423525.070211,782970.655821992,"New York","John W. Mannion","Democrat","NY","36",948936.346013018,1118106.18535704,2067042.53137006,4.99229980015266,5.88229264181945,10.8745924419721
"3622","Cornell University",143102.683693377,227726.082899456,370828.766592833,"New York","John W. Mannion","Democrat","NY","36",377791.084950516,601196.858854565,978987.94380508,1.98753727351913,3.16286226249245,5.15039953601157
"3622","SUNY College of Environmental Science and Forestry",185092.454307531,171491.958546412,356584.412853944,"New York","John W. Mannion","Democrat","NY","36",488644.079371882,452738.770562529,941382.849934411,2.57072853204904,2.38183275758906,4.95256128963811
"3622","Colgate University",99411.5573659532,0,99411.5573659532,"New York","John W. Mannion","Democrat","NY","36",262446.511446116,0,262446.511446116,1.38071607452713,0,1.38071607452713
"3622","SUNY at Buffalo",23059.0692579152,23095.5680248724,46154.6372827875,"New York","John W. Mannion","Democrat","NY","36",60875.942840896,60972.2995856631,121848.242426559,0.320264850804377,0.320771778123227,0.641036628927605
"3623","SUNY at Buffalo",238634.553948192,239012.273745772,477646.827693964,"New York","Nicholas A. Langworthy","Republican","NY","36",629995.222423226,630992.402688839,1260987.62511207,3.314368804836,3.31961491313573,6.63398371797172
"3623","Cornell University",154031.062014646,245116.929271551,399147.991286197,"New York","Nicholas A. Langworthy","Republican","NY","36",406642.003718666,647108.693276895,1053750.69699556,2.13932030575898,3.40440179543821,5.54372210119718
"3623","SUNY at Binghamton",31630.2780386582,57085.5215732033,88715.7996118615,"New York","Nicholas A. Langworthy","Republican","NY","36",83503.9340220576,150705.776953257,234209.710975314,0.439309417203586,0.79285446629449,1.23216388349808
"3623","Saint Bonaventure University",18120.4187082752,45997.1216738526,64117.5403821278,"New York","Nicholas A. Langworthy","Republican","NY","36",47837.9053898465,121432.401218971,169270.306608817,0.251672482059378,0.638848912136842,0.89052139419622
"3623","University of Rochester",23596.3539489009,6631.55280962163,30227.9067585225,"New York","Nicholas A. Langworthy","Republican","NY","36",62294.3744250983,17507.2994174011,79801.6738424994,0.327727138179179,0.0921049001336338,0.419832038312812
"3624","University of Rochester",306752.601335711,86210.1865250812,392962.787860792,"New York","Claudia Tenney","Republican","NY","36",809826.867526277,227594.892426214,1037421.75995249,4.26045279632932,1.19736370173724,5.45781649806656
"3624","SUNY at Buffalo",122159.44132449,122352.79990851,244512.241233,"New York","Claudia Tenney","Republican","NY","36",322500.925096654,323011.391758466,645512.31685512,1.69665890728459,1.69934444317375,3.39600335045833
"3624","Cornell University",78418.4984945131,124791.073291652,203209.571786166,"New York","Claudia Tenney","Republican","NY","36",207024.836025515,329448.433489963,536473.269515477,1.08914581242379,1.73320935127295,2.82235516369674
"3624","Rochester Institute of Tech",7887.82963231623,88881.8891123343,96769.7187446505,"New York","Claudia Tenney","Republican","NY","36",20823.8702293149,234648.187256563,255472.057485877,0.109553189337725,1.23447068211575,1.34402387145348
"3624","Syracuse University",44301.4167139598,52199.1683173222,96500.5850312819,"New York","Claudia Tenney","Republican","NY","36",116955.740124854,137805.804357731,254761.544482584,0.615297454360552,0.724988448851697,1.34028590321225
"3625","University of Rochester",1427579.4139085,401208.944982109,1828788.35889061,"New York","Joseph D. Morelle","Democrat","NY","36",3768809.65271845,1059191.61475277,4828001.26747121,19.8274918598403,5.57234645808484,25.3998383179251
"3625","Rochester Institute of Tech",44872.301645299,505631.47595285,550503.777598149,"New York","Joseph D. Morelle","Democrat","NY","36",118462.876343589,1334867.09651552,1453329.97285911,0.623226411740264,7.02265938823402,7.64588579997429
"3625","SUNY at Buffalo",50729.9523674134,50810.2496547192,101540.202022133,"New York","Joseph D. Morelle","Democrat","NY","36",133927.074249971,134139.059088459,268066.13333843,0.70458267176963,0.7056979118711,1.41028058364073
"3625","St. John Fisher College",25464.3789897663,0,25464.3789897663,"New York","Joseph D. Morelle","Democrat","NY","36",67225.9605329832,0,67225.9605329832,0.353671930413421,0,0.353671930413421
"3625","SUNY College at Brockport",21461.8738719415,0,21461.8738719415,"New York","Joseph D. Morelle","Democrat","NY","36",56659.3470219255,0,56659.3470219255,0.298081581554743,0,0.298081581554743
"3626","SUNY at Buffalo",602646.09376849,603599.984798874,1206246.07856736,"New York","Timothy M. Kennedy","Democrat","NY","36",1590985.68754881,1593503.95986903,3184489.64741784,8.37008463567347,8.38333312220658,16.75341775788
"3626","University of Rochester",11798.1769744504,3315.77640481082,15113.9533792612,"New York","Timothy M. Kennedy","Democrat","NY","36",31147.1872125491,8753.64970870056,39900.8369212497,0.163863569089589,0.0460524500668169,0.209916019156406
"3626","Rochester Institute of Tech",1119.49665354488,12614.7472828704,13734.2439364152,"New York","Timothy M. Kennedy","Democrat","NY","36",2955.47116535849,33302.9328267778,36258.4039921362,0.0155485646325678,0.175204823373199,0.190753388005767
"3626","Syracuse University",4430.14167139598,5219.91683173222,9650.0585031282,"New York","Timothy M. Kennedy","Democrat","NY","36",11695.5740124854,13780.5804357731,25476.1544482584,0.0615297454360552,0.0724988448851697,0.134028590321225
"3626","SUNY at Binghamton",3313.64817547848,5980.38797433559,9294.03614981406,"New York","Timothy M. Kennedy","Democrat","NY","36",8748.03118326318,15788.2242522459,24536.2554355091,0.04602289132609,0.0830609440879942,0.129083835414084
"3701","North Carolina State University",84452.426841689,382840.782612602,467293.209454291,"North Carolina","Donald G. Davis","Democrat","NC","37",222954.406862059,1010699.66609727,1233654.07295933,1.17295037280124,5.3172330918417,6.49018346464294
"3701","Duke University",64650.4739551379,13204.4872615063,77854.9612166442,"North Carolina","Donald G. Davis","Democrat","NC","37",170677.251241564,34859.8463703765,205537.097611941,0.897923249376915,0.183395656409809,1.08131890578672
"3701","East Carolina University",45561.4290090748,1065.93452832825,46627.3635374031,"North Carolina","Donald G. Davis","Democrat","NC","37",120282.172583958,2814.06715478659,123096.239738744,0.632797625126039,0.0148046462267813,0.647602271352821
"3701","University of North Carolina at Chapel Hill",18834.1747721906,4358.14130989798,23192.3160820886,"North Carolina","Donald G. Davis","Democrat","NC","37",49722.2213985832,11505.4930581307,61227.7144567138,0.261585760724869,0.0605297404152497,0.322115501140119
"3701","Elizabeth City State University",0,21265.556646152,21265.556646152,"North Carolina","Donald G. Davis","Democrat","NC","37",0,56141.0695458413,56141.0695458413,0,0.295354953418778,0.295354953418778
"3702","North Carolina State University",608302.26290318,2757563.3182386,3365865.58114178,"North Carolina","Deborah K. Ross","Democrat","NC","37",1605917.97406439,7279967.1601499,8885885.1342143,8.44864254032194,38.2994905310917,46.7481330714136
"3702","Duke University",400217.219722282,81742.0639998007,481959.283722083,"North Carolina","Deborah K. Ross","Democrat","NC","37",1056573.46006682,215799.048959474,1272372.5090263,5.55857249614281,1.13530644444168,6.69387894058448
"3702","University of North Carolina at Chapel Hill",191866.860647182,44397.1079965543,236263.968643737,"North Carolina","Deborah K. Ross","Democrat","NC","37",506528.512108561,117208.365110903,623736.877219465,2.66481750898864,0.616626499952143,3.28144400894079
"3702","North Carolina Agricultural & Technical State University",1786.59798875586,9517.75845895632,11304.3564477122,"North Carolina","Deborah K. Ross","Democrat","NC","37",4716.61869031548,25126.8823316447,29843.5010219602,0.0248138609549426,0.132191089707727,0.157004950662669
"3702","Wake Forest University",4126.42762371944,1168.21736305479,5294.64498677423,"North Carolina","Deborah K. Ross","Democrat","NC","37",10893.7689266193,3084.09383846466,13977.862765084,0.0573114947738811,0.0162252411535388,0.0735367359274199
"3703","North Carolina State University",40390.2910981991,183097.765597332,223488.056695531,"North Carolina","Gregory F. Murphy","Republican","NC","37",106630.368499246,483378.101176955,590008.469676201,0.560976265252765,2.54302452218516,3.10400078743793
"3703","East Carolina University",125079.01737397,2926.29195984455,128005.309333814,"North Carolina","Gregory F. Murphy","Republican","NC","37",330208.60586728,7725.4107739896,337934.016641269,1.73720857463847,0.0406429438867298,1.7778515185252
"3703","Duke University",49257.5039658193,10060.5617230524,59318.0656888717,"North Carolina","Gregory F. Murphy","Republican","NC","37",130039.810469763,26559.8829488583,156599.693418621,0.684131999525269,0.139730023931283,0.823862023456552
"3703","University of North Carolina at Chapel Hill",17323.4120899293,4008.55778236606,21331.9698722954,"North Carolina","Gregory F. Murphy","Republican","NC","37",45733.8079174134,10582.5925454464,56316.4004628598,0.240602945693463,0.055674413643973,0.296277359337436
"3703","University of North Carolina at Wilmington",4485.04529886867,687.248360421962,5172.29365929063,"North Carolina","Gregory F. Murphy","Republican","NC","37",11840.5195890133,1814.33567151398,13654.8552605273,0.0622922958176204,0.00954511611697169,0.0718374119345921
"3704","Duke University",2082668.8395548,425373.125352809,2508041.96490761,"North Carolina","Valerie P. Foushee","Democrat","NC","37",5498245.73642467,1122985.05093142,6621230.78735609,28.9259561049278,5.90796007434457,34.8339161792723
"3704","University of North Carolina at Chapel Hill",1669191.32887441,386243.186785771,2055434.51566018,"North Carolina","Valerie P. Foushee","Democrat","NC","37",4406665.10822844,1019682.01311444,5426347.12134288,23.1832129010335,5.36448870535793,28.5477016063914
"3704","North Carolina State University",221534.626932546,1004263.50221567,1225798.12914821,"North Carolina","Valerie P. Foushee","Democrat","NC","37",584851.415101922,2651255.64584936,3236107.06095128,3.07686981850759,13.9481041974398,17.0249740159474
"3704","North Carolina Central University",0,17674.6368649992,17674.6368649992,"North Carolina","Valerie P. Foushee","Democrat","NC","37",0,46661.041323598,46661.041323598,0,0.245481067569434,0.245481067569434
"3704","North Carolina Agricultural & Technical State University",2305.28772742692,12280.9786567178,14586.2663841448,"North Carolina","Valerie P. Foushee","Democrat","NC","37",6085.95960040708,32421.7836537351,38507.7432541422,0.0320178851031517,0.17056914800997,0.202587033113122
"3705","North Carolina Agricultural & Technical State University",29277.1541383219,155968.428940317,185245.583078639,"North Carolina","Virginia Foxx","Republican","NC","37",77291.6869251699,411756.652402436,489048.339327606,0.406627140810027,2.16622817972662,2.57285532053665
"3705","North Carolina State University",17135.2750113572,77677.8399503831,94813.1149617403,"North Carolina","Virginia Foxx","Republican","NC","37",45237.126029983,205069.497469011,250306.623498994,0.237989930713294,1.07885888819977,1.31684881891306
"3705","University of North Carolina Greensboro",62444.2809622831,17985.1075672141,80429.3885294972,"North Carolina","Virginia Foxx","Republican","NC","37",164852.901740427,47480.6839774451,212333.585717873,0.86728168003171,0.249793160655751,1.11707484068746
"3705","Duke University",60032.5829583423,12261.3095999701,72293.8925583124,"North Carolina","Virginia Foxx","Republican","NC","37",158486.019010024,32369.8573439211,190855.876353945,0.833785874421421,0.170295966666251,1.00408184108767
"3705","Appalachian State University",46718.4720125994,0,46718.4720125994,"North Carolina","Virginia Foxx","Republican","NC","37",123336.766113262,0,123336.766113262,0.648867666841658,0,0.648867666841658
"3706","North Carolina State University",36718.4464529082,166452.514179392,203170.960632301,"North Carolina","Addison P. McDowell","Republican","NC","37",96936.6986356778,439434.637433596,536371.336069274,0.509978422957059,2.31184047471378,2.82181889767084
"3706","Wake Forest University",72670.9753732813,20573.6057826872,93244.5811559685,"North Carolina","Addison P. McDowell","Republican","NC","37",191851.374985463,54314.3192662942,246165.694251757,1.00931910240668,0.285744524759544,1.29506362716623
"3706","North Carolina Agricultural & Technical State University",9999.18551771428,53268.7449235136,63267.9304412279,"North Carolina","Addison P. McDowell","Republican","NC","37",26397.8497667657,140629.486598076,167027.336364842,0.13887757663492,0.739843679493245,0.878721256128165
"3706","Duke University",47718.2069668875,9746.169169207,57464.3761360945,"North Carolina","Addison P. McDowell","Republican","NC","37",125976.066392583,25729.8866067065,151705.952999289,0.662752874540104,0.135363460683431,0.798116335223535
"3706","University of North Carolina at Charlotte",19856.8118142054,29635.6593761697,49492.4711903751,"North Carolina","Addison P. McDowell","Republican","NC","37",52421.9831895022,78238.140753088,130660.12394259,0.275789052975075,0.411606380224579,0.687395433199654
"3707","North Carolina State University",29374.7571623266,133162.011343514,162536.76850584,"North Carolina","David Rouzer","Republican","NC","37",77549.3589085422,351547.709946877,429097.068855419,0.407982738365647,1.84947237977103,2.25745511813667
"3707","University of North Carolina at Wilmington",56063.0662358584,8590.60450527452,64653.6707411329,"North Carolina","David Rouzer","Republican","NC","37",148006.494862666,22679.1958939247,170685.690756591,0.778653697720255,0.119313951462146,0.897967649182401
"3707","Duke University",29246.6429797052,5973.45852306236,35220.1015027676,"North Carolina","David Rouzer","Republican","NC","37",77211.1374664218,15769.9305008846,92981.0679673064,0.406203374718128,0.0829647017091994,0.489168076427328
"3707","University of North Carolina at Chapel Hill",8762.42355711541,2027.58445968516,10790.0080168006,"North Carolina","David Rouzer","Republican","NC","37",23132.7981907847,5352.82297356881,28485.6211643535,0.121700327182158,0.0281608952734049,0.149861222455563
"3707","East Carolina University",8811.40844043428,206.147715384238,9017.55615581852,"North Carolina","David Rouzer","Republican","NC","37",23262.1182827465,544.229968614388,23806.3482513609,0.12238067278381,0.00286316271366997,0.125243835497479
"3708","North Carolina State University",35494.4982378113,160904.097040079,196398.595277891,"North Carolina","Mark Harris","Republican","NC","37",93705.4753478218,424786.816185809,518492.291533631,0.492979142191824,2.23477912555666,2.72775826774848
"3708","University of North Carolina at Charlotte",48239.7123169961,71996.2346426721,120235.946959668,"North Carolina","Mark Harris","Republican","NC","37",127352.84051687,190070.059456654,317422.899973524,0.669996004402724,0.999947703370446,1.66994370777317
"3708","Duke University",43100.3159700919,8802.99150767084,51903.3074777628,"North Carolina","Mark Harris","Republican","NC","37",113784.834161043,23239.897580251,137024.731741294,0.59861549958461,0.122263770939873,0.720879270524483
"3708","Virginia Polytechnic Institute and State University",8937.16584717729,8558.67662632664,17495.8424735039,"North Carolina","Mark Harris","Republican","NC","37",23594.1178365481,22594.9062935023,46189.0241300504,0.124127303433018,0.118870508698981,0.242997812131999
"3708","University of North Carolina at Chapel Hill",10273.1862393767,2377.16798721708,12650.3542265938,"North Carolina","Mark Harris","Republican","NC","37",27121.2116719545,6275.72348625309,33396.9351582075,0.142683142213565,0.0330162220446817,0.175699364258247
"3709","North Carolina State University",53853.7214642654,244130.354129775,297984.075594041,"North Carolina","Richard Hudson","Republican","NC","37",142173.824665661,644504.134902607,786677.959568268,0.747968353670353,3.39069936291355,4.1386677165839
"3709","University of North Carolina at Chapel Hill",211406.058004428,48918.3882859672,260324.446290395,"North Carolina","Richard Hudson","Republican","NC","37",558111.99313169,129144.545074953,687256.538206644,2.9361952500615,0.679422059527321,3.61561730958882
"3709","North Carolina Agricultural & Technical State University",19306.7847172005,102853.196250012,122159.980967212,"North Carolina","Richard Hudson","Republican","NC","37",50969.9116534093,271532.438100031,322502.349753441,0.268149787738896,1.4285166145835,1.69666640232239
"3709","Duke University",96975.7109327068,19806.7308922594,116782.441824966,"North Carolina","Richard Hudson","Republican","NC","37",256015.876862346,52289.7695555648,308305.646417911,1.34688487406537,0.275093484614714,1.62197835868009
"3709","University of North Carolina Greensboro",23527.1653483956,6776.25865846875,30303.4240068644,"North Carolina","Richard Hudson","Republican","NC","37",62111.7165197644,17889.3228583575,80001.0393781219,0.326766185394383,0.0941147035898438,0.420880888984227
"3710","Wake Forest University",129065.48623078,36539.2430777694,165604.72930855,"North Carolina","Pat Harrigan","Republican","NC","37",340732.88364926,96463.6017253112,437196.485374571,1.79257619764973,0.507489487191241,2.30006568484097
"3710","North Carolina State University",24478.9643019388,110968.342786262,135447.3070882,"North Carolina","Pat Harrigan","Republican","NC","37",64624.4657571185,292956.424955731,357580.890712849,0.339985615304706,1.54122698314252,1.88121259844723
"3710","Duke University",46178.9099679556,9431.77661536162,55610.6865833172,"North Carolina","Pat Harrigan","Republican","NC","37",121912.322315403,24899.8902645547,146812.212579958,0.641373749554939,0.130996897435578,0.772370646990517
"3710","Winston-Salem State University",47172.8845158936,0,47172.8845158936,"North Carolina","Pat Harrigan","Republican","NC","37",124536.415121959,0,124536.415121959,0.655178951609633,0,0.655178951609633
"3710","University of North Carolina at Charlotte",12957.4110991001,19338.5234912294,32295.9345903295,"North Carolina","Pat Harrigan","Republican","NC","37",34207.5653016243,51053.7020168455,85261.2673184699,0.179964043043057,0.268590604044852,0.44855464708791
"3711","Clemson University",10137.8569015753,18423.1006777668,28560.9575793421,"North Carolina","Chuck Edwards","Republican","NC","37",26763.9422201587,48636.9857893043,75400.9280094631,0.140803568077434,0.255876398302317,0.396679966379751
"3711","Duke University",23089.4549839778,4715.88830768081,27805.3432916586,"North Carolina","Chuck Edwards","Republican","NC","37",60956.1611577014,12449.9451322773,73406.1062899788,0.32068687477747,0.065498448717789,0.386185323495259
"3711","North Carolina State University",3671.84464529082,16645.2514179392,20317.0960632301,"North Carolina","Chuck Edwards","Republican","NC","37",9693.66986356778,43943.4637433596,53637.1336069274,0.0509978422957059,0.231184047471378,0.282181889767084
"3711","University of North Carolina at Chapel Hill",7553.81341130639,1747.91763765962,9301.731048966,"North Carolina","Chuck Edwards","Republican","NC","37",19942.0674058489,4614.50256342139,24556.5699692703,0.104914075157033,0.0242766338563836,0.129190709013417
"3711","Virginia Polytechnic Institute and State University",4468.58292358865,4279.33831316332,8747.92123675197,"North Carolina","Chuck Edwards","Republican","NC","37",11797.058918274,11297.4531467512,23094.5120650252,0.062063651716509,0.0594352543494906,0.121498906066
"3712","University of North Carolina at Charlotte",94740.5512830308,141397.256176132,236137.807459162,"North Carolina","Alma S. Adams","Democrat","NC","37",250115.055387201,373288.756304988,623403.811692189,1.31584099004209,1.96385078022405,3.27969177026614
"3712","North Carolina State University",14687.3785811633,66581.005671757,81268.3842529203,"North Carolina","Alma S. Adams","Democrat","NC","37",38774.6794542711,175773.854973438,214548.534427709,0.203991369182824,0.924736189885513,1.12872755906834
"3712","Duke University",55414.6919615468,11318.1319384339,66732.8238999807,"North Carolina","Alma S. Adams","Democrat","NC","37",146294.786778483,29879.8683174656,176174.655095949,0.769648499465927,0.157196276922694,0.926844776388621
"3712","Winston-Salem State University",17861.5776322316,0,17861.5776322316,"North Carolina","Alma S. Adams","Democrat","NC","37",47154.5649490913,0,47154.5649490913,0.248077467114327,0,0.248077467114327
"3712","University of North Carolina at Chapel Hill",8560.98853281391,1980.9733226809,10541.9618554948,"North Carolina","Alma S. Adams","Democrat","NC","37",22601.0097266287,5229.76957187757,27830.7792985063,0.118902618511304,0.027513518370568,0.146416136881872
"3713","North Carolina State University",268044.65910623,1215103.35350956,1483148.01261579,"North Carolina","Brad Knott","Republican","NC","37",707637.900040448,3207872.85326525,3915510.7533057,3.72284248758653,16.8764354654106,20.5992779529971
"3713","Duke University",357116.90375219,72939.0724921298,430055.97624432,"North Carolina","Brad Knott","Republican","NC","37",942788.625905782,192559.151379223,1135347.777285,4.9599569965582,1.0130426735018,5.97299967006
"3713","University of North Carolina at Chapel Hill",84804.1452309331,19623.288678792,104427.433909725,"North Carolina","Brad Knott","Republican","NC","37",223882.943409663,51805.4821120108,275688.425521674,1.17783535042963,0.272545676094333,1.45038102652396
"3713","North Carolina Agricultural & Technical State University",2218.83943764841,11820.4419570909,14039.2813947393,"North Carolina","Brad Knott","Republican","NC","37",5857.73611539181,31205.96676672,37063.7028821118,0.0308172144117835,0.164172804959596,0.19499001937138
"3713","Campbell University",7200.88276233981,0,7200.88276233981,"North Carolina","Brad Knott","Republican","NC","37",19010.3304925771,0,19010.3304925771,0.100012260588053,0,0.100012260588053
"3714","North Carolina State University",14687.3785811633,66581.005671757,81268.3842529203,"North Carolina","Tim Moore","Republican","NC","37",38774.6794542711,175773.854973438,214548.534427709,0.203991369182824,0.924736189885513,1.12872755906834
"3714","University of North Carolina at Charlotte",30654.6543967888,45751.0956188608,76405.7500156497,"North Carolina","Tim Moore","Republican","NC","37",80928.2876075225,120782.892433793,201711.180041315,0.425759088844289,0.63543188359529,1.06119097243958
"3714","Duke University",41561.0189711601,8488.59895382545,50049.6179249855,"North Carolina","Tim Moore","Republican","NC","37",109721.090083863,22409.9012380992,132130.991321962,0.577236374599445,0.11789720769202,0.695133582291466
"3714","University of North Carolina at Chapel Hill",9769.59867862293,2260.64014470644,12030.2388233294,"North Carolina","Tim Moore","Republican","NC","37",25791.7405115645,5968.089982025,31759.8304935895,0.13568887053643,0.0313977797875894,0.167086650324019
"3714","Davidson College",11221.9849531088,0,11221.9849531088,"North Carolina","Tim Moore","Republican","NC","37",29626.0402762071,0,29626.0402762071,0.155860902126511,0,0.155860902126511
"3800","North Dakota State University Fargo",370904.763076946,261023.264851536,631928.027928483,"North Dakota","Julie Fedorchak","Republican","ND","38",979188.574523139,689101.419208055,1668289.99373119,5.15145504273537,3.625323122938,8.77677816567337
"3800","University of North Dakota Main Campus",195354.185080004,149259.461256051,344613.646336055,"North Dakota","Julie Fedorchak","Republican","ND","38",515735.048611212,394044.977715975,909780.026327186,2.71325257055562,2.07304807300071,4.78630064355633
"3800","South Dakota State University",0,973.23138636857,973.23138636857,"North Dakota","Julie Fedorchak","Republican","ND","38",0,2569.33086001303,2569.33086001303,0,0.0135171025884524,0.0135171025884524
"3800","University of Alabama Tuscaloosa",127.573270056312,456.158761290747,583.732031347059,"North Dakota","Julie Fedorchak","Republican","ND","38",336.793432948664,1204.25912980757,1541.05256275624,0.00177185097300434,0.00633553835126037,0.00810738932426471
"3800","Wayne State University",295.884362889677,161.681071861691,457.565434751368,"North Dakota","Julie Fedorchak","Republican","ND","38",781.134718028747,426.838029714863,1207.97274774361,0.0041095050401344,0.00224557044252348,0.00635507548265788
"3901","University of Cincinnati Main Campus",676222.672005513,628811.160115491,1305033.832121,"Ohio","Greg Landsman","Democrat","OH","39",1785227.85409455,1660061.4627049,3445289.31679945,9.39198155563212,8.73348833493738,18.1254698905695
"3901","OHIO STATE UNIVERSITY, THE",31595.1952631802,13473.3867229335,45068.5819861137,"Ohio","Greg Landsman","Democrat","OH","39",83411.3154947959,35569.7409485443,118981.05644334,0.438822156433059,0.187130371151854,0.625952527584913
"3901","Miami University",32077.8417918153,10365.574711469,42443.4165032843,"Ohio","Greg Landsman","Democrat","OH","39",84685.5023303924,27365.1172382782,112050.619568671,0.445525580441879,0.14396631543707,0.589491895878949
"3901","Ohio University",7474.70090954649,11447.3876012534,18922.0885107999,"Ohio","Greg Landsman","Democrat","OH","39",19733.2104012027,30221.103267309,49954.3136685117,0.103815290410368,0.158991494461853,0.262806784872221
"3901","University of Dayton",2751.57341088352,12999.9805047711,15751.5539156547,"Ohio","Greg Landsman","Democrat","OH","39",7264.1538047325,34319.9485325958,41584.1023373283,0.0382162973733823,0.180555284788488,0.21877158216187
"3902","University of Cincinnati Main Campus",102062.659301785,94906.813771403,196969.473073188,"Ohio","David J. Taylor","Republican","OH","39",269445.420556713,250553.988356504,519999.408913217,1.41753693474702,1.31815019126949,2.73568712601651
"3902","OHIO STATE UNIVERSITY, THE",70481.5894332482,30056.0165357747,100537.605969023,"Ohio","David J. Taylor","Republican","OH","39",186071.396103775,79347.8836544451,265419.27975822,0.97891096435067,0.417444674107981,1.39635563845865
"3902","Ohio University",24292.7779560261,37204.0097040736,61496.7876600997,"Ohio","David J. Taylor","Republican","OH","39",64132.9338039089,98218.5856187543,162351.519422663,0.337399693833696,0.516722357001022,0.854122050834718
"3902","Marshall University Research Corporation",0,25569.4738392559,25569.4738392559,"Ohio","David J. Taylor","Republican","OH","39",0,67503.4109356357,67503.4109356357,0,0.355131581100777,0.355131581100777
"3902","Bowling Green State University",13471.1651236891,0,13471.1651236891,"Ohio","David J. Taylor","Republican","OH","39",35563.8759265392,0,35563.8759265392,0.187099515606793,0,0.187099515606793
"3903","OHIO STATE UNIVERSITY, THE",1326188.06784169,565536.770908771,1891724.83875047,"Ohio","Joyce Beatty","Democrat","OH","39",3501136.49910207,1493017.07519916,4994153.57430123,18.4192787200235,7.85467737373293,26.2739560937565
"3903","Ohio University",11212.0513643197,17171.0814018801,28383.1327661999,"Ohio","Joyce Beatty","Democrat","OH","39",29599.8156018041,45331.6549009635,74931.4705027676,0.155722935615552,0.23848724169278,0.394210177308331
"3903","Otterbein College",19292.6715522244,0,19292.6715522244,"Ohio","Joyce Beatty","Democrat","OH","39",50932.6528978725,0,50932.6528978725,0.267953771558673,0,0.267953771558673
"3903","University of Cincinnati Main Campus",3990.41976217507,3710.64234294207,7701.06210511714,"Ohio","Joyce Beatty","Democrat","OH","39",10534.7081721422,9796.09578536708,20330.8039575093,0.0554224966968759,0.0515366992075288,0.106959195904405
"3903","Bowling Green State University",5147.51838059665,0,5147.51838059665,"Ohio","Joyce Beatty","Democrat","OH","39",13589.4485247751,0,13589.4485247751,0.0714933108416201,0,0.0714933108416201
"3904","OHIO STATE UNIVERSITY, THE",289217.556639881,123333.309233006,412550.865872887,"Ohio","Jim Jordan","Republican","OH","39",763534.349529285,325599.936375137,1089134.28590442,4.01691050888723,1.7129626282362,5.72987313712343
"3904","Bowling Green State University",9747.42842283195,0,9747.42842283195,"Ohio","Jim Jordan","Republican","OH","39",25733.2110362763,0,25733.2110362763,0.13538095031711,0,0.13538095031711
"3904","Ohio University",3737.35045477324,5723.69380062671,9461.04425539995,"Ohio","Jim Jordan","Republican","OH","39",9866.60520060137,15110.5516336545,24977.1568342559,0.051907645205184,0.0794957472309265,0.13140339243611
"3904","Kenyon College",5886.818200279,0,5886.818200279,"Ohio","Jim Jordan","Republican","OH","39",15541.2000487366,0,15541.2000487366,0.0817613638927639,0,0.0817613638927639
"3904","University of Cincinnati Main Campus",2609.12061372985,2426.18922423136,5035.30983796121,"Ohio","Jim Jordan","Republican","OH","39",6888.07842024681,6405.13955197078,13293.2179722176,0.0362377863018035,0.0336970725587688,0.0699348588605723
"3905","Bowling Green State University",236128.715501412,0,236128.715501412,"Ohio","Robert E. Latta","Republican","OH","39",623379.808923728,0,623379.808923728,3.27956549307517,0,3.27956549307517
"3905","Oberlin College",101543.912473872,0,101543.912473872,"Ohio","Robert E. Latta","Republican","OH","39",268075.928931022,0,268075.928931022,1.41033211769266,0,1.41033211769266
"3905","Case Western Reserve University",23295.2886565352,43312.6842637585,66607.9729202937,"Ohio","Robert E. Latta","Republican","OH","39",61499.5620532529,114345.486456322,175845.048509575,0.323545675785211,0.601565059218868,0.925110735004079
"3905","OHIO STATE UNIVERSITY, THE",30785.0620513038,13127.9152684993,43912.9773198031,"Ohio","Robert E. Latta","Republican","OH","39",81272.5638154421,34657.6963088381,115930.26012428,0.427570306268109,0.182332156506934,0.609902462775043
"3905","Cleveland State University",0,15274.3527833146,15274.3527833146,"Ohio","Robert E. Latta","Republican","OH","39",0,40324.2913479505,40324.2913479505,0,0.212143788657147,0.212143788657147
"3906","Youngstown State University",40890.9713158291,0,40890.9713158291,"Ohio","Michael A. Rulli","Republican","OH","39",107952.164273789,0,107952.164273789,0.567930157164293,0,0.567930157164293
"3906","Ohio University",14949.401819093,22894.7752025068,37844.1770215998,"Ohio","Michael A. Rulli","Republican","OH","39",39466.4208024055,60442.206534618,99908.6273370235,0.207630580820736,0.317982988923706,0.525613569744442
"3906","University of Akron",13765.8187757871,19791.6937469118,33557.5125226989,"Ohio","Michael A. Rulli","Republican","OH","39",36341.761568078,52250.0714918472,88591.8330599251,0.191191927441488,0.274884635373775,0.466076562815263
"3906","OHIO STATE UNIVERSITY, THE",21873.5967206632,9327.72926972317,31201.3259903864,"Ohio","Michael A. Rulli","Republican","OH","39",57746.295342551,24625.2052720692,82371.5006146201,0.303799954453656,0.129551795412822,0.433351749866478
"3906","Kent State University",10959.9761227507,590.698829431298,11550.674952182,"Ohio","Michael A. Rulli","Republican","OH","39",28934.3369640617,1559.44490969863,30493.7818737604,0.152221890593759,0.00820415040876802,0.160426041002527
"3907","Case Western Reserve University",140653.668454929,261515.880835356,402169.549290285,"Ohio","Max L. Miller","Republican","OH","39",371325.684721011,690401.925405341,1061727.61012635,1.95352317298512,3.63216501160217,5.58568818458729
"3907","University of Akron",37275.2019747384,53592.1178285395,90867.3198032779,"Ohio","Max L. Miller","Republican","OH","39",98406.5332133093,141483.191067344,239889.724280654,0.517711138538033,0.744334969840827,1.26204610837886
"3907","Cleveland State University",0,70996.5271993846,70996.5271993846,"Ohio","Max L. Miller","Republican","OH","39",0,187430.831806375,187430.831806375,0,0.98606287776923,0.98606287776923
"3907","OHIO STATE UNIVERSITY, THE",36455.9945344387,15546.2154495386,52002.2099839774,"Ohio","Max L. Miller","Republican","OH","39",96243.8255709183,41042.0087867819,137285.8343577,0.50633325742276,0.21591965902137,0.72225291644413
"3907","College of Wooster",29945.8400954677,0,29945.8400954677,"Ohio","Max L. Miller","Republican","OH","39",79057.0178520347,0,79057.0178520347,0.415914445770384,0,0.415914445770384
"3908","University of Cincinnati Main Campus",273190.276025831,254036.283478342,527226.559504173,"Ohio","Warren Davidson","Republican","OH","39",721222.328708195,670655.788382823,1391878.11709102,3.79430938924766,3.52828171497697,7.32259110422463
"3908","Miami University",206177.741194168,66623.8955245226,272801.63671869,"Ohio","Warren Davidson","Republican","OH","39",544309.236752603,175887.08418474,720196.320937343,2.86357973880789,0.925331882285036,3.78891162109292
"3908","OHIO STATE UNIVERSITY, THE",39696.5273819444,16928.1012672754,56624.6286492198,"Ohio","Warren Davidson","Republican","OH","39",104798.832288333,44690.187345607,149489.01963394,0.551340658082561,0.235112517601047,0.786453175683608
"3908","Ohio University",4671.68806846655,7154.61725078339,11826.3053192499,"Ohio","Warren Davidson","Republican","OH","39",12333.2565007517,18888.1895420681,31221.4460428198,0.0648845565064799,0.0993696840386581,0.164254240545138
"3908","University of Dayton",1723.51301560836,8142.84493155994,9866.3579471683,"Ohio","Warren Davidson","Republican","OH","39",4550.07436120607,21497.1106193182,26047.1849805243,0.0239376807723383,0.113095068493888,0.137032749266226
"3909","University of Toledo",138659.152696976,110058.485362674,248717.63805965,"Ohio","Marcy Kaptur","Democrat","OH","39",366060.163120018,290554.401357459,656614.564477477,1.92582156523578,1.52859007448158,3.45441163971736
"3909","Bowling Green State University",192101.00509716,0,192101.00509716,"Ohio","Marcy Kaptur","Democrat","OH","39",507146.653456502,0,507146.653456502,2.66806951523833,0,2.66806951523833
"3909","OHIO STATE UNIVERSITY, THE",38076.2609581916,16237.158358407,54313.4193165986,"Ohio","Marcy Kaptur","Democrat","OH","39",100521.328929626,42866.0980661945,143387.42699582,0.528836957752661,0.225516088311208,0.754353046063869
"3909","Regents of the University of Michigan - Ann Arbor",21971.9098864436,31979.1099647998,53951.0198512434,"Ohio","Marcy Kaptur","Democrat","OH","39",58005.8421002112,84424.8503070713,142430.692407283,0.305165415089495,0.444154305066663,0.749319720156158
"3909","University of Cincinnati Main Campus",5371.71891062028,4995.09546165279,10366.8143722731,"Ohio","Marcy Kaptur","Democrat","OH","39",14181.3379240375,13187.0520187634,27368.3899428009,0.0746072070919483,0.0693763258562888,0.143983532948237
"3910","University of Dayton",33583.3062456553,158666.428724899,192249.734970554,"Ohio","Michael R. Turner","Republican","OH","39",88659.92848853,418879.371833733,507539.300322263,0.466434808967435,2.20370039895693,2.67013520792436
"3910","OHIO STATE UNIVERSITY, THE",31595.1952631802,13473.3867229335,45068.5819861137,"Ohio","Michael R. Turner","Republican","OH","39",83411.3154947959,35569.7409485443,118981.05644334,0.438822156433059,0.187130371151854,0.625952527584913
"3910","University of Cincinnati Main Campus",19031.2327119118,17696.9096355699,36728.1423474817,"Ohio","Michael R. Turner","Republican","OH","39",50242.4543594473,46719.8414379045,96962.2957973518,0.264322676554331,0.245790411605137,0.510113088159469
"3910","Wright State University",0,28381.6610556797,28381.6610556797,"Ohio","Michael R. Turner","Republican","OH","39",0,74927.5851869945,74927.5851869945,0,0.394189736884441,0.394189736884441
"3910","Miami University",9700.96021929899,3134.7504167749,12835.7106360739,"Ohio","Michael R. Turner","Republican","OH","39",25610.5349789493,8275.74110028574,33886.2760792351,0.134735558601375,0.0435382002329847,0.17827375883436
"3911","Case Western Reserve University",398148.719440416,740273.710680321,1138422.43012074,"Ohio","Shontel M. Brown","Democrat","OH","39",1051112.6193227,1954322.59619605,3005435.21551875,5.52984332556134,10.2815793150045,15.8114226405658
"3911","Cleveland State University",0,139372.209167097,139372.209167097,"Ohio","Shontel M. Brown","Democrat","OH","39",0,367942.632201135,367942.632201135,0,1.93572512732079,1.93572512732079
"3911","OHIO STATE UNIVERSITY, THE",65620.7901619897,27983.1878091695,93603.9779711592,"Ohio","Shontel M. Brown","Democrat","OH","39",173238.886027653,73875.6158162075,247114.50184386,0.911399863360968,0.388655386238465,1.30005524959943
"3911","Jones, Diamond T",23551.5023047481,0,23551.5023047481,"Ohio","Shontel M. Brown","Democrat","OH","39",62175.9660845351,0,62175.9660845351,0.327104198677058,0,0.327104198677058
"3911","Ferris State University (Inc.)",5689.6527888554,11714.1057820943,17403.7585709496,"Ohio","Shontel M. Brown","Democrat","OH","39",15020.6833625782,30925.2392647288,45945.9226273071,0.0790229554007694,0.162695913640198,0.241718869040967
"3912","OHIO STATE UNIVERSITY, THE",229267.698961026,97768.4216048762,327036.120565902,"Ohio","Troy Balderson","Republican","OH","39",605266.725257108,258108.633036873,863375.358293981,3.18427359668091,1.35789474451217,4.54216834119308
"3912","Ohio University",48585.5559120522,74408.0194081472,122993.575320199,"Ohio","Troy Balderson","Republican","OH","39",128265.867607818,196437.171237509,324703.038845326,0.674799387667391,1.03344471400204,1.70824410166944
"3912","Kenyon College",44564.6733178146,0,44564.6733178146,"Ohio","Troy Balderson","Republican","OH","39",117650.737559031,0,117650.737559031,0.618953796080758,0,0.618953796080758
"3912","University of Cincinnati Main Campus",3836.94207901449,3567.92532975199,7404.86740876648,"Ohio","Troy Balderson","Republican","OH","39",10129.5270885982,9419.32287054527,19548.8499591435,0.0532908622085345,0.0495545184687777,0.102845380677312
"3912","Kent State University",6027.98686751286,324.884356187214,6352.87122370008,"Ohio","Troy Balderson","Republican","OH","39",15913.885330234,857.694700334244,16771.5800305682,0.0837220398265675,0.00451228272482241,0.0882343225513899
"3913","University of Akron",220842.568722892,317514.603209273,538357.171932165,"Ohio","Emilia Strong Sykes","Democrat","OH","39",583024.381428435,838238.55247248,1421262.93390091,3.06725789892905,4.40992504457323,7.47718294350229
"3913","Case Western Reserve University",42454.5991703957,78935.3880316016,121389.987201997,"Ohio","Emilia Strong Sykes","Democrat","OH","39",112080.141809845,208389.424403428,320469.566213273,0.589647210699941,1.09632483377225,1.68597204447219
"3913","Kent State University",35071.9235928021,1890.23625418015,36962.1598469823,"Ohio","Emilia Strong Sykes","Democrat","OH","39",92589.8782849976,4990.2237110356,97580.1019960332,0.487110049900029,0.0262532813080577,0.513363331208087
"3913","OHIO STATE UNIVERSITY, THE",23493.8631444161,10018.6721785916,33512.5353230076,"Ohio","Emilia Strong Sykes","Democrat","OH","39",62023.7987012584,26449.2945514817,88473.0932527401,0.326303654783557,0.13914822470266,0.465451879486217
"3913","Cleveland State University",0,17394.3995630752,17394.3995630752,"Ohio","Emilia Strong Sykes","Democrat","OH","39",0,45921.2148465185,45921.2148465185,0,0.241588882820489,0.241588882820489
"3914","Case Western Reserve University",86247.3089163627,160358.710929529,246606.019845892,"Ohio","David P. Joyce","Republican","OH","39",227692.895539198,423346.996853956,651039.892393154,1.19787929050504,2.22720431846568,3.42508360897072
"3914","University of Akron",25381.8119493102,36492.4932562706,61874.3052055809,"Ohio","David P. Joyce","Republican","OH","39",67007.983546179,96340.1821965545,163348.165742733,0.352525165962642,0.50684018411487,0.859365350077512
"3914","Kent State University",52607.8853892032,2835.35438127023,55443.2397704734,"Ohio","David P. Joyce","Republican","OH","39",138884.817427496,7485.3355665534,146370.15299405,0.730665074850044,0.0393799219620865,0.77004499681213
"3914","OHIO STATE UNIVERSITY, THE",23493.8631444161,10018.6721785916,33512.5353230076,"Ohio","David P. Joyce","Republican","OH","39",62023.7987012584,26449.2945514817,88473.0932527401,0.326303654783557,0.13914822470266,0.465451879486217
"3914","Cleveland State University",0,21300.6274879884,21300.6274879884,"Ohio","David P. Joyce","Republican","OH","39",0,56233.6565682894,56233.6565682894,0,0.295842048444283,0.295842048444283
"3915","OHIO STATE UNIVERSITY, THE",844968.939987103,360326.726974862,1205295.66696196,"Ohio","Mike Carey","Republican","OH","39",2230718.00156595,951262.559213635,3181980.56077959,11.7356797220431,5.00453787465086,16.740217596694
"3915","Ohio University",7474.70090954649,11447.3876012534,18922.0885107999,"Ohio","Mike Carey","Republican","OH","39",19733.2104012027,30221.103267309,49954.3136685117,0.103815290410368,0.158991494461853,0.262806784872221
"3915","University of Dayton",1794.06617998999,8476.17776501561,10270.2439450056,"Ohio","Mike Carey","Republican","OH","39",4736.33471517357,22377.1092996412,27113.4440148148,0.0249175858331943,0.117724691180772,0.142642277013967
"3915","University of Cincinnati Main Campus",5064.76354429912,4709.66143527263,9774.42497957175,"Ohio","Mike Carey","Republican","OH","39",13370.9757569497,12433.5061891197,25804.4819460694,0.0703439381152656,0.0654119643787866,0.135755902494052
"3915","Bowling Green State University",7447.4734017143,0,7447.4734017143,"Ohio","Mike Carey","Republican","OH","39",19661.3297805257,0,19661.3297805257,0.103437130579365,0,0.103437130579365
"4001","Oklahoma State University",36414.5260214558,81869.9981058381,118284.524127294,"Oklahoma","Kevin Hern","Republican","OK","40",96134.3486966432,216136.794999413,312271.143696056,0.505757305853552,1.13708330702553,1.64284061287908
"4001","University of Oklahoma Norman Campus",10673.3311994872,43788.957660845,54462.2888603322,"Oklahoma","Kevin Hern","Republican","OK","40",28177.5943666463,115602.848224631,143780.442591277,0.148240711103989,0.608179967511736,0.756420678615726
"4001","University of Tulsa",0,22372.6205988627,22372.6205988627,"Oklahoma","Kevin Hern","Republican","OK","40",0,59063.7183809974,59063.7183809974,0,0.31073084165087,0.31073084165087
"4001","University of Kansas Center for Research Inc",1218.08313455102,809.268496329582,2027.3516308806,"Oklahoma","Kevin Hern","Republican","OK","40",3215.73947521469,2136.4688303101,5352.20830552478,0.0169178213132086,0.0112398402267997,0.0281576615400083
"4001","Louisiana State University",828.398099636624,633.692918145095,1462.09101778172,"Oklahoma","Kevin Hern","Republican","OK","40",2186.97098304069,1672.94930390305,3859.92028694374,0.0115055291616198,0.00880129052979298,0.0203068196914128
"4002","Oklahoma State University",27795.703294484,62492.483761261,90288.187055745,"Oklahoma","Josh Brecheen","Republican","OK","40",73380.6566974377,164980.157129729,238360.813827167,0.386051434645611,0.867951163350848,1.25400259799646
"4002","University of Oklahoma Norman Campus",4416.55084116713,18119.5686872462,22536.1195284133,"Oklahoma","Josh Brecheen","Republican","OK","40",11659.6942206812,47835.66133433,59495.3555550112,0.061340983905099,0.251660676211753,0.313001660116852
"4002","University of Arkansas",2783.95299557887,5359.60615923463,8143.5591548135,"Oklahoma","Josh Brecheen","Republican","OK","40",7349.63590832823,14149.3602603794,21498.9961687076,0.0386660138274844,0.0744389744338143,0.113104988261299
"4002","University of Tulsa",0,2350.9335733216,2350.9335733216,"Oklahoma","Josh Brecheen","Republican","OK","40",0,6206.46463356902,6206.46463356902,0,0.0326518551850222,0.0326518551850222
"4002","Kansas State University",285.055131665569,392.904598978345,677.959730643915,"Oklahoma","Josh Brecheen","Republican","OK","40",752.545547597103,1037.26814130283,1789.81368889993,0.00395909905091068,0.00545700831914369,0.00941610737005437
"4003","Oklahoma State University",202362.775277025,454967.888882049,657330.664159074,"Oklahoma","Frank D. Lucas","Republican","OK","40",534237.726731346,1201115.22664861,1735352.95337996,2.81059410106979,6.31899845669513,9.12959255776492
"4003","University of Oklahoma Norman Campus",14511.5241924063,59535.7256866661,74047.2498790724,"Oklahoma","Frank D. Lucas","Republican","OK","40",38310.4238679526,157174.315812799,195484.739680751,0.201548947116754,0.826885078981474,1.02843402609823
"4003","University of Oklahoma Health Sciences Center",2268.03119581886,0,2268.03119581886,"Oklahoma","Frank D. Lucas","Republican","OK","40",5987.6023569618,0,5987.6023569618,0.031500433275262,0,0.031500433275262
"4003","University of Tulsa",0,1356.30783076246,1356.30783076246,"Oklahoma","Frank D. Lucas","Republican","OK","40",0,3580.65267321289,3580.65267321289,0,0.0188376087605897,0.0188376087605897
"4003","University of North Texas",520.52478647379,835.255770803458,1355.78055727725,"Oklahoma","Frank D. Lucas","Republican","OK","40",1374.18543629081,2205.07523492113,3579.26067121193,0.00722951092324709,0.0116007745944925,0.0188302855177396
"4004","University of Oklahoma Norman Campus",268200.307628495,1100332.37944813,1368532.68707662,"Oklahoma","Tom Cole","Republican","OK","40",708048.812139226,2904877.48174306,3612926.29388229,3.72500427261798,15.2823941590018,19.0073984316198
"4004","Oklahoma State University",20290.1451697461,45617.8983528585,65908.0435226046,"Oklahoma","Tom Cole","Republican","OK","40",53565.9832481296,120431.251651546,173997.234899676,0.281807571802029,0.633581921567479,0.915389493369508
"4004","University of Oklahoma Health Sciences Center",3643.75526930402,0,3643.75526930402,"Oklahoma","Tom Cole","Republican","OK","40",9619.51391096261,0,9619.51391096261,0.0506077120736669,0,0.0506077120736669
"4004","University of North Texas",520.52478647379,835.255770803458,1355.78055727725,"Oklahoma","Tom Cole","Republican","OK","40",1374.18543629081,2205.07523492113,3579.26067121193,0.00722951092324709,0.0116007745944925,0.0188302855177396
"4004","University of Tulsa",0,361.682088203323,361.682088203323,"Oklahoma","Tom Cole","Republican","OK","40",0,954.840712856772,954.840712856772,0,0.00502336233615726,0.00502336233615726
"4005","University of Oklahoma Norman Campus",30652.9659571481,125758.43505553,156411.401012678,"Oklahoma","Stephanie I. Bice","Republican","OK","40",80923.8301268709,332002.2685466,412926.098673471,0.425735638293723,1.74664493132681,2.17238056962053
"4005","Oklahoma State University",30920.0265330113,69516.8327111702,100436.859244181,"Oklahoma","Stephanie I. Bice","Republican","OK","40",81628.8700471497,183524.438357489,265153.308404639,0.42944481295849,0.96551156543292,1.39495637839141
"4005","University of Oklahoma Health Sciences Center",6417.36002653544,0,6417.36002653544,"Oklahoma","Stephanie I. Bice","Republican","OK","40",16941.8304700536,0,16941.8304700536,0.0891300003685477,0,0.0891300003685477
"4005","Washington University",338.909946023361,1744.4199048958,2083.32985091916,"Oklahoma","Stephanie I. Bice","Republican","OK","40",894.722257501672,4605.2685489249,5499.99080642657,0.00470708258365779,0.0242280542346638,0.0289351368183216
"4005","Texas A&M University",945.089429593891,86.2969674637203,1031.38639705761,"Oklahoma","Stephanie I. Bice","Republican","OK","40",2495.03609412787,227.823994104222,2722.86008823209,0.0131262420776929,0.00119856899255167,0.0143248110702446
"4101","Portland State University",38058.2088768868,167931.973448027,205990.182324914,"Oregon","Suzanne Bonamici","Democrat","OR","41",100473.671434981,443340.409902792,543814.081337773,0.528586234401205,2.33238852011149,2.8609747545127
"4101","Oregon State University",15583.4518550909,75627.7963445064,91211.2481995973,"Oregon","Suzanne Bonamici","Democrat","OR","41",41140.3128974401,199657.382349497,240797.695246937,0.216436831320708,1.05038606034037,1.26682289166107
"4101","University of Oregon Eugene",42928.4452166965,4839.27208300312,47767.7172996997,"Oregon","Suzanne Bonamici","Democrat","OR","41",113331.095372079,12775.6782991282,126106.773671207,0.596228405787452,0.0672121122639322,0.663440518051384
"4101","Reed College",35401.6367861354,0,35401.6367861354,"Oregon","Suzanne Bonamici","Democrat","OR","41",93460.3211153975,0,93460.3211153975,0.491689399807436,0,0.491689399807436
"4101","Oregon Health & Science University",0,30018.3721264212,30018.3721264212,"Oregon","Suzanne Bonamici","Democrat","OR","41",0,79248.5024137519,79248.5024137519,0,0.416921835089183,0.416921835089183
"4102","Oregon State University",10226.6402799034,49630.7413510823,59857.3816309858,"Oregon","Cliff Bentz","Republican","OR","41",26998.3303389451,131025.157166857,158023.487505802,0.142036670554214,0.689315852098366,0.83135252265258
"4102","Southern Oregon University",59816.922334122,0,59816.922334122,"Oregon","Cliff Bentz","Republican","OR","41",157916.674962082,0,157916.674962082,0.830790587973916,0,0.830790587973916
"4102","University of Oregon Eugene",37329.0827971274,4208.06268087228,41537.1454779997,"Oregon","Cliff Bentz","Republican","OR","41",98548.7785844164,11109.2854775028,109658.064061919,0.518459483293436,0.058445315012115,0.576904798305551
"4102","Portland State University",1328.91046254388,5863.82184281551,7192.73230535938,"Oregon","Cliff Bentz","Republican","OR","41",3508.32362111583,15480.4896650329,18988.8132861488,0.0184570897575538,0.0814419700391043,0.0998990597966581
"4102","Whitman College",5102.09056303519,0,5102.09056303519,"Oregon","Cliff Bentz","Republican","OR","41",13469.5190864129,0,13469.5190864129,0.0708623689310443,0,0.0708623689310443
"4103","Portland State University",38795.2516544321,171184.177159169,209979.428813601,"Oregon","Maxine Dexter","Democrat","OR","41",102419.464367701,451926.227700205,554345.692067906,0.538822939644891,2.37755801609956,2.91638095574446
"4103","Oregon State University",17531.3833369773,85081.2708875697,102612.654224547,"Oregon","Maxine Dexter","Democrat","OR","41",46282.8520096201,224614.555143184,270897.407152804,0.243491435235796,1.18168431788291,1.42517575311871
"4103","Reed College",95935.7332754051,0,95935.7332754051,"Oregon","Maxine Dexter","Democrat","OR","41",253270.33584707,0,253270.33584707,1.33244073993618,0,1.33244073993618
"4103","University of Oregon Eugene",55993.6241956911,6312.09402130842,62305.7182169995,"Oregon","Maxine Dexter","Democrat","OR","41",147823.167876625,16663.9282162542,164487.096092879,0.777689224940154,0.0876679725181725,0.865357197458327
"4103","Oregon Health & Science University",0,25459.1093150591,25459.1093150591,"Oregon","Maxine Dexter","Democrat","OR","41",0,67212.0485917561,67212.0485917561,0,0.353598740486932,0.353598740486932
"4104","University of Oregon Eugene",1729269.76057693,194938.503691408,1924208.26426834,"Oregon","Val T. Hoyle","Democrat","OR","41",4565272.16792309,514637.649745318,5079909.81766841,24.0176355635684,2.70747921793623,26.7251147815047
"4104","Oregon State University",237160.657919665,1150960.52561796,1388121.18353762,"Oregon","Val T. Hoyle","Democrat","OR","41",626104.136907917,3038535.78763141,3664639.92453932,3.29389802666202,15.985562855805,19.279460882467
"4104","Carpenter, Andrew P",29948.0241496653,0,29948.0241496653,"Oregon","Val T. Hoyle","Democrat","OR","41",79062.7837551164,0,79062.7837551164,0.415944779856463,0,0.415944779856463
"4104","Portland State University",3439.53296187827,15176.9506519931,18616.4836138713,"Oregon","Val T. Hoyle","Democrat","OR","41",9080.36701935862,40067.1497212617,49147.5167406203,0.0477712911371981,0.210790981277682,0.25856227241488
"4104","Reed College",4323.86403494784,0,4323.86403494784,"Oregon","Val T. Hoyle","Democrat","OR","41",11415.0010522623,0,11415.0010522623,0.0600536671520533,0,0.0600536671520533
"4105","Oregon State University",55516.0472337615,269424.024477304,324940.071711066,"Oregon","Janelle S. Bynum","Democrat","OR","41",146562.36469713,711279.424620083,857841.789317213,0.771056211580021,3.74200033996256,4.51305655154258
"4105","Portland State University",22714.3183261701,100227.005279721,122941.323605891,"Oregon","Janelle S. Bynum","Democrat","OR","41",59965.8003810891,264599.293938462,324565.094319551,0.315476643419029,1.39204173999612,1.70751838341515
"4105","University of Oregon Eugene",77457.8468040394,8731.73006280998,86189.5768668494,"Oregon","Janelle S. Bynum","Democrat","OR","41",204488.715562664,23051.7673658183,227540.482928482,1.07580342783388,0.121274028650139,1.19707745648402
"4105","Reed College",40130.8630743596,0,40130.8630743596,"Oregon","Janelle S. Bynum","Democrat","OR","41",105945.478516309,0,105945.478516309,0.557373098254995,0,0.557373098254995
"4105","Lewis and Clark College",15569.3498805121,0,15569.3498805121,"Oregon","Janelle S. Bynum","Democrat","OR","41",41103.0836845521,0,41103.0836845521,0.216240970562669,0,0.216240970562669
"4106","Oregon State University",37497.6810263126,181979.384953969,219477.065980281,"Oregon","Andrea Salinas","Democrat","OR","41",98993.8779094653,480425.576278477,579419.454187942,0.520801125365453,2.52749145769401,3.04829258305946
"4106","Portland State University",16851.4780502412,74357.203032005,91208.6810822463,"Oregon","Andrea Salinas","Democrat","OR","41",44487.9020526369,196303.016004493,240790.91805713,0.234048306253351,1.03273893100007,1.26678723725342
"4106","University of Oregon Eugene",24263.9038181328,2735.24074256698,26999.1445606998,"Oregon","Andrea Salinas","Democrat","OR","41",64056.7060798707,7221.03556037683,71277.7416402475,0.336998664140734,0.0379894547578747,0.374988118898608
"4106","Reed College",13647.1958603041,0,13647.1958603041,"Oregon","Andrea Salinas","Democrat","OR","41",36028.5970712029,0,36028.5970712029,0.189544386948668,0,0.189544386948668
"4106","Oregon Health & Science University",0,9443.63434611497,9443.63434611497,"Oregon","Andrea Salinas","Democrat","OR","41",0,24931.1946737435,24931.1946737435,0,0.131161588140486,0.131161588140486
"4201","Princeton University",52208.3987857794,113783.401745986,165991.800531766,"Pennsylvania","Brian K. Fitzpatrick","Republican","PA","42",137830.172794457,300388.180609404,438218.353403861,0.725116649802491,1.58032502424981,2.3054416740523
"4201","University of Pennsylvania",66821.7196115276,59092.4765793653,125914.196190893,"Pennsylvania","Brian K. Fitzpatrick","Republican","PA","42",176409.339774433,156004.138169524,332413.477943957,0.928079439048995,0.820728841380073,1.74880828042907
"4201","Temple University",41863.8886164905,46787.1932454182,88651.0818619088,"Pennsylvania","Brian K. Fitzpatrick","Republican","PA","42",110520.665947535,123518.190167904,234038.856115439,0.581442897451257,0.649822128408586,1.23126502585984
"4201","Lehigh University",24911.0194527249,52425.289603801,77336.3090565259,"Pennsylvania","Brian K. Fitzpatrick","Republican","PA","42",65765.0913551937,138402.764554035,204167.855909228,0.345986381287846,0.728129022275014,1.07411540356286
"4201","Drexel University",3698.69249590614,53843.1977363513,57541.8902322574,"Pennsylvania","Brian K. Fitzpatrick","Republican","PA","42",9764.5481891922,142146.042023967,151910.59021316,0.0513707291098074,0.747822190782657,0.799192919892464
"4202","Temple University",200899.890064611,224526.251384437,425426.141449048,"Pennsylvania","Brendan F. Boyle","Democrat","PA","42",530375.709770573,592749.303654914,1123125.01342549,2.79027625089737,3.11842015811718,5.90869640901456
"4202","University of Pennsylvania",174741.533340048,154529.246274558,329270.779614606,"Pennsylvania","Brendan F. Boyle","Democrat","PA","42",461317.648017728,407957.210164832,869274.85818256,2.42696574083401,2.14623953159108,4.57320527242508
"4202","Drexel University",9672.23234968157,140802.167125887,150474.399475568,"Pennsylvania","Brendan F. Boyle","Democrat","PA","42",25534.6934031593,371717.721212341,397252.4146155,0.134336560412244,1.9555856545262,2.08992221493845
"4202","Lehigh University",9964.40778108995,20970.1158415204,30934.5236226104,"Pennsylvania","Brendan F. Boyle","Democrat","PA","42",26306.0365420775,55361.1058216139,81667.1423636914,0.138394552515138,0.291251608910006,0.429646161425144
"4202","Villanova University",4001.53380197664,23170.3594805873,27171.8932825639,"Pennsylvania","Brendan F. Boyle","Democrat","PA","42",10564.0492372183,61169.7490287505,71733.7982659688,0.0555768583607867,0.32181054834149,0.377387406702277
"4203","University of Pennsylvania",494520.529574813,437319.526971192,931840.056546005,"Pennsylvania","Dwight Evans","Democrat","PA","42",1305534.1980775,1154523.55120395,2460057.74928145,6.86834068853906,6.07388231904434,12.9422230075834
"4203","Temple University",248376.814026329,277586.587858291,525963.401884621,"Pennsylvania","Dwight Evans","Democrat","PA","42",655714.789029509,732828.591945889,1388543.3809754,3.44967797258791,3.8553692758096,7.30504724839751
"4203","Drexel University",27372.5277116985,398471.736635588,425844.264347287,"Pennsylvania","Dwight Evans","Democrat","PA","42",72263.473158884,1051965.38471795,1124228.85787684,0.380173995995812,5.53432967549428,5.9145036714901
"4203","Villanova University",8892.29733772586,51489.6877346384,60381.9850723643,"Pennsylvania","Dwight Evans","Democrat","PA","42",23475.6649715963,135932.775619445,159408.440591042,0.123504129690637,0.715134551869978,0.838638681560615
"4203","Lehigh University",16607.3463018166,34950.1930692007,51557.5393710173,"Pennsylvania","Dwight Evans","Democrat","PA","42",43843.3942367958,92268.5097026898,136111.903939486,0.23065758752523,0.485419348183343,0.716076935708573
"4204","University of Pennsylvania",131155.661128806,115984.935415642,247140.596544448,"Pennsylvania","Madeleine Dean","Democrat","PA","42",346250.945380049,306200.229497294,652451.174877343,1.82160640456675,1.6109018807728,3.43250828533956
"4204","Temple University",95070.7861597955,106251.363431634,201322.14959143,"Pennsylvania","Madeleine Dean","Democrat","PA","42",250986.87546186,280503.599459514,531490.474921374,1.32042758555272,1.47571338099492,2.79614096654763
"4204","Villanova University",20007.6690098832,115851.797402936,135859.46641282,"Pennsylvania","Madeleine Dean","Democrat","PA","42",52820.2461860916,305848.745143752,358668.991329844,0.277884291803933,1.60905274170745,1.88693703351138
"4204","Drexel University",7259.68236724391,105681.808810888,112941.491178131,"Pennsylvania","Madeleine Dean","Democrat","PA","42",19165.5614495239,278999.975260743,298165.536710267,0.100828921767277,1.46780290015122,1.56863182191849
"4204","Pennsylvania State Univ University Park",26921.5171587815,55862.1913201219,82783.7084789034,"Pennsylvania","Madeleine Dean","Democrat","PA","42",71072.8052991832,147476.185085122,218548.990384305,0.373909960538632,0.775863768335027,1.14977372887366
"4205","University of Pennsylvania",315699.040160196,279182.251597969,594881.291758165,"Pennsylvania","Mary Gay Scanlon","Democrat","PA","42",833445.466022917,737041.144218639,1570486.61024156,4.38470889111383,3.87753127219402,8.26224016330784
"4205","Villanova University",49796.8650912648,288342.251313975,338139.11640524,"Pennsylvania","Mary Gay Scanlon","Democrat","PA","42",131463.723840939,761223.543468895,892687.267309834,0.691623126267567,4.00475349047188,4.69637661673945
"4205","Drexel University",17474.4630577248,254382.047384325,271856.51044205,"Pennsylvania","Mary Gay Scanlon","Democrat","PA","42",46132.5824723935,671568.605094619,717701.187567012,0.242700875801734,3.53308399144896,3.7757848672507
"4205","Temple University",97526.4891233327,108995.863594075,206522.352717408,"Pennsylvania","Mary Gay Scanlon","Democrat","PA","42",257469.931285598,287749.079888358,545219.011173956,1.3545345711574,1.5138314388066,2.86836600996399
"4205","University of Delaware",30178.8533966775,66393.6485218896,96572.5019185672,"Pennsylvania","Mary Gay Scanlon","Democrat","PA","42",79672.1729672287,175279.232097789,254951.405065017,0.419150741620521,0.922134007248467,1.34128474886899
"4206","University of Delaware",47423.9124804933,104332.876248684,151756.788729177,"Pennsylvania","Chrissy Houlahan","Democrat","PA","42",125199.128948502,275438.793296525,400637.922245027,0.658665451117962,1.44906772567616,2.10773317679412
"4206","Villanova University",22230.7433443147,128724.219336596,150954.962680911,"Pennsylvania","Chrissy Houlahan","Democrat","PA","42",58689.1624289907,339831.939048614,398521.101477604,0.308760324226593,1.78783637967495,2.09659670390154
"4206","University of Pennsylvania",66970.9862971826,59224.4776439506,126195.463941133,"Pennsylvania","Chrissy Houlahan","Democrat","PA","42",176803.403824562,156352.62098003,333156.024804591,0.930152587460869,0.822562189499314,1.75271477696018
"4206","Drexel University",3706.95465338024,53963.4729360602,57670.4275894404,"Pennsylvania","Chrissy Houlahan","Democrat","PA","42",9786.36028492383,142463.568551199,152249.928836123,0.0514854812969477,0.749492679667502,0.80097816096445
"4206","Pennsylvania State Univ University Park",16152.9102952689,33517.3147920732,49670.2250873421,"Pennsylvania","Chrissy Houlahan","Democrat","PA","42",42643.6831795099,88485.7110510731,131129.394230583,0.224345976323179,0.465518261001016,0.689864237324195
"4207","Lehigh University",342111.333817422,719973.977225534,1062085.31104296,"Pennsylvania","Ryan Mackenzie","Republican","PA","42",903173.921277993,1900731.29987541,2803905.2211534,4.75154630301975,9.99963857257686,14.7511848755966
"4207","Lafayette College",57224.4773154674,83582.5847573089,140807.062072776,"Pennsylvania","Ryan Mackenzie","Republican","PA","42",151072.620112834,220658.023759295,371730.643872129,0.79478440715927,1.1608692327404,1.95565363989967
"4207","Pennsylvania State Univ University Park",18686.7001455072,38774.9327986729,57461.63294418,"Pennsylvania","Ryan Mackenzie","Republican","PA","42",49332.8883841389,102365.822588496,151698.710972635,0.259537502020933,0.538540733314901,0.798078235335834
"4207","Muhlenberg College",20777.4645457202,0,20777.4645457202,"Pennsylvania","Ryan Mackenzie","Republican","PA","42",54852.5064007013,0,54852.5064007013,0.288575896468336,0,0.288575896468336
"4207","University of Pennsylvania",9702.33456757103,8580.06919804633,18282.4037656174,"Pennsylvania","Ryan Mackenzie","Republican","PA","42",25614.1632583875,22651.3826828423,48265.5459412298,0.13475464677182,0.119167627750644,0.253922274522463
"4208","Pennsylvania State Univ University Park",42282.618125851,87736.5004851327,130019.118610984,"Pennsylvania","Robert P. Bresnahan, Jr.","Republican","PA","42",111626.111852247,231624.36128075,343250.473132997,0.587258585081263,1.21856250673795,1.80582109181922
"4208","Lehigh University",26571.7540829065,55920.3089107211,82492.0629936276,"Pennsylvania","Robert P. Bresnahan, Jr.","Republican","PA","42",70149.4307788733,147629.615524304,217779.046303177,0.369052140040369,0.776670957093348,1.14572309713372
"4208","University of Scranton",47209.8801347004,0,47209.8801347004,"Pennsylvania","Robert P. Bresnahan, Jr.","Republican","PA","42",124634.083555609,0,124634.083555609,0.655692779648617,0,0.655692779648617
"4208","SUNY at Binghamton",5422.33337805569,9786.08941254914,15208.4227906048,"Pennsylvania","Robert P. Bresnahan, Jr.","Republican","PA","42",14314.960118067,25835.2760491297,40150.2361671968,0.075310185806329,0.135917908507627,0.211228094313956
"4208","University of Rochester",11798.1769744504,3315.77640481082,15113.9533792612,"Pennsylvania","Robert P. Bresnahan, Jr.","Republican","PA","42",31147.1872125491,8753.64970870056,39900.8369212497,0.163863569089589,0.0460524500668169,0.209916019156406
"4209","Pennsylvania State Univ University Park",65245.0886436352,135383.663669943,200628.752313578,"Pennsylvania","Daniel Meuser","Republican","PA","42",172247.034019197,357412.872088648,529659.906107845,0.906181786717156,1.88032866208254,2.78651044879969
"4209","Lehigh University",29893.2233432699,62910.3475245612,92803.5708678311,"Pennsylvania","Daniel Meuser","Republican","PA","42",78918.1096262324,166083.317464842,245001.427091074,0.415183657545415,0.873754826730017,1.28893848427543
"4209","Bucknell University",36514.9612104534,0,36514.9612104534,"Pennsylvania","Daniel Meuser","Republican","PA","42",96399.4975955969,0,96399.4975955969,0.507152239034075,0,0.507152239034075
"4209","SUNY at Binghamton",12652.1112154633,22834.2086292813,35486.3198447446,"Pennsylvania","Daniel Meuser","Republican","PA","42",33401.5736088231,60282.3107813027,93683.8843901258,0.175723766881434,0.317141786517796,0.492865553399231
"4209","University of Delaware",4311.26477095393,9484.80693169852,13796.0717026525,"Pennsylvania","Daniel Meuser","Republican","PA","42",11381.7389953184,25039.8902996841,36421.6292950025,0.0598786773743602,0.131733429606924,0.191612106981284
"4210","Pennsylvania State Univ University Park",119563.208558118,248093.849686424,367657.058244542,"Pennsylvania","Scott Perry","Republican","PA","42",315646.870593431,654967.763172159,970614.63376559,1.66060011886275,3.44574791231144,5.10634803117419
"4210","Lehigh University",18268.0809319983,38445.2123761207,56713.293308119,"Pennsylvania","Scott Perry","Republican","PA","42",48227.7336604754,101495.360672959,149723.094333434,0.253723346277754,0.533961283001677,0.78768462927943
"4210","Johns Hopkins University",6343.06752216179,8436.72503201984,14779.7925541816,"Pennsylvania","Scott Perry","Republican","PA","42",16745.6982585071,22272.9540845324,39018.6523430395,0.0880981600300249,0.117176736555831,0.205274896585856
"4210","University of Pittsburgh",5411.80058990412,7879.86676024691,13291.667350151,"Pennsylvania","Scott Perry","Republican","PA","42",14287.1535573469,20802.8482470518,35090.0018043987,0.0751638970820017,0.109442593892318,0.18460649097432
"4210","Elizabethtown College",12421.4303750683,0,12421.4303750683,"Pennsylvania","Scott Perry","Republican","PA","42",32792.5761901804,0,32792.5761901804,0.172519866320393,0,0.172519866320393
"4211","Pennsylvania State Univ University Park",39590.4664099728,82150.2813531205,121740.747763093,"Pennsylvania","Lloyd Smucker","Republican","PA","42",104518.831322328,216876.742772238,321395.574094566,0.5498675890274,1.14097612990445,1.69084371893185
"4211","Franklin and Marshall College",79031.3831539554,0,79031.3831539554,"Pennsylvania","Lloyd Smucker","Republican","PA","42",208642.851526442,0,208642.851526442,1.09765809936049,0,1.09765809936049
"4211","Elizabethtown College",68187.9357828019,0,68187.9357828019,"Pennsylvania","Lloyd Smucker","Republican","PA","42",180016.150466597,0,180016.150466597,0.947054663650026,0,0.947054663650026
"4211","Johns Hopkins University",18619.9724037653,24765.870255284,43385.8426590493,"Pennsylvania","Lloyd Smucker","Republican","PA","42",49156.7271459403,65381.8974739499,114538.62461989,0.258610727830073,0.343970420212278,0.602581148042351
"4211","Lehigh University",13285.8770414533,27960.1544553605,41246.0314968138,"Pennsylvania","Lloyd Smucker","Republican","PA","42",35074.7153894366,73814.8077621518,108889.523151588,0.184526070020184,0.388335478546674,0.572861548566858
"4212","University of Pittsburgh",895143.190327185,1303375.64253186,2198518.83285904,"Pennsylvania","Summer L. Lee","Democrat","PA","42",2363178.02246377,3440911.6962841,5804089.71874787,12.4325443100998,18.1024394796091,30.5349837897089
"4212","Carnegie Mellon University",697886.15898811,1106956.57710704,1804842.73609515,"Pennsylvania","Summer L. Lee","Democrat","PA","42",1842419.45972861,2922365.36356259,4764784.8232912,9.69286331927931,15.3743969042645,25.0672602235438
"4212","Duquesne University",105684.68773356,16182.7077597583,121867.395493319,"Pennsylvania","Summer L. Lee","Democrat","PA","42",279007.5756166,42722.3484857618,321729.924102361,1.46784288518834,0.224759829996642,1.69260271518498
"4212","Pennsylvania State Univ University Park",29772.0307402996,61777.0115775466,91549.0423178461,"Pennsylvania","Summer L. Lee","Democrat","PA","42",78598.1611543908,163091.310564723,241689.471719114,0.413500426948605,0.858014049688147,1.27151447663675
"4212","West Virginia University Research Corporation",3275.05131457735,4064.11665061544,7339.16796519279,"Pennsylvania","Summer L. Lee","Democrat","PA","42",8646.13547048421,10729.2679576248,19375.403428109,0.0454868238135743,0.0564460645918811,0.101932888405455
"4213","Pennsylvania State Univ University Park",312764.684638785,648987.222689652,961751.907328437,"Pennsylvania","John Joyce","Republican","PA","42",825698.767446393,1713326.26790068,2539025.03534707,4.34395395331646,9.01371142624516,13.3576653795616
"4213","University of Pittsburgh",33568.850035927,48878.0141070388,82446.8641429658,"Pennsylvania","John Joyce","Republican","PA","42",88621.7640948473,129037.957242582,217659.72133743,0.466234028276764,0.678861307042206,1.14509533531897
"4213","Gettysburg College",16726.6340592732,0,16726.6340592732,"Pennsylvania","John Joyce","Republican","PA","42",44158.3139164812,0,44158.3139164812,0.232314361934349,0,0.232314361934349
"4213","University of Maryland, College Park",4947.84370972171,7662.59220445376,12610.4359141755,"Pennsylvania","John Joyce","Republican","PA","42",13062.3073936653,20229.2434197579,33291.5508134232,0.0687200515239126,0.106424891728524,0.175144943252437
"4213","Lehigh University",3321.46926036332,6990.03861384013,10311.5078742035,"Pennsylvania","John Joyce","Republican","PA","42",8768.67884735916,18453.701940538,27222.3807878971,0.0461315175050461,0.0970838696366685,0.143215387141715
"4214","University of Pittsburgh",107843.852335046,157026.330367239,264870.182702285,"Pennsylvania","Guy Reschenthaler","Republican","PA","42",284707.770164521,414549.512169511,699257.282334033,1.49783128243119,2.18092125510054,3.67875253753174
"4214","West Virginia University Research Corporation",76308.6956296523,94693.9179593397,171002.613588992,"Pennsylvania","Guy Reschenthaler","Republican","PA","42",201454.956462282,249991.943412657,451446.899874939,1.05984299485628,1.31519330499083,2.37503629984711
"4214","Carnegie Mellon University",50117.1015787096,79493.5599504265,129610.661529136,"Pennsylvania","Guy Reschenthaler","Republican","PA","42",132309.148167793,209862.998269126,342172.146436919,0.696070855259855,1.1040772215337,1.80014807679356
"4214","Pennsylvania State Univ University Park",37690.1240222941,78207.0678481707,115897.191870465,"Pennsylvania","Guy Reschenthaler","Republican","PA","42",99501.9274188565,206466.659119171,305968.586538027,0.523473944754085,1.08620927566904,1.60968322042312
"4214","The Waynesburg University",30001.308074724,0,30001.308074724,"Pennsylvania","Guy Reschenthaler","Republican","PA","42",79203.4533172713,0,79203.4533172713,0.416684834371166,0,0.416684834371166
"4215","Pennsylvania State Univ University Park",1844282.28724217,3826888.70655376,5671170.99379594,"Pennsylvania","Glenn Thompson","Republican","PA","42",4868905.23831934,10102986.1853019,14971891.4236213,25.6150317672524,53.1512320354689,78.7662638027214
"4215","Bucknell University",97070.8285594661,0,97070.8285594661,"Pennsylvania","Glenn Thompson","Republican","PA","42",256266.987396991,0,256266.987396991,1.34820595221481,0,1.34820595221481
"4215","University of Pittsburgh",25804.0926678037,37572.1183205976,63376.2109884013,"Pennsylvania","Glenn Thompson","Republican","PA","42",68122.8046430018,99190.3923663776,167313.197009379,0.358390175941718,0.521834976674966,0.880225152616685
"4215","Lehigh University",6642.93852072664,13980.0772276803,20623.0157484069,"Pennsylvania","Glenn Thompson","Republican","PA","42",17537.3576947183,36907.4038810759,54444.7615757942,0.0922630350100922,0.194167739273337,0.286430774283429
"4215","Patterson, Dayna C",18435.9568768785,0,18435.9568768785,"Pennsylvania","Glenn Thompson","Republican","PA","42",48670.9261549591,0,48670.9261549591,0.256054956623312,0,0.256054956623312
"4216","University of Pittsburgh",53647.4145433974,78113.4617972303,131760.876340628,"Pennsylvania","Mike Kelly","Republican","PA","42",141629.174394569,206219.539144688,347848.713539257,0.745102979769408,1.0849091916282,1.83001217139761
"4216","Carnegie Mellon University",31792.3463759215,50427.6327438829,82219.9791198044,"Pennsylvania","Mike Kelly","Republican","PA","42",83931.7944324328,133128.950443851,217060.744876284,0.441560366332243,0.700383788109485,1.14194415444173
"4216","Pennsylvania State Univ University Park",21220.4899957454,44032.5508052726,65253.040801018,"Pennsylvania","Mike Kelly","Republican","PA","42",56022.0935887679,116245.93412592,172268.027714688,0.294729027718687,0.611563205628786,0.906292233347472
"4216","Duquesne University",8812.49712416965,1349.39193796625,10161.8890621359,"Pennsylvania","Mike Kelly","Republican","PA","42",23264.9924078079,3562.39471623091,26827.3871240388,0.122395793391245,0.0187415546939757,0.141137348085221
"4216","Youngstown State University",4095.2356003629,0,4095.2356003629,"Pennsylvania","Mike Kelly","Republican","PA","42",10811.421984958,0,10811.421984958,0.0568782722272625,0,0.0568782722272625
"4217","University of Pittsburgh",585180.350743111,852053.418814525,1437233.76955764,"Pennsylvania","Christopher R. Deluzio","Democrat","PA","42",1544876.12596181,2249421.02567035,3794297.15163216,8.1275048714321,11.8340752613128,19.9615801327449
"4217","Carnegie Mellon University",408222.558674159,647504.812107219,1055727.37078138,"Pennsylvania","Christopher R. Deluzio","Democrat","PA","42",1077707.55489978,1709412.70396306,2787120.25886284,5.66975775936332,8.99312239037804,14.6628801497414
"4217","Duquesne University",77909.0023533073,11929.6242812054,89838.6266345126,"Pennsylvania","Christopher R. Deluzio","Democrat","PA","42",205679.766212731,31494.2081023821,237173.974315113,1.08206947712927,0.165689226127852,1.24775870325712
"4217","Pennsylvania State Univ University Park",11402.0543260722,23659.2810296987,35061.3353557709,"Pennsylvania","Christopher R. Deluzio","Democrat","PA","42",30101.4234208305,62460.5019184046,92561.9253392351,0.158361865639891,0.328601125412482,0.486962991052373
"4217","West Virginia University Research Corporation",1855.86241159383,2302.99943534875,4158.86184694258,"Pennsylvania","Christopher R. Deluzio","Democrat","PA","42",4899.47676660772,6079.9185093207,10979.3952759284,0.0257758668276921,0.0319861032687326,0.0577619700964247
"4401","Brown University",594437.433238201,472675.416109161,1067112.84934736,"Rhode Island","Gabe Amo","Democrat","RI","44",1569314.82374885,1247863.09852819,2817177.92227704,8.25607546164168,6.56493633484946,14.8210117964911
"4401","University of Rhode Island",44520.6533265665,172206.380753828,216727.034080395,"Rhode Island","Gabe Amo","Democrat","RI","44",117534.524782136,454624.845190106,572159.369972242,0.618342407313424,2.39175528824761,3.01009769556104
"4401","Bryant University",36688.399040266,0,36688.399040266,"Rhode Island","Gabe Amo","Democrat","RI","44",96857.3734663021,0,96857.3734663021,0.509561097781472,0,0.509561097781472
"4401","Providence College",16194.371808892,14851.1256865209,31045.4974954129,"Rhode Island","Gabe Amo","Democrat","RI","44",42753.1415754748,39206.9718124153,81960.11338789,0.224921830679055,0.206265634535013,0.431187465214068
"4401","Worcester Polytechnic Institute",3361.00016765085,15328.2158320182,18689.2159996691,"Rhode Island","Gabe Amo","Democrat","RI","44",8873.04044259825,40466.4897965281,49339.5302391263,0.0466805578840396,0.212891886555808,0.259572444439848
"4402","University of Rhode Island",147945.555669821,572255.049889644,720200.605559465,"Rhode Island","Seth Magaziner","Democrat","RI","44",390576.266968328,1510753.33170866,1901329.59867699,2.05479938430307,7.94798680402283,10.0027861883259
"4402","Brown University",325732.92758143,259011.190204286,584744.117785716,"Rhode Island","Seth Magaziner","Democrat","RI","44",859934.928814974,683789.542139316,1543724.47095429,4.52406843863097,3.5973776417262,8.12144608035717
"4402","Gordon Research Conferences",0,103278.657852256,103278.657852256,"Rhode Island","Seth Magaziner","Democrat","RI","44",0,272655.656729955,272655.656729955,0,1.43442580350355,1.43442580350355
"4402","Providence College",18586.0116609774,17044.3903873295,35630.4020483069,"Rhode Island","Seth Magaziner","Democrat","RI","44",49067.0707849802,44997.1906225499,94064.2614075302,0.258139050846908,0.236727644268466,0.494866695115373
"4402","Bryant University",35024.9451794982,0,35024.9451794982,"Rhode Island","Seth Magaziner","Democrat","RI","44",92465.8552738753,0,92465.8552738753,0.486457571937475,0,0.486457571937475
"4501","University of South Carolina at Columbia",59466.7021191082,47996.1855492196,107462.887668328,"South Carolina","Nancy Mace","Republican","SC","45",156992.093594446,126709.92984994,283702.023444386,0.825926418320947,0.666613688183606,1.49254010650455
"4501","College of Charleston",34808.4815182516,0,34808.4815182516,"South Carolina","Nancy Mace","Republican","SC","45",91894.3912081841,0,91894.3912081841,0.483451132197938,0,0.483451132197938
"4501","Clemson University",5632.14272309738,10235.0559320927,15867.19865519,"South Carolina","Nancy Mace","Republican","SC","45",14868.8567889771,27020.5476607246,41889.4044497017,0.0782242044874636,0.142153554612398,0.220377759099862
"4501","Furman University",1908.57152505877,0,1908.57152505877,"South Carolina","Nancy Mace","Republican","SC","45",5038.62882615515,0,5038.62882615515,0.0265079378480384,0,0.0265079378480384
"4501","Duke University",1539.29699893185,314.392553845387,1853.68955277724,"South Carolina","Nancy Mace","Republican","SC","45",4063.7440771801,829.996342151822,4893.74041933192,0.0213791249851646,0.0043665632478526,0.0257456882330172
"4502","University of South Carolina at Columbia",725240.225650287,585348.828800851,1310589.05445114,"South Carolina","Joe Wilson","Republican","SC","45",1914634.19571676,1545320.90803425,3459955.103751,10.0727809118095,8.12984484445626,18.2026257562658
"4502","Clemson University",19149.2852585311,34799.1901691151,53948.4754276461,"South Carolina","Joe Wilson","Republican","SC","45",50554.1130825221,91869.8620464638,142423.975128986,0.265962295257376,0.483322085682154,0.74928438093953
"4502","University of Georgia Research Foundation Inc",8952.32359174414,10541.8291792231,19494.1527709673,"South Carolina","Joe Wilson","Republican","SC","45",23634.1342822045,27830.429033149,51464.5633153536,0.124337827663113,0.146414294155877,0.27075212181899
"4502","University Industry Demonstration Partnership",15077.000083838,0,15077.000083838,"South Carolina","Joe Wilson","Republican","SC","45",39803.2802213322,0,39803.2802213322,0.209402778942194,0,0.209402778942194
"4502","Emory University",2803.3306364503,387.523458230496,3190.85409468079,"South Carolina","Joe Wilson","Republican","SC","45",7400.79288022879,1023.06192972851,8423.8548099573,0.0389351477284764,0.00538227025320133,0.0443174179816777
"4503","Clemson University",468594.274561702,851556.65355011,1320150.92811181,"South Carolina","Sheri Biggs","Republican","SC","45",1237088.88484289,2248109.56537229,3485198.45021518,6.50825381335697,11.8271757437515,18.3354295571085
"4503","University of South Carolina at Columbia",65075.3187272412,52522.9575713036,117598.276298545,"South Carolina","Sheri Biggs","Republican","SC","45",171798.841439917,138660.607988242,310459.449428158,0.903823871211683,0.729485521823662,1.63330939303534
"4503","Furman University",56196.8282378415,0,56196.8282378415,"South Carolina","Sheri Biggs","Republican","SC","45",148359.626547902,0,148359.626547902,0.780511503303354,0,0.780511503303354
"4503","North Carolina State University",3671.84464529082,16645.2514179392,20317.0960632301,"South Carolina","Sheri Biggs","Republican","SC","45",9693.66986356778,43943.4637433596,53637.1336069274,0.0509978422957059,0.231184047471378,0.282181889767084
"4503","Winston-Salem State University",2747.93502034332,0,2747.93502034332,"South Carolina","Sheri Biggs","Republican","SC","45",7254.54845370636,0,7254.54845370636,0.038165764171435,0,0.038165764171435
"4504","Furman University",265079.378480384,0,265079.378480384,"South Carolina","William R. Timmons IV","Republican","SC","45",699809.559188215,0,699809.559188215,3.68165803444978,0,3.68165803444978
"4504","Clemson University",54068.5701417348,98256.5369480896,152325.107089824,"South Carolina","William R. Timmons IV","Republican","SC","45",142741.02517418,259397.257542957,402138.282717136,0.75095236307965,1.36467412427902,2.11562648735867
"4504","University of South Carolina at Columbia",44369.5354958462,35811.1074349798,80180.642930826,"South Carolina","William R. Timmons IV","Republican","SC","45",117135.573709034,94541.3236283466,211676.897337381,0.61624354855342,0.497376492152497,1.11362004070592
"4504","North Carolina State University",6119.74107548471,27742.0856965654,33861.8267720501,"South Carolina","William R. Timmons IV","Republican","SC","45",16156.1164392796,73239.1062389326,89395.2226782123,0.0849964038261765,0.38530674578563,0.470303149611807
"4504","Winston-Salem State University",2976.92960537193,0,2976.92960537193,"South Carolina","William R. Timmons IV","Republican","SC","45",7859.09415818189,0,7859.09415818189,0.0413462445190545,0,0.0413462445190545
"4505","University of South Carolina at Columbia",136297.06661408,110006.761194206,246303.827808286,"South Carolina","Ralph Norman","Republican","SC","45",359824.255861171,290417.849552704,650242.105413876,1.89301481408445,1.52787168325286,3.42088649733731
"4505","North Carolina State University",12239.4821509694,55484.1713931308,67723.6535441002,"South Carolina","Ralph Norman","Republican","SC","45",32312.2328785593,146478.212477865,178790.445356425,0.169992807652353,0.770613491571261,0.940606299223614
"4505","Clemson University",18022.8567139116,32752.1789826965,50775.0356966081,"South Carolina","Ralph Norman","Republican","SC","45",47580.3417247266,86465.7525143189,134046.094239046,0.250317454359883,0.454891374759674,0.705208829119558
"4505","Winthrop University",33829.4868970849,0,33829.4868970849,"South Carolina","Ralph Norman","Republican","SC","45",89309.8454083042,0,89309.8454083042,0.469853984681735,0,0.469853984681735
"4505","University of North Carolina at Charlotte",6338.47382769833,9459.97036583948,15798.4441935378,"South Carolina","Ralph Norman","Republican","SC","45",16733.5709051236,24974.3217658162,41707.8926709398,0.0880343587180324,0.131388477303326,0.219422836021358
"4506","University of South Carolina at Columbia",397558.721079232,320873.723674983,718432.444754215,"South Carolina","James E. Clyburn","Democrat","SC","45",1049555.02364917,847106.630501956,1896661.65415113,5.52164890387822,4.45657949548588,9.9782283993641
"4506","College of Charleston",38209.3831029732,0,38209.3831029732,"South Carolina","James E. Clyburn","Democrat","SC","45",100872.771391849,0,100872.771391849,0.530685876430183,0,0.530685876430183
"4506","Clemson University",12390.7139908142,22517.1230506039,34907.8370414181,"South Carolina","James E. Clyburn","Democrat","SC","45",32711.4849357496,59445.2048535942,92156.6897893438,0.17209324987242,0.312737820147276,0.484831070019696
"4506","University Industry Demonstration Partnership",8264.83785516389,0,8264.83785516389,"South Carolina","James E. Clyburn","Democrat","SC","45",21819.1719376327,0,21819.1719376327,0.114789414655054,0,0.114789414655054
"4506","North Carolina State University",1223.94821509694,5548.41713931308,6772.36535441002,"South Carolina","James E. Clyburn","Democrat","SC","45",3231.22328785593,14647.8212477865,17879.0445356425,0.0169992807652353,0.0770613491571261,0.0940606299223614
"4507","University of South Carolina at Columbia",53934.9158754702,43531.4241027806,97466.3399782508,"South Carolina","Russell Fry","Republican","SC","45",142388.177911241,114922.959631341,257311.137542582,0.749096053825975,0.604603112538619,1.35369916636459
"4507","Clemson University",5632.14272309738,10235.0559320927,15867.19865519,"South Carolina","Russell Fry","Republican","SC","45",14868.8567889771,27020.5476607246,41889.4044497017,0.0782242044874636,0.142153554612398,0.220377759099862
"4507","Duke University",6157.18799572742,1257.57021538155,7414.75821110897,"South Carolina","Russell Fry","Republican","SC","45",16254.9763087204,3319.98536860729,19574.9616773277,0.0855164999406586,0.0174662529914104,0.102982752932069
"4507","College of Charleston",2550.67618854122,0,2550.67618854122,"South Carolina","Russell Fry","Republican","SC","45",6733.78513774882,0,6733.78513774882,0.0354260581741836,0,0.0354260581741836
"4507","University of California-Los Angeles",1500.53291033959,605.18592940606,2105.71883974565,"South Carolina","Russell Fry","Republican","SC","45",3961.40688329651,1597.690853632,5559.09773692851,0.0208407348658276,0.00840536013063971,0.0292460949964673
"4600","South Dakota School of Mines and Technology",0,516933.429129359,516933.429129359,"South Dakota","Dusty Johnson","Republican","SD","46",0,1364704.25290151,1364704.25290151,0,7.17963096012999,7.17963096012999
"4600","South Dakota State University",0,298782.035615151,298782.035615151,"South Dakota","Dusty Johnson","Republican","SD","46",0,788784.574023999,788784.574023999,0,4.14975049465488,4.14975049465488
"4600","University of South Dakota Main Campus",195649.953302977,0,195649.953302977,"South Dakota","Dusty Johnson","Republican","SD","46",516515.87671986,0,516515.87671986,2.71736046254135,0,2.71736046254135
"4600","University of Wyoming",1238.21852648626,1309.33836991432,2547.55689640058,"South Dakota","Dusty Johnson","Republican","SD","46",3268.89690992373,3456.6532965738,6725.55020649753,0.0171974795345314,0.0181852551376989,0.0353827346722303
"4600","University of Iowa",1071.5027904605,592.405275030112,1663.90806549061,"South Dakota","Dusty Johnson","Republican","SD","46",2828.76736681573,1563.94992607949,4392.71729289522,0.0148819832008403,0.00822785104208488,0.0231098342429252
"4701","University of Tennessee Knoxville",78180.297197938,51142.085999299,129322.383197237,"Tennessee","Diana Harshbarger","Republican","TN","47",206395.984602556,135015.107038149,341411.091640706,1.08583746108247,0.710306749990263,1.79614421107274
"4701","Vanderbilt University",5432.20264964548,22053.6487748476,27485.851424493,"Tennessee","Diana Harshbarger","Republican","TN","47",14341.0149950641,58221.6327655976,72562.6477606617,0.0754472590228539,0.306300677428438,0.381747936451292
"4701","Virginia Polytechnic Institute and State University",8937.16584717729,8558.67662632664,17495.8424735039,"Tennessee","Diana Harshbarger","Republican","TN","47",23594.1178365481,22594.9062935023,46189.0241300504,0.124127303433018,0.118870508698981,0.242997812131999
"4701","University of Tennessee Institute of Agriculture",0,17004.4710485238,17004.4710485238,"Tennessee","Diana Harshbarger","Republican","TN","47",0,44891.8035681027,44891.8035681027,0,0.236173209007274,0.236173209007274
"4701","University of Tennessee Chattanooga",0,3196.16281488078,3196.16281488078,"Tennessee","Diana Harshbarger","Republican","TN","47",0,8437.86983128527,8437.86983128527,0,0.0443911502066775,0.0443911502066775
"4702","University of Tennessee Knoxville",1116861.38854197,730601.228561414,1847462.61710339,"Tennessee","Tim Burchett","Republican","TN","47",2948514.0657508,1928787.24340213,4877301.30915294,15.5119637297496,10.1472392855752,25.6592030153248
"4702","University of Tennessee Institute of Agriculture",0,209418.81815431,209418.81815431,"Tennessee","Tim Burchett","Republican","TN","47",0,552865.679927377,552865.679927377,0,2.90859469658763,2.90859469658763
"4702","Vanderbilt University",8357.23484560843,33928.6904228424,42285.9252684508,"Tennessee","Tim Burchett","Republican","TN","47",22063.0999924063,89571.742716304,111634.84270871,0.116072706189006,0.471231811428367,0.587304517617373
"4702","North Carolina State University",2447.89643019388,11096.8342786262,13544.73070882,"Tennessee","Tim Burchett","Republican","TN","47",6462.44657571185,29295.6424955731,35758.0890712849,0.0339985615304706,0.154122698314252,0.188121259844723
"4702","University of Tennessee Chattanooga",0,7070.29956019082,7070.29956019082,"Tennessee","Tim Burchett","Republican","TN","47",0,18665.5908389038,18665.5908389038,0,0.0981986050026503,0.0981986050026503
"4703","University of Tennessee Knoxville",80414.019975022,52603.2884564218,133017.308431444,"Tennessee","Charles J. “Chuck” Fleischmann","Republican","TN","47",212293.012734058,138872.681524954,351165.694259011,1.11686138854197,0.730601228561414,1.84746261710339
"4703","University of Tennessee Chattanooga",0,112414.534559746,112414.534559746,"Tennessee","Charles J. “Chuck” Fleischmann","Republican","TN","47",0,296774.37123773,296774.37123773,0,1.56131297999648,1.56131297999648
"4703","Vanderbilt University",8816.88276211689,35794.7683960987,44611.6511582156,"Tennessee","Charles J. “Chuck” Fleischmann","Republican","TN","47",23276.5704919886,94498.1885657007,117774.759057689,0.122456705029401,0.497149561056927,0.619606266086328
"4703","University of Tennessee Institute of Agriculture",0,27623.951664225,27623.951664225,"Tennessee","Charles J. “Chuck” Fleischmann","Republican","TN","47",0,72927.2323935541,72927.2323935541,0,0.383665995336459,0.383665995336459
"4703","Middle Tennessee State University",8096.85353631994,0,8096.85353631994,"Tennessee","Charles J. “Chuck” Fleischmann","Republican","TN","47",21375.6933358847,0,21375.6933358847,0.112456299115555,0,0.112456299115555
"4704","Vanderbilt University",41744.3880538141,169473.808662098,211218.196715912,"Tennessee","Scott DesJarlais","Republican","TN","47",110205.184462069,447410.854867938,557616.039330008,0.579783167414085,2.35380289808469,2.93358606549878
"4704","University of Tennessee Space Institute",0,66082.2099470855,66082.2099470855,"Tennessee","Scott DesJarlais","Republican","TN","47",0,174457.034260306,174457.034260306,0,0.917808471487298,0.917808471487298
"4704","Middle Tennessee State University",48581.1212179197,0,48581.1212179197,"Tennessee","Scott DesJarlais","Republican","TN","47",128254.160015308,0,128254.160015308,0.674737794693329,0,0.674737794693329
"4704","University of Tennessee Knoxville",17869.7822166715,11689.6196569826,29559.4018736542,"Tennessee","Scott DesJarlais","Republican","TN","47",47176.2250520129,30860.5958944341,78036.820946447,0.248191419675994,0.162355828569203,0.410547248245197
"4704","Tennessee State University",0,21998.6450807923,21998.6450807923,"Tennessee","Scott DesJarlais","Republican","TN","47",0,58076.4230132916,58076.4230132916,0,0.305536737233226,0.305536737233226
"4705","Vanderbilt University",152059.888015845,617332.522243618,769392.410259463,"Tennessee","Andrew Ogles","Republican","TN","47",401438.104361832,1629757.85872315,2031195.96308498,2.11194288910896,8.57406280893913,10.6860056980481
"4705","Tennessee State University",0,95549.6705529361,95549.6705529361,"Tennessee","Andrew Ogles","Republican","TN","47",0,252251.130259751,252251.130259751,0,1.32707875767967,1.32707875767967
"4705","University of Tennessee Knoxville",8934.89110833577,5844.80982849131,14779.7009368271,"Tennessee","Andrew Ogles","Republican","TN","47",23588.1125260064,15430.2979472171,39018.4104732235,0.124095709837997,0.0811779142846015,0.205273624122598
"4705","Middle Tennessee State University",12673.3359698921,0,12673.3359698921,"Tennessee","Andrew Ogles","Republican","TN","47",33457.6069605151,0,33457.6069605151,0.17601855513739,0,0.17601855513739
"4705","University of Tennessee Space Institute",0,4903.62688653284,4903.62688653284,"Tennessee","Andrew Ogles","Republican","TN","47",0,12945.5749804467,12945.5749804467,0,0.0681059289796228,0.0681059289796228
"4706","Vanderbilt University",108936.556212506,442260.479661751,551197.035874257,"Tennessee","John W. Rose","Republican","TN","47",287592.508401016,1167567.66630702,1455160.17470804,1.51300772517369,6.14250666196876,7.65551438714246
"4706","Tennessee Technological University",0,80519.2922449202,80519.2922449202,"Tennessee","John W. Rose","Republican","TN","47",0,212570.931526589,212570.931526589,0,1.11832350340167,1.11832350340167
"4706","Tennessee State University",0,67106.9779232249,67106.9779232249,"Tennessee","John W. Rose","Republican","TN","47",0,177162.421717314,177162.421717314,0,0.932041360044791,0.932041360044791
"4706","Middle Tennessee State University",14785.5586315408,0,14785.5586315408,"Tennessee","John W. Rose","Republican","TN","47",39033.8747872676,0,39033.8747872676,0.205354980993622,0,0.205354980993622
"4706","University of Tennessee Chattanooga",0,3938.70569106521,3938.70569106521,"Tennessee","John W. Rose","Republican","TN","47",0,10398.1830244121,10398.1830244121,0,0.054704245709239,0.054704245709239
"4707","Vanderbilt University",114828.40677866,466180.206409855,581008.613188515,"Tennessee","Matt Van Epps","Republican","TN","47",303146.993895662,1230715.74492202,1533862.73881768,1.59483898303694,6.47472508902576,8.0695640720627
"4707","Tennessee State University",0,101215.988225261,101215.988225261,"Tennessee","Matt Van Epps","Republican","TN","47",0,267210.20891469,267210.20891469,0,1.40577761423974,1.40577761423974
"4707","Middle Tennessee State University",14785.5586315408,0,14785.5586315408,"Tennessee","Matt Van Epps","Republican","TN","47",39033.8747872676,0,39033.8747872676,0.205354980993622,0,0.205354980993622
"4707","University of Tennessee Knoxville",6701.16833125183,4383.60737136848,11084.7757026203,"Tennessee","Matt Van Epps","Republican","TN","47",17691.0843945048,11572.7234604128,29263.8078549176,0.0930717823784976,0.0608834357134511,0.153955218091949
"4707","University of Tennessee Space Institute",0,3035.57854880605,3035.57854880605,"Tennessee","Matt Van Epps","Republican","TN","47",0,8013.92736884796,8013.92736884796,0,0.0421608131778618,0.0421608131778618
"4708","University of Memphis",59165.4885751781,23874.9418945205,83040.4304696986,"Tennessee","David Kustoff","Republican","TN","47",156196.88983847,63029.8466015342,219226.736440004,0.821742896877474,0.331596415201674,1.15333931207915
"4708","Vanderbilt University",9401.88920130948,38169.7767256977,47571.6659270072,"Tennessee","David Kustoff","Republican","TN","47",24820.987491457,100768.210555842,125589.198047299,0.130581794462632,0.530135787856913,0.660717582319544
"4708","University of Mississippi",5934.50978206879,4261.87945212273,10196.3892341915,"Tennessee","David Kustoff","Republican","TN","47",15667.1058246616,11251.361753604,26918.4675782656,0.0824237469731776,0.0591927701683713,0.141616517141549
"4708","Tennessee State University",0,9888.27985954804,9888.27985954804,"Tennessee","David Kustoff","Republican","TN","47",0,26105.0588292068,26105.0588292068,0,0.137337220271501,0.137337220271501
"4708","Rhodes College",9271.93950683735,0,9271.93950683735,"Tennessee","David Kustoff","Republican","TN","47",24477.9202980506,0,24477.9202980506,0.128776937594963,0,0.128776937594963
"4709","University of Memphis",137370.934909921,55433.0432816926,192803.978191614,"Tennessee","Steve Cohen","Democrat","TN","47",362659.268162193,146343.234263669,509002.502425861,1.90792965152669,0.769903378912397,2.67783303043908
"4709","Vanderbilt University",10279.3988600984,41732.2892200962,52011.6880801945,"Tennessee","Steve Cohen","Democrat","TN","47",27137.6129906597,110173.243541054,137310.856531714,0.142769428612477,0.579615128056891,0.722384556669369
"4709","Rhodes College",45738.9819186663,0,45738.9819186663,"Tennessee","Steve Cohen","Democrat","TN","47",120750.912265279,0,120750.912265279,0.635263637759254,0,0.635263637759254
"4709","University of Mississippi",8225.02232953393,5906.81538101221,14131.8377105461,"Tennessee","Steve Cohen","Democrat","TN","47",21714.0589499696,15593.9926058722,37308.0515558418,0.114236421243527,0.0820391025140584,0.196275523757585
"4709","Mississippi State University",4095.32936729524,449.012163312585,4544.34153060783,"Tennessee","Steve Cohen","Democrat","TN","47",10811.6695296594,1185.39211114522,11997.0616408047,0.0568795745457673,0.00623628004600813,0.0631158545917754
"4801","University of Texas at Dallas",24809.8550751526,38341.9246831849,63151.7797583376,"Texas","Nathaniel Moran","Republican","TX","48",65498.017398403,101222.681163608,166720.698562011,0.344581320488231,0.532526731710902,0.877108052199133
"4801","Texas A&M Engineering Experiment Station",2530.19917458187,40556.1386202797,43086.3377948615,"Texas","Nathaniel Moran","Republican","TX","48",6679.72582089614,107068.205957538,113747.931778434,0.035141655202526,0.56327970305944,0.598421358261966
"4801","Texas A&M University",31187.9511765984,2847.79992630277,34035.7511029012,"Texas","Nathaniel Moran","Republican","TX","48",82336.1911062198,7518.19180543932,89854.3829116591,0.433165988563867,0.0395527767542052,0.472718765318072
"4801","University of North Texas",5725.77265121169,9187.81347883803,14913.5861300497,"Texas","Nathaniel Moran","Republican","TX","48",15116.0397991989,24255.8275841324,39371.8673833313,0.079524620155718,0.127608520539417,0.207133140695135
"4801","Southern Methodist University",4503.79179925297,4639.37949477951,9143.17129403249,"Texas","Nathaniel Moran","Republican","TX","48",11890.0103500279,12247.9618662179,24137.9722162458,0.0625526638785135,0.0644358263163821,0.126988490194896
"4802","University of Houston",75236.2475928716,101906.654350154,177142.901943026,"Texas","Daniel Crenshaw","Republican","TX","48",198623.693645181,269033.567484408,467657.261129589,1.04494788323433,1.4153701993077,2.46031808254203
"4802","William Marsh Rice University",43161.6504929589,45300.0382928089,88461.6887857678,"Texas","Daniel Crenshaw","Republican","TX","48",113946.757301411,119592.101093015,233538.858394427,0.599467367957762,0.629167198511235,1.228634566469
"4802","University of Texas at Austin",35447.7462793281,45690.575211641,81138.3214909691,"Texas","Daniel Crenshaw","Republican","TX","48",93582.0501774261,120623.118558732,214205.168736158,0.492329809435112,0.634591322383903,1.12692113181902
"4802","Texas A&M Engineering Experiment Station",2891.65619952214,46349.872708891,49241.5289084132,"Texas","Daniel Crenshaw","Republican","TX","48",7633.97236673844,122363.663951472,129997.636318211,0.0401618916600297,0.643748232067931,0.683910123727961
"4802","Texas A&M University",33078.1300357862,3020.39386123021,36098.5238970164,"Texas","Daniel Crenshaw","Republican","TX","48",87326.2632944755,7973.83979364776,95300.1030881233,0.459418472719252,0.0419499147393085,0.501368387458561
"4803","University of Texas at Dallas",148859.130450916,230051.54809911,378910.678550025,"Texas","Keith Self","Republican","TX","48",392988.104390418,607336.086981649,1000324.19137207,2.06748792292939,3.19516039026541,5.2626483131948
"4803","EAST TEXAS A&M UNIVERSITY",83646.2563095754,0,83646.2563095754,"Texas","Keith Self","Republican","TX","48",220826.116657279,0,220826.116657279,1.16175355985521,0,1.16175355985521
"4803","University of Texas at Austin",23118.0953995618,29798.2012249833,52916.2966245451,"Texas","Keith Self","Republican","TX","48",61031.7718548431,78667.2512339559,139699.023088799,0.321084658327247,0.413863905902546,0.734948564229793
"4803","Southern Methodist University",24145.3282571062,24872.2289581235,49017.5572152297,"Texas","Keith Self","Republican","TX","48",63743.6665987604,65662.684449446,129406.351048206,0.335351781348697,0.345447624418382,0.680799405767079
"4803","University of North Texas",16830.3014293192,27006.6032559785,43836.9046852977,"Texas","Keith Self","Republican","TX","48",44431.9957734027,71297.4325957831,115729.428369186,0.233754186518322,0.37509171188859,0.608845898406912
"4804","University of Texas at Dallas",24809.8550751526,38341.9246831849,63151.7797583376,"Texas","Pat Fallon","Republican","TX","48",65498.017398403,101222.681163608,166720.698562011,0.344581320488231,0.532526731710902,0.877108052199133
"4804","University of North Texas",21515.0245075833,34523.9051932096,56038.9297007929,"Texas","Pat Fallon","Republican","TX","48",56799.66470002,91143.1097100733,147942.774410093,0.298819784827546,0.479498683239022,0.778318468066568
"4804","EAST TEXAS A&M UNIVERSITY",41081.5833293482,0,41081.5833293482,"Texas","Pat Fallon","Republican","TX","48",108455.379989479,0,108455.379989479,0.570577546240947,0,0.570577546240947
"4804","Southern Methodist University",18953.4571551896,19524.0553738638,38477.5125290534,"Texas","Pat Fallon","Republican","TX","48",50037.1268897005,51543.5061870004,101580.633076701,0.263242460488744,0.271167435748108,0.534409896236852
"4804","Texas A&M Engineering Experiment Station",1445.82809976107,23174.9363544455,24620.7644542066,"Texas","Pat Fallon","Republican","TX","48",3816.98618336922,61181.8319757362,64998.8181591054,0.0200809458300148,0.321874116033966,0.34195506186398
"4805","University of Texas at Dallas",49619.7101503053,76683.8493663699,126303.559516675,"Texas","Lance Gooden","Republican","TX","48",130996.034796806,202445.362327216,333441.397124022,0.689162640976462,1.0650534634218,1.75421610439827
"4805","University of Texas at Austin",21576.889039591,27811.6544766511,49388.5435162421,"Texas","Lance Gooden","Republican","TX","48",56962.9870645202,73422.7678183588,130385.754882879,0.299679014438764,0.386272978842376,0.68595199328114
"4805","Southern Methodist University",24145.3282571062,24872.2289581235,49017.5572152297,"Texas","Lance Gooden","Republican","TX","48",63743.6665987604,65662.684449446,129406.351048206,0.335351781348697,0.345447624418382,0.680799405767079
"4805","Texas A&M University",36858.4877541617,3365.58173108509,40224.0694852468,"Texas","Lance Gooden","Republican","TX","48",97306.407670987,8885.13577006464,106191.543441052,0.511923441030024,0.0467441907095152,0.558667631739539
"4805","University of North Texas",14401.1857591082,23108.742992229,37509.9287513372,"Texas","Lance Gooden","Republican","TX","48",38019.1304040456,61007.0814994845,99026.2119035302,0.200016468876503,0.320954763780958,0.520971232657461
"4806","University of Texas at Arlington",83200.7722207788,50943.4315888632,134144.203809642,"Texas","Jake Ellzey","Republican","TX","48",219650.038662856,134490.659394599,354140.698057455,1.15556628084415,0.707547660956433,1.86311394180058
"4806","University of Texas at Dallas",49619.7101503053,76683.8493663699,126303.559516675,"Texas","Jake Ellzey","Republican","TX","48",130996.034796806,202445.362327216,333441.397124022,0.689162640976462,1.0650534634218,1.75421610439827
"4806","Texas A&M University",75607.1543675113,6903.75739709763,82510.9117646089,"Texas","Jake Ellzey","Republican","TX","48",199602.88753023,18225.9195283377,217828.807058568,1.05009936621543,0.0958855194041337,1.14598488561957
"4806","University of Texas at Austin",33906.5399193573,43704.0284633088,77610.5683826661,"Texas","Jake Ellzey","Republican","TX","48",89513.2653871032,115378.635143135,204891.900530239,0.470924165546629,0.607000395323734,1.07792456087036
"4806","Texas A&M Engineering Experiment Station",1988.01363717147,31865.5374873626,33853.5511245341,"Texas","Jake Ellzey","Republican","TX","48",5248.35600213268,84125.0189666372,89373.3749687699,0.0276113005162704,0.442576909546703,0.470188210062973
"4807","William Marsh Rice University",495574.223387337,520126.803307433,1015701.02669477,"Texas","Lizzie Fletcher","Democrat","TX","48",1308315.94974257,1373134.76073162,2681450.71047419,6.88297532482412,7.2239833792699,14.106958704094
"4807","University of Houston",127574.506787913,172798.239985044,300372.746772957,"Texas","Lizzie Fletcher","Democrat","TX","48",336796.69792009,456187.353560517,792984.051480607,1.77186814983212,2.39997555534784,4.17184370517996
"4807","University of Texas at Austin",67813.0798387146,87408.0569266176,155221.136765332,"Texas","Lizzie Fletcher","Democrat","TX","48",179026.530774206,230757.270286271,409783.801060477,0.941848331093258,1.21400079064747,2.15584912174072
"4807","Texas A&M Engineering Experiment Station",2168.7421496416,34762.4045316683,36931.1466813099,"Texas","Lizzie Fletcher","Democrat","TX","48",5725.47927505383,91772.7479636043,97498.2272386581,0.0301214187450223,0.482811174050948,0.512932592795971
"4807","Texas A&M University",21737.0568806595,1984.83025166557,23721.8871323251,"Texas","Lizzie Fletcher","Democrat","TX","48",57385.8301649411,5239.9518643971,62625.7820293382,0.301903567786937,0.0275670868286884,0.329470654615626
"4808","Texas A&M Engineering Experiment Station",7229.14049880534,115874.681772228,123103.822271033,"Texas","Morgan Luttrell","Republican","TX","48",19084.9309168461,305909.159878681,324994.090795527,0.100404729150074,1.60937058016983,1.7097753093199
"4808","University of Houston",39253.6943962809,53168.6892261675,92422.3836224484,"Texas","Morgan Luttrell","Republican","TX","48",103629.753206181,140365.339557082,243995.092763264,0.545190199948345,0.738454017030105,1.28364421697845
"4808","Texas A&M University",75607.1543675113,6903.75739709763,82510.9117646089,"Texas","Morgan Luttrell","Republican","TX","48",199602.88753023,18225.9195283377,217828.807058568,1.05009936621543,0.0958855194041337,1.14598488561957
"4808","University of Texas at Austin",35447.7462793281,45690.575211641,81138.3214909691,"Texas","Morgan Luttrell","Republican","TX","48",93582.0501774261,120623.118558732,214205.168736158,0.492329809435112,0.634591322383903,1.12692113181902
"4808","William Marsh Rice University",29820.7767042261,31298.2082750316,61118.9849792577,"Texas","Morgan Luttrell","Republican","TX","48",78726.850499157,82627.2698460834,161354.12034524,0.414177454225363,0.434697337153217,0.84887479137858
"4809","William Marsh Rice University",300562.038887332,315452.993929924,616015.032817256,"Texas","Al Green","Democrat","TX","48",793483.782662556,832795.903974999,1626279.68663756,4.17447276232405,4.38129158236005,8.55576434468411
"4809","University of Houston",157014.777585123,212674.75690467,369689.534489794,"Texas","Al Green","Democrat","TX","48",414519.012824726,561461.358228329,975980.371053055,2.18076079979338,2.95381606812042,5.1345768679138
"4809","University of Texas at Austin",32365.3335593865,41717.4817149766,74082.8152743631,"Texas","Al Green","Democrat","TX","48",85444.4805967804,110134.151727538,195578.632324319,0.449518521658146,0.579409468263564,1.02892798992171
"4809","Texas A&M Engineering Experiment Station",2349.47066211174,37659.271575974,40008.7422380857,"Texas","Al Green","Democrat","TX","48",6202.60254797499,99420.4769605713,105623.079508546,0.0326315369737741,0.523045438555194,0.555676975528968
"4809","Texas A&M University",17011.60973269,1553.34541434697,18564.955147037,"Texas","Al Green","Democrat","TX","48",44910.6496943017,4100.83189387599,49011.4815881777,0.236272357398473,0.0215742418659301,0.257846599264403
"4810","Texas A&M University",2285226.24075803,208666.067327276,2493892.3080853,"Texas","Michael T. McCaul","Republican","TX","48",6032997.2756012,550878.417744008,6583875.6933452,31.7392533438615,2.89813982398994,34.6373931678514
"4810","Texas A&M Engineering Experiment Station",105364.722770088,1688873.48683022,1794238.20960031,"Texas","Michael T. McCaul","Republican","TX","48",278162.868113032,4458626.00523177,4736788.87334481,1.46339892736233,23.4565762059752,24.9199751333376
"4810","University of Texas at Austin",140249.778757341,180775.754098232,321025.532855573,"Texas","Michael T. McCaul","Republican","TX","48",370259.415919382,477247.990819332,847507.406738714,1.94791359385197,2.51077436247544,4.45868795632741
"4810","University of Houston",85049.6711919419,115198.826656696,200248.497848638,"Texas","Michael T. McCaul","Republican","TX","48",224531.131946727,304124.902373678,528656.034320405,1.18124543322141,1.59998370356523,2.78122913678664
"4810","Texas A&M AgriLife Research",0,96246.6626437073,96246.6626437073,"Texas","Michael T. McCaul","Republican","TX","48",0,254091.189379387,254091.189379387,0,1.33675920338482,1.33675920338482
"4811","Texas Tech University",13857.1034047803,27538.9448215573,41396.0482263376,"Texas","August Pfluger","Republican","TX","48",36582.75298862,72702.8143289112,109285.567317531,0.192459769510838,0.382485344743851,0.574945114254689
"4811","Texas A&M University",34968.308894974,3192.98779615765,38161.2966911316,"Texas","August Pfluger","Republican","TX","48",92316.3354827313,8429.4877818562,100745.823264587,0.485670956874638,0.0443470527244118,0.53001800959905
"4811","Texas A&M Engineering Experiment Station",1988.01363717147,31865.5374873626,33853.5511245341,"Texas","August Pfluger","Republican","TX","48",5248.35600213268,84125.0189666372,89373.3749687699,0.0276113005162704,0.442576909546703,0.470188210062973
"4811","Baylor University",21541.4522476411,5835.50782258338,27376.9600702245,"Texas","August Pfluger","Republican","TX","48",56869.4339337725,15405.7406516201,72275.1745853926,0.299186836772793,0.0810487197581025,0.380235556530895
"4811","University of Texas at Austin",10788.4445197955,13905.8272383255,24694.271758121,"Texas","August Pfluger","Republican","TX","48",28481.4935322601,36711.3839091794,65192.8774414395,0.149839507219382,0.193136489421188,0.34297599664057
"4812","University of Texas at Arlington",55506.2979695746,33986.2385635152,89492.5365330898,"Texas","Craig A. Goldman","Republican","TX","48",146536.626639677,89723.6698076802,236260.296447357,0.77092080513298,0.472031091159934,1.24295189629291
"4812","University of North Texas",17871.3510022668,28677.1147975854,46548.4657998522,"Texas","Craig A. Goldman","Republican","TX","48",47180.3666459844,75707.5830656254,122887.94971161,0.248213208364817,0.398293261077575,0.646506469442391
"4812","University of Texas at Austin",13870.8572397371,17878.92073499,31749.777974727,"Texas","Craig A. Goldman","Republican","TX","48",36619.0631129059,47200.3507403735,83819.4138532794,0.192650794996348,0.248318343541527,0.440969138537876
"4812","Texas A&M University",17956.6991622839,1639.64238181069,19596.3415440946,"Texas","Craig A. Goldman","Republican","TX","48",47405.6857884296,4328.65588798021,51734.3416764098,0.249398599476166,0.0227728108584818,0.272171410334647
"4812","Texas A&M Engineering Experiment Station",1084.3710748208,17381.2022658341,18465.5733406549,"Texas","Craig A. Goldman","Republican","TX","48",2862.73963752692,45886.3739818021,48749.113619329,0.0150607093725111,0.241405587025474,0.256466296397985
"4813","University of North Texas",89877.2797978078,144220.82975873,234098.109556538,"Texas","Ronny Jackson","Republican","TX","48",237276.018666213,380742.990563048,618019.009229261,1.24829555274733,2.00306707998237,3.2513626327297
"4813","Texas Tech University",29517.1756540488,58661.0237277038,88178.1993817525,"Texas","Ronny Jackson","Republican","TX","48",77925.3437266887,154865.102641138,232790.446367827,0.409960772972899,0.814736440662552,1.22469721363545
"4813","West Texas A&M University",0,57622.399305701,57622.399305701,"Texas","Ronny Jackson","Republican","TX","48",0,152123.134167051,152123.134167051,0,0.800311101468069,0.800311101468069
"4813","University of Texas at Austin",16953.2699596786,21852.0142316544,38805.284191333,"Texas","Ronny Jackson","Republican","TX","48",44756.6326935516,57689.3175715676,102445.950265119,0.235462082773314,0.303500197661867,0.538962280435181
"4813","University of Texas at Arlington",4224.5808179803,2586.69046149376,6811.27127947406,"Texas","Ronny Jackson","Republican","TX","48",11152.893359468,6828.86281834352,17981.7561778115,0.0586747335830598,0.0359262564096355,0.0946009899926953
"4814","University of Houston",107947.659589772,146213.895371961,254161.554961733,"Texas","Randy K. Weber Sr.","Republican","TX","48",284981.821316999,386004.683781976,670986.505098975,1.49927304985795,2.03074854683279,3.53002159669074
"4814","University of Texas Medical Branch at Galveston",0,70109.3963465983,70109.3963465983,"Texas","Randy K. Weber Sr.","Republican","TX","48",0,185088.806355019,185088.806355019,0,0.973741615924976,0.973741615924976
"4814","Texas A&M Engineering Experiment Station",3795.2987618728,60834.2079304195,64629.5066922923,"Texas","Randy K. Weber Sr.","Republican","TX","48",10019.5887313442,160602.308936307,170621.897667652,0.052712482803789,0.84491955458916,0.897632037392949
"4814","William Marsh Rice University",20403.6893239442,21414.5635566006,41818.2528805448,"Texas","Randy K. Weber Sr.","Republican","TX","48",53865.7398152127,56534.4477894255,110400.187604638,0.283384573943669,0.297424493841675,0.580809067785344
"4814","University of Texas at Austin",16953.2699596786,21852.0142316544,38805.284191333,"Texas","Randy K. Weber Sr.","Republican","TX","48",44756.6326935516,57689.3175715676,102445.950265119,0.235462082773314,0.303500197661867,0.538962280435181
"4815","University of Texas at Austin",20035.6826796202,25825.1077283188,45860.7904079391,"Texas","Monica De La Cruz","Republican","TX","48",52894.2022741974,68178.2844027618,121072.486676959,0.278273370550281,0.358682051782206,0.636955422332487
"4815","Texas State University - San Marcos",19880.4260519786,6082.76466287198,25963.1907148506,"Texas","Monica De La Cruz","Republican","TX","48",52484.3247772235,16058.498709982,68542.8234872055,0.276117028499703,0.0844828425398886,0.360599871039591
"4815","Texas A&M Engineering Experiment Station",1084.3710748208,17381.2022658341,18465.5733406549,"Texas","Monica De La Cruz","Republican","TX","48",2862.73963752692,45886.3739818021,48749.113619329,0.0150607093725111,0.241405587025474,0.256466296397985
"4815","University of Texas at San Antonio",7061.27735917303,9572.71845139927,16633.9958105723,"Texas","Monica De La Cruz","Republican","TX","48",18641.7722282168,25271.9767116941,43913.7489399109,0.098073296655181,0.132954422936101,0.231027719591282
"4815","The University of Texas Rio Grande Valley",7334.62421447811,7914.32510114138,15248.9493156195,"Texas","Monica De La Cruz","Republican","TX","48",19363.4079262222,20893.8182670132,40257.2261932355,0.10186978075664,0.109921181960297,0.211790962716937
"4816","University of Texas at El Paso",79485.5420307415,373424.655936589,452910.19796733,"Texas","Veronica Escobar","Democrat","TX","48",209841.830961157,985841.091672594,1195682.92263375,1.10396586153808,5.18645355467484,6.29041941621292
"4816","Flores, Kenneth Ray",36707.7991367682,0,36707.7991367682,"Texas","Veronica Escobar","Democrat","TX","48",96908.589721068,0,96908.589721068,0.509830543566225,0,0.509830543566225
"4816","New Mexico State University",5195.45449128783,2126.87674208113,7322.33123336896,"Texas","Veronica Escobar","Democrat","TX","48",13715.9998569999,5614.95459909418,19330.9544560941,0.0721590901567754,0.0295399547511268,0.101699044907902
"4816","Arizona State University",1195.07043918509,5241.65910782589,6436.72954701099,"Texas","Veronica Escobar","Democrat","TX","48",3154.98595944865,13837.9800446604,16992.966004109,0.0165982005442374,0.0728008209420263,0.0893990214862637
"4816","Texas Tech University",1365.10498225531,2712.94437833185,4078.04936058716,"Texas","Veronica Escobar","Democrat","TX","48",3603.87715315402,7162.17315879608,10766.0503119501,0.0189597914202126,0.0376797830323868,0.0566395744525994
"4817","Baylor University",452573.718448082,122600.716234841,575174.434682924,"Texas","Pete Sessions","Republican","TX","48",1194794.61670294,323665.890859981,1518460.50756292,6.2857460895567,1.70278772548391,7.98853381504061
"4817","Texas A&M University",401663.007577404,36676.2111720811,438339.218749485,"Texas","Pete Sessions","Republican","TX","48",1060390.34000435,96825.1974942942,1157215.53749864,5.57865288301949,0.50939182183446,6.08804470485395
"4817","University of Texas at Austin",167991.493236816,216533.595568212,384525.088805027,"Texas","Pete Sessions","Republican","TX","48",443497.542145193,571648.692300079,1015146.23444527,2.33321518384466,3.0074110495585,5.34062623340316
"4817","Texas A&M Engineering Experiment Station",6506.22644892481,104287.213595005,110793.44004393,"Texas","Pete Sessions","Republican","TX","48",17176.4378251615,275318.243890813,292494.681715974,0.0903642562350668,1.44843352215285,1.53879777838791
"4817","Sam Houston State University",37637.5698353676,0,37637.5698353676,"Texas","Pete Sessions","Republican","TX","48",99363.1843653706,0,99363.1843653706,0.522744025491217,0,0.522744025491217
"4818","University of Houston",176641.624783264,239259.101517754,415900.726301018,"Texas","Christian D. Menefee","Democrat","TX","48",466333.889427817,631644.02800687,1097977.91743469,2.45335589976755,3.32304307663547,5.77639897640303
"4818","William Marsh Rice University",126345.922352116,132605.56663895,258951.488991066,"Texas","Christian D. Menefee","Democrat","TX","48",333553.235009586,350078.695926827,683631.930936413,1.75480447711272,1.84174398109652,3.59654845820925
"4818","University of Texas at Austin",33906.5399193573,43704.0284633088,77610.5683826661,"Texas","Christian D. Menefee","Democrat","TX","48",89513.2653871032,115378.635143135,204891.900530239,0.470924165546629,0.607000395323734,1.07792456087036
"4818","Texas A&M Engineering Experiment Station",2891.65619952214,46349.872708891,49241.5289084132,"Texas","Christian D. Menefee","Democrat","TX","48",7633.97236673844,122363.663951472,129997.636318211,0.0401618916600297,0.643748232067931,0.683910123727961
"4818","Texas A&M University",16066.5203030961,1467.04844688325,17533.5687499794,"Texas","Christian D. Menefee","Democrat","TX","48",42415.6136001738,3873.00789977177,46288.6214999456,0.22314611532078,0.0203756728733784,0.243521788194158
"4819","Texas Tech University",320876.940923333,637695.491797324,958572.432720657,"Texas","Jodey C. Arrington","Republican","TX","48",847115.124037599,1683516.09834494,2530631.22238254,4.45662417949073,8.85688183051839,13.3135060100091
"4819","University of Texas at Austin",16953.2699596786,21852.0142316544,38805.284191333,"Texas","Jodey C. Arrington","Republican","TX","48",44756.6326935516,57689.3175715676,102445.950265119,0.235462082773314,0.303500197661867,0.538962280435181
"4819","Texas A&M University",22682.1463102534,2071.12721912929,24753.2735293827,"Texas","Jodey C. Arrington","Republican","TX","48",59880.8662590689,5467.77585850132,65348.6421175702,0.31502980986463,0.0287656558212401,0.34379546568587
"4819","West Texas A&M University",0,8126.51362904771,8126.51362904771,"Texas","Jodey C. Arrington","Republican","TX","48",0,21453.995980686,21453.995980686,0,0.112868244847885,0.112868244847885
"4819","University of North Texas",2255.60740805309,3619.44167348165,5875.04908153474,"Texas","Jodey C. Arrington","Republican","TX","48",5954.80355726016,9555.32601799155,15510.1295752517,0.031327880667404,0.0502700232428007,0.0815979039102047
"4820","University of Texas at San Antonio",147857.007659901,200444.4002693,348301.407929201,"Texas","Joaquin Castro","Democrat","TX","48",390342.50022214,529173.216710951,919515.716933091,2.05356955083196,2.78395000374027,4.83751955457224
"4820","University of Texas at Austin",70895.4925586561,91381.1504232821,162276.642981938,"Texas","Joaquin Castro","Democrat","TX","48",187164.100354852,241246.237117465,428410.337472317,0.984659618870224,1.26918264476781,2.25384226363803
"4820","Trinity University",17068.8321315871,11720.6470648064,28789.4791963935,"Texas","Joaquin Castro","Democrat","TX","48",45061.7168273899,30942.5082510889,76004.2250784788,0.23706711293871,0.162786764788978,0.399853877727687
"4820","University of Houston",9813.42359907021,13292.1723065419,23105.5959056121,"Texas","Joaquin Castro","Democrat","TX","48",25907.4383015454,35091.3348892706,60998.773190816,0.136297549987086,0.184613504257526,0.320911054244612
"4820","Texas State University - San Marcos",11780.9932159873,3604.60128170191,15385.5944976892,"Texas","Joaquin Castro","Democrat","TX","48",31101.8220902065,9516.14738369305,40617.9694738996,0.163624905777602,0.0500639066903043,0.213688812467906
"4821","University of Texas at San Antonio",97015.8106738556,131520.827419225,228536.63809308,"Texas","Chip Roy","Republican","TX","48",256121.740178979,347214.984386753,603336.724565732,1.34744181491466,1.82667815860034,3.174119973515
"4821","University of Texas at Austin",98637.2070381303,127138.991893262,225776.198931392,"Texas","Chip Roy","Republican","TX","48",260402.226580664,335646.938598212,596049.165178876,1.36996120886292,1.76581933185086,3.13578054071378
"4821","Texas State University - San Marcos",73999.3636379203,22641.4018006901,96640.7654386105,"Texas","Chip Roy","Republican","TX","48",195358.32000411,59773.300753822,255131.620757932,1.02776893941556,0.314463913898474,1.34223285331403
"4821","Trinity University",22758.4428421161,15627.5294197419,38385.972261858,"Texas","Chip Roy","Republican","TX","48",60082.2891031866,41256.6776681185,101338.966771305,0.316089483918279,0.217049019718637,0.533138503636917
"4821","Texas A&M University",17956.6991622839,1639.64238181069,19596.3415440946,"Texas","Chip Roy","Republican","TX","48",47405.6857884296,4328.65588798021,51734.3416764098,0.249398599476166,0.0227728108584818,0.272171410334647
"4822","William Marsh Rice University",121637.378661975,127663.744279734,249301.122941709,"Texas","Troy Nehls","Republican","TX","48",321122.679667614,337032.284898498,658154.964566112,1.68940803697188,1.77310755944075,3.46251559641263
"4822","University of Houston",71965.1063931816,97475.9302479738,169441.036641155,"Texas","Troy Nehls","Republican","TX","48",189987.880877999,257336.455854651,447324.33673265,0.999515366571966,1.35383236455519,2.35334773112716
"4822","University of Texas at Austin",40071.3653592404,51650.2154566377,91721.5808158781,"Texas","Troy Nehls","Republican","TX","48",105788.404548395,136356.568805524,242144.973353918,0.556546741100561,0.717364103564412,1.27391084466497
"4822","Texas A&M Engineering Experiment Station",3072.38471199227,49246.7397531967,52319.124465189,"Texas","Troy Nehls","Republican","TX","48",8111.09563965959,130011.392948439,138122.488588099,0.0426720098887815,0.683982496572177,0.726654506460958
"4822","Texas A&M University",32133.0406061923,2934.09689376649,35067.1374999588,"Texas","Troy Nehls","Republican","TX","48",84831.2272003477,7746.01579954354,92577.2429998912,0.44629223064156,0.0407513457467568,0.487043576388316
"4823","University of Texas at San Antonio",100577.150559352,136348.80715993,236925.957719282,"Texas","Tony Gonzales","Republican","TX","48",265523.677476688,359960.850902217,625484.528378905,1.39690486887988,1.89373343277681,3.2906383016567
"4823","University of Texas at Austin",30824.1271994157,39730.9349666444,70555.0621660601,"Texas","Tony Gonzales","Republican","TX","48",81375.6958064575,104889.668311941,186265.364118399,0.428112877769663,0.551818541203394,0.979931418973057
"4823","University of Texas at El Paso",4984.10773985725,23415.4372022431,28399.5449421004,"Texas","Tony Gonzales","Republican","TX","48",13158.0444332232,61816.7542139219,74974.798647145,0.0692237186091285,0.32521440558671,0.394438124195839
"4823","Texas A&M Engineering Experiment Station",903.642562350668,14484.3352215285,15387.9777838791,"Texas","Tony Gonzales","Republican","TX","48",2385.61636460576,38238.6449848351,40624.2613494409,0.0125505911437593,0.201171322521228,0.213721913664988
"4823","Texas A&M University",10395.9837255328,949.266642100924,11345.2503676337,"Texas","Tony Gonzales","Republican","TX","48",27445.3970354066,2506.06393514644,29951.460970553,0.144388662854622,0.0131842589180684,0.157572921772691
"4824","University of Texas at Dallas",74429.5652254579,115025.774049555,189455.339275013,"Texas","Beth Van Duyne","Republican","TX","48",196494.052195209,303668.043490825,500162.095686034,1.03374396146469,1.59758019513271,2.6313241565974
"4824","University of Texas at Arlington",63486.0617368707,38872.2094352257,102358.271172096,"Texas","Beth Van Duyne","Republican","TX","48",167603.202985339,102622.632908996,270225.835894334,0.881750857456538,0.539891797711468,1.42164265516801
"4824","Southern Methodist University",49917.0257750538,51419.7894004729,101336.815175527,"Texas","Beth Van Duyne","Republican","TX","48",131780.948046142,135748.244017249,267529.192063391,0.693292024653525,0.714163741673235,1.40745576632676
"4824","University of Texas at Austin",27741.7144794741,35757.8414699799,63499.5559494541,"Texas","Beth Van Duyne","Republican","TX","48",73238.1262258117,94400.701480747,167638.827706559,0.385301589992696,0.496636687083055,0.881938277075751
"4824","University of North Texas",23770.6319156364,38143.3468666912,61913.9787823277,"Texas","Beth Van Duyne","Republican","TX","48",62754.4682572802,100698.435728065,163452.903985345,0.33014766549495,0.529768706481823,0.859916371976773
"4825","University of Texas at Arlington",276710.04357771,169428.225227841,446138.268805551,"Texas","Roger Williams","Republican","TX","48",730514.515045154,447290.514601501,1177805.02964666,3.84319504969042,2.35316979483113,6.19636484452155
"4825","University of Texas at Dallas",24809.8550751526,38341.9246831849,63151.7797583376,"Texas","Roger Williams","Republican","TX","48",65498.017398403,101222.681163608,166720.698562011,0.344581320488231,0.532526731710902,0.877108052199133
"4825","University of Texas at Austin",20035.6826796202,25825.1077283188,45860.7904079391,"Texas","Roger Williams","Republican","TX","48",52894.2022741974,68178.2844027618,121072.486676959,0.278273370550281,0.358682051782206,0.636955422332487
"4825","University of North Texas",17524.3344779509,28120.2776170497,45644.6120950007,"Texas","Roger Williams","Republican","TX","48",46264.2430217905,74237.5329090113,120501.775930802,0.243393534415985,0.390559411347913,0.633952945763898
"4825","Texas A&M Engineering Experiment Station",2168.7421496416,34762.4045316683,36931.1466813099,"Texas","Roger Williams","Republican","TX","48",5725.47927505383,91772.7479636043,97498.2272386581,0.0301214187450223,0.482811174050948,0.512932592795971
"4826","University of North Texas",88836.2302248602,142550.318217123,231386.548441984,"Texas","Brandon Gill","Republican","TX","48",234527.647793631,376332.840093206,610860.487886837,1.23383653090084,1.97986553079338,3.21370206169422
"4826","University of Texas at Austin",33906.5399193573,43704.0284633088,77610.5683826661,"Texas","Brandon Gill","Republican","TX","48",89513.2653871032,115378.635143135,204891.900530239,0.470924165546629,0.607000395323734,1.07792456087036
"4826","University of Texas at Dallas",24809.8550751526,38341.9246831849,63151.7797583376,"Texas","Brandon Gill","Republican","TX","48",65498.017398403,101222.681163608,166720.698562011,0.344581320488231,0.532526731710902,0.877108052199133
"4826","University of Texas at Arlington",15372.7801987617,9412.67917932451,24785.4593780862,"Texas","Brandon Gill","Republican","TX","48",40584.1397247308,24849.4730334167,65433.6127581475,0.213510836093912,0.130731655268396,0.344242491362308
"4826","University of Houston",9813.42359907021,13292.1723065419,23105.5959056121,"Texas","Brandon Gill","Republican","TX","48",25907.4383015454,35091.3348892706,60998.773190816,0.136297549987086,0.184613504257526,0.320911054244612
"4827","Texas A&M University Corpus Christi",58687.653809897,81061.2108144995,139748.864624397,"Texas","Michael Cloud","Republican","TX","48",154935.406058128,214001.596550279,368937.002608407,0.815106302915237,1.12585015020138,1.94095645311662
"4827","University of Texas at Austin",35447.7462793281,45690.575211641,81138.3214909691,"Texas","Michael Cloud","Republican","TX","48",93582.0501774261,120623.118558732,214205.168736158,0.492329809435112,0.634591322383903,1.12692113181902
"4827","Texas A&M University",30242.8617470045,2761.50295883905,33004.3647058436,"Texas","Michael Cloud","Republican","TX","48",79841.1550120919,7290.36781133509,87131.522823427,0.420039746486174,0.0383542077616535,0.458393954247827
"4827","Texas State University - San Marcos",19512.270013979,5970.12087281879,25482.3908867978,"Texas","Michael Cloud","Republican","TX","48",51512.3928369045,15761.1191042416,67273.5119411461,0.271003750194153,0.0829183454558166,0.353922095649969
"4827","University of Texas at San Antonio",10069.9955382989,13651.5289219955,23721.5244602944,"Texas","Michael Cloud","Republican","TX","48",26584.7882211092,36040.0363540681,62624.8245751773,0.139861049143041,0.189604568361048,0.329465617504089
"4828","University of Texas at Austin",52401.0162390067,67542.5894432955,119943.605682302,"Texas","Henry Cuellar","Democrat","TX","48",138338.682870978,178312.4361303,316651.119001278,0.727791892208427,0.93809152004577,1.6658834122542
"4828","University of Texas at San Antonio",30762.6083212669,41703.756036096,72466.3643573628,"Texas","Henry Cuellar","Democrat","TX","48",81213.2859681445,110097.915935293,191311.201903438,0.427258448906484,0.579218833834666,1.00647728274115
"4828","Texas A&M International University",0,51643.3988585921,51643.3988585921,"Texas","Henry Cuellar","Democrat","TX","48",0,136338.572986683,136338.572986683,0,0.717269428591557,0.717269428591557
"4828","Texas A&M Engineering Experiment Station",1265.09958729094,20278.0693101398,21543.1688974308,"Texas","Henry Cuellar","Democrat","TX","48",3339.86291044807,53534.1029787692,56873.9658892172,0.017570827601263,0.28163985152972,0.299210679130983
"4828","Texas State University - San Marcos",15830.709633983,4843.68297228695,20674.3926062699,"Texas","Henry Cuellar","Democrat","TX","48",41793.073433715,12787.3230468375,54580.3964805525,0.219870967138652,0.0672733746150965,0.287144341753749
"4829","University of Houston",88320.812391632,119629.550758877,207950.363150509,"Texas","Sylvia R. Garcia","Democrat","TX","48",233166.944713908,315822.014003435,548988.958717344,1.22667794988378,1.66152153831774,2.88819948820151
"4829","William Marsh Rice University",93778.4951619743,98424.6286543757,192203.12381635,"Texas","Sylvia R. Garcia","Democrat","TX","48",247575.227227612,259841.019647552,507416.246875164,1.30247909947186,1.36700873131077,2.66948783078264
"4829","University of Texas at Austin",43153.778079182,55623.3089533021,98777.0870324841,"Texas","Sylvia R. Garcia","Democrat","TX","48",113925.97412904,146845.535636718,260771.509765758,0.599358028877528,0.772545957684752,1.37190398656228
"4829","Texas A&M Engineering Experiment Station",3253.1132244624,52143.6067975024,55396.7200219648,"Texas","Sylvia R. Garcia","Democrat","TX","48",8588.21891258075,137659.121945406,146247.340857987,0.0451821281175334,0.724216761076423,0.769398889193956
"4829","Texas A&M University",17956.6991622839,1639.64238181069,19596.3415440946,"Texas","Sylvia R. Garcia","Democrat","TX","48",47405.6857884296,4328.65588798021,51734.3416764098,0.249398599476166,0.0227728108584818,0.272171410334647
"4830","University of Texas at Arlington",46470.3889977834,28453.5950764313,74923.9840742147,"Texas","Jasmine Crockett","Democrat","TX","48",122681.826954148,75117.4910017788,197799.317955927,0.645422069413658,0.395188820505991,1.04061088991965
"4830","University of North Texas",26026.2393236895,41762.7885401729,67789.0278638624,"Texas","Jasmine Crockett","Democrat","TX","48",68709.2718145403,110253.761746056,178963.033560597,0.361475546162354,0.580038729724623,0.941514275886978
"4830","Southern Methodist University",32652.4905445841,33635.5013371515,66287.9918817355,"Texas","Jasmine Crockett","Democrat","TX","48",86202.5750377019,88797.7235300799,175000.298567782,0.453506813119223,0.46715974079377,0.920666553912993
"4830","University of Texas at Dallas",24809.8550751526,38341.9246831849,63151.7797583376,"Texas","Jasmine Crockett","Democrat","TX","48",65498.017398403,101222.681163608,166720.698562011,0.344581320488231,0.532526731710902,0.877108052199133
"4830","University of Texas at Austin",13870.8572397371,17878.92073499,31749.777974727,"Texas","Jasmine Crockett","Democrat","TX","48",36619.0631129059,47200.3507403735,83819.4138532794,0.192650794996348,0.248318343541527,0.440969138537876
"4831","University of Texas at Austin",131002.540597517,168856.473608239,299859.014205755,"Texas","John R. Carter","Republican","TX","48",345846.707177444,445781.09032575,791627.797503194,1.81947973052107,2.34522880011443,4.16470853063549
"4831","Texas A&M Engineering Experiment Station",6144.76942398454,98493.4795063934,104638.248930378,"Texas","John R. Carter","Republican","TX","48",16222.1912793192,260022.785896879,276244.977176198,0.0853440197775631,1.36796499314435,1.45330901292192
"4831","Texas A&M University",51034.8291980701,4660.0362430409,55694.865441111,"Texas","John R. Carter","Republican","TX","48",134731.949082905,12302.495681628,147034.444764533,0.708817072195418,0.0647227255977902,0.773539797793208
"4831","Baylor University",39882.1698452789,10803.9472658678,50686.1171111467,"Texas","John R. Carter","Republican","TX","48",105288.928391536,28522.420781891,133811.349173427,0.553919025628874,0.150054823137053,0.703973848765927
"4831","University of Houston",6542.28239938014,8861.44820436126,15403.7306037414,"Texas","John R. Carter","Republican","TX","48",17271.6255343636,23394.2232595137,40665.8487938773,0.0908650333247242,0.123075669505017,0.213940702829742
"4832","University of Texas at Dallas",272908.405826679,421761.171515034,694669.577341713,"Texas","Julie Johnson","Democrat","TX","48",720478.191382433,1113449.49279969,1833927.68418212,3.79039452537054,5.85779404881992,9.64818857419046
"4832","Southern Methodist University",75626.1706291228,77902.914016506,153529.084645629,"Texas","Julie Johnson","Democrat","TX","48",199653.090460884,205663.693003576,405316.78346446,1.05036348096004,1.08198491689592,2.13234839785596
"4832","University of Texas at Austin",26200.5081195034,33771.2947216477,59971.8028411511,"Texas","Julie Johnson","Democrat","TX","48",69169.3414354889,89156.21806515,158325.559500639,0.363895946104213,0.469045760022885,0.832941706127098
"4832","University of North Texas",17524.3344779509,28120.2776170497,45644.6120950007,"Texas","Julie Johnson","Democrat","TX","48",46264.2430217905,74237.5329090113,120501.775930802,0.243393534415985,0.390559411347913,0.633952945763898
"4832","Texas A&M Engineering Experiment Station",1626.5566122312,26071.8033987512,27698.3600109824,"Texas","Julie Johnson","Democrat","TX","48",4294.10945629037,68829.5609727032,73123.6704289936,0.0225910640587667,0.362108380538211,0.384699444596978
"4833","University of Texas at Dallas",49619.7101503053,76683.8493663699,126303.559516675,"Texas","Marc A. Veasey","Democrat","TX","48",130996.034796806,202445.362327216,333441.397124022,0.689162640976462,1.0650534634218,1.75421610439827
"4833","University of Texas at Arlington",51281.7171515943,31399.5481020215,82681.2652536157,"Texas","Marc A. Veasey","Democrat","TX","48",135383.733280209,82894.8069893367,218278.540269546,0.71224607154992,0.436104834750298,1.14835090630022
"4833","University of Texas at Austin",30824.1271994157,39730.9349666444,70555.0621660601,"Texas","Marc A. Veasey","Democrat","TX","48",81375.6958064575,104889.668311941,186265.364118399,0.428112877769663,0.551818541203394,0.979931418973057
"4833","Southern Methodist University",15513.0606418714,15980.0849264628,31493.1455683341,"Texas","Marc A. Veasey","Democrat","TX","48",40954.4800945404,42187.4242058617,83141.9043004021,0.215459175581547,0.221945623978649,0.437404799560196
"4833","University of North Texas",11798.5618267392,18932.4641382117,30731.025964951,"Texas","Marc A. Veasey","Democrat","TX","48",31148.2032225916,49981.7053248789,81129.9085474705,0.163868914260267,0.262950890808496,0.426819805068763
"4834","Texas A&M University-Kingsville",0,63576.9610642859,63576.9610642859,"Texas","Vicente Gonzalez","Democrat","TX","48",0,167843.177209715,167843.177209715,0,0.883013348115081,0.883013348115081
"4834","University of Texas at Austin",15412.0635997079,19865.4674833222,35277.53108303,"Texas","Vicente Gonzalez","Democrat","TX","48",40687.8479032287,52444.8341559706,93132.6820591993,0.214056438884831,0.275909270601697,0.489965709486528
"4834","University of Texas at San Antonio",2701.70612003142,3662.60532053537,6364.3114405668,"Texas","Vicente Gonzalez","Democrat","TX","48",7132.50415688295,9669.27804621339,16801.7822030963,0.0375236961115475,0.0508695183407691,0.0883932144523166
"4834","The University of Texas Rio Grande Valley",2719.57976491885,2934.52503750186,5654.10480242071,"Texas","Vicente Gonzalez","Democrat","TX","48",7179.69057938577,7747.14609900491,14926.8366783907,0.0377719411794285,0.0407572921875258,0.0785292333669543
"4834","Texas A&M University",3780.35771837556,345.187869854881,4125.54558823044,"Texas","Vicente Gonzalez","Democrat","TX","48",9980.14437651149,911.295976416887,10891.4403529284,0.0525049683107717,0.00479427597020669,0.0572992442809784
"4835","University of Texas at Austin",428455.368071878,552259.996036357,980715.364108235,"Texas","Greg Casar","Democrat","TX","48",1131122.17170976,1457966.38953598,2589088.56124574,5.95076900099831,7.67027772272718,13.6210467237255
"4835","Texas State University - San Marcos",110814.967437881,33905.7808060086,144720.748243889,"Texas","Greg Casar","Democrat","TX","48",292551.514036005,89511.2613278628,382062.775363868,1.53909676997057,0.470913622305675,2.01001039227624
"4835","University of Texas at San Antonio",35674.8012667785,48363.0384370694,84037.8397038479,"Texas","Greg Casar","Democrat","TX","48",94181.4753442953,127678.421473863,221859.896818158,0.49548335092748,0.671708867181519,1.167192218109
"4835","Texas A&M Engineering Experiment Station",2349.47066211174,37659.271575974,40008.7422380857,"Texas","Greg Casar","Democrat","TX","48",6202.60254797499,99420.4769605713,105623.079508546,0.0326315369737741,0.523045438555194,0.555676975528968
"4835","Trinity University",15721.2927527776,10795.332822848,26516.6255756256,"Texas","Greg Casar","Democrat","TX","48",41504.2128673328,28499.6786523187,70003.8915196515,0.218351288233022,0.149935178095111,0.368286466328133
"4836","University of Houston",114489.941989153,155075.343576322,269565.285565474,"Texas","Brian Babin","Republican","TX","48",302253.446851363,409398.90704149,711652.353892853,1.59013808318267,2.15382421633781,3.74396229952048
"4836","William Marsh Rice University",50224.4660281703,52712.7718316322,102937.237859803,"Texas","Brian Babin","Republican","TX","48",132592.59031437,139161.717635509,271754.307949879,0.697562028169032,0.732121830994891,1.42968385916392
"4836","University of Texas at Austin",21576.889039591,27811.6544766511,49388.5435162421,"Texas","Brian Babin","Republican","TX","48",56962.9870645202,73422.7678183588,130385.754882879,0.299679014438764,0.386272978842376,0.68595199328114
"4836","Texas A&M Engineering Experiment Station",1988.01363717147,31865.5374873626,33853.5511245341,"Texas","Brian Babin","Republican","TX","48",5248.35600213268,84125.0189666372,89373.3749687699,0.0276113005162704,0.442576909546703,0.470188210062973
"4836","Texas A&M University",24572.3251694412,2243.72115405673,26816.0463234979,"Texas","Brian Babin","Republican","TX","48",64870.9384473247,5923.42384670976,70794.3622940344,0.341282294020016,0.0311627938063435,0.37244508782636
"4837","University of Texas at Austin",957089.149541858,1233645.53071431,2190734.68025617,"Texas","Lloyd Doggett","Democrat","TX","48",2526715.3547905,3256824.20108577,5783539.55587628,13.292904854748,17.1339657043654,30.4268705591134
"4837","Texas A&M Engineering Experiment Station",3253.1132244624,52143.6067975024,55396.7200219648,"Texas","Lloyd Doggett","Democrat","TX","48",8588.21891258075,137659.121945406,146247.340857987,0.0451821281175334,0.724216761076423,0.769398889193956
"4837","University of Houston",16355.7059984504,22153.6205109031,38509.3265093535,"Texas","Lloyd Doggett","Democrat","TX","48",43179.0638359089,58485.5581487843,101664.621984693,0.227162583311811,0.307689173762544,0.534851757074354
"4837","Texas A&M University",25517.4145990351,2330.01812152045,27847.4327205555,"Texas","Lloyd Doggett","Democrat","TX","48",67365.9745414525,6151.24784081399,73517.2223822665,0.354408536097709,0.0323613627988951,0.386769898896604
"4837","Texas State University - San Marcos",15094.3975579837,4618.39539218058,19712.7929501643,"Texas","Lloyd Doggett","Democrat","TX","48",39849.2095530771,12192.5638353567,52041.7733884338,0.209644410527552,0.0641443804469524,0.273788790974504
"4838","University of Houston",107947.659589772,146213.895371961,254161.554961733,"Texas","Wesley Hunt","Republican","TX","48",284981.821316999,386004.683781976,670986.505098975,1.49927304985795,2.03074854683279,3.53002159669074
"4838","William Marsh Rice University",94955.6310845095,99660.0842441796,194615.715328689,"Texas","Wesley Hunt","Republican","TX","48",250682.866063105,263102.622404634,513785.488467739,1.31882820950708,1.38416783672472,2.70299604623179
"4838","University of Texas at Austin",47777.3971590944,61582.9491982988,109360.346357393,"Texas","Wesley Hunt","Republican","TX","48",126132.328500009,162578.985883509,288711.314383518,0.663574960542977,0.855318738865261,1.51889369940824
"4838","Texas A&M Engineering Experiment Station",3072.38471199227,49246.7397531967,52319.124465189,"Texas","Wesley Hunt","Republican","TX","48",8111.09563965959,130011.392948439,138122.488588099,0.0426720098887815,0.683982496572177,0.726654506460958
"4838","Texas A&M University",31187.9511765984,2847.79992630277,34035.7511029012,"Texas","Wesley Hunt","Republican","TX","48",82336.1911062198,7518.19180543932,89854.3829116591,0.433165988563867,0.0395527767542052,0.472718765318072
"4901","University of Utah",1450793.58452293,403671.879229369,1854465.4637523,"Utah","Blake Moore","Republican","UT","49",3830095.06314054,1065693.76116554,4895788.82430608,20.1499108961518,5.60655387818569,25.7564647743375
"4901","Utah State University",382506.141825441,457435.145155861,839941.286981302,"Utah","Blake Moore","Republican","UT","49",1009816.21441916,1207628.78321147,2217444.99763064,5.31258530313112,6.35326590494252,11.6658512080736
"4901","Brigham Young University",10182.3586409267,7634.37721155043,17816.7358524772,"Utah","Blake Moore","Republican","UT","49",26881.4268120466,20154.7558384931,47036.1826505397,0.141421647790649,0.106033016827089,0.247454664617739
"4901","Perez, Evan Hunt",11514.3335156542,0,11514.3335156542,"Utah","Blake Moore","Republican","UT","49",30397.840481327,0,30397.840481327,0.15992129882853,0,0.15992129882853
"4901","Arizona State University",398.356813061698,1747.21970260863,2145.57651567033,"Utah","Blake Moore","Republican","UT","49",1051.66198648288,4612.66001488678,5664.32200136967,0.0055327335147458,0.0242669403140088,0.0297996738287546
"4902","University of Utah",1606725.6201459,447058.739030436,2053784.35917633,"Utah","Celeste Maloy","Republican","UT","49",4241755.63718517,1180235.07104035,5421990.70822552,22.3156336131375,6.2091491532005,28.524782766338
"4902","Southern Utah University",62797.4921670647,0,62797.4921670647,"Utah","Celeste Maloy","Republican","UT","49",165785.379321051,0,165785.379321051,0.872187391209232,0,0.872187391209232
"4902","Utah State University",11250.1806419247,13453.9748575253,24704.1554994501,"Utah","Celeste Maloy","Republican","UT","49",29700.4768946813,35518.4936238669,65218.9705185482,0.156252508915621,0.186860761910074,0.343113270825695
"4902","Brigham Young University",9299.8875587131,6972.73118654939,16272.6187452625,"Utah","Celeste Maloy","Republican","UT","49",24551.7031550026,18408.0103324904,42959.713487493,0.129165104982126,0.0968434887020749,0.226008593684201
"4902","Perez, Evan Hunt",12751.8999641769,0,12751.8999641769,"Utah","Celeste Maloy","Republican","UT","49",33665.0159054271,0,33665.0159054271,0.17710972172468,0,0.17710972172468
"4903","University of Utah",1079733.09234606,300427.222110164,1380160.31445623,"Utah","Mike Kennedy","Republican","UT","49",2850495.3637936,793127.866370834,3643623.23016443,14.9962929492508,4.17260030708561,19.1688932563365
"4903","Brigham Young University",340769.602516348,255497.157346554,596266.759862903,"Utah","Mike Kennedy","Republican","UT","49",899631.75064316,674512.495394903,1574144.24603806,4.7329111460604,3.54857162981325,8.28148277587365
"4903","Utah State University",28125.4516048118,33634.9371438133,61760.3887486252,"Utah","Mike Kennedy","Republican","UT","49",74251.1922367033,88796.2340596672,163047.42629637,0.390631272289053,0.467151904775185,0.857783177064238
"4903","Perez, Evan Hunt",8569.38372611382,0,8569.38372611382,"Utah","Mike Kennedy","Republican","UT","49",22623.1730369405,0,22623.1730369405,0.119019218418247,0,0.119019218418247
"4903","Arizona State University",398.356813061698,1747.21970260863,2145.57651567033,"Utah","Mike Kennedy","Republican","UT","49",1051.66198648288,4612.66001488678,5664.32200136967,0.0055327335147458,0.0242669403140088,0.0297996738287546
"4904","University of Utah",1083342.6302077,301431.547568522,1384774.17777623,"Utah","Burgess Owens","Republican","UT","49",2860024.54374834,795779.285580899,3655803.82932924,15.0464254195514,4.18654927178503,19.2329746913365
"4904","Brigham Young University",117708.065889113,88253.4005655229,205961.466454636,"Utah","Burgess Owens","Republican","UT","49",310749.293947259,232988.977492981,543738.271440239,1.63483424845991,1.22574167452115,2.86057592298106
"4904","Utah State University",22500.3612838495,26907.9497150507,49408.3109989001,"Utah","Burgess Owens","Republican","UT","49",59400.9537893626,71036.9872477337,130437.941037096,0.312505017831243,0.373721523820148,0.686226541651391
"4904","Perez, Evan Hunt",8598.0310976074,0,8598.0310976074,"Utah","Burgess Owens","Republican","UT","49",22698.8020976835,0,22698.8020976835,0.119417098577881,0,0.119417098577881
"4904","Southern Utah University",773.108465403147,0,773.108465403147,"Utah","Burgess Owens","Republican","UT","49",2041.00634866431,0,2041.00634866431,0.0107376175750437,0,0.0107376175750437
"5000","University of Vermont & State Agricultural College",498763.526716738,410343.04430591,909106.571022648,"Vermont","Becca Balint","Democrat","VT","50",1316735.71053219,1083305.6369676,2400041.34749979,6.92727120439914,5.69920894869319,12.6264801530923
"5000","Dartmouth College",132394.131467975,52959.6682126594,185353.799680635,"Vermont","Becca Balint","Democrat","VT","50",349520.507075455,139813.524081421,489334.031156875,1.83880738149966,0.735550947398047,2.5743583288977
"5000","VETERANS EDUCATION AND RESEARCH ASSOCIATION OF NORTHERN NEW ENGL",0,44146.085735622,44146.085735622,"Vermont","Becca Balint","Democrat","VT","50",0,116545.666342042,116545.666342042,0,0.613140079661417,0.613140079661417
"5000","Rensselaer Polytechnic Institute",1604.8914116219,6864.00028100826,8468.89169263016,"Vermont","Becca Balint","Democrat","VT","50",4236.91332668181,18120.9607418618,22357.8740685436,0.0222901584947486,0.0953333372362259,0.117623495730974
"5000","University of Massachusetts Amherst",1189.47519094201,6053.84563742817,7243.32082837018,"Vermont","Becca Balint","Democrat","VT","50",3140.2145040869,15982.1524828104,19122.3669868973,0.0165204887630835,0.0840811894087246,0.100601678171808
"5101","Virginia Commonwealth University",89407.6898298648,95133.2609664608,184540.950796326,"Virginia","Robert J. Wittman","Republican","VA","51",236036.301150843,251151.808951457,487188.1101023,1.24177346985923,1.32129529120084,2.56306876106008
"5101","College of William and Mary",144516.940546519,0,144516.940546519,"Virginia","Robert J. Wittman","Republican","VA","51",381524.723042811,0,381524.723042811,2.00717972981277,0,2.00717972981277
"5101","University of Virginia Main Campus",29201.5721414951,57483.0965021908,86684.6686436859,"Virginia","Robert J. Wittman","Republican","VA","51",77092.150453547,151755.374765784,228847.525219331,0.405577390854098,0.798376340308206,1.2039537311623
"5101","Virginia Polytechnic Institute and State University",43196.3015946902,41366.9370272454,84563.2386219357,"Virginia","Robert J. Wittman","Republican","VA","51",114038.236209982,109208.713751928,223246.94996191,0.599948633259587,0.574540792045076,1.17448942530466
"5101","University of Richmond",79472.6273618537,0,79472.6273618537,"Virginia","Robert J. Wittman","Republican","VA","51",209807.736235294,0,209807.736235294,1.10378649113686,0,1.10378649113686
"5102","Old Dominion University Research Foundation",61179.4638488382,40358.2361242355,101537.699973074,"Virginia","Jennifer A. Kiggans","Republican","VA","51",161513.784560933,106545.743367982,268059.527928915,0.849714775678308,0.560531057281048,1.41024583295936
"5102","Virginia Polytechnic Institute and State University",35748.6633887092,34234.7065053066,69983.3698940157,"Virginia","Jennifer A. Kiggans","Republican","VA","51",94376.4713461922,90379.6251740094,184756.096520202,0.496509213732072,0.475482034795925,0.971991248527996
"5102","University of Virginia Main Campus",14308.7703493326,28166.7172860735,42475.4876354061,"Virginia","Jennifer A. Kiggans","Republican","VA","51",37775.153722238,74360.133635234,112135.287357472,0.198732921518508,0.391204406751021,0.589937328269529
"5102","Norfolk State University",0,29777.6649816696,29777.6649816696,"Virginia","Jennifer A. Kiggans","Republican","VA","51",0,78613.0355516078,78613.0355516078,0,0.413578680300967,0.413578680300967
"5102","Virginia Commonwealth University",6090.1229645703,6480.12781013356,12570.2507747039,"Virginia","Jennifer A. Kiggans","Republican","VA","51",16077.9246264656,17107.5374187526,33185.4620452182,0.0845850411745875,0.090001775140744,0.174586816315331
"5103","Old Dominion University Research Foundation",102790.496246026,67807.7717234398,170598.267969466,"Virginia","Robert C. “Bobby” Scott","Democrat","VA","51",271366.910089509,179012.517349881,450379.427439389,1.4276457811948,0.941774607269997,2.3694203884648
"5103","Virginia Polytechnic Institute and State University",32769.6081063167,31381.814296531,64151.4224028478,"Virginia","Robert C. “Bobby” Scott","Democrat","VA","51",86511.7654006762,82847.9897428419,169359.755143518,0.455133445921066,0.435858531896264,0.89099197781733
"5103","University of Virginia Main Campus",20149.0847776316,39663.3365865117,59812.4213641433,"Virginia","Robert C. “Bobby” Scott","Democrat","VA","51",53193.5838129474,104711.208588391,157904.792401338,0.279848399689328,0.550879674812662,0.83072807450199
"5103","Christopher Newport University",53773.5302466465,0,53773.5302466465,"Virginia","Robert C. “Bobby” Scott","Democrat","VA","51",141962.119851147,0,141962.119851147,0.74685458675898,0,0.74685458675898
"5103","Norfolk State University",0,43174.2226898239,43174.2226898239,"Virginia","Robert C. “Bobby” Scott","Democrat","VA","51",0,113979.947901135,113979.947901135,0,0.59964198180311,0.59964198180311
"5104","Virginia Commonwealth University",136863.801853786,145628.410748502,282492.212602287,"Virginia","Jennifer McClellan","Democrat","VA","51",361320.436893994,384459.004376044,745779.441270038,1.90088613685813,2.02261681595141,3.92350295280955
"5104","University of Virginia Main Campus",28617.5406986652,56333.434572147,84950.9752708122,"Virginia","Jennifer McClellan","Democrat","VA","51",75550.307444476,148720.267270468,224270.574714944,0.397465843037016,0.782408813502042,1.17987465653906
"5104","Virginia Polytechnic Institute and State University",38727.7186711016,37087.5987140821,75815.3173851837,"Virginia","Jennifer McClellan","Democrat","VA","51",102241.177291708,97911.2606051768,200152.437896885,0.537884981543078,0.515105537695585,1.05299051923866
"5104","University of Richmond",73316.2970732594,0,73316.2970732594,"Virginia","Jennifer McClellan","Democrat","VA","51",193555.024273405,0,193555.024273405,1.01828190379527,0,1.01828190379527
"5104","North Carolina State University",3671.84464529082,16645.2514179392,20317.0960632301,"Virginia","Jennifer McClellan","Democrat","VA","51",9693.66986356778,43943.4637433596,53637.1336069274,0.0509978422957059,0.231184047471378,0.282181889767084
"5105","University of Virginia Main Campus",760408.938564532,1496859.83291705,2257268.77148158,"Virginia","John J. McGuire III","Republican","VA","51",2007479.59781036,3951709.95890101,5959189.55671137,10.5612352578407,20.7897199016257,31.3509551594664
"5105","Virginia Polytechnic Institute and State University",141505.12591364,135512.379916839,277017.505830479,"Virginia","John J. McGuire III","Republican","VA","51",373573.532412011,357752.682980454,731326.215392465,1.96534897102278,1.88211638773387,3.84746535875665
"5105","Virginia Commonwealth University",14218.0947672853,15128.6060798118,29346.7008470971,"Virginia","John J. McGuire III","Republican","VA","51",37535.7701856331,39939.5200507032,77475.2902363364,0.197473538434518,0.210119528886275,0.407593067320793
"5105","Longwood University",0,21923.8960509497,21923.8960509497,"Virginia","John J. McGuire III","Republican","VA","51",0,57879.0855745072,57879.0855745072,0,0.30449855626319,0.30449855626319
"5105","North Carolina State University",3671.84464529082,16645.2514179392,20317.0960632301,"Virginia","John J. McGuire III","Republican","VA","51",9693.66986356778,43943.4637433596,53637.1336069274,0.0509978422957059,0.231184047471378,0.282181889767084
"5106","Virginia Polytechnic Institute and State University",321737.970498382,308112.358547759,629850.329046142,"Virginia","Ben Cline","Republican","VA","51",849388.24211573,813416.626566084,1662804.86868181,4.46858292358865,4.27933831316332,8.74792123675197
"5106","University of Virginia Main Campus",108629.848366362,213837.11898815,322466.967354511,"Virginia","Ben Cline","Republican","VA","51",286782.799687195,564529.994128715,851312.79381591,1.50874789397725,2.96995998594653,4.47870787992377
"5106","James Madison University",85302.8082465959,0,85302.8082465959,"Virginia","Ben Cline","Republican","VA","51",225199.413771013,0,225199.413771013,1.18476122564717,0,1.18476122564717
"5106","Duke University",10775.078992523,2200.74787691771,12975.8268694407,"Virginia","Ben Cline","Republican","VA","51",28446.2085402607,5809.97439506276,34256.1829353234,0.149653874896153,0.0305659427349682,0.180219817631121
"5106","George Mason University",2813.05909273819,6477.13081144072,9290.18990417891,"Virginia","Ben Cline","Republican","VA","51",7426.47600482882,17099.6253422035,24526.1013470323,0.0390702651769193,0.0899601501588989,0.129030415335818
"5107","University of Virginia Main Campus",100745.423888158,198316.682932558,299062.106820716,"Virginia","Eugene Simon Vindman","Democrat","VA","51",265967.919064737,523556.042941954,789523.962006691,1.39924199844664,2.75439837406331,4.15364037250995
"5107","Virginia Polytechnic Institute and State University",38727.7186711016,37087.5987140821,75815.3173851837,"Virginia","Eugene Simon Vindman","Democrat","VA","51",102241.177291708,97911.2606051768,200152.437896885,0.537884981543078,0.515105537695585,1.05299051923866
"5107","George Washington University",11215.8876875174,44998.3134669058,56214.2011544232,"Virginia","Eugene Simon Vindman","Democrat","VA","51",29609.943495046,118795.547552631,148405.491047677,0.155776217882187,0.624976575929247,0.780752793811434
"5107","George Mason University",14223.0370950595,32748.8576541068,46971.8947491663,"Virginia","Eugene Simon Vindman","Democrat","VA","51",37548.817930957,86456.984206842,124005.802137799,0.197542181875826,0.454845245195928,0.652387427071754
"5107","American University",0,32080.2733783072,32080.2733783072,"Virginia","Eugene Simon Vindman","Democrat","VA","51",0,84691.921718731,84691.921718731,0,0.445559352476489,0.445559352476489
"5108","American University",0,409640.413907615,409640.413907615,"Virginia","Donald S. Beyer, Jr.","Democrat","VA","51",0,1081450.6927161,1081450.6927161,0,5.68945019316132,5.68945019316132
"5108","George Washington University",45691.4170808977,183314.666287324,229006.083368222,"Virginia","Donald S. Beyer, Jr.","Democrat","VA","51",120625.34109357,483950.718998535,604576.060092105,0.634603015012467,2.54603703176839,3.18064004678086
"5108","University of Maryland, College Park",47531.7444901134,73611.1316690148,121142.876159128,"Virginia","Donald S. Beyer, Jr.","Democrat","VA","51",125483.805453899,194333.387606199,319817.193060099,0.660163117918242,1.02237682873632,1.68253994665456
"5108","The National GEM Consortium",111776.824822528,0,111776.824822528,"Virginia","Donald S. Beyer, Jr.","Democrat","VA","51",295090.817531474,0,295090.817531474,1.55245590031289,0,1.55245590031289
"5108","Georgetown University",76117.7444209914,25676.9550867834,101794.699507775,"Virginia","Donald S. Beyer, Jr.","Democrat","VA","51",200950.845271417,67787.1614291083,268738.006700526,1.05719089473599,0.356624376205326,1.41381527094132
"5109","Virginia Polytechnic Institute and State University",2451762.49740897,2347930.28782228,4799692.78523125,"Virginia","H. Morgan Griffith","Republican","VA","51",6472652.99315968,6198535.95985081,12671188.9530105,34.0522569084579,32.6101428864205,66.6623997948784
"5109","University of Virginia Main Campus",17520.943284897,34489.8579013145,52010.8011862115,"Virginia","H. Morgan Griffith","Republican","VA","51",46255.2902721282,91053.2248594702,137308.515131598,0.243346434512459,0.479025804184923,0.722372238697382
"5109","North Carolina State University",4895.79286038777,22193.6685572523,27089.4614176401,"Virginia","H. Morgan Griffith","Republican","VA","51",12924.8931514237,58591.2849911461,71516.1781425698,0.0679971230609412,0.308245396628504,0.376242519689446
"5109","University of Tennessee Knoxville",8934.89110833577,5844.80982849131,14779.7009368271,"Virginia","H. Morgan Griffith","Republican","VA","51",23588.1125260064,15430.2979472171,39018.4104732235,0.124095709837997,0.0811779142846015,0.205273624122598
"5109","Duke University",4617.89099679556,943.177661536162,5561.06865833172,"Virginia","H. Morgan Griffith","Republican","VA","51",12191.2322315403,2489.98902645547,14681.2212579958,0.0641373749554939,0.0130996897435578,0.0772370646990517
"5110","George Mason University",26710.9162450654,61502.4757422783,88213.3919873437,"Virginia","Suhas Subramanyam","Democrat","VA","51",70516.8188869728,162366.535959615,232883.354846587,0.370984947848131,0.854201051976087,1.22518599982422
"5110","University of Virginia Main Campus",28325.5249772502,55758.6036071251,84084.1285843753,"Virginia","Suhas Subramanyam","Democrat","VA","51",74779.3859399406,147202.71352281,221982.099462751,0.393410069128475,0.77442505009896,1.16783511922743
"5110","American University",0,74031.4001037859,74031.4001037859,"Virginia","Suhas Subramanyam","Democrat","VA","51",0,195442.896273995,195442.896273995,0,1.02821389033036,1.02821389033036
"5110","Virginia Polytechnic Institute and State University",34259.135747513,32808.2604009188,67067.3961484317,"Virginia","Suhas Subramanyam","Democrat","VA","51",90444.1183734342,86613.8074584256,177057.92583186,0.475821329826569,0.455670283346094,0.931491613172663
"5110","George Washington University",11692.1943436102,46909.2630782405,58601.4574218507,"Virginia","Suhas Subramanyam","Democrat","VA","51",30867.3930671309,123840.454526555,154707.847593686,0.162391588105697,0.65151754275334,0.813909130859038
"5111","George Mason University",66120.0338152949,152242.841035266,218362.87485056,"Virginia","James R. Walkinshaw","Democrat","VA","51",174556.889272378,401921.100333101,576477.98960548,0.918333802990207,2.11448390326758,3.03281770625778
"5111","American University",0,191659.069157579,191659.069157579,"Virginia","James R. Walkinshaw","Democrat","VA","51",0,505979.942576008,505979.942576008,0,2.66193151607749,2.66193151607749
"5111","George Washington University",26718.5352798697,107195.173435824,133913.708715694,"Virginia","James R. Walkinshaw","Democrat","VA","51",70536.9331388559,282995.257870576,353532.191009432,0.371090767775968,1.48882185327533,1.8599126210513
"5111","University of Maryland, College Park",31877.0914413218,49367.1923991857,81244.2838405075,"Virginia","James R. Walkinshaw","Democrat","VA","51",84155.5214050896,130329.38793385,214484.90933894,0.44273738112947,0.68565544998869,1.12839283111816
"5111","Virginia Polytechnic Institute and State University",35748.6633887092,34234.7065053066,69983.3698940157,"Virginia","James R. Walkinshaw","Democrat","VA","51",94376.4713461922,90379.6251740094,184756.096520202,0.496509213732072,0.475482034795925,0.971991248527996
"5301","University of Washington",280497.704666396,585160.51120796,865658.215874356,"Washington","Suzan K. DelBene","Democrat","WA","53",740513.940319285,1544823.74958901,2285337.6899083,3.89580145369994,8.12722932233278,12.0230307760327
"5301","Western Washington University",13926.4051102037,1927.24381731426,15853.648927518,"Washington","Suzan K. DelBene","Democrat","WA","53",36765.7094909379,5087.92367770964,41853.6331686475,0.193422293197274,0.0267672752404758,0.22018956843775
"5301","Washington State University",1280.29415850792,3416.5679112102,4696.86206971812,"Washington","Suzan K. DelBene","Democrat","WA","53",3379.9765784609,9019.73928559493,12399.7158640558,0.01778186331261,0.0474523321001417,0.0652341954127517
"5301","Harvard University",1244.74623552631,241.050448413807,1485.79668394011,"Washington","Suzan K. DelBene","Democrat","WA","53",3286.13006178945,636.37318381245,3922.5032456019,0.0172881421600876,0.0033479228946362,0.0206360650547238
"5301","University of California - Merced",544.811265789998,867.071880275515,1411.88314606551,"Washington","Suzan K. DelBene","Democrat","WA","53",1438.30174168559,2289.06976392736,3727.37150561295,0.00756682313597219,0.0120426650038266,0.0196094881397988
"5302","Western Washington University",560076.388648916,77507.7091830722,637584.097831989,"Washington","Rick Larsen","Democrat","WA","53",1478601.66603314,204620.352243311,1683222.01827645,7.77883873123495,1.076495960876,8.85533469211095
"5302","University of Washington",196598.837645644,410134.822587722,606733.660233366,"Washington","Rick Larsen","Democrat","WA","53",519020.931384499,1082755.93163159,1601776.86301609,2.73053941174505,5.69631698038503,8.42685639213008
"5302","Swinomish Indian Tribal Community",0,26888.3204816226,26888.3204816226,"Washington","Rick Larsen","Democrat","WA","53",0,70985.1660714837,70985.1660714837,0,0.373448895578092,0.373448895578092
"5302","Purdue University",1877.1043280715,2676.13545548725,4553.23978355875,"Washington","Rick Larsen","Democrat","WA","53",4955.55542610875,7064.99760248635,12020.5530285951,0.0260708934454374,0.0371685479928785,0.063239441438316
"5302","Washington State University",1024.23532680633,2733.25432896816,3757.4896557745,"Washington","Rick Larsen","Democrat","WA","53",2703.98126276872,7215.79142847595,9919.77269124467,0.014225490650088,0.0379618656801134,0.0521873563302013
"5303","University of Washington",35062.2130832995,73145.063900995,108207.276984294,"Washington","Marie Gluesenkamp Perez","Democrat","WA","53",92564.2425399107,193102.968698627,285667.211238537,0.486975181712493,1.0159036652916,1.50287884700409
"5303","Portland State University",11502.3342556319,50754.0882193275,62256.4224749594,"Washington","Marie Gluesenkamp Perez","Democrat","WA","53",30366.1624348681,133990.792899025,164356.955333893,0.159754642439331,0.704917891935104,0.864672534374436
"5303","Oregon State University",1947.93148188637,9453.4745430633,11401.4060249497,"Washington","Marie Gluesenkamp Perez","Democrat","WA","53",5142.53911218001,24957.1727936871,30099.7119058671,0.0270546039150884,0.131298257542546,0.158352861457634
"5303","Reed College",10539.4185851854,0,10539.4185851854,"Washington","Marie Gluesenkamp Perez","Democrat","WA","53",27824.0650648893,0,27824.0650648893,0.14638081368313,0,0.14638081368313
"5303","Oregon Health & Science University",0,5743.58744657156,5743.58744657156,"Washington","Marie Gluesenkamp Perez","Democrat","WA","53",0,15163.0708589489,15163.0708589489,0,0.0797720478690495,0.0797720478690495
"5304","University of Washington",21287.7722291461,44409.503082747,65697.2753118931,"Washington","Dan Newhouse","Republican","WA","53",56199.7186849458,117241.088138452,173440.806823398,0.295663503182585,0.616798653927041,0.912462157109626
"5304","Washington State University",2645.94126091636,7060.90701650108,9706.84827741745,"Washington","Dan Newhouse","Republican","WA","53",6985.2849288192,18640.7945235629,25626.0794523821,0.036749184179394,0.0980681530069595,0.134817337186353
"5304","Whitman College",4046.48561895894,0,4046.48561895894,"Washington","Dan Newhouse","Republican","WA","53",10682.7220340516,0,10682.7220340516,0.0562011891522075,0,0.0562011891522075
"5304","Western Washington University",3187.97225414302,441.17629552977,3629.14854967279,"Washington","Dan Newhouse","Republican","WA","53",8416.24675093758,1164.70542019859,9580.95217113617,0.0442773924186531,0.00612744854902458,0.0504048409676777
"5304","Portland State University",491.361851696895,2168.13580742758,2659.49765912448,"Washington","Dan Newhouse","Republican","WA","53",1297.1952884798,5723.87853160882,7021.07382008862,0.00682447016245688,0.0301129973253831,0.03693746748784
"5305","Washington State University",158500.41682328,422971.107407823,581471.524231103,"Washington","Michael Baumgartner","Republican","WA","53",418441.10041346,1116643.72355665,1535084.82397011,2.20139467810112,5.87459871399754,8.07599339209866
"5305","Whitman College",85504.0004701759,0,85504.0004701759,"Washington","Michael Baumgartner","Republican","WA","53",225730.561241264,0,225730.561241264,1.18755556208578,0,1.18755556208578
"5305","University of Washington",16278.8846458176,33960.2082397477,50239.0928855653,"Washington","Michael Baumgartner","Republican","WA","53",42976.2554649585,89654.9497529339,132631.205217892,0.2260956200808,0.471669558885384,0.697765178966185
"5305","Whitworth University",42506.5293395349,0,42506.5293395349,"Washington","Michael Baumgartner","Republican","WA","53",112217.237456372,0,112217.237456372,0.590368463049096,0,0.590368463049096
"5305","Regents of the University of Idaho",10300.7643813212,8807.55168412167,19108.3160654429,"Washington","Michael Baumgartner","Republican","WA","53",27194.017966688,23251.9364460812,50445.9544127692,0.143066171962795,0.122327106723912,0.265393278686707
"5306","University of Washington",110195.526833227,229884.486545984,340080.013379211,"Washington","Emily Randall","Democrat","WA","53",290916.190839719,606895.044481399,897811.235321118,1.53049342823926,3.19284009091645,4.72333351915571
"5306","University of  Puget Sound",28396.0333940971,0,28396.0333940971,"Washington","Emily Randall","Democrat","WA","53",74965.5281604164,0,74965.5281604164,0.394389352695793,0,0.394389352695793
"5306","Western Washington University",11577.3729229405,1602.1665469239,13179.5394698644,"Washington","Emily Randall","Democrat","WA","53",30564.2645165628,4229.7196838791,34793.9842004419,0.160796846151951,0.0222523131517209,0.183049159303672
"5306","Oregon State University",1460.94861141478,7090.10590729747,8551.05451871225,"Washington","Emily Randall","Democrat","WA","53",3856.90433413501,18717.8795952653,22574.7839294003,0.0202909529363163,0.0984736931569094,0.118764646093226
"5306","Washington State University",341.411775602112,911.08477632272,1252.49655192483,"Washington","Emily Randall","Democrat","WA","53",901.327087589575,2405.26380949198,3306.59089708156,0.00474183021669599,0.0126539552267045,0.0173957854434004
"5307","University of Washington",989255.297707379,2063735.73149236,3052991.02919974,"Washington","Pramila Jayapal","Democrat","WA","53",2611633.98594748,5448262.33113983,8059896.31708731,13.7396569126025,28.6629962707272,42.4026531833297
"5307","Western Washington University",9899.49278918097,1369.96849664508,11269.461285826,"Washington","Pramila Jayapal","Democrat","WA","53",26134.6609634377,3616.716831143,29751.3777945807,0.137492955405291,0.0190273402311816,0.156520295636473
"5307","University of Tennessee Knoxville",4467.44555416789,2922.40491424565,7389.85046841354,"Washington","Pramila Jayapal","Democrat","WA","53",11794.0562630032,7715.14897360853,19509.2052366117,0.0620478549189984,0.0405889571423008,0.102636812061299
"5307","University of  Puget Sound",2544.57961583468,0,2544.57961583468,"Washington","Pramila Jayapal","Democrat","WA","53",6717.69018580355,0,6717.69018580355,0.0353413835532594,0,0.0353413835532594
"5307","Washington State University",682.823551204223,1822.16955264544,2504.99310384966,"Washington","Pramila Jayapal","Democrat","WA","53",1802.65417517915,4810.52761898396,6613.18179416311,0.00948366043339199,0.0253079104534089,0.0347915708868009
"5308","University of Washington",132735.520958205,276906.313339481,409641.834297686,"Washington","Kim Schrier ","Democrat","WA","53",350421.775329662,731032.66721623,1081454.44254589,1.84354890219729,3.8459210186039,5.6894699208012
"5308","Western Washington University",6040.36848153415,835.912981003775,6876.28146253792,"Washington","Kim Schrier ","Democrat","WA","53",15946.5727912502,2206.81026984997,18153.3830611001,0.0838940066879743,0.0116099025139413,0.0955039092019156
"5308","University of  Puget Sound",3245.26095932539,0,3245.26095932539,"Washington","Kim Schrier ","Democrat","WA","53",8567.48893261902,0,8567.48893261902,0.0450730688795192,0,0.0450730688795192
"5308","Washington State University",768.176495104751,2049.94074672612,2818.11724183087,"Washington","Kim Schrier ","Democrat","WA","53",2027.98594707654,5411.84357135696,7439.8295184335,0.010669117987566,0.028471399260085,0.039140517247651
"5308","California Polytechnic State University Foundation",370.509678708072,325.48065180547,695.990330513542,"Washington","Kim Schrier ","Democrat","WA","53",978.145551789311,859.268920766441,1837.41447255575,0.00514596775983434,0.00452056460840931,0.00966653236824364
"5309","University of Washington",325577.692916352,679204.164794954,1004781.85771131,"Washington","Adam Smith","Democrat","WA","53",859525.10929917,1793098.99505868,2652624.10435785,4.52191240161601,9.43339117770769,13.9553035793237
"5309","Western Washington University",6375.94450828605,882.35259105954,7258.29709934559,"Washington","Adam Smith","Democrat","WA","53",16832.4935018752,2329.41084039718,19161.9043422723,0.0885547848373062,0.0122548970980492,0.100809681935355
"5309","University of  Puget Sound",3355.89485566602,0,3355.89485566602,"Washington","Adam Smith","Democrat","WA","53",8859.5624189583,0,8859.5624189583,0.0466096507731392,0,0.0466096507731392
"5309","San Diego State University Foundation",461.858931563765,677.122719993522,1138.98165155729,"Washington","Adam Smith","Democrat","WA","53",1219.30757932834,1787.6039807829,3006.91156011124,0.00641470738283007,0.00940448222213225,0.0158191896049623
"5309","University of Maryland, College Park",405.560959813255,628.081328233915,1033.64228804717,"Washington","Adam Smith","Democrat","WA","53",1070.68093390699,1658.13470653754,2728.81564044453,0.00563279110851742,0.00872335178102659,0.014356142889544
"5310","University of Washington",53845.5415207814,112329.919562242,166175.461083024,"Washington","Marilyn Strickland","Democrat","WA","53",142152.229614863,296550.98764432,438703.217259183,0.747854743344186,1.56013777169781,2.307992515042
"5310","University of  Puget Sound",13792.3590771329,0,13792.3590771329,"Washington","Marilyn Strickland","Democrat","WA","53",36411.8279636308,0,36411.8279636308,0.191560542737957,0,0.191560542737957
"5310","Western Washington University",7718.24861529364,1068.1110312826,8786.35964657624,"Washington","Marilyn Strickland","Democrat","WA","53",20376.1763443752,2819.81312258607,23195.9894669613,0.107197897434634,0.0148348754344806,0.122032772869114
"5310","Evergreen State College",0,5852.5373452492,5852.5373452492,"Washington","Marilyn Strickland","Democrat","WA","53",0,15450.6985914579,15450.6985914579,0,0.0812852409062389,0.0812852409062389
"5310","Oregon State University",486.982870471592,2363.36863576582,2850.35150623742,"Washington","Marilyn Strickland","Democrat","WA","53",1285.634778045,6239.29319842178,7524.92797646678,0.00676365097877211,0.0328245643856365,0.0395882153644086
"5401","Marshall University Research Corporation",0,172996.071376658,172996.071376658,"West Virginia","Carol D. Miller","Republican","WV","54",0,456709.628434377,456709.628434377,0,2.40272321356469,2.40272321356469
"5401","Virginia Polytechnic Institute and State University",53622.9950830637,51352.0597579599,104975.054841024,"West Virginia","Carol D. Miller","Republican","WV","54",141564.707019288,135569.437761014,277134.144780302,0.744763820598108,0.713223052193887,1.45798687279199
"5401","West Virginia University Research Corporation",15447.3253670898,19169.0835354028,34616.4089024927,"West Virginia","Carol D. Miller","Republican","WV","54",40780.9389691172,50606.3805334634,91387.3195025806,0.214546185654026,0.266237271325039,0.480783456979065
"5401","Ohio University",2803.01284107993,4292.77035047003,7095.78319154996,"West Virginia","Carol D. Miller","Republican","WV","54",7399.95390045102,11332.9137252409,18732.8676256919,0.038930733903888,0.0596218104231949,0.0985525443270828
"5401","University of Virginia Main Campus",1460.07860707475,2874.15482510954,4334.23343218429,"West Virginia","Carol D. Miller","Republican","WV","54",3854.60752267735,7587.76873828919,11442.3762609665,0.0202788695427049,0.0399188170154103,0.0601976865581152
"5402","West Virginia University Research Corporation",364294.874558154,452065.242103457,816360.116661611,"West Virginia","Riley M. Moore","Republican","WV","54",961738.468833526,1193452.23915313,2155190.70798665,5.05965103552992,6.27868391810357,11.3383349536335
"5402","University of Pittsburgh",5647.09626772604,8222.46966286634,13869.5659305924,"West Virginia","Riley M. Moore","Republican","WV","54",14908.3341467967,21707.3199099671,36615.6540567639,0.0784318926073061,0.11420096753981,0.192632860147116
"5402","Carnegie Mellon University",4415.60366332243,7003.83788109485,11419.4415444173,"West Virginia","Riley M. Moore","Republican","WV","54",11657.1936711712,18490.1320060904,30147.3256772616,0.061327828657256,0.0972755261263174,0.158603354783573
"5402","University of Virginia Main Campus",2920.15721414951,5748.30965021908,8668.46686436859,"West Virginia","Riley M. Moore","Republican","WV","54",7709.2150453547,15175.5374765784,22884.7525219331,0.0405577390854098,0.0798376340308206,0.12039537311623
"5402","University of Maryland, College Park",2920.03891065543,4522.18556328419,7442.22447393962,"West Virginia","Riley M. Moore","Republican","WV","54",7708.90272413034,11938.5698870703,19647.4726112006,0.0405560959813255,0.0628081328233915,0.103364228804717
"5501","University of Wisconsin-Madison",185559.070459269,94298.9691096437,279858.039568912,"Wisconsin","Bryan Steil","Republican","WI","55",489875.946012469,248949.278449459,738825.224461928,2.57720931193429,1.30970790430061,3.88691721623489
"5501","Marquette University",66286.5645428107,45894.6954133916,112181.259956202,"Wisconsin","Bryan Steil","Republican","WI","55",174996.53039302,121161.995891354,296158.526284374,0.92064672976126,0.637426325185994,1.55807305494725
"5501","University of Wisconsin-Milwaukee",17097.1032007602,33419.1315836058,50516.2347843659,"Wisconsin","Bryan Steil","Republican","WI","55",45136.3524500068,88226.5073807192,133362.859830726,0.237459766677225,0.464154605327858,0.701614372005082
"5501","Northwestern University",4282.08016460056,5367.85082128406,9649.93098588462,"Wisconsin","Bryan Steil","Republican","WI","55",11304.6916345455,14171.1261681899,25475.8178027354,0.0594733356194522,0.0745534836289452,0.134026819248397
"5501","Carthage College",8829.55319309375,0,8829.55319309375,"Wisconsin","Bryan Steil","Republican","WI","55",23310.0204297675,0,23310.0204297675,0.122632683237413,0,0.122632683237413
"5502","University of Wisconsin-Madison",4671048.69958579,2373772.81499461,7044821.5145804,"Wisconsin","Mark Pocan","Democrat","WI","55",12331568.5669065,6266760.23158577,18598328.7984922,64.8756763831359,32.9690668749251,97.8447432580611
"5502","Morgridge Institute for Research, Inc.",51284.9788218415,15172.6469889484,66457.6258107899,"Wisconsin","Mark Pocan","Democrat","WI","55",135392.344089662,40055.7880508237,175448.132140485,0.712291372525577,0.210731208179838,0.923022580705415
"5502","Kelly, Patrick Quinn",23121.698904007,0,23121.698904007,"Wisconsin","Mark Pocan","Democrat","WI","55",61041.2851065784,0,61041.2851065784,0.321134707000097,0,0.321134707000097
"5502","Northwestern University",3613.00513888172,4529.12413045842,8142.12926934015,"Wisconsin","Mark Pocan","Democrat","WI","55",9538.33356664775,11956.8877044102,21495.221271058,0.0501806269289128,0.0629045018119225,0.113085128740835
"5502","University of Minnesota-Twin Cities",3052.58977588656,2403.9658104813,5456.55558636786,"Wisconsin","Mark Pocan","Democrat","WI","55",8058.83700834053,6346.46973967063,14405.3067480112,0.0423970802206467,0.0333884140344625,0.0757854942551092
"5503","University of Wisconsin-Madison",137451.163303162,69851.0882293657,207302.251532528,"Wisconsin","Derrick Van Orden","Republican","WI","55",362871.071120347,184406.872925525,547277.944045873,1.90904393476614,0.970154003185634,2.87919793795177
"5503","University of Wisconsin-Eau Claire",96271.7767848084,0,96271.7767848084,"Wisconsin","Derrick Van Orden","Republican","WI","55",254157.490711894,0,254157.490711894,1.33710801090012,0,1.33710801090012
"5503","University of Wisconsin-La Crosse",0,83107.1715876392,83107.1715876392,"Wisconsin","Derrick Van Orden","Republican","WI","55",0,219402.932991367,219402.932991367,0,1.15426627205054,1.15426627205054
"5503","University of Wisconsin-Stevens Point",36568.0979828625,0,36568.0979828625,"Wisconsin","Derrick Van Orden","Republican","WI","55",96539.7786747569,0,96539.7786747569,0.507890249761979,0,0.507890249761979
"5503","Iowa State University",12535.8558304723,18938.7853623181,31474.6411927904,"Wisconsin","Derrick Van Orden","Republican","WI","55",33094.659392447,49998.3933565198,83093.0527489668,0.17410910875656,0.263038685587751,0.437147794344312
"5504","Marquette University",202906.40150127,140485.897233577,343392.298734847,"Wisconsin","Gwen Moore","Democrat","WI","55",535672.899963354,370882.768696642,906555.668659996,2.81814446529542,1.95119301713301,4.76933748242843
"5504","University of Wisconsin-Milwaukee",107880.940248547,210871.239133012,318752.179381559,"Wisconsin","Gwen Moore","Democrat","WI","55",284805.682256163,556700.071311153,841505.753567316,1.49834639234092,2.92876721018073,4.42711360252165
"5504","University of Wisconsin-Madison",139742.016024881,71015.2730331884,210757.28905807,"Wisconsin","Gwen Moore","Democrat","WI","55",368918.922305687,187480.320807617,556399.243113304,1.94086133367891,0.986323236572062,2.92718457025097
"5504","Medical College of Wisconsin",18884.948799757,0,18884.948799757,"Wisconsin","Gwen Moore","Democrat","WI","55",49856.2648313586,0,49856.2648313586,0.262290955552181,0,0.262290955552181
"5504","University of Minnesota-Twin Cities",6105.17955177313,4807.9316209626,10913.1111727357,"Wisconsin","Gwen Moore","Democrat","WI","55",16117.6740166811,12692.9394793413,28810.6134960223,0.0847941604412934,0.066776828068925,0.151570988510218
"5505","University of Wisconsin-Madison",217631.00856334,110597.556363162,328228.564926502,"Wisconsin","Scott Fitzgerald","Republican","WI","55",574545.862607217,291977.548798749,866523.411405965,3.02265289671305,1.53607717171059,4.55873006842364
"5505","Marquette University",98734.70681152,68360.7504341042,167095.457245624,"Wisconsin","Scott Fitzgerald","Republican","WI","55",260659.625982413,180472.381146035,441132.007128448,1.37131537238222,0.949454867140336,2.32077023952256
"5505","University of Wisconsin-Milwaukee",22840.6613072655,44645.8710999733,67486.5324072388,"Wisconsin","Scott Fitzgerald","Republican","WI","55",60299.345851181,117865.09970393,178164.445555111,0.317231407045355,0.620081543055185,0.93731295010054
"5505","University of Minnesota-Twin Cities",10684.064215603,8413.88033668455,19097.9445522875,"Wisconsin","Scott Fitzgerald","Republican","WI","55",28205.9295291918,22212.6440888472,50418.573618039,0.148389780772263,0.116859449120619,0.265249229892882
"5505","Medical College of Wisconsin",19057.1956091797,0,19057.1956091797,"Wisconsin","Scott Fitzgerald","Republican","WI","55",50310.9964082344,0,50310.9964082344,0.264683272349718,0,0.264683272349718
"5506","University of Wisconsin-Madison",334464.497371027,169970.981358123,504435.47872915,"Wisconsin","Glenn Grothman","Republican","WI","55",882986.273059512,448723.390785445,1331709.66384496,4.64534024126427,2.36070807441838,7.00604831568265
"5506","Iowa State University",25071.7116609447,37877.5707246362,62949.2823855809,"Wisconsin","Glenn Grothman","Republican","WI","55",66189.318784894,99996.7867130395,166186.105497934,0.348218217513121,0.526077371175502,0.874295588688623
"5506","University of Wisconsin-Milwaukee",12244.0192192944,23932.9718372177,36176.991056512,"Wisconsin","Glenn Grothman","Republican","WI","55",32324.2107389372,63183.0456502547,95507.2563891918,0.1700558224902,0.332402386628023,0.502458209118223
"5506","Marquette University",19563.2257901629,13544.9513055253,33108.1770956882,"Wisconsin","Glenn Grothman","Republican","WI","55",51646.91608603,35758.6714465868,87405.5875326168,0.271711469307818,0.188124323687851,0.459835792995669
"5506","Ripon College",29033.646285577,0,29033.646285577,"Wisconsin","Glenn Grothman","Republican","WI","55",76648.8261939233,0,76648.8261939233,0.40324508729968,0,0.40324508729968
"5507","University of Wisconsin-Madison",87052.4034253359,44239.0225452649,131291.425970601,"Wisconsin","Thomas P. Tiffany","Republican","WI","55",229818.345042887,116791.019519499,346609.364562386,1.20906115868522,0.614430868684235,1.82349202736946
"5507","University of Minnesota-Twin Cities",67156.9750695044,52887.2478305886,120044.222900093,"Wisconsin","Thomas P. Tiffany","Republican","WI","55",177294.414183492,139622.334272754,316916.748456245,0.932735764854228,0.734545108758175,1.6672808736124
"5507","University of Illinois at Urbana-Champaign",23157.56778836,16976.1160565487,40133.6838449088,"Wisconsin","Thomas P. Tiffany","Republican","WI","55",61135.9789612705,44816.9463892887,105952.925350559,0.321632885949445,0.235779389674288,0.557412275623733
"5507","University of Wisconsin-Eau Claire",22646.6321277667,0,22646.6321277667,"Wisconsin","Thomas P. Tiffany","Republican","WI","55",59787.1088173042,0,59787.1088173042,0.314536557330094,0,0.314536557330094
"5507","University of Wisconsin-River Falls",15504.4494665333,0,15504.4494665333,"Wisconsin","Thomas P. Tiffany","Republican","WI","55",40931.7465916479,0,40931.7465916479,0.215339575924074,0,0.215339575924074
"5508","University of Wisconsin-Madison",119124.341529407,60537.6097987836,179661.951328191,"Wisconsin","Tony Wied","Republican","WI","55",314488.261637635,159819.289868789,474307.551506423,1.65450474346399,0.840800136094217,2.4953048795582
"5508","Marquette University",7745.84574432845,5362.97564381205,13108.8213881405,"Wisconsin","Tony Wied","Republican","WI","55",20449.0327650271,14158.2556996638,34607.2884646909,0.107581190893451,0.0744857728307229,0.182066963724174
"5508","University of Minnesota-Twin Cities",4578.88466382984,3605.94871572195,8184.83337955179,"Wisconsin","Tony Wied","Republican","WI","55",12088.2555125108,9519.70460950594,21607.9601220167,0.0635956203309701,0.0500826210516937,0.113678241382664
"5508","Michigan Technological University",1830.08192880454,2677.61587720931,4507.69780601385,"Wisconsin","Tony Wied","Republican","WI","55",4831.41629204398,7068.90591583259,11900.3222078766,0.0254178045667297,0.0371891094056849,0.0626069139724146
"5508","Northwestern University",1338.15005143768,1677.45338165127,3015.60343308894,"Wisconsin","Tony Wied","Republican","WI","55",3532.71613579546,4428.47692755935,7961.19306335481,0.0185854173810788,0.0232979636340454,0.0418833810151242
"5600","University of Wyoming",451330.652904242,477253.835833769,928584.488738011,"Wyoming","Harriet M. Hageman","Republican","WY","56",1191512.9236672,1259950.12660115,2451463.05026835,6.26848129033669,6.62852549769124,12.8970067880279
"5600","Colorado State University",51690.2546438826,14461.3271842007,66151.5818280833,"Wyoming","Harriet M. Hageman","Republican","WY","56",136462.27225985,38177.90376629,174640.17602614,0.717920203387258,0.200851766447233,0.918771969834491
"5600","University of Utah",4812.71714885697,1339.10061114404,6151.817760001,"Wyoming","Harriet M. Hageman","Republican","WY","56",12705.5732729824,3535.22561342025,16240.7988864026,0.0668432937341246,0.0185986195992227,0.0854419133333473
"5600","South Dakota School of Mines and Technology",0,5491.98862288828,5491.98862288828,"Wyoming","Harriet M. Hageman","Republican","WY","56",0,14498.8499644251,14498.8499644251,0,0.0762776197623372,0.0762776197623372
"5600","Colorado School of Mines",299.563728796645,1453.38939480138,1752.95312359803,"Wyoming","Harriet M. Hageman","Republican","WY","56",790.848244023144,3836.94800227565,4627.79624629879,0.00416060734439785,0.0201859638166859,0.0243465711610837
"7298","University of Puerto Rico Mayaguez",0,378977.269750449,378977.269750449,"Puerto Rico","Pablo José Hernández","Democrat","PR","72",0,1000499.99214118,1000499.99214118,0,5.26357319097845,5.26357319097845
"7298","University of Puerto Rico-Rio Piedras",112882.361663266,0,112882.361663266,"Puerto Rico","Pablo José Hernández","Democrat","PR","72",298009.434791023,0,298009.434791023,1.56781057865648,0,1.56781057865648
"7298","University of Puerto Rico in Ponce",0,67728.6018737879,67728.6018737879,"Puerto Rico","Pablo José Hernández","Democrat","PR","72",0,178803.5089468,178803.5089468,0,0.940675026024832,0.940675026024832
"7298","University of Puerto Rico Medical Sciences Campus",43580.7806246077,0,43580.7806246077,"Puerto Rico","Pablo José Hernández","Democrat","PR","72",115053.260848964,0,115053.260848964,0.605288619786218,0,0.605288619786218
"7298","University of Puerto Rico Cayey",34894.9447912666,0,34894.9447912666,"Puerto Rico","Pablo José Hernández","Democrat","PR","72",92122.6542489439,0,92122.6542489439,0.484652010989814,0,0.484652010989814
