"GEOID","inst_name","budg_TIP_cuts","budg_CSE_cuts","budg_EDU_cuts","budg_MPS_cuts","budg_BIO_cuts","budg_GEO_cuts","budg_ENG_cuts","budg_OIA_cuts","budg_OISE_cuts","budg_OPP_cuts","budg_SBE_cuts","budg_NSF_cuts","state_name","rep_name","pol_party","state","state_FIPS","econ_budg_TIP_cuts","econ_budg_CSE_cuts","econ_budg_EDU_cuts","econ_budg_MPS_cuts","econ_budg_BIO_cuts","econ_budg_GEO_cuts","econ_budg_ENG_cuts","econ_budg_OIA_cuts","econ_budg_OISE_cuts","econ_budg_OPP_cuts","econ_budg_SBE_cuts","econ_budg_NSF_cuts","jobs_budg_TIP_cuts","jobs_budg_CSE_cuts","jobs_budg_EDU_cuts","jobs_budg_MPS_cuts","jobs_budg_BIO_cuts","jobs_budg_GEO_cuts","jobs_budg_ENG_cuts","jobs_budg_OIA_cuts","jobs_budg_OISE_cuts","jobs_budg_OPP_cuts","jobs_budg_SBE_cuts","jobs_budg_NSF_cuts"
"0103","Auburn University",141366.40104072,990930.414384399,2627320.20162336,1675092.57568666,1903007.43337764,502100.773895398,2652330.64160126,1545011.37550955,54611.9528332067,4301.97598766099,140399.849101395,12236473.5950412,"Alabama","Mike Rogers","Republican","AL","01",373207.298747501,2616056.29397481,6936125.33228566,4422244.39981279,5023939.62411698,1325546.04308385,7002152.89382733,4078830.0313452,144175.555479666,11357.216607425,370655.601627682,32304290.2909089,1.96342223667667,13.7629224220055,36.4905583558799,23.2651746623148,26.4306587969117,6.97362185965831,36.8379255777953,21.4584913265215,0.758499344905649,0.0597496664952915,1.94999790418604,169.951022153351
"0107","University of Alabama Tuscaloosa",1432349.93332276,584132.595651241,1337278.68187945,801714.172655763,794574.651923066,272286.752407022,1948146.57947446,2701645.7064957,149560.886539669,9202.03548887876,613656.24843972,10644548.2442777,"Alabama","Terri A. Sewell","Democrat","AL","01",3781403.82397208,1542110.05251928,3530415.72016175,2116525.41581121,2097677.08107689,718837.026354538,5143106.96981258,7132344.66514864,394840.740464725,24293.3736906399,1620052.49588086,28101607.3648932,19.8937490739272,8.11295271737835,18.5733150261035,11.1349190646634,11.035759054487,3.78176045009753,27.0575913815898,37.5228570346625,2.07723453527318,0.127806048456649,8.52300345055167,147.840947837191
"0104","University of Alabama Tuscaloosa",1339494.14454183,546264.689450402,1250586.13284727,749740.97801463,743064.295177708,254635.05949236,1821852.93914991,2526504.53655736,139865.215274338,8605.48973994455,573874.395092594,9954487.87533835,"Alabama","Robert B. Aderholt","Republican","AL","01",3536264.54159044,1442138.78014906,3301547.39071678,1979316.18195862,1961689.73926915,672236.55705983,4809691.75935577,6669971.97651142,369244.168324253,22718.4929134536,1515028.40304445,26279847.9908932,18.6040853408588,7.58700957570003,17.3692518451009,10.4130691390921,10.3203374330237,3.536598048505,25.3035130437488,35.0903407855188,1.94257243436581,0.119520690832563,7.97047770961936,138.256776046366
"0105","University of Alabama in Huntsville",9938.55166942948,359077.015854633,676940.496663382,235345.433516639,279158.292286178,1175592.74210921,525472.736518249,6395556.17440292,0,0,13658.2627024658,9670739.70572311,"Alabama","Dale W. Strong","Republican","AL","01",26237.7764072938,947963.321856232,1787122.91119133,621311.944483928,736977.89163551,3103564.83916831,1387248.02440818,16884268.3004237,0,0,36057.8135345098,25530752.823109,0.138035439853187,4.9871807757588,9.40195134254698,3.26868657661999,3.87719850397469,16.327676973739,7.29823245164234,88.8271690889295,0,0,0.189698093089803,134.315829246154
"0102","University of South Alabama",117694.020449813,104858.558998099,669050.374038622,115636.556991519,400240.846940772,65244.3840019507,172913.939241813,1130461.42847582,311438.12623998,0,22437.7857181704,3109976.02109656,"Alabama","Shomari Figures","Democrat","AL","01",310712.213987506,276826.595754981,1766292.98746196,305280.510457611,1056635.83592364,172245.17376515,456492.799598385,2984418.17117617,822196.653273547,0,59235.7542959698,8210336.69569492,1.63463917291407,1.4563688749736,9.29236630609197,1.60606329154888,5.55890065195517,0.906172000027094,2.40158248946962,15.7008531732753,4.32552953111083,0,0.311635912752366,43.1941114041189
"0200","University of Alaska Fairbanks Campus",119790.542312183,269240.158717577,1616364.39920286,264271.763602133,1353108.00788961,16346250.8544245,159955.409977867,6872912.33021987,0,896601.249853363,251611.103388986,28150105.819589,"Alaska","Nicholas J. Begich III","Republican","AK","02",316247.031704162,710794.019014405,4267202.01389556,697677.455909631,3572205.14082857,43154102.2556808,422282.282341569,18144488.5517805,0,2367027.29961288,664253.312946922,74316279.3637149,1.66375753211365,3.73944664885524,22.4495055444842,3.67044116114073,18.7931667762446,227.031261867007,2.22160291635926,95.4571156974982,0,12.4527951368523,3.49459865818036,390.973691938736
"0200","University of Alaska Anchorage Campus",64662.6803044147,68610.7787599491,435434.273638274,176572.987793487,256438.448236138,729048.249186105,6138.49282857434,290094.838915409,54118.6130176311,52563.3673962987,0,2133682.73007628,"Alaska","Nicholas J. Begich III","Republican","AK","02",170709.476003655,181132.455926266,1149546.48240504,466152.687774806,676997.503343405,1924687.37785132,16205.6210674363,765850.37473668,142873.138366546,138767.289926228,0,5632922.40740138,0.89809278200576,0.952927482777071,6.04769824497603,2.45240260824288,3.56164511439081,10.1256701275848,0.0852568448413102,4.02909498493624,0.751647403022654,0.730046769393037,0,29.6344823621706
"0200","SITKA SOUND SCIENCE CENTER INC",0,0,0,0,0,668968.099704409,0,716532.235113532,0,7189.13983471412,0,1392689.47465265,"Alaska","Nicholas J. Begich III","Republican","AK","02",0,0,0,0,0,1766075.78321964,0,1891645.10069972,0,18979.3291636453,0,3676700.21308301,0,0,0,0,0,9.29122360700568,0,9.95183659879905,0,0.0998491643710294,0,19.3429093701758
"0200","Alaska Pacific University",0,0,0,0,0,558677.223151703,0,0,0,1954.63423269648,0,560631.857384399,"Alaska","Nicholas J. Begich III","Republican","AK","02",0,0,0,0,0,1474907.86912049,0,0,0,5160.23437431872,0,1480068.10349481,0,0,0,0,0,7.75940587710698,0,0,0,0.0271476976763401,0,7.78655357478332
"0200","TWO BEARS ENVIRONMENTAL CONSULTING, LLC",315691.49730873,0,0,0,0,0,0,0,0,0,0,315691.49730873,"Alaska","Nicholas J. Begich III","Republican","AK","02",833425.552895048,0,0,0,0,0,0,0,0,0,0,833425.552895048,4.38460412928792,0,0,0,0,0,0,0,0,0,0,4.38460412928792
"6098","American Samoa Community College",0,0,91506.6967399112,0,0,0,0,0,0,0,0,91506.6967399112,"American Samoa","Aumua Amata Coleman Radewagen","Republican","AS","60",0,0,241577.679393366,0,0,0,0,0,0,0,0,241577.679393366,0,0,1.27092634360988,0,0,0,0,0,0,0,0,1.27092634360988
"0406","Association of Universities for Research in Astronomy, Inc.",0,0,0,36588877.6870734,0,0,0,0,0,0,0,36588877.6870734,"Arizona","Juan Ciscomani","Republican","AZ","04",0,0,0,96594637.0938737,0,0,0,0,0,0,0,96594637.0938737,0,0,0,508.178856764908,0,0,0,0,0,0,0,508.178856764908
"0407","Association of Universities for Research in Astronomy, Inc.",0,0,0,33025590.3113726,0,0,0,0,0,0,0,33025590.3113726,"Arizona","Adelita S. Grijalva","Democrat","AZ","04",0,0,0,87187558.4220238,0,0,0,0,0,0,0,87187558.4220238,0,0,0,458.68875432462,0,0,0,0,0,0,0,458.68875432462
"0401","Arizona State University",1788712.96314732,2857477.28110677,2305036.93574987,1790619.07517471,4918142.86530141,1572831.84014619,5359330.9975979,182346.124318773,666050.647498867,4173.91753759511,1405804.25942112,22850526.9070005,"Arizona","David Schweikert","Republican","AZ","04",4722202.22270893,7543740.02212188,6085297.51037966,4727234.35846125,12983897.1643957,4152276.05798593,14148633.8336585,481393.76820156,1758373.70939701,11019.1422992511,3711323.24487175,60325391.0344814,24.8432355992683,39.6871844598163,32.0144018854149,24.8697093774266,68.3075397958529,21.844886668697,74.4351527444153,2.53258505998295,9.25070343748426,0.0579710769110432,19.5250591586266,317.368429263896
"0406","University of Arizona",671782.53523132,1985874.25918134,2648677.39605142,4745822.21635637,3613373.63866346,2744596.99385249,4775356.85132171,0,241339.178420794,12480.6838399229,1247507.29755722,22686811.0504761,"Arizona","Juan Ciscomani","Republican","AZ","04",1773505.89301068,5242708.04423874,6992508.32557574,12528970.6511808,9539306.40607154,7245736.06377058,12606942.0874893,0,637135.431030896,32949.0053373966,3293419.26555107,59893181.1732568,9.33031298932389,27.5815869330742,36.7871860562697,65.914197449394,50.185744981437,38.1194026923957,66.3244007128015,0,3.35193303362214,0.173342831110041,17.3264902438503,315.094597923279
"0404","Arizona State University",1474736.75153104,2355898.82218909,1900429.38851718,1476308.28006426,4054851.83043467,1296749.65543968,4418597.36504083,150338.559943669,549137.501927257,3441.26179961299,1159040.74579933,18839530.1626866,"Arizona","Greg Stanton","Democrat","AZ","04",3893305.02404193,6219572.89057921,5017133.58568536,3897453.85936964,10704808.8323475,3423419.09036074,11665097.0437078,396893.798251286,1449723.00508796,9084.9311509783,3059867.56891022,49736359.6294926,20.4824548823755,32.7208169748485,26.3948526182942,20.5042816675592,56.3173865338149,18.0104118811066,61.3694078477893,2.08803555477318,7.62690974898969,0.0477953027724026,16.0977881361018,261.660141148425
"0503","University of Arkansas",892384.221752278,941956.41170779,1323037.07392781,772717.805880471,2399462.25516021,666580.117436941,6102016.82462616,3935212.78962949,176383.936148531,3072.34836426298,876376.539249639,18089200.3238836,"Arkansas","Steve Womack","Republican","AR","05",2355894.34542601,2486764.92690857,3492817.87516943,2039975.00752444,6334580.35362296,1759771.51003352,16109324.4170131,10388961.7646219,465653.591432123,8110.99968165427,2313634.06361905,47755488.8550527,12.394225302115,13.082727940386,18.3755149156641,10.7321917483399,33.3258646550029,9.25805718662418,84.7502336753633,54.6557331892985,2.44977689095183,0.0426715050592081,12.1718963784672,251.238893387272
"0502","Arkansas Science & Technology Authority",0,0,0,0,0,0,0,6461811.97911383,0,0,0,6461811.97911383,"Arkansas","J. French Hill","Republican","AR","05",0,0,0,0,0,0,0,17059183.6248605,0,0,0,17059183.6248605,0,0,0,0,0,0,0,89.7473885988031,0,0,0,89.7473885988031
"0504","University of Arkansas at Pine Bluff",198079.988144423,0,678519.234063299,666575.233791697,0,0,0,0,0,0,0,1543174.45599942,"Arkansas","Bruce Westerman","Republican","AR","05",522931.168701278,0,1791290.77792711,1759758.61721008,0,0,0,0,0,0,0,4073980.56383847,2.75111094645032,0,9.42387825087915,9.25798935821801,0,0,0,0,0,0,0,21.4329785555475
"0504","Arkansas Science & Technology Authority",0,0,0,0,0,0,0,965807.018325994,0,0,0,965807.018325994,"Arkansas","Bruce Westerman","Republican","AR","05",0,0,0,0,0,0,0,2549730.52838062,0,0,0,2549730.52838062,0,0,0,0,0,0,0,13.4139863656388,0,0,0,13.4139863656388
"0501","Arkansas Science & Technology Authority",0,0,0,0,0,0,0,807004.668526503,0,0,0,807004.668526503,"Arkansas","Eric A. “Rick” Crawford","Republican","AR","05",0,0,0,0,0,0,0,2130492.32490997,0,0,0,2130492.32490997,0,0,0,0,0,0,0,11.2083981739792,0,0,0,11.2083981739792
"0624","University of California-Santa Barbara",1310553.37883012,5701158.93429862,4177275.75473907,17248263.0494113,5117827.45719207,5012569.59498316,3015160.25076307,41304.3425668289,0,136541.012170996,1603394.19953504,43364047.9744903,"California","Salud O. Carbajal","Democrat","CA","06",3459860.9201115,15051059.5865484,11028007.9925112,45535414.4504459,13511064.4869871,13233183.7307555,7960023.06201451,109043.464376428,0,360468.27213143,4232960.68677249,114481086.652654,18.2021302615294,79.1827629763697,58.0177188158204,239.559209019602,71.0809369054455,69.6190221525439,41.8772257050427,0.573671424539291,0,1.89640294681939,22.269363882431,602.278444090143
"0612","University of California-Berkeley",1077811.68368958,4445741.86543821,9325767.76249335,11996163.6474307,3703696.37558965,1638883.67299103,5034190.5946734,100164.13452105,847513.440917775,7601.53871827098,1607675.58374381,39785210.3002068,"California","Lateefah Simon","Democrat","CA","06",2845422.8449405,11736758.5247569,24620026.8929824,31669872.029217,9777758.43155668,4326652.89669632,13290263.1699378,264433.315135572,2237435.48402293,20068.0622162354,4244263.54108366,105032955.192546,14.9696067179109,61.7464147977529,129.524552256852,166.613383992093,51.4402274387452,22.7622732359866,69.9193138149083,1.39116853501458,11.7710200127469,0.105576926642652,22.3288275519973,552.57236528065
"0650","University of California-San Diego",297571.218158565,11307411.7240628,2105013.07744573,4766891.53823075,1934948.52094361,522324.428375134,7446768.22774847,37092.4822696915,31103.1161956896,0,765121.303140397,29214245.6365708,"California","Scott H. Peters","Democrat","CA","06",785588.015938612,29851566.9515257,5557234.52445673,12584593.6609292,5108264.09529113,1378936.49091036,19659468.121256,97924.1531919855,82112.2267566206,0,2019920.24029065,77125608.480547,4.13293358553563,157.047385056427,29.2362927423018,66.2068269198716,26.8742850131057,7.25450594965465,103.427336496506,0.515173364856826,0.431987724940134,0,10.6266847658388,405.753411619039
"0628","California Institute of Technology",13090.4116803501,533969.025708859,1267023.94506246,19690029.6763623,666303.474556082,1214873.35034045,606862.038741279,0,0,33526.1099325869,184514.275951813,24210192.3083361,"California","Judy Chu","Democrat","CA","06",34558.6868361244,1409678.22787139,3344943.2149649,51981678.3455964,1759041.17282806,3207265.64489879,1602115.78227698,0,0,88508.9302220295,487117.688512786,63914907.6940074,0.181811273338196,7.41623646817859,17.5975547925342,273.47263439392,9.25421492439003,16.8732409769507,8.42863942696221,0,0,0.465640415730374,2.56269827710851,336.252670949113
"0651","University of California-San Diego",222468.797595372,8453594.08660152,1573739.99797368,3563801.08042793,1446597.13236745,390497.737833593,5567317.91418026,27730.9075166294,23253.1657609342,0,572016.397881419,21841017.2181388,"California","Sara Jacobs","Democrat","CA","06",587317.625651782,22317488.388628,4154673.59465052,9408434.85232973,3819016.42945006,1030914.02788069,14697719.2934359,73209.5958439016,61388.3576088662,0,1510123.29040695,57660285.4558864,3.08984441104683,117.411028980577,21.8574999718567,49.4972372281657,20.0916268384368,5.42357969213323,77.3238599191703,0.385151493286519,0.32296063556853,0,7.94467219279749,303.347461363039
"0802","University Corporation For Atmospheric Res",0,919548.023932827,57781.2085558534,17257.4718618976,35043.9233994664,59765899.7517258,138506.969828175,0,0,18124.2709666426,84668.7199438413,61036830.3402145,"Colorado","Joe Neguse","Democrat","CO","08",0,2427606.78318266,152542.390587453,45559.7257154097,92515.9577745913,157781975.344556,365658.400346382,0,0,47848.0753519364,223525.420651741,161137232.098166,0,12.7715003324004,0.802516785497963,0.239687109193023,0.486721158325922,830.081940996192,1.92370791428021,0,0,0.251725985647814,1.17595444366446,847.733754725202
"0802","University of Colorado at Boulder",831195.716865971,4487179.59473958,6182651.47278714,9901140.81169411,5435946.54973172,6911629.23408686,7610190.97539506,0,179705.801043421,210327.866890455,1873670.89878399,43623638.9220183,"Colorado","Joe Neguse","Democrat","CO","08",2194356.69252616,11846154.1301125,16322199.888158,26139011.7428725,14350898.8912917,18246701.1779893,20090904.175043,0,474423.314754631,555265.5685908,4946491.17278973,115166406.754128,11.5443849564718,62.3219388158275,85.8701593442658,137.515844606863,75.4992576351627,95.9948504734287,105.697096880487,0,2.49591390338084,2.92122037347854,26.0232069275554,605.883873916921
"0802","Colorado State University",138386.698221977,1753662.75398846,1792873.56237973,3571992.98828439,5848923.74624828,3748627.7580748,1757626.0316734,191267.288930216,430411.098976633,73440.0831554429,532133.201590384,19839345.2115237,"Colorado","Joe Neguse","Democrat","CO","08",365340.883306019,4629669.67052953,4733186.20468248,9430061.4890708,15441158.6900955,9896377.28131746,4640132.72361779,504945.64277577,1136285.30129831,193881.819530369,1404831.65219861,52375871.3584226,1.92203747530523,24.3564271387286,24.9010216997184,49.6110137261721,81.2350520312261,52.0642744177055,24.4114726621306,2.65649012403077,5.97793193023101,1.02000115493671,7.39073891097755,275.546461271163
"0807","University Corporation For Atmospheric Res",0,218258.480388725,13714.6059218173,4096.13145360216,8317.81839442588,14185680.4858182,32875.1951732245,0,0,4301.8697625105,20096.4666014565,14487341.053514,"Colorado","Brittany Pettersen","Democrat","CO","08",0,576202.388226235,36206.5596335978,10813.7870375097,21959.0405612843,37450196.48256,86790.5152573126,0,0,11356.9361730277,53054.6718278451,38246580.3812768,0,3.03136778317674,0.190480637803019,0.0568907146333633,0.115525255478137,197.023340080808,0.456599932961451,0,0,0.0597481911459791,0.279117591686896,201.213070187694
"0807","University of Colorado at Boulder",255984.188165245,1381921.25200313,1904077.44632937,3049264.38041304,1674113.97364926,2128581.4670195,2343718.23517601,0,55344.1778575752,64774.8865423501,577036.327524054,13434816.3346795,"Colorado","Brittany Pettersen","Democrat","CO","08",675798.256756246,3648272.10528826,5026764.45830954,8050057.96429043,4419660.89043405,5619455.07293149,6187416.14086468,0,146108.629543999,171005.700471804,1523375.9046635,35467915.123554,3.55533594673951,19.1933507222657,26.4455200879079,42.3508941724034,23.2515829673508,29.563631486382,32.5516421552224,0,0.768669136910767,0.899651201977085,8.01439343783409,186.594671314994
"0903","Yale University",257922.62168159,2766799.9185762,2604974.05342056,4103487.54903386,4247189.97213176,759414.423320461,2134241.11543632,80480.3708456227,71064.9456678993,11333.8623223758,1353935.36415703,18390844.1965937,"Connecticut","Rosa L. DeLauro","Democrat","CT","09",680915.721239397,7304351.78504117,6877131.50103027,10833207.1294494,11212581.5264278,2004854.07756602,5634396.54475188,212468.179032444,187611.456563254,29921.3965310722,3574389.36137457,48551828.6790073,3.58225863446653,38.4277766468917,36.1801951863966,56.9928826254702,58.9887496129411,10.5474225461175,29.6422377143933,1.11778292841143,0.987013134276379,0.157414754477442,18.8046578355144,255.428391619357
"0902","University of Connecticut",281849.81183032,1264598.7395214,2389139.80018243,2145251.33703615,2391986.94553038,1567396.5145552,2827527.26020383,0,64050.0418505658,14951.5273479462,791104.371337659,13737856.3493959,"Connecticut","Joe Courtney","Democrat","CT","09",744083.503232045,3338540.67233649,6307329.07248162,5663463.52977543,6314845.53620021,4137926.79842573,7464671.96693812,0,169092.110485494,39472.0321985779,2088515.54033142,36267940.7624051,3.91458071986556,17.5638713822416,33.182497224756,29.7951574588354,33.2220409101442,21.7693960354889,39.2712119472754,0,0.889583914591191,0.207660102054808,10.987560713023,190.803560408276
"0905","Yale University",48503.1478825999,520305.294422515,489873.439249441,771673.543513004,798697.229272565,142810.23447398,401350.652239131,15134.5830130043,13363.983145512,2131.36791460607,254611.73883484,3458455.2139612,"Connecticut","Jahana Hayes","Democrat","CT","09",128048.310410064,1373605.97727544,1293265.87961852,2037218.15487433,2108560.68527957,377019.019011308,1059565.7219113,39955.2991543313,35280.9155041518,5626.81129456003,672174.990523979,9130321.76485756,0.673654831702776,7.22646242253494,6.80379776735335,10.7176881043473,11.0930170732301,1.98347547880528,5.57431461443237,0.210202541847281,0.185610877021,0.0296023321473066,3.5362741504839,48.0341001939055
"0901","University of Connecticut",67470.5088012274,302725.482876199,571923.312166748,513540.16621973,572604.874960811,375210.611791983,676866.52567341,0,15332.5946337662,3579.16562360065,189378.215661753,3288631.45840923,"Connecticut","John B. Larson","Democrat","CT","09",178122.14323524,799195.274793165,1509877.54412022,1355746.03882009,1511676.86989654,990556.015130836,1786927.6277778,0,40478.0498331428,9448.99724630571,499958.489347029,8681987.05020036,0.937090400017047,4.20452059550276,7.94337933564928,7.13250230860736,7.95284548556682,5.21125849711088,9.40092396768624,0,0.212952703246753,0.0497106336611201,2.63025299530213,45.6754369223504
"0901","University of Connecticut Health Center",0,2700.80075821946,0,49944.893260143,2841398.62586246,0,0,0,0,0,0,2894044.31988082,"Connecticut","John B. Larson","Democrat","CT","09",0,7130.11400169939,0,131854.518206777,7501292.37227689,0,0,0,0,0,0,7640277.00448537,0,0.037511121641937,0,0.693679073057541,39.4638698036453,0,0,0,0,0,0,40.1950599983447
"1000","University of Delaware",1182520.89919211,2424235.47268424,2841444.69940675,5455925.89468238,2245640.7855911,4906312.01652069,4486840.75157496,6378987.74009786,469324.888301873,11342.9785123807,727165.505469614,31129741.632034,"Delaware","Sarah McBride","Democrat","DE","10",3121855.17386716,6399981.64788639,7501414.00643383,14403644.3619615,5928491.67396052,12952663.7236146,11845259.5841579,16840527.6338583,1239017.70511695,29945.4632726852,1919716.93443978,82182517.9085696,16.4239013776681,33.6699371206144,39.4645097139827,75.7767485372553,31.189455355432,68.1432224516763,62.3172326607634,88.5970519458035,6.51840122641491,0.15754136822751,10.0995209093002,432.357522667138
"1000","Delaware State University",0,202534.077227371,500476.465290459,153943.509136908,382119.39445661,190836.752204835,191450.117596887,8443.10212980139,0,0,121528.461903499,1751331.87994637,"Delaware","Sarah McBride","Democrat","DE","10",0,534689.963880259,1321257.86836681,406410.864121437,1008795.20136545,503809.025820763,505428.310455782,22289.7896226757,0,0,320835.139425237,4623516.16305841,0,2.81297329482459,6.95106201792303,2.13810429356817,5.30721381189736,2.65051044728937,2.65902941106788,0.117265307358353,0,0,1.68789530421526,24.324053888144
"1000","University of Pennsylvania",472.956758123807,87255.5868991291,89788.6355092759,205029.868408505,52058.600580166,3598.14642898773,275570.400009331,5118.06654252826,7041.60327486856,320.186361732342,45400.1275749455,771654.178347594,"Delaware","Sarah McBride","Democrat","DE","10",1248.60584144685,230354.749413701,237041.997744488,541278.852598454,137434.705531638,9499.10657252762,727505.856024634,13511.6956722746,18589.832645653,845.291994973383,119856.336797856,2037167.03083765,0.00656884386283065,1.21188315137679,1.24706438207328,2.84763706122924,0.723036119168972,0.049974255958163,3.82736666679626,0.0710842575351147,0.0978000454842856,0.00444703280183808,0.630557327429799,10.7174191437166
"1000","Scientific Committee on Oceanic Research (SCOR)",0,0,0,0,0,313699.524573031,0,0,0,0,0,313699.524573031,"Delaware","Sarah McBride","Democrat","DE","10",0,0,0,0,0,828166.744872801,0,0,0,0,0,828166.744872801,0,0,0,0,0,4.3569378412921,0,0,0,0,0,4.3569378412921
"1000","Drexel University",626.153063925022,37417.2976280675,44701.3873902513,30296.4892168206,8098.1323294932,1117.31737936958,55052.6454197301,0,0,0,2379.40060087012,179688.823028527,"Delaware","Sarah McBride","Democrat","DE","10",1653.04408876206,98781.6657380983,118011.662710263,79982.7315324064,21379.069349862,2949.71788153569,145338.983908088,0,0,0,6281.61758629712,474378.492795313,0.00869657033229197,0.519684689278716,0.620852602642379,0.420784572455842,0.11247406013185,0.0155182969356886,0.76462007527403,0,0,0,0.0330472305676406,2.49567809761844
"1198","EARTHSCOPE CONSORTIUM INC.",0,0,15686.145454055,0,0,10000269.0590418,0,0,0,570.885669311766,0,10016526.0901652,"District of Columbia","Eleanor Holmes Norton","Democrat","DC","11",0,0,41411.4239987052,0,0,26400710.3158703,0,0,0,1507.13816698306,0,26443628.878036,0,0,0.217863131306319,0,0,138.892625820025,0,0,0,0.00792896762933009,0,139.11841791896
"1198","American Association for the Advancement of Science",0,0,1219141.38877591,0,0,0,0,2969127.86237607,0,0,3552.23935172295,4191821.4905037,"District of Columbia","Eleanor Holmes Norton","Democrat","DC","11",0,0,3218533.2663684,0,0,0,0,7838497.55667283,0,0,9377.91188854858,11066408.7349298,0,0,16.9325192885543,0,0,0,0,41.2378869774454,0,0,0.0493366576628187,58.2197429236626
"1198","Computing Research Association",0,3923423.83092414,30297.3812965093,0,0,0,0,0,0,0,0,3953721.21222065,"District of Columbia","Eleanor Holmes Norton","Democrat","DC","11",0,10357838.9136397,79985.0866227846,0,0,0,0,0,0,0,0,10437824.0002625,0,54.4919976517241,0.420796962451518,0,0,0,0,0,0,0,0,54.9127946141756
"1198","University of Maryland, College Park",214097.282052925,717078.841777493,352304.038164449,1048438.58425854,377024.600403586,285374.397620776,705855.276729733,7994.34923778657,38422.9498040983,284.06811449518,197943.332927874,3944817.72109176,"District of Columbia","Eleanor Holmes Norton","Democrat","DC","11",565216.824619723,1893088.14229258,930082.660754146,2767877.86244255,995344.945065468,753388.409718849,1863457.93056649,21105.0819877566,101436.587482819,749.939822267275,522570.398929588,10414318.7836822,2.97357336184619,9.95942835802074,4.8931116411729,14.5616470035909,5.23645278338314,3.96353330028856,9.80354551013517,0.111032628302591,0.533652080612476,0.00394539047909972,2.74921295733159,54.7891350151633
"1198","Associated Universities, Inc.",0,0,15580.9034372439,3211010.78366287,0,0,0,6020.98237094296,13926.872937793,0,0,3246539.54240885,"District of Columbia","Eleanor Holmes Norton","Democrat","DC","11",0,0,41133.585074324,8477068.46886997,0,0,0,15895.3934592894,36766.9445557736,0,0,8570864.39195936,0,0,0.216401436628388,44.5973719953176,0,0,0,0.0836247551519856,0.193428790802681,0,0,45.0908269779007
"1202","Florida State University",1395778.34730535,1235459.00605631,1707750.01380806,32832148.2593556,1043549.67055395,2347718.93186545,1779224.32244829,0,103088.513989219,7584.87107160722,669608.50697996,43121910.4434338,"Florida","Neal P. Dunn","Republican","FL","12",3684854.83688612,3261611.77598866,4508460.03645327,86676871.4046989,2754971.13026243,6197977.98012479,4697152.21126349,0,272153.676931538,20024.059629043,1767766.45842709,113841843.570665,19.385810379241,17.1591528618932,23.7187501917785,456.002059157717,14.4937454243604,32.6072073870202,24.711448922893,0,1.43178491651693,0.1053454315501,9.30011815249944,598.91542282547
"1203","University of Florida",671761.827621272,5744841.83460889,4540281.54817598,5977002.53950495,9377839.7993909,1556624.57057796,7252114.0576979,0,243272.754281965,29840.6742790713,1642333.78413953,37035913.3902784,"Florida","Kat Cammack","Republican","FL","12",1773451.22492016,15166382.4433675,11986343.2871846,15779286.7042931,24757497.070392,4109488.86632581,19145581.1123225,0,642240.071304388,78779.3800967484,4335761.19012835,97774811.350335,9.33002538362878,79.7894699251235,63.0594659468886,83.0139241597909,130.24777499154,21.6197857024716,100.723806356915,0,3.37878825391618,0.414453809431546,22.8101914463823,514.387685976089
"1210","The University of Central Florida Board of Trustees",589772.97489185,966814.541646816,807504.530628141,5221505.61489504,337695.686165619,175852.69253575,1945519.38852083,22200.0907711306,42637.4757073399,0,251201.206866665,10360704.2026292,"Florida","Maxwell Frost","Democrat","FL","12",1557000.65371448,2552390.3899476,2131811.96085829,13784774.8233229,891516.611477235,464251.108294379,5136171.185695,58608.2396357849,112562.935867377,0,663171.186127995,27352259.094941,8.19129131794236,13.4279797450947,11.2153407031686,72.5209113179866,4.69021786341138,2.44239850744097,27.0211026183449,0.308334594043481,0.592187162601943,0,3.4889056509259,143.898669480961
"1207","The University of Central Florida Board of Trustees",471568.211101225,773041.53170912,645661.098720698,4174989.6432989,270013.305799446,140607.561157959,1555590.26399227,17750.6558233643,34091.8946801,0,200854.411428913,8284168.57771199,"Florida","Cory Mills","Republican","FL","12",1244940.07730723,2040829.64371208,1704545.30062264,11021972.6583091,712835.127310536,371203.961457011,4106758.29693959,46861.7313736817,90002.601955464,0,530255.646172331,21870205.0451597,6.54955848751701,10.7366879404044,8.96751526000969,57.9859672680402,3.75018480277008,1.95288279386054,21.605420333226,0.246536886435615,0.473498537223611,0,2.78964460317935,115.057896912667
"1215","University of South Florida",589632.3240987,761268.413576714,1283133.19951481,426376.495004031,340820.83845113,1828062.87313611,1393161.30832716,141318.088882497,93377.320809426,17123.7417878231,421585.313105821,7295859.91669422,"Florida","Laurel M. Lee","Republican","FL","12",1556629.33562057,2009748.61184252,3387471.6467191,1125633.94681064,899767.013510983,4826085.98507933,3677945.8539837,373079.754649793,246516.126936885,45206.678319853,1112985.22659937,19261070.1800727,8.18933783470416,10.5731724107877,17.8212944377057,5.92189576394488,4.73362275626569,25.3897621268904,19.349462615655,1.96275123447913,1.29690723346425,0.237829747053099,5.85535157091418,101.331387731864
"1305","Georgia Tech Research Corporation",515192.19056034,4676677.52995548,2821625.94275556,2850646.10202868,1492227.9092029,1660460.22805001,7716054.38134216,76468.8126716977,123702.2744882,12803.1934234198,547259.689424985,22493118.2539034,"Georgia","Nikema Williams","Democrat","GA","13",1360107.3830793,12346428.6790825,7449092.48887467,7525705.70935572,3939481.68029567,4383615.00205203,20370383.5667433,201877.665453282,326574.004648849,33800.4306378282,1444765.58008196,59381832.190305,7.15544709111584,64.9538545827149,39.1892492049383,39.5923069726206,20.7253876278181,23.0619476118057,107.167421963086,1.06206684266247,1.71808714566945,0.17782213088083,7.60082901979146,312.404420193103
"1310","University of Georgia Research Foundation Inc",555654.411654025,962887.096239211,1469515.30647452,828192.812293336,5119801.3127368,2151879.62805005,1237123.00497734,0,93737.0836015229,16797.7707116364,523144.519763625,12958732.9465021,"Georgia","Mike Collins","Republican","GA","13",1466927.64676663,2542021.93407152,3879520.40909274,2186429.02445441,13516275.4656252,5680962.21805213,3266004.73314017,0,247465.90070802,44346.1146787201,1381101.53217597,34211054.9787655,7.71742238408368,13.3734318922113,20.4099348121462,11.5026779485186,71.1083515657889,29.8872170562507,17.1822639580186,0,1.30190393891004,0.23330237099495,7.26589610782812,179.982402034751
"1306","Georgia Tech Research Corporation",289936.50037593,2631910.07407794,1587936.24243934,1604268.01837494,839786.288854681,934462.975866583,4342390.75247529,43034.6195850147,69616.3591195796,7205.2976788818,307983.238208878,12658530.3670571,"Georgia","Lucy McBath","Democrat","GA","13",765432.360992456,6948242.59556576,4192151.68003987,4235267.56850985,2217035.80257636,2466982.25628778,11463911.5865348,113611.395704439,183787.18807569,19021.985872248,813075.748871437,33418520.1690306,4.02689583855459,36.5543065844158,22.0546700338798,22.2815002552075,11.663698456315,12.9786524425914,60.3109826732679,0.59770304979187,0.966893876660828,0.100073578873358,4.2775449751233,175.812921764681
"1304","Georgia Tech Research Corporation",173580.404830327,1575683.00487561,950672.355670924,960449.93205342,502766.791353789,559448.228972757,2599720.77944244,25764.1472515548,41678.214999222,4313.69795248845,184384.70182242,7578462.25922495,"Georgia","Henry C. “Hank” Johnson Jr.","Democrat","GA","13",458252.268752063,4159803.13287161,2509775.01897124,2535587.82062103,1327304.329174,1476943.32448808,6863262.85772805,68017.3487441047,110030.487597946,11388.1625945695,486775.612811189,20007140.3643539,2.41083895597676,21.8844861788279,13.2037827176517,13.3395823896308,6.98287210213596,7.77011429128829,36.1072330478117,0.357835378493817,0.578864097211417,0.0599124715623395,2.5608986364225,105.256420267013
"1311","Georgia Tech Research Corporation",151731.123103432,1377345.28398217,831007.30390815,839554.136410332,439481.460973592,489028.172178983,2272483.19881332,22521.1077373731,36432.0061182011,3770.71499343396,161175.438655962,6624529.94687496,"Georgia","Barry Loudermilk","Republican","GA","13",400570.164993062,3636191.54971294,2193859.28231752,2216422.92012328,1160231.05697028,1291034.37455252,5999355.64486718,59455.724426665,96180.4961520508,9954.68758266565,425503.158051739,17488759.0597499,2.1073767097699,19.1297956108635,11.5417681098354,11.6604741168102,6.10390918018878,6.79205794693032,31.5622666501851,0.312793163019071,0.506000084975015,0.0523710415754716,2.23854775911058,92.0073603732633
"6698","University of Guam",0,0,221527.655150551,21878.2408386334,0,175702.505076974,0,10230503.7978452,0,0,0,10649612.1989114,"Guam","James C. Moylan","Republican","GU","66",0,0,584833.009597456,57758.5558139921,0,463854.613403211,0,27008530.0263114,0,0,0,28114976.205126,0,0,3.0767729882021,0.30386445609213,0,2.44031257051353,0,142.090330525628,0,0,0,147.911280540436
"6698","SET POINT SOLUTIONS LLC",37751.104667437,0,0,0,0,0,0,0,0,0,0,37751.104667437,"Guam","James C. Moylan","Republican","GU","66",99662.9163220338,0,0,0,0,0,0,0,0,0,0,99662.9163220338,0.524320898158848,0,0,0,0,0,0,0,0,0,0,0.524320898158848
"1501","University of Hawaii",391750.089946081,2978319.78448176,4687432.05277312,2282726.03985831,1965051.80592512,14327611.0090187,798269.826147988,6699390.3122307,60249.6058613705,7689.37103186657,425344.711115487,34623834.6083905,"Hawaii","Ed Case","Democrat","HI","15",1034220.23745765,7862764.23103184,12374820.619321,6026396.74522595,5187736.76764231,37824893.0638093,2107432.34103069,17686390.424289,159058.959474018,20299.9395241277,1122910.03734488,91406923.3661509,5.44097347147334,41.3655525622466,65.1032229551822,31.7045283313655,27.2923861934044,198.994597347482,11.087080918722,93.0470876698708,0.836800081407924,0.106796819887036,5.90756543215953,480.886591783201
"1502","University of Hawaii",78712.749553981,598421.660400501,941826.625418302,458658.843193754,394829.853597917,2878788.50829357,160393.103957512,1346081.20162413,12105.707844368,1544.99399436578,85462.7799185746,6956826.02779698,"Hawaii","Jill N. Tokuda","Democrat","HI","15",207801.65882251,1579833.18345732,2486422.29110432,1210859.34603151,1042350.8134985,7600001.66189502,423437.794447833,3553654.3722877,31959.0687091314,4078.78414512567,225621.738985037,18366020.713384,1.09323263269418,8.31141195000696,13.080925353032,6.37026171102435,5.48374796663774,39.9831737262996,2.22768199940989,18.6955722447796,0.168134831171777,0.021458249921747,1.18698305442465,96.6225837194024
"1501","University of Hawaii System",0,0,0,0,0,0,0,2640867.10110957,0,0,0,2640867.10110957,"Hawaii","Ed Case","Democrat","HI","15",0,0,0,0,0,0,0,6971889.14692927,0,0,0,6971889.14692927,0,0,0,0,0,0,0,36.678709737633,0,0,0,36.678709737633
"1501","Chaminade University of Honolulu",0,0,743082.676296978,0,0,0,0,0,0,0,0,743082.676296978,"Hawaii","Ed Case","Democrat","HI","15",0,0,1961738.26542402,0,0,0,0,0,0,0,0,1961738.26542402,0,0,10.3205927263469,0,0,0,0,0,0,0,0,10.3205927263469
"1502","University of Hawaii System",0,0,0,0,0,0,0,530618.667537757,0,0,0,530618.667537757,"Hawaii","Jill N. Tokuda","Democrat","HI","15",0,0,0,0,0,0,0,1400833.28229968,0,0,0,1400833.28229968,0,0,0,0,0,0,0,7.36970371580218,0,0,0,7.36970371580218
"1601","Regents of the University of Idaho",122478.962687175,242771.334397549,1090609.38669105,262054.816574628,3923276.43223019,642566.487246887,330382.350747587,11548816.1693798,0,6434.9149401975,24296.9938018805,18193687.848697,"Idaho","Russ Fulcher","Republican","ID","16",323344.461494141,640916.322809529,2879208.78086438,691824.715757017,10357449.7810877,1696375.52633178,872209.40597363,30488874.6871627,0,16988.1754421214,64144.0636369647,48031335.92056,1.70109670398854,3.37182408885485,15.1473525929313,3.63965023020316,54.4899504476415,8.92453454509565,4.58864376038315,160.40022457472,0,0.0893738186138542,0.337458247248341,252.69010900968
"1602","Boise State University",1278767.22939812,659682.012142844,1468755.21266848,604750.209052146,469049.634210197,494462.583954235,864604.928488217,1428629.50512401,89203.2658494165,7801.16213339393,147707.418040015,7513413.16106107,"Idaho","Michael K. Simpson","Republican","ID","16",3375945.48561104,1741560.51205711,3877513.76144478,1596540.55189767,1238291.03431492,1305381.22163918,2282557.01120889,3771581.89352739,235496.62184246,20595.06803216,389947.58362564,19835410.7452012,17.7606559638628,9.16225016865061,20.3993779537288,8.39930845905758,6.5145782529194,6.86753588825326,12.0084017845586,19.8420764600557,1.23893424790856,0.108349474074916,2.05149191722243,104.352960570293
"1601","Boise State University",917184.771430377,473151.236295557,1053452.0146036,433751.874078781,336421.806605934,354649.025732692,620130.431467411,1024672.1967786,63980.2734368229,5595.3162887791,105941.87224939,5388930.81896794,"Idaho","Russ Fulcher","Republican","ID","16",2421367.7965762,1249119.26382027,2781113.31855349,1145104.94756798,888153.569439666,936273.427934308,1637144.33907396,2705134.5994955,168907.921873212,14771.6350023768,279686.54273839,14226777.3620754,12.7386773809775,6.5715449485494,14.6312779806055,6.02433158442751,4.67252509174908,4.92568091295406,8.6129226592696,14.2315582885917,0.888614908844762,0.077712726233043,1.47141489235264,74.8462613745547
"1601","Washington State University",3840.65328549274,560512.081935161,620037.823906962,472909.792022609,1395021.62424551,514689.809146723,907546.109079221,0,104885.496171462,9811.33356103662,213182.666146632,4802437.38950081,"Idaho","Russ Fulcher","Republican","ID","16",10139.3246737008,1479751.89630883,1636899.85511438,1248481.85093969,3682857.08800816,1358781.09614735,2395921.72796914,0,276897.70989266,25901.9206011367,562802.238627107,12678434.7082822,0.0533424067429547,7.78489002687724,8.61163644315225,6.56819155586957,19.3753003367433,7.14846957148227,12.6048070705447,0,1.45674300238142,0.136268521681064,2.96087036314766,66.7005192986224
"1602","Idaho State University",0,29578.0556000935,506277.854604448,318287.687091547,462625.824306073,187718.534962546,0,0,0,0,145894.027326535,1650381.98389124,"Idaho","Michael K. Simpson","Republican","ID","16",0,78086.0667842468,1336573.53615574,840279.493921684,1221332.17616803,495576.932301121,0,0,0,0,385160.232142052,4357008.43747288,0,0.410806327779076,7.03163686950623,4.42066232071593,6.42535867091769,2.6072018744798,0,0,0,0,2.02630593509076,22.9219719984895
"1713","University of Illinois at Urbana-Champaign",947086.321067865,21077539.1214605,3824177.85018464,14104266.3689772,4890413.35051938,2776611.48832856,10648357.2493058,7100.00218830152,1924956.99396597,19507.7132039035,932744.578986735,61152761.0381889,"Illinois","Nikki Budzinski","Democrat","IL","17",2500307.88761916,55644703.2806558,10095829.5244874,37235263.2140999,12910691.2453712,7330254.32918741,28111663.1381674,18744.005777116,5081886.46407017,51500.3628583053,2462445.68852498,161443289.140819,13.1539766814981,292.743598909174,53.1135812525644,195.892588458017,67.9224076461025,38.5640484490078,147.893850684803,0.0986111415041878,26.735513805083,0.270940461165327,12.9547858192602,849.34390330818
"1709","Northwestern University",786116.540441841,2950114.32501322,2233273.80429518,5540451.52507185,678143.99286463,500296.188383641,4020952.59306855,0,189675.433873209,5130.74497723772,1290425.9106133,18194581.0586026,"Illinois","Janice D. Schakowsky","Democrat","IL","17",2075347.66676646,7788301.81803489,5895842.84333927,14626792.0261897,1790300.14116262,1320781.93733281,10615314.845701,0,500743.145425271,13545.1667399076,3406724.4040191,48033693.994711,10.9182852839145,40.973810069628,31.0176917263219,76.9507156259979,9.41866656756431,6.94855817199501,55.8465637926187,0,2.63438102601679,0.0712603469060794,17.9225820918513,252.702514702815
"1715","University of Illinois at Urbana-Champaign",220252.63280648,4901753.28406059,889343.686089451,3280061.94627377,1137305.43035334,645723.601936875,2476362.15100135,1651.16329960501,447664.417201389,4536.67748927989,216917.343950403,14221572.3344625,"Illinois","Mary E. Miller","Republican","IL","17",581466.950609108,12940628.66992,2347867.33127615,8659363.53816276,3002486.33613283,1704710.30911335,6537596.07864358,4359.07111095721,1181834.06141167,11976.8285716989,572661.788029065,37544950.9629811,3.05906434453445,68.0799067230637,12.3519956401313,45.556415920469,15.7959087549075,8.96838336023438,34.3939187639077,0.0229328236056251,6.21756135001929,0.0630094095733318,3.01274088820005,197.521837978646
"1701","University of Chicago",217753.648884275,2547997.00890105,1116158.58624071,6258030.09229829,810541.260994621,967891.324784673,930939.106475357,15252.7948215827,223694.947115226,69750.4506486464,851168.789926626,14009178.011091,"Illinois","Jonathan L. Jackson","Democrat","IL","17",574869.633054486,6726712.10349878,2946658.66767546,16521199.4436675,2139828.9290258,2555233.09743154,2457679.24109494,40267.3783289783,590554.660384197,184141.189712427,2247085.60540629,36984229.9492804,3.02435623450382,35.388847345848,15.5022025866765,86.917084615254,11.2575175138142,13.4429350664538,12.9297098121577,0.211844372521982,3.10687426548925,0.968756259008978,11.8217887489809,194.571916820709
"1702","University of Chicago",142329.67327377,1665439.74641805,729551.434455091,4090417.69420636,529791.686354631,632639.943013453,608486.973886855,9969.63915227642,146213.066458528,45590.7806936272,556346.937889754,9156777.5758024,"Illinois","Robin L. Kelly","Democrat","IL","17",375750.337442754,4396760.93054364,1926015.78696144,10798702.7127048,1398650.05197623,1670169.44955552,1606405.6110613,26319.8473620097,386002.495450514,120359.661031176,1468755.91602895,24173892.8001183,1.97680101769126,23.1311075891395,10.1326588118763,56.8113568639772,7.35821786603654,8.78666587518685,8.45120797065077,0.138467210448284,2.03073703414622,0.633205287411489,7.72704080402437,127.177466330589
"1804","Purdue University",1136362.8110657,12147481.4705115,3851554.5851137,7145217.55289852,4881517.70400973,1264148.13976495,15284245.8212058,0,504548.150759626,9872.02446285505,1147277.01296881,47372225.2727612,"Indiana","James R. Baird","Republican","IN","18",2999997.82121344,32069351.0821503,10168104.1047002,18863374.3396521,12887206.7385857,3337351.08897946,40350408.9679833,0,1332007.11800541,26062.1445819373,3028811.31423766,125062674.720089,15.7828168203569,168.715020423771,53.4938136821348,99.2391326791462,67.7988570001351,17.5576130522909,212.281191961191,0,7.0076132049948,0.137111450872987,15.9344029579001,657.947573232794
"1802","University of Notre Dame",627617.52237511,3951088.47334951,786767.463581641,12305599.7367876,1707785.17531041,425621.277372092,4973609.9201862,0,193687.363296716,5768.16551909521,1277985.1046145,26255530.2023928,"Indiana","Rudy Yakym III","Republican","IN","18",1656910.25907029,10430873.5696427,2077066.10385553,32486783.3051192,4508552.86281947,1123640.17226232,13130330.1892916,0,511334.639103331,15227.9569704114,3373880.67618228,69314599.7343171,8.71691003298765,54.876228796521,10.9273258830784,170.911107455383,23.7192385459779,5.91140663016794,69.0779155581416,0,2.69010226800995,0.0801134099874335,17.7497931196458,364.6601416999
"1809","Indiana University",295492.982103679,5791204.34230666,1704109.95105508,3172985.95203891,2075416.86268691,722275.038496947,1097755.37694049,73145.6082791601,300890.738548491,2122.87583486336,1539080.08732023,16774479.8156114,"Indiana","Erin Houchin","Republican","IN","18",780101.472753712,15288779.4636896,4498850.27078541,8376682.91338273,5479100.51749345,1906806.10163194,2898074.1951229,193104.405856983,794351.549768015,5604.39220403927,4063171.43052541,44284626.7132142,4.10406919588442,80.433393643148,23.6681937646539,44.0692493338738,28.8252342039849,10.031597756902,15.2466024575069,1.01591122609945,4.1790380353957,0.0294843865953244,21.3761123238921,232.978886327936
"1805","Purdue University",96491.448607255,1031473.46305728,327045.269071244,606718.545854722,414502.049939601,107342.02498733,1297824.08029918,0,42842.4632387,838.258636969835,97418.2011741008,4022495.80486638,"Indiana","Victoria Spartz","Republican","IN","18",254737.424323153,2723089.94247122,863399.510348084,1601736.96105647,1094285.41184055,283382.94596655,3426255.57198983,0,113104.102950168,2213.00280160036,257184.051099626,10619388.9248472,1.3401590084341,14.32602032024,4.54229540376727,8.42664647020447,5.7569729158278,1.49086145815736,18.0253344485997,0,0.595034211648611,0.0116424810690255,1.35303057186251,55.8679972898108
"1801","University of Chicago",50075.8960878954,585952.21758055,256678.322813805,1439133.01211037,186396.784478634,222581.920682537,214084.173555195,3507.6214449177,51442.1915982794,16040.2194712326,195739.72742141,3221632.08724483,"Indiana","Frank J. Mrvan","Democrat","IN","18",132200.365672044,1546913.85441265,677630.772228444,3799311.15197139,492087.511023594,587616.270601897,565182.218185715,9260.12061458274,135807.385819458,42346.179404054,516752.880392522,8505108.71032635,0.695498556776325,8.1382252441743,3.56497670574729,19.987958501533,2.58884422886992,3.09141556503523,2.97339129937771,0.0487169645127459,0.714474883309436,0.222780825989342,2.71860732529736,44.7448901006226
"1904","Iowa State University",529497.706436385,2772564.74077043,1093252.82585852,2138333.0152411,2001387.68834903,779665.367670731,4923991.71381015,2850613.75902804,109363.426463103,2140.67993522982,591978.359400967,17792789.2829637,"Iowa","Randy Feenstra","Republican","IA","19",1397873.94499206,7319570.91563393,2886187.46026649,5645199.16023651,5283663.49724143,2058316.57065073,12999338.1244588,7525620.32383401,288719.445862592,5651.39502900674,1562822.86881855,46972963.7070241,7.35413481161646,38.5078436218115,15.1840670258128,29.6990696561264,27.7970512270698,10.8286856620935,68.3887738029187,39.5918577642783,1.51893647865421,0.0297316657670809,8.22192165834677,247.122073374496
"1901","University of Iowa",82054.9451378112,968446.832834573,717313.696125993,1449876.35992981,1334213.68497147,858581.989624726,1270379.52402487,2376362.96542897,45914.5408491562,0,1035766.7039119,10138911.2428393,"Iowa","Mariannette Miller-Meeks","Republican","IA","19",216625.055163821,2556699.63868327,1893708.15777262,3827673.59021471,3522324.12832469,2266656.45260928,3353801.94342567,6273598.22873247,121214.387841772,0,2734424.09832742,26766725.6810957,1.13965201580293,13.4506504560357,9.96269022397213,20.1371716656919,18.5307456246038,11.924749855899,17.644160055901,33.0050411865134,0.637701956238281,0,14.3856486654431,140.818211706101
"1903","Iowa State University",205315.437189619,1075076.12397221,423914.361047181,829149.536522061,776048.287319011,302319.224198855,1909302.90943659,1105340.02901087,42406.2265877339,830.059566721769,229542.629155477,6899244.82400633,"Iowa","Zachary Nunn","Republican","IA","19",542032.754180593,2838200.96728663,1119133.91316456,2188954.77641824,2048767.47852219,798122.751884977,5040559.68091259,2918097.6765887,111952.438191617,2191.35725614547,605992.54097046,18214006.3353767,2.85160329430026,14.9316128329473,5.88769945898863,11.5159657850286,10.7784484349863,4.19887811387299,26.5180959643971,15.3519448473732,0.588975369274081,0.0115286050933579,3.18809207160385,95.8228447778656
"1901","Iowa State University",108060.756415589,565829.53893274,223112.82160378,436394.492906348,408446.467010006,159115.381157292,1004896.26812452,581757.910005721,22319.0666251231,436.873456169352,120811.91008183,3631181.48631912,"Iowa","Mariannette Miller-Meeks","Republican","IA","19",285280.396937154,1493789.98278243,589017.849033978,1152081.46127276,1078298.67290641,420064.606255251,2652926.14784873,1535840.8824151,58922.3358903249,1153.34592428709,318943.442616031,9586319.12388247,1.5008438391054,7.85874359628806,3.09878918894138,6.06103462369927,5.67286759736119,2.20993584940683,13.9568926128406,8.07997097230169,0.309987036460043,0.006067686891241,1.67794319558097,50.4330761988766
"1902","Iowa State University",54030.3782077944,282914.76946637,111556.41080189,218197.246453174,204223.233505003,79557.690578646,502448.13406226,290878.955002861,11159.5333125615,218.436728084676,60405.955040915,1815590.74315956,"Iowa","Ashley Hinson","Republican","IA","19",142640.198468577,746894.991391217,294508.924516989,576040.730636379,539149.336453207,210032.303127626,1326463.07392437,767920.441207552,29461.1679451625,576.672962143545,159471.721308016,4793159.56194124,0.7504219195527,3.92937179814403,1.54939459447069,3.03051731184964,2.83643379868059,1.10496792470342,6.97844630642028,4.03998548615084,0.154993518230021,0.0030338434456205,0.838971597790486,25.2165380994383
"2001","University of Kansas Center for Research Inc",708984.459618223,857530.469592735,569905.489197796,1942138.40833987,1934408.88368335,585482.994605548,1310724.46325216,10073184.1076665,285554.216054246,11999.0483927628,477719.619810087,18757632.1602133,"Kansas","Tracey Mann","Republican","KS","20",1871718.97339211,2263880.43972482,1504550.49148218,5127245.39801727,5106839.45292404,1545675.10575865,3460312.58298572,26593206.0442396,753863.13038321,31677.4877568938,1261179.79629863,49520148.9029631,9.84700638358644,11.9101454110102,7.91535401663606,26.974144560276,26.8667900511576,8.13170825841039,18.2045064340578,139.905334828702,3.9660307785312,0.166653449899483,6.63499471958454,260.522668891851
"2001","Kansas State University",174022.164250533,417834.161921445,953249.037272298,1119289.67139291,1606184.51834318,265625.253789071,1010051.77675977,2658057.98616788,778490.157738727,2728.92209732957,213894.805056894,9199428.45479003,"Kansas","Tracey Mann","Republican","KS","20",459418.513621407,1103082.18747261,2516577.45839887,2954924.73247727,4240327.128426,701250.670003147,2666536.69064579,7017273.0834832,2055214.01643024,7204.35433695008,564682.285350201,24286491.1206457,2.41697450347962,5.80325224890895,13.2395699621153,15.545689880457,22.308118310322,3.68923963595932,14.0284968994412,36.9174720301094,10.8123633019268,0.0379016957962441,2.97076118134576,127.769839649862
"2003","University of Kansas Center for Research Inc",211618.239063884,255956.368940101,170105.838598806,579690.999450865,577383.88485276,174755.424663318,391226.068566777,3006651.91417392,85232.4469724023,3581.4854005208,142590.127807479,5598792.79849084,"Kansas","Sharice Davids","Democrat","KS","20",558672.151128655,675724.814001868,449079.413900848,1530384.23855028,1524293.45601129,461354.32111116,1032836.82101629,7937561.05341915,225013.660007142,9455.12145737491,376437.937411744,14780812.9880158,2.93914220922062,3.55494956861252,2.36258109165008,8.05126388126201,8.019220622955,2.42715867587942,5.43369539676079,41.7590543635267,1.18378398572781,0.0497428527850111,1.98041844177054,77.7610110901505
"2002","University of Kansas Center for Research Inc",195778.550511198,236797.958091291,157373.365649794,536300.954581788,534166.528202104,161674.928805285,361942.680201,2781603.11820282,78852.7727978213,3313.4101459908,131917.214049434,5179721.48123853,"Kansas","Derek Schmidt","Republican","KS","20",516855.373349564,625146.60936101,415465.685315455,1415834.52009592,1410199.63445356,426821.812045953,955528.67573064,7343432.23205544,208171.320186248,8747.40278541571,348261.445090506,13674464.7104697,2.71914653487776,3.28886052904571,2.18574118958047,7.4486243691915,7.41897955836256,2.24548512229563,5.02698166945833,38.6333766417058,1.09517739996974,0.0460195853609833,1.83218352846436,71.9405761283129
"2004","Wichita State University",129720.03226771,250536.934304869,361972.181682747,517886.911510301,107493.620298182,41975.5567208146,175752.79533225,871501.375909369,0,0,0,2456839.40802624,"Kansas","Ron Estes","Republican","KS","20",342460.885186753,661417.506564853,955606.559642453,1367221.44638719,283783.157587201,110815.469742951,463987.379677141,2300763.63240073,0,0,0,6486056.03718928,1.8016671148293,3.47967964312318,5.02739141226038,7.1928737709764,1.49296694858586,0.582993843344648,2.44101104628125,12.104185776519,0,0,0,34.12276955592
"2106","University of Kentucky Research Foundation",240222.80656726,2633848.80711437,1094453.07572784,1693927.82410425,2443760.82256448,235811.548038464,1585910.70510166,10672604.8867251,68860.8649556315,2435.36012232389,381308.05613138,21053144.7571527,"Kentucky","Andy Barr","Republican","KY","21",634188.209337568,6953360.85078194,2889356.11992149,4471969.45563523,6451528.57157023,622542.486821545,4186804.26146837,28175676.9009542,181792.683482867,6429.35072293508,1006653.26818684,55580302.1588831,3.33642786898973,36.581233432144,15.2007371628866,23.5267753347813,33.9411225356178,3.27516038942311,22.0265375708563,148.230623426737,0.956400902161549,0.0338244461433874,5.29594522404695,292.404788293788
"2103","University of Louisville Research Foundation Inc",166176.003983408,381845.675664494,749198.319098235,517712.349540062,352236.873379619,86944.0202104089,1603872.08312028,490156.941567315,0,0,96040.5217734537,4444182.78833728,"Kentucky","Morgan McGarvey","Democrat","KY","21",438704.650516197,1008072.58375426,1977883.56241934,1366760.60278576,929905.345722193,229532.213355479,4234222.29943755,1294014.32573771,0,0,253546.977481918,11732642.5612104,2.30800005532511,5.30341216200686,10.4055322096977,7.19044929916752,4.89217879693915,1.20755583625568,22.2760011544484,6.80773529954605,0,0,1.33389613574241,61.7247609491289
"2105","University of Kentucky Research Foundation",17428.1289448458,191085.339845803,79402.4081245057,122894.212100902,177294.484793605,17108.0927936264,115057.586157142,774295.899715734,4995.84552711624,176.685015238602,27663.8428504311,1527402.52586895,"Kentucky","Harold Rogers","Republican","KY","21",46010.2604143929,504465.29719292,209622.357448695,324440.719946382,468057.439855116,45165.3649751736,303752.027454854,2044141.17524954,13189.0321915869,466.44844022991,73032.545125138,4032342.66829403,0.242057346456192,2.65396305341393,1.10281122395147,1.70686405695698,2.46242339991118,0.237612399911477,1.5980220299603,10.7541097182741,0.06938674343217,0.00245395854498059,0.38422003958932,21.2139239704021
"2104","University of Kentucky Research Foundation",16816.6156485354,184380.591079283,76616.3587166283,118582.134483327,171073.62567804,16507.8088359553,111020.477870926,747127.622532726,4820.55270160339,170.485541019704,26693.1816977844,1473809.45478583,"Kentucky","Thomas Massie","Republican","KY","21",44395.8653121335,486764.760449308,202267.187011899,313056.835035983,451634.371790024,43580.6153269219,293094.061579245,1972416.9234864,12726.259132233,450.081828292019,70469.9996821507,3890856.96063459,0.233564106229659,2.56084154276783,1.0641160932865,1.64697409004621,2.37602257886166,0.229275122721601,1.54195108154064,10.3767725351767,0.0669521208556027,0.00236785473638478,0.370738634691449,20.4695757609143
"2104","University of Cincinnati Main Campus",101176.035417351,283105.135009287,209757.184656446,221288.600081575,123786.859688117,42675.8064368594,269075.486089609,0,8231.28219128385,1513.52444853881,41963.6718536316,1302573.5858727,"Kentucky","Thomas Massie","Republican","KY","21",267104.733501806,747397.556424517,553758.967493017,584201.904215357,326797.309576629,112664.128993309,710359.283276567,0,21730.5849849894,3995.70454414246,110784.093693587,3438794.26670392,1.40522271412987,3.93201576401787,2.91329423133953,3.07345277891076,1.71926194011274,0.592719533845269,3.73715952902234,0,0.114323363767831,0.0210211728963723,0.582828775744883,18.0912998037875
"2205","Louisiana State University",1239683.75133956,415333.534275373,765878.290580772,2030715.86137681,1496364.69834253,559470.380335004,1460916.80322717,1014081.87643301,45786.9621756433,6029.15075437247,185189.001554154,9219450.31039439,"Louisiana","Julia Letlow","Republican","LA","22",3272765.10353643,1096480.53048698,2021918.68713324,5361089.87403477,3950402.80362427,1477001.80408441,3856820.36051974,2677176.15378314,120877.580143698,15916.9579915433,488898.964102967,24339348.8194412,17.217829879716,5.76852130938018,10.6371984802885,28.2043869635668,20.7828430325351,7.77042194909727,20.290511155933,14.084470506014,0.635930030217267,0.0837382049218399,2.57206946602992,128.0479209777
"2206","Louisiana State University",1097792.23763202,367795.358665541,678217.522381768,1798284.52784573,1325094.0400985,495434.613911118,1293703.4341831,898012.264070193,40546.2857820455,5339.0672342937,163992.670050968,8164212.02185527,"Louisiana","Cleo Fields","Democrat","LA","22",2898171.50734852,970979.746877028,1790494.25908787,4747471.15351272,3498248.26586005,1307947.38072535,3415377.06624338,2370752.37714531,107042.1944646,14095.1374985354,432940.648934555,21553519.7376979,15.2471144115558,5.10826887035474,9.41968781085789,24.9761739978573,18.404083890257,6.88103630432108,17.9681032525431,12.4723925565305,0.563142858083966,0.0741537115874125,2.27767597293011,113.391833636879
"2203","University of Louisiana at Lafayette",189789.208766456,299065.375326267,187074.815593264,285558.731716339,304602.540837307,150661.297030153,197346.37660589,4850911.90344848,84827.7189784675,0,0,6549837.96830262,"Louisiana","Clay Higgins","Republican","LA","22",501043.511143445,789532.590861346,493877.513166216,753875.051731135,804150.707810491,397745.824159604,520994.43423955,12806407.425104,223945.178103154,0,0,17291572.2363189,2.63596123286745,4.15368576842038,2.59826132768422,3.96609349606026,4.2305908449626,2.09251801430768,2.74092189730403,67.3737764367844,1.17816276358983,0,0,90.9699717819808
"2206","Louisiana Board of Regents",0,0,146809.246884404,0,0,285224.338446656,0,4476995.63074924,0,0,0,4909029.2160803,"Louisiana","Cleo Fields","Democrat","LA","22",0,0,387576.411774826,0,0,752992.253499172,0,11819268.465178,0,0,0,12959837.130452,0,0,2.03901731783894,0,0,3.96144914509245,0,62.1804948715172,0,0,0,68.1809613344486
"2205","Louisiana Board of Regents",0,0,136173.396963168,0,0,264560.767711285,0,4152651.93553111,0,0,0,4553386.10020556,"Louisiana","Julia Letlow","Republican","LA","22",0,0,359497.767982763,0,0,698440.426757792,0,10963001.1098021,0,0,0,12020939.3045427,0,0,1.891297180044,0,0,3.67445510710118,0,57.675721326821,0,0,0,63.2414736139662
"2302","University of Maine",486596.540410443,570299.03955661,2048268.32170212,278041.613888474,937970.037448186,1450723.94798609,802680.615393751,16443832.1739229,0,44922.4313552898,80802.5940665064,23144137.3157304,"Maine","Jared F. Golden","Democrat","ME","23",1284614.86668357,1505589.46442945,5407428.36929359,734029.860665572,2476240.89886321,3829911.22268329,2119076.8246395,43411716.9391566,0,118595.218777965,213318.848335577,61100522.5135283,6.75828528347837,7.92081999384181,28.4481711347516,3.86168908178437,13.0273616312248,20.1489437220291,11.1483418804688,228.386557971152,0,0.623922657712359,1.1222582509237,321.446351607367
"2301","Bigelow Laboratory for Ocean Sciences",88263.8660041428,0,0,58018.1202896313,209845.081794985,816793.930502462,0,3156834.84122015,481590.248535794,9006.46590272801,0,4820352.55424989,"Maine","Chellie Pingree","Democrat","ME","23",233016.606250937,0,0,153167.837564627,553991.015938761,2156335.9765265,0,8334043.98082119,1271398.2561345,23777.0699832019,0,12725730.7432197,1.22588702783532,0,0,0.805807226244879,2.91451502493035,11.3443601458675,0,43.8449283502798,6.68875345188603,0.125089804204556,0,66.9493410312485
"2301","University of Maine",41529.7651558761,48673.5585120068,174814.441353731,23730.1377412369,80053.3340118165,123815.563536577,68506.7292594365,1403438.84868073,0,3834.014156456,6896.29390446769,1975292.68631234,"Maine","Chellie Pingree","Democrat","ME","23",109638.580011513,128498.194471698,461510.125173849,62647.5636368653,211340.801791195,326873.087736564,180857.765244912,3705078.56051714,0,10121.7973730438,18206.2159077947,5214772.69186458,0.576802293831613,0.676021646000094,2.42797835213515,0.329585246406068,1.11185186127523,1.71966060467469,0.951482350825506,19.4922062316769,0,0.0532501966174445,0.0957818597842735,27.4346206432269
"2301","University of New Hampshire",17907.6188508761,36557.1015767504,84184.4734827197,44342.8654807343,64513.6992650934,169055.124279985,33341.4845436768,641042.380412181,17535.0725623251,1931.43185337806,2624.42209239724,1113035.67440012,"Maine","Chellie Pingree","Democrat","ME","23",47276.1137663129,96510.748162621,222247.00999438,117065.164869139,170316.166059847,446305.52809916,88021.5191953068,1692351.88428816,46292.5915645383,5098.98009291808,6928.47432392871,2938414.18041631,0.24871692848439,0.507737521899311,1.16922879837111,0.615873131676866,0.896023600904076,2.34798783722201,0.463076174217734,8.90336639461362,0.243542674476738,0.0268254424080286,0.0364503068388505,15.4588288111127
"2302","Bates College",0,0,0,77556.4694306405,14652.2110305818,52438.833402562,0,858560.67002663,0,1695.36457752401,8372.1241300903,1013275.67259803,"Maine","Jared F. Golden","Democrat","ME","23",0,0,0,204749.079296891,38681.837120736,138438.520182764,0,2266600.1688703,0,4475.76248466339,22102.4077034384,2675047.77565879,0,0,0,1.07717318653667,0.203502930980303,0.72831713059114,0,11.9244537503699,0,0.023546730243389,0.11627950180681,14.0732732305282
"2404","University of Maryland, College Park",734289.826152303,2459366.56933425,1208297.78153175,3595831.66299263,1293081.93747669,978749.075224025,2420873.08847964,27418.2336913739,131779.258762078,974.268913682494,678886.598325363,13529548.3008838,"Maryland","Glenn Ivey","Democrat","MD","24",1938525.14104208,6492727.74304242,3189906.14324383,9492995.59030055,3413736.31493847,2583897.55859143,6391104.95358624,72384.1369452271,347897.243131885,2572.06993212179,1792260.61957896,35718007.5143332,10.1984698076709,34.1578690185313,16.7819136323855,49.9421064304532,17.959471353843,13.5937371558892,33.623237339995,0.380808801269082,1.83026748280663,0.0135315126900346,9.4289805322967,187.91039306783
"2407","Johns Hopkins University",439288.535173809,1669690.13971042,1615981.09456209,3111085.67466777,1548046.56048992,905228.459364939,2068485.38321588,0,573497.182381851,4717.61649468588,657713.538181703,12593734.1842431,"Maryland","Kweisi Mfume","Democrat","MD","24",1159721.73285886,4407981.96883552,4266190.08964393,8213266.1811229,4086842.9196934,2389803.13272344,5460801.41168992,0,1514032.56148809,12454.5075459707,1736363.7407997,33247458.2464017,6.10122965519179,23.1901408293114,22.444181868918,43.2095232592745,21.5006466734712,12.5726174911797,28.7289636557761,0,7.96523864419238,0.0655224513150817,9.13491025252366,174.912974781154
"2402","Johns Hopkins University",430777.506450183,1637340.6026732,1584672.14745467,3050809.71156237,1518053.81611605,887690.042579147,2028409.35777628,0,562385.918141278,4626.21467952711,644970.61782944,12349735.9352622,"Maryland","Johnny Olszewski, Jr.","Democrat","MD","24",1137252.61702848,4322579.19105726,4183534.46928033,8054137.63852467,4007662.07454638,2343501.71240895,5355000.70452937,0,1484698.82389297,12213.2067539516,1702722.43106972,32603302.8690921,5.98302092291921,22.7408417037945,22.0093353813149,42.372357105033,21.0840807793896,12.3290283691548,28.1723521913372,0,7.81091552973998,0.0642529816600988,8.95792524763112,171.524110211974
"2408","University of Maryland, College Park",579222.409449333,1939997.23171087,953129.305928775,2836463.48571468,1020008.73328907,772056.72393448,1909632.80892493,21628.0476944378,103950.098526608,768.522683463831,535519.242157274,10672376.6100139,"Maryland","Jamie Raskin","Democrat","MD","24",1529147.16094624,5121592.69171669,2516261.36765197,7488263.60228677,2692823.05588314,2038229.75118703,5041430.61556182,57098.0459133158,274428.260110245,2028.89988434451,1413770.7992952,28175074.2504368,8.04475568679628,26.9444059959843,13.2379070267885,39.3953261904817,14.1667879623482,10.7230100546456,26.5226779017351,0.300389551311636,1.44375136842511,0.0106739261592199,7.43776725218436,148.22745291686
"2403","University of Maryland, College Park",327596.206379218,1097222.28133209,539070.208122596,1604245.0400645,576895.828006461,436659.303480603,1080048.79226935,12232.3761313423,58792.0242285472,434.660523335899,302878.599501324,6036075.32003937,"Maryland","Sarah Elfreth","Democrat","MD","24",864853.984841134,2896666.82271671,1423145.34944365,4235206.90577029,1523004.98593706,1152780.56118879,2851328.81159109,32293.4729867437,155210.943963365,1147.50378160677,799599.502683496,15935238.8449039,4.54994731082247,15.2391983518345,7.48708622392494,22.281181112007,8.0124420556453,6.06471254834171,15.0006776704077,0.16989411293531,0.816555892063155,0.0060369517129986,4.20664721529617,83.8343794449912
"2509","Woods Hole Oceanographic Institution",1044502.90546018,201310.477708991,33358.6267404447,61863.0575245962,679766.030542401,79940981.1819797,342767.208465591,0,464594.091039947,344967.815605076,1765.52940741328,83115876.9244743,"Massachusetts","William R. Keating","Democrat","MA","25",2757487.67041488,531459.661151736,88066.774594774,163318.471864934,1794582.32063194,211044190.320426,904905.430349161,0,1226528.40034546,910715.033197401,4660.99763557105,219425915.080612,14.5069847980581,2.79597885706932,0.463314260283954,0.859209132286059,9.44119486864446,1110.29140530527,4.76065567313321,0,6.45269570888815,4.79121966118161,0.0245212417696289,1154.38717950659
"2507","Massachusetts Institute of Technology",727918.923002945,3203454.95058937,3827135.50996187,5389593.07425955,1062455.7652086,1379345.96434515,2020847.99664241,80718.2998403526,0,9778.05472036766,608418.149215987,18309666.6877866,"Massachusetts","Ayanna Pressley","Democrat","MA","25",1921705.95672778,8457121.06955594,10103637.7462993,14228525.7160452,2804883.22015069,3641473.3458712,5335038.71113596,213096.311578531,0,25814.0644617706,1606223.91393021,48337520.0557567,10.1099850417076,44.4924298692968,53.1546598605816,74.855459364716,14.7563300723416,19.1575828381271,28.0673332867002,1.12108749778268,0,0.135806315560662,8.45025207244427,254.300926219258
"2505","Massachusetts Institute of Technology",669907.499102395,2948155.93690484,3522132.3380738,4960070.00705791,977783.461984449,1269419.12920665,1859796.72284371,74285.4632144644,0,8998.79365243726,559930.327224287,16850479.6792649,"Massachusetts","Katherine M. Clark","Democrat","MA","25",1768555.79763032,7783131.67342878,9298429.37251484,13094584.8186329,2581348.33963894,3351266.50110556,4909863.3483074,196113.622886186,0,23756.8152424344,1478216.06387212,44485266.3532595,9.3042708208666,40.9466102347895,48.9185046954695,68.8898612091376,13.5803258608951,17.6308212389812,25.830510039496,1.03174254464534,0,0.12498324517274,7.77681010033732,234.034439989791
"2507","Northeastern University",158233.857751522,5434036.56616508,1459014.14700622,1323390.65982051,717339.055211642,414801.415978252,2247305.97932085,23439.629881942,30411.6176384047,2174.16456745227,1933511.68725324,13743658.7805951,"Massachusetts","Ayanna Pressley","Democrat","MA","25",417737.384464018,14345856.5346758,3851797.34809643,3493751.34192614,1893775.10575873,1095075.73818258,5932887.78540705,61880.622888327,80286.6705653885,5739.79445807398,5104470.85434857,36283259.1807711,2.19769246877114,75.472730085626,20.2640853750864,18.3804258308404,9.96304243349503,5.76113077747572,31.212583046123,0.325550415026973,0.422383578311177,0.0301967301035037,26.8543289896284,190.884149730488
"2507","Harvard University",410885.04897261,1183769.56972624,2930771.51896094,3458879.36156548,1562873.83061454,920266.215757163,981039.15640329,34497.958828563,0,34411.2162748112,858313.45782625,12375707.3349299,"Massachusetts","Ayanna Pressley","Democrat","MA","25",1084736.52928769,3125151.66407727,7737236.81005688,9131441.51453287,4125986.91282238,2429502.80959891,2589943.37290469,91074.6113074065,0,90845.6109655016,2265947.5286613,32671867.3642149,5.70673679128624,16.4412440239755,40.7051599855686,48.0399911328539,21.7065809807575,12.7814752188495,13.6255438389346,0.479138317063376,0,0.477933559372378,11.9210202475868,171.884824096248
"2606","Regents of the University of Michigan - Ann Arbor",1997379.52505204,7218483.6918774,7596852.77695022,12675539.748438,4428688.93967514,2736309.18684865,12088531.7550323,204409.971877901,954970.275499193,20945.9034024801,12595737.560341,62517849.3349943,"Michigan","Debbie Dingell","Democrat","MI","26",5273081.94613739,19056796.9465563,20055691.3311486,33463424.9358762,11691738.8007424,7223856.25328043,31913723.8332852,539642.325757658,2521121.52731787,55297.1849825474,33252747.1593003,165047122.244385,27.7413822923895,100.256717942742,105.511844124309,176.04916317275,61.5095686065991,38.0042942617868,167.896274375448,2.83902738719306,13.2634760485999,0.290915325034446,174.940799449181,868.303462986032
"2607","Michigan State University",502104.111500285,3144901.08475516,5451632.58924072,13303024.5679997,10198968.1040488,1335863.64241259,6416810.93358176,173298.348219204,1104382.07299118,7432.29087353031,2232744.56020991,43871162.3058328,"Michigan","Tom Barrett","Republican","MI","26",1325554.85436075,8302538.86375363,14392310.0355955,35119984.8595191,26925275.7946889,3526680.01596925,16940380.8646558,457507.639298699,2915568.67269671,19621.24790612,5894445.63895417,115819868.487399,6.97366821528173,43.6791817327106,75.71711929501,184.764230111107,141.652334778456,18.5536617001749,89.1223740775244,2.4069215030445,15.3386399026553,0.103226262132365,31.0103411140266,609.321698692123
"2607","Regents of the University of Michigan - Ann Arbor",278206.741842662,1005432.77017385,1058134.2367964,1765523.56238767,616853.785216182,381129.201535933,1683761.64421804,28471.4204601748,133013.864201045,2917.46834663446,1754408.24531152,8707852.94049012,"Michigan","Tom Barrett","Republican","MI","26",734465.798464627,2654342.51325896,2793474.38514249,4660982.20470346,1628493.99297072,1006181.09205486,4445130.74073563,75164.5500148614,351156.601490758,7702.11643511497,4631637.76762242,22988731.7628939,3.86398252559252,13.9643440301923,14.6963088443944,24.5211605887177,8.56741368355808,5.29346113244351,23.3855783919173,0.395436395280205,1.84741478057006,0.0405203937032564,24.3667811848823,120.942401951252
"2601","Michigan Technological University",475484.882943526,824785.135141669,1366311.18790002,965262.792992105,811917.677070013,1212401.75034472,877326.478023062,25680.3477492923,66522.0619246162,3163.48059743261,314279.984106868,6943135.77879332,"Michigan","Jack Bergman","Republican","MI","26",1255280.09097091,2177432.75677401,3607061.53605604,2548293.77349916,2143462.66746484,3200740.62091005,2316141.90198088,67796.1180581318,175618.243480987,8351.5887772221,829699.158042132,18329878.4560144,6.60395670754898,11.4553490991899,18.9765442763891,13.4064276804459,11.2766344037502,16.8389131992322,12.1850899725425,0.356671496517949,0.92391752673078,0.0439372305198974,4.36499977926206,96.4324413721294
"2605","Regents of the University of Michigan - Ann Arbor",191536.631628193,692208.984053353,728492.293839058,1215507.69747769,424684.518588078,262395.522818136,1159217.17662997,19601.6816001389,91575.881088196,2008.58561620432,1207855.14967046,5995084.12300947,"Michigan","Tim Walberg","Republican","MI","26",505656.70749843,1827431.71790085,1923219.65573511,3208940.3213411,1121167.12907253,692724.180239879,3060333.34630311,51748.4394243667,241760.326072837,5302.6660267794,3188737.59513001,15827022.084745,2.66023099483602,9.61401366740768,10.1179485255425,16.8820513538568,5.89839609150108,3.644382261363,16.1002385643051,0.272245577779707,1.27188723733605,0.0278970224472822,16.7757659676452,83.2650572640204
"2705","University of Minnesota-Twin Cities",265978.417666512,2112287.59825998,1550769.78488618,4551825.52556434,3040126.8493357,1722658.00968258,4776695.39703221,47838.5396665683,180847.585209333,87846.8991108902,1284544.08370372,19621418.690118,"Minnesota","Ilhan Omar","Democrat","MN","27",702183.022639592,5576439.25940636,4094032.23209953,12016819.3874899,8025934.88224625,4547817.14556201,12610475.848165,126293.74471974,477437.62495264,231915.81365275,3391196.38097783,51800545.3419116,3.69414468981267,29.3373277536109,21.5384692345303,63.2197989661714,42.2239840185514,23.9258056900358,66.3429916254474,0.66442416203567,2.51177201679629,1.22009582098459,17.8408900514406,272.519704029417
"2704","University of Minnesota-Twin Cities",199034.95863955,1580651.08606533,1160460.32118773,3406187.6642603,2274964.73971505,1289086.41804598,3574460.58640019,35798.1743310096,135330.497707273,65736.9273963845,961240.317217057,14682951.6909659,"Minnesota","Betty McCollum","Democrat","MN","27",525452.290808412,4172918.86721247,3063615.24793561,8992335.43364719,6005906.91284772,3403188.14364139,9436575.9480965,94507.1802338654,357272.513947202,173545.488326455,2537674.43745303,38762992.4641499,2.76437442554931,21.9534873064629,16.1175044609407,47.3081620036152,31.5967324960423,17.9039780284164,49.6452859222249,0.497196865708467,1.87959024593435,0.913012880505341,13.350559961348,203.929884596748
"2703","University of Minnesota-Twin Cities",103364.80455121,820879.365572588,602661.738967341,1768935.08852693,1181457.20374377,669461.116588312,1856324.24783412,18591.0621847898,70281.1734227206,34139.1517277616,499200.834843395,7625295.78796294,"Minnesota","Kelly Morrison","Democrat","MN","27",272883.084015194,2167121.52511163,1591026.99087378,4669988.6337111,3119047.01788355,1767377.34779314,4900696.01428208,49080.404167845,185542.297835982,90127.3605612905,1317890.20398656,20130780.8802222,1.43562228543347,11.4011022996193,8.37030193010195,24.5685428962074,16.4091278297746,9.29807106372656,25.7822812199183,0.258209197010969,0.976127408648897,0.474154885107799,6.93334492838048,105.90688594393
"2702","University of Minnesota-Twin Cities",80280.853162602,637556.430333052,468072.268726495,1373887.55014623,917608.200426301,519953.671196381,1441760.52002997,14439.2120690799,54585.6260082172,26515.0235503458,387716.7774342,5922376.13308288,"Minnesota","Angie Craig","Democrat","MN","27",211941.452349269,1683148.97607926,1235710.78943795,3627063.13238604,2422485.64912544,1372677.69195845,3806247.77287913,38119.519862371,144106.052661694,69999.662172913,1023572.29242629,15635072.9913388,1.11501184948058,8.85495042129239,6.50100373231243,19.0817715298087,12.7445583392542,7.22157876661641,20.024451667083,0.200544612070554,0.758133694558573,0.368264215977025,5.38495524214166,82.2552240705955
"2707","North Dakota State University Fargo",783867.631936871,52689.5018472947,162455.427963051,118287.993787464,244519.591198173,21512.0972084199,235627.919086382,3327399.90826111,764.574683089445,0,71134.7084255284,5018259.35439738,"Minnesota","Michelle Fischbach","Republican","MN","27",2069410.54831334,139100.284876858,428882.329822455,312280.303598904,645531.720763176,56791.9366302286,622057.706388048,8784335.75780933,2018.47716335614,0,187795.630243395,13248204.6956091,10.8870504435677,0.731798636767982,2.25632538837571,1.64288880260366,3.39610543330795,0.298779127894721,3.27260998731086,46.2138876147376,0.0106190928206867,0,0.987982061465672,69.6980465888525
"2803","Mississippi State University",232999.825825496,659896.657439937,918427.94645898,984278.806469471,822638.292422002,129392.61683099,448166.131385949,5735884.32099229,12655.582357235,0,173992.909883958,10118333.0900663,"Mississippi","Michael Guest","Republican","MS","28",615119.540179308,1742127.17564143,2424649.77865171,2598496.0490794,2171765.09199409,341596.508433814,1183158.58685891,15142734.6074196,33410.7374231004,0,459341.282093648,26712399.357775,3.23610869202077,9.16523135333245,12.7559437008192,13.6705389787427,11.4255318391945,1.79711967820819,6.22452960258262,79.6650600137818,0.17577197718382,0,2.41656819283275,140.532404028699
"2801","Mississippi State University",110521.757924435,313017.137975644,435649.558148587,466885.430464844,390212.438538596,61376.4384755989,212584.316350799,2720774.64505084,6003.08264061381,0,82532.2602651427,4799557.0658351,"Mississippi","Trent Kelly","Republican","MS","28",291777.440920507,826365.244255701,1150114.83351227,1232577.53642719,1030160.83774189,162033.797575581,561222.595166109,7182845.06293421,15848.1381712204,0,217885.167099977,12670830.6538047,1.53502441561715,4.34746024966172,6.05068830761927,6.48451986756728,5.41961720192494,0.852450534383319,2.95255994931665,37.7885367368172,0.0833761477863029,0,1.14628139257143,66.6605148032652
"2804","University of Southern Mississippi",758719.173161725,42482.0521740335,80921.7351602431,673468.12906659,250644.66110282,315639.863027593,246962.026731301,1044474.79251988,0,0,7196.44172392281,3420508.87466811,"Mississippi","Mike Ezell","Republican","MS","28",2003018.61714695,112152.617739449,213633.380823042,1777955.8607358,661701.905311444,833289.238392847,651979.750570635,2757413.45225249,0,0,18998.6061511562,9030143.42912382,10.5377662939128,0.590028502417132,1.12391298833671,9.35372401481375,3.48117584865028,4.38388698649435,3.43002814904585,14.5065943405539,0,0,0.0999505794989279,47.5070677037238
"2801","University of Mississippi",17244.8628233417,175535.101811927,142747.835845728,722612.232401055,504226.693819909,48060.9493576582,503868.006596638,792426.827712767,54936.3749436936,0,225088.020870684,3186746.9061834,"Mississippi","Trent Kelly","Republican","MS","28",45526.4378536222,463412.668783487,376854.286632722,1907696.29353879,1331158.47168456,126880.906304218,1330211.53741512,2092006.82516171,145032.029851351,0,594232.375098606,8413011.83232418,0.239511983657524,2.43798752516565,1.98260883119067,10.0362810055702,7.00314852527651,0.66751318552303,6.99816675828663,11.0059281626773,0.7630052075513,0,3.12622251209283,44.2603736969917
"2802","Jackson State University",152960.0377814,104606.866431547,1114222.45227745,665043.965312218,86543.7192891442,44114.6352885246,116338.903013419,223295.676919526,827.945726785417,0,123298.277978086,2631252.4800181,"Mississippi","Bennie G. Thompson","Democrat","MS","28",403814.499742897,276162.127379285,2941547.27401248,1755716.06842426,228475.418923341,116462.637161705,307134.703955426,589500.587067548,2185.7767187135,0,325507.453862146,6946506.5472478,2.12444496918612,1.4528731448826,15.4753118371869,9.23672174044747,1.20199610123811,0.612703267896175,1.61581809740859,3.10132884610453,0.011499246205353,0,1.71247608302897,36.5451733335848
"2901","Washington University",313187.31864992,1737664.98213761,1323312.26170341,1889658.44741575,2249770.6981132,594964.774903037,3085920.94967137,0,71254.5110841648,4895.35200924004,1165736.51502262,12436365.8107103,"Missouri","Wesley Bell","Democrat","MO","29",826814.521235788,4587435.55284328,3493544.37089701,4988698.30117758,5939394.64301884,1570707.00574402,8146831.30713242,0,188111.909262195,12923.7293043937,3077544.39965972,32832005.7402752,4.34982387013777,24.1342358630223,18.379336968103,26.2452562141076,31.2468152515722,8.26339965143107,42.8600131898801,0,0.989645987280066,0.0679910001283339,16.1907849308698,172.727302926532
"2903","University of Missouri-Columbia",1320706.72387526,776101.005380393,1268528.55054867,777137.403918916,2265978.09582435,263725.264247982,962811.277059583,1168245.41098221,35088.3482735273,2907.1098355047,739035.427823612,9580264.61777001,"Missouri","Robert F. Onder, Jr.","Republican","MO","29",3486665.75103069,2048906.65420424,3348915.37344848,2051642.74634594,5982182.17297628,696234.697614672,2541821.7714373,3084167.88499304,92633.239442112,7674.7699657324,1951053.52945434,25291898.5909128,18.343148942712,10.7791806302832,17.6184520909537,10.7935750544294,31.4719179975604,3.66285089233308,13.3723788480498,16.2256307080863,0.487338170465657,0.0403765254931208,10.2643809419946,133.059230802361
"2904","University of Missouri-Columbia",738517.637432289,433983.011171894,709340.454796601,434562.548313843,1267097.95562423,147470.862048871,538388.34676393,653263.760426787,19620.8314835642,1625.6083569965,413256.545354428,5357127.56177343,"Missouri","Mark Alford","Republican","MO","29",1949686.56282124,1145715.1494938,1872658.80066303,1147245.12754855,3345138.60284796,389323.075809021,1421345.23545678,1724616.32752672,51798.9951166096,4291.60606247077,1090997.27973569,14142816.7630819,10.2571894087818,6.02754182183185,9.8519507610639,6.03559094880337,17.5985827170032,2.04820641734544,7.47761592727681,9.07310778370538,0.272511548382837,0.0225778938471737,5.73967424103372,74.4045494690754
"2902","Washington University",125967.054131017,698906.136461976,532249.351668555,760039.41973407,904880.148191385,239300.749242769,1241188.09467445,0,28659.2729664486,1968.959261175,468870.819301917,5002030.00563376,"Missouri","Ann Wagner","Republican","MO","29",332553.022905886,1845112.20025962,1405138.28840498,2006504.06809794,2388883.59122526,631753.978000909,3276736.56994055,0,75660.4806314243,5198.052449502,1237818.96295706,13205359.2148731,1.74954241848635,9.707029673083,7.3923521065077,10.5561030518621,12.5677798359915,3.32362151726067,17.2387235371452,0,0.398045457867342,0.0273466564052083,6.51209471252662,69.4726389671356
"2908","Missouri University of Science and Technology",67397.709601976,678059.561228086,225094.755190613,1031611.69656257,109576.468742673,230526.590146001,1547438.58780836,0,0,0,27019.8860830757,3916725.25536336,"Missouri","Jason Smith","Republican","MO","29",177929.953349217,1790077.24164215,594250.153703219,2723454.8789252,289281.877480656,608590.197985444,4085237.87181408,0,0,0,71332.4992593197,10340154.6741593,0.936079300027445,9.41749390594563,3.12631604431407,14.3279402300358,1.52189539920379,3.20175819647224,21.4922026084495,0,0,0,0.375276195598273,54.3989618800467
"3001","Montana State University",1410511.26638234,370351.511221062,1438448.46046282,4065043.91547724,1279325.40214622,1276798.75302538,3326209.54475831,3584495.82358659,0,21903.9275774933,71590.2533803436,16844678.8580178,"Montana","Ryan K. Zinke","Republican","MT","30",3723749.74324939,977727.989623602,3797503.93562186,10731715.9368599,3377419.06166602,3370748.707987,8781193.19816195,9463068.97426861,0,57826.3688045823,188998.268924107,44469952.185167,19.5904342553103,5.14377098918141,19.9784508397615,56.4589432705172,17.768408363142,17.7333160142414,46.1973547883099,49.7846642164805,0,0.304221216354074,0.994309074726994,233.953873028025
"3001","University of Montana",229117.017497164,163387.549904486,1263985.69733383,663320.84147799,2449610.41271645,482988.158436229,0,5835537.12171565,250836.654477665,50353.6864454363,116123.489231339,11505260.6292362,"Montana","Ryan K. Zinke","Republican","MT","30",604868.926192514,431343.131747842,3336922.24096132,1751167.02150189,6466971.48957142,1275088.73827164,0,15405818.0013293,662208.767821035,132933.732215952,306566.011570735,30373888.0611837,3.18218079857173,2.26927152645119,17.5553569074143,9.21278946497208,34.022366843284,6.70816886716985,0,81.0491266904952,3.4838424233009,0.699356756186615,1.61282623932415,159.79528651717
"3002","Montana State University",287436.119409847,75470.7911521911,293129.203077508,828380.797901875,260702.865563411,260187.981183743,677820.012272177,730453.980856932,0,4463.61549373288,14588.7701216246,3432634.13703304,"Montana","Troy Downing","Republican","MT","30",758831.355241997,199242.888641785,773861.096124622,2186925.30646095,688255.565087404,686896.270325082,1789444.83239855,1928398.5094623,0,11783.9449034548,38514.353121089,9062154.12176723,3.99216832513677,1.04820543266932,4.07123893163206,11.5052888597483,3.62087313282515,3.61372196088532,9.41416683711357,10.1451941785685,0,0.0619946596351789,0.202621807244787,47.6754741254589
"3001","Salish Kootenai College",0,0,1050573.31656978,0,0,98924.107839674,0,0,0,0,0,1149497.42440945,"Montana","Ryan K. Zinke","Republican","MT","30",0,0,2773513.55574422,0,0,261159.644696739,0,0,0,0,0,3034673.20044095,0,0,14.5912960634691,0,0,1.37394594221769,0,0,0,0,0,15.9652420056868
"3002","Aaniiih Nakoda College",0,0,1080480.32860946,0,0,0,0,0,0,0,22427.1147470873,1102907.44335655,"Montana","Troy Downing","Republican","MT","30",0,0,2852468.06752898,0,0,0,0,0,0,0,59207.5829323104,2911675.65046129,0,0,15.0066712306869,0,0,0,0,0,0,0,0.311487704820657,15.3181589355076
"3101","University of Nebraska-Lincoln",3840.15048532518,1890028.09056051,2360825.64756544,6268225.25016163,2860531.9126133,633727.796885031,3878124.45241042,5024119.63921404,401991.182808615,8996.35262677273,651497.147958403,23981907.6232895,"Nebraska","Mike Flood","Republican","NE","31",10137.9972812585,4989674.15907975,6232579.70957276,16548114.6604267,7551804.24929911,1673041.38377648,10238248.5543635,13263675.8475251,1061256.72261474,23750.37093468,1719952.47061018,63312236.1254843,0.0533354234072941,26.2503901466738,32.7892451050755,87.0586840300227,39.7296098974069,8.80177495673654,53.8628396168114,69.7794394335283,5.58321087234188,0.12494934203851,9.04857149942226,333.082050323465
"3101","University of Nebraska",0,0,0,0,0,0,0,9119562.46160436,0,0,0,9119562.46160436,"Nebraska","Mike Flood","Republican","NE","31",0,0,0,0,0,0,0,24075644.8986355,0,0,0,24075644.8986355,0,0,0,0,0,0,0,126.660589744505,0,0,0,126.660589744505
"3103","University of Nebraska-Lincoln",585.973058701251,288401.599231402,360241.149676492,956475.829919098,436491.913728901,96701.2665112475,591767.55079967,766636.298114234,61340.3052462283,1372.76398047684,99412.7125963398,3659427.36286279,"Nebraska","Adrian Smith","Republican","NE","31",1546.9688749713,761380.221970902,951036.635145939,2525096.19098642,1152338.6522443,255291.343589693,1562266.33411113,2023919.82702158,161938.405850043,3624.09690845885,262449.561254337,9660888.23795777,0.00813851470418404,4.00557776710281,5.00334930106239,13.2843865266541,6.06238769067918,1.34307314598955,8.21899376110653,10.6477263626977,0.851948683975392,0.0190661663955116,1.38073211939361,50.825380039761
"3102","University of Nebraska-Lincoln",243.234099838255,119713.871379073,149534.062129865,397027.702985286,181185.322679921,40140.1483631593,245639.360709297,318226.387896475,25462.0134984344,569.826557933781,41265.6542852731,1519007.58458455,"Nebraska","Don Bacon","Republican","NE","31",642.138023572993,316044.620440752,394769.924022843,1048153.13588115,478329.251874992,105969.991678741,648487.912272544,840117.664046693,67219.7156358667,1504.34211294518,108941.327313121,4010180.02330322,0.00337825138664243,1.66269265804268,2.0768619740259,5.51427365257341,2.5164628149989,0.557502060599435,3.41165778762913,4.41981094300659,0.353639076367144,0.0079142577490803,0.57313408729546,21.0973275636744
"3102","University of Nebraska at Omaha",0,221356.236343603,510534.396345028,38026.8812105939,174514.235158083,0,112530.864336939,0,0,0,106816.058330559,1163778.67172481,"Nebraska","Don Bacon","Republican","NE","31",0,584380.463947113,1347810.80635087,100390.966395968,460717.58081734,0,297081.481849519,0,0,0,281994.393992677,3072375.69335349,0,3.07439217143894,7.09075550479205,0.528151127924915,2.42380882164005,0,1.56292867134638,0,0,0,1.48355636570221,16.1635926628445
"3202","Board of Regents, NSHE, obo University of Nevada, Reno",363226.220189368,1127386.78534918,1147587.56134007,2246326.56362205,3106043.42129367,1545217.20662838,3688182.42695665,1061919.85312223,115665.687627347,13774.3829380987,626538.636945691,15041868.7460127,"Nevada","Mark E. Amodei","Republican","NV","32",958917.221299932,2976301.11332183,3029631.16193777,5930302.1279622,8199954.6322153,4079373.42549894,9736801.60716556,2803468.4122427,305357.415336196,36364.3709565805,1654062.00153662,39710533.4894736,5.04480861374122,15.6581497965164,15.9387161297231,31.1989800503062,43.1394919624121,21.4613500920609,51.2247559299535,14.7488868489199,1.60646788371315,0.191310874140259,8.7019255131346,208.914843694621
"3202","Nevada System of Higher Education",0,669201.767277262,0,0,0,0,0,5119833.15597036,0,0,0,5789034.92324762,"Nevada","Mark E. Amodei","Republican","NV","32",0,1766692.66561197,0,0,0,0,0,13516359.5317617,0,0,0,15283052.1973737,0,9.29446898996197,0,0,0,0,0,71.1087938329216,0,0,0,80.4032628228836
"3201","University of Nevada Las Vegas",0,216821.345059297,1001529.37309922,269018.416617911,326861.695282612,212455.521515392,218199.529501937,339609.691598198,26994.1066840786,2439.42818460816,68886.7098315606,2682815.81737481,"Nevada","Dina Titus","Democrat","NV","32",0,572408.350956543,2644037.54498194,710208.619871285,862914.875546096,560882.576800636,576046.757885114,896569.585819241,71264.4416459674,6440.09040736555,181860.91395532,7082633.75786951,0,3.01140757026801,13.9101301819336,3.73636689747099,4.53974576781406,2.95077113215823,3.03054902086024,4.71680127219719,0.37491814838998,0.0338809470084467,0.956759858771675,37.2613307968724
"3203","University of Nevada Las Vegas",0,184682.159306638,853073.792999499,229142.117260924,278411.351349713,180963.476909296,185856.057009007,289269.72641307,22992.8004072015,2077.83447005044,58675.7097911331,2285145.02591653,"Nevada","Susie Lee","Democrat","NV","32",0,487560.900569524,2252114.81351868,604935.189568838,735005.967563241,477743.579040542,490659.990503778,763672.077730504,60700.993075012,5485.48300093316,154903.873848591,6032782.86841964,0,2.56502999036997,11.848247124993,3.18252940640172,3.86682432430156,2.51338162374022,2.5813341251251,4.01763508907041,0.319344450100021,0.0288588120840339,0.814940413765737,31.7381253599518
"3204","University of Nevada Las Vegas",0,101321.14626068,468017.132115848,125712.965803738,152743.271773755,99280.9862122338,101965.175230469,158700.441714144,12614.4122515517,1139.95077291635,32190.9284362742,1253686.41057161,"Nevada","Steven Horsford","Democrat","NV","32",0,267487.826128194,1235565.22878584,331882.229721867,403242.237482712,262101.803600297,269188.062608439,418969.16612534,33302.0483440965,3009.47004049916,84984.0510717639,3309732.12390905,0,1.40723814250944,6.50023794605345,1.7460134139408,2.12143433019104,1.37890258628102,1.41618298931207,2.20417280158533,0.17520017016044,0.0158326496238382,0.447096228281586,17.412311257939
"3301","University of New Hampshire",201155.833256795,410645.004808372,945642.078476141,498102.295400077,724680.765221516,1898991.96951065,374524.05935442,7200812.97566944,196971.030144541,21695.7255501321,29480.0675181826,12502701.8049103,"New Hampshire","Chris Pappas","Democrat","NH","33",531051.399797938,1084102.8126941,2496495.08717701,1314990.0598562,1913157.2201848,5013338.79950812,988743.516695669,19010146.2557673,520003.519581588,57276.7154523487,77827.378248002,33007132.7649631,2.79383101745548,5.70340284456072,13.1339177566131,6.91808743611217,10.0650106280766,26.3748884654257,5.20172304658916,100.011291328742,2.73570875200751,0.301329521529612,0.40944538219698,173.648636179309
"3302","Dartmouth College",4691.14138227873,1270073.86656189,696542.065693657,1124757.37686715,577952.31858598,705893.043656693,866939.757130131,1139459.67819228,12564.8093696354,208956.18128638,1082549.25601436,7690379.49474044,"New Hampshire","Maggie Goodlander","Democrat","NH","33",12384.6132492158,3352995.0077234,1838871.05343125,2969359.47492926,1525794.12106699,1863557.63525367,2288720.95882355,3008173.55042763,33171.0967358376,551644.318596042,2857930.03587792,20302601.8661148,0.0651547414205379,17.6399148133596,9.67419535685634,15.6216302342659,8.02711553591638,9.8040700507874,12.0408299601407,15.8258288637817,0.174511241244937,2.90216918453305,15.0354063335328,106.810826315839
"3302","University of New Hampshire",61489.2432227216,125525.818317301,289063.532603747,152259.731650693,221520.157333188,580483.18659579,114484.380619507,2201141.93704254,60210.0341028941,6631.94163274618,9011.45650364356,3821821.41962477,"New Hampshire","Maggie Goodlander","Democrat","NH","33",162331.602107985,331388.160357674,763127.726073892,401965.691557831,584813.215359617,1532475.61261289,302238.764835498,5811014.71379231,158954.49003164,17508.3259104499,23790.245169619,10089608.5478094,0.854017266982244,1.74341414329584,4.01477128616315,2.11471849514852,3.07666885184984,8.06226648049708,1.59006084193759,30.5714157922575,0.836250473651307,0.092110300454808,0.125159118106161,53.0808530503441
"3302","Massachusetts Institute of Technology",34462.2320201289,151662.780406651,181190.003101825,255162.21813959,50300.3781529582,65303.0703793075,95674.0240388306,3821.48710448802,0,462.92736708737,28804.6467277427,866843.767438608,"New Hampshire","Maggie Goodlander","Democrat","NH","33",90980.2925331404,400389.740273558,478341.608188817,673628.255888516,132792.99832381,172400.105801372,252579.423462513,10088.7259558484,0,1222.12824911066,76044.2673612407,2288467.54603793,0.47864211139068,2.10642750564793,2.51652782085868,3.54391969638319,0.698616363235531,0.906987088601493,1.3288058894282,0.0530762097845559,0,0.00642954676510236,0.400064537885315,12.0394967699807
"3301","Massachusetts Institute of Technology",28335.6129943282,124700.508334357,148978.446994834,209800.046025885,41358.0887035434,53693.6356452084,78665.3086541496,3142.11161924571,0,380.62916849406,23683.8206428107,712738.208782856,"New Hampshire","Chris Pappas","Democrat","NH","33",74806.0183050265,329209.342002704,393303.100066361,553872.121508336,109185.354177355,141751.19810335,207676.414846955,8295.17467480867,0,1004.86100482432,62525.2864970201,1881628.87118674,0.393550180476781,1.73195150464385,2.06914509715047,2.91388952813729,0.574417898660325,0.745744939516783,1.09257373130763,0.0436404391561904,0,0.00528651622908416,0.32894195337237,9.89914178865078
"3412","Princeton University",1143501.0516677,3419478.25984095,1650708.01890114,7938643.71709385,1197666.72527348,794425.287868477,2101633.36311581,67934.1474418852,229496.198907365,29134.9161983662,951290.32096961,19523912.0072786,"New Jersey","Bonnie Watson Coleman","Democrat","NJ","34",3018842.77640273,9027422.60598011,4357869.16989902,20958019.4131278,3161840.15472198,2097282.75997278,5548312.07862575,179346.149246577,605869.965115444,76916.1787636868,2511406.44735977,51543127.6992156,15.8819590509403,47.4927536089021,22.9265002625159,110.258940515192,16.6342600732427,11.0336845537289,29.1893522654974,0.943529825581739,3.18744720704674,0.404651613866197,13.2123655690224,271.165444545537
"3406","Rutgers University New Brunswick",154155.870250177,2155376.62319125,786264.36043075,1943037.79121658,1882344.93843426,1577386.49043895,1321532.12290646,157229.738547513,4048.80960895408,26343.242668843,404590.443044824,10412310.4307386,"New Jersey","Frank Pallone Jr.","Democrat","NJ","34",406971.497460467,5690194.2852249,2075737.91153718,5129619.76881178,4969390.63746644,4164300.33475882,3488844.80447306,415086.509765433,10688.8573676388,69546.1606457455,1068118.76963833,27488499.5371498,2.14105375347468,29.9357864332118,10.920338339316,26.9866359891192,26.1436797004758,21.9081457005409,18.3546128181453,2.18374636871545,0.0562334667910288,0.365878370400597,5.61931170895588,144.615422649147
"3403","Princeton University",607234.233589325,1815848.14230086,876576.735347397,4215664.01382641,635997.87246039,421864.265117421,1116031.96400753,36075.1220090745,121869.541135913,15471.5367183985,505164.423008147,10367797.8495209,"New Jersey","Herbert C. Conaway, Jr.","Democrat","NJ","34",1603098.37667582,4793839.09567427,2314162.58131713,11129352.9965017,1679034.38329543,1113721.65990999,2946324.38497989,95238.3221039567,321735.588598811,40844.8569365719,1333634.07674151,27370986.3227351,8.43380879985173,25.220113087512,12.174676879825,58.5508890809224,8.83330378417208,5.85922590440863,15.5004439445491,0.501043361237146,1.69263251577657,0.214882454422201,7.01617254177982,143.997192354457
"3412","Rutgers University New Brunswick",138367.255514368,1934623.36184021,705735.315074309,1744032.23240881,1689555.52999586,1415830.8678954,1186181.05573202,141126.298808825,3634.13130347876,23645.1727950504,363152.367279963,9345883.58864829,"New Jersey","Bonnie Watson Coleman","Democrat","NJ","34",365289.554557932,5107405.67525814,1863141.23179618,4604245.09355925,4460426.59918907,3737793.49124384,3131517.98713254,372573.428855299,9594.10664118392,62423.2561789331,958722.249619101,24673132.6740315,1.92176743769956,26.8697689144473,9.80187937603207,24.2226698945668,23.4660490277202,19.6643176096583,16.474736885167,1.96008748345591,0.0504740458816494,0.328405177709034,5.04378287888837,129.803938731226
"3401","University of Pennsylvania",2319.60296209908,427942.543064225,440365.807894071,1005563.15542627,255319.925203131,17647.0067746898,1351527.18541162,25101.41172179,34535.342890768,1570.34490012224,222663.633817771,3784555.96006655,"New Jersey","Donald Norcross","Democrat","NJ","34",6123.75181994156,1129768.31368955,1162565.73284035,2654686.73032535,674044.602536267,46588.0978851812,3568031.76948667,66267.7269455256,91173.3052316274,4145.71053632271,587831.993278916,9991227.7345757,0.0322167078069316,5.94364643144756,6.11619177630654,13.9661549364759,3.54611007226571,0.245097316315137,18.7712109084947,0.348630718358195,0.479657540149555,0.0218103458350311,3.09255046969127,52.5632772231466
"3501","University of New Mexico",112148.415901819,1405297.97735128,2949619.55448798,2027722.53110662,2902540.45618437,1395613.7884894,3881566.6810966,5826519.13765371,55572.5241957567,11597.1056858057,674593.709219087,21242791.8813724,"New Mexico","Melanie A. Stansbury","Democrat","NM","35",296071.817980803,3709986.66020738,7786995.62384826,5353187.48212147,7662706.80432673,3684420.40161201,10247336.038095,15382010.5234058,146711.463876798,30616.359010527,1780927.39233839,56080970.5668232,1.55761688752527,19.5180274632122,40.9669382567775,28.1628129320363,40.3130618914495,19.3835248401305,53.9106483485639,80.9238769118571,0.771840613829954,0.161070912302857,9.36935707248732,295.038776130172
"3502","New Mexico State University",0,697659.910068319,2233378.4019497,799174.151015934,1496920.99492036,254801.924522847,579184.769939833,2075987.23733225,100907.281504076,0,514205.164744261,8752219.83599757,"New Mexico","Gabe Vasquez","Democrat","NM","35",0,1841822.16258036,5896118.9811472,2109819.75868207,3951871.42658974,672677.080740315,1529047.79264116,5480606.30655713,266395.223170761,0,1357501.63492485,23105860.3670336,0,9.6897209731711,31.0191444715236,11.0996409863324,20.7905693738938,3.53891561837287,8.04423291583102,28.833156074059,1.40149002088995,0,7.14173839922585,121.5586088333
"3502","University of New Mexico",32475.340773616,406938.701148572,854135.11563443,587177.087277596,840502.20117523,404134.405333275,1124003.39933897,1687212.36941012,16092.3954778566,3358.22807754943,195345.252221901,6151374.49586912,"New Mexico","Gabe Vasquez","Democrat","NM","35",85734.8996423463,1074318.17103223,2254916.7052749,1550147.51041285,2218925.81110261,1066914.83007985,2967368.97425489,4454240.65524271,42483.9240615415,8865.72212473048,515711.465865818,16239628.6690945,0.451046399633556,5.65192640484127,11.8629877171449,8.15523732329994,11.6736416829893,5.61297785185104,15.6111583241524,23.4335051306961,0.223505492748009,0.0466420566326309,2.71312850308195,85.435756887071
"3502","New Mexico Institute of Mining and Technology",0,255008.337858299,329792.798196432,326105.469122834,129590.020300565,968595.530845291,208947.260975848,112143.676257399,0,5235.78671161096,0,2335418.88026828,"New Mexico","Gabe Vasquez","Democrat","NM","35",0,673222.011945911,870652.987238582,860918.438484281,342117.653593493,2557092.20143157,551620.768976239,296059.305319534,0,13822.4769186529,0,6165505.84390826,0,3.54178247025416,4.58045553050601,4.52924262670602,1.79986139306341,13.4527157061846,2.90204529133122,1.55755105913055,0,0.0727192598834856,0,32.4363733370595
"3503","Navajo Technical University",170473.539278737,221455.065870417,760903.93398229,321027.245685759,16442.5300491914,35998.7929125914,48320.42915584,0,0,0,0,1574621.53693483,"New Mexico","Teresa Leger Fernandez","Democrat","NM","35",450050.143695866,584641.373897901,2008786.38571325,847511.928610404,43408.2793298653,95036.8132892412,127565.932971418,0,0,0,0,4157000.85750794,2.36768804553802,3.07576480375579,10.5681101941985,4.45871174563554,0.228368472905436,0.499983234897102,0.67111707160889,0,0,0,0,21.8697435685392
"3619","Cornell University",2405268.05831161,9248940.63663356,3929785.26398298,31648561.6512955,12056092.2671897,2983605.09663344,7878451.97410604,49568.6765004018,475618.48214524,16604.9509287714,2455604.74044903,73148101.7981763,"New York","Josh Riley","Democrat","NY","36",6349907.67394264,24417203.2807126,10374633.0969151,83552202.7594202,31828083.5853809,7876717.45511229,20799113.2116399,130861.305961061,1255632.79286343,43837.0704519564,6482796.51478545,193110988.747186,33.4065008098834,128.457508842133,54.5803508886525,439.563356267993,167.445725933191,41.4389596754645,109.422944084806,0.688453840283358,6.60581225201722,0.230624318455158,34.1056213951254,1015.945858308
"3601","SUNY at Stony Brook",461333.077049044,4299549.23573723,1519719.54252257,9258037.84373379,725254.680811168,1534674.63046916,1818827.99516385,0,74188.052560651,36612.6692067778,732173.005023126,20460370.7322774,"New York","Nick LaLota","Republican","NY","36",1217919.32340948,11350809.9823463,4012059.59225959,24441219.9074572,1914672.35734148,4051541.02443859,4801705.90723257,0,195856.458760119,96657.4467058935,1932936.73326105,54015378.7332123,6.40740384790339,59.7159616074615,21.1072158683691,128.583858940747,10.0729816779329,21.3149254231828,25.2614999328313,0,1.03038961889793,0.508509294538581,10.1690695142101,284.171815726075
"3625","University of Rochester",394948.055771629,1851964.09378715,2094552.94136441,6490051.02168546,771457.912941941,952706.240949501,1712619.3241936,0,186661.874615133,13227.2346176969,1277925.1637912,15746113.8637177,"New York","Joseph D. Morelle","Democrat","NY","36",1042662.8672371,4889185.20759807,5529619.76520206,17133734.6972496,2036648.89016672,2515144.47610668,4521315.01587109,0,492787.348983951,34919.8993907199,3373722.43240877,41569740.6002148,5.48538966349484,25.7217235248215,29.0910130745058,90.1395975234092,10.7146932353047,13.2320311242986,23.7863795026888,0,2.59252603632129,0.183711591912457,17.7489606082111,218.696025884968
"3613","Columbia University",141945.468585708,1461573.58241757,851182.980069454,3754931.56298953,970450.125965289,5138526.14918795,1401731.72883934,0,47273.6653356062,42795.7189582762,568816.774057256,14379227.756406,"New York","Adriano Espaillat","Democrat","NY","36",374736.037066269,3858554.25758239,2247123.06738336,9913019.32629236,2561988.33254836,13565709.0338562,3700571.76413586,0,124802.476486,112980.698049849,1501676.28351116,37961161.2769118,1.97146484146816,20.2996330891329,11.821985834298,52.1518272637435,13.4784739717401,71.3684187387215,19.4684962338797,0,0.656578685216753,0.594384985531613,7.90023297301744,199.71149661675
"3626","SUNY at Buffalo",780899.955798912,3181358.58205637,1786326.45085027,1618558.5051949,1275757.76937174,353969.953549067,2639858.30790278,0,265955.918256157,21318.0838355403,803055.106987398,12727058.6338031,"New York","Timothy M. Kennedy","Democrat","NY","36",2061575.88330913,8398786.65662881,4715901.83024472,4272994.45371455,3368000.5111414,934480.677369536,6969225.93286333,0,702123.624196254,56279.7413258265,2120065.48244673,33599434.7932403,10.8458327194293,44.185535861894,24.8100895951427,22.4799792388181,17.7188579079409,4.91624935484815,36.6646987208719,0,3.69383219800218,0.296084497715838,11.1535431526028,176.764703247266
"3704","Duke University",132809.740810359,4606161.50120464,2767166.57308607,6676703.69836322,3067045.88163519,749443.668041987,3288356.57145771,195981.800614851,265619.660985959,3645.82575660873,1929603.74551388,23682538.6674705,"North Carolina","Valerie P. Foushee","Democrat","NC","37",350617.715739349,12160266.3631802,7305319.75294724,17626497.7636789,8097001.12751691,1978531.28363085,8681261.34864835,517391.953623207,701235.905002931,9624.97999744705,5094153.88815665,62521902.0821221,1.84457973347721,63.9744652945089,38.4328690706399,92.7319958106003,42.5978594671555,10.4089398339165,45.6716190480237,2.72196945298404,3.68916195813832,0.0506364688417879,26.8000520210261,328.924148159312
"3704","University of North Carolina at Chapel Hill",330109.778761834,3937077.96708923,3003000.88407161,5435792.12022229,3834033.4147652,1812377.21643028,1138813.25237468,9802.30047601441,549482.610054352,645.39952793073,1457703.09724186,21508838.0410153,"North Carolina","Valerie P. Foushee","Democrat","NC","37",871489.815931243,10393885.8331156,7927922.33394906,14350491.1973868,10121848.2149801,4784675.85137593,3006466.98626915,25878.073256678,1450634.09054349,1703.85475373713,3848336.1767185,56783332.4282803,4.58485803835881,54.6816384317949,41.7083456121057,75.4971127808651,53.2504640939611,25.1719057837538,15.8168507274261,0.136143062166867,7.63170291742156,0.00896388233237124,20.2458763505813,298.733861680768
"3702","North Carolina State University",459776.780909841,2890171.98375883,4293556.04209518,2543391.46120286,1856001.88153273,912089.228082699,6232429.32317345,11167.249055826,304883.099019256,0,276582.307317134,19780049.3561478,"North Carolina","Deborah K. Ross","Democrat","NC","37",1213810.70160198,7630054.03712332,11334987.9511313,6714553.45757554,4899844.9672464,2407915.56213833,16453613.4131779,29481.5375073807,804891.381410836,0,730177.291317234,52219330.3002302,6.38578862374779,40.141277552206,59.6327228068775,35.3248814055952,25.7778039101768,12.667905945593,86.5615183774091,0.155100681330917,4.23448748637856,0,3.8414209349602,274.722907724275
"3713","North Carolina State University",202597.816940151,1273536.54817542,1891929.12116468,1120729.8390411,817835.839146212,401906.52102638,2746281.7339537,4920.77976504205,134344.866569853,0,121874.296383204,8715957.36216573,"North Carolina","Brad Knott","Republican","NC","37",534858.236722,3362136.48718311,4994692.87987475,2958726.7750685,2159086.615346,1061033.21550964,7250183.77763776,12990.858579711,354670.447744413,0,321748.142451659,23010127.4361175,2.81385856861321,17.6880076135475,26.2767933495094,15.5656922089041,11.3588310992529,5.58203501425528,38.142801860468,0.0683441634033618,1.8659009245813,0,1.69269856087783,121.054963363413
"3704","North Carolina State University",167443.857836381,1052557.60374316,1563649.18233245,926265.300759993,675928.250618559,332169.316464725,2269757.96276538,4066.94583320827,111033.885155906,0,100727.15819799,7203599.46370775,"North Carolina","Valerie P. Foushee","Democrat","NC","37",442051.784688045,2778752.07388193,4128033.84135767,2445340.39400638,1784450.58163299,876926.995466875,5992161.02170061,10736.7369996698,293129.456811592,0,265919.697642695,19017502.5841885,2.3256091366164,14.6188556075438,21.7173497546174,12.8647958438888,9.3878923697022,4.61346272867674,31.5244161495192,0.0564853587945593,1.54213729383203,0,1.39898830830542,100.049992551497
"3800","North Dakota State University Fargo",3014726.1822634,202641.892939199,624797.621660768,454931.288637768,940413.385663106,82734.7374063302,906216.340617016,12797058.0919502,2940.52620811765,0,273581.481388919,19300041.5487349,"North Dakota","Julie Fedorchak","Republican","ND","38",7958877.12117538,534974.597359486,1649465.72118443,1201018.60200371,2482691.3381506,218419.706752712,2392411.13922892,33784233.3627486,7762.9891894306,0,722255.110866747,50952109.68866,41.8711969758806,2.81447073526666,8.67774474528844,6.31849011996901,13.0612970230987,1.14909357508792,12.5863380641252,177.736917943753,0.0408406417794119,0,3.79974279706832,268.056132621317
"3800","University of North Dakota Main Campus",228022.87548507,66846.2575547644,496714.576317575,385473.515634077,612684.692715468,149912.124932065,149259.461256051,867158.221234349,124291.861797553,0,0,3080363.58692697,"North Dakota","Julie Fedorchak","Republican","ND","38",601980.391280585,176474.119944578,1311326.4814784,1017650.08127396,1617487.58876884,395768.009820652,394044.977715975,2289297.70405868,328130.515145541,0,0,8132159.86948721,3.16698438173708,0.928420243816173,6.89881355996631,5.35379882825107,8.50950962104817,2.08211284627868,2.07304807300071,12.0438641838104,1.72627585829935,0,0,42.782827596208
"3800","United Tribes Technical College",0,0,858048.678693586,0,0,0,0,0,0,0,0,858048.678693586,"North Dakota","Julie Fedorchak","Republican","ND","38",0,0,2265248.51175107,0,0,0,0,0,0,0,0,2265248.51175107,0,0,11.9173427596331,0,0,0,0,0,0,0,0,11.9173427596331
"3800","Turtle Mountain Community College",0,0,599348.580199988,0,0,0,0,0,0,0,0,599348.580199988,"North Dakota","Julie Fedorchak","Republican","ND","38",0,0,1582280.25172797,0,0,0,0,0,0,0,0,1582280.25172797,0,0,8.32428583611095,0,0,0,0,0,0,0,0,8.32428583611095
"3800","Sitting Bull College",0,0,504292.863982649,0,0,0,0,0,0,0,0,504292.863982649,"North Dakota","Julie Fedorchak","Republican","ND","38",0,0,1331333.16091419,0,0,0,0,0,0,0,0,1331333.16091419,0,0,7.00406755531456,0,0,0,0,0,0,0,0,7.00406755531456
"6998","NORTHERN MARIANAS COLLEGE",99670.5847900165,0,0,0,0,0,0,0,0,0,0,99670.5847900165,"Northern Mariana","Kimberlyn King-Hinds","Republican",NA,NA,263130.343845643,0,0,0,0,0,0,0,0,0,0,263130.343845643,1.38431367763912,0,0,0,0,0,0,0,0,0,0,1.38431367763912
"3903","Battelle Memorial Institute",0,14931.043863978,0,0,23759907.4038087,0,0,0,165874.087000778,1713.3551251993,7866.69459575611,23950292.5843944,"Ohio","Joyce Beatty","Democrat","OH","39",0,39417.9558009021,0,0,62726155.546055,0,0,0,437907.589682053,4523.25753052615,20768.0737327961,63228772.4228013,0,0.207375609221917,0,0,329.998713941788,0,0,0,2.30380676389969,0.0237965989611014,0.109259647163279,332.642952561034
"3903","OHIO STATE UNIVERSITY, THE",528496.094190377,5758716.291389,1247464.69345408,4655757.26853921,3713021.26614915,586520.147690086,4870359.57465897,0,596238.04823383,19186.3541509326,908190.715175252,22883950.4536309,"Ohio","Joyce Beatty","Democrat","OH","39",1395229.6886626,15203011.009267,3293306.79071877,12291199.1889435,9802376.14263375,1548413.18990183,12857749.2770997,0,1574068.44733731,50651.974958462,2397623.48806266,60413629.1975855,7.3402235304219,79.9821707137361,17.3258985201955,64.6632953963779,51.569739807627,8.1461131623623,67.6438829813746,0,8.28108400324764,0.266477140985175,12.6137599329896,317.832645189318
"3915","Battelle Memorial Institute",0,9954.02924265203,0,0,15839938.2692058,0,0,0,110582.724667185,1142.23675013287,5244.46306383741,15966861.7229296,"Ohio","Mike Carey","Republican","OH","39",0,26278.6372006014,0,0,41817437.0307033,0,0,0,291938.393121369,3015.50502035077,13845.3824885308,42152514.9485342,0,0.138250406147945,0,0,219.999142627858,0,0,0,1.53587117593313,0.0158643993074009,0.0728397647755195,221.761968374023
"3915","OHIO STATE UNIVERSITY, THE",336726.589029055,3669114.90037796,794811.041705927,2966374.36230079,2365718.49761366,373696.098986414,3103106.3142146,0,379887.772943118,12224.4150149192,578645.641983988,14580305.6341704,"Ohio","Mike Carey","Republican","OH","39",888958.195036706,9686463.33699782,2098301.15010365,7831228.31647409,6245496.83370006,986557.701324133,8192200.66952655,0,1002903.72056983,32272.4556393866,1527624.49483773,38492006.87421,4.6767581809591,50.9599291719162,11.0390422459157,41.1996439208443,32.8572013557453,5.19022359703353,43.0986988085362,0,5.27621906865442,0.169783541873877,8.03674502755538,202.504244919034
"3901","University of Cincinnati Main Campus",548316.865988742,1534269.64926312,1136765.25903604,1199259.00610014,670854.74020399,231278.724675034,1458236.89017321,0,44608.8921707216,8202.44615038375,227419.358163716,7059211.8319251,"Ohio","Greg Landsman","Democrat","OH","39",1447556.52621028,4050471.87405464,3001060.28385515,3166043.77610438,1771056.51413853,610575.833142089,3849745.39005726,0,117767.475330705,21654.4578370131,600387.105552209,18636319.2362823,7.61551202762142,21.30930068421,15.7884063755006,16.6563750847242,9.31742694727765,3.21220450937547,20.2532901412945,0,0.619567946815577,0.113922863199774,3.15860219671827,98.0446087767375
"4004","University of Oklahoma Norman Campus",1188114.5805265,739286.24833872,757267.845636369,1417069.57601494,1273754.94929677,5417002.70815375,2433230.84988932,2352295.62047211,68512.8028538242,16138.0362742731,490180.878566119,16152854.0960227,"Oklahoma","Tom Cole","Republican","OK","40",3136622.49258996,1951715.69561422,1999187.11248001,3741063.68067945,3362713.06614348,14300887.1495259,6423729.44370781,6210060.43804637,180873.799534096,42604.415764081,1294077.51941455,42643534.8135,16.5015913962014,10.26786456026,10.5176089671718,19.6815218890964,17.6910409624552,75.2361487243577,33.7948729151295,32.6707725065571,0.951566706303114,0.224139392698238,6.80806775786276,224.345195778093
"4003","Oklahoma State University",333338.111319877,761189.856778199,592673.915291871,621246.542679426,1081071.63791287,110030.3083145,1696283.73537158,6911339.54914225,47399.8552232873,0,104281.408621753,12258854.9206556,"Oklahoma","Frank D. Lucas","Republican","OK","40",880012.613884475,2009541.22189445,1564659.13637054,1640090.87267368,2854029.12408998,290480.013950279,4478189.06138097,18245936.4097355,125135.617789478,0,275302.918761429,32363376.9905308,4.62969599055385,10.5720813441417,8.23158215683154,8.62842420388091,15.014883859901,1.52819872659027,23.5594963246053,95.9908270714201,0.658331322545657,0,1.44835289752435,170.261873897995
"4001","Oklahoma State University",59983.1135542778,136973.649471711,106649.751571598,111791.303332198,194535.33999,19799.5976274894,305240.764448408,1243673.16820412,8529.45043414611,0,18765.1017466651,2205941.24038062,"Oklahoma","Kevin Hern","Republican","OK","40",158355.419783293,361610.434605318,281555.34414902,295129.040797004,513573.2975736,52270.937736572,805835.618143798,3283297.16405889,22517.7491461457,0,49539.8686111959,5823684.87460483,0.833098799364969,1.90241179821821,1.48124654960553,1.55265699072498,2.70187972208333,0.274994411492908,4.23945506178345,17.2732384472795,0.11846458936314,0,0.260626413148127,30.6380727830641
"4005","Oklahoma State University",50932.4070712359,116306.027805861,90557.6292930436,94923.3847820737,165182.37448855,16812.0843760043,259183.72602572,1056018.34104906,7242.46235088738,0,15933.6810689139,1873092.11831135,"Oklahoma","Stephanie I. Bice","Republican","OK","40",134461.554668063,307047.913407474,239072.141333635,250597.735824675,436081.468649773,44383.9027526514,684245.0367079,2787888.42036953,19120.1006063427,0,42064.9180219326,4944963.19234197,0.707394542656054,1.61536149730363,1.25774485129227,1.31838034419547,2.29419964567431,0.233501171888949,3.59977397257944,14.6669214034592,0.100589754873436,0,0.221301125957137,26.0151683098799
"4005","University of Oklahoma Norman Campus",135791.178287973,84493.9978007203,86549.1382093713,161958.745896238,145579.128688496,619116.365193813,278097.154574686,268846.960740098,7830.4183618466,1844.43739421706,56023.4174091448,1846130.9425566,"Oklahoma","Stephanie I. Bice","Republican","OK","40",358488.710680249,223064.154193902,228489.72487274,427571.089166069,384328.89973763,1634467.20411167,734176.488077172,709755.976353858,20672.304475275,4869.31472073304,147901.821960142,4873785.68834944,1.88598858733296,1.17352774723223,1.20207136401905,2.24942702633664,2.02193234289578,8.59883840546962,3.86246048020398,3.73398556583469,0.108755810581203,0.0256171860307925,0.778103019571455,25.6407075355084
"4104","Oregon State University",510440.353503948,2277539.58206425,1935515.97426692,2300435.56379827,4416456.17749082,15045143.1199385,3465562.91762279,0,37994.6425305384,342418.985183521,247794.873457323,30579302.1898568,"Oregon","Val T. Hoyle","Democrat","OR","41",1347562.53325042,6012704.49664961,5109762.17206467,6073149.88842743,11659444.3085758,39719177.8366376,9149086.10252415,0,100305.856280621,903986.120884495,654178.465927333,80729357.7812221,7.0894493542215,31.6324941953368,26.8821663092628,31.9504939416426,61.339669131817,208.960321110257,48.1328183003165,0,0.5277033684797,4.75581923866001,3.44159546468504,424.712530414678
"4104","University of Oregon Eugene",404414.819964096,2398141.76242233,3494552.14629862,4638797.14932032,1773812.94379327,2238999.17595338,384204.071513537,0,65216.6955214157,57651.3467950209,1227946.59460433,16683736.7061863,"Oregon","Val T. Hoyle","Democrat","OR","41",1067655.12470521,6331094.25279495,9225617.66622836,12246424.4742057,4682866.17161424,5910957.82451692,1014298.74879574,0,172172.076176537,152199.555538855,3241779.00975542,44045064.9043319,5.61687249950134,33.3075244780879,48.5354464763697,64.4277381850045,24.6362908860177,31.0972107771303,5.33616765991024,0,0.90578743779744,0.800713149930845,17.054813813949,231.718565363699
"4105","Oregon State University",119487.064269918,533140.682454464,453077.661327369,538500.316782346,1033831.63087054,3521861.01780901,811240.600839831,0,8894.0230974977,80155.5735337194,58005.3707887779,7158193.94177347,"Oregon","Janelle S. Bynum","Democrat","OR","41",315445.849672584,1407491.40167979,1196125.02590425,1421640.83630539,2729315.50549823,9297713.08701578,2141675.18621715,0,23480.2209773939,211610.714129019,153134.178882374,18897632.006282,1.65954255930442,7.40473170075645,6.29274529621346,7.47917106642148,14.3587726509798,48.9147363584584,11.2672305672199,0,0.123528098576357,1.11327185463499,0.805630149844137,99.4193603024093
"4106","Oregon State University",80706.1749893306,360103.794289419,306026.139668486,363723.89817755,698289.785763436,2378800.86290608,547943.212847956,0,6007.36647813441,54140.1680885649,39179.0662345254,4834920.46944349,"Oregon","Andrea Salinas","Democrat","OR","41",213064.301971833,950674.016924066,807909.008724803,960231.091188731,1843485.03441547,6280034.27807206,1446570.0819186,0,15859.4475022749,142930.043753811,103432.734859147,12764190.0393308,1.12091909707404,5.00144158735304,4.2503630509512,5.05172080802152,9.69846924671439,33.0389008736956,7.61032240066605,0,0.0834356455296446,0.751946779007845,0.544153697701742,67.1516731867151
"4103","Oregon State University",37732.7571378689,168360.215511936,143077.156208643,170052.731615478,326473.146590698,1112166.63720284,256181.242370473,0,2808.63887289401,25312.2863790693,18317.4855122457,2260482.29740215,"Oregon","Maxine Dexter","Democrat","OR","41",99614.4788439738,444470.968951511,377723.692390817,448939.211464861,861889.106999442,2936119.92221551,676318.479858048,0,7414.80662444019,66824.4360407429,48358.1617523285,5967673.26514167,0.52406607135929,2.33833632655467,1.98718272512004,2.36184349465941,4.53434925820413,15.4467588500395,3.55807281070101,0,0.0390088732346391,0.351559533042629,0.254409521003412,31.3955874639187
"4215","Pennsylvania State Univ University Park",362878.268617786,5652770.89436042,4481118.1958483,10863544.5655447,5771560.7259147,4601319.0302828,10964200.602496,234939.803310129,968898.65451255,29806.0947907901,1769335.80255642,45700372.6382346,"Pennsylvania","Glenn Thompson","Republican","PA","42",957998.629150956,14923315.1611115,11830152.0370395,28679757.653038,15236920.3164148,12147482.2399466,28945489.5905894,620241.08073874,2557892.44791313,78688.0902476857,4671046.51874895,120648983.764939,5.03997595302481,78.510706866117,62.2377527201153,150.882563410343,80.1605656377042,63.9072087539278,152.280563923556,3.26305282375179,13.4569257571187,0.413973538760973,24.5741083688392,634.727397753258
"4212","Carnegie Mellon University",1050569.73647061,14848722.1360946,3171677.99463789,3807385.11386084,643154.828809688,403962.620007925,4083760.68994013,0,337692.029777209,2046.82738075024,1342202.06364337,29691174.040623,"Pennsylvania","Summer L. Lee","Democrat","PA","42",2773504.10428241,39200626.4392897,8373229.90584403,10051496.7005926,1697928.74805758,1066461.31682092,10781128.2214419,0,891506.958611831,5403.62428518063,3543413.44801851,78384699.4672448,14.5912463398696,206.232251890203,44.0510832588596,52.8803488036228,8.93270595569011,5.61059194455451,56.7188984713907,0,4.69016708023901,0.0284281580659756,18.6416953283802,412.377417230875
"4217","Carnegie Mellon University",614521.810418905,8685633.41652607,1855246.00192517,2227097.4614137,376207.933713734,236294.490476006,2388760.99832309,0,197530.073729218,1197.27422556381,785109.653804682,17367599.1145561,"Pennsylvania","Christopher R. Deluzio","Democrat","PA","42",1622337.57950591,22930072.2196288,4897849.44508244,5879537.29813216,993188.945004258,623817.454856655,6306329.03557296,0,521479.394645136,3160.80395548845,2072689.48604436,45850461.6624282,8.53502514470701,120.633797451751,25.767305582294,30.9319091863013,5.22511019046853,3.28186792327785,33.1772360878207,0,2.74347324623914,0.0166288086883862,10.9043007472873,241.216654368835
"4203","University of Pennsylvania",9554.30329063519,1762669.26461472,1813839.93562336,4141853.3782767,1051647.21781762,72686.9458490022,5566858.14165191,103391.185703635,142248.973473412,6468.15497816615,917137.943023137,15588355.4443023,"Pennsylvania","Dwight Evans","Democrat","PA","42",25223.3606872769,4653446.85858287,4788537.43004567,10934492.9186505,2776348.65503852,191893.537041366,14696505.493961,272952.730257596,375537.289969807,17075.9291423586,2421244.16958108,41153258.3729581,0.132698656814378,24.4815175640934,25.1922213281022,57.5257413649542,14.6062113585781,1.00954091456948,77.3174741896099,1.43598869032826,1.97568018713072,0.0898354858078632,12.7380269864325,216.504936726421
"4212","University of Pittsburgh",322671.272467519,2145558.62983592,1956881.45685064,2440119.82311495,2675713.53614426,414060.063980873,2853881.59751213,56180.4830447029,116575.234161922,247.062636815384,789047.126119049,13770936.2858688,"Pennsylvania","Summer L. Lee","Democrat","PA","42",851852.159314251,5664274.78276683,5166167.0460857,6441916.33302346,7063883.73542085,1093118.5689095,7534247.41743201,148316.475238016,307758.618187473,652.245361192615,2083084.41295429,36355271.7946936,4.48154545093777,29.7994254143878,27.1789091229256,33.8905530988187,37.1626880020037,5.75083422195656,39.6372444098906,0.780284486731984,1.61910047447113,0.00343142551132478,10.9589878627646,191.2630039704
"7298","University of Puerto Rico",0,0,622938.365684728,0,0,0,0,7305849.88652255,0,0,0,7928788.25220728,"Puerto Rico","Pablo José Hernández","Democrat","PR","72",0,0,1644557.28540768,0,0,0,0,19287443.7004195,0,0,0,20932000.9858272,0,0,8.65192174562123,0,0,0,0,101.470137312813,0,0,0,110.122059058434
"7298","University of Puerto Rico-Rio Piedras",0,82616.5977212109,1250196.40690797,569244.813266064,1972177.63427578,50759.1702084778,0,1080265.60854822,0,0,180668.526998442,5185928.75792616,"Puerto Rico","Pablo José Hernández","Democrat","PR","72",0,218107.817983997,3300518.51423704,1502806.30702241,5206548.95448805,134004.209350381,0,2851901.2065673,0,0,476964.911275886,13690851.9209251,0,1.14745274612793,17.3638389848329,7.90617796202866,27.391356031608,0.704988475117748,0,15.0036890076142,0,0,2.50928509720058,72.02678830453
"7298","University of Puerto Rico Mayaguez",77789.7453459512,450340.274994026,695867.801217488,2208660.33238584,102588.644837138,249068.762948395,387290.101478996,395120.331130491,1620.62308672356,0,0,4568346.61742505,"Puerto Rico","Pablo José Hernández","Democrat","PR","72",205364.927713311,1188898.32598423,1837090.99521417,5830863.27749861,270834.022370044,657541.534183764,1022445.86790455,1043117.6741845,4278.44494895021,0,0,12060435.0700021,1.08041312980488,6.2547260415837,9.66483057246511,30.6758379498033,1.42484228940469,3.45928837428327,5.37902918720828,5.48778237681237,0.0225086539822717,0,0,63.4492585753479
"7298","University of Puerto Rico Medical Sciences Campus",0,6927.19167672594,467251.70054674,43580.7806246077,248774.43924763,0,110896.323616391,0,226473.887209477,0,0,1103904.32292157,"Puerto Rico","Pablo José Hernández","Democrat","PR","72",0,18287.7860265565,1233544.48944339,115053.260848964,656764.519613743,0,292766.294347272,0,597891.06223302,0,0,2914307.41251295,0,0.0962109955100824,6.48960695203806,0.605288619786218,3.45520054510597,0,1.54022671689432,0,3.14547065568719,0,0,15.3320044850218
"7298","University of Puerto Rico at Humacao",0,0,52434.0117120093,712404.181694982,0,67057.8498404096,0,0,0,0,0,831896.0432474,"Puerto Rico","Pablo José Hernández","Democrat","PR","72",0,0,138425.790919704,1880747.03967475,0,177032.723578681,0,0,0,0,0,2196205.55417314,0,0,0.728250162666795,9.89450252354141,0,0.931359025561245,0,0,0,0,0,11.5541117117695
"4401","Brown University",0,1421369.48740369,1270815.47994664,4555337.7445289,1633210.66909301,1373161.63203819,1041914.1967121,1825568.40369528,82669.1059632789,13953.1256166494,1010149.57024962,14228149.4152474,"Rhode Island","Gabe Amo","Democrat","RI","44",0,3752415.44674574,3354952.86705913,12026091.6455563,4311676.16640554,3625146.70858082,2750653.47931995,4819500.58575555,218246.439743056,36836.2516279545,2666794.865459,37562314.456253,0,19.7412428806068,17.6502149992589,63.2685797851236,22.6834815151807,19.0716893338637,14.4710305098903,25.35511671799,1.14818202726776,0.193793411342353,14.0298551423558,197.61318632288
"4402","University of Rhode Island",155798.566036315,553003.915969857,880727.871198931,368550.807678391,668931.436218191,4265293.83468099,888851.979172047,2707621.13829298,38295.1804582418,49722.6518758767,31945.0938248388,10608742.4754067,"Rhode Island","Seth Magaziner","Democrat","RI","44",411308.214335871,1459930.33816042,2325121.57996518,972974.132270952,1765978.99161602,11260375.7235578,2346569.2250142,7148119.80509347,101099.276409758,131267.800952314,84335.0476975744,28007080.1350736,2.16386897272659,7.68060994402579,12.2323315444296,5.11876121775543,9.29071439191932,59.240192148347,12.3451663773895,37.6058491429581,0.53187750636447,0.690592387164954,0.443681858678316,147.343645491759
"4402","Brown University",0,778865.559971209,696366.721799202,2496181.1229896,894947.832781779,752449.17872973,570936.052487275,1000353.79231835,45300.057500194,7645.87188135812,553530.041034075,7796576.23149277,"Rhode Island","Seth Magaziner","Democrat","RI","44",0,2056205.07832399,1838408.14554989,6589918.16469253,2362662.2785439,1986465.83184649,1507271.17856641,2640934.01172045,119592.151800512,20185.1017667854,1461319.30832996,20582961.2511409,0,10.8175772218223,9.67176002498892,34.6691822637444,12.429831010858,10.4506830379129,7.9296673956566,13.8938026710882,0.629167465280472,0.106192665018863,7.68791723658438,108.285780992955
"4401","University of Rhode Island",46883.8277424095,166413.215453892,265033.850129308,110906.493051368,201298.811824919,1283537.49654752,267478.60484344,814793.398097425,11524.0126378968,14962.8350552407,9613.10693803019,3192445.65232145,"Rhode Island","Gabe Amo","Democrat","RI","44",123773.305239961,439330.888798275,699689.364341373,292793.14165561,531428.863217785,3388538.99088545,706143.516786682,2151054.5709772,30423.3933640477,39501.8845458354,25378.6023163997,8428056.52212862,0.651164274200132,2.31129465908183,3.68102569624039,1.54036795904677,2.79581683090165,17.8269096742711,3.71498062282556,11.3165749735753,0.160055731081901,0.207817153545009,0.133515374139308,44.339522948909
"4401","Woods Hole Oceanographic Institution",6866.25415939959,1323.3557299595,219.289777377425,406.669501655712,4468.58147567714,525508.442032934,2253.25057357859,0,3054.10458253352,2267.71671612899,11.6060698096889,546379.270619054,"Rhode Island","Gabe Amo","Democrat","RI","44",18126.9109808149,3493.65912709308,578.925012276403,1073.60748437108,11797.0550957876,1387342.28696695,5948.58151424747,0,8062.83609788848,5986.77213058052,30.6400242975786,1442441.2744343,0.0953646411027721,0.018379940693882,0.00304569135246424,0.005648187522996,0.0620636316066269,7.29872836156853,0.0312951468552582,0,0.0424181192018544,0.0314960655017915,0.000161195414023457,7.5886009808202
"4503","Clemson University",1261878.53903272,2644560.67219354,2741478.44635159,2165316.46744097,2171571.45993948,553088.972062567,3069501.38115223,4223970.60218431,361618.019016286,0,368691.285753711,19561675.8451274,"South Carolina","Sheri Biggs","Republican","SC","45",3331359.34304638,6981640.17459093,7237503.0983682,5716435.47404417,5732948.65424024,1460154.88624518,8103483.6462419,11151282.3897666,954671.570202995,0,973344.994389798,51642824.2311364,17.5260908198989,36.7300093360213,38.076089532661,30.0738398255691,30.1607147213817,7.68179127864676,42.6319636271144,58.6662583636709,5.0224724863373,0,5.12071230213488,271.689942293436
"4502","University of South Carolina at Columbia",218937.403022343,909099.590283052,694822.837749226,1753480.97883759,827397.286016375,580433.637779257,1248460.46386685,3610411.45508706,0,0,369684.176838717,10212727.8294805,"South Carolina","Joe Wilson","Republican","SC","45",577994.743978987,2400022.91834726,1834332.29165796,4629189.78413124,2184328.83508323,1532344.80373724,3295935.62460847,9531486.24142984,0,0,975966.226854214,26961601.4698284,3.04079726419921,12.6263831983757,9.65031719096147,24.3539024838554,11.4916289724497,8.06157830248968,17.3397286648173,50.1446035428758,0,0,5.1345024560933,141.843442076118
"4506","University of South Carolina at Columbia",120016.059318726,498345.868946412,380884.662739909,961214.823348176,453558.690236955,318179.33774975,684375.090871232,1979138.09781747,0,0,202651.705392441,5598364.33642107,"South Carolina","James E. Clyburn","Democrat","SC","45",316842.396601437,1315633.09401853,1005535.50963336,2537607.13363919,1197394.94222556,839993.45165934,1806750.23990005,5224924.57823812,0,0,535000.502236043,14779681.8481516,1.66688971276009,6.9214704020335,5.29006476027651,13.3502058798358,6.29942625329104,4.41915746874653,9.50520959543377,27.4880291363537,0,0,2.81460701933945,77.7550602280704
"4504","Clemson University",145601.369888391,305141.616022331,316324.436117491,249844.207781651,250565.937685325,63817.9583149115,354173.236286796,487381.223328958,41725.1560403407,0,42541.3022023513,2257116.44366855,"South Carolina","William R. Timmons IV","Republican","SC","45",384387.616505351,805573.866298954,835096.511350177,659588.708543558,661494.075489258,168479.409951367,935017.343797142,1286686.42958845,110154.411946499,0,112309.037814208,5958787.41128496,2.02224124844987,4.23807800031015,4.39339494607627,3.47005844141182,3.48008246785174,0.886360532151549,4.9190727262055,6.76918365734665,0.579516056115843,0,0.590851419477102,31.3488394953965
"4505","University of South Carolina at Columbia",41145.7124807074,170850.43415034,130580.61488078,329538.138297355,155495.81920579,109083.031243223,234627.772964647,678517.921640388,0,0,69476.108873551,1919315.55373678,"South Carolina","Ralph Norman","Republican","SC","45",108624.680949067,451045.146156897,344732.82328526,869980.685105018,410508.962703284,287979.202482108,619417.320626667,1791287.31313063,0,0,183416.927426175,5066993.0618651,0.571468228898713,2.3729226965325,1.81361965112195,4.57691858746327,2.15966415563597,1.51504210060032,3.25871906895343,9.42386002278317,0,0,0.964945956577097,26.6571604685664
"4600","South Dakota School of Mines and Technology",30202.1162028085,141492.251486078,330756.300246976,858000.868556556,181745.374466892,409940.715220138,1366885.25774294,5996285.46380332,0,0,0,9315308.3477257,"South Dakota","Dusty Johnson","Republican","SD","46",79733.5867754143,373539.543923246,873196.632652018,2265122.29298931,479807.788592596,1082243.48818117,3608577.08044136,15830193.6244408,0,0,0,24592414.0379959,0.419473836150117,1.96517015952886,4.59383750343023,11.9166787299522,2.52424131204017,5.69362104472414,18.9845174686519,83.2817425528238,0,0,0,129.379282607301
"4600","South Dakota Board of Regents",0,145586.78183576,0,0,0,0,0,8614807.4069271,0,0,0,8760394.18876286,"South Dakota","Dusty Johnson","Republican","SD","46",0,384349.104046406,0,0,0,0,0,22743091.5542875,0,0,0,23127440.6583339,0,2.02203863660777,0,0,0,0,0,119.650102873987,0,0,0,121.672141510595
"4600","South Dakota State University",52263.5296031511,413003.626604518,220073.823371868,139909.916763073,457440.651009801,39743.4748511696,447438.140453022,2049958.29536201,0,12157.360293329,26274.0230839189,3858262.84139586,"South Dakota","Dusty Johnson","Republican","SD","46",137975.718152319,1090329.57423593,580994.893701732,369362.180254513,1207643.31866588,104922.773607088,1181236.69079598,5411889.8997557,0,32095.4311743887,69363.4209415459,10185813.9012851,0.725882355599321,5.7361614806183,3.05658088016484,1.94319328837602,6.35334237513613,0.551992706266244,6.21441861740308,28.471642991139,0,0.168852226296237,0.364916987276651,53.5869839082758
"4600","University of South Dakota Main Campus",13601.0567723877,62205.0653186653,5515.09813252243,350728.201790682,482588.169212189,0,23768.4765708584,713007.226292769,415543.154379605,0,0,2066956.44846968,"South Dakota","Dusty Johnson","Republican","SD","46",35906.7898791036,164221.372441276,14559.8590698592,925922.452727401,1274032.76672018,0,62748.7781470663,1882339.07741291,1097033.92756216,0,0,5456765.02395996,0.188903566283163,0.863959240537018,0.0765985851739226,4.87122502487058,6.70261346128041,0,0.330117730150812,9.90287814295513,5.77143269971674,0,0,28.7077284509678
"4600","Black Hills State University",0,0,309237.820928835,60804.7814596285,0,0,0,968555.915279891,0,0,0,1338598.51766835,"South Dakota","Dusty Johnson","Republican","SD","46",0,0,816387.847252123,160524.623053419,0,0,0,2556987.61633891,0,0,0,3533900.08664446,0,0,4.2949697351227,0.844510853605951,0,0,0,13.4521654899985,0,0,0,18.5916460787271
"4702","University of Tennessee Knoxville",292515.683551792,2843754.94013513,1435965.51640072,4312864.0093919,3594518.66216565,621337.771211968,2670090.69911704,0,614172.220708343,4993.23367620405,536055.386945436,16926268.1233042,"Tennessee","Tim Burchett","Republican","TN","47",772241.40457673,7507513.04195675,3790948.96329791,11385960.9847946,9489529.26811732,1640331.7159996,7049039.44566898,0,1621414.66267003,13182.1369051787,1415186.22153595,44685347.845523,4.06271782710822,39.4965963907657,19.9439655055656,59.9008890193319,49.9238703078563,8.62969126683289,37.0845930432922,0,8.53016973206032,0.0693504677250563,7.4452137075755,235.087057268114
"4705","Vanderbilt University",917409.183093148,1168232.02055396,1686652.07097653,872467.158397414,556473.639195471,205384.318124003,1346833.74172235,15003.8309123133,21336.6055129999,898.202977120472,593134.925602383,7383825.69706769,"Tennessee","Andrew Ogles","Republican","TN","47",2421960.24336591,3084132.53426245,4452761.46737803,2303313.29816917,1469090.40747604,542214.599847368,3555641.07814701,39610.1136085071,56328.6385543196,2371.25585959805,1565876.20359029,19493299.8402587,12.7417942096271,16.2254447299161,23.4257232080073,12.1175994221863,7.72880054438154,2.85255997394448,18.7060241905882,0.208386540448796,0.296341743236109,0.0124750413488954,8.23798507781088,102.553134681496
"4707","Vanderbilt University",692783.851371248,882193.347755502,1273679.5523615,658845.768418822,420222.467850826,155096.484255224,1017064.88657681,11330.1806394715,16112.3913024797,678.280236638378,447907.330463135,5575914.54123166,"Tennessee","Matt Van Epps","Republican","TN","47",1828949.36762009,2328990.43807453,3362514.01823436,1739352.82862569,1109387.31512618,409454.718433791,2685051.30056279,29911.6768882049,42536.7130385464,1790.65982472532,1182475.35242268,14720414.3888516,9.62199793571177,12.2526853854931,17.6899937827986,9.15063567248365,5.8364231645948,2.15411783687811,14.1259012024558,0.15736361999266,0.22378321253444,0.0094205588421997,6.22093514532132,77.4432575171064
"4706","Vanderbilt University",657237.081704819,836927.968558441,1208326.99891064,625040.363270695,398660.834675074,147138.476875316,964879.242833244,10748.8285760925,15285.6638011516,643.477648077239,424925.1857778,5289814.12263135,"Tennessee","John W. Rose","Republican","TN","47",1735105.89570072,2209489.83699428,3189983.27712408,1650106.55903464,1052464.60354219,388445.578950835,2547281.20107976,28376.9074408843,40354.1524350402,1698.78099092391,1121802.49045339,13965109.2837468,9.12829280145582,11.6239995633117,16.7823194293144,8.68111615653743,5.5369560371538,2.04358995660161,13.4011005949062,0.149289285779063,0.212300886127105,0.00893718955662831,5.90173869135833,73.469640592102
"4709","University of Memphis",22600.408235246,789087.043482159,691610.016070521,262190.623267949,472017.141489343,140787.044832036,170253.313669433,0,0,0,157533.00388675,2706078.59493344,"Tennessee","Steve Cohen","Democrat","TN","47",59665.0777410494,2083189.7947929,1825850.44242618,692183.245427385,1246125.25353187,371677.798356576,449468.748087304,0,0,0,415887.130261019,7144047.49062428,0.313894558822861,10.9595422705855,9.60569466764613,3.64153643427707,6.55579363179643,1.95537562266717,2.36462935651991,0,0,0,2.18795838731597,37.5844249296311
"4837","University of Texas at Austin",1097307.91355257,13088187.3896867,2022137.51630057,4320525.00154302,2612437.30141728,2288220.14443782,6287854.61857906,152708.243574822,259037.392952352,59848.7942294394,1194386.9737104,33382651.289984,"Texas","Lloyd Doggett","Democrat","TX","48",2896892.89177879,34552814.7087729,5338443.04303351,11406186.0040736,6896834.47574162,6040901.18131585,16599936.1930487,403149.763037531,683858.71739421,158000.81676572,3153181.61059546,88130199.4055579,15.2403876882302,181.780380412315,28.0852432819524,60.0072916880976,36.2838514085733,31.7808353394142,87.3313141469314,2.12094782742809,3.59774156878267,0.831233253186658,16.5887079682,463.647934583112
"4810","Texas A&M Engineering Experiment Station",456234.155596804,3240090.77162152,608743.850568599,1238517.70097057,122109.357782749,420928.891252859,9435387.72574954,0,357094.807698717,0,130135.265394602,16009242.526636,"Texas","Michael T. McCaul","Republican","TX","48",1204458.17077556,8553839.63708083,1607083.7655011,3269686.73056232,322368.704546456,1111252.27290755,24909423.5959788,0,942730.292324612,0,343557.10064175,42264400.270319,6.33658549440006,45.0012607169656,8.45477570234165,17.2016347357024,1.69596330253818,5.84623460073415,131.047051746521,0,4.95965010692662,0,1.8074342415917,222.350590647722
"4810","Texas A&M University",34529.1482026246,2773260.11288445,2185979.61493826,5061314.69667349,617852.530351447,2644063.29373904,1012751.47759213,0,227362.853031304,4507.02438923239,752766.49456746,15314387.2463694,"Texas","Michael T. McCaul","Republican","TX","48",91156.951254929,7321406.69801496,5770986.183437,13361870.799218,1631130.68012782,6980327.09547108,2673663.90084322,0,600237.932002643,11898.5443875735,1987303.54565809,40429982.3304153,0.479571502814231,38.5175015678396,30.3608279852536,70.2960374537985,8.5812851437701,36.7231013019312,14.0659927443351,0,3.15781740321256,0.062597560961561,10.4550902023258,212.699822866242
"4835","University of Texas at Austin",491226.408965563,5859124.14546361,905240.305203799,1934148.06832361,1169496.89177778,1024356.19992547,2814852.79221414,68362.1444666677,115961.989115546,26792.2138418424,534685.311902563,14944246.4712006,"Texas","Greg Casar","Democrat","TX","48",1296837.71966909,15468087.7440239,2389834.40573803,5106150.90037433,3087471.79429335,2704300.36780323,7431211.37144533,180476.061392003,306139.651265041,70731.444542464,1411569.22342277,39452810.6839696,6.8225890134106,81.3767242425502,12.5727820167194,26.8631676156057,16.2430123858026,14.2271694434093,39.0951776696408,0.949474228703718,1.61058318216036,0.3721140811367,7.42618488753559,207.558978766675
"4807","William Marsh Rice University",181047.045884162,1873558.71619481,2000542.86722586,2891548.78183863,825420.170169494,339799.813279441,2946751.4308925,10867.7579186811,142336.887650474,1345.08154197538,447991.215369124,11661209.7679652,"Texas","Lizzie Fletcher","Democrat","TX","48",477964.201134186,4946195.0107543,5281433.16947628,7633688.78405399,2179109.24924747,897071.507057726,7779423.77755619,28690.8809053181,375769.38339725,3551.01527081501,1182696.80857449,30785593.787428,2.51454230394669,26.021648836039,27.7853176003592,40.1603997477588,11.4641690301319,4.71944185110335,40.9271032068402,0.150941082203904,1.97690121736769,0.0186816880829914,6.22210021346006,161.961246777294
"4902","University of Utah",188783.787482569,3025707.46696563,893883.301265629,3380159.14760892,1012520.95057025,859555.648664064,1732385.7415531,30067.0982025378,371699.479089411,3356.79248469596,373033.290484248,11871152.7043711,"Utah","Celeste Maloy","Republican","UT","49",498389.198953983,7987867.71278926,2359851.91534126,8923620.14968755,2673055.30950546,2269226.91247313,4573498.35770019,79377.1392546999,981286.624796044,8861.93215959733,984807.886878416,31339843.1395396,2.62199704836902,42.0237148189671,12.4150458509115,46.9466548279017,14.0627909801423,11.938272898112,24.0609130771264,0.417598586146359,5.1624927651307,0.0466221178429994,5.18101792339234,164.877120894042
"4901","University of Utah",170462.401487556,2732063.84878475,807132.308421518,3052116.1451152,914256.224500229,776136.139852575,1564258.44478413,27149.0991557736,335626.203299395,3031.01720686415,336830.568867685,10719062.4014757,"Utah","Blake Moore","Republican","UT","49",450020.739927147,7212648.56079174,2130829.29423281,8057586.62310413,2413636.4326806,2048999.4092108,4129642.29423011,71673.6217712424,886053.176710402,8001.88542612135,889232.701810689,28298324.7398958,2.36753335399383,37.9453312331215,11.2101709502989,42.3905020154889,12.6980031180587,10.7796686090635,21.7258117331129,0.377070821607967,4.66147504582492,0.0420974612064465,4.67820234538452,148.875866687162
"4901","Utah State University",285271.093751035,481725.125257101,1622422.1745454,587515.576621487,1101051.38852298,987804.744483401,5346058.38070137,0,0,34838.2136531963,248354.789526122,10695041.4870621,"Utah","Blake Moore","Republican","UT","49",753115.687502732,1271754.33067875,4283194.54079986,1551041.12228073,2906775.66570067,2607804.52543618,14113594.1250516,0,0,91972.8840444382,655656.644348962,28234909.5258439,3.96209852431993,6.69062673968196,22.5336413131306,8.15993856418732,15.2923803961525,13.7195103400472,74.2508108430746,0,0,0.483864078516615,3.44937207675169,148.542242875862
"4904","University of Utah",127288.394675232,2040098.10038629,602705.200284239,2279088.88460916,682697.217233377,579559.612144019,1168069.58341651,20272.8884390932,250620.196923847,2263.33379752901,251519.525799024,8004182.93770833,"Utah","Burgess Owens","Republican","UT","49",336041.361942613,5385858.98501981,1591141.72875039,6016794.65536819,1802320.65349612,1530037.37606021,3083703.7002196,53520.4254792061,661637.319878957,5975.20122547659,664011.548109425,21131042.95555,1.76789437048934,28.3346958386985,8.37090555950332,31.6540122862383,9.48190579490802,8.04943905755582,16.2231886585627,0.281567894987406,3.48083606838677,0.0314351916323474,3.49332674720867,111.169207468171
"4903","University of Utah",126864.28851794,2033300.79440988,600697.075449884,2271495.29658847,680422.570796571,577628.604995605,1164177.74784316,20205.3421648626,249785.167391671,2255.79270313475,250681.499835678,7977514.18069686,"Utah","Mike Kennedy","Republican","UT","49",334921.721687363,5367914.09724209,1585840.27918769,5996747.58299357,1796315.58690295,1524939.5171884,3073429.25430594,53342.1033152371,659432.841914011,5955.29273627575,661799.15956619,21060637.4370397,1.76200400719362,28.2402888112483,8.34301493680395,31.548545785951,9.45031348328571,8.02261951382785,16.1691353867105,0.280629752289758,3.46923843599543,0.0313304542102049,3.48168749771775,110.798808065234
"5000","University of Vermont & State Agricultural College",137483.096256201,299799.328199964,345464.744901608,975967.416836178,1373536.56712199,965476.448866959,1109988.77381412,9563112.08818385,534356.191345119,5681.04299853694,350625.802490717,15661491.5010152,"Vermont","Becca Balint","Democrat","VT","50",362955.37411637,791470.226447905,912026.926540244,2576553.98044751,3626136.53720204,2548857.82500877,2930370.36286928,25246615.9128054,1410700.34515111,14997.9535161375,925652.118575492,41346337.5626802,1.90948744800279,4.16387955833283,4.79812145696677,13.5551030116136,19.0768967655831,13.4093951231522,15.4165107474184,132.821001224776,7.42161376868221,0.0789033749796797,4.86980281237106,217.520715291878
"5000","Dartmouth College",2402.82667313846,650538.347652317,356772.418058884,576106.4964179,296030.141437783,361562.036925285,444050.989446962,583637.090553053,6435.75979404712,107028.427625044,554487.280465203,3939051.81504962,"Vermont","Becca Balint","Democrat","VT","50",6343.46241708553,1717421.23780212,941879.183675454,1520921.15054326,781519.573395746,954523.777482751,1172294.61213998,1540801.91906006,16990.4058562844,282555.048930116,1463846.42042814,10399096.791731,0.0333725926824786,9.0352548285044,4.95517247304006,8.00147911691528,4.11152974219143,5.02169495729562,6.16737485343002,8.10607070212574,0.0893855526950988,1.48650593923672,7.70121222868338,54.7090529868002
"5000","Middlebury College",0,0,10636.5912613726,133573.253328873,137669.579507441,254337.820757253,0,164232.063391482,52925.9746775345,1277.58473285678,228906.481674233,983559.349331046,"Vermont","Becca Balint","Democrat","VT","50",0,0,28080.6009300238,352633.388788224,363447.689899643,671451.846799148,0,433572.647353512,139724.573148691,3372.82369474191,604313.111619976,2596596.68223396,0,0,0.147730434185731,1.85518407401212,1.9120774931589,3.53246973273963,0,2.28100088043725,0.735082981632423,0.0177442324007886,3.17925668991991,13.6605465184867
"5000","Norwich University",0,0,603193.575018981,0,0,0,0,0,0,0,0,603193.575018981,"Vermont","Becca Balint","Democrat","VT","50",0,0,1592431.03805011,0,0,0,0,0,0,0,0,1592431.03805011,0,0,8.37768854193029,0,0,0,0,0,0,0,0,8.37768854193029
"5000","RICH EARTH LLC",160214.934031789,0,0,0,0,0,0,0,0,0,0,160214.934031789,"Vermont","Becca Balint","Democrat","VT","50",422967.425843923,0,0,0,0,0,0,0,0,0,0,422967.425843923,2.22520741710818,0,0,0,0,0,0,0,0,0,0,2.22520741710818
"5109","Virginia Polytechnic Institute and State University",159840.111755863,6307040.74857228,2946575.9169184,8355754.62647418,4224731.31608851,2409231.96382634,10252694.1864781,411220.225316298,510895.658958608,16558.2431611866,1639777.09457971,37234320.0921295,"Virginia","H. Morgan Griffith","Republican","VA","51",421977.895035479,16650587.5762308,7778960.42066458,22059192.2138918,11153290.6744737,6360372.38450154,27067112.6523021,1085621.39483503,1348764.53965072,43713.7619455325,4329011.52969043,98298605.0432218,2.22000155216477,87.5977881746151,40.9246655127556,116.052147589919,58.6768238345627,33.4615550531436,142.398530367751,5.71139201828191,7.09577304109178,0.229975599460924,22.7746818691626,517.143334612909
"5111","Associated Universities, Inc.",0,0,117969.697453418,24311938.7905903,0,0,0,45587.4379514253,105446.323671862,0,0,24580942.249667,"Virginia","James R. Walkinshaw","Democrat","VA","51",0,0,311440.001277025,64183518.4071584,0,0,0,120350.836191763,278378.294493715,0,0,64893687.5391209,0,0,1.63846802018637,337.665816535976,0,0,0,0.633158860436462,1.4645322732203,0,0,341.401975689819
"5105","University of Virginia Main Campus",583342.486258189,4259618.28711218,2875079.87524903,3693020.7138741,1939466.64398028,1831695.78689506,4024576.85910661,0,36986.9422328421,14500.2288121859,569433.070781011,19827720.8943015,"Virginia","John J. McGuire III","Republican","VA","51",1540024.16372162,11245392.2779762,7590210.87065744,9749574.68462764,5120191.94010795,4835676.87740295,10624882.9080414,0,97645.5274947031,38280.6040641709,1503303.30686187,52345183.1609559,8.10197897580818,59.1613650987803,39.9316649340143,51.2919543593626,26.9370367219484,25.4402192624314,55.8969008209251,0,0.513707531011696,0.201392066835916,7.90879264973626,275.385012420854
"5108","Associated Universities, Inc.",0,0,93299.9336777822,19227838.3831241,0,0,0,36054.2158640989,83395.441520356,0,0,19440587.9741863,"Virginia","Donald S. Beyer, Jr.","Democrat","VA","51",0,0,246311.824909345,50761493.3314476,0,0,0,95183.1298812212,220163.96561374,0,0,51323152.2518519,0,0,1.29583241219142,267.053310876723,0,0,0,0.500752998112485,1.15827002111606,0,0,270.008166308143
"5110","Associated Universities, Inc.",0,0,70299.5524132792,14487774.845336,0,0,0,27166.0990308022,62836.724326471,0,0,14648077.2211066,"Virginia","Suhas Subramanyam","Democrat","VA","51",0,0,185590.818371057,38247725.5916871,0,0,0,71718.5014413177,165888.952221883,0,0,38670923.8637214,0,0,0.976382672406656,201.219095074112,0,0,0,0.377306930983364,0.872732282312097,0,0,203.445516959814
"5307","University of Washington",2125352.76194437,6741002.38138766,4776787.00001328,8235381.67956747,2614538.08722673,9415434.92475928,6819479.52199348,0,97378.8060546325,159851.495909576,914388.135444066,41899594.7943005,"Washington","Pramila Jayapal","Democrat","WA","53",5610931.29153313,17796246.2868634,12610717.680035,21741407.6340581,6902380.55027857,24856748.2013645,18003425.9380628,0,257080.04798423,422007.949201281,2413984.67757233,110614930.256953,29.5187883603384,93.6250330748286,66.3442638890733,114.380301105104,36.3130289892602,130.769929510546,94.7149933610205,0,1.35248341742545,2.22015966541078,12.6998352145009,581.938816587508
"5309","University of Washington",699483.187475361,2218557.74577315,1572107.11392842,2710378.78061714,860480.889467026,3098750.7347309,2244385.66546621,0,32048.7209800056,52609.3530841643,300937.867361338,13789740.0588837,"Washington","Adam Smith","Democrat","WA","53",1846635.61493495,5856992.44884113,4150362.78077103,7155399.98082926,2271669.54819295,8180701.93968959,5925178.15683079,0,84608.6233872149,138888.692142194,794475.969833933,36404913.755453,9.71504427049112,30.8133020246271,21.8348210267836,37.6441497307936,11.9511234648198,43.0382046490403,31.1720231314751,0,0.445121124722301,0.730685459502282,4.17969260224081,191.524167484496
"5301","University of Washington",602631.669209542,1911372.82712764,1354430.74430756,2335095.56483938,741337.381694668,2669692.94069124,1933624.57332473,0,27611.2057673895,45324.9811186646,259269.547265153,11880391.435346,"Washington","Suzan K. DelBene","Democrat","WA","53",1590947.60671319,5046024.26361697,3575697.16497196,6164652.29117597,1957130.68767392,7047989.36342487,5104768.8735773,0,72893.5832259082,119657.950153275,684471.604780003,31364233.3893134,8.36988429457697,26.5468448212172,18.8115381153828,32.4318828449914,10.2963525235371,37.0790686207117,26.8558968517324,0,0.38348896899152,0.629513626648119,3.60096593423823,165.005436602027
"5302","University of Washington",422380.232437045,1339667.56187071,949310.834179854,1636651.80214189,519598.075562781,1871168.7128952,1355263.65183921,0,19352.4968994649,31767.9555162069,181720.173752808,8326881.49709517,"Washington","Rick Larsen","Democrat","WA","53",1115083.8136338,3536722.36333868,2506180.60223481,4320760.75765459,1371738.91948574,4939885.40204333,3577896.04085552,0,51090.5918145875,83867.4025627862,479741.258707413,21982967.1523313,5.86639211718118,18.606493914871,13.1848726969424,22.7312750297485,7.21663993837196,25.9884543457667,18.8231062755446,0,0.268784679159235,0.441221604391762,2.52389130212233,115.6511319041
"5305","Washington State University",6591.58331900186,961987.926204801,1064149.94361851,811639.079284644,2394228.42534558,883344.709413553,1557590.68813319,0,180011.429196308,16838.8599102079,365878.198737796,8242260.8431636,"Washington","Michael Baumgartner","Republican","WA","53",17401.7799621649,2539648.12518067,2809355.85115287,2142727.16931146,6320763.04291234,2332030.03285178,4112039.41667162,0,475230.173078254,44454.590162949,965918.44466778,21759568.6259519,0.0915497683194703,13.3609434195111,14.7798603280349,11.2727649900645,33.2531725742442,12.2686765196327,21.6332040018499,0,2.50015873883761,0.233873054308444,5.08164164913605,114.475845043939
"5402","West Virginia University Research Corporation",171168.83147901,929098.14947156,1154557.71599831,1719197.63639321,1003480.35166985,806689.630138894,928778.900054814,1168944.25628521,425326.264731178,0,553820.302980074,8861062.0392021,"West Virginia","Riley M. Moore","Republican","WV","54",451885.715104586,2452819.11460492,3048032.37023554,4538681.76007806,2649188.12840839,2129660.62356668,2451976.29614471,3086012.83659295,1122861.33889031,0,1462085.59986739,23393203.7834935,2.37734488165292,12.9041409648828,16.0355238333099,23.8777449499056,13.9372271065256,11.204022640818,12.8997069452057,16.2353368928501,5.90730923237747,0,7.69194865250102,123.070306100029
"5401","Higher Education Policy Commission",0,0,219147.476813882,0,0,0,0,3720739.13408083,0,0,0,3939886.61089472,"West Virginia","Carol D. Miller","Republican","WV","54",0,0,578549.338788649,0,0,0,0,9822751.3139734,0,0,0,10401300.6527621,0,0,3.04371495574837,0,0,0,0,51.6769324177894,0,0,0,54.7206473735377
"5402","Associated Universities, Inc.",0,0,4637.17364203689,955657.971328235,0,0,0,1791.95903897112,4144.90266005745,0,0,966232.0066693,"West Virginia","Riley M. Moore","Republican","WV","54",0,0,12242.1384149774,2522937.04430654,0,0,0,4730.77186288376,10942.5430225517,0,0,2550852.49760695,0,0,0.0644051894727345,13.2730273795588,0,0,0,0.02488831998571,0.057568092500798,0,0,13.4198889815181
"5401","Virginia Polytechnic Institute and State University",3495.89551835424,137942.568012517,64445.1597867937,182750.404953263,92399.9558804292,52692.8011529455,224238.7549898,8993.88099112194,11173.9026260692,362.148696113436,35863.8975728247,814359.370180231,"West Virginia","Carol D. Miller","Republican","WV","54",9229.16416845519,364168.379553044,170135.221837135,482461.069076614,243935.883524333,139108.995043776,591990.313173071,23743.8458165619,29499.1029328227,956.072557739471,94680.6895922573,2149908.73727581,0.0485541044215867,1.91586900017384,0.895071663705468,2.53820006879532,1.28333272056152,0.731844460457576,3.11442715263611,0.124915013765583,0.155193092028739,0.0050298430015755,0.498109688511455,11.3105468080588
"5401","Marshall University Research Corporation",0,2452.63272685782,102129.163148023,39945.8546893495,71859.9571536071,0,256237.724523345,144714.250001523,0,0,0,617339.582242706,"West Virginia","Carol D. Miller","Republican","WV","54",0,6474.95039890465,269620.990710781,105457.056379883,189710.286885523,0,676467.59274163,382045.620004022,0,0,0,1629776.49712074,0,0.0340643434285809,1.4184605992781,0.554803537352077,0.998054960466765,0,3.55885728504645,2.00992013891005,0,0,0,8.57416086448202
"5502","University of Wisconsin-Madison",1209414.43084869,8878731.72786632,8486058.67412675,17779918.7900556,8411739.94984182,3932595.39601235,7143933.23763095,20450.9227065226,52599.2564565971,518952.845073609,1988870.48601893,58423265.7166381,"Wisconsin","Mark Pocan","Democrat","WI","55",3192854.09744053,23439851.7615671,22403194.8996946,46938985.6057467,22206993.4675824,10382051.8454726,18859983.7473457,53990.4359452196,138862.037045416,1370035.51099433,5250618.08308997,154237421.491925,16.7974226506762,123.315718442588,117.861926029538,246.94331652855,116.829721525581,54.6193805001716,99.2212949670966,0.284040593146147,0.730545228563849,7.20767840380013,27.6232011947073,811.434246064418
"5506","University of Wisconsin-Madison",86598.5811201119,635750.28556571,607633.431300886,1273108.4567671,602311.933632617,281588.488385387,511532.247520412,1464.36229286528,3766.30281641156,37158.9580091942,142410.53995035,4183323.58736104,"Wisconsin","Glenn Grothman","Republican","WI","55",228620.254157096,1678380.75389347,1604152.25863434,3361006.32586514,1590103.50479011,743393.609337421,1350445.13345389,3865.91645316433,9943.03943532653,98099.6491442727,375963.825468924,11043974.2706331,1.20275807111267,8.82986507730153,8.4393532125123,17.682061899543,8.36544352267523,3.91095122757482,7.1046145488946,0.0203383651786844,0.0523097613390495,0.516096639016586,1.97792416597708,58.1017164911256
"5504","University of Wisconsin-Milwaukee",34104.0827526385,276004.340695076,276367.696365592,1819554.27578874,431720.989103395,98910.2029900992,676476.652056452,0,75342.8186287758,591.479685468485,41843.8750811887,3730916.41314743,"Wisconsin","Gwen Moore","Democrat","WI","55",90034.7784669656,728651.459434999,729610.718405163,4803623.28808228,1139743.41123296,261122.935893862,1785898.36142903,0,198905.041179968,1561.5063696368,110467.830214338,9849619.33070921,0.473667816008868,3.83339362076494,3.83844022729989,25.2715871637325,5.99612484865826,1.37375281930693,9.39550905633962,0,1.04642803651078,0.00821499563150674,0.581164931683177,51.8182835159365
"5505","University of Wisconsin-Madison",56348.3918247304,413673.131018784,395377.917627288,828392.48899229,391915.299281497,183225.386278163,332846.325441364,952.838478234254,2450.67649013081,24178.7740470784,92664.3924334469,2722025.62191301,"Wisconsin","Scott Fitzgerald","Republican","WI","55",148759.754417288,1092097.06588959,1043797.70253604,2186956.17093965,1034656.39010315,483715.01977435,878714.2991652,2515.49358253843,6469.78593394534,63831.963484287,244633.9960243,7186147.64185034,0.782616553121255,5.74546015303866,5.49135996704567,11.505451236004,5.44326804557635,2.54479703164115,4.62286563113005,0.0132338677532535,0.0340371734740391,0.335816306209422,1.28700545046454,37.8059114154584
"5501","University of Wisconsin-Madison",48044.4182926648,352710.774868647,337111.698187478,706313.595877637,334159.360440013,156223.750405591,283795.2880079,812.42017617868,2089.52416526943,20615.5862927721,79008.5872327284,2320885.00394688,"Wisconsin","Bryan Steil","Republican","WI","55",126837.264292635,931156.445653229,889974.883214941,1864667.89311696,882180.711561636,412430.701070761,749219.560340855,2144.78926511172,5516.34379631129,54425.1478129184,208582.670294403,6127136.41041976,0.667283587398123,4.89876076206455,4.68210691927052,9.80991105385607,4.64110222833352,2.16977431118877,3.94160122233194,0.0112836135580372,0.0290211689620754,0.286327587399613,1.09734148934345,32.2345139437067
"5600","University of Wyoming",899179.464810258,684640.397235148,330870.5783312,2029766.33292674,1358575.95424527,3772028.70283879,789430.190754935,14320301.5700575,0,29017.0994117124,175950.224386839,24389760.5149984,"Wyoming","Harriet M. Hageman","Republican","WY","56",2373833.78709908,1807450.64870079,873498.326794369,5358583.11892659,3586640.51920752,9958155.77549441,2084095.70359303,37805596.1449519,0,76605.1424469207,464508.592381255,64388967.7595958,12.4886036779202,9.50889440604372,4.59542469904445,28.1911990684269,18.8691104756288,52.3892875394277,10.9643082049296,198.89307736191,0,0.403015269607117,2.44375311648387,338.746673819422
"5600","Colorado State University",4302.17714679721,54518.0130773614,55737.0019392661,111046.414143556,181831.826308237,116537.650510097,54641.2237825929,5946.13333461811,13380.6559267347,2283.11139343346,16543.0010857114,616767.208648406,"Wyoming","Harriet M. Hageman","Republican","WY","56",11357.7476675446,143927.554524234,147145.685119663,293162.533338989,480036.021453745,307659.397346657,144252.830786045,15697.7920033918,35324.9316465796,6027.41407866433,43673.5228662781,1628265.43083179,0.0597524603721834,0.757194626074464,0.774125026934252,1.54231130754939,2.52544203205884,1.61857847930691,0.758905885869345,0.0825851852030293,0.185842443426871,0.0317098804643536,0.229763903968214,8.56621123122785
"5600","CellDrop Inc",233984.430985334,0,0,0,0,0,0,0,0,0,0,233984.430985334,"Wyoming","Harriet M. Hageman","Republican","WY","56",617718.897801281,0,0,0,0,0,0,0,0,0,0,617718.897801281,3.24978376368519,0,0,0,0,0,0,0,0,0,0,3.24978376368519
"5600","Central Wyoming College",0,0,41269.994670375,0,0,0,0,60446.6047512597,0,0,0,101716.599421635,"Wyoming","Harriet M. Hageman","Republican","WY","56",0,0,108952.78592979,0,0,0,0,159579.036543326,0,0,0,268531.822473116,0,0,0.573194370421875,0,0,0,0,0.839536177100829,0,0,0,1.4127305475227
"5600","South Dakota School of Mines and Technology",320.872416497301,1503.2377315918,3514.01115800241,9115.54707629807,1930.89375263631,4355.27984297624,14522.0213306023,63705.5560563433,0,0,0,98967.4193649477,"Wyoming","Harriet M. Hageman","Republican","WY","56",847.103179552875,3968.54761140235,9276.98945712635,24065.0442814269,5097.55950695985,11497.9387854573,38338.13631279,168182.667988746,0,0,0,261273.987123462,0.00445656134024029,0.0208783018276639,0.0488057105278112,0.12660482050414,0.0268179687866154,0.0604899978191144,0.201694740702809,0.884799389671435,0,0,0,1.37454749117983
