state,week,current_loss,current_econ_loss,current_job_loss,overall_loss,overall_econ_loss,overall_job_loss
AK,2025-02-28,0,0,0,0,0,0
AK,2025-03-07,0,0,0,0,0,0
AK,2025-03-14,0,0,0,0,0,0
AK,2025-03-21,0,0,0,0,0,0
AK,2025-03-28,0,0,0,0,0,0
AK,2025-04-04,0,0,0,0,0,0
AK,2025-04-11,0,0,0,0,0,0
AK,2025-04-18,819.5017992292594,2163.484749965245,0.011381969433739715,819.5017992292594,2163.484749965245,0.011381969433739715
AK,2025-04-25,1597.6416990276734,4217.774085433058,0.022189468042051023,1597.6416990276734,4217.774085433058,0.022189468042051023
AK,2025-05-02,10187.001113006549,26893.68293833729,0.1414861265695354,10187.001113006549,26893.68293833729,0.1414861265695354
AK,2025-05-09,10187.001113006549,26893.68293833729,0.1414861265695354,10187.001113006549,26893.68293833729,0.1414861265695354
AK,2025-05-16,11052.104599440501,29177.556142522924,0.15350145277000696,11052.104599440501,29177.556142522924,0.15350145277000696
AK,2025-05-23,11052.104599440501,29177.556142522924,0.15350145277000696,11052.104599440501,29177.556142522924,0.15350145277000696
AK,2025-05-30,11052.104599440501,29177.556142522924,0.15350145277000696,11052.104599440501,29177.556142522924,0.15350145277000696
AK,2025-06-06,11052.104599440501,29177.556142522924,0.15350145277000696,11052.104599440501,29177.556142522924,0.15350145277000696
AK,2025-06-13,11030.252618575389,29119.866913039026,0.1531979530357693,11052.104599440501,29177.556142522924,0.15350145277000696
AK,2025-06-20,11030.252618575389,29119.866913039026,0.1531979530357693,11052.104599440501,29177.556142522924,0.15350145277000696
AK,2025-06-27,10021.46864939208,26456.67723439509,0.13918706457489,11052.104599440501,29177.556142522924,0.15350145277000696
AK,2025-07-04,10021.46864939208,26456.67723439509,0.13918706457489,11052.104599440501,29177.556142522924,0.15350145277000696
AK,2025-07-11,10021.46864939208,26456.67723439509,0.13918706457489,11052.104599440501,29177.556142522924,0.15350145277000696
AK,2025-07-18,10021.46864939208,26456.67723439509,0.13918706457489,11052.104599440501,29177.556142522924,0.15350145277000696
AK,2025-07-25,10021.46864939208,26456.67723439509,0.13918706457489,11052.104599440501,29177.556142522924,0.15350145277000696
AK,2025-08-01,10021.46864939208,26456.67723439509,0.13918706457489,11052.104599440501,29177.556142522924,0.15350145277000696
AK,2025-08-08,10021.46864939208,26456.67723439509,0.13918706457489,11052.104599440501,29177.556142522924,0.15350145277000696
AK,2025-08-15,10021.46864939208,26456.67723439509,0.13918706457489,11052.104599440501,29177.556142522924,0.15350145277000696
AK,2025-08-22,10021.46864939208,26456.67723439509,0.13918706457489,11052.104599440501,29177.556142522924,0.15350145277000696
AK,2025-08-29,10021.46864939208,26456.67723439509,0.13918706457489,11052.104599440501,29177.556142522924,0.15350145277000696
AK,2025-09-05,10021.46864939208,26456.67723439509,0.13918706457489,11052.104599440501,29177.556142522924,0.15350145277000696
AK,2025-09-12,10021.46864939208,26456.67723439509,0.13918706457489,11052.104599440501,29177.556142522924,0.15350145277000696
AK,2025-09-19,10081.464067161674,26615.06513730682,0.14002033426613436,11112.100017210096,29335.944045434655,0.15433472246125135
AK,2025-09-26,10081.464067161674,26615.06513730682,0.14002033426613436,11112.100017210096,29335.944045434655,0.15433472246125135
AK,2025-10-03,2128193.5908289547,5618431.079788441,29.558244317068816,2129224.226779003,5621151.958696568,29.572558705263933
AK,2025-10-10,2128670.6894195303,5619690.62006756,29.564870686382367,2129701.325369579,5622411.498975689,29.579185074577484
AK,2025-10-17,2128670.6894195303,5619690.62006756,29.564870686382367,2129701.325369579,5622411.498975689,29.579185074577484
AK,2025-10-24,2128670.6894195303,5619690.62006756,29.564870686382367,2129701.325369579,5622411.498975689,29.579185074577484
AK,2025-10-31,2128670.6894195303,5619690.62006756,29.564870686382367,2129701.325369579,5622411.498975689,29.579185074577484
AK,2025-11-07,2128670.6894195303,5619690.62006756,29.564870686382367,2129701.325369579,5622411.498975689,29.579185074577484
AK,2025-11-14,2128670.6894195303,5619690.62006756,29.564870686382367,2129701.325369579,5622411.498975689,29.579185074577484
AK,2025-11-21,2128670.6894195303,5619690.62006756,29.564870686382367,2129701.325369579,5622411.498975689,29.579185074577484
AK,2025-11-28,2128670.6894195303,5619690.62006756,29.564870686382367,2129701.325369579,5622411.498975689,29.579185074577484
AK,2025-12-05,2128670.6894195303,5619690.62006756,29.564870686382367,2129701.325369579,5622411.498975689,29.579185074577484
AK,2025-12-12,2128670.6894195303,5619690.62006756,29.564870686382367,2129701.325369579,5622411.498975689,29.579185074577484
AK,2025-12-19,2128670.6894195303,5619690.62006756,29.564870686382367,2129701.325369579,5622411.498975689,29.579185074577484
AK,2025-12-26,2128670.6894195303,5619690.62006756,29.564870686382367,2129701.325369579,5622411.498975689,29.579185074577484
AK,2026-01-02,2128670.6894195303,5619690.62006756,29.564870686382367,2129701.325369579,5622411.498975689,29.579185074577484
AK,2026-01-09,2128670.6894195303,5619690.62006756,29.564870686382367,2129701.325369579,5622411.498975689,29.579185074577484
AK,2026-01-16,2128670.6894195303,5619690.62006756,29.564870686382367,2129701.325369579,5622411.498975689,29.579185074577484
AK,2026-01-23,2128670.6894195303,5619690.62006756,29.564870686382367,2129701.325369579,5622411.498975689,29.579185074577484
AK,2026-01-30,2128670.6894195303,5619690.62006756,29.564870686382367,2129701.325369579,5622411.498975689,29.579185074577484
AK,2026-02-06,2128670.6894195303,5619690.62006756,29.564870686382367,2129701.325369579,5622411.498975689,29.579185074577484
AK,2026-02-13,2128670.6894195303,5619690.62006756,29.564870686382367,2129701.325369579,5622411.498975689,29.579185074577484
AK,2026-02-20,2128670.6894195303,5619690.62006756,29.564870686382367,2129701.325369579,5622411.498975689,29.579185074577484
AK,2026-02-27,2128670.6894195303,5619690.62006756,29.564870686382367,2129701.325369579,5622411.498975689,29.579185074577484
AK,2026-03-06,2128670.6894195303,5619690.62006756,29.564870686382367,2129701.325369579,5622411.498975689,29.579185074577484
AK,2026-03-13,2128670.6894195303,5619690.62006756,29.564870686382367,2129701.325369579,5622411.498975689,29.579185074577484
AK,2026-03-20,2128670.6894195303,5619690.62006756,29.564870686382367,2129701.325369579,5622411.498975689,29.579185074577484
AK,2026-03-27,2128670.6894195303,5619690.62006756,29.564870686382367,2129701.325369579,5622411.498975689,29.579185074577484
AK,2026-04-03,2128670.6894195303,5619690.62006756,29.564870686382367,2129701.325369579,5622411.498975689,29.579185074577484
AK,2026-04-10,2128670.6894195303,5619690.62006756,29.564870686382367,2129701.325369579,5622411.498975689,29.579185074577484
AK,2026-04-17,2128670.6894195303,5619690.62006756,29.564870686382367,2129701.325369579,5622411.498975689,29.579185074577484
AK,2026-04-24,2128670.6894195303,5619690.62006756,29.564870686382367,2129701.325369579,5622411.498975689,29.579185074577484
AK,2026-05-01,2128670.6894195303,5619690.62006756,29.564870686382367,2129701.325369579,5622411.498975689,29.579185074577484
AK,2026-05-08,2128670.6894195303,5619690.62006756,29.564870686382367,2129701.325369579,5622411.498975689,29.579185074577484
AK,2026-05-15,2128670.6894195303,5619690.62006756,29.564870686382367,2129701.325369579,5622411.498975689,29.579185074577484
AK,2026-05-22,2128670.6894195303,5619690.62006756,29.564870686382367,2129701.325369579,5622411.498975689,29.579185074577484
AK,2026-05-29,2128670.6894195303,5619690.62006756,29.564870686382367,2129701.325369579,5622411.498975689,29.579185074577484
AK,2026-06-05,2128670.6894195303,5619690.62006756,29.564870686382367,2129701.325369579,5622411.498975689,29.579185074577484
AK,2026-06-12,2128670.6894195303,5619690.62006756,29.564870686382367,2129701.325369579,5622411.498975689,29.579185074577484
AK,2026-06-19,2128670.6894195303,5619690.62006756,29.564870686382367,2129701.325369579,5622411.498975689,29.579185074577484
AK,2026-06-26,2128670.6894195303,5619690.62006756,29.564870686382367,2129701.325369579,5622411.498975689,29.579185074577484
AK,2026-07-03,2128670.6894195303,5619690.62006756,29.564870686382367,2129701.325369579,5622411.498975689,29.579185074577484
AK,2026-07-10,2128670.6894195303,5619690.62006756,29.564870686382367,2129701.325369579,5622411.498975689,29.579185074577484
AK,2026-07-17,2128670.6894195303,5619690.62006756,29.564870686382367,2129701.325369579,5622411.498975689,29.579185074577484
AL,2025-02-28,0,0,0,0,0,0
AL,2025-03-07,0,0,0,0,0,0
AL,2025-03-14,0,0,0,0,0,0
AL,2025-03-21,0,0,0,0,0,0
AL,2025-03-28,0,0,0,0,0,0
AL,2025-04-04,0,0,0,0,0,0
AL,2025-04-11,0,0,0,0,0,0
AL,2025-04-18,2519075.1654846286,6650358.436879422,34.987155076175405,2519075.1654846286,6650358.436879422,34.987155076175405
AL,2025-04-25,3131493.8129403037,8267143.666162402,43.49296962417089,3131493.8129403037,8267143.666162402,43.49296962417089
AL,2025-05-02,4397815.334678868,11610232.483552212,61.08076853720651,4397815.334678868,11610232.483552212,61.08076853720651
AL,2025-05-09,5216830.241198886,13772431.83676506,72.45597557220675,5216830.241198886,13772431.83676506,72.45597557220675
AL,2025-05-16,5384760.529410465,14215767.79764363,74.78834068625648,5384760.529410465,14215767.79764363,74.78834068625648
AL,2025-05-23,5384760.529410465,14215767.79764363,74.78834068625648,5384760.529410465,14215767.79764363,74.78834068625648
AL,2025-05-30,5384760.529410465,14215767.79764363,74.78834068625648,5384760.529410465,14215767.79764363,74.78834068625648
AL,2025-06-06,5384760.529410465,14215767.79764363,74.78834068625648,5384760.529410465,14215767.79764363,74.78834068625648
AL,2025-06-13,5384760.529410465,14215767.79764363,74.78834068625648,5384760.529410465,14215767.79764363,74.78834068625648
AL,2025-06-20,5388352.192183788,14225249.7873652,74.8382248914415,5388352.192183788,14225249.7873652,74.8382248914415
AL,2025-06-27,5218644.638162488,13777221.844748968,72.48117553003455,5388352.192183788,14225249.7873652,74.8382248914415
AL,2025-07-04,5218644.638162488,13777221.844748968,72.48117553003455,5388352.192183788,14225249.7873652,74.8382248914415
AL,2025-07-11,5218644.638162488,13777221.844748968,72.48117553003455,5388352.192183788,14225249.7873652,74.8382248914415
AL,2025-07-18,5218644.638162488,13777221.844748968,72.48117553003455,5388352.192183788,14225249.7873652,74.8382248914415
AL,2025-07-25,5218644.638162488,13777221.844748968,72.48117553003455,5388352.192183788,14225249.7873652,74.8382248914415
AL,2025-08-01,5218644.638162488,13777221.844748968,72.48117553003455,5388352.192183788,14225249.7873652,74.8382248914415
AL,2025-08-08,5218644.638162488,13777221.844748968,72.48117553003455,5388352.192183788,14225249.7873652,74.8382248914415
AL,2025-08-15,5218644.638162488,13777221.844748968,72.48117553003455,5388352.192183788,14225249.7873652,74.8382248914415
AL,2025-08-22,5218644.638162488,13777221.844748968,72.48117553003455,5388352.192183788,14225249.7873652,74.8382248914415
AL,2025-08-29,5218644.638162488,13777221.844748968,72.48117553003455,5388352.192183788,14225249.7873652,74.8382248914415
AL,2025-09-05,5218644.638162488,13777221.844748968,72.48117553003455,5388352.192183788,14225249.7873652,74.8382248914415
AL,2025-09-12,5218644.638162488,13777221.844748968,72.48117553003455,5388352.192183788,14225249.7873652,74.8382248914415
AL,2025-09-19,5219024.444139589,13778224.532528514,72.48645061304984,5388731.9981608875,14226252.475144744,74.84349997445678
AL,2025-09-26,5219024.444139589,13778224.532528514,72.48645061304984,5388731.9981608875,14226252.475144744,74.84349997445678
AL,2025-10-03,17475085.05340466,46134224.54098831,242.70951463062028,17644792.607425958,46582252.48360453,245.06656399202717
AL,2025-10-10,17758386.519714136,46882140.412045315,246.6442572182519,17928094.073735435,47330168.35466155,249.00130657965883
AL,2025-10-17,17758386.519714136,46882140.412045315,246.6442572182519,17928094.073735435,47330168.35466155,249.00130657965883
AL,2025-10-24,17758386.519714136,46882140.412045315,246.6442572182519,17928094.073735435,47330168.35466155,249.00130657965883
AL,2025-10-31,17758386.519714136,46882140.412045315,246.6442572182519,17928094.073735435,47330168.35466155,249.00130657965883
AL,2025-11-07,17758386.519714136,46882140.412045315,246.6442572182519,17928094.073735435,47330168.35466155,249.00130657965883
AL,2025-11-14,17758386.519714136,46882140.412045315,246.6442572182519,17928094.073735435,47330168.35466155,249.00130657965883
AL,2025-11-21,17758386.519714136,46882140.412045315,246.6442572182519,17928094.073735435,47330168.35466155,249.00130657965883
AL,2025-11-28,17758386.519714136,46882140.412045315,246.6442572182519,17928094.073735435,47330168.35466155,249.00130657965883
AL,2025-12-05,17758386.519714136,46882140.412045315,246.6442572182519,17928094.073735435,47330168.35466155,249.00130657965883
AL,2025-12-12,17758386.519714136,46882140.412045315,246.6442572182519,17928094.073735435,47330168.35466155,249.00130657965883
AL,2025-12-19,17758386.519714136,46882140.412045315,246.6442572182519,17928094.073735435,47330168.35466155,249.00130657965883
AL,2025-12-26,17758386.519714136,46882140.412045315,246.6442572182519,17928094.073735435,47330168.35466155,249.00130657965883
AL,2026-01-02,17758386.519714136,46882140.412045315,246.6442572182519,17928094.073735435,47330168.35466155,249.00130657965883
AL,2026-01-09,17758386.519714136,46882140.412045315,246.6442572182519,17928094.073735435,47330168.35466155,249.00130657965883
AL,2026-01-16,17758386.519714136,46882140.412045315,246.6442572182519,17928094.073735435,47330168.35466155,249.00130657965883
AL,2026-01-23,17758386.519714136,46882140.412045315,246.6442572182519,17928094.073735435,47330168.35466155,249.00130657965883
AL,2026-01-30,17758386.519714136,46882140.412045315,246.6442572182519,17928094.073735435,47330168.35466155,249.00130657965883
AL,2026-02-06,17758386.519714136,46882140.412045315,246.6442572182519,17928094.073735435,47330168.35466155,249.00130657965883
AL,2026-02-13,17758386.519714136,46882140.412045315,246.6442572182519,17928094.073735435,47330168.35466155,249.00130657965883
AL,2026-02-20,17758386.519714136,46882140.412045315,246.6442572182519,17928094.073735435,47330168.35466155,249.00130657965883
AL,2026-02-27,17758386.519714136,46882140.412045315,246.6442572182519,17928094.073735435,47330168.35466155,249.00130657965883
AL,2026-03-06,17758386.519714136,46882140.412045315,246.6442572182519,17928094.073735435,47330168.35466155,249.00130657965883
AL,2026-03-13,17758386.519714136,46882140.412045315,246.6442572182519,17928094.073735435,47330168.35466155,249.00130657965883
AL,2026-03-20,17758386.519714136,46882140.412045315,246.6442572182519,17928094.073735435,47330168.35466155,249.00130657965883
AL,2026-03-27,17758386.519714136,46882140.412045315,246.6442572182519,17928094.073735435,47330168.35466155,249.00130657965883
AL,2026-04-03,17758386.519714136,46882140.412045315,246.6442572182519,17928094.073735435,47330168.35466155,249.00130657965883
AL,2026-04-10,17758386.519714136,46882140.412045315,246.6442572182519,17928094.073735435,47330168.35466155,249.00130657965883
AL,2026-04-17,17758386.519714136,46882140.412045315,246.6442572182519,17928094.073735435,47330168.35466155,249.00130657965883
AL,2026-04-24,17758386.519714136,46882140.412045315,246.6442572182519,17928094.073735435,47330168.35466155,249.00130657965883
AL,2026-05-01,17758386.519714136,46882140.412045315,246.6442572182519,17928094.073735435,47330168.35466155,249.00130657965883
AL,2026-05-08,17758386.519714136,46882140.412045315,246.6442572182519,17928094.073735435,47330168.35466155,249.00130657965883
AL,2026-05-15,17758386.519714136,46882140.412045315,246.6442572182519,17928094.073735435,47330168.35466155,249.00130657965883
AL,2026-05-22,17758386.519714136,46882140.412045315,246.6442572182519,17928094.073735435,47330168.35466155,249.00130657965883
AL,2026-05-29,17758386.519714136,46882140.412045315,246.6442572182519,17928094.073735435,47330168.35466155,249.00130657965883
AL,2026-06-05,17758386.519714136,46882140.412045315,246.6442572182519,17928094.073735435,47330168.35466155,249.00130657965883
AL,2026-06-12,17758386.519714136,46882140.412045315,246.6442572182519,17928094.073735435,47330168.35466155,249.00130657965883
AL,2026-06-19,17758386.519714136,46882140.412045315,246.6442572182519,17928094.073735435,47330168.35466155,249.00130657965883
AL,2026-06-26,17758386.519714136,46882140.412045315,246.6442572182519,17928094.073735435,47330168.35466155,249.00130657965883
AL,2026-07-03,17758386.519714136,46882140.412045315,246.6442572182519,17928094.073735435,47330168.35466155,249.00130657965883
AL,2026-07-10,17758386.519714136,46882140.412045315,246.6442572182519,17928094.073735435,47330168.35466155,249.00130657965883
AL,2026-07-17,17758386.519714136,46882140.412045315,246.6442572182519,17928094.073735435,47330168.35466155,249.00130657965883
AR,2025-02-28,0,0,0,0,0,0
AR,2025-03-07,0,0,0,0,0,0
AR,2025-03-14,0,0,0,0,0,0
AR,2025-03-21,0,0,0,0,0,0
AR,2025-03-28,0,0,0,0,0,0
AR,2025-04-04,0,0,0,0,0,0
AR,2025-04-11,0,0,0,0,0,0
AR,2025-04-18,3957.1245127881202,10446.808713760638,0.05496006267761279,3957.1245127881202,10446.808713760638,0.05496006267761279
AR,2025-04-25,9369.165234162514,24734.596218189035,0.1301272949189238,9369.165234162514,24734.596218189035,0.1301272949189238
AR,2025-05-02,10839.648985248345,28616.673321055634,0.15055068035067146,10839.648985248345,28616.673321055634,0.15055068035067146
AR,2025-05-09,10839.648985248345,28616.673321055634,0.15055068035067146,10839.648985248345,28616.673321055634,0.15055068035067146
AR,2025-05-16,11314.162739538016,29869.389632380364,0.15714114916025024,11314.162739538016,29869.389632380364,0.15714114916025024
AR,2025-05-23,11314.162739538016,29869.389632380364,0.15714114916025024,11314.162739538016,29869.389632380364,0.15714114916025024
AR,2025-05-30,11314.162739538016,29869.389632380364,0.15714114916025024,11314.162739538016,29869.389632380364,0.15714114916025024
AR,2025-06-06,11314.162739538016,29869.389632380364,0.15714114916025024,11314.162739538016,29869.389632380364,0.15714114916025024
AR,2025-06-13,11314.162739538016,29869.389632380364,0.15714114916025024,11314.162739538016,29869.389632380364,0.15714114916025024
AR,2025-06-20,77621.78317009943,204921.5075690625,1.0780803218069364,77621.78317009943,204921.5075690625,1.0780803218069364
AR,2025-06-27,77155.00816343608,203689.22155147124,1.0715973356032789,77621.78317009943,204921.5075690625,1.0780803218069364
AR,2025-07-04,77155.00816343608,203689.22155147124,1.0715973356032789,77621.78317009943,204921.5075690625,1.0780803218069364
AR,2025-07-11,77155.00816343608,203689.22155147124,1.0715973356032789,77621.78317009943,204921.5075690625,1.0780803218069364
AR,2025-07-18,77155.00816343608,203689.22155147124,1.0715973356032789,77621.78317009943,204921.5075690625,1.0780803218069364
AR,2025-07-25,77155.00816343608,203689.22155147124,1.0715973356032789,77621.78317009943,204921.5075690625,1.0780803218069364
AR,2025-08-01,77155.00816343608,203689.22155147124,1.0715973356032789,77621.78317009943,204921.5075690625,1.0780803218069364
AR,2025-08-08,77155.00816343608,203689.22155147124,1.0715973356032789,77621.78317009943,204921.5075690625,1.0780803218069364
AR,2025-08-15,77155.00816343608,203689.22155147124,1.0715973356032789,77621.78317009943,204921.5075690625,1.0780803218069364
AR,2025-08-22,77155.00816343608,203689.22155147124,1.0715973356032789,77621.78317009943,204921.5075690625,1.0780803218069364
AR,2025-08-29,77155.00816343608,203689.22155147124,1.0715973356032789,77621.78317009943,204921.5075690625,1.0780803218069364
AR,2025-09-05,77155.00816343608,203689.22155147124,1.0715973356032789,77621.78317009943,204921.5075690625,1.0780803218069364
AR,2025-09-12,77155.00816343608,203689.22155147124,1.0715973356032789,77621.78317009943,204921.5075690625,1.0780803218069364
AR,2025-09-19,77318.08892894184,204119.75477240648,1.0738623462353034,77784.86393560519,205352.04078999773,1.080345332438961
AR,2025-09-26,77318.08892894184,204119.75477240648,1.0738623462353034,77784.86393560519,205352.04078999773,1.080345332438961
AR,2025-10-03,3841363.695515918,10141200.156162025,53.3522735488322,3841830.470522582,10142432.442179617,53.35875653503585
AR,2025-10-10,3844670.5708333645,10149930.307000082,53.39820237268562,3845137.3458400276,10151162.593017673,53.404685358889274
AR,2025-10-17,3844670.5708333645,10149930.307000082,53.39820237268562,3845137.3458400276,10151162.593017673,53.404685358889274
AR,2025-10-24,3844670.5708333645,10149930.307000082,53.39820237268562,3845137.3458400276,10151162.593017673,53.404685358889274
AR,2025-10-31,3844670.5708333645,10149930.307000082,53.39820237268562,3845137.3458400276,10151162.593017673,53.404685358889274
AR,2025-11-07,3844670.5708333645,10149930.307000082,53.39820237268562,3845137.3458400276,10151162.593017673,53.404685358889274
AR,2025-11-14,3844670.5708333645,10149930.307000082,53.39820237268562,3845137.3458400276,10151162.593017673,53.404685358889274
AR,2025-11-21,3844670.5708333645,10149930.307000082,53.39820237268562,3845137.3458400276,10151162.593017673,53.404685358889274
AR,2025-11-28,3844670.5708333645,10149930.307000082,53.39820237268562,3845137.3458400276,10151162.593017673,53.404685358889274
AR,2025-12-05,3844670.5708333645,10149930.307000082,53.39820237268562,3845137.3458400276,10151162.593017673,53.404685358889274
AR,2025-12-12,3844670.5708333645,10149930.307000082,53.39820237268562,3845137.3458400276,10151162.593017673,53.404685358889274
AR,2025-12-19,3844670.5708333645,10149930.307000082,53.39820237268562,3845137.3458400276,10151162.593017673,53.404685358889274
AR,2025-12-26,3844670.5708333645,10149930.307000082,53.39820237268562,3845137.3458400276,10151162.593017673,53.404685358889274
AR,2026-01-02,3844670.5708333645,10149930.307000082,53.39820237268562,3845137.3458400276,10151162.593017673,53.404685358889274
AR,2026-01-09,3844670.5708333645,10149930.307000082,53.39820237268562,3845137.3458400276,10151162.593017673,53.404685358889274
AR,2026-01-16,3844670.5708333645,10149930.307000082,53.39820237268562,3845137.3458400276,10151162.593017673,53.404685358889274
AR,2026-01-23,3844670.5708333645,10149930.307000082,53.39820237268562,3845137.3458400276,10151162.593017673,53.404685358889274
AR,2026-01-30,3844670.5708333645,10149930.307000082,53.39820237268562,3845137.3458400276,10151162.593017673,53.404685358889274
AR,2026-02-06,3844670.5708333645,10149930.307000082,53.39820237268562,3845137.3458400276,10151162.593017673,53.404685358889274
AR,2026-02-13,3844670.5708333645,10149930.307000082,53.39820237268562,3845137.3458400276,10151162.593017673,53.404685358889274
AR,2026-02-20,3844670.5708333645,10149930.307000082,53.39820237268562,3845137.3458400276,10151162.593017673,53.404685358889274
AR,2026-02-27,3844670.5708333645,10149930.307000082,53.39820237268562,3845137.3458400276,10151162.593017673,53.404685358889274
AR,2026-03-06,3844670.5708333645,10149930.307000082,53.39820237268562,3845137.3458400276,10151162.593017673,53.404685358889274
AR,2026-03-13,3844670.5708333645,10149930.307000082,53.39820237268562,3845137.3458400276,10151162.593017673,53.404685358889274
AR,2026-03-20,3844670.5708333645,10149930.307000082,53.39820237268562,3845137.3458400276,10151162.593017673,53.404685358889274
AR,2026-03-27,3844670.5708333645,10149930.307000082,53.39820237268562,3845137.3458400276,10151162.593017673,53.404685358889274
AR,2026-04-03,3844670.5708333645,10149930.307000082,53.39820237268562,3845137.3458400276,10151162.593017673,53.404685358889274
AR,2026-04-10,3844670.5708333645,10149930.307000082,53.39820237268562,3845137.3458400276,10151162.593017673,53.404685358889274
AR,2026-04-17,3844670.5708333645,10149930.307000082,53.39820237268562,3845137.3458400276,10151162.593017673,53.404685358889274
AR,2026-04-24,3844670.5708333645,10149930.307000082,53.39820237268562,3845137.3458400276,10151162.593017673,53.404685358889274
AR,2026-05-01,3844670.5708333645,10149930.307000082,53.39820237268562,3845137.3458400276,10151162.593017673,53.404685358889274
AR,2026-05-08,3844670.5708333645,10149930.307000082,53.39820237268562,3845137.3458400276,10151162.593017673,53.404685358889274
AR,2026-05-15,3844670.5708333645,10149930.307000082,53.39820237268562,3845137.3458400276,10151162.593017673,53.404685358889274
AR,2026-05-22,3844670.5708333645,10149930.307000082,53.39820237268562,3845137.3458400276,10151162.593017673,53.404685358889274
AR,2026-05-29,3844670.5708333645,10149930.307000082,53.39820237268562,3845137.3458400276,10151162.593017673,53.404685358889274
AR,2026-06-05,3844670.5708333645,10149930.307000082,53.39820237268562,3845137.3458400276,10151162.593017673,53.404685358889274
AR,2026-06-12,3844670.5708333645,10149930.307000082,53.39820237268562,3845137.3458400276,10151162.593017673,53.404685358889274
AR,2026-06-19,3844670.5708333645,10149930.307000082,53.39820237268562,3845137.3458400276,10151162.593017673,53.404685358889274
AR,2026-06-26,3844670.5708333645,10149930.307000082,53.39820237268562,3845137.3458400276,10151162.593017673,53.404685358889274
AR,2026-07-03,3844670.5708333645,10149930.307000082,53.39820237268562,3845137.3458400276,10151162.593017673,53.404685358889274
AR,2026-07-10,3844670.5708333645,10149930.307000082,53.39820237268562,3845137.3458400276,10151162.593017673,53.404685358889274
AR,2026-07-17,3844670.5708333645,10149930.307000082,53.39820237268562,3845137.3458400276,10151162.593017673,53.404685358889274
AZ,2025-02-28,0,0,0,0,0,0
AZ,2025-03-07,0,0,0,0,0,0
AZ,2025-03-14,0,0,0,0,0,0
AZ,2025-03-21,0,0,0,0,0,0
AZ,2025-03-28,0,0,0,0,0,0
AZ,2025-04-04,0,0,0,0,0,0
AZ,2025-04-11,0,0,0,0,0,0
AZ,2025-04-18,942532.8661070857,2488286.766522706,13.090734251487302,942532.8661070857,2488286.766522706,13.090734251487302
AZ,2025-04-25,4776224.629086114,12609233.020787342,66.33645318175158,4776224.629086114,12609233.020787342,66.33645318175158
AZ,2025-05-02,5131229.834158158,13546446.76217754,71.26708102997442,5131229.834158158,13546446.76217754,71.26708102997442
AZ,2025-05-09,5131229.834158158,13546446.76217754,71.26708102997442,5131229.834158158,13546446.76217754,71.26708102997442
AZ,2025-05-16,11181426.17815943,29518965.110340897,155.29758580776988,11181426.17815943,29518965.110340897,155.29758580776988
AZ,2025-05-23,11181426.17815943,29518965.110340897,155.29758580776988,11181426.17815943,29518965.110340897,155.29758580776988
AZ,2025-05-30,11181426.17815943,29518965.110340897,155.29758580776988,11181426.17815943,29518965.110340897,155.29758580776988
AZ,2025-06-06,11181426.17815943,29518965.110340897,155.29758580776988,11181426.17815943,29518965.110340897,155.29758580776988
AZ,2025-06-13,10902791.750265628,28783370.220701255,151.4276631981337,11181436.859854668,29518993.310016327,155.29773416464818
AZ,2025-06-20,10902791.750265628,28783370.220701255,151.4276631981337,11181436.859854668,29518993.310016327,155.29773416464818
AZ,2025-06-27,10091258.49912958,26640922.437702093,140.15636804346641,11181436.859854668,29518993.310016327,155.29773416464818
AZ,2025-07-04,10091258.49912958,26640922.437702093,140.15636804346641,11181436.859854668,29518993.310016327,155.29773416464818
AZ,2025-07-11,10091258.49912958,26640922.437702093,140.15636804346641,11181436.859854668,29518993.310016327,155.29773416464818
AZ,2025-07-18,10091258.49912958,26640922.437702093,140.15636804346641,11181436.859854668,29518993.310016327,155.29773416464818
AZ,2025-07-25,10302492.775793824,27198580.928095702,143.0901774415809,11392671.13651891,30076651.80040993,158.23154356276268
AZ,2025-08-01,10302492.775793824,27198580.928095702,143.0901774415809,11392671.13651891,30076651.80040993,158.23154356276268
AZ,2025-08-08,10091258.49912958,26640922.437702093,140.15636804346641,11392671.13651891,30076651.80040993,158.23154356276268
AZ,2025-08-15,10091258.49912958,26640922.437702093,140.15636804346641,11392671.13651891,30076651.80040993,158.23154356276268
AZ,2025-08-22,10091258.49912958,26640922.437702093,140.15636804346641,11392671.13651891,30076651.80040993,158.23154356276268
AZ,2025-08-29,10091258.49912958,26640922.437702093,140.15636804346641,11392671.13651891,30076651.80040993,158.23154356276268
AZ,2025-09-05,10091258.49912958,26640922.437702093,140.15636804346641,11392671.13651891,30076651.80040993,158.23154356276268
AZ,2025-09-12,10091258.49912958,26640922.437702093,140.15636804346641,11392671.13651891,30076651.80040993,158.23154356276268
AZ,2025-09-19,10091772.799763747,26642280.191376287,140.1635111078298,11393185.437153073,30078009.554084122,158.23868662712604
AZ,2025-09-26,10092423.198908541,26643997.24511855,140.17254442928527,11393835.836297873,30079726.607826382,158.24771994858156
AZ,2025-10-03,23682369.47264136,62521455.407773204,328.92179823113,24983782.110030696,65957184.770481035,346.9969737504264
AZ,2025-10-10,26616063.288708866,70266407.08219142,369.66754567651196,27917475.9260982,73702136.44489925,387.7427211958084
AZ,2025-10-17,26616063.288708866,70266407.08219142,369.66754567651196,27917475.9260982,73702136.44489925,387.7427211958084
AZ,2025-10-24,26616063.288708866,70266407.08219142,369.66754567651196,27917475.9260982,73702136.44489925,387.7427211958084
AZ,2025-10-31,26616063.288708866,70266407.08219142,369.66754567651196,27917475.9260982,73702136.44489925,387.7427211958084
AZ,2025-11-07,26616063.288708866,70266407.08219142,369.66754567651196,27917475.9260982,73702136.44489925,387.7427211958084
AZ,2025-11-14,26616929.099299498,70268692.82215069,369.6795708236041,27918341.736688834,73704422.18485852,387.7547463429005
AZ,2025-11-21,26616929.099299498,70268692.82215069,369.6795708236041,27918341.736688834,73704422.18485852,387.7547463429005
AZ,2025-11-28,26616929.099299498,70268692.82215069,369.6795708236041,27918341.736688834,73704422.18485852,387.7547463429005
AZ,2025-12-05,26616929.099299498,70268692.82215069,369.6795708236041,27918341.736688834,73704422.18485852,387.7547463429005
AZ,2025-12-12,26616929.099299498,70268692.82215069,369.6795708236041,27918341.736688834,73704422.18485852,387.7547463429005
AZ,2025-12-19,26616929.099299498,70268692.82215069,369.6795708236041,27918341.736688834,73704422.18485852,387.7547463429005
AZ,2025-12-26,26616929.099299498,70268692.82215069,369.6795708236041,27918341.736688834,73704422.18485852,387.7547463429005
AZ,2026-01-02,26616929.099299498,70268692.82215069,369.6795708236041,27918341.736688834,73704422.18485852,387.7547463429005
AZ,2026-01-09,26616929.099299498,70268692.82215069,369.6795708236041,27918341.736688834,73704422.18485852,387.7547463429005
AZ,2026-01-16,26616929.099299498,70268692.82215069,369.6795708236041,27918341.736688834,73704422.18485852,387.7547463429005
AZ,2026-01-23,26616929.099299498,70268692.82215069,369.6795708236041,27918341.736688834,73704422.18485852,387.7547463429005
AZ,2026-01-30,26616929.099299498,70268692.82215069,369.6795708236041,27918341.736688834,73704422.18485852,387.7547463429005
AZ,2026-02-06,26616929.099299498,70268692.82215069,369.6795708236041,27918341.736688834,73704422.18485852,387.7547463429005
AZ,2026-02-13,26616929.099299498,70268692.82215069,369.6795708236041,27918341.736688834,73704422.18485852,387.7547463429005
AZ,2026-02-20,26616929.099299498,70268692.82215069,369.6795708236041,27918341.736688834,73704422.18485852,387.7547463429005
AZ,2026-02-27,26616929.099299498,70268692.82215069,369.6795708236041,27918341.736688834,73704422.18485852,387.7547463429005
AZ,2026-03-06,26616929.099299498,70268692.82215069,369.6795708236041,27918341.736688834,73704422.18485852,387.7547463429005
AZ,2026-03-13,26616929.099299498,70268692.82215069,369.6795708236041,27918341.736688834,73704422.18485852,387.7547463429005
AZ,2026-03-20,26616929.099299498,70268692.82215069,369.6795708236041,27918341.736688834,73704422.18485852,387.7547463429005
AZ,2026-03-27,26616929.099299498,70268692.82215069,369.6795708236041,27918341.736688834,73704422.18485852,387.7547463429005
AZ,2026-04-03,26616929.099299498,70268692.82215069,369.6795708236041,27918341.736688834,73704422.18485852,387.7547463429005
AZ,2026-04-10,26620047.045407437,70276924.19987564,369.7228756306587,27921459.682796773,73712653.56258346,387.7980511499551
AZ,2026-04-17,26620047.045407437,70276924.19987564,369.7228756306587,27921459.682796773,73712653.56258346,387.7980511499551
AZ,2026-04-24,26620047.045407437,70276924.19987564,369.7228756306587,27921459.682796773,73712653.56258346,387.7980511499551
AZ,2026-05-01,26620047.045407437,70276924.19987564,369.7228756306587,27921459.682796773,73712653.56258346,387.7980511499551
AZ,2026-05-08,26620201.449176308,70277331.82582545,369.72502012744866,27921614.08656564,73713061.18853328,387.80019564674495
AZ,2026-05-15,26620201.449176308,70277331.82582545,369.72502012744866,27921614.08656564,73713061.18853328,387.80019564674495
AZ,2026-05-22,26620201.449176308,70277331.82582545,369.72502012744866,27921614.08656564,73713061.18853328,387.80019564674495
AZ,2026-05-29,26620201.449176308,70277331.82582545,369.72502012744866,27921614.08656564,73713061.18853328,387.80019564674495
AZ,2026-06-05,26620201.449176308,70277331.82582545,369.72502012744866,27921614.08656564,73713061.18853328,387.80019564674495
AZ,2026-06-12,26620201.449176308,70277331.82582545,369.72502012744866,27921614.08656564,73713061.18853328,387.80019564674495
AZ,2026-06-19,26620201.449176308,70277331.82582545,369.72502012744866,27921614.08656564,73713061.18853328,387.80019564674495
AZ,2026-06-26,26620201.449176308,70277331.82582545,369.72502012744866,27921614.08656564,73713061.18853328,387.80019564674495
AZ,2026-07-03,26620201.449176308,70277331.82582545,369.72502012744866,27921614.08656564,73713061.18853328,387.80019564674495
AZ,2026-07-10,26620201.449176308,70277331.82582545,369.72502012744866,27921614.08656564,73713061.18853328,387.80019564674495
AZ,2026-07-17,26620201.449176308,70277331.82582545,369.72502012744866,27921614.08656564,73713061.18853328,387.80019564674495
CA,2025-02-28,0,0,0,0,0,0
CA,2025-03-07,0,0,0,0,0,0
CA,2025-03-14,0,0,0,0,0,0
CA,2025-03-21,0,0,0,0,0,0
CA,2025-03-28,0,0,0,0,0,0
CA,2025-04-04,0,0,0,0,0,0
CA,2025-04-11,0,0,0,0,0,0
CA,2025-04-18,3901079.183089302,10298849.04335576,54.18165532068476,3901079.183089302,10298849.04335576,54.18165532068476
CA,2025-04-25,9920813.403645089,26190947.385623038,137.78907505062622,9920813.403645089,26190947.385623038,137.78907505062622
CA,2025-05-02,27500359.89580474,72600950.12492453,381.94944299728803,27500359.89580474,72600950.12492453,381.94944299728803
CA,2025-05-09,27501873.786574647,72604946.79655708,381.9704692579812,27501873.786574647,72604946.79655708,381.9704692579812
CA,2025-05-16,59529016.16211091,157156602.66797274,826.7918911404295,59529016.16211091,157156602.66797274,826.7918911404295
CA,2025-05-23,59529016.16211091,157156602.66797274,826.7918911404295,59529016.16211091,157156602.66797274,826.7918911404295
CA,2025-05-30,59529016.16211091,157156602.66797274,826.7918911404295,59529016.16211091,157156602.66797274,826.7918911404295
CA,2025-06-06,59529016.16211091,157156602.66797274,826.7918911404295,59529016.16211091,157156602.66797274,826.7918911404295
CA,2025-06-13,59544451.369300336,157197351.6149529,827.0062690180604,59545787.75884661,157200879.6833551,827.0248299839809
CA,2025-06-20,59544727.65105213,157198080.99877763,827.0101062646132,59546064.04059841,157201609.0671798,827.0286672305336
CA,2025-06-27,16847184.38266122,44476566.77022563,233.98867198140584,59546064.04059841,157201609.0671798,827.0286672305336
CA,2025-07-04,16847184.38266122,44476566.77022563,233.98867198140584,59546064.04059841,157201609.0671798,827.0286672305336
CA,2025-07-11,16847184.38266122,44476566.77022563,233.98867198140584,59546064.04059841,157201609.0671798,827.0286672305336
CA,2025-07-18,16847184.38266122,44476566.77022563,233.98867198140584,59546064.04059841,157201609.0671798,827.0286672305336
CA,2025-07-25,64807926.89927786,171092927.0140935,900.1100958233036,107506806.55721506,283817969.3110477,1493.1500910724312
CA,2025-08-01,64807926.89927786,171092927.0140935,900.1100958233036,107506806.55721506,283817969.3110477,1493.1500910724312
CA,2025-08-08,16847184.38266122,44476566.77022563,233.98867198140584,107506806.55721506,283817969.3110477,1493.1500910724312
CA,2025-08-15,16847184.38266122,44476566.77022563,233.98867198140584,107506806.55721506,283817969.3110477,1493.1500910724312
CA,2025-08-22,16847184.38266122,44476566.77022563,233.98867198140584,107506806.55721506,283817969.3110477,1493.1500910724312
CA,2025-08-29,16847184.38266122,44476566.77022563,233.98867198140584,107506806.55721506,283817969.3110477,1493.1500910724312
CA,2025-09-05,16847184.38266122,44476566.77022563,233.98867198140584,107506806.55721506,283817969.3110477,1493.1500910724312
CA,2025-09-12,16847184.38266122,44476566.77022563,233.98867198140584,107506806.55721506,283817969.3110477,1493.1500910724312
CA,2025-09-19,16856146.79907406,44500227.5495555,234.1131499871398,107515768.97362788,283841630.0903777,1493.2745690781653
CA,2025-09-26,17887879.578410637,47224002.0870041,248.44277192236999,108547501.75296447,286565404.62782615,1507.6041910133952
CA,2025-10-03,40807440.21294059,107731642.16216314,566.7700029575083,131467062.38749442,347073044.7029853,1825.9314220485337
CA,2025-10-10,43697334.84387701,115360963.9878353,606.907428387181,134356957.01843083,354702366.52865756,1866.0688474782066
CA,2025-10-17,43697334.84387701,115360963.9878353,606.907428387181,134356957.01843083,354702366.52865756,1866.0688474782066
CA,2025-10-24,43697334.84387701,115360963.9878353,606.907428387181,134356957.01843083,354702366.52865756,1866.0688474782066
CA,2025-10-31,43697334.84387701,115360963.9878353,606.907428387181,134356957.01843083,354702366.52865756,1866.0688474782066
CA,2025-11-07,43697334.84387701,115360963.9878353,606.907428387181,134356957.01843083,354702366.52865756,1866.0688474782066
CA,2025-11-14,43698313.558881685,115363547.79544763,606.9210216511347,134357935.7334355,354704950.33627,1866.08244074216
CA,2025-11-21,43698314.704697005,115363550.82040009,606.9210375652362,134357936.87925082,354704953.3612224,1866.0824566562617
CA,2025-11-28,43698314.704697005,115363550.82040009,606.9210375652362,134357936.87925082,354704953.3612224,1866.0824566562617
CA,2025-12-05,43698314.704697005,115363550.82040009,606.9210375652362,134357936.87925082,354704953.3612224,1866.0824566562617
CA,2025-12-12,43698314.704697005,115363550.82040009,606.9210375652362,134357936.87925082,354704953.3612224,1866.0824566562617
CA,2025-12-19,43698314.704697005,115363550.82040009,606.9210375652362,134357936.87925082,354704953.3612224,1866.0824566562617
CA,2025-12-26,43695248.89859932,115355457.09230222,606.8784569249909,134357936.87925082,354704953.3612224,1866.0824566562617
CA,2026-01-02,43695248.89859932,115355457.09230222,606.8784569249909,134357936.87925082,354704953.3612224,1866.0824566562617
CA,2026-01-09,43695248.89859932,115355457.09230222,606.8784569249909,134357936.87925082,354704953.3612224,1866.0824566562617
CA,2026-01-16,43695248.89859932,115355457.09230222,606.8784569249909,134357936.87925082,354704953.3612224,1866.0824566562617
CA,2026-01-23,43695248.89859932,115355457.09230222,606.8784569249909,134357936.87925082,354704953.3612224,1866.0824566562617
CA,2026-01-30,43695248.89859932,115355457.09230222,606.8784569249909,134357936.87925082,354704953.3612224,1866.0824566562617
CA,2026-02-06,43695248.89859932,115355457.09230222,606.8784569249909,134357936.87925082,354704953.3612224,1866.0824566562617
CA,2026-02-13,43695248.89859932,115355457.09230222,606.8784569249909,134357936.87925082,354704953.3612224,1866.0824566562617
CA,2026-02-20,43695248.89859932,115355457.09230222,606.8784569249909,134357936.87925082,354704953.3612224,1866.0824566562617
CA,2026-02-27,43695248.89859932,115355457.09230222,606.8784569249909,134357936.87925082,354704953.3612224,1866.0824566562617
CA,2026-03-06,43695248.89859932,115355457.09230222,606.8784569249909,134357936.87925082,354704953.3612224,1866.0824566562617
CA,2026-03-13,43695248.89859932,115355457.09230222,606.8784569249909,134357936.87925082,354704953.3612224,1866.0824566562617
CA,2026-03-20,43695248.89859932,115355457.09230222,606.8784569249909,134357936.87925082,354704953.3612224,1866.0824566562617
CA,2026-03-27,43695248.89859932,115355457.09230222,606.8784569249909,134357936.87925082,354704953.3612224,1866.0824566562617
CA,2026-04-03,43695248.89859932,115355457.09230222,606.8784569249909,134357936.87925082,354704953.3612224,1866.0824566562617
CA,2026-04-10,48590814.03132314,128279749.04269312,674.8724171017103,139253502.0119746,367629245.3116131,1934.076416832981
CA,2026-04-17,48590953.58911837,128280117.47527255,674.8743554044219,139253641.56976986,367629613.7441925,1934.0783551356926
CA,2026-04-24,48590953.58911837,128280117.47527255,674.8743554044219,139253641.56976986,367629613.7441925,1934.0783551356926
CA,2026-05-01,48590953.58911837,128280117.47527255,674.8743554044219,139253641.56976986,367629613.7441925,1934.0783551356926
CA,2026-05-08,48590953.58911837,128280117.47527255,674.8743554044219,139253641.56976986,367629613.7441925,1934.0783551356926
CA,2026-05-15,48590953.58911837,128280117.47527255,674.8743554044219,139253641.56976986,367629613.7441925,1934.0783551356926
CA,2026-05-22,48590953.58911837,128280117.47527255,674.8743554044219,139253641.56976986,367629613.7441925,1934.0783551356926
CA,2026-05-29,48590953.58911837,128280117.47527255,674.8743554044219,139253641.56976986,367629613.7441925,1934.0783551356926
CA,2026-06-05,48590953.58911837,128280117.47527255,674.8743554044219,139253641.56976986,367629613.7441925,1934.0783551356926
CA,2026-06-12,48590953.58911837,128280117.47527255,674.8743554044219,139253641.56976986,367629613.7441925,1934.0783551356926
CA,2026-06-19,48590953.58911837,128280117.47527255,674.8743554044219,139253641.56976986,367629613.7441925,1934.0783551356926
CA,2026-06-26,48590953.58911837,128280117.47527255,674.8743554044219,139253641.56976986,367629613.7441925,1934.0783551356926
CA,2026-07-03,48590953.58911837,128280117.47527255,674.8743554044219,139253641.56976986,367629613.7441925,1934.0783551356926
CA,2026-07-10,48590953.58911837,128280117.47527255,674.8743554044219,139253641.56976986,367629613.7441925,1934.0783551356926
CA,2026-07-17,48590953.58911837,128280117.47527255,674.8743554044219,139253641.56976986,367629613.7441925,1934.0783551356926
CO,2025-02-28,0,0,0,0,0,0
CO,2025-03-07,0,0,0,0,0,0
CO,2025-03-14,0,0,0,0,0,0
CO,2025-03-21,0,0,0,0,0,0
CO,2025-03-28,0,0,0,0,0,0
CO,2025-04-04,0,0,0,0,0,0
CO,2025-04-11,0,0,0,0,0,0
CO,2025-04-18,1548872.3977465357,4089023.1300508548,21.512116635368557,1548872.3977465357,4089023.1300508548,21.512116635368557
CO,2025-04-25,4370901.485099701,11539179.920663211,60.706965070829185,4370901.485099701,11539179.920663211,60.706965070829185
CO,2025-05-02,7735093.094787736,20420645.77023962,107.43184853871855,7735093.094787736,20420645.77023962,107.43184853871855
CO,2025-05-09,7736228.512865166,20423643.27396404,107.44761823423842,7736228.512865166,20423643.27396404,107.44761823423842
CO,2025-05-16,7746880.249637267,20451763.859042387,107.59555902273983,7746880.249637267,20451763.859042387,107.59555902273983
CO,2025-05-23,7746880.249637267,20451763.859042387,107.59555902273983,7746880.249637267,20451763.859042387,107.59555902273983
CO,2025-05-30,7746880.249637267,20451763.859042387,107.59555902273983,7746880.249637267,20451763.859042387,107.59555902273983
CO,2025-06-06,7746880.249637267,20451763.859042387,107.59555902273983,7746880.249637267,20451763.859042387,107.59555902273983
CO,2025-06-13,7746858.397656402,20451706.169812903,107.59525552300559,7746880.249637267,20451763.859042387,107.59555902273983
CO,2025-06-20,7746858.397656402,20451706.169812903,107.59525552300559,7746880.249637267,20451763.859042387,107.59555902273983
CO,2025-06-27,7734408.650534025,20418838.837409824,107.4223423685281,7746880.249637267,20451763.859042387,107.59555902273983
CO,2025-07-04,7734408.650534025,20418838.837409824,107.4223423685281,7746880.249637267,20451763.859042387,107.59555902273983
CO,2025-07-11,7734408.650534025,20418838.837409824,107.4223423685281,7746880.249637267,20451763.859042387,107.59555902273983
CO,2025-07-18,7734408.650534025,20418838.837409824,107.4223423685281,7746880.249637267,20451763.859042387,107.59555902273983
CO,2025-07-25,7734408.650534025,20418838.837409824,107.4223423685281,7746880.249637267,20451763.859042387,107.59555902273983
CO,2025-08-01,7734408.650534025,20418838.837409824,107.4223423685281,7746880.249637267,20451763.859042387,107.59555902273983
CO,2025-08-08,7734408.650534025,20418838.837409824,107.4223423685281,7746880.249637267,20451763.859042387,107.59555902273983
CO,2025-08-15,7734408.650534025,20418838.837409824,107.4223423685281,7746880.249637267,20451763.859042387,107.59555902273983
CO,2025-08-22,7734408.650534025,20418838.837409824,107.4223423685281,7746880.249637267,20451763.859042387,107.59555902273983
CO,2025-08-29,7734408.650534025,20418838.837409824,107.4223423685281,7746880.249637267,20451763.859042387,107.59555902273983
CO,2025-09-05,7734408.650534025,20418838.837409824,107.4223423685281,7746880.249637267,20451763.859042387,107.59555902273983
CO,2025-09-12,7734408.650534025,20418838.837409824,107.4223423685281,7746880.249637267,20451763.859042387,107.59555902273983
CO,2025-09-19,11335542.571527915,29925832.388833694,157.43809127122103,11348014.170631157,29958757.410466254,157.61130792543275
CO,2025-09-26,11336336.021804329,29927927.097563434,157.44911141394903,11348807.620907575,29960852.119195998,157.62232806816078
CO,2025-10-03,20607441.415714778,54403645.33748701,286.21446410714975,20619913.014818024,54436570.359119594,286.3876807613614
CO,2025-10-10,22052117.393034708,58217589.91761164,306.27940823659316,22064588.99213795,58250514.939244196,306.4526248908048
CO,2025-10-17,22052117.393034708,58217589.91761164,306.27940823659316,22064588.99213795,58250514.939244196,306.4526248908048
CO,2025-10-24,22052117.393034708,58217589.91761164,306.27940823659316,22064588.99213795,58250514.939244196,306.4526248908048
CO,2025-10-31,22052117.393034708,58217589.91761164,306.27940823659316,22064588.99213795,58250514.939244196,306.4526248908048
CO,2025-11-07,22052117.393034708,58217589.91761164,306.27940823659316,22064588.99213795,58250514.939244196,306.4526248908048
CO,2025-11-14,23024590.574224,60784919.11595137,319.7859801975556,23037062.173327245,60817844.137583934,319.9591968517673
CO,2025-11-21,23024591.72003931,60784922.14090379,319.7859961116572,23037063.31914256,60817847.16253637,319.95921276586887
CO,2025-11-28,23024591.72003931,60784922.14090379,319.7859961116572,23037063.31914256,60817847.16253637,319.95921276586887
CO,2025-12-05,23024591.72003931,60784922.14090379,319.7859961116572,23037063.31914256,60817847.16253637,319.95921276586887
CO,2025-12-12,23024591.72003931,60784922.14090379,319.7859961116572,23037063.31914256,60817847.16253637,319.95921276586887
CO,2025-12-19,23024591.72003931,60784922.14090379,319.7859961116572,23037063.31914256,60817847.16253637,319.95921276586887
CO,2025-12-26,23024313.01039407,60784186.347440355,319.7821251443621,23037063.31914256,60817847.16253637,319.95921276586887
CO,2026-01-02,23024313.01039407,60784186.347440355,319.7821251443621,23037063.31914256,60817847.16253637,319.95921276586887
CO,2026-01-09,23024313.01039407,60784186.347440355,319.7821251443621,23037063.31914256,60817847.16253637,319.95921276586887
CO,2026-01-16,23024313.01039407,60784186.347440355,319.7821251443621,23037063.31914256,60817847.16253637,319.95921276586887
CO,2026-01-23,23024313.01039407,60784186.347440355,319.7821251443621,23037063.31914256,60817847.16253637,319.95921276586887
CO,2026-01-30,23024313.01039407,60784186.347440355,319.7821251443621,23037063.31914256,60817847.16253637,319.95921276586887
CO,2026-02-06,23024313.01039407,60784186.347440355,319.7821251443621,23037063.31914256,60817847.16253637,319.95921276586887
CO,2026-02-13,23024313.01039407,60784186.347440355,319.7821251443621,23037063.31914256,60817847.16253637,319.95921276586887
CO,2026-02-20,23024313.01039407,60784186.347440355,319.7821251443621,23037063.31914256,60817847.16253637,319.95921276586887
CO,2026-02-27,23024313.01039407,60784186.347440355,319.7821251443621,23037063.31914256,60817847.16253637,319.95921276586887
CO,2026-03-06,23024313.01039407,60784186.347440355,319.7821251443621,23037063.31914256,60817847.16253637,319.95921276586887
CO,2026-03-13,23024313.01039407,60784186.347440355,319.7821251443621,23037063.31914256,60817847.16253637,319.95921276586887
CO,2026-03-20,23024313.01039407,60784186.347440355,319.7821251443621,23037063.31914256,60817847.16253637,319.95921276586887
CO,2026-03-27,23024313.01039407,60784186.347440355,319.7821251443621,23037063.31914256,60817847.16253637,319.95921276586887
CO,2026-04-03,23024313.01039407,60784186.347440355,319.7821251443621,23037063.31914256,60817847.16253637,319.95921276586887
CO,2026-04-10,23024313.01039407,60784186.347440355,319.7821251443621,23037063.31914256,60817847.16253637,319.95921276586887
CO,2026-04-17,23024313.01039407,60784186.347440355,319.7821251443621,23037063.31914256,60817847.16253637,319.95921276586887
CO,2026-04-24,23024313.01039407,60784186.347440355,319.7821251443621,23037063.31914256,60817847.16253637,319.95921276586887
CO,2026-05-01,23024313.01039407,60784186.347440355,319.7821251443621,23037063.31914256,60817847.16253637,319.95921276586887
CO,2026-05-08,23024313.01039407,60784186.347440355,319.7821251443621,23037063.31914256,60817847.16253637,319.95921276586887
CO,2026-05-15,23024313.01039407,60784186.347440355,319.7821251443621,23037063.31914256,60817847.16253637,319.95921276586887
CO,2026-05-22,23024313.01039407,60784186.347440355,319.7821251443621,23037063.31914256,60817847.16253637,319.95921276586887
CO,2026-05-29,23024313.01039407,60784186.347440355,319.7821251443621,23037063.31914256,60817847.16253637,319.95921276586887
CO,2026-06-05,23024313.01039407,60784186.347440355,319.7821251443621,23037063.31914256,60817847.16253637,319.95921276586887
CO,2026-06-12,23024313.01039407,60784186.347440355,319.7821251443621,23037063.31914256,60817847.16253637,319.95921276586887
CO,2026-06-19,23024313.01039407,60784186.347440355,319.7821251443621,23037063.31914256,60817847.16253637,319.95921276586887
CO,2026-06-26,23024313.01039407,60784186.347440355,319.7821251443621,23037063.31914256,60817847.16253637,319.95921276586887
CO,2026-07-03,23024313.01039407,60784186.347440355,319.7821251443621,23037063.31914256,60817847.16253637,319.95921276586887
CO,2026-07-10,23024313.01039407,60784186.347440355,319.7821251443621,23037063.31914256,60817847.16253637,319.95921276586887
CO,2026-07-17,23024313.01039407,60784186.347440355,319.7821251443621,23037063.31914256,60817847.16253637,319.95921276586887
CT,2025-02-28,0,0,0,0,0,0
CT,2025-03-07,0,0,0,0,0,0
CT,2025-03-14,0,0,0,0,0,0
CT,2025-03-21,0,0,0,0,0,0
CT,2025-03-28,0,0,0,0,0,0
CT,2025-04-04,0,0,0,0,0,0
CT,2025-04-11,0,0,0,0,0,0
CT,2025-04-18,57365.17978202175,151444.0746245374,0.7967386080836354,57365.17978202175,151444.0746245374,0.7967386080836354
CT,2025-04-25,130091.21383273248,343440.80451841373,1.806822414343507,130091.21383273248,343440.80451841373,1.806822414343507
CT,2025-05-02,168873.15991137768,445825.1421660371,2.34546055432469,168873.15991137768,445825.1421660371,2.34546055432469
CT,2025-05-09,168873.15991137768,445825.1421660371,2.34546055432469,168873.15991137768,445825.1421660371,2.34546055432469
CT,2025-05-16,580693.9686154164,1533032.0771446996,8.06519400854745,580693.9686154164,1533032.0771446996,8.06519400854745
CT,2025-05-23,580693.9686154164,1533032.0771446996,8.06519400854745,580693.9686154164,1533032.0771446996,8.06519400854745
CT,2025-05-30,580693.9686154164,1533032.0771446996,8.06519400854745,580693.9686154164,1533032.0771446996,8.06519400854745
CT,2025-06-06,580693.9686154164,1533032.0771446996,8.06519400854745,580693.9686154164,1533032.0771446996,8.06519400854745
CT,2025-06-13,557854.230474784,1472735.16845343,7.7479754232608915,580696.639039226,1533039.1270635566,8.065231097767029
CT,2025-06-20,557854.230474784,1472735.16845343,7.7479754232608915,580696.639039226,1533039.1270635566,8.065231097767029
CT,2025-06-27,545380.7487209978,1439805.176623434,7.574732621124969,580696.639039226,1533039.1270635566,8.065231097767029
CT,2025-07-04,545380.7487209978,1439805.176623434,7.574732621124969,580696.639039226,1533039.1270635566,8.065231097767029
CT,2025-07-11,545380.7487209978,1439805.176623434,7.574732621124969,580696.639039226,1533039.1270635566,8.065231097767029
CT,2025-07-18,545380.7487209978,1439805.176623434,7.574732621124969,580696.639039226,1533039.1270635566,8.065231097767029
CT,2025-07-25,545380.7487209978,1439805.176623434,7.574732621124969,580696.639039226,1533039.1270635566,8.065231097767029
CT,2025-08-01,545380.7487209978,1439805.176623434,7.574732621124969,580696.639039226,1533039.1270635566,8.065231097767029
CT,2025-08-08,545380.7487209978,1439805.176623434,7.574732621124969,580696.639039226,1533039.1270635566,8.065231097767029
CT,2025-08-15,544871.154880332,1438459.848884076,7.567654928893498,580696.639039226,1533039.1270635566,8.065231097767029
CT,2025-08-22,544871.154880332,1438459.848884076,7.567654928893498,580696.639039226,1533039.1270635566,8.065231097767029
CT,2025-08-29,544871.154880332,1438459.848884076,7.567654928893498,580696.639039226,1533039.1270635566,8.065231097767029
CT,2025-09-05,544871.154880332,1438459.848884076,7.567654928893498,580696.639039226,1533039.1270635566,8.065231097767029
CT,2025-09-12,544871.154880332,1438459.848884076,7.567654928893498,580696.639039226,1533039.1270635566,8.065231097767029
CT,2025-09-19,222271.35617917465,586796.380313021,3.0871021691552034,632821.94828049,1670649.9434604933,8.789193726117915
CT,2025-09-26,223676.37097941618,590505.6193856588,3.106616263603003,634226.9630807315,1674359.182533131,8.808707820565715
CT,2025-10-03,8199432.121411501,21646500.800526362,113.88100168627085,8609982.713512816,22730354.363673836,119.58309324323356
CT,2025-10-10,8232916.379677816,21734899.24234943,114.34606082885855,8643466.971779132,22818752.80549691,120.04815238582128
CT,2025-10-17,8232916.379677816,21734899.24234943,114.34606082885855,8643466.971779132,22818752.80549691,120.04815238582128
CT,2025-10-24,8232916.379677816,21734899.24234943,114.34606082885855,8643466.971779132,22818752.80549691,120.04815238582128
CT,2025-10-31,8232916.379677816,21734899.24234943,114.34606082885855,8643466.971779132,22818752.80549691,120.04815238582128
CT,2025-11-07,8232916.379677816,21734899.24234943,114.34606082885855,8643466.971779132,22818752.80549691,120.04815238582128
CT,2025-11-14,8233180.510945848,21735596.54889704,114.34972931869233,8643731.103047164,22819450.112044513,120.05182087565507
CT,2025-11-21,8233180.510945848,21735596.54889704,114.34972931869233,8643731.103047164,22819450.112044513,120.05182087565507
CT,2025-11-28,8233180.510945848,21735596.54889704,114.34972931869233,8643731.103047164,22819450.112044513,120.05182087565507
CT,2025-12-05,8233180.510945848,21735596.54889704,114.34972931869233,8643731.103047164,22819450.112044513,120.05182087565507
CT,2025-12-12,8233180.510945848,21735596.54889704,114.34972931869233,8643731.103047164,22819450.112044513,120.05182087565507
CT,2025-12-19,8233180.510945848,21735596.54889704,114.34972931869233,8643731.103047164,22819450.112044513,120.05182087565507
CT,2025-12-26,8232065.672364878,21732653.375043273,114.33424544951217,8643731.103047164,22819450.112044513,120.05182087565507
CT,2026-01-02,8232065.672364878,21732653.375043273,114.33424544951217,8643731.103047164,22819450.112044513,120.05182087565507
CT,2026-01-09,8232065.672364878,21732653.375043273,114.33424544951217,8643731.103047164,22819450.112044513,120.05182087565507
CT,2026-01-16,8232065.672364878,21732653.375043273,114.33424544951217,8643731.103047164,22819450.112044513,120.05182087565507
CT,2026-01-23,8232065.672364878,21732653.375043273,114.33424544951217,8643731.103047164,22819450.112044513,120.05182087565507
CT,2026-01-30,8232065.672364878,21732653.375043273,114.33424544951217,8643731.103047164,22819450.112044513,120.05182087565507
CT,2026-02-06,8232065.672364878,21732653.375043273,114.33424544951217,8643731.103047164,22819450.112044513,120.05182087565507
CT,2026-02-13,8232065.672364878,21732653.375043273,114.33424544951217,8643731.103047164,22819450.112044513,120.05182087565507
CT,2026-02-20,8232065.672364878,21732653.375043273,114.33424544951217,8643731.103047164,22819450.112044513,120.05182087565507
CT,2026-02-27,8232065.672364878,21732653.375043273,114.33424544951217,8643731.103047164,22819450.112044513,120.05182087565507
CT,2026-03-06,8232065.672364878,21732653.375043273,114.33424544951217,8643731.103047164,22819450.112044513,120.05182087565507
CT,2026-03-13,8232065.672364878,21732653.375043273,114.33424544951217,8643731.103047164,22819450.112044513,120.05182087565507
CT,2026-03-20,8232065.672364878,21732653.375043273,114.33424544951217,8643731.103047164,22819450.112044513,120.05182087565507
CT,2026-03-27,8232065.672364878,21732653.375043273,114.33424544951217,8643731.103047164,22819450.112044513,120.05182087565507
CT,2026-04-03,8232065.672364878,21732653.375043273,114.33424544951217,8643731.103047164,22819450.112044513,120.05182087565507
CT,2026-04-10,8232845.15889186,21734711.21947451,114.34507165127584,8644510.589574147,22821507.95647575,120.06264707741872
CT,2026-04-17,8232900.982009954,21734858.59250628,114.34584697236046,8644566.412692241,22821655.329507515,120.06342239850335
CT,2026-04-24,8232900.982009954,21734858.59250628,114.34584697236046,8644566.412692241,22821655.329507515,120.06342239850335
CT,2026-05-01,8232900.982009954,21734858.59250628,114.34584697236046,8644566.412692241,22821655.329507515,120.06342239850335
CT,2026-05-08,8233297.189524946,21735904.58034586,114.35134985451315,8644962.620207233,22822701.3173471,120.068925280656
CT,2026-05-15,8233297.189524946,21735904.58034586,114.35134985451315,8644962.620207233,22822701.3173471,120.068925280656
CT,2026-05-22,8233297.189524946,21735904.58034586,114.35134985451315,8644962.620207233,22822701.3173471,120.068925280656
CT,2026-05-29,8233297.189524946,21735904.58034586,114.35134985451315,8644962.620207233,22822701.3173471,120.068925280656
CT,2026-06-05,8233297.189524946,21735904.58034586,114.35134985451315,8644962.620207233,22822701.3173471,120.068925280656
CT,2026-06-12,8233297.189524946,21735904.58034586,114.35134985451315,8644962.620207233,22822701.3173471,120.068925280656
CT,2026-06-19,8233297.189524946,21735904.58034586,114.35134985451315,8644962.620207233,22822701.3173471,120.068925280656
CT,2026-06-26,8233297.189524946,21735904.58034586,114.35134985451315,8644962.620207233,22822701.3173471,120.068925280656
CT,2026-07-03,8233297.189524946,21735904.58034586,114.35134985451315,8644962.620207233,22822701.3173471,120.068925280656
CT,2026-07-10,8233297.189524946,21735904.58034586,114.35134985451315,8644962.620207233,22822701.3173471,120.068925280656
CT,2026-07-17,8233297.189524946,21735904.58034586,114.35134985451315,8644962.620207233,22822701.3173471,120.068925280656
DC,2025-02-28,0,0,0,0,0,0
DC,2025-03-07,0,0,0,0,0,0
DC,2025-03-14,0,0,0,0,0,0
DC,2025-03-21,0,0,0,0,0,0
DC,2025-03-28,0,0,0,0,0,0
DC,2025-04-04,0,0,0,0,0,0
DC,2025-04-11,0,0,0,0,0,0
DC,2025-04-18,214757.62902453452,566960.1406247711,2.9827448475629796,214757.62902453452,566960.1406247711,2.9827448475629796
DC,2025-04-25,372090.283083005,982318.3473391333,5.16792059837507,372090.283083005,982318.3473391333,5.16792059837507
DC,2025-05-02,665693.2577067045,1757430.2003457001,9.245739690370897,665693.2577067045,1757430.2003457001,9.245739690370897
DC,2025-05-09,665693.2577067045,1757430.2003457001,9.245739690370897,665693.2577067045,1757430.2003457001,9.245739690370897
DC,2025-05-16,1043439.2445734087,2754679.6056737993,14.492211730186233,1043439.2445734087,2754679.6056737993,14.492211730186233
DC,2025-05-23,1043439.2445734087,2754679.6056737993,14.492211730186233,1043439.2445734087,2754679.6056737993,14.492211730186233
DC,2025-05-30,1043439.2445734087,2754679.6056737993,14.492211730186233,1043439.2445734087,2754679.6056737993,14.492211730186233
DC,2025-06-06,1043439.2445734087,2754679.6056737993,14.492211730186233,1043439.2445734087,2754679.6056737993,14.492211730186233
DC,2025-06-13,1016941.9794593817,2684726.825772768,14.12419415915808,1043439.2445734087,2754679.6056737993,14.492211730186233
DC,2025-06-20,1016941.9794593817,2684726.825772768,14.12419415915808,1043439.2445734087,2754679.6056737993,14.492211730186233
DC,2025-06-27,1014786.3383226825,2679035.933171882,14.094254698926147,1043439.2445734087,2754679.6056737993,14.492211730186233
DC,2025-07-04,1014786.3383226825,2679035.933171882,14.094254698926147,1043439.2445734087,2754679.6056737993,14.492211730186233
DC,2025-07-11,1014786.3383226825,2679035.933171882,14.094254698926147,1043439.2445734087,2754679.6056737993,14.492211730186233
DC,2025-07-18,1014786.3383226825,2679035.933171882,14.094254698926147,1043439.2445734087,2754679.6056737993,14.492211730186233
DC,2025-07-25,1014786.3383226825,2679035.933171882,14.094254698926147,1043439.2445734087,2754679.6056737993,14.492211730186233
DC,2025-08-01,1014786.3383226825,2679035.933171882,14.094254698926147,1043439.2445734087,2754679.6056737993,14.492211730186233
DC,2025-08-08,1014786.3383226825,2679035.933171882,14.094254698926147,1043439.2445734087,2754679.6056737993,14.492211730186233
DC,2025-08-15,1007652.0245533603,2660201.3448208715,13.995167007685561,1043439.2445734087,2754679.6056737993,14.492211730186233
DC,2025-08-22,1007652.0245533603,2660201.3448208715,13.995167007685561,1043439.2445734087,2754679.6056737993,14.492211730186233
DC,2025-08-29,1007652.0245533603,2660201.3448208715,13.995167007685561,1043439.2445734087,2754679.6056737993,14.492211730186233
DC,2025-09-05,1007652.0245533603,2660201.3448208715,13.995167007685561,1043439.2445734087,2754679.6056737993,14.492211730186233
DC,2025-09-12,1007652.0245533603,2660201.3448208715,13.995167007685561,1043439.2445734087,2754679.6056737993,14.492211730186233
DC,2025-09-19,1309796.1121230675,3457861.7360048983,18.19161266837594,1345583.332143116,3552339.9968578266,18.688657390876614
DC,2025-09-26,1351084.6275850344,3566863.4168244908,18.765064272014367,1386871.847605083,3661341.677677419,19.262108994515042
DC,2025-10-03,11981611.076967357,31631453.243193824,166.41126495787995,12017398.296987405,31725931.50404675,166.90830968038063
DC,2025-10-10,13104640.51181387,34596250.95118862,182.00889599741487,13140427.731833918,34690729.21204154,182.50594071991554
DC,2025-10-17,13104640.51181387,34596250.95118862,182.00889599741487,13140427.731833918,34690729.21204154,182.50594071991554
DC,2025-10-24,13104640.51181387,34596250.95118862,182.00889599741487,13140427.731833918,34690729.21204154,182.50594071991554
DC,2025-10-31,13104640.51181387,34596250.95118862,182.00889599741487,13140427.731833918,34690729.21204154,182.50594071991554
DC,2025-11-07,13104640.51181387,34596250.95118862,182.00889599741487,13140427.731833918,34690729.21204154,182.50594071991554
DC,2025-11-14,13108798.240478959,34607227.354864456,182.06664222887443,13144585.460499007,34701705.61571738,182.5636869513751
DC,2025-11-21,13108799.95920193,34607231.892293096,182.06666610002682,13144587.179221978,34701710.15314602,182.5637108225275
DC,2025-11-28,13108799.95920193,34607231.892293096,182.06666610002682,13144587.179221978,34701710.15314602,182.5637108225275
DC,2025-12-05,13108799.95920193,34607231.892293096,182.06666610002682,13144587.179221978,34701710.15314602,182.5637108225275
DC,2025-12-12,13108799.95920193,34607231.892293096,182.06666610002682,13144587.179221978,34701710.15314602,182.5637108225275
DC,2025-12-19,13108799.95920193,34607231.892293096,182.06666610002682,13144587.179221978,34701710.15314602,182.5637108225275
DC,2025-12-26,13108799.95920193,34607231.892293096,182.06666610002682,13144587.179221978,34701710.15314602,182.5637108225275
DC,2026-01-02,13108799.95920193,34607231.892293096,182.06666610002682,13144587.179221978,34701710.15314602,182.5637108225275
DC,2026-01-09,13108799.95920193,34607231.892293096,182.06666610002682,13144587.179221978,34701710.15314602,182.5637108225275
DC,2026-01-16,13108799.95920193,34607231.892293096,182.06666610002682,13144587.179221978,34701710.15314602,182.5637108225275
DC,2026-01-23,13108799.95920193,34607231.892293096,182.06666610002682,13144587.179221978,34701710.15314602,182.5637108225275
DC,2026-01-30,13108799.95920193,34607231.892293096,182.06666610002682,13144587.179221978,34701710.15314602,182.5637108225275
DC,2026-02-06,13108799.95920193,34607231.892293096,182.06666610002682,13144587.179221978,34701710.15314602,182.5637108225275
DC,2026-02-13,13108799.95920193,34607231.892293096,182.06666610002682,13144587.179221978,34701710.15314602,182.5637108225275
DC,2026-02-20,13108799.95920193,34607231.892293096,182.06666610002682,13144587.179221978,34701710.15314602,182.5637108225275
DC,2026-02-27,13108799.95920193,34607231.892293096,182.06666610002682,13144587.179221978,34701710.15314602,182.5637108225275
DC,2026-03-06,13108799.95920193,34607231.892293096,182.06666610002682,13144587.179221978,34701710.15314602,182.5637108225275
DC,2026-03-13,13108799.95920193,34607231.892293096,182.06666610002682,13144587.179221978,34701710.15314602,182.5637108225275
DC,2026-03-20,13108799.95920193,34607231.892293096,182.06666610002682,13144587.179221978,34701710.15314602,182.5637108225275
DC,2026-03-27,13108799.95920193,34607231.892293096,182.06666610002682,13144587.179221978,34701710.15314602,182.5637108225275
DC,2026-04-03,13108799.95920193,34607231.892293096,182.06666610002682,13144587.179221978,34701710.15314602,182.5637108225275
DC,2026-04-10,13108799.95920193,34607231.892293096,182.06666610002682,13144587.179221978,34701710.15314602,182.5637108225275
DC,2026-04-17,13108799.95920193,34607231.892293096,182.06666610002682,13144587.179221978,34701710.15314602,182.5637108225275
DC,2026-04-24,13108799.95920193,34607231.892293096,182.06666610002682,13144587.179221978,34701710.15314602,182.5637108225275
DC,2026-05-01,13108799.95920193,34607231.892293096,182.06666610002682,13144587.179221978,34701710.15314602,182.5637108225275
DC,2026-05-08,13108799.95920193,34607231.892293096,182.06666610002682,13144587.179221978,34701710.15314602,182.5637108225275
DC,2026-05-15,13108799.95920193,34607231.892293096,182.06666610002682,13144587.179221978,34701710.15314602,182.5637108225275
DC,2026-05-22,13108799.95920193,34607231.892293096,182.06666610002682,13144587.179221978,34701710.15314602,182.5637108225275
DC,2026-05-29,13108799.95920193,34607231.892293096,182.06666610002682,13144587.179221978,34701710.15314602,182.5637108225275
DC,2026-06-05,13108799.95920193,34607231.892293096,182.06666610002682,13144587.179221978,34701710.15314602,182.5637108225275
DC,2026-06-12,13108799.95920193,34607231.892293096,182.06666610002682,13144587.179221978,34701710.15314602,182.5637108225275
DC,2026-06-19,13108799.95920193,34607231.892293096,182.06666610002682,13144587.179221978,34701710.15314602,182.5637108225275
DC,2026-06-26,13108799.95920193,34607231.892293096,182.06666610002682,13144587.179221978,34701710.15314602,182.5637108225275
DC,2026-07-03,13108799.95920193,34607231.892293096,182.06666610002682,13144587.179221978,34701710.15314602,182.5637108225275
DC,2026-07-10,13108799.95920193,34607231.892293096,182.06666610002682,13144587.179221978,34701710.15314602,182.5637108225275
DC,2026-07-17,13108799.95920193,34607231.892293096,182.06666610002682,13144587.179221978,34701710.15314602,182.5637108225275
DE,2025-02-28,0,0,0,0,0,0
DE,2025-03-07,0,0,0,0,0,0
DE,2025-03-14,0,0,0,0,0,0
DE,2025-03-21,0,0,0,0,0,0
DE,2025-03-28,0,0,0,0,0,0
DE,2025-04-04,0,0,0,0,0,0
DE,2025-04-11,0,0,0,0,0,0
DE,2025-04-18,9668.394435271288,25524.5613091162,0.13428325604543456,9668.394435271288,25524.5613091162,0.13428325604543456
DE,2025-04-25,21339.42592145119,56336.08443263115,0.296380915575711,21339.42592145119,56336.08443263115,0.296380915575711
DE,2025-05-02,33826.482311535445,89301.91330245358,0.4698122543268812,33826.482311535445,89301.91330245358,0.4698122543268812
DE,2025-05-09,33826.482311535445,89301.91330245358,0.4698122543268812,33826.482311535445,89301.91330245358,0.4698122543268812
DE,2025-05-16,37734.61101507505,99619.37307979813,0.5240918196538201,37734.61101507505,99619.37307979813,0.5240918196538201
DE,2025-05-23,37734.61101507505,99619.37307979813,0.5240918196538201,37734.61101507505,99619.37307979813,0.5240918196538201
DE,2025-05-30,37734.61101507505,99619.37307979813,0.5240918196538201,37734.61101507505,99619.37307979813,0.5240918196538201
DE,2025-06-06,37734.61101507505,99619.37307979813,0.5240918196538201,37734.61101507505,99619.37307979813,0.5240918196538201
DE,2025-06-13,35762.32332967972,94412.53359035446,0.4966989351344406,37734.61101507505,99619.37307979813,0.5240918196538201
DE,2025-06-20,35762.32332967972,94412.53359035446,0.4966989351344406,37734.61101507505,99619.37307979813,0.5240918196538201
DE,2025-06-27,35452.221769005846,93593.86547017544,0.4923919690139701,37734.61101507505,99619.37307979813,0.5240918196538201
DE,2025-07-04,35452.221769005846,93593.86547017544,0.4923919690139701,37734.61101507505,99619.37307979813,0.5240918196538201
DE,2025-07-11,35452.221769005846,93593.86547017544,0.4923919690139701,37734.61101507505,99619.37307979813,0.5240918196538201
DE,2025-07-18,35452.221769005846,93593.86547017544,0.4923919690139701,37734.61101507505,99619.37307979813,0.5240918196538201
DE,2025-07-25,35452.221769005846,93593.86547017544,0.4923919690139701,37734.61101507505,99619.37307979813,0.5240918196538201
DE,2025-08-01,35452.221769005846,93593.86547017544,0.4923919690139701,37734.61101507505,99619.37307979813,0.5240918196538201
DE,2025-08-08,35452.221769005846,93593.86547017544,0.4923919690139701,37734.61101507505,99619.37307979813,0.5240918196538201
DE,2025-08-15,35197.42484867291,92921.2016004965,0.4888531228982349,37734.61101507505,99619.37307979813,0.5240918196538201
DE,2025-08-22,35197.42484867291,92921.2016004965,0.4888531228982349,37734.61101507505,99619.37307979813,0.5240918196538201
DE,2025-08-29,35197.42484867291,92921.2016004965,0.4888531228982349,37734.61101507505,99619.37307979813,0.5240918196538201
DE,2025-09-05,35197.42484867291,92921.2016004965,0.4888531228982349,37734.61101507505,99619.37307979813,0.5240918196538201
DE,2025-09-12,35197.42484867291,92921.2016004965,0.4888531228982349,37734.61101507505,99619.37307979813,0.5240918196538201
DE,2025-09-19,56893.57151813875,150199.0288078863,0.7901884933074826,59430.757684540884,156897.20028718794,0.8254271900630679
DE,2025-09-26,57351.355813859984,151407.57934859037,0.7965466085258331,59888.54198026212,158105.75082789198,0.8317853052814184
DE,2025-10-03,919538.790068696,2427582.4057813575,12.771372084287446,922075.9762350982,2434280.5772606595,12.806610781043032
DE,2025-10-10,972318.5255950514,2566920.907570936,13.504423966597937,974855.7117614535,2573619.0790502373,13.539662663353521
DE,2025-10-17,972318.5255950514,2566920.907570936,13.504423966597937,974855.7117614535,2573619.0790502373,13.539662663353521
DE,2025-10-24,972318.5255950514,2566920.907570936,13.504423966597937,974855.7117614535,2573619.0790502373,13.539662663353521
DE,2025-10-31,972318.5255950514,2566920.907570936,13.504423966597937,974855.7117614535,2573619.0790502373,13.539662663353521
DE,2025-11-07,972318.5255950514,2566920.907570936,13.504423966597937,974855.7117614535,2573619.0790502373,13.539662663353521
DE,2025-11-14,972679.8921370943,2567874.9152419292,13.509442946348532,975217.0783034965,2574573.0867212308,13.544681643104118
DE,2025-11-21,972679.8921370943,2567874.9152419292,13.509442946348532,975217.0783034965,2574573.0867212308,13.544681643104118
DE,2025-11-28,972679.8921370943,2567874.9152419292,13.509442946348532,975217.0783034965,2574573.0867212308,13.544681643104118
DE,2025-12-05,972679.8921370943,2567874.9152419292,13.509442946348532,975217.0783034965,2574573.0867212308,13.544681643104118
DE,2025-12-12,972679.8921370943,2567874.9152419292,13.509442946348532,975217.0783034965,2574573.0867212308,13.544681643104118
DE,2025-12-19,972679.8921370943,2567874.9152419292,13.509442946348532,975217.0783034965,2574573.0867212308,13.544681643104118
DE,2025-12-26,972679.8921370943,2567874.9152419292,13.509442946348532,975217.0783034965,2574573.0867212308,13.544681643104118
DE,2026-01-02,972679.8921370943,2567874.9152419292,13.509442946348532,975217.0783034965,2574573.0867212308,13.544681643104118
DE,2026-01-09,972679.8921370943,2567874.9152419292,13.509442946348532,975217.0783034965,2574573.0867212308,13.544681643104118
DE,2026-01-16,972679.8921370943,2567874.9152419292,13.509442946348532,975217.0783034965,2574573.0867212308,13.544681643104118
DE,2026-01-23,972679.8921370943,2567874.9152419292,13.509442946348532,975217.0783034965,2574573.0867212308,13.544681643104118
DE,2026-01-30,972679.8921370943,2567874.9152419292,13.509442946348532,975217.0783034965,2574573.0867212308,13.544681643104118
DE,2026-02-06,972679.8921370943,2567874.9152419292,13.509442946348532,975217.0783034965,2574573.0867212308,13.544681643104118
DE,2026-02-13,972679.8921370943,2567874.9152419292,13.509442946348532,975217.0783034965,2574573.0867212308,13.544681643104118
DE,2026-02-20,972679.8921370943,2567874.9152419292,13.509442946348532,975217.0783034965,2574573.0867212308,13.544681643104118
DE,2026-02-27,972679.8921370943,2567874.9152419292,13.509442946348532,975217.0783034965,2574573.0867212308,13.544681643104118
DE,2026-03-06,972679.8921370943,2567874.9152419292,13.509442946348532,975217.0783034965,2574573.0867212308,13.544681643104118
DE,2026-03-13,972679.8921370943,2567874.9152419292,13.509442946348532,975217.0783034965,2574573.0867212308,13.544681643104118
DE,2026-03-20,972679.8921370943,2567874.9152419292,13.509442946348532,975217.0783034965,2574573.0867212308,13.544681643104118
DE,2026-03-27,972679.8921370943,2567874.9152419292,13.509442946348532,975217.0783034965,2574573.0867212308,13.544681643104118
DE,2026-04-03,972679.8921370943,2567874.9152419292,13.509442946348532,975217.0783034965,2574573.0867212308,13.544681643104118
DE,2026-04-10,972679.8921370943,2567874.9152419292,13.509442946348532,975217.0783034965,2574573.0867212308,13.544681643104118
DE,2026-04-17,972679.8921370943,2567874.9152419292,13.509442946348532,975217.0783034965,2574573.0867212308,13.544681643104118
DE,2026-04-24,972679.8921370943,2567874.9152419292,13.509442946348532,975217.0783034965,2574573.0867212308,13.544681643104118
DE,2026-05-01,972679.8921370943,2567874.9152419292,13.509442946348532,975217.0783034965,2574573.0867212308,13.544681643104118
DE,2026-05-08,972679.8921370943,2567874.9152419292,13.509442946348532,975217.0783034965,2574573.0867212308,13.544681643104118
DE,2026-05-15,972679.8921370943,2567874.9152419292,13.509442946348532,975217.0783034965,2574573.0867212308,13.544681643104118
DE,2026-05-22,972679.8921370943,2567874.9152419292,13.509442946348532,975217.0783034965,2574573.0867212308,13.544681643104118
DE,2026-05-29,972679.8921370943,2567874.9152419292,13.509442946348532,975217.0783034965,2574573.0867212308,13.544681643104118
DE,2026-06-05,972679.8921370943,2567874.9152419292,13.509442946348532,975217.0783034965,2574573.0867212308,13.544681643104118
DE,2026-06-12,972679.8921370943,2567874.9152419292,13.509442946348532,975217.0783034965,2574573.0867212308,13.544681643104118
DE,2026-06-19,972679.8921370943,2567874.9152419292,13.509442946348532,975217.0783034965,2574573.0867212308,13.544681643104118
DE,2026-06-26,972679.8921370943,2567874.9152419292,13.509442946348532,975217.0783034965,2574573.0867212308,13.544681643104118
DE,2026-07-03,972679.8921370943,2567874.9152419292,13.509442946348532,975217.0783034965,2574573.0867212308,13.544681643104118
DE,2026-07-10,972679.8921370943,2567874.9152419292,13.509442946348532,975217.0783034965,2574573.0867212308,13.544681643104118
DE,2026-07-17,972679.8921370943,2567874.9152419292,13.509442946348532,975217.0783034965,2574573.0867212308,13.544681643104118
FL,2025-02-28,0,0,0,0,0,0
FL,2025-03-07,0,0,0,0,0,0
FL,2025-03-14,0,0,0,0,0,0
FL,2025-03-21,0,0,0,0,0,0
FL,2025-03-28,0,0,0,0,0,0
FL,2025-04-04,0,0,0,0,0,0
FL,2025-04-11,0,0,0,0,0,0
FL,2025-04-18,54474.67330098039,143813.1375145882,0.7565926847358384,54474.67330098039,143813.1375145882,0.7565926847358384
FL,2025-04-25,458110.35622770723,1209411.3404411469,6.362643836495932,458110.35622770723,1209411.3404411469,6.362643836495932
FL,2025-05-02,1129609.945151266,2982170.255199341,15.689027015989803,1129609.945151266,2982170.255199341,15.689027015989803
FL,2025-05-09,1132637.7266910812,2990163.598464453,15.731079537376125,1132637.7266910812,2990163.598464453,15.731079537376125
FL,2025-05-16,1890841.5783482445,4991821.766839366,26.261688588170063,1890841.5783482445,4991821.766839366,26.261688588170063
FL,2025-05-23,1890841.5783482445,4991821.766839366,26.261688588170063,1890841.5783482445,4991821.766839366,26.261688588170063
FL,2025-05-30,1890841.5783482445,4991821.766839366,26.261688588170063,1890841.5783482445,4991821.766839366,26.261688588170063
FL,2025-06-06,1890841.5783482445,4991821.766839366,26.261688588170063,1890841.5783482445,4991821.766839366,26.261688588170063
FL,2025-06-13,1729138.2551583173,4564924.993617956,24.01580909942107,1890842.9135601493,4991825.291798796,26.261707132779858
FL,2025-06-20,1729138.2551583173,4564924.993617956,24.01580909942107,1890842.9135601493,4991825.291798796,26.261707132779858
FL,2025-06-27,1130253.809972269,2983870.0583267882,15.697969582948172,1890842.9135601493,4991825.291798796,26.261707132779858
FL,2025-07-04,1130253.809972269,2983870.0583267882,15.697969582948172,1890842.9135601493,4991825.291798796,26.261707132779858
FL,2025-07-11,1130253.809972269,2983870.0583267882,15.697969582948172,1890842.9135601493,4991825.291798796,26.261707132779858
FL,2025-07-18,1130253.809972269,2983870.0583267882,15.697969582948172,1890842.9135601493,4991825.291798796,26.261707132779858
FL,2025-07-25,1130253.809972269,2983870.0583267882,15.697969582948172,1890842.9135601493,4991825.291798796,26.261707132779858
FL,2025-08-01,1130253.809972269,2983870.0583267882,15.697969582948172,1890842.9135601493,4991825.291798796,26.261707132779858
FL,2025-08-08,1130253.809972269,2983870.0583267882,15.697969582948172,1890842.9135601493,4991825.291798796,26.261707132779858
FL,2025-08-15,1130253.809972269,2983870.0583267882,15.697969582948172,1890842.9135601493,4991825.291798796,26.261707132779858
FL,2025-08-22,1130253.809972269,2983870.0583267882,15.697969582948172,1890842.9135601493,4991825.291798796,26.261707132779858
FL,2025-08-29,1130253.809972269,2983870.0583267882,15.697969582948172,1890842.9135601493,4991825.291798796,26.261707132779858
FL,2025-09-05,1130253.809972269,2983870.0583267882,15.697969582948172,1890842.9135601493,4991825.291798796,26.261707132779858
FL,2025-09-12,1130253.809972269,2983870.0583267882,15.697969582948172,1890842.9135601493,4991825.291798796,26.261707132779858
FL,2025-09-19,1837414.3589262096,4850773.907565192,25.51964387397513,2598003.4625140913,6858729.1410372015,36.08338142380682
FL,2025-09-26,1837872.606299528,4851983.680630752,25.52600842082677,2598461.709887409,6859938.914102761,36.08974597065845
FL,2025-10-03,18553843.23593529,48982146.14286917,257.69226716576793,19314432.33952317,50990101.37634117,268.25600471559966
FL,2025-10-10,20305922.930573627,53607636.53671439,282.02670736907817,21066512.034161508,55615591.77018639,292.59044491890984
FL,2025-10-17,20305922.930573627,53607636.53671439,282.02670736907817,21066512.034161508,55615591.77018639,292.59044491890984
FL,2025-10-24,20305922.930573627,53607636.53671439,282.02670736907817,21066512.034161508,55615591.77018639,292.59044491890984
FL,2025-10-31,20305922.930573627,53607636.53671439,282.02670736907817,21066512.034161508,55615591.77018639,292.59044491890984
FL,2025-11-07,20305922.930573627,53607636.53671439,282.02670736907817,21066512.034161508,55615591.77018639,292.59044491890984
FL,2025-11-14,20306190.558363885,53608343.07408067,282.0304244217206,21066779.661951765,55616298.30755267,292.59416197155235
FL,2025-11-21,20306191.704179198,53608346.0990331,282.0304403358222,21066780.80776708,55616301.3325051,292.5941778856539
FL,2025-11-28,20306191.704179198,53608346.0990331,282.0304403358222,21066780.80776708,55616301.3325051,292.5941778856539
FL,2025-12-05,20306191.704179198,53608346.0990331,282.0304403358222,21066780.80776708,55616301.3325051,292.5941778856539
FL,2025-12-12,20306191.704179198,53608346.0990331,282.0304403358222,21066780.80776708,55616301.3325051,292.5941778856539
FL,2025-12-19,20306191.704179198,53608346.0990331,282.0304403358222,21066780.80776708,55616301.3325051,292.5941778856539
FL,2025-12-26,20306191.704179198,53608346.0990331,282.0304403358222,21066780.80776708,55616301.3325051,292.5941778856539
FL,2026-01-02,20306191.704179198,53608346.0990331,282.0304403358222,21066780.80776708,55616301.3325051,292.5941778856539
FL,2026-01-09,20306191.704179198,53608346.0990331,282.0304403358222,21066780.80776708,55616301.3325051,292.5941778856539
FL,2026-01-16,20306191.704179198,53608346.0990331,282.0304403358222,21066780.80776708,55616301.3325051,292.5941778856539
FL,2026-01-23,20306191.704179198,53608346.0990331,282.0304403358222,21066780.80776708,55616301.3325051,292.5941778856539
FL,2026-01-30,20306191.704179198,53608346.0990331,282.0304403358222,21066780.80776708,55616301.3325051,292.5941778856539
FL,2026-02-06,20306191.704179198,53608346.0990331,282.0304403358222,21066780.80776708,55616301.3325051,292.5941778856539
FL,2026-02-13,20306191.704179198,53608346.0990331,282.0304403358222,21066780.80776708,55616301.3325051,292.5941778856539
FL,2026-02-20,20306191.704179198,53608346.0990331,282.0304403358222,21066780.80776708,55616301.3325051,292.5941778856539
FL,2026-02-27,20306191.704179198,53608346.0990331,282.0304403358222,21066780.80776708,55616301.3325051,292.5941778856539
FL,2026-03-06,20306191.704179198,53608346.0990331,282.0304403358222,21066780.80776708,55616301.3325051,292.5941778856539
FL,2026-03-13,20306191.704179198,53608346.0990331,282.0304403358222,21066780.80776708,55616301.3325051,292.5941778856539
FL,2026-03-20,20306191.704179198,53608346.0990331,282.0304403358222,21066780.80776708,55616301.3325051,292.5941778856539
FL,2026-03-27,20306191.704179198,53608346.0990331,282.0304403358222,21066780.80776708,55616301.3325051,292.5941778856539
FL,2026-04-03,20306191.704179198,53608346.0990331,282.0304403358222,21066780.80776708,55616301.3325051,292.5941778856539
FL,2026-04-10,20306581.44744269,53609375.02124872,282.0358534367041,21067170.551030573,55617330.254720725,292.59959098653576
FL,2026-04-17,20306693.093678877,53609669.76731225,282.0374040788733,21067282.197266757,55617625.000784256,292.601141628705
FL,2026-04-24,20306693.093678877,53609669.76731225,282.0374040788733,21067282.197266757,55617625.000784256,292.601141628705
FL,2026-05-01,20306693.093678877,53609669.76731225,282.0374040788733,21067282.197266757,55617625.000784256,292.601141628705
FL,2026-05-08,20306796.029524792,53609941.51794546,282.0388337433999,21067385.133112673,55617896.751417466,292.60257129323156
FL,2026-05-15,20306796.029524792,53609941.51794546,282.0388337433999,21067385.133112673,55617896.751417466,292.60257129323156
FL,2026-05-22,20306796.029524792,53609941.51794546,282.0388337433999,21067385.133112673,55617896.751417466,292.60257129323156
FL,2026-05-29,20306796.029524792,53609941.51794546,282.0388337433999,21067385.133112673,55617896.751417466,292.60257129323156
FL,2026-06-05,20306796.029524792,53609941.51794546,282.0388337433999,21067385.133112673,55617896.751417466,292.60257129323156
FL,2026-06-12,20306796.029524792,53609941.51794546,282.0388337433999,21067385.133112673,55617896.751417466,292.60257129323156
FL,2026-06-19,20306796.029524792,53609941.51794546,282.0388337433999,21067385.133112673,55617896.751417466,292.60257129323156
FL,2026-06-26,20306796.029524792,53609941.51794546,282.0388337433999,21067385.133112673,55617896.751417466,292.60257129323156
FL,2026-07-03,20306796.029524792,53609941.51794546,282.0388337433999,21067385.133112673,55617896.751417466,292.60257129323156
FL,2026-07-10,20306796.029524792,53609941.51794546,282.0388337433999,21067385.133112673,55617896.751417466,292.60257129323156
FL,2026-07-17,20306796.029524792,53609941.51794546,282.0388337433999,21067385.133112673,55617896.751417466,292.60257129323156
GA,2025-02-28,0,0,0,0,0,0
GA,2025-03-07,0,0,0,0,0,0
GA,2025-03-14,0,0,0,0,0,0
GA,2025-03-21,0,0,0,0,0,0
GA,2025-03-28,0,0,0,0,0,0
GA,2025-04-04,0,0,0,0,0,0
GA,2025-04-11,0,0,0,0,0,0
GA,2025-04-18,970149.4660394148,2561194.590344055,13.474298139436316,970149.4660394148,2561194.590344055,13.474298139436316
GA,2025-04-25,4147864.553817669,10950362.422078647,57.60922991413429,4147864.553817669,10950362.422078647,57.60922991413429
GA,2025-05-02,11399667.195988892,30095121.397410672,158.3287110554013,11399667.195988892,30095121.397410672,158.3287110554013
GA,2025-05-09,11426917.22984723,30167061.48679669,158.70718374787822,11426917.22984723,30167061.48679669,158.70718374787822
GA,2025-05-16,12311625.404006688,32502691.066577654,170.99479727787067,12311625.404006688,32502691.066577654,170.99479727787067
GA,2025-05-23,12311625.404006688,32502691.066577654,170.99479727787067,12311625.404006688,32502691.066577654,170.99479727787067
GA,2025-05-30,12311625.404006688,32502691.066577654,170.99479727787067,12311625.404006688,32502691.066577654,170.99479727787067
GA,2025-06-06,12311625.404006688,32502691.066577654,170.99479727787067,12311625.404006688,32502691.066577654,170.99479727787067
GA,2025-06-13,12311456.758719662,32502245.843019914,170.99245498221757,12311628.074430497,32502698.11649651,170.99483436709022
GA,2025-06-20,12314772.139741192,32510998.44891675,171.03850194084993,12314943.455452025,32511450.722393345,171.04088132572258
GA,2025-06-27,11430585.924280476,30176746.840100456,158.75813783722887,12314943.455452025,32511450.722393345,171.04088132572258
GA,2025-07-04,11430585.924280476,30176746.840100456,158.75813783722887,12314943.455452025,32511450.722393345,171.04088132572258
GA,2025-07-11,11430585.924280476,30176746.840100456,158.75813783722887,12314943.455452025,32511450.722393345,171.04088132572258
GA,2025-07-18,11430585.924280476,30176746.840100456,158.75813783722887,12314943.455452025,32511450.722393345,171.04088132572258
GA,2025-07-25,11441147.638113689,30204629.764620136,158.90482830713458,12325505.169285236,32539333.646913026,171.18757179562834
GA,2025-08-01,11441147.638113689,30204629.764620136,158.90482830713458,12325505.169285236,32539333.646913026,171.18757179562834
GA,2025-08-08,11430585.924280476,30176746.840100456,158.75813783722887,12325505.169285236,32539333.646913026,171.18757179562834
GA,2025-08-15,11430585.924280476,30176746.840100456,158.75813783722887,12325505.169285236,32539333.646913026,171.18757179562834
GA,2025-08-22,11430585.924280476,30176746.840100456,158.75813783722887,12325505.169285236,32539333.646913026,171.18757179562834
GA,2025-08-29,11430585.924280476,30176746.840100456,158.75813783722887,12325505.169285236,32539333.646913026,171.18757179562834
GA,2025-09-05,11430585.924280476,30176746.840100456,158.75813783722887,12325505.169285236,32539333.646913026,171.18757179562834
GA,2025-09-12,11430585.924280476,30176746.840100456,158.75813783722887,12325505.169285236,32539333.646913026,171.18757179562834
GA,2025-09-19,11456898.640291661,30246212.41036998,159.12359222627308,12351817.885296425,32608799.21718256,171.55302618467255
GA,2025-09-26,11457429.373697756,30247613.546562072,159.13096352357996,12352348.618702516,32610200.35337465,171.5603974819794
GA,2025-10-03,23336529.177633196,61608437.02895163,324.11846080046104,24231448.422637954,63971023.835764214,336.5478947588605
GA,2025-10-10,23655321.705595423,62450049.30277192,328.54613479993645,24550240.950600185,64812636.109584495,340.9755687583359
GA,2025-10-17,23655321.705595423,62450049.30277192,328.54613479993645,24550240.950600185,64812636.109584495,340.9755687583359
GA,2025-10-24,23655321.705595423,62450049.30277192,328.54613479993645,24550240.950600185,64812636.109584495,340.9755687583359
GA,2025-10-31,23655321.705595423,62450049.30277192,328.54613479993645,24550240.950600185,64812636.109584495,340.9755687583359
GA,2025-11-07,23655321.705595423,62450049.30277192,328.54613479993645,24550240.950600185,64812636.109584495,340.9755687583359
GA,2025-11-14,23656441.72905493,62453006.164705016,328.5616906813185,24551360.974059694,64815592.97151759,340.99112463971795
GA,2025-11-21,23656441.72905493,62453006.164705016,328.5616906813185,24551360.974059694,64815592.97151759,340.99112463971795
GA,2025-11-28,23656441.72905493,62453006.164705016,328.5616906813185,24551360.974059694,64815592.97151759,340.99112463971795
GA,2025-12-05,23656441.72905493,62453006.164705016,328.5616906813185,24551360.974059694,64815592.97151759,340.99112463971795
GA,2025-12-12,23656441.72905493,62453006.164705016,328.5616906813185,24551360.974059694,64815592.97151759,340.99112463971795
GA,2025-12-19,23656441.72905493,62453006.164705016,328.5616906813185,24551360.974059694,64815592.97151759,340.99112463971795
GA,2025-12-26,23656163.01940969,62452270.37124158,328.5578197140235,24551360.974059694,64815592.97151759,340.99112463971795
GA,2026-01-02,23656163.01940969,62452270.37124158,328.5578197140235,24551360.974059694,64815592.97151759,340.99112463971795
GA,2026-01-09,23656163.01940969,62452270.37124158,328.5578197140235,24551360.974059694,64815592.97151759,340.99112463971795
GA,2026-01-16,23656163.01940969,62452270.37124158,328.5578197140235,24551360.974059694,64815592.97151759,340.99112463971795
GA,2026-01-23,23656163.01940969,62452270.37124158,328.5578197140235,24551360.974059694,64815592.97151759,340.99112463971795
GA,2026-01-30,23656163.01940969,62452270.37124158,328.5578197140235,24551360.974059694,64815592.97151759,340.99112463971795
GA,2026-02-06,23656163.01940969,62452270.37124158,328.5578197140235,24551360.974059694,64815592.97151759,340.99112463971795
GA,2026-02-13,23656163.01940969,62452270.37124158,328.5578197140235,24551360.974059694,64815592.97151759,340.99112463971795
GA,2026-02-20,23656163.01940969,62452270.37124158,328.5578197140235,24551360.974059694,64815592.97151759,340.99112463971795
GA,2026-02-27,23656163.01940969,62452270.37124158,328.5578197140235,24551360.974059694,64815592.97151759,340.99112463971795
GA,2026-03-06,23656163.01940969,62452270.37124158,328.5578197140235,24551360.974059694,64815592.97151759,340.99112463971795
GA,2026-03-13,23656163.01940969,62452270.37124158,328.5578197140235,24551360.974059694,64815592.97151759,340.99112463971795
GA,2026-03-20,23656163.01940969,62452270.37124158,328.5578197140235,24551360.974059694,64815592.97151759,340.99112463971795
GA,2026-03-27,23656163.01940969,62452270.37124158,328.5578197140235,24551360.974059694,64815592.97151759,340.99112463971795
GA,2026-04-03,23656163.01940969,62452270.37124158,328.5578197140235,24551360.974059694,64815592.97151759,340.99112463971795
GA,2026-04-10,23656942.505936675,62454328.21567282,328.5686459157871,24552140.460586682,64817650.81594883,341.0019508414816
GA,2026-04-17,23656970.41749572,62454401.902188696,328.5690335763294,24552168.372145727,64817724.50246473,341.00233850202386
GA,2026-04-24,23656970.41749572,62454401.902188696,328.5690335763294,24552168.372145727,64817724.50246473,341.00233850202386
GA,2026-05-01,23656970.41749572,62454401.902188696,328.5690335763294,24552168.372145727,64817724.50246473,341.00233850202386
GA,2026-05-08,23657124.821264587,62454809.52813852,328.57117807311926,24552322.775914595,64818132.12841454,341.0044829988137
GA,2026-05-15,23657124.821264587,62454809.52813852,328.57117807311926,24552322.775914595,64818132.12841454,341.0044829988137
GA,2026-05-22,23657124.821264587,62454809.52813852,328.57117807311926,24552322.775914595,64818132.12841454,341.0044829988137
GA,2026-05-29,23657124.821264587,62454809.52813852,328.57117807311926,24552322.775914595,64818132.12841454,341.0044829988137
GA,2026-06-05,23657124.821264587,62454809.52813852,328.57117807311926,24552322.775914595,64818132.12841454,341.0044829988137
GA,2026-06-12,23657124.821264587,62454809.52813852,328.57117807311926,24552322.775914595,64818132.12841454,341.0044829988137
GA,2026-06-19,23657124.821264587,62454809.52813852,328.57117807311926,24552322.775914595,64818132.12841454,341.0044829988137
GA,2026-06-26,23657124.821264587,62454809.52813852,328.57117807311926,24552322.775914595,64818132.12841454,341.0044829988137
GA,2026-07-03,23657124.821264587,62454809.52813852,328.57117807311926,24552322.775914595,64818132.12841454,341.0044829988137
GA,2026-07-10,23657124.821264587,62454809.52813852,328.57117807311926,24552322.775914595,64818132.12841454,341.0044829988137
GA,2026-07-17,23657124.821264587,62454809.52813852,328.57117807311926,24552322.775914595,64818132.12841454,341.0044829988137
GU,2025-02-28,0,0,0,0,0,0
GU,2025-03-07,0,0,0,0,0,0
GU,2025-03-14,0,0,0,0,0,0
GU,2025-03-21,0,0,0,0,0,0
GU,2025-03-28,0,0,0,0,0,0
GU,2025-04-04,0,0,0,0,0,0
GU,2025-04-11,0,0,0,0,0,0
GU,2025-04-18,0,0,0,0,0,0
GU,2025-04-25,0,0,0,0,0,0
GU,2025-05-02,0,0,0,0,0,0
GU,2025-05-09,0,0,0,0,0,0
GU,2025-05-16,0,0,0,0,0,0
GU,2025-05-23,0,0,0,0,0,0
GU,2025-05-30,0,0,0,0,0,0
GU,2025-06-06,0,0,0,0,0,0
GU,2025-06-13,0,0,0,0,0,0
GU,2025-06-20,0,0,0,0,0,0
GU,2025-06-27,0,0,0,0,0,0
GU,2025-07-04,0,0,0,0,0,0
GU,2025-07-11,0,0,0,0,0,0
GU,2025-07-18,0,0,0,0,0,0
GU,2025-07-25,0,0,0,0,0,0
GU,2025-08-01,0,0,0,0,0,0
GU,2025-08-08,0,0,0,0,0,0
GU,2025-08-15,0,0,0,0,0,0
GU,2025-08-22,0,0,0,0,0,0
GU,2025-08-29,0,0,0,0,0,0
GU,2025-09-05,0,0,0,0,0,0
GU,2025-09-12,0,0,0,0,0,0
GU,2025-09-19,0,0,0,0,0,0
GU,2025-09-26,0,0,0,0,0,0
GU,2025-10-03,80072.22,211390.6608,1.1121141666666667,80072.22,211390.6608,1.1121141666666667
GU,2025-10-10,80072.22,211390.6608,1.1121141666666667,80072.22,211390.6608,1.1121141666666667
GU,2025-10-17,80072.22,211390.6608,1.1121141666666667,80072.22,211390.6608,1.1121141666666667
GU,2025-10-24,80072.22,211390.6608,1.1121141666666667,80072.22,211390.6608,1.1121141666666667
GU,2025-10-31,80072.22,211390.6608,1.1121141666666667,80072.22,211390.6608,1.1121141666666667
GU,2025-11-07,80072.22,211390.6608,1.1121141666666667,80072.22,211390.6608,1.1121141666666667
GU,2025-11-14,80072.22,211390.6608,1.1121141666666667,80072.22,211390.6608,1.1121141666666667
GU,2025-11-21,80072.22,211390.6608,1.1121141666666667,80072.22,211390.6608,1.1121141666666667
GU,2025-11-28,80072.22,211390.6608,1.1121141666666667,80072.22,211390.6608,1.1121141666666667
GU,2025-12-05,80072.22,211390.6608,1.1121141666666667,80072.22,211390.6608,1.1121141666666667
GU,2025-12-12,80072.22,211390.6608,1.1121141666666667,80072.22,211390.6608,1.1121141666666667
GU,2025-12-19,80072.22,211390.6608,1.1121141666666667,80072.22,211390.6608,1.1121141666666667
GU,2025-12-26,80072.22,211390.6608,1.1121141666666667,80072.22,211390.6608,1.1121141666666667
GU,2026-01-02,80072.22,211390.6608,1.1121141666666667,80072.22,211390.6608,1.1121141666666667
GU,2026-01-09,80072.22,211390.6608,1.1121141666666667,80072.22,211390.6608,1.1121141666666667
GU,2026-01-16,80072.22,211390.6608,1.1121141666666667,80072.22,211390.6608,1.1121141666666667
GU,2026-01-23,80072.22,211390.6608,1.1121141666666667,80072.22,211390.6608,1.1121141666666667
GU,2026-01-30,80072.22,211390.6608,1.1121141666666667,80072.22,211390.6608,1.1121141666666667
GU,2026-02-06,80072.22,211390.6608,1.1121141666666667,80072.22,211390.6608,1.1121141666666667
GU,2026-02-13,80072.22,211390.6608,1.1121141666666667,80072.22,211390.6608,1.1121141666666667
GU,2026-02-20,80072.22,211390.6608,1.1121141666666667,80072.22,211390.6608,1.1121141666666667
GU,2026-02-27,80072.22,211390.6608,1.1121141666666667,80072.22,211390.6608,1.1121141666666667
GU,2026-03-06,80072.22,211390.6608,1.1121141666666667,80072.22,211390.6608,1.1121141666666667
GU,2026-03-13,80072.22,211390.6608,1.1121141666666667,80072.22,211390.6608,1.1121141666666667
GU,2026-03-20,80072.22,211390.6608,1.1121141666666667,80072.22,211390.6608,1.1121141666666667
GU,2026-03-27,80072.22,211390.6608,1.1121141666666667,80072.22,211390.6608,1.1121141666666667
GU,2026-04-03,80072.22,211390.6608,1.1121141666666667,80072.22,211390.6608,1.1121141666666667
GU,2026-04-10,80072.22,211390.6608,1.1121141666666667,80072.22,211390.6608,1.1121141666666667
GU,2026-04-17,80072.22,211390.6608,1.1121141666666667,80072.22,211390.6608,1.1121141666666667
GU,2026-04-24,80072.22,211390.6608,1.1121141666666667,80072.22,211390.6608,1.1121141666666667
GU,2026-05-01,80072.22,211390.6608,1.1121141666666667,80072.22,211390.6608,1.1121141666666667
GU,2026-05-08,80072.22,211390.6608,1.1121141666666667,80072.22,211390.6608,1.1121141666666667
GU,2026-05-15,80072.22,211390.6608,1.1121141666666667,80072.22,211390.6608,1.1121141666666667
GU,2026-05-22,80072.22,211390.6608,1.1121141666666667,80072.22,211390.6608,1.1121141666666667
GU,2026-05-29,80072.22,211390.6608,1.1121141666666667,80072.22,211390.6608,1.1121141666666667
GU,2026-06-05,80072.22,211390.6608,1.1121141666666667,80072.22,211390.6608,1.1121141666666667
GU,2026-06-12,80072.22,211390.6608,1.1121141666666667,80072.22,211390.6608,1.1121141666666667
GU,2026-06-19,80072.22,211390.6608,1.1121141666666667,80072.22,211390.6608,1.1121141666666667
GU,2026-06-26,80072.22,211390.6608,1.1121141666666667,80072.22,211390.6608,1.1121141666666667
GU,2026-07-03,80072.22,211390.6608,1.1121141666666667,80072.22,211390.6608,1.1121141666666667
GU,2026-07-10,80072.22,211390.6608,1.1121141666666667,80072.22,211390.6608,1.1121141666666667
GU,2026-07-17,80072.22,211390.6608,1.1121141666666667,80072.22,211390.6608,1.1121141666666667
HI,2025-02-28,0,0,0,0,0,0
HI,2025-03-07,0,0,0,0,0,0
HI,2025-03-14,0,0,0,0,0,0
HI,2025-03-21,0,0,0,0,0,0
HI,2025-03-28,0,0,0,0,0,0
HI,2025-04-04,0,0,0,0,0,0
HI,2025-04-11,0,0,0,0,0,0
HI,2025-04-18,83.57519826513482,220.63852341995596,0.001160766642571317,83.57519826513482,220.63852341995596,0.001160766642571317
HI,2025-04-25,1286.7234489641082,3396.9499052652463,0.017871159013390394,1286.7234489641082,3396.9499052652463,0.017871159013390394
HI,2025-05-02,1407.085867351254,3714.7066898073103,0.019542859268767414,1407.085867351254,3714.7066898073103,0.019542859268767414
HI,2025-05-09,1407.085867351254,3714.7066898073103,0.019542859268767414,1407.085867351254,3714.7066898073103,0.019542859268767414
HI,2025-05-16,13537.842125834992,35739.90321220438,0.18802558508104156,13537.842125834992,35739.90321220438,0.18802558508104156
HI,2025-05-23,13537.842125834992,35739.90321220438,0.18802558508104156,13537.842125834992,35739.90321220438,0.18802558508104156
HI,2025-05-30,13537.842125834992,35739.90321220438,0.18802558508104156,13537.842125834992,35739.90321220438,0.18802558508104156
HI,2025-06-06,13537.842125834992,35739.90321220438,0.18802558508104156,13537.842125834992,35739.90321220438,0.18802558508104156
HI,2025-06-13,13541.847761549277,35750.47809049009,0.18808121891040663,13541.847761549277,35750.47809049009,0.18808121891040663
HI,2025-06-20,13541.847761549277,35750.47809049009,0.18808121891040663,13541.847761549277,35750.47809049009,0.18808121891040663
HI,2025-06-27,475.3011900558049,1254.795141747325,0.006601405417441735,13541.847761549277,35750.47809049009,0.18808121891040663
HI,2025-07-04,475.3011900558049,1254.795141747325,0.006601405417441735,13541.847761549277,35750.47809049009,0.18808121891040663
HI,2025-07-11,475.3011900558049,1254.795141747325,0.006601405417441735,13541.847761549277,35750.47809049009,0.18808121891040663
HI,2025-07-18,475.3011900558049,1254.795141747325,0.006601405417441735,13541.847761549277,35750.47809049009,0.18808121891040663
HI,2025-07-25,475.3011900558049,1254.795141747325,0.006601405417441735,13541.847761549277,35750.47809049009,0.18808121891040663
HI,2025-08-01,475.3011900558049,1254.795141747325,0.006601405417441735,13541.847761549277,35750.47809049009,0.18808121891040663
HI,2025-08-08,475.3011900558049,1254.795141747325,0.006601405417441735,13541.847761549277,35750.47809049009,0.18808121891040663
HI,2025-08-15,475.3011900558049,1254.795141747325,0.006601405417441735,13541.847761549277,35750.47809049009,0.18808121891040663
HI,2025-08-22,475.3011900558049,1254.795141747325,0.006601405417441735,13541.847761549277,35750.47809049009,0.18808121891040663
HI,2025-08-29,475.3011900558049,1254.795141747325,0.006601405417441735,13541.847761549277,35750.47809049009,0.18808121891040663
HI,2025-09-05,475.3011900558049,1254.795141747325,0.006601405417441735,13541.847761549277,35750.47809049009,0.18808121891040663
HI,2025-09-12,475.3011900558049,1254.795141747325,0.006601405417441735,13541.847761549277,35750.47809049009,0.18808121891040663
HI,2025-09-19,475.3011900558049,1254.795141747325,0.006601405417441735,13541.847761549277,35750.47809049009,0.18808121891040663
HI,2025-09-26,921.6169705401286,2433.0688022259396,0.012800235701946232,13988.1635420336,36928.75175096871,0.19428004919491115
HI,2025-10-03,12626612.003641665,33334255.689613998,175.3696111616898,12639678.550213158,33368751.37256274,175.55109097518277
HI,2025-10-10,13271487.146374486,35036726.06642865,184.32621036631232,13284553.69294598,35071221.749377385,184.50769017980528
HI,2025-10-17,13271487.146374486,35036726.06642865,184.32621036631232,13284553.69294598,35071221.749377385,184.50769017980528
HI,2025-10-24,13271487.146374486,35036726.06642865,184.32621036631232,13284553.69294598,35071221.749377385,184.50769017980528
HI,2025-10-31,13271487.146374486,35036726.06642865,184.32621036631232,13284553.69294598,35071221.749377385,184.50769017980528
HI,2025-11-07,13271487.146374486,35036726.06642865,184.32621036631232,13284553.69294598,35071221.749377385,184.50769017980528
HI,2025-11-14,13271487.146374486,35036726.06642865,184.32621036631232,13284553.69294598,35071221.749377385,184.50769017980528
HI,2025-11-21,13271487.146374486,35036726.06642865,184.32621036631232,13284553.69294598,35071221.749377385,184.50769017980528
HI,2025-11-28,13271487.146374486,35036726.06642865,184.32621036631232,13284553.69294598,35071221.749377385,184.50769017980528
HI,2025-12-05,13271487.146374486,35036726.06642865,184.32621036631232,13284553.69294598,35071221.749377385,184.50769017980528
HI,2025-12-12,13271487.146374486,35036726.06642865,184.32621036631232,13284553.69294598,35071221.749377385,184.50769017980528
HI,2025-12-19,13271487.146374486,35036726.06642865,184.32621036631232,13284553.69294598,35071221.749377385,184.50769017980528
HI,2025-12-26,13271487.146374486,35036726.06642865,184.32621036631232,13284553.69294598,35071221.749377385,184.50769017980528
HI,2026-01-02,13271487.146374486,35036726.06642865,184.32621036631232,13284553.69294598,35071221.749377385,184.50769017980528
HI,2026-01-09,13271487.146374486,35036726.06642865,184.32621036631232,13284553.69294598,35071221.749377385,184.50769017980528
HI,2026-01-16,13271487.146374486,35036726.06642865,184.32621036631232,13284553.69294598,35071221.749377385,184.50769017980528
HI,2026-01-23,13271487.146374486,35036726.06642865,184.32621036631232,13284553.69294598,35071221.749377385,184.50769017980528
HI,2026-01-30,13271487.146374486,35036726.06642865,184.32621036631232,13284553.69294598,35071221.749377385,184.50769017980528
HI,2026-02-06,13271487.146374486,35036726.06642865,184.32621036631232,13284553.69294598,35071221.749377385,184.50769017980528
HI,2026-02-13,13271487.146374486,35036726.06642865,184.32621036631232,13284553.69294598,35071221.749377385,184.50769017980528
HI,2026-02-20,13271487.146374486,35036726.06642865,184.32621036631232,13284553.69294598,35071221.749377385,184.50769017980528
HI,2026-02-27,13271487.146374486,35036726.06642865,184.32621036631232,13284553.69294598,35071221.749377385,184.50769017980528
HI,2026-03-06,13271487.146374486,35036726.06642865,184.32621036631232,13284553.69294598,35071221.749377385,184.50769017980528
HI,2026-03-13,13271487.146374486,35036726.06642865,184.32621036631232,13284553.69294598,35071221.749377385,184.50769017980528
HI,2026-03-20,13271487.146374486,35036726.06642865,184.32621036631232,13284553.69294598,35071221.749377385,184.50769017980528
HI,2026-03-27,13271487.146374486,35036726.06642865,184.32621036631232,13284553.69294598,35071221.749377385,184.50769017980528
HI,2026-04-03,13271487.146374486,35036726.06642865,184.32621036631232,13284553.69294598,35071221.749377385,184.50769017980528
HI,2026-04-10,13272656.376164962,35039812.8330755,184.3424496689578,13285722.922736457,35074308.51602425,184.5239294824508
HI,2026-04-17,13272656.376164962,35039812.8330755,184.3424496689578,13285722.922736457,35074308.51602425,184.5239294824508
HI,2026-04-24,13272656.376164962,35039812.8330755,184.3424496689578,13285722.922736457,35074308.51602425,184.5239294824508
HI,2026-05-01,13272656.376164962,35039812.8330755,184.3424496689578,13285722.922736457,35074308.51602425,184.5239294824508
HI,2026-05-08,13272656.376164962,35039812.8330755,184.3424496689578,13285722.922736457,35074308.51602425,184.5239294824508
HI,2026-05-15,13272656.376164962,35039812.8330755,184.3424496689578,13285722.922736457,35074308.51602425,184.5239294824508
HI,2026-05-22,13272656.376164962,35039812.8330755,184.3424496689578,13285722.922736457,35074308.51602425,184.5239294824508
HI,2026-05-29,13272656.376164962,35039812.8330755,184.3424496689578,13285722.922736457,35074308.51602425,184.5239294824508
HI,2026-06-05,13272656.376164962,35039812.8330755,184.3424496689578,13285722.922736457,35074308.51602425,184.5239294824508
HI,2026-06-12,13272656.376164962,35039812.8330755,184.3424496689578,13285722.922736457,35074308.51602425,184.5239294824508
HI,2026-06-19,13272656.376164962,35039812.8330755,184.3424496689578,13285722.922736457,35074308.51602425,184.5239294824508
HI,2026-06-26,13272656.376164962,35039812.8330755,184.3424496689578,13285722.922736457,35074308.51602425,184.5239294824508
HI,2026-07-03,13272656.376164962,35039812.8330755,184.3424496689578,13285722.922736457,35074308.51602425,184.5239294824508
HI,2026-07-10,13272656.376164962,35039812.8330755,184.3424496689578,13285722.922736457,35074308.51602425,184.5239294824508
HI,2026-07-17,13272656.376164962,35039812.8330755,184.3424496689578,13285722.922736457,35074308.51602425,184.5239294824508
IA,2025-02-28,0,0,0,0,0,0
IA,2025-03-07,0,0,0,0,0,0
IA,2025-03-14,0,0,0,0,0,0
IA,2025-03-21,0,0,0,0,0,0
IA,2025-03-28,0,0,0,0,0,0
IA,2025-04-04,0,0,0,0,0,0
IA,2025-04-11,0,0,0,0,0,0
IA,2025-04-18,5747.294265573641,15172.856861114411,0.07982353146630058,5747.294265573641,15172.856861114411,0.07982353146630058
IA,2025-04-25,27828.860933387743,73468.19286414364,0.38651195740816313,27828.860933387743,73468.19286414364,0.38651195740816313
IA,2025-05-02,33664.56857423394,88874.46103597761,0.46756345241991587,33664.56857423394,88874.46103597761,0.46756345241991587
IA,2025-05-09,33664.56857423394,88874.46103597761,0.46756345241991587,33664.56857423394,88874.46103597761,0.46756345241991587
IA,2025-05-16,33721.18670350185,89023.93289724487,0.46834981532641456,33721.18670350185,89023.93289724487,0.46834981532641456
IA,2025-05-23,33721.18670350185,89023.93289724487,0.46834981532641456,33721.18670350185,89023.93289724487,0.46834981532641456
IA,2025-05-30,33721.18670350185,89023.93289724487,0.46834981532641456,33721.18670350185,89023.93289724487,0.46834981532641456
IA,2025-06-06,33721.18670350185,89023.93289724487,0.46834981532641456,33721.18670350185,89023.93289724487,0.46834981532641456
IA,2025-06-13,33721.18670350185,89023.93289724487,0.46834981532641456,33721.18670350185,89023.93289724487,0.46834981532641456
IA,2025-06-20,34273.75020708986,90482.70054671723,0.47602430843180366,34273.75020708986,90482.70054671723,0.47602430843180366
IA,2025-06-27,33428.76693923748,88251.94471958696,0.46428842971163176,34273.75020708986,90482.70054671723,0.47602430843180366
IA,2025-07-04,33428.76693923748,88251.94471958696,0.46428842971163176,34273.75020708986,90482.70054671723,0.47602430843180366
IA,2025-07-11,33428.76693923748,88251.94471958696,0.46428842971163176,34273.75020708986,90482.70054671723,0.47602430843180366
IA,2025-07-18,33428.76693923748,88251.94471958696,0.46428842971163176,34273.75020708986,90482.70054671723,0.47602430843180366
IA,2025-07-25,33428.76693923748,88251.94471958696,0.46428842971163176,34273.75020708986,90482.70054671723,0.47602430843180366
IA,2025-08-01,33428.76693923748,88251.94471958696,0.46428842971163176,34273.75020708986,90482.70054671723,0.47602430843180366
IA,2025-08-08,33428.76693923748,88251.94471958696,0.46428842971163176,34273.75020708986,90482.70054671723,0.47602430843180366
IA,2025-08-15,33428.76693923748,88251.94471958696,0.46428842971163176,34273.75020708986,90482.70054671723,0.47602430843180366
IA,2025-08-22,33428.76693923748,88251.94471958696,0.46428842971163176,34273.75020708986,90482.70054671723,0.47602430843180366
IA,2025-08-29,33428.76693923748,88251.94471958696,0.46428842971163176,34273.75020708986,90482.70054671723,0.47602430843180366
IA,2025-09-05,33428.76693923748,88251.94471958696,0.46428842971163176,34273.75020708986,90482.70054671723,0.47602430843180366
IA,2025-09-12,33428.76693923748,88251.94471958696,0.46428842971163176,34273.75020708986,90482.70054671723,0.47602430843180366
IA,2025-09-19,34729.90461221,91686.94817623441,0.4823597862806945,35574.88788006238,93917.70400336469,0.4940956650008663
IA,2025-09-26,34779.495254486035,91817.86747184314,0.48304854520119495,35624.47852233841,94048.62329897341,0.4947844239213668
IA,2025-10-03,1898483.5595821682,5011996.597296924,26.367827216419006,1899328.5428500206,5014227.353124054,26.379563095139176
IA,2025-10-10,1901628.2207248006,5020298.502713475,26.411503065622234,1902473.2039926532,5022529.258540605,26.42323894434241
IA,2025-10-17,1901628.2207248006,5020298.502713475,26.411503065622234,1902473.2039926532,5022529.258540605,26.42323894434241
IA,2025-10-24,1901628.2207248006,5020298.502713475,26.411503065622234,1902473.2039926532,5022529.258540605,26.42323894434241
IA,2025-10-31,1901628.2207248006,5020298.502713475,26.411503065622234,1902473.2039926532,5022529.258540605,26.42323894434241
IA,2025-11-07,1901628.2207248006,5020298.502713475,26.411503065622234,1902473.2039926532,5022529.258540605,26.42323894434241
IA,2025-11-14,1901628.2207248006,5020298.502713475,26.411503065622234,1902473.2039926532,5022529.258540605,26.42323894434241
IA,2025-11-21,1901628.2207248006,5020298.502713475,26.411503065622234,1902473.2039926532,5022529.258540605,26.42323894434241
IA,2025-11-28,1901628.2207248006,5020298.502713475,26.411503065622234,1902473.2039926532,5022529.258540605,26.42323894434241
IA,2025-12-05,1901628.2207248006,5020298.502713475,26.411503065622234,1902473.2039926532,5022529.258540605,26.42323894434241
IA,2025-12-12,1901628.2207248006,5020298.502713475,26.411503065622234,1902473.2039926532,5022529.258540605,26.42323894434241
IA,2025-12-19,1901628.2207248006,5020298.502713475,26.411503065622234,1902473.2039926532,5022529.258540605,26.42323894434241
IA,2025-12-26,1901628.2207248006,5020298.502713475,26.411503065622234,1902473.2039926532,5022529.258540605,26.42323894434241
IA,2026-01-02,1901628.2207248006,5020298.502713475,26.411503065622234,1902473.2039926532,5022529.258540605,26.42323894434241
IA,2026-01-09,1901628.2207248006,5020298.502713475,26.411503065622234,1902473.2039926532,5022529.258540605,26.42323894434241
IA,2026-01-16,1901628.2207248006,5020298.502713475,26.411503065622234,1902473.2039926532,5022529.258540605,26.42323894434241
IA,2026-01-23,1901628.2207248006,5020298.502713475,26.411503065622234,1902473.2039926532,5022529.258540605,26.42323894434241
IA,2026-01-30,1901628.2207248006,5020298.502713475,26.411503065622234,1902473.2039926532,5022529.258540605,26.42323894434241
IA,2026-02-06,1901628.2207248006,5020298.502713475,26.411503065622234,1902473.2039926532,5022529.258540605,26.42323894434241
IA,2026-02-13,1901628.2207248006,5020298.502713475,26.411503065622234,1902473.2039926532,5022529.258540605,26.42323894434241
IA,2026-02-20,1901628.2207248006,5020298.502713475,26.411503065622234,1902473.2039926532,5022529.258540605,26.42323894434241
IA,2026-02-27,1901628.2207248006,5020298.502713475,26.411503065622234,1902473.2039926532,5022529.258540605,26.42323894434241
IA,2026-03-06,1901628.2207248006,5020298.502713475,26.411503065622234,1902473.2039926532,5022529.258540605,26.42323894434241
IA,2026-03-13,1901628.2207248006,5020298.502713475,26.411503065622234,1902473.2039926532,5022529.258540605,26.42323894434241
IA,2026-03-20,1901628.2207248006,5020298.502713475,26.411503065622234,1902473.2039926532,5022529.258540605,26.42323894434241
IA,2026-03-27,1901628.2207248006,5020298.502713475,26.411503065622234,1902473.2039926532,5022529.258540605,26.42323894434241
IA,2026-04-03,1901628.2207248006,5020298.502713475,26.411503065622234,1902473.2039926532,5022529.258540605,26.42323894434241
IA,2026-04-10,1901628.2207248006,5020298.502713475,26.411503065622234,1902473.2039926532,5022529.258540605,26.42323894434241
IA,2026-04-17,1901656.132283847,5020372.189229358,26.411890726164547,1902501.1155516997,5022602.945056488,26.42362660488472
IA,2026-04-24,1901656.132283847,5020372.189229358,26.411890726164547,1902501.1155516997,5022602.945056488,26.42362660488472
IA,2026-05-01,1901656.132283847,5020372.189229358,26.411890726164547,1902501.1155516997,5022602.945056488,26.42362660488472
IA,2026-05-08,1901753.473260397,5020629.16940745,26.413242684172186,1902598.4565282497,5022859.9252345795,26.42497856289236
IA,2026-05-15,1901753.473260397,5020629.16940745,26.413242684172186,1902598.4565282497,5022859.9252345795,26.42497856289236
IA,2026-05-22,1901753.473260397,5020629.16940745,26.413242684172186,1902598.4565282497,5022859.9252345795,26.42497856289236
IA,2026-05-29,1901753.473260397,5020629.16940745,26.413242684172186,1902598.4565282497,5022859.9252345795,26.42497856289236
IA,2026-06-05,1901753.473260397,5020629.16940745,26.413242684172186,1902598.4565282497,5022859.9252345795,26.42497856289236
IA,2026-06-12,1901753.473260397,5020629.16940745,26.413242684172186,1902598.4565282497,5022859.9252345795,26.42497856289236
IA,2026-06-19,1901753.473260397,5020629.16940745,26.413242684172186,1902598.4565282497,5022859.9252345795,26.42497856289236
IA,2026-06-26,1901753.473260397,5020629.16940745,26.413242684172186,1902598.4565282497,5022859.9252345795,26.42497856289236
IA,2026-07-03,1901753.473260397,5020629.16940745,26.413242684172186,1902598.4565282497,5022859.9252345795,26.42497856289236
IA,2026-07-10,1901753.473260397,5020629.16940745,26.413242684172186,1902598.4565282497,5022859.9252345795,26.42497856289236
IA,2026-07-17,1901753.473260397,5020629.16940745,26.413242684172186,1902598.4565282497,5022859.9252345795,26.42497856289236
ID,2025-02-28,0,0,0,0,0,0
ID,2025-03-07,0,0,0,0,0,0
ID,2025-03-14,0,0,0,0,0,0
ID,2025-03-21,0,0,0,0,0,0
ID,2025-03-28,0,0,0,0,0,0
ID,2025-04-04,0,0,0,0,0,0
ID,2025-04-11,0,0,0,0,0,0
ID,2025-04-18,1657063.5939356575,4374647.887990136,23.014772137995248,1657063.5939356575,4374647.887990136,23.014772137995248
ID,2025-04-25,2658074.396724859,7017316.4073536275,36.91769995451193,2658074.396724859,7017316.4073536275,36.91769995451193
ID,2025-05-02,3608598.4746612944,9526699.973105818,50.11942325918465,3608598.4746612944,9526699.973105818,50.11942325918465
ID,2025-05-09,3608598.4746612944,9526699.973105818,50.11942325918465,3608598.4746612944,9526699.973105818,50.11942325918465
ID,2025-05-16,3609132.337154545,9528109.370087998,50.12683801603535,3609132.337154545,9528109.370087998,50.12683801603535
ID,2025-05-23,3609132.337154545,9528109.370087998,50.12683801603535,3609132.337154545,9528109.370087998,50.12683801603535
ID,2025-05-30,3609132.337154545,9528109.370087998,50.12683801603535,3609132.337154545,9528109.370087998,50.12683801603535
ID,2025-06-06,3609132.337154545,9528109.370087998,50.12683801603535,3609132.337154545,9528109.370087998,50.12683801603535
ID,2025-06-13,3609132.337154545,9528109.370087998,50.12683801603535,3609132.337154545,9528109.370087998,50.12683801603535
ID,2025-06-20,3609132.337154545,9528109.370087998,50.12683801603535,3609132.337154545,9528109.370087998,50.12683801603535
ID,2025-06-27,3608598.4746612944,9526699.973105818,50.11942325918465,3609132.337154545,9528109.370087998,50.12683801603535
ID,2025-07-04,3608598.4746612944,9526699.973105818,50.11942325918465,3609132.337154545,9528109.370087998,50.12683801603535
ID,2025-07-11,3608598.4746612944,9526699.973105818,50.11942325918465,3609132.337154545,9528109.370087998,50.12683801603535
ID,2025-07-18,3608598.4746612944,9526699.973105818,50.11942325918465,3609132.337154545,9528109.370087998,50.12683801603535
ID,2025-07-25,3608598.4746612944,9526699.973105818,50.11942325918465,3609132.337154545,9528109.370087998,50.12683801603535
ID,2025-08-01,3608598.4746612944,9526699.973105818,50.11942325918465,3609132.337154545,9528109.370087998,50.12683801603535
ID,2025-08-08,3608598.4746612944,9526699.973105818,50.11942325918465,3609132.337154545,9528109.370087998,50.12683801603535
ID,2025-08-15,3608598.4746612944,9526699.973105818,50.11942325918465,3609132.337154545,9528109.370087998,50.12683801603535
ID,2025-08-22,3608598.4746612944,9526699.973105818,50.11942325918465,3609132.337154545,9528109.370087998,50.12683801603535
ID,2025-08-29,3608598.4746612944,9526699.973105818,50.11942325918465,3609132.337154545,9528109.370087998,50.12683801603535
ID,2025-09-05,3608598.4746612944,9526699.973105818,50.11942325918465,3609132.337154545,9528109.370087998,50.12683801603535
ID,2025-09-12,3608598.4746612944,9526699.973105818,50.11942325918465,3609132.337154545,9528109.370087998,50.12683801603535
ID,2025-09-19,3608598.4746612944,9526699.973105818,50.11942325918465,3609132.337154545,9528109.370087998,50.12683801603535
ID,2025-09-26,3608747.246588122,9527092.730992643,50.12148953594615,3609281.1090813726,9528502.127974825,50.12890429279685
ID,2025-10-03,5566245.931443788,14694889.259011602,77.30897127005261,5566779.793937039,14696298.655993784,77.31638602690333
ID,2025-10-10,5570621.399509802,14706440.494705882,77.36974165985838,5571155.262003054,14707849.891688064,77.37715641670908
ID,2025-10-17,5570621.399509802,14706440.494705882,77.36974165985838,5571155.262003054,14707849.891688064,77.37715641670908
ID,2025-10-24,5570621.399509802,14706440.494705882,77.36974165985838,5571155.262003054,14707849.891688064,77.37715641670908
ID,2025-10-31,5570621.399509802,14706440.494705882,77.36974165985838,5571155.262003054,14707849.891688064,77.37715641670908
ID,2025-11-07,5570621.399509802,14706440.494705882,77.36974165985838,5571155.262003054,14707849.891688064,77.37715641670908
ID,2025-11-14,5570621.399509802,14706440.494705882,77.36974165985838,5571155.262003054,14707849.891688064,77.37715641670908
ID,2025-11-21,5570623.118232775,14706445.032134525,77.36976553101076,5571156.980726026,14707854.429116707,77.37718028786148
ID,2025-11-28,5570623.118232775,14706445.032134525,77.36976553101076,5571156.980726026,14707854.429116707,77.37718028786148
ID,2025-12-05,5570623.118232775,14706445.032134525,77.36976553101076,5571156.980726026,14707854.429116707,77.37718028786148
ID,2025-12-12,5570623.118232775,14706445.032134525,77.36976553101076,5571156.980726026,14707854.429116707,77.37718028786148
ID,2025-12-19,5570623.118232775,14706445.032134525,77.36976553101076,5571156.980726026,14707854.429116707,77.37718028786148
ID,2025-12-26,5570623.118232775,14706445.032134525,77.36976553101076,5571156.980726026,14707854.429116707,77.37718028786148
ID,2026-01-02,5570623.118232775,14706445.032134525,77.36976553101076,5571156.980726026,14707854.429116707,77.37718028786148
ID,2026-01-09,5570623.118232775,14706445.032134525,77.36976553101076,5571156.980726026,14707854.429116707,77.37718028786148
ID,2026-01-16,5570623.118232775,14706445.032134525,77.36976553101076,5571156.980726026,14707854.429116707,77.37718028786148
ID,2026-01-23,5570623.118232775,14706445.032134525,77.36976553101076,5571156.980726026,14707854.429116707,77.37718028786148
ID,2026-01-30,5570623.118232775,14706445.032134525,77.36976553101076,5571156.980726026,14707854.429116707,77.37718028786148
ID,2026-02-06,5570623.118232775,14706445.032134525,77.36976553101076,5571156.980726026,14707854.429116707,77.37718028786148
ID,2026-02-13,5570623.118232775,14706445.032134525,77.36976553101076,5571156.980726026,14707854.429116707,77.37718028786148
ID,2026-02-20,5570623.118232775,14706445.032134525,77.36976553101076,5571156.980726026,14707854.429116707,77.37718028786148
ID,2026-02-27,5570623.118232775,14706445.032134525,77.36976553101076,5571156.980726026,14707854.429116707,77.37718028786148
ID,2026-03-06,5570623.118232775,14706445.032134525,77.36976553101076,5571156.980726026,14707854.429116707,77.37718028786148
ID,2026-03-13,5570623.118232775,14706445.032134525,77.36976553101076,5571156.980726026,14707854.429116707,77.37718028786148
ID,2026-03-20,5570623.118232775,14706445.032134525,77.36976553101076,5571156.980726026,14707854.429116707,77.37718028786148
ID,2026-03-27,5570623.118232775,14706445.032134525,77.36976553101076,5571156.980726026,14707854.429116707,77.37718028786148
ID,2026-04-03,5570623.118232775,14706445.032134525,77.36976553101076,5571156.980726026,14707854.429116707,77.37718028786148
ID,2026-04-10,5570623.118232775,14706445.032134525,77.36976553101076,5571156.980726026,14707854.429116707,77.37718028786148
ID,2026-04-17,5570623.118232775,14706445.032134525,77.36976553101076,5571156.980726026,14707854.429116707,77.37718028786148
ID,2026-04-24,5570623.118232775,14706445.032134525,77.36976553101076,5571156.980726026,14707854.429116707,77.37718028786148
ID,2026-05-01,5570623.118232775,14706445.032134525,77.36976553101076,5571156.980726026,14707854.429116707,77.37718028786148
ID,2026-05-08,5570623.118232775,14706445.032134525,77.36976553101076,5571156.980726026,14707854.429116707,77.37718028786148
ID,2026-05-15,5570623.118232775,14706445.032134525,77.36976553101076,5571156.980726026,14707854.429116707,77.37718028786148
ID,2026-05-22,5570623.118232775,14706445.032134525,77.36976553101076,5571156.980726026,14707854.429116707,77.37718028786148
ID,2026-05-29,5570623.118232775,14706445.032134525,77.36976553101076,5571156.980726026,14707854.429116707,77.37718028786148
ID,2026-06-05,5570623.118232775,14706445.032134525,77.36976553101076,5571156.980726026,14707854.429116707,77.37718028786148
ID,2026-06-12,5570623.118232775,14706445.032134525,77.36976553101076,5571156.980726026,14707854.429116707,77.37718028786148
ID,2026-06-19,5570623.118232775,14706445.032134525,77.36976553101076,5571156.980726026,14707854.429116707,77.37718028786148
ID,2026-06-26,5570623.118232775,14706445.032134525,77.36976553101076,5571156.980726026,14707854.429116707,77.37718028786148
ID,2026-07-03,5570623.118232775,14706445.032134525,77.36976553101076,5571156.980726026,14707854.429116707,77.37718028786148
ID,2026-07-10,5570623.118232775,14706445.032134525,77.36976553101076,5571156.980726026,14707854.429116707,77.37718028786148
ID,2026-07-17,5570623.118232775,14706445.032134525,77.36976553101076,5571156.980726026,14707854.429116707,77.37718028786148
IL,2025-02-28,0,0,0,0,0,0
IL,2025-03-07,0,0,0,0,0,0
IL,2025-03-14,0,0,0,0,0,0
IL,2025-03-21,0,0,0,0,0,0
IL,2025-03-28,0,0,0,0,0,0
IL,2025-04-04,0,0,0,0,0,0
IL,2025-04-11,0,0,0,0,0,0
IL,2025-04-18,2740834.9063045415,7235804.152643992,38.06715147645197,2740834.9063045415,7235804.152643992,38.06715147645197
IL,2025-04-25,3701397.19978991,9771688.607445365,51.408294441526536,3701397.19978991,9771688.607445365,51.408294441526536
IL,2025-05-02,7194655.166694287,18993889.640072923,99.92576620408735,7194655.166694287,18993889.640072923,99.92576620408735
IL,2025-05-09,7195033.639386765,18994888.807981063,99.93102276926064,7195033.639386765,18994888.807981063,99.93102276926064
IL,2025-05-16,7204430.5820891075,19019696.736715242,100.0615358623487,7204430.5820891075,19019696.736715242,100.0615358623487
IL,2025-05-23,7204430.5820891075,19019696.736715242,100.0615358623487,7204430.5820891075,19019696.736715242,100.0615358623487
IL,2025-05-30,7204430.5820891075,19019696.736715242,100.0615358623487,7204430.5820891075,19019696.736715242,100.0615358623487
IL,2025-06-06,7204430.5820891075,19019696.736715242,100.0615358623487,7204430.5820891075,19019696.736715242,100.0615358623487
IL,2025-06-13,7204347.179801361,19019476.55467559,100.06037749724112,7204434.587724822,19019707.31159353,100.06159149617807
IL,2025-06-20,7205728.588560331,19023123.473799273,100.0795637300046,7205815.996483792,19023354.23071721,100.08077772894154
IL,2025-06-27,7179869.472424317,18954855.4072002,99.72040933922662,7205815.996483792,19023354.23071721,100.08077772894154
IL,2025-07-04,7179869.472424317,18954855.4072002,99.72040933922662,7205815.996483792,19023354.23071721,100.08077772894154
IL,2025-07-11,7179869.472424317,18954855.4072002,99.72040933922662,7205815.996483792,19023354.23071721,100.08077772894154
IL,2025-07-18,7179869.472424317,18954855.4072002,99.72040933922662,7205815.996483792,19023354.23071721,100.08077772894154
IL,2025-07-25,7179869.472424317,18954855.4072002,99.72040933922662,7205815.996483792,19023354.23071721,100.08077772894154
IL,2025-08-01,7179869.472424317,18954855.4072002,99.72040933922662,7205815.996483792,19023354.23071721,100.08077772894154
IL,2025-08-08,7179869.472424317,18954855.4072002,99.72040933922662,7205815.996483792,19023354.23071721,100.08077772894154
IL,2025-08-15,7179359.878583651,18953510.07946084,99.71333164699516,7205815.996483792,19023354.23071721,100.08077772894154
IL,2025-08-22,7179359.878583651,18953510.07946084,99.71333164699516,7205815.996483792,19023354.23071721,100.08077772894154
IL,2025-08-29,7179359.878583651,18953510.07946084,99.71333164699516,7205815.996483792,19023354.23071721,100.08077772894154
IL,2025-09-05,7179359.878583651,18953510.07946084,99.71333164699516,7205815.996483792,19023354.23071721,100.08077772894154
IL,2025-09-12,7179359.878583651,18953510.07946084,99.71333164699516,7205815.996483792,19023354.23071721,100.08077772894154
IL,2025-09-19,8278683.4064082615,21855724.192917816,114.98171397789253,8305139.524308404,21925568.344174184,115.34916005983892
IL,2025-09-26,8279051.5550028,21856696.1052074,114.98682715281667,8305507.672902942,21926540.256463766,115.35427323476307
IL,2025-10-03,31579424.244025424,83369680.00422712,438.60311450035306,31605880.36192556,83439524.15548348,438.9705605822993
IL,2025-10-10,33462455.218204413,88340881.77605964,464.75632247506127,33488911.33610455,88410725.92731601,465.12376855700757
IL,2025-10-17,33462455.218204413,88340881.77605964,464.75632247506127,33488911.33610455,88410725.92731601,465.12376855700757
IL,2025-10-24,33462455.218204413,88340881.77605964,464.75632247506127,33488911.33610455,88410725.92731601,465.12376855700757
IL,2025-10-31,33462455.218204413,88340881.77605964,464.75632247506127,33488911.33610455,88410725.92731601,465.12376855700757
IL,2025-11-07,33462455.218204413,88340881.77605964,464.75632247506127,33488911.33610455,88410725.92731601,465.12376855700757
IL,2025-11-14,33462821.43178409,88341848.57991001,464.7614087747791,33489277.549684234,88411692.73116638,465.1288548567255
IL,2025-11-21,33462863.82695073,88341960.50314993,464.76199759653787,33489319.94485087,88411804.6544063,465.1294436784843
IL,2025-11-28,33462863.82695073,88341960.50314993,464.76199759653787,33489319.94485087,88411804.6544063,465.1294436784843
IL,2025-12-05,33462863.82695073,88341960.50314993,464.76199759653787,33489319.94485087,88411804.6544063,465.1294436784843
IL,2025-12-12,33462863.82695073,88341960.50314993,464.76199759653787,33489319.94485087,88411804.6544063,465.1294436784843
IL,2025-12-19,33462863.82695073,88341960.50314993,464.76199759653787,33489319.94485087,88411804.6544063,465.1294436784843
IL,2025-12-26,33462306.407660246,88340488.91622305,464.7542556619478,33489319.94485087,88411804.6544063,465.1294436784843
IL,2026-01-02,33462306.407660246,88340488.91622305,464.7542556619478,33489319.94485087,88411804.6544063,465.1294436784843
IL,2026-01-09,33462306.407660246,88340488.91622305,464.7542556619478,33489319.94485087,88411804.6544063,465.1294436784843
IL,2026-01-16,33462306.407660246,88340488.91622305,464.7542556619478,33489319.94485087,88411804.6544063,465.1294436784843
IL,2026-01-23,33462306.407660246,88340488.91622305,464.7542556619478,33489319.94485087,88411804.6544063,465.1294436784843
IL,2026-01-30,33462306.407660246,88340488.91622305,464.7542556619478,33489319.94485087,88411804.6544063,465.1294436784843
IL,2026-02-06,33462306.407660246,88340488.91622305,464.7542556619478,33489319.94485087,88411804.6544063,465.1294436784843
IL,2026-02-13,33462306.407660246,88340488.91622305,464.7542556619478,33489319.94485087,88411804.6544063,465.1294436784843
IL,2026-02-20,33462306.407660246,88340488.91622305,464.7542556619478,33489319.94485087,88411804.6544063,465.1294436784843
IL,2026-02-27,33462306.407660246,88340488.91622305,464.7542556619478,33489319.94485087,88411804.6544063,465.1294436784843
IL,2026-03-06,33462306.407660246,88340488.91622305,464.7542556619478,33489319.94485087,88411804.6544063,465.1294436784843
IL,2026-03-13,33462306.407660246,88340488.91622305,464.7542556619478,33489319.94485087,88411804.6544063,465.1294436784843
IL,2026-03-20,33462306.407660246,88340488.91622305,464.7542556619478,33489319.94485087,88411804.6544063,465.1294436784843
IL,2026-03-27,33462306.407660246,88340488.91622305,464.7542556619478,33489319.94485087,88411804.6544063,465.1294436784843
IL,2026-04-03,33462306.407660246,88340488.91622305,464.7542556619478,33489319.94485087,88411804.6544063,465.1294436784843
IL,2026-04-10,33463475.637450717,88343575.68286991,464.7704949645933,33490489.17464134,88414891.42105316,465.14568298112977
IL,2026-04-17,33746750.05021353,89091420.13256371,468.7048618085212,33773763.587404154,89162735.87074696,469.08004982505764
IL,2026-04-24,33746750.05021353,89091420.13256371,468.7048618085212,33773763.587404154,89162735.87074696,469.08004982505764
IL,2026-05-01,33746750.05021353,89091420.13256371,468.7048618085212,33773763.587404154,89162735.87074696,469.08004982505764
IL,2026-05-08,33751116.4313608,89102947.37879252,468.7655059911224,33778129.968551435,89174263.11697578,469.14069400765885
IL,2026-05-15,33751116.4313608,89102947.37879252,468.7655059911224,33778129.968551435,89174263.11697578,469.14069400765885
IL,2026-05-22,33751116.4313608,89102947.37879252,468.7655059911224,33778129.968551435,89174263.11697578,469.14069400765885
IL,2026-05-29,33751116.4313608,89102947.37879252,468.7655059911224,33778129.968551435,89174263.11697578,469.14069400765885
IL,2026-06-05,33751116.4313608,89102947.37879252,468.7655059911224,33778129.968551435,89174263.11697578,469.14069400765885
IL,2026-06-12,33751116.4313608,89102947.37879252,468.7655059911224,33778129.968551435,89174263.11697578,469.14069400765885
IL,2026-06-19,33751116.4313608,89102947.37879252,468.7655059911224,33778129.968551435,89174263.11697578,469.14069400765885
IL,2026-06-26,33751116.4313608,89102947.37879252,468.7655059911224,33778129.968551435,89174263.11697578,469.14069400765885
IL,2026-07-03,33751116.4313608,89102947.37879252,468.7655059911224,33778129.968551435,89174263.11697578,469.14069400765885
IL,2026-07-10,33751116.4313608,89102947.37879252,468.7655059911224,33778129.968551435,89174263.11697578,469.14069400765885
IL,2026-07-17,33751116.4313608,89102947.37879252,468.7655059911224,33778129.968551435,89174263.11697578,469.14069400765885
IN,2025-02-28,0,0,0,0,0,0
IN,2025-03-07,0,0,0,0,0,0
IN,2025-03-14,0,0,0,0,0,0
IN,2025-03-21,0,0,0,0,0,0
IN,2025-03-28,0,0,0,0,0,0
IN,2025-04-04,0,0,0,0,0,0
IN,2025-04-11,0,0,0,0,0,0
IN,2025-04-18,697100.8945131121,1840346.361514616,9.68195686823767,697100.8945131121,1840346.361514616,9.68195686823767
IN,2025-04-25,5520756.261592813,14574796.53060503,76.67717029990018,5520756.261592813,14574796.53060503,76.67717029990018
IN,2025-05-02,5596850.22839932,14775684.6029742,77.73403094999054,5596850.22839932,14775684.6029742,77.73403094999054
IN,2025-05-09,5596850.22839932,14775684.6029742,77.73403094999054,5596850.22839932,14775684.6029742,77.73403094999054
IN,2025-05-16,5600490.879278219,14785295.9212945,77.78459554553083,5600490.879278219,14785295.9212945,77.78459554553083
IN,2025-05-23,5600490.879278219,14785295.9212945,77.78459554553083,5600490.879278219,14785295.9212945,77.78459554553083
IN,2025-05-30,5600490.879278219,14785295.9212945,77.78459554553083,5600490.879278219,14785295.9212945,77.78459554553083
IN,2025-06-06,5600490.879278219,14785295.9212945,77.78459554553083,5600490.879278219,14785295.9212945,77.78459554553083
IN,2025-06-13,5600099.047966202,14784261.486630773,77.77915344397505,5600490.879278219,14785295.9212945,77.78459554553083
IN,2025-06-20,5601756.7384769665,14788637.789579192,77.8021769232912,5602148.569788984,14789672.224242918,77.80761902484699
IN,2025-06-27,4860098.6568124825,12830660.453984955,67.5013702335067,5602148.569788984,14789672.224242918,77.80761902484699
IN,2025-07-04,4860098.6568124825,12830660.453984955,67.5013702335067,5602148.569788984,14789672.224242918,77.80761902484699
IN,2025-07-11,4860098.6568124825,12830660.453984955,67.5013702335067,5602148.569788984,14789672.224242918,77.80761902484699
IN,2025-07-18,4860098.6568124825,12830660.453984955,67.5013702335067,5602148.569788984,14789672.224242918,77.80761902484699
IN,2025-07-25,4860098.6568124825,12830660.453984955,67.5013702335067,5602148.569788984,14789672.224242918,77.80761902484699
IN,2025-08-01,4860098.6568124825,12830660.453984955,67.5013702335067,5602148.569788984,14789672.224242918,77.80761902484699
IN,2025-08-08,4860098.6568124825,12830660.453984955,67.5013702335067,5602148.569788984,14789672.224242918,77.80761902484699
IN,2025-08-15,4859843.859892149,12829987.790115276,67.49783138739097,5602148.569788984,14789672.224242918,77.80761902484699
IN,2025-08-22,4859843.859892149,12829987.790115276,67.49783138739097,5602148.569788984,14789672.224242918,77.80761902484699
IN,2025-08-29,4859843.859892149,12829987.790115276,67.49783138739097,5602148.569788984,14789672.224242918,77.80761902484699
IN,2025-09-05,4859843.859892149,12829987.790115276,67.49783138739097,5602148.569788984,14789672.224242918,77.80761902484699
IN,2025-09-12,4859843.859892149,12829987.790115276,67.49783138739097,5602148.569788984,14789672.224242918,77.80761902484699
IN,2025-09-19,4881386.649513252,12886860.75471499,67.79703679879518,5623691.359410087,14846545.18884263,78.1068244362512
IN,2025-09-26,4882761.849698386,12890491.283203742,67.81613680136647,5625066.559595222,14850175.717331383,78.12592443882251
IN,2025-10-03,8567731.11567207,22618810.14537427,118.99626549544544,9310035.825568905,24578494.579501916,129.30605313290147
IN,2025-10-10,8598785.329312768,22700793.26938571,119.42757401823289,9341090.039209602,24660477.703513347,129.73736165568891
IN,2025-10-17,8598785.329312768,22700793.26938571,119.42757401823289,9341090.039209602,24660477.703513347,129.73736165568891
IN,2025-10-24,8598785.329312768,22700793.26938571,119.42757401823289,9341090.039209602,24660477.703513347,129.73736165568891
IN,2025-10-31,8598785.329312768,22700793.26938571,119.42757401823289,9341090.039209602,24660477.703513347,129.73736165568891
IN,2025-11-07,8598785.329312768,22700793.26938571,119.42757401823289,9341090.039209602,24660477.703513347,129.73736165568891
IN,2025-11-14,8599083.258269658,22701579.8018319,119.43171192041191,9341387.968166493,24661264.235959537,129.74149955786794
IN,2025-11-21,8599091.27897686,22701600.976498913,119.43182331912305,9341395.988873694,24661285.410626553,129.7416109565791
IN,2025-11-28,8599091.27897686,22701600.976498913,119.43182331912305,9341395.988873694,24661285.410626553,129.7416109565791
IN,2025-12-05,8599091.27897686,22701600.976498913,119.43182331912305,9341395.988873694,24661285.410626553,129.7416109565791
IN,2025-12-12,8599091.27897686,22701600.976498913,119.43182331912305,9341395.988873694,24661285.410626553,129.7416109565791
IN,2025-12-19,8599091.27897686,22701600.976498913,119.43182331912305,9341395.988873694,24661285.410626553,129.7416109565791
IN,2025-12-26,8598812.569331616,22700865.18303547,119.427952351828,9341395.988873694,24661285.410626553,129.7416109565791
IN,2026-01-02,8598812.569331616,22700865.18303547,119.427952351828,9341395.988873694,24661285.410626553,129.7416109565791
IN,2026-01-09,8598812.569331616,22700865.18303547,119.427952351828,9341395.988873694,24661285.410626553,129.7416109565791
IN,2026-01-16,8598812.569331616,22700865.18303547,119.427952351828,9341395.988873694,24661285.410626553,129.7416109565791
IN,2026-01-23,8598812.569331616,22700865.18303547,119.427952351828,9341395.988873694,24661285.410626553,129.7416109565791
IN,2026-01-30,8598812.569331616,22700865.18303547,119.427952351828,9341395.988873694,24661285.410626553,129.7416109565791
IN,2026-02-06,8598812.569331616,22700865.18303547,119.427952351828,9341395.988873694,24661285.410626553,129.7416109565791
IN,2026-02-13,8598812.569331616,22700865.18303547,119.427952351828,9341395.988873694,24661285.410626553,129.7416109565791
IN,2026-02-20,8598812.569331616,22700865.18303547,119.427952351828,9341395.988873694,24661285.410626553,129.7416109565791
IN,2026-02-27,8598812.569331616,22700865.18303547,119.427952351828,9341395.988873694,24661285.410626553,129.7416109565791
IN,2026-03-06,8598812.569331616,22700865.18303547,119.427952351828,9341395.988873694,24661285.410626553,129.7416109565791
IN,2026-03-13,8598812.569331616,22700865.18303547,119.427952351828,9341395.988873694,24661285.410626553,129.7416109565791
IN,2026-03-20,8598812.569331616,22700865.18303547,119.427952351828,9341395.988873694,24661285.410626553,129.7416109565791
IN,2026-03-27,8598812.569331616,22700865.18303547,119.427952351828,9341395.988873694,24661285.410626553,129.7416109565791
IN,2026-04-03,8598812.569331616,22700865.18303547,119.427952351828,9341395.988873694,24661285.410626553,129.7416109565791
IN,2026-04-10,8598812.569331616,22700865.18303547,119.427952351828,9341395.988873694,24661285.410626553,129.7416109565791
IN,2026-04-17,8616578.276664708,22747766.650394827,119.6746982870098,9359161.696206784,24708186.87798591,129.98835689176087
IN,2026-04-24,8616578.276664708,22747766.650394827,119.6746982870098,9359161.696206784,24708186.87798591,129.98835689176087
IN,2026-05-01,8616578.276664708,22747766.650394827,119.6746982870098,9359161.696206784,24708186.87798591,129.98835689176087
IN,2026-05-08,8807430.13959994,23251615.568543844,122.32541860555472,9550013.559142018,25212035.79613493,132.63907721030583
IN,2026-05-15,8807430.13959994,23251615.568543844,122.32541860555472,9550013.559142018,25212035.79613493,132.63907721030583
IN,2026-05-22,8807430.13959994,23251615.568543844,122.32541860555472,9550013.559142018,25212035.79613493,132.63907721030583
IN,2026-05-29,8807430.13959994,23251615.568543844,122.32541860555472,9550013.559142018,25212035.79613493,132.63907721030583
IN,2026-06-05,8807430.13959994,23251615.568543844,122.32541860555472,9550013.559142018,25212035.79613493,132.63907721030583
IN,2026-06-12,8807430.13959994,23251615.568543844,122.32541860555472,9550013.559142018,25212035.79613493,132.63907721030583
IN,2026-06-19,8807430.13959994,23251615.568543844,122.32541860555472,9550013.559142018,25212035.79613493,132.63907721030583
IN,2026-06-26,8807430.13959994,23251615.568543844,122.32541860555472,9550013.559142018,25212035.79613493,132.63907721030583
IN,2026-07-03,8807430.13959994,23251615.568543844,122.32541860555472,9550013.559142018,25212035.79613493,132.63907721030583
IN,2026-07-10,8807430.13959994,23251615.568543844,122.32541860555472,9550013.559142018,25212035.79613493,132.63907721030583
IN,2026-07-17,8807430.13959994,23251615.568543844,122.32541860555472,9550013.559142018,25212035.79613493,132.63907721030583
KS,2025-02-28,0,0,0,0,0,0
KS,2025-03-07,0,0,0,0,0,0
KS,2025-03-14,0,0,0,0,0,0
KS,2025-03-21,0,0,0,0,0,0
KS,2025-03-28,0,0,0,0,0,0
KS,2025-04-04,0,0,0,0,0,0
KS,2025-04-11,0,0,0,0,0,0
KS,2025-04-18,4520.338528792411,11933.693716011967,0.06278247956656127,4520.338528792411,11933.693716011967,0.06278247956656127
KS,2025-04-25,8900.65261976817,23497.722916187973,0.12362017527455793,8900.65261976817,23497.722916187973,0.12362017527455793
KS,2025-05-02,14941.524011076719,39445.623389242544,0.20752116682051003,14941.524011076719,39445.623389242544,0.20752116682051003
KS,2025-05-09,14941.524011076719,39445.623389242544,0.20752116682051003,14941.524011076719,39445.623389242544,0.20752116682051003
KS,2025-05-16,15647.263155274119,41308.77472992368,0.21732309937880723,15647.263155274119,41308.77472992368,0.21732309937880723
KS,2025-05-23,15647.263155274119,41308.77472992368,0.21732309937880723,15647.263155274119,41308.77472992368,0.21732309937880723
KS,2025-05-30,15647.263155274119,41308.77472992368,0.21732309937880723,15647.263155274119,41308.77472992368,0.21732309937880723
KS,2025-06-06,15647.263155274119,41308.77472992368,0.21732309937880723,15647.263155274119,41308.77472992368,0.21732309937880723
KS,2025-06-13,15647.263155274119,41308.77472992368,0.21732309937880723,15647.263155274119,41308.77472992368,0.21732309937880723
KS,2025-06-20,15923.544907068124,42038.15855465985,0.22116034593150175,15923.544907068124,42038.15855465985,0.22116034593150175
KS,2025-06-27,14837.782640812744,39171.746171745646,0.20608031445573258,15923.544907068124,42038.15855465985,0.22116034593150175
KS,2025-07-04,14837.782640812744,39171.746171745646,0.20608031445573258,15923.544907068124,42038.15855465985,0.22116034593150175
KS,2025-07-11,14837.782640812744,39171.746171745646,0.20608031445573258,15923.544907068124,42038.15855465985,0.22116034593150175
KS,2025-07-18,14837.782640812744,39171.746171745646,0.20608031445573258,15923.544907068124,42038.15855465985,0.22116034593150175
KS,2025-07-25,14837.782640812744,39171.746171745646,0.20608031445573258,15923.544907068124,42038.15855465985,0.22116034593150175
KS,2025-08-01,14837.782640812744,39171.746171745646,0.20608031445573258,15923.544907068124,42038.15855465985,0.22116034593150175
KS,2025-08-08,14837.782640812744,39171.746171745646,0.20608031445573258,15923.544907068124,42038.15855465985,0.22116034593150175
KS,2025-08-15,14837.782640812744,39171.746171745646,0.20608031445573258,15923.544907068124,42038.15855465985,0.22116034593150175
KS,2025-08-22,14837.782640812744,39171.746171745646,0.20608031445573258,15923.544907068124,42038.15855465985,0.22116034593150175
KS,2025-08-29,14837.782640812744,39171.746171745646,0.20608031445573258,15923.544907068124,42038.15855465985,0.22116034593150175
KS,2025-09-05,14837.782640812744,39171.746171745646,0.20608031445573258,15923.544907068124,42038.15855465985,0.22116034593150175
KS,2025-09-12,14837.782640812744,39171.746171745646,0.20608031445573258,15923.544907068124,42038.15855465985,0.22116034593150175
KS,2025-09-19,15038.875964702223,39702.63254681387,0.20887327728753088,16124.638230957604,42569.04492972807,0.22395330876330005
KS,2025-09-26,15047.070953827202,39724.26731810381,0.20898709658093337,16132.833220082583,42590.679701018016,0.22406712805670254
KS,2025-10-03,6206740.522117783,16385794.97839095,86.20472947385811,6207826.284384039,16388661.390773864,86.21980950533387
KS,2025-10-10,6208000.567154413,16389121.497287653,86.22223009936685,6209086.329420669,16391987.909670567,86.23731013084263
KS,2025-10-17,6208000.567154413,16389121.497287653,86.22223009936685,6209086.329420669,16391987.909670567,86.23731013084263
KS,2025-10-24,6208000.567154413,16389121.497287653,86.22223009936685,6209086.329420669,16391987.909670567,86.23731013084263
KS,2025-10-31,6208000.567154413,16389121.497287653,86.22223009936685,6209086.329420669,16391987.909670567,86.23731013084263
KS,2025-11-07,6208000.567154413,16389121.497287653,86.22223009936685,6209086.329420669,16391987.909670567,86.23731013084263
KS,2025-11-14,6208000.567154413,16389121.497287653,86.22223009936685,6209086.329420669,16391987.909670567,86.23731013084263
KS,2025-11-21,6208000.567154413,16389121.497287653,86.22223009936685,6209086.329420669,16391987.909670567,86.23731013084263
KS,2025-11-28,6208000.567154413,16389121.497287653,86.22223009936685,6209086.329420669,16391987.909670567,86.23731013084263
KS,2025-12-05,6208000.567154413,16389121.497287653,86.22223009936685,6209086.329420669,16391987.909670567,86.23731013084263
KS,2025-12-12,6208000.567154413,16389121.497287653,86.22223009936685,6209086.329420669,16391987.909670567,86.23731013084263
KS,2025-12-19,6208000.567154413,16389121.497287653,86.22223009936685,6209086.329420669,16391987.909670567,86.23731013084263
KS,2025-12-26,6208000.567154413,16389121.497287653,86.22223009936685,6209086.329420669,16391987.909670567,86.23731013084263
KS,2026-01-02,6208000.567154413,16389121.497287653,86.22223009936685,6209086.329420669,16391987.909670567,86.23731013084263
KS,2026-01-09,6208000.567154413,16389121.497287653,86.22223009936685,6209086.329420669,16391987.909670567,86.23731013084263
KS,2026-01-16,6208000.567154413,16389121.497287653,86.22223009936685,6209086.329420669,16391987.909670567,86.23731013084263
KS,2026-01-23,6208000.567154413,16389121.497287653,86.22223009936685,6209086.329420669,16391987.909670567,86.23731013084263
KS,2026-01-30,6208000.567154413,16389121.497287653,86.22223009936685,6209086.329420669,16391987.909670567,86.23731013084263
KS,2026-02-06,6208000.567154413,16389121.497287653,86.22223009936685,6209086.329420669,16391987.909670567,86.23731013084263
KS,2026-02-13,6208000.567154413,16389121.497287653,86.22223009936685,6209086.329420669,16391987.909670567,86.23731013084263
KS,2026-02-20,6208000.567154413,16389121.497287653,86.22223009936685,6209086.329420669,16391987.909670567,86.23731013084263
KS,2026-02-27,6208000.567154413,16389121.497287653,86.22223009936685,6209086.329420669,16391987.909670567,86.23731013084263
KS,2026-03-06,6208000.567154413,16389121.497287653,86.22223009936685,6209086.329420669,16391987.909670567,86.23731013084263
KS,2026-03-13,6208000.567154413,16389121.497287653,86.22223009936685,6209086.329420669,16391987.909670567,86.23731013084263
KS,2026-03-20,6208000.567154413,16389121.497287653,86.22223009936685,6209086.329420669,16391987.909670567,86.23731013084263
KS,2026-03-27,6208000.567154413,16389121.497287653,86.22223009936685,6209086.329420669,16391987.909670567,86.23731013084263
KS,2026-04-03,6208000.567154413,16389121.497287653,86.22223009936685,6209086.329420669,16391987.909670567,86.23731013084263
KS,2026-04-10,6208000.567154413,16389121.497287653,86.22223009936685,6209086.329420669,16391987.909670567,86.23731013084263
KS,2026-04-17,6208000.567154413,16389121.497287653,86.22223009936685,6209086.329420669,16391987.909670567,86.23731013084263
KS,2026-04-24,6208000.567154413,16389121.497287653,86.22223009936685,6209086.329420669,16391987.909670567,86.23731013084263
KS,2026-05-01,6208000.567154413,16389121.497287653,86.22223009936685,6209086.329420669,16391987.909670567,86.23731013084263
KS,2026-05-08,6208000.567154413,16389121.497287653,86.22223009936685,6209086.329420669,16391987.909670567,86.23731013084263
KS,2026-05-15,6208000.567154413,16389121.497287653,86.22223009936685,6209086.329420669,16391987.909670567,86.23731013084263
KS,2026-05-22,6208000.567154413,16389121.497287653,86.22223009936685,6209086.329420669,16391987.909670567,86.23731013084263
KS,2026-05-29,6208000.567154413,16389121.497287653,86.22223009936685,6209086.329420669,16391987.909670567,86.23731013084263
KS,2026-06-05,6208000.567154413,16389121.497287653,86.22223009936685,6209086.329420669,16391987.909670567,86.23731013084263
KS,2026-06-12,6208000.567154413,16389121.497287653,86.22223009936685,6209086.329420669,16391987.909670567,86.23731013084263
KS,2026-06-19,6208000.567154413,16389121.497287653,86.22223009936685,6209086.329420669,16391987.909670567,86.23731013084263
KS,2026-06-26,6208000.567154413,16389121.497287653,86.22223009936685,6209086.329420669,16391987.909670567,86.23731013084263
KS,2026-07-03,6208000.567154413,16389121.497287653,86.22223009936685,6209086.329420669,16391987.909670567,86.23731013084263
KS,2026-07-10,6208000.567154413,16389121.497287653,86.22223009936685,6209086.329420669,16391987.909670567,86.23731013084263
KS,2026-07-17,6208000.567154413,16389121.497287653,86.22223009936685,6209086.329420669,16391987.909670567,86.23731013084263
KY,2025-02-28,0,0,0,0,0,0
KY,2025-03-07,0,0,0,0,0,0
KY,2025-03-14,0,0,0,0,0,0
KY,2025-03-21,0,0,0,0,0,0
KY,2025-03-28,0,0,0,0,0,0
KY,2025-04-04,0,0,0,0,0,0
KY,2025-04-11,0,0,0,0,0,0
KY,2025-04-18,143502.5669147998,378846.77665507153,1.9930912071499975,143502.5669147998,378846.77665507153,1.9930912071499975
KY,2025-04-25,195499.92106353102,516119.79160772194,2.7152766814379308,195499.92106353102,516119.79160772194,2.7152766814379308
KY,2025-05-02,203137.31915056045,536282.5225574796,2.821351654868895,203137.31915056045,536282.5225574796,2.821351654868895
KY,2025-05-09,203137.31915056045,536282.5225574796,2.821351654868895,203137.31915056045,536282.5225574796,2.821351654868895
KY,2025-05-16,204206.088908202,539104.0747176532,2.836195679280583,204206.088908202,539104.0747176532,2.836195679280583
KY,2025-05-23,204206.088908202,539104.0747176532,2.836195679280583,204206.088908202,539104.0747176532,2.836195679280583
KY,2025-05-30,204206.088908202,539104.0747176532,2.836195679280583,204206.088908202,539104.0747176532,2.836195679280583
KY,2025-06-06,204206.088908202,539104.0747176532,2.836195679280583,204206.088908202,539104.0747176532,2.836195679280583
KY,2025-06-13,204206.088908202,539104.0747176532,2.836195679280583,204206.088908202,539104.0747176532,2.836195679280583
KY,2025-06-20,205311.215915378,542021.6100165979,2.851544665491361,205311.215915378,542021.6100165979,2.851544665491361
KY,2025-06-27,201982.4665950499,533233.7118109317,2.805312036042359,205311.215915378,542021.6100165979,2.851544665491361
KY,2025-07-04,201982.4665950499,533233.7118109317,2.805312036042359,205311.215915378,542021.6100165979,2.851544665491361
KY,2025-07-11,201982.4665950499,533233.7118109317,2.805312036042359,205311.215915378,542021.6100165979,2.851544665491361
KY,2025-07-18,201982.4665950499,533233.7118109317,2.805312036042359,205311.215915378,542021.6100165979,2.851544665491361
KY,2025-07-25,201982.4665950499,533233.7118109317,2.805312036042359,205311.215915378,542021.6100165979,2.851544665491361
KY,2025-08-01,201982.4665950499,533233.7118109317,2.805312036042359,205311.215915378,542021.6100165979,2.851544665491361
KY,2025-08-08,201982.4665950499,533233.7118109317,2.805312036042359,205311.215915378,542021.6100165979,2.851544665491361
KY,2025-08-15,201982.4665950499,533233.7118109317,2.805312036042359,205311.215915378,542021.6100165979,2.851544665491361
KY,2025-08-22,201982.4665950499,533233.7118109317,2.805312036042359,205311.215915378,542021.6100165979,2.851544665491361
KY,2025-08-29,201982.4665950499,533233.7118109317,2.805312036042359,205311.215915378,542021.6100165979,2.851544665491361
KY,2025-09-05,201982.4665950499,533233.7118109317,2.805312036042359,205311.215915378,542021.6100165979,2.851544665491361
KY,2025-09-12,201982.4665950499,533233.7118109317,2.805312036042359,205311.215915378,542021.6100165979,2.851544665491361
KY,2025-09-19,656495.0086881779,1733146.8229367896,9.11798623178025,659823.758008506,1741934.721142456,9.164218861229251
KY,2025-09-26,687367.6295471499,1814650.5420044758,9.546772632599303,690696.378867478,1823438.440210142,9.593005262048305
KY,2025-10-03,3699550.0430929763,9766812.113765458,51.38263948740245,3702878.7924133046,9775600.011971125,51.42887211685146
KY,2025-10-10,3704863.1123417695,9780838.61658227,51.45643211585791,3708191.8616620977,9789626.514787938,51.502664745306916
KY,2025-10-17,3704863.1123417695,9780838.61658227,51.45643211585791,3708191.8616620977,9789626.514787938,51.502664745306916
KY,2025-10-24,3704863.1123417695,9780838.61658227,51.45643211585791,3708191.8616620977,9789626.514787938,51.502664745306916
KY,2025-10-31,3704863.1123417695,9780838.61658227,51.45643211585791,3708191.8616620977,9789626.514787938,51.502664745306916
KY,2025-11-07,3704863.1123417695,9780838.61658227,51.45643211585791,3708191.8616620977,9789626.514787938,51.502664745306916
KY,2025-11-14,3704990.1483622845,9781173.991676431,51.45819650503174,3708318.897682613,9789961.889882099,51.504429134480745
KY,2025-11-21,3704991.2941775993,9781177.016628861,51.458212419133325,3708320.043497928,9789964.91483453,51.50444504858233
KY,2025-11-28,3704991.2941775993,9781177.016628861,51.458212419133325,3708320.043497928,9789964.91483453,51.50444504858233
KY,2025-12-05,3704991.2941775993,9781177.016628861,51.458212419133325,3708320.043497928,9789964.91483453,51.50444504858233
KY,2025-12-12,3704991.2941775993,9781177.016628861,51.458212419133325,3708320.043497928,9789964.91483453,51.50444504858233
KY,2025-12-19,3704991.2941775993,9781177.016628861,51.458212419133325,3708320.043497928,9789964.91483453,51.50444504858233
KY,2025-12-26,3704991.2941775993,9781177.016628861,51.458212419133325,3708320.043497928,9789964.91483453,51.50444504858233
KY,2026-01-02,3704991.2941775993,9781177.016628861,51.458212419133325,3708320.043497928,9789964.91483453,51.50444504858233
KY,2026-01-09,3704991.2941775993,9781177.016628861,51.458212419133325,3708320.043497928,9789964.91483453,51.50444504858233
KY,2026-01-16,3704991.2941775993,9781177.016628861,51.458212419133325,3708320.043497928,9789964.91483453,51.50444504858233
KY,2026-01-23,3704991.2941775993,9781177.016628861,51.458212419133325,3708320.043497928,9789964.91483453,51.50444504858233
KY,2026-01-30,3704991.2941775993,9781177.016628861,51.458212419133325,3708320.043497928,9789964.91483453,51.50444504858233
KY,2026-02-06,3704991.2941775993,9781177.016628861,51.458212419133325,3708320.043497928,9789964.91483453,51.50444504858233
KY,2026-02-13,3704991.2941775993,9781177.016628861,51.458212419133325,3708320.043497928,9789964.91483453,51.50444504858233
KY,2026-02-20,3704991.2941775993,9781177.016628861,51.458212419133325,3708320.043497928,9789964.91483453,51.50444504858233
KY,2026-02-27,3704991.2941775993,9781177.016628861,51.458212419133325,3708320.043497928,9789964.91483453,51.50444504858233
KY,2026-03-06,3704991.2941775993,9781177.016628861,51.458212419133325,3708320.043497928,9789964.91483453,51.50444504858233
KY,2026-03-13,3704991.2941775993,9781177.016628861,51.458212419133325,3708320.043497928,9789964.91483453,51.50444504858233
KY,2026-03-20,3704991.2941775993,9781177.016628861,51.458212419133325,3708320.043497928,9789964.91483453,51.50444504858233
KY,2026-03-27,3704991.2941775993,9781177.016628861,51.458212419133325,3708320.043497928,9789964.91483453,51.50444504858233
KY,2026-04-03,3704991.2941775993,9781177.016628861,51.458212419133325,3708320.043497928,9789964.91483453,51.50444504858233
KY,2026-04-10,3704991.2941775993,9781177.016628861,51.458212419133325,3708320.043497928,9789964.91483453,51.50444504858233
KY,2026-04-17,3705047.1172956927,9781324.389660629,51.45898774021796,3708375.866616021,9790112.287866296,51.505220369666965
KY,2026-04-24,3705047.1172956927,9781324.389660629,51.45898774021796,3708375.866616021,9790112.287866296,51.505220369666965
KY,2026-05-01,3705047.1172956927,9781324.389660629,51.45898774021796,3708375.866616021,9790112.287866296,51.505220369666965
KY,2026-05-08,3705510.3286023038,9782547.267510083,51.46542123058755,3708839.077922632,9791335.16571575,51.51165386003656
KY,2026-05-15,3705510.3286023038,9782547.267510083,51.46542123058755,3708839.077922632,9791335.16571575,51.51165386003656
KY,2026-05-22,3705510.3286023038,9782547.267510083,51.46542123058755,3708839.077922632,9791335.16571575,51.51165386003656
KY,2026-05-29,3705510.3286023038,9782547.267510083,51.46542123058755,3708839.077922632,9791335.16571575,51.51165386003656
KY,2026-06-05,3705510.3286023038,9782547.267510083,51.46542123058755,3708839.077922632,9791335.16571575,51.51165386003656
KY,2026-06-12,3705510.3286023038,9782547.267510083,51.46542123058755,3708839.077922632,9791335.16571575,51.51165386003656
KY,2026-06-19,3705510.3286023038,9782547.267510083,51.46542123058755,3708839.077922632,9791335.16571575,51.51165386003656
KY,2026-06-26,3705510.3286023038,9782547.267510083,51.46542123058755,3708839.077922632,9791335.16571575,51.51165386003656
KY,2026-07-03,3705510.3286023038,9782547.267510083,51.46542123058755,3708839.077922632,9791335.16571575,51.51165386003656
KY,2026-07-10,3705510.3286023038,9782547.267510083,51.46542123058755,3708839.077922632,9791335.16571575,51.51165386003656
KY,2026-07-17,3705510.3286023038,9782547.267510083,51.46542123058755,3708839.077922632,9791335.16571575,51.51165386003656
LA,2025-02-28,0,0,0,0,0,0
LA,2025-03-07,0,0,0,0,0,0
LA,2025-03-14,0,0,0,0,0,0
LA,2025-03-21,0,0,0,0,0,0
LA,2025-03-28,0,0,0,0,0,0
LA,2025-04-04,0,0,0,0,0,0
LA,2025-04-11,0,0,0,0,0,0
LA,2025-04-18,21220.10147199599,56021.06788606942,0.29472363155549985,21220.10147199599,56021.06788606942,0.29472363155549985
LA,2025-04-25,523417.4533326008,1381822.076798066,7.269686851841678,523417.4533326008,1381822.076798066,7.269686851841678
LA,2025-05-02,528027.8809798153,1393993.6057867126,7.3337205691641,528027.8809798153,1393993.6057867126,7.3337205691641
LA,2025-05-09,528406.3536722922,1394992.7736948514,7.338977134337391,528406.3536722922,1394992.7736948514,7.338977134337391
LA,2025-05-16,535386.898730665,1413421.4126489558,7.4359291490370145,535386.898730665,1413421.4126489558,7.4359291490370145
LA,2025-05-23,535386.898730665,1413421.4126489558,7.4359291490370145,535386.898730665,1413421.4126489558,7.4359291490370145
LA,2025-05-30,535386.898730665,1413421.4126489558,7.4359291490370145,535386.898730665,1413421.4126489558,7.4359291490370145
LA,2025-06-06,535386.898730665,1413421.4126489558,7.4359291490370145,535386.898730665,1413421.4126489558,7.4359291490370145
LA,2025-06-13,535386.898730665,1413421.4126489558,7.4359291490370145,535386.898730665,1413421.4126489558,7.4359291490370145
LA,2025-06-20,535939.4622342531,1414880.180298428,7.443603642142404,535939.4622342531,1414880.180298428,7.443603642142404
LA,2025-06-27,528409.4823817272,1395001.0334877598,7.339020588635099,535939.4622342531,1414880.180298428,7.443603642142404
LA,2025-07-04,528409.4823817272,1395001.0334877598,7.339020588635099,535939.4622342531,1414880.180298428,7.443603642142404
LA,2025-07-11,528409.4823817272,1395001.0334877598,7.339020588635099,535939.4622342531,1414880.180298428,7.443603642142404
LA,2025-07-18,528409.4823817272,1395001.0334877598,7.339020588635099,535939.4622342531,1414880.180298428,7.443603642142404
LA,2025-07-25,528409.4823817272,1395001.0334877598,7.339020588635099,535939.4622342531,1414880.180298428,7.443603642142404
LA,2025-08-01,528409.4823817272,1395001.0334877598,7.339020588635099,535939.4622342531,1414880.180298428,7.443603642142404
LA,2025-08-08,528409.4823817272,1395001.0334877598,7.339020588635099,535939.4622342531,1414880.180298428,7.443603642142404
LA,2025-08-15,528409.4823817272,1395001.0334877598,7.339020588635099,535939.4622342531,1414880.180298428,7.443603642142404
LA,2025-08-22,528409.4823817272,1395001.0334877598,7.339020588635099,535939.4622342531,1414880.180298428,7.443603642142404
LA,2025-08-29,528409.4823817272,1395001.0334877598,7.339020588635099,535939.4622342531,1414880.180298428,7.443603642142404
LA,2025-09-05,528409.4823817272,1395001.0334877598,7.339020588635099,535939.4622342531,1414880.180298428,7.443603642142404
LA,2025-09-12,528409.4823817272,1395001.0334877598,7.339020588635099,535939.4622342531,1414880.180298428,7.443603642142404
LA,2025-09-19,528983.3226187988,1396515.971713629,7.346990591927762,536513.3024713247,1416395.1185242976,7.451573645435066
LA,2025-09-26,529017.015218514,1396604.9201768774,7.347458544701584,536546.9950710399,1416484.0669875457,7.452041598208888
LA,2025-10-03,6441495.441627783,17005547.965897348,89.46521446705255,6449025.421480308,17025427.112708017,89.56979752055985
LA,2025-10-10,6462479.310452296,17060945.37959406,89.75665708961523,6470009.290304822,17080824.52640473,89.86124014312254
LA,2025-10-17,6462479.310452296,17060945.37959406,89.75665708961523,6470009.290304822,17080824.52640473,89.86124014312254
LA,2025-10-24,6462479.310452296,17060945.37959406,89.75665708961523,6470009.290304822,17080824.52640473,89.86124014312254
LA,2025-10-31,6462479.310452296,17060945.37959406,89.75665708961523,6470009.290304822,17080824.52640473,89.86124014312254
LA,2025-11-07,6462479.310452296,17060945.37959406,89.75665708961523,6470009.290304822,17080824.52640473,89.86124014312254
LA,2025-11-14,6462479.310452296,17060945.37959406,89.75665708961523,6470009.290304822,17080824.52640473,89.86124014312254
LA,2025-11-21,6462479.310452296,17060945.37959406,89.75665708961523,6470009.290304822,17080824.52640473,89.86124014312254
LA,2025-11-28,6462479.310452296,17060945.37959406,89.75665708961523,6470009.290304822,17080824.52640473,89.86124014312254
LA,2025-12-05,6462479.310452296,17060945.37959406,89.75665708961523,6470009.290304822,17080824.52640473,89.86124014312254
LA,2025-12-12,6462479.310452296,17060945.37959406,89.75665708961523,6470009.290304822,17080824.52640473,89.86124014312254
LA,2025-12-19,6462479.310452296,17060945.37959406,89.75665708961523,6470009.290304822,17080824.52640473,89.86124014312254
LA,2025-12-26,6462479.310452296,17060945.37959406,89.75665708961523,6470009.290304822,17080824.52640473,89.86124014312254
LA,2026-01-02,6462479.310452296,17060945.37959406,89.75665708961523,6470009.290304822,17080824.52640473,89.86124014312254
LA,2026-01-09,6462479.310452296,17060945.37959406,89.75665708961523,6470009.290304822,17080824.52640473,89.86124014312254
LA,2026-01-16,6462479.310452296,17060945.37959406,89.75665708961523,6470009.290304822,17080824.52640473,89.86124014312254
LA,2026-01-23,6462479.310452296,17060945.37959406,89.75665708961523,6470009.290304822,17080824.52640473,89.86124014312254
LA,2026-01-30,6462479.310452296,17060945.37959406,89.75665708961523,6470009.290304822,17080824.52640473,89.86124014312254
LA,2026-02-06,6462479.310452296,17060945.37959406,89.75665708961523,6470009.290304822,17080824.52640473,89.86124014312254
LA,2026-02-13,6462479.310452296,17060945.37959406,89.75665708961523,6470009.290304822,17080824.52640473,89.86124014312254
LA,2026-02-20,6462479.310452296,17060945.37959406,89.75665708961523,6470009.290304822,17080824.52640473,89.86124014312254
LA,2026-02-27,6462479.310452296,17060945.37959406,89.75665708961523,6470009.290304822,17080824.52640473,89.86124014312254
LA,2026-03-06,6462479.310452296,17060945.37959406,89.75665708961523,6470009.290304822,17080824.52640473,89.86124014312254
LA,2026-03-13,6462479.310452296,17060945.37959406,89.75665708961523,6470009.290304822,17080824.52640473,89.86124014312254
LA,2026-03-20,6462479.310452296,17060945.37959406,89.75665708961523,6470009.290304822,17080824.52640473,89.86124014312254
LA,2026-03-27,6462479.310452296,17060945.37959406,89.75665708961523,6470009.290304822,17080824.52640473,89.86124014312254
LA,2026-04-03,6462479.310452296,17060945.37959406,89.75665708961523,6470009.290304822,17080824.52640473,89.86124014312254
LA,2026-04-10,6462479.310452296,17060945.37959406,89.75665708961523,6470009.290304822,17080824.52640473,89.86124014312254
LA,2026-04-17,6462479.310452296,17060945.37959406,89.75665708961523,6470009.290304822,17080824.52640473,89.86124014312254
LA,2026-04-24,6462479.310452296,17060945.37959406,89.75665708961523,6470009.290304822,17080824.52640473,89.86124014312254
LA,2026-05-01,6462479.310452296,17060945.37959406,89.75665708961523,6470009.290304822,17080824.52640473,89.86124014312254
LA,2026-05-08,6462479.310452296,17060945.37959406,89.75665708961523,6470009.290304822,17080824.52640473,89.86124014312254
LA,2026-05-15,6462479.310452296,17060945.37959406,89.75665708961523,6470009.290304822,17080824.52640473,89.86124014312254
LA,2026-05-22,6462479.310452296,17060945.37959406,89.75665708961523,6470009.290304822,17080824.52640473,89.86124014312254
LA,2026-05-29,6462479.310452296,17060945.37959406,89.75665708961523,6470009.290304822,17080824.52640473,89.86124014312254
LA,2026-06-05,6462479.310452296,17060945.37959406,89.75665708961523,6470009.290304822,17080824.52640473,89.86124014312254
LA,2026-06-12,6462479.310452296,17060945.37959406,89.75665708961523,6470009.290304822,17080824.52640473,89.86124014312254
LA,2026-06-19,6462479.310452296,17060945.37959406,89.75665708961523,6470009.290304822,17080824.52640473,89.86124014312254
LA,2026-06-26,6462479.310452296,17060945.37959406,89.75665708961523,6470009.290304822,17080824.52640473,89.86124014312254
LA,2026-07-03,6462479.310452296,17060945.37959406,89.75665708961523,6470009.290304822,17080824.52640473,89.86124014312254
LA,2026-07-10,6462479.310452296,17060945.37959406,89.75665708961523,6470009.290304822,17080824.52640473,89.86124014312254
LA,2026-07-17,6462479.310452296,17060945.37959406,89.75665708961523,6470009.290304822,17080824.52640473,89.86124014312254
MA,2025-02-28,0,0,0,0,0,0
MA,2025-03-07,0,0,0,0,0,0
MA,2025-03-14,0,0,0,0,0,0
MA,2025-03-21,0,0,0,0,0,0
MA,2025-03-28,0,0,0,0,0,0
MA,2025-04-04,0,0,0,0,0,0
MA,2025-04-11,0,0,0,0,0,0
MA,2025-04-18,37120.13666485973,97997.16079522969,0.5155574536786074,37120.13666485973,97997.16079522969,0.5155574536786074
MA,2025-04-25,7266204.064768779,19182778.73098958,100.91950089956639,7266204.064768779,19182778.73098958,100.91950089956639
MA,2025-05-02,7290884.30444143,19247934.56372538,101.26228200613097,7290884.30444143,19247934.56372538,101.26228200613097
MA,2025-05-09,7290884.30444143,19247934.56372538,101.26228200613097,7290884.30444143,19247934.56372538,101.26228200613097
MA,2025-05-16,80910045.77719252,213602520.85178825,1123.7506357943407,80910045.77719252,213602520.85178825,1123.7506357943407
MA,2025-05-23,80910045.77719252,213602520.85178825,1123.7506357943407,80910045.77719252,213602520.85178825,1123.7506357943407
MA,2025-05-30,80910045.77719252,213602520.85178825,1123.7506357943407,80910045.77719252,213602520.85178825,1123.7506357943407
MA,2025-06-06,80910045.77719252,213602520.85178825,1123.7506357943407,80910045.77719252,213602520.85178825,1123.7506357943407
MA,2025-06-13,76760773.69034734,202648442.542517,1066.12185681038,80910045.77719252,213602520.85178825,1123.7506357943407
MA,2025-06-20,76761602.53560273,202650630.69399118,1066.133368550038,80910874.62244791,213604709.0032625,1123.7621475339988
MA,2025-06-27,75369387.89274493,198975184.03684664,1046.7970540659019,80910874.62244791,213604709.0032625,1123.7621475339988
MA,2025-07-04,75369387.89274493,198975184.03684664,1046.7970540659019,80910874.62244791,213604709.0032625,1123.7621475339988
MA,2025-07-11,75369387.89274493,198975184.03684664,1046.7970540659019,80910874.62244791,213604709.0032625,1123.7621475339988
MA,2025-07-18,75369387.89274493,198975184.03684664,1046.7970540659019,80910874.62244791,213604709.0032625,1123.7621475339988
MA,2025-07-25,75369387.89274493,198975184.03684664,1046.7970540659019,80910874.62244791,213604709.0032625,1123.7621475339988
MA,2025-08-01,75369387.89274493,198975184.03684664,1046.7970540659019,80910874.62244791,213604709.0032625,1123.7621475339988
MA,2025-08-08,75369387.89274493,198975184.03684664,1046.7970540659019,80910874.62244791,213604709.0032625,1123.7621475339988
MA,2025-08-15,75369387.89274493,198975184.03684664,1046.7970540659019,80910874.62244791,213604709.0032625,1123.7621475339988
MA,2025-08-22,75369387.89274493,198975184.03684664,1046.7970540659019,80910874.62244791,213604709.0032625,1123.7621475339988
MA,2025-08-29,75369387.89274493,198975184.03684664,1046.7970540659019,80910874.62244791,213604709.0032625,1123.7621475339988
MA,2025-09-05,75369387.89274493,198975184.03684664,1046.7970540659019,80910874.62244791,213604709.0032625,1123.7621475339988
MA,2025-09-12,75369387.89274493,198975184.03684664,1046.7970540659019,80910874.62244791,213604709.0032625,1123.7621475339988
MA,2025-09-19,7562055.929372029,19963827.653542157,105.02855457461153,81178603.9352815,214311514.38914317,1127.4806102122432
MA,2025-09-26,7563768.255131583,19968348.19354738,105.05233687682754,81180316.26104106,214316034.92914838,1127.5043925144594
MA,2025-10-03,23499813.620201975,62039507.957333215,326.386300280583,97116361.62611145,256387194.69293424,1348.8383559182146
MA,2025-10-10,23548407.731122643,62167796.41016378,327.0612184878145,97164955.73703213,256515483.14576477,1349.5132741254463
MA,2025-10-17,23548407.731122643,62167796.41016378,327.0612184878145,97164955.73703213,256515483.14576477,1349.5132741254463
MA,2025-10-24,23548407.731122643,62167796.41016378,327.0612184878145,97164955.73703213,256515483.14576477,1349.5132741254463
MA,2025-10-31,23548407.731122643,62167796.41016378,327.0612184878145,97164955.73703213,256515483.14576477,1349.5132741254463
MA,2025-11-07,23548407.731122643,62167796.41016378,327.0612184878145,97164955.73703213,256515483.14576477,1349.5132741254463
MA,2025-11-14,23548709.509381607,62168593.10476744,327.06540985252235,97165257.51529108,256516279.84036848,1349.517465490154
MA,2025-11-21,23548713.519735202,62168603.69210094,327.0654655518779,97165261.52564467,256516290.42770198,1349.5175211895096
MA,2025-11-28,23548713.519735202,62168603.69210094,327.0654655518779,97165261.52564467,256516290.42770198,1349.5175211895096
MA,2025-12-05,23548713.519735202,62168603.69210094,327.0654655518779,97165261.52564467,256516290.42770198,1349.5175211895096
MA,2025-12-12,23548713.519735202,62168603.69210094,327.0654655518779,97165261.52564467,256516290.42770198,1349.5175211895096
MA,2025-12-19,23548713.519735202,62168603.69210094,327.0654655518779,97165261.52564467,256516290.42770198,1349.5175211895096
MA,2025-12-26,23541745.778604135,62150208.855514914,326.96869136950187,97165261.52564467,256516290.42770198,1349.5175211895096
MA,2026-01-02,23541745.778604135,62150208.855514914,326.96869136950187,97165261.52564467,256516290.42770198,1349.5175211895096
MA,2026-01-09,23541745.778604135,62150208.855514914,326.96869136950187,97165261.52564467,256516290.42770198,1349.5175211895096
MA,2026-01-16,23541745.778604135,62150208.855514914,326.96869136950187,97165261.52564467,256516290.42770198,1349.5175211895096
MA,2026-01-23,23541745.778604135,62150208.855514914,326.96869136950187,97165261.52564467,256516290.42770198,1349.5175211895096
MA,2026-01-30,23541745.778604135,62150208.855514914,326.96869136950187,97165261.52564467,256516290.42770198,1349.5175211895096
MA,2026-02-06,23541745.778604135,62150208.855514914,326.96869136950187,97165261.52564467,256516290.42770198,1349.5175211895096
MA,2026-02-13,23541745.778604135,62150208.855514914,326.96869136950187,97165261.52564467,256516290.42770198,1349.5175211895096
MA,2026-02-20,23541745.778604135,62150208.855514914,326.96869136950187,97165261.52564467,256516290.42770198,1349.5175211895096
MA,2026-02-27,23541745.778604135,62150208.855514914,326.96869136950187,97165261.52564467,256516290.42770198,1349.5175211895096
MA,2026-03-06,23541745.778604135,62150208.855514914,326.96869136950187,97165261.52564467,256516290.42770198,1349.5175211895096
MA,2026-03-13,23541745.778604135,62150208.855514914,326.96869136950187,97165261.52564467,256516290.42770198,1349.5175211895096
MA,2026-03-20,23541745.778604135,62150208.855514914,326.96869136950187,97165261.52564467,256516290.42770198,1349.5175211895096
MA,2026-03-27,23541745.778604135,62150208.855514914,326.96869136950187,97165261.52564467,256516290.42770198,1349.5175211895096
MA,2026-04-03,23541745.778604135,62150208.855514914,326.96869136950187,97165261.52564467,256516290.42770198,1349.5175211895096
MA,2026-04-10,23541745.778604135,62150208.855514914,326.96869136950187,97165261.52564467,256516290.42770198,1349.5175211895096
MA,2026-04-17,23541871.380619846,62150540.444836386,326.9704358419423,97165387.1276604,256516622.01702344,1349.51926566195
MA,2026-04-24,23541871.380619846,62150540.444836386,326.9704358419423,97165387.1276604,256516622.01702344,1349.51926566195
MA,2026-05-01,23541871.380619846,62150540.444836386,326.9704358419423,97165387.1276604,256516622.01702344,1349.51926566195
MA,2026-05-08,23609526.014957674,62329148.679488264,327.91008354107885,97233041.7619982,256695230.25167528,1350.4589133610864
MA,2026-05-15,23609526.014957674,62329148.679488264,327.91008354107885,97233041.7619982,256695230.25167528,1350.4589133610864
MA,2026-05-22,23609526.014957674,62329148.679488264,327.91008354107885,97233041.7619982,256695230.25167528,1350.4589133610864
MA,2026-05-29,23609526.014957674,62329148.679488264,327.91008354107885,97233041.7619982,256695230.25167528,1350.4589133610864
MA,2026-06-05,23609526.014957674,62329148.679488264,327.91008354107885,97233041.7619982,256695230.25167528,1350.4589133610864
MA,2026-06-12,23609526.014957674,62329148.679488264,327.91008354107885,97233041.7619982,256695230.25167528,1350.4589133610864
MA,2026-06-19,23609526.014957674,62329148.679488264,327.91008354107885,97233041.7619982,256695230.25167528,1350.4589133610864
MA,2026-06-26,23609526.014957674,62329148.679488264,327.91008354107885,97233041.7619982,256695230.25167528,1350.4589133610864
MA,2026-07-03,23609526.014957674,62329148.679488264,327.91008354107885,97233041.7619982,256695230.25167528,1350.4589133610864
MA,2026-07-10,23609526.014957674,62329148.679488264,327.91008354107885,97233041.7619982,256695230.25167528,1350.4589133610864
MA,2026-07-17,23609526.014957674,62329148.679488264,327.91008354107885,97233041.7619982,256695230.25167528,1350.4589133610864
MD,2025-02-28,0,0,0,0,0,0
MD,2025-03-07,0,0,0,0,0,0
MD,2025-03-14,0,0,0,0,0,0
MD,2025-03-21,0,0,0,0,0,0
MD,2025-03-28,0,0,0,0,0,0
MD,2025-04-04,0,0,0,0,0,0
MD,2025-04-11,0,0,0,0,0,0
MD,2025-04-18,424454.3253899786,1120559.4190295436,5.895198963749704,424454.3253899786,1120559.4190295436,5.895198963749704
MD,2025-04-25,2410383.7289927006,6363413.04454073,33.47755179156529,2410383.7289927006,6363413.04454073,33.47755179156529
MD,2025-05-02,10695588.07356122,28236352.514201615,148.5498343550169,10695588.07356122,28236352.514201615,148.5498343550169
MD,2025-05-09,10695588.07356122,28236352.514201615,148.5498343550169,10695588.07356122,28236352.514201615,148.5498343550169
MD,2025-05-16,11449156.299812466,30225772.63150491,159.0160597196176,11449156.299812466,30225772.63150491,159.0160597196176
MD,2025-05-23,11449156.299812466,30225772.63150491,159.0160597196176,11449156.299812466,30225772.63150491,159.0160597196176
MD,2025-05-30,11449156.299812466,30225772.63150491,159.0160597196176,11449156.299812466,30225772.63150491,159.0160597196176
MD,2025-06-06,11449156.299812466,30225772.63150491,159.0160597196176,11449156.299812466,30225772.63150491,159.0160597196176
MD,2025-06-13,11149159.705496076,29433781.622509643,154.84944035411218,11449158.970236275,30225779.68142377,159.01609680883718
MD,2025-06-20,11149159.705496076,29433781.622509643,154.84944035411218,11449158.970236275,30225779.68142377,159.01609680883718
MD,2025-06-27,11132732.008564493,29390412.502610262,154.62127789672905,11449158.970236275,30225779.68142377,159.01609680883718
MD,2025-07-04,11132732.008564493,29390412.502610262,154.62127789672905,11449158.970236275,30225779.68142377,159.01609680883718
MD,2025-07-11,11132732.008564493,29390412.502610262,154.62127789672905,11449158.970236275,30225779.68142377,159.01609680883718
MD,2025-07-18,11132732.008564493,29390412.502610262,154.62127789672905,11449158.970236275,30225779.68142377,159.01609680883718
MD,2025-07-25,11153855.436230917,29446178.35164962,154.9146588365405,11470282.397902701,30281545.53046313,159.3094777486486
MD,2025-08-01,11153855.436230917,29446178.35164962,154.9146588365405,11470282.397902701,30281545.53046313,159.3094777486486
MD,2025-08-08,11132732.008564493,29390412.502610262,154.62127789672905,11470282.397902701,30281545.53046313,159.3094777486486
MD,2025-08-15,11115915.411822518,29346016.68721145,154.38771405309052,11470282.397902701,30281545.53046313,159.3094777486486
MD,2025-08-22,11115915.411822518,29346016.68721145,154.38771405309052,11470282.397902701,30281545.53046313,159.3094777486486
MD,2025-08-29,11115915.411822518,29346016.68721145,154.38771405309052,11470282.397902701,30281545.53046313,159.3094777486486
MD,2025-09-05,11115915.411822518,29346016.68721145,154.38771405309052,11470282.397902701,30281545.53046313,159.3094777486486
MD,2025-09-12,11115915.411822518,29346016.68721145,154.38771405309052,11470282.397902701,30281545.53046313,159.3094777486486
MD,2025-09-19,13171352.880073529,34772371.60339412,182.93545666768793,13525719.866153713,35707900.446645804,187.85722036324603
MD,2025-09-26,13253496.156489372,34989229.85313194,184.07633550679682,13607863.142569553,35924758.69638362,188.99809920235492
MD,2025-10-03,38453405.465366125,101516990.42856655,534.0750759078628,38807772.4514463,102452519.27181825,538.9968396034209
MD,2025-10-10,43530076.55832126,114919402.11396812,604.5843966433508,43884443.54440144,115854930.95721981,609.5061603389089
MD,2025-10-17,43530076.55832126,114919402.11396812,604.5843966433508,43884443.54440144,115854930.95721981,609.5061603389089
MD,2025-10-24,43530076.55832126,114919402.11396812,604.5843966433508,43884443.54440144,115854930.95721981,609.5061603389089
MD,2025-10-31,43530076.55832126,114919402.11396812,604.5843966433508,43884443.54440144,115854930.95721981,609.5061603389089
MD,2025-11-07,43530076.55832126,114919402.11396812,604.5843966433508,43884443.54440144,115854930.95721981,609.5061603389089
MD,2025-11-14,43599031.929649875,115101444.29427569,605.5421101340261,43953398.91573006,116036973.13752735,610.4638738295841
MD,2025-11-21,43599037.0858188,115101457.90656164,605.5421817474833,43953404.07189897,116036986.74981329,610.4639454430413
MD,2025-11-28,43599037.0858188,115101457.90656164,605.5421817474833,43953404.07189897,116036986.74981329,610.4639454430413
MD,2025-12-05,43599037.0858188,115101457.90656164,605.5421817474833,43953404.07189897,116036986.74981329,610.4639454430413
MD,2025-12-12,43599037.0858188,115101457.90656164,605.5421817474833,43953404.07189897,116036986.74981329,610.4639454430413
MD,2025-12-19,43599037.0858188,115101457.90656164,605.5421817474833,43953404.07189897,116036986.74981329,610.4639454430413
MD,2025-12-26,43597364.82794733,115097043.14578098,605.5189559437131,43953404.07189897,116036986.74981329,610.4639454430413
MD,2026-01-02,43597364.82794733,115097043.14578098,605.5189559437131,43953404.07189897,116036986.74981329,610.4639454430413
MD,2026-01-09,43597364.82794733,115097043.14578098,605.5189559437131,43953404.07189897,116036986.74981329,610.4639454430413
MD,2026-01-16,43597364.82794733,115097043.14578098,605.5189559437131,43953404.07189897,116036986.74981329,610.4639454430413
MD,2026-01-23,43597364.82794733,115097043.14578098,605.5189559437131,43953404.07189897,116036986.74981329,610.4639454430413
MD,2026-01-30,43597364.82794733,115097043.14578098,605.5189559437131,43953404.07189897,116036986.74981329,610.4639454430413
MD,2026-02-06,43597364.82794733,115097043.14578098,605.5189559437131,43953404.07189897,116036986.74981329,610.4639454430413
MD,2026-02-13,43597364.82794733,115097043.14578098,605.5189559437131,43953404.07189897,116036986.74981329,610.4639454430413
MD,2026-02-20,43597364.82794733,115097043.14578098,605.5189559437131,43953404.07189897,116036986.74981329,610.4639454430413
MD,2026-02-27,43597364.82794733,115097043.14578098,605.5189559437131,43953404.07189897,116036986.74981329,610.4639454430413
MD,2026-03-06,43597364.82794733,115097043.14578098,605.5189559437131,43953404.07189897,116036986.74981329,610.4639454430413
MD,2026-03-13,43597364.82794733,115097043.14578098,605.5189559437131,43953404.07189897,116036986.74981329,610.4639454430413
MD,2026-03-20,43597364.82794733,115097043.14578098,605.5189559437131,43953404.07189897,116036986.74981329,610.4639454430413
MD,2026-03-27,43597364.82794733,115097043.14578098,605.5189559437131,43953404.07189897,116036986.74981329,610.4639454430413
MD,2026-04-03,43597364.82794733,115097043.14578098,605.5189559437131,43953404.07189897,116036986.74981329,610.4639454430413
MD,2026-04-10,43598144.31447432,115099100.99021223,605.5297821454767,43954183.558425955,116039044.59424454,610.474771644805
MD,2026-04-17,43598186.18181289,115099211.51998603,605.5303636362902,43954225.42576452,116039155.12401834,610.4753531356184
MD,2026-04-24,43598186.18181289,115099211.51998603,605.5303636362902,43954225.42576452,116039155.12401834,610.4753531356184
MD,2026-05-01,43598186.18181289,115099211.51998603,605.5303636362902,43954225.42576452,116039155.12401834,610.4753531356184
MD,2026-05-08,43598246.45434729,115099370.63947687,605.5312007548235,43954285.69829892,116039314.24350917,610.4761902541518
MD,2026-05-15,43598246.45434729,115099370.63947687,605.5312007548235,43954285.69829892,116039314.24350917,610.4761902541518
MD,2026-05-22,43598246.45434729,115099370.63947687,605.5312007548235,43954285.69829892,116039314.24350917,610.4761902541518
MD,2026-05-29,43598246.45434729,115099370.63947687,605.5312007548235,43954285.69829892,116039314.24350917,610.4761902541518
MD,2026-06-05,43598246.45434729,115099370.63947687,605.5312007548235,43954285.69829892,116039314.24350917,610.4761902541518
MD,2026-06-12,43598246.45434729,115099370.63947687,605.5312007548235,43954285.69829892,116039314.24350917,610.4761902541518
MD,2026-06-19,43598246.45434729,115099370.63947687,605.5312007548235,43954285.69829892,116039314.24350917,610.4761902541518
MD,2026-06-26,43598246.45434729,115099370.63947687,605.5312007548235,43954285.69829892,116039314.24350917,610.4761902541518
MD,2026-07-03,43598246.45434729,115099370.63947687,605.5312007548235,43954285.69829892,116039314.24350917,610.4761902541518
MD,2026-07-10,43598246.45434729,115099370.63947687,605.5312007548235,43954285.69829892,116039314.24350917,610.4761902541518
MD,2026-07-17,43598246.45434729,115099370.63947687,605.5312007548235,43954285.69829892,116039314.24350917,610.4761902541518
ME,2025-02-28,0,0,0,0,0,0
ME,2025-03-07,0,0,0,0,0,0
ME,2025-03-14,0,0,0,0,0,0
ME,2025-03-21,0,0,0,0,0,0
ME,2025-03-28,0,0,0,0,0,0
ME,2025-04-04,0,0,0,0,0,0
ME,2025-04-11,0,0,0,0,0,0
ME,2025-04-18,15100.351118468481,39864.92695275679,0.2097270988676178,15100.351118468481,39864.92695275679,0.2097270988676178
ME,2025-04-25,88922.78263662996,234756.14616070312,1.2350386477309718,88922.78263662996,234756.14616070312,1.2350386477309718
ME,2025-05-02,92188.7939820127,243378.41611251354,1.2803999164168431,92188.7939820127,243378.41611251354,1.2803999164168431
ME,2025-05-09,92188.7939820127,243378.41611251354,1.2803999164168431,92188.7939820127,243378.41611251354,1.2803999164168431
ME,2025-05-16,94962.76146295649,250701.69026220517,1.3189272425410625,94962.76146295649,250701.69026220517,1.3189272425410625
ME,2025-05-23,94962.76146295649,250701.69026220517,1.3189272425410625,94962.76146295649,250701.69026220517,1.3189272425410625
ME,2025-05-30,94962.76146295649,250701.69026220517,1.3189272425410625,94962.76146295649,250701.69026220517,1.3189272425410625
ME,2025-06-06,94962.76146295649,250701.69026220517,1.3189272425410625,94962.76146295649,250701.69026220517,1.3189272425410625
ME,2025-06-13,94962.76146295649,250701.69026220517,1.3189272425410625,94962.76146295649,250701.69026220517,1.3189272425410625
ME,2025-06-20,94962.76146295649,250701.69026220517,1.3189272425410625,94962.76146295649,250701.69026220517,1.3189272425410625
ME,2025-06-27,91449.05531999994,241425.50604479987,1.2701257683333327,94962.76146295649,250701.69026220517,1.3189272425410625
ME,2025-07-04,91449.05531999994,241425.50604479987,1.2701257683333327,94962.76146295649,250701.69026220517,1.3189272425410625
ME,2025-07-11,91449.05531999994,241425.50604479987,1.2701257683333327,94962.76146295649,250701.69026220517,1.3189272425410625
ME,2025-07-18,91449.05531999994,241425.50604479987,1.2701257683333327,94962.76146295649,250701.69026220517,1.3189272425410625
ME,2025-07-25,91449.05531999994,241425.50604479987,1.2701257683333327,94962.76146295649,250701.69026220517,1.3189272425410625
ME,2025-08-01,91449.05531999994,241425.50604479987,1.2701257683333327,94962.76146295649,250701.69026220517,1.3189272425410625
ME,2025-08-08,91449.05531999994,241425.50604479987,1.2701257683333327,94962.76146295649,250701.69026220517,1.3189272425410625
ME,2025-08-15,91449.05531999994,241425.50604479987,1.2701257683333327,94962.76146295649,250701.69026220517,1.3189272425410625
ME,2025-08-22,91449.05531999994,241425.50604479987,1.2701257683333327,94962.76146295649,250701.69026220517,1.3189272425410625
ME,2025-08-29,91449.05531999994,241425.50604479987,1.2701257683333327,94962.76146295649,250701.69026220517,1.3189272425410625
ME,2025-09-05,91449.05531999994,241425.50604479987,1.2701257683333327,94962.76146295649,250701.69026220517,1.3189272425410625
ME,2025-09-12,91449.05531999994,241425.50604479987,1.2701257683333327,94962.76146295649,250701.69026220517,1.3189272425410625
ME,2025-09-19,92991.16237290656,245496.66866447334,1.2915439218459246,96504.86851586313,254772.85288187867,1.3403453960536544
ME,2025-09-26,93055.79290673565,245667.29327378212,1.2924415681491064,96569.49904969221,254943.47749118743,1.3412430423568362
ME,2025-10-03,144162.91266529658,380590.089436383,2.002262675906897,147676.61880825314,389866.2736537883,2.051064150114627
ME,2025-10-10,146083.28621070925,385659.87559627247,2.028934530704295,149596.99235366582,394936.0598136778,2.0777360049120257
ME,2025-10-17,146083.28621070925,385659.87559627247,2.028934530704295,149596.99235366582,394936.0598136778,2.0777360049120257
ME,2025-10-24,146083.28621070925,385659.87559627247,2.028934530704295,149596.99235366582,394936.0598136778,2.0777360049120257
ME,2025-10-31,146083.28621070925,385659.87559627247,2.028934530704295,149596.99235366582,394936.0598136778,2.0777360049120257
ME,2025-11-07,146083.28621070925,385659.87559627247,2.028934530704295,149596.99235366582,394936.0598136778,2.0777360049120257
ME,2025-11-14,146086.0057816975,385667.05526368134,2.0289723025235764,149599.71192465405,394943.23948108667,2.0777737767313065
ME,2025-11-21,146086.0057816975,385667.05526368134,2.0289723025235764,149599.71192465405,394943.23948108667,2.0777737767313065
ME,2025-11-28,146086.0057816975,385667.05526368134,2.0289723025235764,149599.71192465405,394943.23948108667,2.0777737767313065
ME,2025-12-05,146086.0057816975,385667.05526368134,2.0289723025235764,149599.71192465405,394943.23948108667,2.0777737767313065
ME,2025-12-12,146086.0057816975,385667.05526368134,2.0289723025235764,149599.71192465405,394943.23948108667,2.0777737767313065
ME,2025-12-19,146086.0057816975,385667.05526368134,2.0289723025235764,149599.71192465405,394943.23948108667,2.0777737767313065
ME,2025-12-26,145807.29613645465,384931.26180024026,2.0251013352285367,149599.71192465405,394943.23948108667,2.0777737767313065
ME,2026-01-02,145807.29613645465,384931.26180024026,2.0251013352285367,149599.71192465405,394943.23948108667,2.0777737767313065
ME,2026-01-09,145807.29613645465,384931.26180024026,2.0251013352285367,149599.71192465405,394943.23948108667,2.0777737767313065
ME,2026-01-16,145807.29613645465,384931.26180024026,2.0251013352285367,149599.71192465405,394943.23948108667,2.0777737767313065
ME,2026-01-23,145807.29613645465,384931.26180024026,2.0251013352285367,149599.71192465405,394943.23948108667,2.0777737767313065
ME,2026-01-30,145807.29613645465,384931.26180024026,2.0251013352285367,149599.71192465405,394943.23948108667,2.0777737767313065
ME,2026-02-06,145807.29613645465,384931.26180024026,2.0251013352285367,149599.71192465405,394943.23948108667,2.0777737767313065
ME,2026-02-13,145807.29613645465,384931.26180024026,2.0251013352285367,149599.71192465405,394943.23948108667,2.0777737767313065
ME,2026-02-20,145807.29613645465,384931.26180024026,2.0251013352285367,149599.71192465405,394943.23948108667,2.0777737767313065
ME,2026-02-27,145807.29613645465,384931.26180024026,2.0251013352285367,149599.71192465405,394943.23948108667,2.0777737767313065
ME,2026-03-06,145807.29613645465,384931.26180024026,2.0251013352285367,149599.71192465405,394943.23948108667,2.0777737767313065
ME,2026-03-13,145807.29613645465,384931.26180024026,2.0251013352285367,149599.71192465405,394943.23948108667,2.0777737767313065
ME,2026-03-20,145807.29613645465,384931.26180024026,2.0251013352285367,149599.71192465405,394943.23948108667,2.0777737767313065
ME,2026-03-27,145807.29613645465,384931.26180024026,2.0251013352285367,149599.71192465405,394943.23948108667,2.0777737767313065
ME,2026-04-03,145807.29613645465,384931.26180024026,2.0251013352285367,149599.71192465405,394943.23948108667,2.0777737767313065
ME,2026-04-10,145807.29613645465,384931.26180024026,2.0251013352285367,149599.71192465405,394943.23948108667,2.0777737767313065
ME,2026-04-17,145807.29613645465,384931.26180024026,2.0251013352285367,149599.71192465405,394943.23948108667,2.0777737767313065
ME,2026-04-24,145807.29613645465,384931.26180024026,2.0251013352285367,149599.71192465405,394943.23948108667,2.0777737767313065
ME,2026-05-01,145807.29613645465,384931.26180024026,2.0251013352285367,149599.71192465405,394943.23948108667,2.0777737767313065
ME,2026-05-08,145886.53763945313,385140.4593681563,2.0262019116590717,149678.95342765254,395152.43704900274,2.078874353161841
ME,2026-05-15,145886.53763945313,385140.4593681563,2.0262019116590717,149678.95342765254,395152.43704900274,2.078874353161841
ME,2026-05-22,145886.53763945313,385140.4593681563,2.0262019116590717,149678.95342765254,395152.43704900274,2.078874353161841
ME,2026-05-29,145886.53763945313,385140.4593681563,2.0262019116590717,149678.95342765254,395152.43704900274,2.078874353161841
ME,2026-06-05,145886.53763945313,385140.4593681563,2.0262019116590717,149678.95342765254,395152.43704900274,2.078874353161841
ME,2026-06-12,145886.53763945313,385140.4593681563,2.0262019116590717,149678.95342765254,395152.43704900274,2.078874353161841
ME,2026-06-19,145886.53763945313,385140.4593681563,2.0262019116590717,149678.95342765254,395152.43704900274,2.078874353161841
ME,2026-06-26,145886.53763945313,385140.4593681563,2.0262019116590717,149678.95342765254,395152.43704900274,2.078874353161841
ME,2026-07-03,145886.53763945313,385140.4593681563,2.0262019116590717,149678.95342765254,395152.43704900274,2.078874353161841
ME,2026-07-10,145886.53763945313,385140.4593681563,2.0262019116590717,149678.95342765254,395152.43704900274,2.078874353161841
ME,2026-07-17,145886.53763945313,385140.4593681563,2.0262019116590717,149678.95342765254,395152.43704900274,2.078874353161841
MI,2025-02-28,0,0,0,0,0,0
MI,2025-03-07,0,0,0,0,0,0
MI,2025-03-14,0,0,0,0,0,0
MI,2025-03-21,0,0,0,0,0,0
MI,2025-03-28,0,0,0,0,0,0
MI,2025-04-04,0,0,0,0,0,0
MI,2025-04-11,0,0,0,0,0,0
MI,2025-04-18,3092040.3372653495,8162986.490380524,42.94500468424098,3092040.3372653495,8162986.490380524,42.94500468424098
MI,2025-04-25,6126308.023503551,16173453.182049375,85.08761143754933,6126308.023503551,16173453.182049375,85.08761143754933
MI,2025-05-02,6940350.078516088,18322524.207282476,96.39375109050124,6940350.078516088,18322524.207282476,96.39375109050124
MI,2025-05-09,6940350.078516088,18322524.207282476,96.39375109050124,6940350.078516088,18322524.207282476,96.39375109050124
MI,2025-05-16,7461324.531398992,19697896.762893334,103.62950738054157,7461324.531398992,19697896.762893334,103.62950738054157
MI,2025-05-23,7461324.531398992,19697896.762893334,103.62950738054157,7461324.531398992,19697896.762893334,103.62950738054157
MI,2025-05-30,7461324.531398992,19697896.762893334,103.62950738054157,7461324.531398992,19697896.762893334,103.62950738054157
MI,2025-06-06,7461324.531398992,19697896.762893334,103.62950738054157,7461324.531398992,19697896.762893334,103.62950738054157
MI,2025-06-13,7461324.531398992,19697896.762893334,103.62950738054157,7461324.531398992,19697896.762893334,103.62950738054157
MI,2025-06-20,7461324.531398992,19697896.762893334,103.62950738054157,7461324.531398992,19697896.762893334,103.62950738054157
MI,2025-06-27,6936769.745579626,18313072.128330212,96.34402424416149,7461324.531398992,19697896.762893334,103.62950738054157
MI,2025-07-04,6936769.745579626,18313072.128330212,96.34402424416149,7461324.531398992,19697896.762893334,103.62950738054157
MI,2025-07-11,6936769.745579626,18313072.128330212,96.34402424416149,7461324.531398992,19697896.762893334,103.62950738054157
MI,2025-07-18,6936769.745579626,18313072.128330212,96.34402424416149,7461324.531398992,19697896.762893334,103.62950738054157
MI,2025-07-25,6936769.745579626,18313072.128330212,96.34402424416149,7461324.531398992,19697896.762893334,103.62950738054157
MI,2025-08-01,6936769.745579626,18313072.128330212,96.34402424416149,7461324.531398992,19697896.762893334,103.62950738054157
MI,2025-08-08,6936769.745579626,18313072.128330212,96.34402424416149,7461324.531398992,19697896.762893334,103.62950738054157
MI,2025-08-15,6936769.745579626,18313072.128330212,96.34402424416149,7461324.531398992,19697896.762893334,103.62950738054157
MI,2025-08-22,6936769.745579626,18313072.128330212,96.34402424416149,7461324.531398992,19697896.762893334,103.62950738054157
MI,2025-08-29,6936769.745579626,18313072.128330212,96.34402424416149,7461324.531398992,19697896.762893334,103.62950738054157
MI,2025-09-05,6936769.745579626,18313072.128330212,96.34402424416149,7461324.531398992,19697896.762893334,103.62950738054157
MI,2025-09-12,6936769.745579626,18313072.128330212,96.34402424416149,7461324.531398992,19697896.762893334,103.62950738054157
MI,2025-09-19,6949702.713648701,18347215.164032567,96.52364880067641,7474257.499468068,19732039.7985957,103.80913193705649
MI,2025-09-26,6950079.315217981,18348209.392175473,96.52887937802751,7474634.101037347,19733034.026738595,103.81436251440759
MI,2025-10-03,16997015.258944724,44872120.28361407,236.0696563742323,17521570.04476409,46256944.91817719,243.35513951061233
MI,2025-10-10,17790732.148621414,46967532.87236054,247.0935020641863,18315286.934440777,48352357.50692366,254.37898520056638
MI,2025-10-17,17790732.148621414,46967532.87236054,247.0935020641863,18315286.934440777,48352357.50692366,254.37898520056638
MI,2025-10-24,17790732.148621414,46967532.87236054,247.0935020641863,18315286.934440777,48352357.50692366,254.37898520056638
MI,2025-10-31,17790732.148621414,46967532.87236054,247.0935020641863,18315286.934440777,48352357.50692366,254.37898520056638
MI,2025-11-07,17790732.148621414,46967532.87236054,247.0935020641863,18315286.934440777,48352357.50692366,254.37898520056638
MI,2025-11-14,17790886.576266095,46967940.56134251,247.09564689258465,18315441.362085458,48352765.19590561,254.38113002896475
MI,2025-11-21,17800071.43182699,46992188.58002326,247.22321433093043,18324626.217646353,48377013.21458636,254.50869746731044
MI,2025-11-28,17800071.43182699,46992188.58002326,247.22321433093043,18324626.217646353,48377013.21458636,254.50869746731044
MI,2025-12-05,17800071.43182699,46992188.58002326,247.22321433093043,18324626.217646353,48377013.21458636,254.50869746731044
MI,2025-12-12,17800071.43182699,46992188.58002326,247.22321433093043,18324626.217646353,48377013.21458636,254.50869746731044
MI,2025-12-19,17800071.43182699,46992188.58002326,247.22321433093043,18324626.217646353,48377013.21458636,254.50869746731044
MI,2025-12-26,17799792.72218175,46991452.78655982,247.2193433636354,18324626.217646353,48377013.21458636,254.50869746731044
MI,2026-01-02,17799792.72218175,46991452.78655982,247.2193433636354,18324626.217646353,48377013.21458636,254.50869746731044
MI,2026-01-09,17799792.72218175,46991452.78655982,247.2193433636354,18324626.217646353,48377013.21458636,254.50869746731044
MI,2026-01-16,17799792.72218175,46991452.78655982,247.2193433636354,18324626.217646353,48377013.21458636,254.50869746731044
MI,2026-01-23,17799792.72218175,46991452.78655982,247.2193433636354,18324626.217646353,48377013.21458636,254.50869746731044
MI,2026-01-30,17799792.72218175,46991452.78655982,247.2193433636354,18324626.217646353,48377013.21458636,254.50869746731044
MI,2026-02-06,17799792.72218175,46991452.78655982,247.2193433636354,18324626.217646353,48377013.21458636,254.50869746731044
MI,2026-02-13,17799792.72218175,46991452.78655982,247.2193433636354,18324626.217646353,48377013.21458636,254.50869746731044
MI,2026-02-20,17799792.72218175,46991452.78655982,247.2193433636354,18324626.217646353,48377013.21458636,254.50869746731044
MI,2026-02-27,17799792.72218175,46991452.78655982,247.2193433636354,18324626.217646353,48377013.21458636,254.50869746731044
MI,2026-03-06,17799792.72218175,46991452.78655982,247.2193433636354,18324626.217646353,48377013.21458636,254.50869746731044
MI,2026-03-13,17799792.72218175,46991452.78655982,247.2193433636354,18324626.217646353,48377013.21458636,254.50869746731044
MI,2026-03-20,17799792.72218175,46991452.78655982,247.2193433636354,18324626.217646353,48377013.21458636,254.50869746731044
MI,2026-03-27,17799792.72218175,46991452.78655982,247.2193433636354,18324626.217646353,48377013.21458636,254.50869746731044
MI,2026-04-03,17799792.72218175,46991452.78655982,247.2193433636354,18324626.217646353,48377013.21458636,254.50869746731044
MI,2026-04-10,17799792.72218175,46991452.78655982,247.2193433636354,18324626.217646353,48377013.21458636,254.50869746731044
MI,2026-04-17,17800965.0076617,46994547.6202269,247.2356251064125,18325798.503126305,48380108.04825344,254.52497921008762
MI,2026-04-24,17800965.0076617,46994547.6202269,247.2356251064125,18325798.503126305,48380108.04825344,254.52497921008762
MI,2026-05-01,17800965.0076617,46994547.6202269,247.2356251064125,18325798.503126305,48380108.04825344,254.52497921008762
MI,2026-05-08,17801479.686891265,46995906.37339295,247.2427734290454,18326313.182355873,48381466.801419504,254.53212753272052
MI,2026-05-15,17801479.686891265,46995906.37339295,247.2427734290454,18326313.182355873,48381466.801419504,254.53212753272052
MI,2026-05-22,17801479.686891265,46995906.37339295,247.2427734290454,18326313.182355873,48381466.801419504,254.53212753272052
MI,2026-05-29,17801479.686891265,46995906.37339295,247.2427734290454,18326313.182355873,48381466.801419504,254.53212753272052
MI,2026-06-05,17801479.686891265,46995906.37339295,247.2427734290454,18326313.182355873,48381466.801419504,254.53212753272052
MI,2026-06-12,17801479.686891265,46995906.37339295,247.2427734290454,18326313.182355873,48381466.801419504,254.53212753272052
MI,2026-06-19,17801479.686891265,46995906.37339295,247.2427734290454,18326313.182355873,48381466.801419504,254.53212753272052
MI,2026-06-26,17801479.686891265,46995906.37339295,247.2427734290454,18326313.182355873,48381466.801419504,254.53212753272052
MI,2026-07-03,17801479.686891265,46995906.37339295,247.2427734290454,18326313.182355873,48381466.801419504,254.53212753272052
MI,2026-07-10,17801479.686891265,46995906.37339295,247.2427734290454,18326313.182355873,48381466.801419504,254.53212753272052
MI,2026-07-17,17801479.686891265,46995906.37339295,247.2427734290454,18326313.182355873,48381466.801419504,254.53212753272052
MN,2025-02-28,0,0,0,0,0,0
MN,2025-03-07,0,0,0,0,0,0
MN,2025-03-14,0,0,0,0,0,0
MN,2025-03-21,0,0,0,0,0,0
MN,2025-03-28,0,0,0,0,0,0
MN,2025-04-04,0,0,0,0,0,0
MN,2025-04-11,0,0,0,0,0,0
MN,2025-04-18,138069.74580102912,364504.1289147169,1.9176353583476267,138069.74580102912,364504.1289147169,1.9176353583476267
MN,2025-04-25,2662092.267276291,7027923.585609407,36.97350371217071,2662092.267276291,7027923.585609407,36.97350371217071
MN,2025-05-02,2672220.1546183005,7054661.208192313,37.11416881414307,2672220.1546183005,7054661.208192313,37.11416881414307
MN,2025-05-09,2672220.1546183005,7054661.208192313,37.11416881414307,2672220.1546183005,7054661.208192313,37.11416881414307
MN,2025-05-16,2678561.147488194,7071401.429368833,37.20223815955825,2678561.147488194,7071401.429368833,37.20223815955825
MN,2025-05-23,2678561.147488194,7071401.429368833,37.20223815955825,2678561.147488194,7071401.429368833,37.20223815955825
MN,2025-05-30,2678561.147488194,7071401.429368833,37.20223815955825,2678561.147488194,7071401.429368833,37.20223815955825
MN,2025-06-06,2678561.147488194,7071401.429368833,37.20223815955825,2678561.147488194,7071401.429368833,37.20223815955825
MN,2025-06-13,2678562.482700099,7071404.954328261,37.202256704168036,2678562.482700099,7071404.954328261,37.202256704168036
MN,2025-06-20,2678562.482700099,7071404.954328261,37.202256704168036,2678562.482700099,7071404.954328261,37.202256704168036
MN,2025-06-27,2671563.5018998324,7052927.645015556,37.105048637497674,2678562.482700099,7071404.954328261,37.202256704168036
MN,2025-07-04,2671563.5018998324,7052927.645015556,37.105048637497674,2678562.482700099,7071404.954328261,37.202256704168036
MN,2025-07-11,2671563.5018998324,7052927.645015556,37.105048637497674,2678562.482700099,7071404.954328261,37.202256704168036
MN,2025-07-18,2671563.5018998324,7052927.645015556,37.105048637497674,2678562.482700099,7071404.954328261,37.202256704168036
MN,2025-07-25,2671563.5018998324,7052927.645015556,37.105048637497674,2678562.482700099,7071404.954328261,37.202256704168036
MN,2025-08-01,2671563.5018998324,7052927.645015556,37.105048637497674,2678562.482700099,7071404.954328261,37.202256704168036
MN,2025-08-08,2671563.5018998324,7052927.645015556,37.105048637497674,2678562.482700099,7071404.954328261,37.202256704168036
MN,2025-08-15,2671563.5018998324,7052927.645015556,37.105048637497674,2678562.482700099,7071404.954328261,37.202256704168036
MN,2025-08-22,2671563.5018998324,7052927.645015556,37.105048637497674,2678562.482700099,7071404.954328261,37.202256704168036
MN,2025-08-29,2671563.5018998324,7052927.645015556,37.105048637497674,2678562.482700099,7071404.954328261,37.202256704168036
MN,2025-09-05,2671563.5018998324,7052927.645015556,37.105048637497674,2678562.482700099,7071404.954328261,37.202256704168036
MN,2025-09-12,2671563.5018998324,7052927.645015556,37.105048637497674,2678562.482700099,7071404.954328261,37.202256704168036
MN,2025-09-19,2676990.4442655654,7067254.772861092,37.180422837021744,2683989.4250658317,7085732.082173796,37.27763090369211
MN,2025-09-26,2677049.354004187,7067410.294571053,37.18124102783593,2684048.334804453,7085887.603883756,37.2784490945063
MN,2025-10-03,6082598.778701726,16058060.775772559,84.48053859307954,6089597.759501994,16076538.085085262,84.57774665974989
MN,2025-10-10,6961786.216179633,18379115.61071423,96.69147522471711,6968785.196979899,18397592.920026936,96.7886832913875
MN,2025-10-17,6961786.216179633,18379115.61071423,96.69147522471711,6968785.196979899,18397592.920026936,96.7886832913875
MN,2025-10-24,6961786.216179633,18379115.61071423,96.69147522471711,6968785.196979899,18397592.920026936,96.7886832913875
MN,2025-10-31,6961786.216179633,18379115.61071423,96.69147522471711,6968785.196979899,18397592.920026936,96.7886832913875
MN,2025-11-07,6961786.216179633,18379115.61071423,96.69147522471711,6968785.196979899,18397592.920026936,96.7886832913875
MN,2025-11-14,6961806.11548575,18379168.14488238,96.69175160396874,6968805.0962860165,18397645.454195086,96.78895967063912
MN,2025-11-21,6961806.688393408,18379169.657358594,96.69175956101954,6968805.669193673,18397646.9666713,96.78896762768991
MN,2025-11-28,6961806.688393408,18379169.657358594,96.69175956101954,6968805.669193673,18397646.9666713,96.78896762768991
MN,2025-12-05,6961806.688393408,18379169.657358594,96.69175956101954,6968805.669193673,18397646.9666713,96.78896762768991
MN,2025-12-12,6961806.688393408,18379169.657358594,96.69175956101954,6968805.669193673,18397646.9666713,96.78896762768991
MN,2025-12-19,6961806.688393408,18379169.657358594,96.69175956101954,6968805.669193673,18397646.9666713,96.78896762768991
MN,2025-12-26,6961527.978748165,18378433.863895155,96.68788859372451,6968805.669193673,18397646.9666713,96.78896762768991
MN,2026-01-02,6961527.978748165,18378433.863895155,96.68788859372451,6968805.669193673,18397646.9666713,96.78896762768991
MN,2026-01-09,6961527.978748165,18378433.863895155,96.68788859372451,6968805.669193673,18397646.9666713,96.78896762768991
MN,2026-01-16,6961527.978748165,18378433.863895155,96.68788859372451,6968805.669193673,18397646.9666713,96.78896762768991
MN,2026-01-23,6961527.978748165,18378433.863895155,96.68788859372451,6968805.669193673,18397646.9666713,96.78896762768991
MN,2026-01-30,6961527.978748165,18378433.863895155,96.68788859372451,6968805.669193673,18397646.9666713,96.78896762768991
MN,2026-02-06,6961527.978748165,18378433.863895155,96.68788859372451,6968805.669193673,18397646.9666713,96.78896762768991
MN,2026-02-13,6961527.978748165,18378433.863895155,96.68788859372451,6968805.669193673,18397646.9666713,96.78896762768991
MN,2026-02-20,6961527.978748165,18378433.863895155,96.68788859372451,6968805.669193673,18397646.9666713,96.78896762768991
MN,2026-02-27,6961527.978748165,18378433.863895155,96.68788859372451,6968805.669193673,18397646.9666713,96.78896762768991
MN,2026-03-06,6961527.978748165,18378433.863895155,96.68788859372451,6968805.669193673,18397646.9666713,96.78896762768991
MN,2026-03-13,6961527.978748165,18378433.863895155,96.68788859372451,6968805.669193673,18397646.9666713,96.78896762768991
MN,2026-03-20,6961527.978748165,18378433.863895155,96.68788859372451,6968805.669193673,18397646.9666713,96.78896762768991
MN,2026-03-27,6961527.978748165,18378433.863895155,96.68788859372451,6968805.669193673,18397646.9666713,96.78896762768991
MN,2026-04-03,6961527.978748165,18378433.863895155,96.68788859372451,6968805.669193673,18397646.9666713,96.78896762768991
MN,2026-04-10,6961917.7220116565,18379462.786110774,96.69330169460633,6969195.412457164,18398675.888886917,96.79438072857175
MN,2026-04-17,6962224.749161166,18380273.337785482,96.69756596057178,6969502.439606677,18399486.44056163,96.7986449945372
MN,2026-04-24,6962224.749161166,18380273.337785482,96.69756596057178,6969502.439606677,18399486.44056163,96.7986449945372
MN,2026-05-01,6962224.749161166,18380273.337785482,96.69756596057178,6969502.439606677,18399486.44056163,96.7986449945372
MN,2026-05-08,7109598.987657795,18769341.32741658,98.74443038413602,7116876.6781033045,18788554.430192724,98.84550941810146
MN,2026-05-15,7109598.987657795,18769341.32741658,98.74443038413602,7116876.6781033045,18788554.430192724,98.84550941810146
MN,2026-05-22,7109598.987657795,18769341.32741658,98.74443038413602,7116876.6781033045,18788554.430192724,98.84550941810146
MN,2026-05-29,7109598.987657795,18769341.32741658,98.74443038413602,7116876.6781033045,18788554.430192724,98.84550941810146
MN,2026-06-05,7109598.987657795,18769341.32741658,98.74443038413602,7116876.6781033045,18788554.430192724,98.84550941810146
MN,2026-06-12,7109598.987657795,18769341.32741658,98.74443038413602,7116876.6781033045,18788554.430192724,98.84550941810146
MN,2026-06-19,7109598.987657795,18769341.32741658,98.74443038413602,7116876.6781033045,18788554.430192724,98.84550941810146
MN,2026-06-26,7109598.987657795,18769341.32741658,98.74443038413602,7116876.6781033045,18788554.430192724,98.84550941810146
MN,2026-07-03,7109598.987657795,18769341.32741658,98.74443038413602,7116876.6781033045,18788554.430192724,98.84550941810146
MN,2026-07-10,7109598.987657795,18769341.32741658,98.74443038413602,7116876.6781033045,18788554.430192724,98.84550941810146
MN,2026-07-17,7109598.987657795,18769341.32741658,98.74443038413602,7116876.6781033045,18788554.430192724,98.84550941810146
MO,2025-02-28,0,0,0,0,0,0
MO,2025-03-07,0,0,0,0,0,0
MO,2025-03-14,0,0,0,0,0,0
MO,2025-03-21,0,0,0,0,0,0
MO,2025-03-28,0,0,0,0,0,0
MO,2025-04-04,0,0,0,0,0,0
MO,2025-04-11,0,0,0,0,0,0
MO,2025-04-18,302797.5639783045,799385.568902724,4.205521721920897,302797.5639783045,799385.568902724,4.205521721920897
MO,2025-04-25,325790.5111879293,860086.9495361333,4.524868210943463,325790.5111879293,860086.9495361333,4.524868210943463
MO,2025-05-02,2710794.2091983054,7156496.712283527,37.64991957219869,2710794.2091983054,7156496.712283527,37.64991957219869
MO,2025-05-09,2712308.099968213,7160493.383916083,37.67094583289185,2712308.099968213,7160493.383916083,37.67094583289185
MO,2025-05-16,2714545.5863090474,7166400.347855886,37.70202203207012,2714545.5863090474,7166400.347855886,37.70202203207012
MO,2025-05-23,2714545.5863090474,7166400.347855886,37.70202203207012,2714545.5863090474,7166400.347855886,37.70202203207012
MO,2025-05-30,2714545.5863090474,7166400.347855886,37.70202203207012,2714545.5863090474,7166400.347855886,37.70202203207012
MO,2025-06-06,2714545.5863090474,7166400.347855886,37.70202203207012,2714545.5863090474,7166400.347855886,37.70202203207012
MO,2025-06-13,2714545.5863090474,7166400.347855886,37.70202203207012,2714545.5863090474,7166400.347855886,37.70202203207012
MO,2025-06-20,2718413.5308341635,7176611.7214021925,37.755743483807834,2718413.5308341635,7176611.7214021925,37.755743483807834
MO,2025-06-27,2714879.15894395,7167280.979612028,37.70665498533265,2718413.5308341635,7176611.7214021925,37.755743483807834
MO,2025-07-04,2714879.15894395,7167280.979612028,37.70665498533265,2718413.5308341635,7176611.7214021925,37.755743483807834
MO,2025-07-11,2714879.15894395,7167280.979612028,37.70665498533265,2718413.5308341635,7176611.7214021925,37.755743483807834
MO,2025-07-18,2714879.15894395,7167280.979612028,37.70665498533265,2718413.5308341635,7176611.7214021925,37.755743483807834
MO,2025-07-25,2714879.15894395,7167280.979612028,37.70665498533265,2718413.5308341635,7176611.7214021925,37.755743483807834
MO,2025-08-01,2714879.15894395,7167280.979612028,37.70665498533265,2718413.5308341635,7176611.7214021925,37.755743483807834
MO,2025-08-08,2714879.15894395,7167280.979612028,37.70665498533265,2718413.5308341635,7176611.7214021925,37.755743483807834
MO,2025-08-15,2714879.15894395,7167280.979612028,37.70665498533265,2718413.5308341635,7176611.7214021925,37.755743483807834
MO,2025-08-22,2714879.15894395,7167280.979612028,37.70665498533265,2718413.5308341635,7176611.7214021925,37.755743483807834
MO,2025-08-29,2714879.15894395,7167280.979612028,37.70665498533265,2718413.5308341635,7176611.7214021925,37.755743483807834
MO,2025-09-05,2714879.15894395,7167280.979612028,37.70665498533265,2718413.5308341635,7176611.7214021925,37.755743483807834
MO,2025-09-12,2714879.15894395,7167280.979612028,37.70665498533265,2718413.5308341635,7176611.7214021925,37.755743483807834
MO,2025-09-19,5431486.540850022,14339124.467844058,75.4373130673614,5435020.912740234,14348455.20963422,75.48640156583659
MO,2025-09-26,5431644.104112309,14339540.434856497,75.43950144600429,5435178.476002522,14348871.17664666,75.48858994447947
MO,2025-10-03,9595217.840679377,25331375.099393554,133.26691445388025,9598752.21256959,25340705.841183722,133.31600295235543
MO,2025-10-10,9600936.207161253,25346471.586905703,133.34633621057293,9604470.579051463,25355802.32869587,133.39542470904811
MO,2025-10-17,9600936.207161253,25346471.586905703,133.34633621057293,9604470.579051463,25355802.32869587,133.39542470904811
MO,2025-10-24,9600936.207161253,25346471.586905703,133.34633621057293,9604470.579051463,25355802.32869587,133.39542470904811
MO,2025-10-31,9600936.207161253,25346471.586905703,133.34633621057293,9604470.579051463,25355802.32869587,133.39542470904811
MO,2025-11-07,9600936.207161253,25346471.586905703,133.34633621057293,9604470.579051463,25355802.32869587,133.39542470904811
MO,2025-11-14,9600936.207161253,25346471.586905703,133.34633621057293,9604470.579051463,25355802.32869587,133.39542470904811
MO,2025-11-21,9600936.207161253,25346471.586905703,133.34633621057293,9604470.579051463,25355802.32869587,133.39542470904811
MO,2025-11-28,9600936.207161253,25346471.586905703,133.34633621057293,9604470.579051463,25355802.32869587,133.39542470904811
MO,2025-12-05,9600936.207161253,25346471.586905703,133.34633621057293,9604470.579051463,25355802.32869587,133.39542470904811
MO,2025-12-12,9600936.207161253,25346471.586905703,133.34633621057293,9604470.579051463,25355802.32869587,133.39542470904811
MO,2025-12-19,9600936.207161253,25346471.586905703,133.34633621057293,9604470.579051463,25355802.32869587,133.39542470904811
MO,2025-12-26,9600936.207161253,25346471.586905703,133.34633621057293,9604470.579051463,25355802.32869587,133.39542470904811
MO,2026-01-02,9600936.207161253,25346471.586905703,133.34633621057293,9604470.579051463,25355802.32869587,133.39542470904811
MO,2026-01-09,9600936.207161253,25346471.586905703,133.34633621057293,9604470.579051463,25355802.32869587,133.39542470904811
MO,2026-01-16,9600936.207161253,25346471.586905703,133.34633621057293,9604470.579051463,25355802.32869587,133.39542470904811
MO,2026-01-23,9600936.207161253,25346471.586905703,133.34633621057293,9604470.579051463,25355802.32869587,133.39542470904811
MO,2026-01-30,9600936.207161253,25346471.586905703,133.34633621057293,9604470.579051463,25355802.32869587,133.39542470904811
MO,2026-02-06,9600936.207161253,25346471.586905703,133.34633621057293,9604470.579051463,25355802.32869587,133.39542470904811
MO,2026-02-13,9600936.207161253,25346471.586905703,133.34633621057293,9604470.579051463,25355802.32869587,133.39542470904811
MO,2026-02-20,9600936.207161253,25346471.586905703,133.34633621057293,9604470.579051463,25355802.32869587,133.39542470904811
MO,2026-02-27,9600936.207161253,25346471.586905703,133.34633621057293,9604470.579051463,25355802.32869587,133.39542470904811
MO,2026-03-06,9600936.207161253,25346471.586905703,133.34633621057293,9604470.579051463,25355802.32869587,133.39542470904811
MO,2026-03-13,9600936.207161253,25346471.586905703,133.34633621057293,9604470.579051463,25355802.32869587,133.39542470904811
MO,2026-03-20,9600936.207161253,25346471.586905703,133.34633621057293,9604470.579051463,25355802.32869587,133.39542470904811
MO,2026-03-27,9600936.207161253,25346471.586905703,133.34633621057293,9604470.579051463,25355802.32869587,133.39542470904811
MO,2026-04-03,9600936.207161253,25346471.586905703,133.34633621057293,9604470.579051463,25355802.32869587,133.39542470904811
MO,2026-04-10,9600936.207161253,25346471.586905703,133.34633621057293,9604470.579051463,25355802.32869587,133.39542470904811
MO,2026-04-17,9601187.41119267,25347134.765548646,133.34982515545374,9604721.783082882,25356465.507338814,133.39891365392893
MO,2026-04-24,9601187.41119267,25347134.765548646,133.34982515545374,9604721.783082882,25356465.507338814,133.39891365392893
MO,2026-05-01,9601187.41119267,25347134.765548646,133.34982515545374,9604721.783082882,25356465.507338814,133.39891365392893
MO,2026-05-08,9601390.485449815,25347670.88158751,133.35264563124744,9604924.857340027,25357001.623377673,133.40173412972263
MO,2026-05-15,9601390.485449815,25347670.88158751,133.35264563124744,9604924.857340027,25357001.623377673,133.40173412972263
MO,2026-05-22,9601390.485449815,25347670.88158751,133.35264563124744,9604924.857340027,25357001.623377673,133.40173412972263
MO,2026-05-29,9601390.485449815,25347670.88158751,133.35264563124744,9604924.857340027,25357001.623377673,133.40173412972263
MO,2026-06-05,9601390.485449815,25347670.88158751,133.35264563124744,9604924.857340027,25357001.623377673,133.40173412972263
MO,2026-06-12,9601390.485449815,25347670.88158751,133.35264563124744,9604924.857340027,25357001.623377673,133.40173412972263
MO,2026-06-19,9601390.485449815,25347670.88158751,133.35264563124744,9604924.857340027,25357001.623377673,133.40173412972263
MO,2026-06-26,9601390.485449815,25347670.88158751,133.35264563124744,9604924.857340027,25357001.623377673,133.40173412972263
MO,2026-07-03,9601390.485449815,25347670.88158751,133.35264563124744,9604924.857340027,25357001.623377673,133.40173412972263
MO,2026-07-10,9601390.485449815,25347670.88158751,133.35264563124744,9604924.857340027,25357001.623377673,133.40173412972263
MO,2026-07-17,9601390.485449815,25347670.88158751,133.35264563124744,9604924.857340027,25357001.623377673,133.40173412972263
MS,2025-02-28,0,0,0,0,0,0
MS,2025-03-07,0,0,0,0,0,0
MS,2025-03-14,0,0,0,0,0,0
MS,2025-03-21,0,0,0,0,0,0
MS,2025-03-28,0,0,0,0,0,0
MS,2025-04-04,0,0,0,0,0,0
MS,2025-04-11,0,0,0,0,0,0
MS,2025-04-18,50006.714571448756,132017.72646862472,0.6945377023812328,50006.714571448756,132017.72646862472,0.6945377023812328
MS,2025-04-25,73211.56033541213,193278.51928548806,1.0168272268807241,73211.56033541213,193278.51928548806,1.0168272268807241
MS,2025-05-02,200515.92269295262,529362.035909395,2.784943370735453,200515.92269295262,529362.035909395,2.784943370735453
MS,2025-05-09,200515.92269295262,529362.035909395,2.784943370735453,200515.92269295262,529362.035909395,2.784943370735453
MS,2025-05-16,201795.15750250002,532739.2158066002,2.802710520868056,201795.15750250002,532739.2158066002,2.802710520868056
MS,2025-05-23,201795.15750250002,532739.2158066002,2.802710520868056,201795.15750250002,532739.2158066002,2.802710520868056
MS,2025-05-30,201795.15750250002,532739.2158066002,2.802710520868056,201795.15750250002,532739.2158066002,2.802710520868056
MS,2025-06-06,201795.15750250002,532739.2158066002,2.802710520868056,201795.15750250002,532739.2158066002,2.802710520868056
MS,2025-06-13,201795.15750250002,532739.2158066002,2.802710520868056,201795.15750250002,532739.2158066002,2.802710520868056
MS,2025-06-20,390219.312226012,1030178.9842766719,5.419712669805723,390219.312226012,1030178.9842766719,5.419712669805723
MS,2025-06-27,388910.1751222209,1026722.8623226632,5.401530210030846,390219.312226012,1030178.9842766719,5.419712669805723
MS,2025-07-04,388910.1751222209,1026722.8623226632,5.401530210030846,390219.312226012,1030178.9842766719,5.419712669805723
MS,2025-07-11,388910.1751222209,1026722.8623226632,5.401530210030846,390219.312226012,1030178.9842766719,5.419712669805723
MS,2025-07-18,388910.1751222209,1026722.8623226632,5.401530210030846,390219.312226012,1030178.9842766719,5.419712669805723
MS,2025-07-25,388910.1751222209,1026722.8623226632,5.401530210030846,390219.312226012,1030178.9842766719,5.419712669805723
MS,2025-08-01,388910.1751222209,1026722.8623226632,5.401530210030846,390219.312226012,1030178.9842766719,5.419712669805723
MS,2025-08-08,388910.1751222209,1026722.8623226632,5.401530210030846,390219.312226012,1030178.9842766719,5.419712669805723
MS,2025-08-15,388910.1751222209,1026722.8623226632,5.401530210030846,390219.312226012,1030178.9842766719,5.419712669805723
MS,2025-08-22,388910.1751222209,1026722.8623226632,5.401530210030846,390219.312226012,1030178.9842766719,5.419712669805723
MS,2025-08-29,388910.1751222209,1026722.8623226632,5.401530210030846,390219.312226012,1030178.9842766719,5.419712669805723
MS,2025-09-05,388910.1751222209,1026722.8623226632,5.401530210030846,390219.312226012,1030178.9842766719,5.419712669805723
MS,2025-09-12,388910.1751222209,1026722.8623226632,5.401530210030846,390219.312226012,1030178.9842766719,5.419712669805723
MS,2025-09-19,389501.84106268035,1028284.8604054763,5.409747792537228,390810.9781664716,1031740.9823594849,5.427930252312105
MS,2025-09-26,389501.84106268035,1028284.8604054763,5.409747792537228,390810.9781664716,1031740.9823594849,5.427930252312105
MS,2025-10-03,6065708.503436046,16013470.44907116,84.24595143661175,6067017.640539837,16016926.57102517,84.26413389638662
MS,2025-10-10,6184495.937686769,16327069.275493072,85.89577691231624,6185805.074790561,16330525.39744708,85.91395937209113
MS,2025-10-17,6184495.937686769,16327069.275493072,85.89577691231624,6185805.074790561,16330525.39744708,85.91395937209113
MS,2025-10-24,6184495.937686769,16327069.275493072,85.89577691231624,6185805.074790561,16330525.39744708,85.91395937209113
MS,2025-10-31,6184495.937686769,16327069.275493072,85.89577691231624,6185805.074790561,16330525.39744708,85.91395937209113
MS,2025-11-07,6184495.937686769,16327069.275493072,85.89577691231624,6185805.074790561,16330525.39744708,85.91395937209113
MS,2025-11-14,6184498.657257758,16327076.455160482,85.89581468413552,6185807.7943615485,16330532.577114489,85.91399714391041
MS,2025-11-21,6184498.657257758,16327076.455160482,85.89581468413552,6185807.7943615485,16330532.577114489,85.91399714391041
MS,2025-11-28,6184498.657257758,16327076.455160482,85.89581468413552,6185807.7943615485,16330532.577114489,85.91399714391041
MS,2025-12-05,6184498.657257758,16327076.455160482,85.89581468413552,6185807.7943615485,16330532.577114489,85.91399714391041
MS,2025-12-12,6184498.657257758,16327076.455160482,85.89581468413552,6185807.7943615485,16330532.577114489,85.91399714391041
MS,2025-12-19,6184498.657257758,16327076.455160482,85.89581468413552,6185807.7943615485,16330532.577114489,85.91399714391041
MS,2025-12-26,6184219.947612515,16326340.66169704,85.89194371684047,6185807.7943615485,16330532.577114489,85.91399714391041
MS,2026-01-02,6184219.947612515,16326340.66169704,85.89194371684047,6185807.7943615485,16330532.577114489,85.91399714391041
MS,2026-01-09,6184219.947612515,16326340.66169704,85.89194371684047,6185807.7943615485,16330532.577114489,85.91399714391041
MS,2026-01-16,6184219.947612515,16326340.66169704,85.89194371684047,6185807.7943615485,16330532.577114489,85.91399714391041
MS,2026-01-23,6184219.947612515,16326340.66169704,85.89194371684047,6185807.7943615485,16330532.577114489,85.91399714391041
MS,2026-01-30,6184219.947612515,16326340.66169704,85.89194371684047,6185807.7943615485,16330532.577114489,85.91399714391041
MS,2026-02-06,6184219.947612515,16326340.66169704,85.89194371684047,6185807.7943615485,16330532.577114489,85.91399714391041
MS,2026-02-13,6184219.947612515,16326340.66169704,85.89194371684047,6185807.7943615485,16330532.577114489,85.91399714391041
MS,2026-02-20,6184219.947612515,16326340.66169704,85.89194371684047,6185807.7943615485,16330532.577114489,85.91399714391041
MS,2026-02-27,6184219.947612515,16326340.66169704,85.89194371684047,6185807.7943615485,16330532.577114489,85.91399714391041
MS,2026-03-06,6184219.947612515,16326340.66169704,85.89194371684047,6185807.7943615485,16330532.577114489,85.91399714391041
MS,2026-03-13,6184219.947612515,16326340.66169704,85.89194371684047,6185807.7943615485,16330532.577114489,85.91399714391041
MS,2026-03-20,6184219.947612515,16326340.66169704,85.89194371684047,6185807.7943615485,16330532.577114489,85.91399714391041
MS,2026-03-27,6184219.947612515,16326340.66169704,85.89194371684047,6185807.7943615485,16330532.577114489,85.91399714391041
MS,2026-04-03,6184219.947612515,16326340.66169704,85.89194371684047,6185807.7943615485,16330532.577114489,85.91399714391041
MS,2026-04-10,6184219.947612515,16326340.66169704,85.89194371684047,6185807.7943615485,16330532.577114489,85.91399714391041
MS,2026-04-17,6184219.947612515,16326340.66169704,85.89194371684047,6185807.7943615485,16330532.577114489,85.91399714391041
MS,2026-04-24,6184219.947612515,16326340.66169704,85.89194371684047,6185807.7943615485,16330532.577114489,85.91399714391041
MS,2026-05-01,6184219.947612515,16326340.66169704,85.89194371684047,6185807.7943615485,16330532.577114489,85.91399714391041
MS,2026-05-08,6184219.947612515,16326340.66169704,85.89194371684047,6185807.7943615485,16330532.577114489,85.91399714391041
MS,2026-05-15,6184219.947612515,16326340.66169704,85.89194371684047,6185807.7943615485,16330532.577114489,85.91399714391041
MS,2026-05-22,6184219.947612515,16326340.66169704,85.89194371684047,6185807.7943615485,16330532.577114489,85.91399714391041
MS,2026-05-29,6184219.947612515,16326340.66169704,85.89194371684047,6185807.7943615485,16330532.577114489,85.91399714391041
MS,2026-06-05,6184219.947612515,16326340.66169704,85.89194371684047,6185807.7943615485,16330532.577114489,85.91399714391041
MS,2026-06-12,6184219.947612515,16326340.66169704,85.89194371684047,6185807.7943615485,16330532.577114489,85.91399714391041
MS,2026-06-19,6184219.947612515,16326340.66169704,85.89194371684047,6185807.7943615485,16330532.577114489,85.91399714391041
MS,2026-06-26,6184219.947612515,16326340.66169704,85.89194371684047,6185807.7943615485,16330532.577114489,85.91399714391041
MS,2026-07-03,6184219.947612515,16326340.66169704,85.89194371684047,6185807.7943615485,16330532.577114489,85.91399714391041
MS,2026-07-10,6184219.947612515,16326340.66169704,85.89194371684047,6185807.7943615485,16330532.577114489,85.91399714391041
MS,2026-07-17,6184219.947612515,16326340.66169704,85.89194371684047,6185807.7943615485,16330532.577114489,85.91399714391041
MT,2025-02-28,0,0,0,0,0,0
MT,2025-03-07,0,0,0,0,0,0
MT,2025-03-14,0,0,0,0,0,0
MT,2025-03-21,0,0,0,0,0,0
MT,2025-03-28,0,0,0,0,0,0
MT,2025-04-04,0,0,0,0,0,0
MT,2025-04-11,0,0,0,0,0,0
MT,2025-04-18,11569.008896030142,30542.183485519578,0.16068067911152978,11569.008896030142,30542.183485519578,0.16068067911152978
MT,2025-04-25,14240.11270435265,37593.897539491,0.19777934311600903,14240.11270435265,37593.897539491,0.19777934311600903
MT,2025-05-02,17292.9437478731,45653.37149438499,0.24017977427601533,17292.9437478731,45653.37149438499,0.24017977427601533
MT,2025-05-09,17292.9437478731,45653.37149438499,0.24017977427601533,17292.9437478731,45653.37149438499,0.24017977427601533
MT,2025-05-16,17674.03657500926,46659.45655802445,0.24547273020846194,17674.03657500926,46659.45655802445,0.24547273020846194
MT,2025-05-23,17674.03657500926,46659.45655802445,0.24547273020846194,17674.03657500926,46659.45655802445,0.24547273020846194
MT,2025-05-30,17674.03657500926,46659.45655802445,0.24547273020846194,17674.03657500926,46659.45655802445,0.24547273020846194
MT,2025-06-06,17674.03657500926,46659.45655802445,0.24547273020846194,17674.03657500926,46659.45655802445,0.24547273020846194
MT,2025-06-13,17674.03657500926,46659.45655802445,0.24547273020846194,17674.03657500926,46659.45655802445,0.24547273020846194
MT,2025-06-20,17674.03657500926,46659.45655802445,0.24547273020846194,17674.03657500926,46659.45655802445,0.24547273020846194
MT,2025-06-27,17263.359748704184,45575.26973657905,0.23976888539866925,17674.03657500926,46659.45655802445,0.24547273020846194
MT,2025-07-04,17263.359748704184,45575.26973657905,0.23976888539866925,17674.03657500926,46659.45655802445,0.24547273020846194
MT,2025-07-11,17263.359748704184,45575.26973657905,0.23976888539866925,17674.03657500926,46659.45655802445,0.24547273020846194
MT,2025-07-18,17263.359748704184,45575.26973657905,0.23976888539866925,17674.03657500926,46659.45655802445,0.24547273020846194
MT,2025-07-25,17263.359748704184,45575.26973657905,0.23976888539866925,17674.03657500926,46659.45655802445,0.24547273020846194
MT,2025-08-01,17263.359748704184,45575.26973657905,0.23976888539866925,17674.03657500926,46659.45655802445,0.24547273020846194
MT,2025-08-08,17263.359748704184,45575.26973657905,0.23976888539866925,17674.03657500926,46659.45655802445,0.24547273020846194
MT,2025-08-15,17263.359748704184,45575.26973657905,0.23976888539866925,17674.03657500926,46659.45655802445,0.24547273020846194
MT,2025-08-22,17263.359748704184,45575.26973657905,0.23976888539866925,17674.03657500926,46659.45655802445,0.24547273020846194
MT,2025-08-29,17263.359748704184,45575.26973657905,0.23976888539866925,17674.03657500926,46659.45655802445,0.24547273020846194
MT,2025-09-05,17263.359748704184,45575.26973657905,0.23976888539866925,17674.03657500926,46659.45655802445,0.24547273020846194
MT,2025-09-12,17263.359748704184,45575.26973657905,0.23976888539866925,17674.03657500926,46659.45655802445,0.24547273020846194
MT,2025-09-19,17556.78179202081,46349.90393093493,0.24384419155584458,17967.458618325883,47434.09075238033,0.2495480363656373
MT,2025-09-26,17771.674575216966,46917.220878572785,0.24682881354468006,18182.35140152204,48001.40770001819,0.2525326583544728
MT,2025-10-03,343009.86278789944,905546.0377600545,4.764025872054159,343420.5396142045,906630.2245814999,4.769729716863951
MT,2025-10-10,343467.80593088304,906755.0076575312,4.770386193484487,343878.4827571881,907839.1944789765,4.776090038294279
MT,2025-10-17,343467.80593088304,906755.0076575312,4.770386193484487,343878.4827571881,907839.1944789765,4.776090038294279
MT,2025-10-24,343467.80593088304,906755.0076575312,4.770386193484487,343878.4827571881,907839.1944789765,4.776090038294279
MT,2025-10-31,343467.80593088304,906755.0076575312,4.770386193484487,343878.4827571881,907839.1944789765,4.776090038294279
MT,2025-11-07,343467.80593088304,906755.0076575312,4.770386193484487,343878.4827571881,907839.1944789765,4.776090038294279
MT,2025-11-14,343467.80593088304,906755.0076575312,4.770386193484487,343878.4827571881,907839.1944789765,4.776090038294279
MT,2025-11-21,343467.80593088304,906755.0076575312,4.770386193484487,343878.4827571881,907839.1944789765,4.776090038294279
MT,2025-11-28,343467.80593088304,906755.0076575312,4.770386193484487,343878.4827571881,907839.1944789765,4.776090038294279
MT,2025-12-05,343467.80593088304,906755.0076575312,4.770386193484487,343878.4827571881,907839.1944789765,4.776090038294279
MT,2025-12-12,343467.80593088304,906755.0076575312,4.770386193484487,343878.4827571881,907839.1944789765,4.776090038294279
MT,2025-12-19,343467.80593088304,906755.0076575312,4.770386193484487,343878.4827571881,907839.1944789765,4.776090038294279
MT,2025-12-26,343467.80593088304,906755.0076575312,4.770386193484487,343878.4827571881,907839.1944789765,4.776090038294279
MT,2026-01-02,343467.80593088304,906755.0076575312,4.770386193484487,343878.4827571881,907839.1944789765,4.776090038294279
MT,2026-01-09,343467.80593088304,906755.0076575312,4.770386193484487,343878.4827571881,907839.1944789765,4.776090038294279
MT,2026-01-16,343467.80593088304,906755.0076575312,4.770386193484487,343878.4827571881,907839.1944789765,4.776090038294279
MT,2026-01-23,343467.80593088304,906755.0076575312,4.770386193484487,343878.4827571881,907839.1944789765,4.776090038294279
MT,2026-01-30,343467.80593088304,906755.0076575312,4.770386193484487,343878.4827571881,907839.1944789765,4.776090038294279
MT,2026-02-06,343467.80593088304,906755.0076575312,4.770386193484487,343878.4827571881,907839.1944789765,4.776090038294279
MT,2026-02-13,343467.80593088304,906755.0076575312,4.770386193484487,343878.4827571881,907839.1944789765,4.776090038294279
MT,2026-02-20,343467.80593088304,906755.0076575312,4.770386193484487,343878.4827571881,907839.1944789765,4.776090038294279
MT,2026-02-27,343467.80593088304,906755.0076575312,4.770386193484487,343878.4827571881,907839.1944789765,4.776090038294279
MT,2026-03-06,343467.80593088304,906755.0076575312,4.770386193484487,343878.4827571881,907839.1944789765,4.776090038294279
MT,2026-03-13,343467.80593088304,906755.0076575312,4.770386193484487,343878.4827571881,907839.1944789765,4.776090038294279
MT,2026-03-20,343467.80593088304,906755.0076575312,4.770386193484487,343878.4827571881,907839.1944789765,4.776090038294279
MT,2026-03-27,343467.80593088304,906755.0076575312,4.770386193484487,343878.4827571881,907839.1944789765,4.776090038294279
MT,2026-04-03,343467.80593088304,906755.0076575312,4.770386193484487,343878.4827571881,907839.1944789765,4.776090038294279
MT,2026-04-10,343467.80593088304,906755.0076575312,4.770386193484487,343878.4827571881,907839.1944789765,4.776090038294279
MT,2026-04-17,343481.7617104063,906791.8509154725,4.7705800237556435,343892.4385367113,907876.037736918,4.776283868565435
MT,2026-04-24,343481.7617104063,906791.8509154725,4.7705800237556435,343892.4385367113,907876.037736918,4.776283868565435
MT,2026-05-01,343481.7617104063,906791.8509154725,4.7705800237556435,343892.4385367113,907876.037736918,4.776283868565435
MT,2026-05-08,343481.7617104063,906791.8509154725,4.7705800237556435,343892.4385367113,907876.037736918,4.776283868565435
MT,2026-05-15,343481.7617104063,906791.8509154725,4.7705800237556435,343892.4385367113,907876.037736918,4.776283868565435
MT,2026-05-22,343481.7617104063,906791.8509154725,4.7705800237556435,343892.4385367113,907876.037736918,4.776283868565435
MT,2026-05-29,343481.7617104063,906791.8509154725,4.7705800237556435,343892.4385367113,907876.037736918,4.776283868565435
MT,2026-06-05,343481.7617104063,906791.8509154725,4.7705800237556435,343892.4385367113,907876.037736918,4.776283868565435
MT,2026-06-12,343481.7617104063,906791.8509154725,4.7705800237556435,343892.4385367113,907876.037736918,4.776283868565435
MT,2026-06-19,343481.7617104063,906791.8509154725,4.7705800237556435,343892.4385367113,907876.037736918,4.776283868565435
MT,2026-06-26,343481.7617104063,906791.8509154725,4.7705800237556435,343892.4385367113,907876.037736918,4.776283868565435
MT,2026-07-03,343481.7617104063,906791.8509154725,4.7705800237556435,343892.4385367113,907876.037736918,4.776283868565435
MT,2026-07-10,343481.7617104063,906791.8509154725,4.7705800237556435,343892.4385367113,907876.037736918,4.776283868565435
MT,2026-07-17,343481.7617104063,906791.8509154725,4.7705800237556435,343892.4385367113,907876.037736918,4.776283868565435
NC,2025-02-28,0,0,0,0,0,0
NC,2025-03-07,0,0,0,0,0,0
NC,2025-03-14,0,0,0,0,0,0
NC,2025-03-21,0,0,0,0,0,0
NC,2025-03-28,0,0,0,0,0,0
NC,2025-04-04,0,0,0,0,0,0
NC,2025-04-11,0,0,0,0,0,0
NC,2025-04-18,1422667.6700118883,3755842.648831386,19.759273194609563,1422667.6700118883,3755842.648831386,19.759273194609563
NC,2025-04-25,4038967.0028599952,10662872.887550388,56.096763928611054,4038967.0028599952,10662872.887550388,56.096763928611054
NC,2025-05-02,5928366.969143674,15650888.798539294,82.33843012699546,5928366.969143674,15650888.798539294,82.33843012699546
NC,2025-05-09,5929502.3872211045,15653886.302263713,82.35419982251534,5929502.3872211045,15653886.302263713,82.35419982251534
NC,2025-05-16,6029455.992291886,15917763.819650577,83.7424443373873,6029455.992291886,15917763.819650577,83.7424443373873
NC,2025-05-23,6029455.992291886,15917763.819650577,83.7424443373873,6029455.992291886,15917763.819650577,83.7424443373873
NC,2025-05-30,6029455.992291886,15917763.819650577,83.7424443373873,6029455.992291886,15917763.819650577,83.7424443373873
NC,2025-06-06,6029455.992291886,15917763.819650577,83.7424443373873,6029455.992291886,15917763.819650577,83.7424443373873
NC,2025-06-13,6029051.02985456,15916694.718816038,83.73681985909113,6029455.992291886,15917763.819650577,83.7424443373873
NC,2025-06-20,6029879.875109941,15918882.870290248,83.74833159874919,6030284.837547267,15919951.971124785,83.75395607704539
NC,2025-06-27,4994972.48762019,13186727.367317304,69.37461788361377,6030284.837547267,15919951.971124785,83.75395607704539
NC,2025-07-04,4994972.48762019,13186727.367317304,69.37461788361377,6030284.837547267,15919951.971124785,83.75395607704539
NC,2025-07-11,4994972.48762019,13186727.367317304,69.37461788361377,6030284.837547267,15919951.971124785,83.75395607704539
NC,2025-07-18,4994972.48762019,13186727.367317304,69.37461788361377,6030284.837547267,15919951.971124785,83.75395607704539
NC,2025-07-25,4994972.48762019,13186727.367317304,69.37461788361377,6030284.837547267,15919951.971124785,83.75395607704539
NC,2025-08-01,4994972.48762019,13186727.367317304,69.37461788361377,6030284.837547267,15919951.971124785,83.75395607704539
NC,2025-08-08,4994972.48762019,13186727.367317304,69.37461788361377,6030284.837547267,15919951.971124785,83.75395607704539
NC,2025-08-15,4994972.48762019,13186727.367317304,69.37461788361377,6030284.837547267,15919951.971124785,83.75395607704539
NC,2025-08-22,4994972.48762019,13186727.367317304,69.37461788361377,6030284.837547267,15919951.971124785,83.75395607704539
NC,2025-08-29,4994972.48762019,13186727.367317304,69.37461788361377,6030284.837547267,15919951.971124785,83.75395607704539
NC,2025-09-05,4994972.48762019,13186727.367317304,69.37461788361377,6030284.837547267,15919951.971124785,83.75395607704539
NC,2025-09-12,4994972.48762019,13186727.367317304,69.37461788361377,6030284.837547267,15919951.971124785,83.75395607704539
NC,2025-09-19,5016750.459567004,13244221.213256888,69.67708971620839,6052062.80949408,15977445.81706437,84.05642790963998
NC,2025-09-26,5017480.538189752,13246148.620820947,69.68722969707989,6052792.888116829,15979373.22462843,84.06656789051151
NC,2025-10-03,21080611.880017694,55652815.36324673,292.7862761113569,22115924.229944777,58386039.9670542,307.16561430478856
NC,2025-10-10,23881753.752250966,63047829.90594255,331.69102433681894,24917066.10217804,65781054.509750046,346.0703625302506
NC,2025-10-17,23881753.752250966,63047829.90594255,331.69102433681894,24917066.10217804,65781054.509750046,346.0703625302506
NC,2025-10-24,23881753.752250966,63047829.90594255,331.69102433681894,24917066.10217804,65781054.509750046,346.0703625302506
NC,2025-10-31,23881753.752250966,63047829.90594255,331.69102433681894,24917066.10217804,65781054.509750046,346.0703625302506
NC,2025-11-07,23881753.752250966,63047829.90594255,331.69102433681894,24917066.10217804,65781054.509750046,346.0703625302506
NC,2025-11-14,23883466.135213006,63052350.59696232,331.7148074335139,24918778.48514008,65785575.20076981,346.09414562694553
NC,2025-11-21,23883467.853935976,63052355.13439096,331.7148313046663,24918780.203863055,65785579.73819846,346.0941694980979
NC,2025-11-28,23883467.853935976,63052355.13439096,331.7148313046663,24918780.203863055,65785579.73819846,346.0941694980979
NC,2025-12-05,23883467.853935976,63052355.13439096,331.7148313046663,24918780.203863055,65785579.73819846,346.0941694980979
NC,2025-12-12,23883467.853935976,63052355.13439096,331.7148313046663,24918780.203863055,65785579.73819846,346.0941694980979
NC,2025-12-19,23883467.853935976,63052355.13439096,331.7148313046663,24918780.203863055,65785579.73819846,346.0941694980979
NC,2025-12-26,23879844.628547817,63042789.819366224,331.6645087298308,24918780.203863055,65785579.73819846,346.0941694980979
NC,2026-01-02,23879844.628547817,63042789.819366224,331.6645087298308,24918780.203863055,65785579.73819846,346.0941694980979
NC,2026-01-09,23879844.628547817,63042789.819366224,331.6645087298308,24918780.203863055,65785579.73819846,346.0941694980979
NC,2026-01-16,23879844.628547817,63042789.819366224,331.6645087298308,24918780.203863055,65785579.73819846,346.0941694980979
NC,2026-01-23,23879844.628547817,63042789.819366224,331.6645087298308,24918780.203863055,65785579.73819846,346.0941694980979
NC,2026-01-30,23879844.628547817,63042789.819366224,331.6645087298308,24918780.203863055,65785579.73819846,346.0941694980979
NC,2026-02-06,23879844.628547817,63042789.819366224,331.6645087298308,24918780.203863055,65785579.73819846,346.0941694980979
NC,2026-02-13,23879844.628547817,63042789.819366224,331.6645087298308,24918780.203863055,65785579.73819846,346.0941694980979
NC,2026-02-20,23879844.628547817,63042789.819366224,331.6645087298308,24918780.203863055,65785579.73819846,346.0941694980979
NC,2026-02-27,23879844.628547817,63042789.819366224,331.6645087298308,24918780.203863055,65785579.73819846,346.0941694980979
NC,2026-03-06,23879844.628547817,63042789.819366224,331.6645087298308,24918780.203863055,65785579.73819846,346.0941694980979
NC,2026-03-13,23879844.628547817,63042789.819366224,331.6645087298308,24918780.203863055,65785579.73819846,346.0941694980979
NC,2026-03-20,23879844.628547817,63042789.819366224,331.6645087298308,24918780.203863055,65785579.73819846,346.0941694980979
NC,2026-03-27,23879844.628547817,63042789.819366224,331.6645087298308,24918780.203863055,65785579.73819846,346.0941694980979
NC,2026-04-03,23879844.628547817,63042789.819366224,331.6645087298308,24918780.203863055,65785579.73819846,346.0941694980979
NC,2026-04-10,23879844.628547817,63042789.819366224,331.6645087298308,24918780.203863055,65785579.73819846,346.0941694980979
NC,2026-04-17,23879914.40744543,63042974.03565593,331.6654778811866,24918849.982760668,65785763.95448816,346.09513864945376
NC,2026-04-24,23879914.40744543,63042974.03565593,331.6654778811866,24918849.982760668,65785763.95448816,346.09513864945376
NC,2026-05-01,23879914.40744543,63042974.03565593,331.6654778811866,24918849.982760668,65785763.95448816,346.09513864945376
NC,2026-05-08,23879914.40744543,63042974.03565593,331.6654778811866,24918849.982760668,65785763.95448816,346.09513864945376
NC,2026-05-15,23879914.40744543,63042974.03565593,331.6654778811866,24918849.982760668,65785763.95448816,346.09513864945376
NC,2026-05-22,23879914.40744543,63042974.03565593,331.6654778811866,24918849.982760668,65785763.95448816,346.09513864945376
NC,2026-05-29,23879914.40744543,63042974.03565593,331.6654778811866,24918849.982760668,65785763.95448816,346.09513864945376
NC,2026-06-05,23879914.40744543,63042974.03565593,331.6654778811866,24918849.982760668,65785763.95448816,346.09513864945376
NC,2026-06-12,23879914.40744543,63042974.03565593,331.6654778811866,24918849.982760668,65785763.95448816,346.09513864945376
NC,2026-06-19,23879914.40744543,63042974.03565593,331.6654778811866,24918849.982760668,65785763.95448816,346.09513864945376
NC,2026-06-26,23879914.40744543,63042974.03565593,331.6654778811866,24918849.982760668,65785763.95448816,346.09513864945376
NC,2026-07-03,23879914.40744543,63042974.03565593,331.6654778811866,24918849.982760668,65785763.95448816,346.09513864945376
NC,2026-07-10,23879914.40744543,63042974.03565593,331.6654778811866,24918849.982760668,65785763.95448816,346.09513864945376
NC,2026-07-17,23879914.40744543,63042974.03565593,331.6654778811866,24918849.982760668,65785763.95448816,346.09513864945376
ND,2025-02-28,0,0,0,0,0,0
ND,2025-03-07,0,0,0,0,0,0
ND,2025-03-14,0,0,0,0,0,0
ND,2025-03-21,0,0,0,0,0,0
ND,2025-03-28,0,0,0,0,0,0
ND,2025-04-04,0,0,0,0,0,0
ND,2025-04-11,0,0,0,0,0,0
ND,2025-04-18,95359.83102867301,251749.95391569677,1.3244420976204585,95359.83102867301,251749.95391569677,1.3244420976204585
ND,2025-04-25,95733.53009522476,252736.5194513934,1.3296323624336774,95733.53009522476,252736.5194513934,1.3296323624336774
ND,2025-05-02,95768.44796943072,252828.70263929712,1.33011733290876,95768.44796943072,252828.70263929712,1.33011733290876
ND,2025-05-09,95768.44796943072,252828.70263929712,1.33011733290876,95768.44796943072,252828.70263929712,1.33011733290876
ND,2025-05-16,95859.84413857321,253069.9885258333,1.3313867241468502,95859.84413857321,253069.9885258333,1.3313867241468502
ND,2025-05-23,95859.84413857321,253069.9885258333,1.3313867241468502,95859.84413857321,253069.9885258333,1.3313867241468502
ND,2025-05-30,95859.84413857321,253069.9885258333,1.3313867241468502,95859.84413857321,253069.9885258333,1.3313867241468502
ND,2025-06-06,95859.84413857321,253069.9885258333,1.3313867241468502,95859.84413857321,253069.9885258333,1.3313867241468502
ND,2025-06-13,95859.84413857321,253069.9885258333,1.3313867241468502,95859.84413857321,253069.9885258333,1.3313867241468502
ND,2025-06-20,95859.84413857321,253069.9885258333,1.3313867241468502,95859.84413857321,253069.9885258333,1.3313867241468502
ND,2025-06-27,95859.84413857321,253069.9885258333,1.3313867241468502,95859.84413857321,253069.9885258333,1.3313867241468502
ND,2025-07-04,95859.84413857321,253069.9885258333,1.3313867241468502,95859.84413857321,253069.9885258333,1.3313867241468502
ND,2025-07-11,95859.84413857321,253069.9885258333,1.3313867241468502,95859.84413857321,253069.9885258333,1.3313867241468502
ND,2025-07-18,95859.84413857321,253069.9885258333,1.3313867241468502,95859.84413857321,253069.9885258333,1.3313867241468502
ND,2025-07-25,95859.84413857321,253069.9885258333,1.3313867241468502,95859.84413857321,253069.9885258333,1.3313867241468502
ND,2025-08-01,95859.84413857321,253069.9885258333,1.3313867241468502,95859.84413857321,253069.9885258333,1.3313867241468502
ND,2025-08-08,95859.84413857321,253069.9885258333,1.3313867241468502,95859.84413857321,253069.9885258333,1.3313867241468502
ND,2025-08-15,95859.84413857321,253069.9885258333,1.3313867241468502,95859.84413857321,253069.9885258333,1.3313867241468502
ND,2025-08-22,95859.84413857321,253069.9885258333,1.3313867241468502,95859.84413857321,253069.9885258333,1.3313867241468502
ND,2025-08-29,95859.84413857321,253069.9885258333,1.3313867241468502,95859.84413857321,253069.9885258333,1.3313867241468502
ND,2025-09-05,95859.84413857321,253069.9885258333,1.3313867241468502,95859.84413857321,253069.9885258333,1.3313867241468502
ND,2025-09-12,95859.84413857321,253069.9885258333,1.3313867241468502,95859.84413857321,253069.9885258333,1.3313867241468502
ND,2025-09-19,95863.6519543901,253080.04115958986,1.3314396104776403,95863.6519543901,253080.04115958986,1.3314396104776403
ND,2025-09-26,95863.6519543901,253080.04115958986,1.3314396104776403,95863.6519543901,253080.04115958986,1.3314396104776403
ND,2025-10-03,194393.02702919173,513197.5913570662,2.6999031531832185,194393.02702919173,513197.5913570662,2.6999031531832185
ND,2025-10-10,492953.81113190856,1301398.0613882386,6.846580710165397,492953.81113190856,1301398.0613882386,6.846580710165397
ND,2025-10-17,492953.81113190856,1301398.0613882386,6.846580710165397,492953.81113190856,1301398.0613882386,6.846580710165397
ND,2025-10-24,492953.81113190856,1301398.0613882386,6.846580710165397,492953.81113190856,1301398.0613882386,6.846580710165397
ND,2025-10-31,492953.81113190856,1301398.0613882386,6.846580710165397,492953.81113190856,1301398.0613882386,6.846580710165397
ND,2025-11-07,492953.81113190856,1301398.0613882386,6.846580710165397,492953.81113190856,1301398.0613882386,6.846580710165397
ND,2025-11-14,492953.81113190856,1301398.0613882386,6.846580710165397,492953.81113190856,1301398.0613882386,6.846580710165397
ND,2025-11-21,492953.81113190856,1301398.0613882386,6.846580710165397,492953.81113190856,1301398.0613882386,6.846580710165397
ND,2025-11-28,492953.81113190856,1301398.0613882386,6.846580710165397,492953.81113190856,1301398.0613882386,6.846580710165397
ND,2025-12-05,492953.81113190856,1301398.0613882386,6.846580710165397,492953.81113190856,1301398.0613882386,6.846580710165397
ND,2025-12-12,492953.81113190856,1301398.0613882386,6.846580710165397,492953.81113190856,1301398.0613882386,6.846580710165397
ND,2025-12-19,492953.81113190856,1301398.0613882386,6.846580710165397,492953.81113190856,1301398.0613882386,6.846580710165397
ND,2025-12-26,492953.81113190856,1301398.0613882386,6.846580710165397,492953.81113190856,1301398.0613882386,6.846580710165397
ND,2026-01-02,492953.81113190856,1301398.0613882386,6.846580710165397,492953.81113190856,1301398.0613882386,6.846580710165397
ND,2026-01-09,492953.81113190856,1301398.0613882386,6.846580710165397,492953.81113190856,1301398.0613882386,6.846580710165397
ND,2026-01-16,492953.81113190856,1301398.0613882386,6.846580710165397,492953.81113190856,1301398.0613882386,6.846580710165397
ND,2026-01-23,492953.81113190856,1301398.0613882386,6.846580710165397,492953.81113190856,1301398.0613882386,6.846580710165397
ND,2026-01-30,492953.81113190856,1301398.0613882386,6.846580710165397,492953.81113190856,1301398.0613882386,6.846580710165397
ND,2026-02-06,492953.81113190856,1301398.0613882386,6.846580710165397,492953.81113190856,1301398.0613882386,6.846580710165397
ND,2026-02-13,492953.81113190856,1301398.0613882386,6.846580710165397,492953.81113190856,1301398.0613882386,6.846580710165397
ND,2026-02-20,492953.81113190856,1301398.0613882386,6.846580710165397,492953.81113190856,1301398.0613882386,6.846580710165397
ND,2026-02-27,492953.81113190856,1301398.0613882386,6.846580710165397,492953.81113190856,1301398.0613882386,6.846580710165397
ND,2026-03-06,492953.81113190856,1301398.0613882386,6.846580710165397,492953.81113190856,1301398.0613882386,6.846580710165397
ND,2026-03-13,492953.81113190856,1301398.0613882386,6.846580710165397,492953.81113190856,1301398.0613882386,6.846580710165397
ND,2026-03-20,492953.81113190856,1301398.0613882386,6.846580710165397,492953.81113190856,1301398.0613882386,6.846580710165397
ND,2026-03-27,492953.81113190856,1301398.0613882386,6.846580710165397,492953.81113190856,1301398.0613882386,6.846580710165397
ND,2026-04-03,492953.81113190856,1301398.0613882386,6.846580710165397,492953.81113190856,1301398.0613882386,6.846580710165397
ND,2026-04-10,492953.81113190856,1301398.0613882386,6.846580710165397,492953.81113190856,1301398.0613882386,6.846580710165397
ND,2026-04-17,492953.81113190856,1301398.0613882386,6.846580710165397,492953.81113190856,1301398.0613882386,6.846580710165397
ND,2026-04-24,492953.81113190856,1301398.0613882386,6.846580710165397,492953.81113190856,1301398.0613882386,6.846580710165397
ND,2026-05-01,492953.81113190856,1301398.0613882386,6.846580710165397,492953.81113190856,1301398.0613882386,6.846580710165397
ND,2026-05-08,492953.81113190856,1301398.0613882386,6.846580710165397,492953.81113190856,1301398.0613882386,6.846580710165397
ND,2026-05-15,492953.81113190856,1301398.0613882386,6.846580710165397,492953.81113190856,1301398.0613882386,6.846580710165397
ND,2026-05-22,492953.81113190856,1301398.0613882386,6.846580710165397,492953.81113190856,1301398.0613882386,6.846580710165397
ND,2026-05-29,492953.81113190856,1301398.0613882386,6.846580710165397,492953.81113190856,1301398.0613882386,6.846580710165397
ND,2026-06-05,492953.81113190856,1301398.0613882386,6.846580710165397,492953.81113190856,1301398.0613882386,6.846580710165397
ND,2026-06-12,492953.81113190856,1301398.0613882386,6.846580710165397,492953.81113190856,1301398.0613882386,6.846580710165397
ND,2026-06-19,492953.81113190856,1301398.0613882386,6.846580710165397,492953.81113190856,1301398.0613882386,6.846580710165397
ND,2026-06-26,492953.81113190856,1301398.0613882386,6.846580710165397,492953.81113190856,1301398.0613882386,6.846580710165397
ND,2026-07-03,492953.81113190856,1301398.0613882386,6.846580710165397,492953.81113190856,1301398.0613882386,6.846580710165397
ND,2026-07-10,492953.81113190856,1301398.0613882386,6.846580710165397,492953.81113190856,1301398.0613882386,6.846580710165397
ND,2026-07-17,492953.81113190856,1301398.0613882386,6.846580710165397,492953.81113190856,1301398.0613882386,6.846580710165397
NE,2025-02-28,0,0,0,0,0,0
NE,2025-03-07,0,0,0,0,0,0
NE,2025-03-14,0,0,0,0,0,0
NE,2025-03-21,0,0,0,0,0,0
NE,2025-03-28,0,0,0,0,0,0
NE,2025-04-04,0,0,0,0,0,0
NE,2025-04-11,0,0,0,0,0,0
NE,2025-04-18,456429.06298973114,1204972.7262928903,6.339292541524044,456429.06298973114,1204972.7262928903,6.339292541524044
NE,2025-04-25,2935321.159259701,7749247.860445611,40.768349434162516,2935321.159259701,7749247.860445611,40.768349434162516
NE,2025-05-02,2936412.542529155,7752129.11227697,40.78350753512716,2936412.542529155,7752129.11227697,40.78350753512716
NE,2025-05-09,2936412.542529155,7752129.11227697,40.78350753512716,2936412.542529155,7752129.11227697,40.78350753512716
NE,2025-05-16,2936702.4197097453,7752894.388033729,40.7875336070798,2936702.4197097453,7752894.388033729,40.7875336070798
NE,2025-05-23,2936702.4197097453,7752894.388033729,40.7875336070798,2936702.4197097453,7752894.388033729,40.7875336070798
NE,2025-05-30,2936702.4197097453,7752894.388033729,40.7875336070798,2936702.4197097453,7752894.388033729,40.7875336070798
NE,2025-06-06,2936702.4197097453,7752894.388033729,40.7875336070798,2936702.4197097453,7752894.388033729,40.7875336070798
NE,2025-06-13,2936702.4197097453,7752894.388033729,40.7875336070798,2936702.4197097453,7752894.388033729,40.7875336070798
NE,2025-06-20,2936702.4197097453,7752894.388033729,40.7875336070798,2936702.4197097453,7752894.388033729,40.7875336070798
NE,2025-06-27,2936549.636782869,7752491.041106775,40.785411621984295,2936702.4197097453,7752894.388033729,40.7875336070798
NE,2025-07-04,2936549.636782869,7752491.041106775,40.785411621984295,2936702.4197097453,7752894.388033729,40.7875336070798
NE,2025-07-11,2936549.636782869,7752491.041106775,40.785411621984295,2936702.4197097453,7752894.388033729,40.7875336070798
NE,2025-07-18,2936549.636782869,7752491.041106775,40.785411621984295,2936702.4197097453,7752894.388033729,40.7875336070798
NE,2025-07-25,2936549.636782869,7752491.041106775,40.785411621984295,2936702.4197097453,7752894.388033729,40.7875336070798
NE,2025-08-01,2936549.636782869,7752491.041106775,40.785411621984295,2936702.4197097453,7752894.388033729,40.7875336070798
NE,2025-08-08,2936549.636782869,7752491.041106775,40.785411621984295,2936702.4197097453,7752894.388033729,40.7875336070798
NE,2025-08-15,2936549.636782869,7752491.041106775,40.785411621984295,2936702.4197097453,7752894.388033729,40.7875336070798
NE,2025-08-22,2936549.636782869,7752491.041106775,40.785411621984295,2936702.4197097453,7752894.388033729,40.7875336070798
NE,2025-08-29,2936549.636782869,7752491.041106775,40.785411621984295,2936702.4197097453,7752894.388033729,40.7875336070798
NE,2025-09-05,2936549.636782869,7752491.041106775,40.785411621984295,2936702.4197097453,7752894.388033729,40.7875336070798
NE,2025-09-12,2936549.636782869,7752491.041106775,40.785411621984295,2936702.4197097453,7752894.388033729,40.7875336070798
NE,2025-09-19,2936549.636782869,7752491.041106775,40.785411621984295,2936702.4197097453,7752894.388033729,40.7875336070798
NE,2025-09-26,2936582.697211053,7752578.320637181,40.78587079459796,2936735.4801379293,7752981.667564135,40.78799277969347
NE,2025-10-03,4518413.2314964775,11928610.931150703,62.75573932633997,4518566.014423354,11929014.278077655,62.75786131143548
NE,2025-10-10,4518769.154739715,11929550.56851285,62.76068270471826,4518921.937666591,11929953.915439801,62.76280468981377
NE,2025-10-17,4518769.154739715,11929550.56851285,62.76068270471826,4518921.937666591,11929953.915439801,62.76280468981377
NE,2025-10-24,4518769.154739715,11929550.56851285,62.76068270471826,4518921.937666591,11929953.915439801,62.76280468981377
NE,2025-10-31,4518769.154739715,11929550.56851285,62.76068270471826,4518921.937666591,11929953.915439801,62.76280468981377
NE,2025-11-07,4518769.154739715,11929550.56851285,62.76068270471826,4518921.937666591,11929953.915439801,62.76280468981377
NE,2025-11-14,4518769.154739715,11929550.56851285,62.76068270471826,4518921.937666591,11929953.915439801,62.76280468981377
NE,2025-11-21,4518769.154739715,11929550.56851285,62.76068270471826,4518921.937666591,11929953.915439801,62.76280468981377
NE,2025-11-28,4518769.154739715,11929550.56851285,62.76068270471826,4518921.937666591,11929953.915439801,62.76280468981377
NE,2025-12-05,4518769.154739715,11929550.56851285,62.76068270471826,4518921.937666591,11929953.915439801,62.76280468981377
NE,2025-12-12,4518769.154739715,11929550.56851285,62.76068270471826,4518921.937666591,11929953.915439801,62.76280468981377
NE,2025-12-19,4518769.154739715,11929550.56851285,62.76068270471826,4518921.937666591,11929953.915439801,62.76280468981377
NE,2025-12-26,4518769.154739715,11929550.56851285,62.76068270471826,4518921.937666591,11929953.915439801,62.76280468981377
NE,2026-01-02,4518769.154739715,11929550.56851285,62.76068270471826,4518921.937666591,11929953.915439801,62.76280468981377
NE,2026-01-09,4518769.154739715,11929550.56851285,62.76068270471826,4518921.937666591,11929953.915439801,62.76280468981377
NE,2026-01-16,4518769.154739715,11929550.56851285,62.76068270471826,4518921.937666591,11929953.915439801,62.76280468981377
NE,2026-01-23,4518769.154739715,11929550.56851285,62.76068270471826,4518921.937666591,11929953.915439801,62.76280468981377
NE,2026-01-30,4518769.154739715,11929550.56851285,62.76068270471826,4518921.937666591,11929953.915439801,62.76280468981377
NE,2026-02-06,4518769.154739715,11929550.56851285,62.76068270471826,4518921.937666591,11929953.915439801,62.76280468981377
NE,2026-02-13,4518769.154739715,11929550.56851285,62.76068270471826,4518921.937666591,11929953.915439801,62.76280468981377
NE,2026-02-20,4518769.154739715,11929550.56851285,62.76068270471826,4518921.937666591,11929953.915439801,62.76280468981377
NE,2026-02-27,4518769.154739715,11929550.56851285,62.76068270471826,4518921.937666591,11929953.915439801,62.76280468981377
NE,2026-03-06,4518769.154739715,11929550.56851285,62.76068270471826,4518921.937666591,11929953.915439801,62.76280468981377
NE,2026-03-13,4518769.154739715,11929550.56851285,62.76068270471826,4518921.937666591,11929953.915439801,62.76280468981377
NE,2026-03-20,4518769.154739715,11929550.56851285,62.76068270471826,4518921.937666591,11929953.915439801,62.76280468981377
NE,2026-03-27,4518769.154739715,11929550.56851285,62.76068270471826,4518921.937666591,11929953.915439801,62.76280468981377
NE,2026-04-03,4518769.154739715,11929550.56851285,62.76068270471826,4518921.937666591,11929953.915439801,62.76280468981377
NE,2026-04-10,4518769.154739715,11929550.56851285,62.76068270471826,4518921.937666591,11929953.915439801,62.76280468981377
NE,2026-04-17,4518824.977857808,11929697.941544615,62.761458025802895,4518977.760784685,11930101.288471567,62.763580010898394
NE,2026-04-24,4518824.977857808,11929697.941544615,62.761458025802895,4518977.760784685,11930101.288471567,62.763580010898394
NE,2026-05-01,4518824.977857808,11929697.941544615,62.761458025802895,4518977.760784685,11930101.288471567,62.763580010898394
NE,2026-05-08,4518873.648346083,11929826.43163366,62.76213400480671,4519026.431272959,11930229.778560612,62.76425598990222
NE,2026-05-15,4518873.648346083,11929826.43163366,62.76213400480671,4519026.431272959,11930229.778560612,62.76425598990222
NE,2026-05-22,4518873.648346083,11929826.43163366,62.76213400480671,4519026.431272959,11930229.778560612,62.76425598990222
NE,2026-05-29,4518873.648346083,11929826.43163366,62.76213400480671,4519026.431272959,11930229.778560612,62.76425598990222
NE,2026-06-05,4518873.648346083,11929826.43163366,62.76213400480671,4519026.431272959,11930229.778560612,62.76425598990222
NE,2026-06-12,4518873.648346083,11929826.43163366,62.76213400480671,4519026.431272959,11930229.778560612,62.76425598990222
NE,2026-06-19,4518873.648346083,11929826.43163366,62.76213400480671,4519026.431272959,11930229.778560612,62.76425598990222
NE,2026-06-26,4518873.648346083,11929826.43163366,62.76213400480671,4519026.431272959,11930229.778560612,62.76425598990222
NE,2026-07-03,4518873.648346083,11929826.43163366,62.76213400480671,4519026.431272959,11930229.778560612,62.76425598990222
NE,2026-07-10,4518873.648346083,11929826.43163366,62.76213400480671,4519026.431272959,11930229.778560612,62.76425598990222
NE,2026-07-17,4518873.648346083,11929826.43163366,62.76213400480671,4519026.431272959,11930229.778560612,62.76425598990222
NH,2025-02-28,0,0,0,0,0,0
NH,2025-03-07,0,0,0,0,0,0
NH,2025-03-14,0,0,0,0,0,0
NH,2025-03-21,0,0,0,0,0,0
NH,2025-03-28,0,0,0,0,0,0
NH,2025-04-04,0,0,0,0,0,0
NH,2025-04-11,0,0,0,0,0,0
NH,2025-04-18,172108.26544630047,454365.8207782333,2.3903925756430624,172108.26544630047,454365.8207782333,2.3903925756430624
NH,2025-04-25,262208.2226674238,692229.7078419989,3.6417808703808863,262208.2226674238,692229.7078419989,3.6417808703808863
NH,2025-05-02,265199.0984989793,700125.6200373054,3.6833208124858237,265199.0984989793,700125.6200373054,3.6833208124858237
NH,2025-05-09,265199.0984989793,700125.6200373054,3.6833208124858237,265199.0984989793,700125.6200373054,3.6833208124858237
NH,2025-05-16,1683418.2781545864,4444224.254328108,23.380809418813705,1683418.2781545864,4444224.254328108,23.380809418813705
NH,2025-05-23,1683418.2781545864,4444224.254328108,23.380809418813705,1683418.2781545864,4444224.254328108,23.380809418813705
NH,2025-05-30,1683418.2781545864,4444224.254328108,23.380809418813705,1683418.2781545864,4444224.254328108,23.380809418813705
NH,2025-06-06,1683418.2781545864,4444224.254328108,23.380809418813705,1683418.2781545864,4444224.254328108,23.380809418813705
NH,2025-06-13,1603481.3379136836,4233190.732092125,22.27057413769005,1683418.2781545864,4444224.254328108,23.380809418813705
NH,2025-06-20,1603481.3379136836,4233190.732092125,22.27057413769005,1683418.2781545864,4444224.254328108,23.380809418813705
NH,2025-06-27,1577239.6552277368,4163912.6898012254,21.906106322607457,1683418.2781545864,4444224.254328108,23.380809418813705
NH,2025-07-04,1577239.6552277368,4163912.6898012254,21.906106322607457,1683418.2781545864,4444224.254328108,23.380809418813705
NH,2025-07-11,1577239.6552277368,4163912.6898012254,21.906106322607457,1683418.2781545864,4444224.254328108,23.380809418813705
NH,2025-07-18,1577239.6552277368,4163912.6898012254,21.906106322607457,1683418.2781545864,4444224.254328108,23.380809418813705
NH,2025-07-25,1577239.6552277368,4163912.6898012254,21.906106322607457,1683418.2781545864,4444224.254328108,23.380809418813705
NH,2025-08-01,1577239.6552277368,4163912.6898012254,21.906106322607457,1683418.2781545864,4444224.254328108,23.380809418813705
NH,2025-08-08,1577239.6552277368,4163912.6898012254,21.906106322607457,1683418.2781545864,4444224.254328108,23.380809418813705
NH,2025-08-15,1577239.6552277368,4163912.6898012254,21.906106322607457,1683418.2781545864,4444224.254328108,23.380809418813705
NH,2025-08-22,1577239.6552277368,4163912.6898012254,21.906106322607457,1683418.2781545864,4444224.254328108,23.380809418813705
NH,2025-08-29,1577239.6552277368,4163912.6898012254,21.906106322607457,1683418.2781545864,4444224.254328108,23.380809418813705
NH,2025-09-05,1577239.6552277368,4163912.6898012254,21.906106322607457,1683418.2781545864,4444224.254328108,23.380809418813705
NH,2025-09-12,1577239.6552277368,4163912.6898012254,21.906106322607457,1683418.2781545864,4444224.254328108,23.380809418813705
NH,2025-09-19,274769.33642800385,725391.0481699302,3.816240783722276,1692485.8371533277,4468162.610084785,23.506747738240662
NH,2025-09-26,274919.16345437325,725786.5915195453,3.818321714644073,1692635.664179697,4468558.1534343995,23.508828669162458
NH,2025-10-03,791230.2611337354,2088847.8893930614,10.989309182412992,2208946.7618590593,5831619.451307917,30.67981613693138
NH,2025-10-10,794497.5870845066,2097473.6299030976,11.034688709507037,2212214.0878098304,5840245.191817952,30.725195664025424
NH,2025-10-17,794497.5870845066,2097473.6299030976,11.034688709507037,2212214.0878098304,5840245.191817952,30.725195664025424
NH,2025-10-24,794497.5870845066,2097473.6299030976,11.034688709507037,2212214.0878098304,5840245.191817952,30.725195664025424
NH,2025-10-31,794497.5870845066,2097473.6299030976,11.034688709507037,2212214.0878098304,5840245.191817952,30.725195664025424
NH,2025-11-07,794497.5870845066,2097473.6299030976,11.034688709507037,2212214.0878098304,5840245.191817952,30.725195664025424
NH,2025-11-14,794514.7668196356,2097518.984403838,11.034927316939385,2212231.267544959,5840290.546318693,30.725434271457768
NH,2025-11-21,794514.7668196356,2097518.984403838,11.034927316939385,2212231.267544959,5840290.546318693,30.725434271457768
NH,2025-11-28,794514.7668196356,2097518.984403838,11.034927316939385,2212231.267544959,5840290.546318693,30.725434271457768
NH,2025-12-05,794514.7668196356,2097518.984403838,11.034927316939385,2212231.267544959,5840290.546318693,30.725434271457768
NH,2025-12-12,794514.7668196356,2097518.984403838,11.034927316939385,2212231.267544959,5840290.546318693,30.725434271457768
NH,2025-12-19,794514.7668196356,2097518.984403838,11.034927316939385,2212231.267544959,5840290.546318693,30.725434271457768
NH,2025-12-26,794514.7668196356,2097518.984403838,11.034927316939385,2212231.267544959,5840290.546318693,30.725434271457768
NH,2026-01-02,794514.7668196356,2097518.984403838,11.034927316939385,2212231.267544959,5840290.546318693,30.725434271457768
NH,2026-01-09,794514.7668196356,2097518.984403838,11.034927316939385,2212231.267544959,5840290.546318693,30.725434271457768
NH,2026-01-16,794514.7668196356,2097518.984403838,11.034927316939385,2212231.267544959,5840290.546318693,30.725434271457768
NH,2026-01-23,794514.7668196356,2097518.984403838,11.034927316939385,2212231.267544959,5840290.546318693,30.725434271457768
NH,2026-01-30,794514.7668196356,2097518.984403838,11.034927316939385,2212231.267544959,5840290.546318693,30.725434271457768
NH,2026-02-06,794514.7668196356,2097518.984403838,11.034927316939385,2212231.267544959,5840290.546318693,30.725434271457768
NH,2026-02-13,794514.7668196356,2097518.984403838,11.034927316939385,2212231.267544959,5840290.546318693,30.725434271457768
NH,2026-02-20,794514.7668196356,2097518.984403838,11.034927316939385,2212231.267544959,5840290.546318693,30.725434271457768
NH,2026-02-27,794514.7668196356,2097518.984403838,11.034927316939385,2212231.267544959,5840290.546318693,30.725434271457768
NH,2026-03-06,794514.7668196356,2097518.984403838,11.034927316939385,2212231.267544959,5840290.546318693,30.725434271457768
NH,2026-03-13,794514.7668196356,2097518.984403838,11.034927316939385,2212231.267544959,5840290.546318693,30.725434271457768
NH,2026-03-20,794514.7668196356,2097518.984403838,11.034927316939385,2212231.267544959,5840290.546318693,30.725434271457768
NH,2026-03-27,794514.7668196356,2097518.984403838,11.034927316939385,2212231.267544959,5840290.546318693,30.725434271457768
NH,2026-04-03,794514.7668196356,2097518.984403838,11.034927316939385,2212231.267544959,5840290.546318693,30.725434271457768
NH,2026-04-10,794514.7668196356,2097518.984403838,11.034927316939385,2212231.267544959,5840290.546318693,30.725434271457768
NH,2026-04-17,794514.7668196356,2097518.984403838,11.034927316939385,2212231.267544959,5840290.546318693,30.725434271457768
NH,2026-04-24,794514.7668196356,2097518.984403838,11.034927316939385,2212231.267544959,5840290.546318693,30.725434271457768
NH,2026-05-01,794514.7668196356,2097518.984403838,11.034927316939385,2212231.267544959,5840290.546318693,30.725434271457768
NH,2026-05-08,795544.9063586161,2100238.5527867465,11.049234810536335,2213261.4070839398,5843010.114701601,30.73974176505472
NH,2026-05-15,795544.9063586161,2100238.5527867465,11.049234810536335,2213261.4070839398,5843010.114701601,30.73974176505472
NH,2026-05-22,795544.9063586161,2100238.5527867465,11.049234810536335,2213261.4070839398,5843010.114701601,30.73974176505472
NH,2026-05-29,795544.9063586161,2100238.5527867465,11.049234810536335,2213261.4070839398,5843010.114701601,30.73974176505472
NH,2026-06-05,795544.9063586161,2100238.5527867465,11.049234810536335,2213261.4070839398,5843010.114701601,30.73974176505472
NH,2026-06-12,795544.9063586161,2100238.5527867465,11.049234810536335,2213261.4070839398,5843010.114701601,30.73974176505472
NH,2026-06-19,795544.9063586161,2100238.5527867465,11.049234810536335,2213261.4070839398,5843010.114701601,30.73974176505472
NH,2026-06-26,795544.9063586161,2100238.5527867465,11.049234810536335,2213261.4070839398,5843010.114701601,30.73974176505472
NH,2026-07-03,795544.9063586161,2100238.5527867465,11.049234810536335,2213261.4070839398,5843010.114701601,30.73974176505472
NH,2026-07-10,795544.9063586161,2100238.5527867465,11.049234810536335,2213261.4070839398,5843010.114701601,30.73974176505472
NH,2026-07-17,795544.9063586161,2100238.5527867465,11.049234810536335,2213261.4070839398,5843010.114701601,30.73974176505472
NJ,2025-02-28,0,0,0,0,0,0
NJ,2025-03-07,0,0,0,0,0,0
NJ,2025-03-14,0,0,0,0,0,0
NJ,2025-03-21,0,0,0,0,0,0
NJ,2025-03-28,0,0,0,0,0,0
NJ,2025-04-04,0,0,0,0,0,0
NJ,2025-04-11,0,0,0,0,0,0
NJ,2025-04-18,557367.569675841,1471450.3839442204,7.741216245497793,557367.569675841,1471450.3839442204,7.741216245497793
NJ,2025-04-25,833481.2899581583,2200390.6054895376,11.57612902719664,833481.2899581583,2200390.6054895376,11.57612902719664
NJ,2025-05-02,986502.6586077953,2604367.01872458,13.701425813997156,986502.6586077953,2604367.01872458,13.701425813997156
NJ,2025-05-09,986502.6586077953,2604367.01872458,13.701425813997156,986502.6586077953,2604367.01872458,13.701425813997156
NJ,2025-05-16,1000236.1156231489,2640623.3452451136,13.892168272543737,1000236.1156231489,2640623.3452451136,13.892168272543737
NJ,2025-05-23,1000236.1156231489,2640623.3452451136,13.892168272543737,1000236.1156231489,2640623.3452451136,13.892168272543737
NJ,2025-05-30,1000236.1156231489,2640623.3452451136,13.892168272543737,1000236.1156231489,2640623.3452451136,13.892168272543737
NJ,2025-06-06,1000236.1156231489,2640623.3452451136,13.892168272543737,1000236.1156231489,2640623.3452451136,13.892168272543737
NJ,2025-06-13,998663.5600243297,2636471.7984642303,13.870327222560134,1000237.4508350536,2640626.870204542,13.892186817153524
NJ,2025-06-20,998663.5600243297,2636471.7984642303,13.870327222560134,1000237.4508350536,2640626.870204542,13.892186817153524
NJ,2025-06-27,989969.84703718,2613520.3961781557,13.749581208849726,1000237.4508350536,2640626.870204542,13.892186817153524
NJ,2025-07-04,989969.84703718,2613520.3961781557,13.749581208849726,1000237.4508350536,2640626.870204542,13.892186817153524
NJ,2025-07-11,989969.84703718,2613520.3961781557,13.749581208849726,1000237.4508350536,2640626.870204542,13.892186817153524
NJ,2025-07-18,989969.84703718,2613520.3961781557,13.749581208849726,1000237.4508350536,2640626.870204542,13.892186817153524
NJ,2025-07-25,989969.84703718,2613520.3961781557,13.749581208849726,1000237.4508350536,2640626.870204542,13.892186817153524
NJ,2025-08-01,989969.84703718,2613520.3961781557,13.749581208849726,1000237.4508350536,2640626.870204542,13.892186817153524
NJ,2025-08-08,989969.84703718,2613520.3961781557,13.749581208849726,1000237.4508350536,2640626.870204542,13.892186817153524
NJ,2025-08-15,989460.2531965143,2612175.0684387977,13.742503516618255,1000237.4508350536,2640626.870204542,13.892186817153524
NJ,2025-08-22,989460.2531965143,2612175.0684387977,13.742503516618255,1000237.4508350536,2640626.870204542,13.892186817153524
NJ,2025-08-29,989460.2531965143,2612175.0684387977,13.742503516618255,1000237.4508350536,2640626.870204542,13.892186817153524
NJ,2025-09-05,989460.2531965143,2612175.0684387977,13.742503516618255,1000237.4508350536,2640626.870204542,13.892186817153524
NJ,2025-09-12,989460.2531965143,2612175.0684387977,13.742503516618255,1000237.4508350536,2640626.870204542,13.892186817153524
NJ,2025-09-19,2656586.420956477,7013388.151325099,36.89703362439552,2667363.6185950167,7041839.953090845,37.04671692493079
NJ,2025-09-26,2667468.7168453904,7042117.412471831,37.04817662285265,2678245.9144839295,7070569.214237575,37.19785992338792
NJ,2025-10-03,9351270.245488383,24687353.44808933,129.8787534095609,9362047.443126922,24715805.249855082,130.02843671009614
NJ,2025-10-10,9835427.178567875,25965527.751419187,136.60315525788715,9846204.376206415,25993979.553184934,136.7528385584224
NJ,2025-10-17,9835427.178567875,25965527.751419187,136.60315525788715,9846204.376206415,25993979.553184934,136.7528385584224
NJ,2025-10-24,9835427.178567875,25965527.751419187,136.60315525788715,9846204.376206415,25993979.553184934,136.7528385584224
NJ,2025-10-31,9835427.178567875,25965527.751419187,136.60315525788715,9846204.376206415,25993979.553184934,136.7528385584224
NJ,2025-11-07,9835427.178567875,25965527.751419187,136.60315525788715,9846204.376206415,25993979.553184934,136.7528385584224
NJ,2025-11-14,9836383.450873232,25968052.31030533,136.61643681768376,9847160.64851177,25996504.11207107,136.76612011821902
NJ,2025-11-21,9836383.450873232,25968052.31030533,136.61643681768376,9847160.64851177,25996504.11207107,136.76612011821902
NJ,2025-11-28,9836383.450873232,25968052.31030533,136.61643681768376,9847160.64851177,25996504.11207107,136.76612011821902
NJ,2025-12-05,9836383.450873232,25968052.31030533,136.61643681768376,9847160.64851177,25996504.11207107,136.76612011821902
NJ,2025-12-12,9836383.450873232,25968052.31030533,136.61643681768376,9847160.64851177,25996504.11207107,136.76612011821902
NJ,2025-12-19,9836383.450873232,25968052.31030533,136.61643681768376,9847160.64851177,25996504.11207107,136.76612011821902
NJ,2025-12-26,9828300.871161187,25946714.299865536,136.50417876612764,9847160.64851177,25996504.11207107,136.76612011821902
NJ,2026-01-02,9828300.871161187,25946714.299865536,136.50417876612764,9847160.64851177,25996504.11207107,136.76612011821902
NJ,2026-01-09,9828300.871161187,25946714.299865536,136.50417876612764,9847160.64851177,25996504.11207107,136.76612011821902
NJ,2026-01-16,9828300.871161187,25946714.299865536,136.50417876612764,9847160.64851177,25996504.11207107,136.76612011821902
NJ,2026-01-23,9828300.871161187,25946714.299865536,136.50417876612764,9847160.64851177,25996504.11207107,136.76612011821902
NJ,2026-01-30,9828300.871161187,25946714.299865536,136.50417876612764,9847160.64851177,25996504.11207107,136.76612011821902
NJ,2026-02-06,9828300.871161187,25946714.299865536,136.50417876612764,9847160.64851177,25996504.11207107,136.76612011821902
NJ,2026-02-13,9828300.871161187,25946714.299865536,136.50417876612764,9847160.64851177,25996504.11207107,136.76612011821902
NJ,2026-02-20,9828300.871161187,25946714.299865536,136.50417876612764,9847160.64851177,25996504.11207107,136.76612011821902
NJ,2026-02-27,9828300.871161187,25946714.299865536,136.50417876612764,9847160.64851177,25996504.11207107,136.76612011821902
NJ,2026-03-06,9828300.871161187,25946714.299865536,136.50417876612764,9847160.64851177,25996504.11207107,136.76612011821902
NJ,2026-03-13,9828300.871161187,25946714.299865536,136.50417876612764,9847160.64851177,25996504.11207107,136.76612011821902
NJ,2026-03-20,9828300.871161187,25946714.299865536,136.50417876612764,9847160.64851177,25996504.11207107,136.76612011821902
NJ,2026-03-27,9828300.871161187,25946714.299865536,136.50417876612764,9847160.64851177,25996504.11207107,136.76612011821902
NJ,2026-04-03,9828300.871161187,25946714.299865536,136.50417876612764,9847160.64851177,25996504.11207107,136.76612011821902
NJ,2026-04-10,9828690.61442468,25947743.222081155,136.50959186700945,9847550.39177526,25997533.03428669,136.77153321910086
NJ,2026-04-17,9828690.61442468,25947743.222081155,136.50959186700945,9847550.39177526,25997533.03428669,136.77153321910086
NJ,2026-04-24,9828690.61442468,25947743.222081155,136.50959186700945,9847550.39177526,25997533.03428669,136.77153321910086
NJ,2026-05-01,9828690.61442468,25947743.222081155,136.50959186700945,9847550.39177526,25997533.03428669,136.77153321910086
NJ,2026-05-08,9828774.503358731,25947964.688867055,136.5107569910935,9847634.280709313,25997754.501072586,136.7726983431849
NJ,2026-05-15,9828774.503358731,25947964.688867055,136.5107569910935,9847634.280709313,25997754.501072586,136.7726983431849
NJ,2026-05-22,9828774.503358731,25947964.688867055,136.5107569910935,9847634.280709313,25997754.501072586,136.7726983431849
NJ,2026-05-29,9828774.503358731,25947964.688867055,136.5107569910935,9847634.280709313,25997754.501072586,136.7726983431849
NJ,2026-06-05,9828774.503358731,25947964.688867055,136.5107569910935,9847634.280709313,25997754.501072586,136.7726983431849
NJ,2026-06-12,9828774.503358731,25947964.688867055,136.5107569910935,9847634.280709313,25997754.501072586,136.7726983431849
NJ,2026-06-19,9828774.503358731,25947964.688867055,136.5107569910935,9847634.280709313,25997754.501072586,136.7726983431849
NJ,2026-06-26,9828774.503358731,25947964.688867055,136.5107569910935,9847634.280709313,25997754.501072586,136.7726983431849
NJ,2026-07-03,9828774.503358731,25947964.688867055,136.5107569910935,9847634.280709313,25997754.501072586,136.7726983431849
NJ,2026-07-10,9828774.503358731,25947964.688867055,136.5107569910935,9847634.280709313,25997754.501072586,136.7726983431849
NJ,2026-07-17,9828774.503358731,25947964.688867055,136.5107569910935,9847634.280709313,25997754.501072586,136.7726983431849
NM,2025-02-28,0,0,0,0,0,0
NM,2025-03-07,0,0,0,0,0,0
NM,2025-03-14,0,0,0,0,0,0
NM,2025-03-21,0,0,0,0,0,0
NM,2025-03-28,0,0,0,0,0,0
NM,2025-04-04,0,0,0,0,0,0
NM,2025-04-11,0,0,0,0,0,0
NM,2025-04-18,230277.98964670213,607933.8926672935,3.198305411759752,230277.98964670213,607933.8926672935,3.198305411759752
NM,2025-04-25,451329.4863295198,1191509.8439099323,6.268465087909997,451329.4863295198,1191509.8439099323,6.268465087909997
NM,2025-05-02,837298.6396406771,2210468.408651388,11.629147772787183,837298.6396406771,2210468.408651388,11.629147772787183
NM,2025-05-09,837298.6396406771,2210468.408651388,11.629147772787183,837298.6396406771,2210468.408651388,11.629147772787183
NM,2025-05-16,850527.9692592674,2245393.8388444665,11.812888461934273,850527.9692592674,2245393.8388444665,11.812888461934273
NM,2025-05-23,850527.9692592674,2245393.8388444665,11.812888461934273,850527.9692592674,2245393.8388444665,11.812888461934273
NM,2025-05-30,850527.9692592674,2245393.8388444665,11.812888461934273,850527.9692592674,2245393.8388444665,11.812888461934273
NM,2025-06-06,850527.9692592674,2245393.8388444665,11.812888461934273,850527.9692592674,2245393.8388444665,11.812888461934273
NM,2025-06-13,850232.3245806585,2244613.3368929382,11.80878228584248,850527.9692592674,2245393.8388444665,11.812888461934273
NM,2025-06-20,850232.3245806585,2244613.3368929382,11.80878228584248,850527.9692592674,2245393.8388444665,11.812888461934273
NM,2025-06-27,842571.020620656,2224387.494438532,11.702375286398,850527.9692592674,2245393.8388444665,11.812888461934273
NM,2025-07-04,842571.020620656,2224387.494438532,11.702375286398,850527.9692592674,2245393.8388444665,11.812888461934273
NM,2025-07-11,842571.020620656,2224387.494438532,11.702375286398,850527.9692592674,2245393.8388444665,11.812888461934273
NM,2025-07-18,842571.020620656,2224387.494438532,11.702375286398,850527.9692592674,2245393.8388444665,11.812888461934273
NM,2025-07-25,842571.020620656,2224387.494438532,11.702375286398,850527.9692592674,2245393.8388444665,11.812888461934273
NM,2025-08-01,842571.020620656,2224387.494438532,11.702375286398,850527.9692592674,2245393.8388444665,11.812888461934273
NM,2025-08-08,842571.020620656,2224387.494438532,11.702375286398,850527.9692592674,2245393.8388444665,11.812888461934273
NM,2025-08-15,842571.020620656,2224387.494438532,11.702375286398,850527.9692592674,2245393.8388444665,11.812888461934273
NM,2025-08-22,842571.020620656,2224387.494438532,11.702375286398,850527.9692592674,2245393.8388444665,11.812888461934273
NM,2025-08-29,842571.020620656,2224387.494438532,11.702375286398,850527.9692592674,2245393.8388444665,11.812888461934273
NM,2025-09-05,842571.020620656,2224387.494438532,11.702375286398,850527.9692592674,2245393.8388444665,11.812888461934273
NM,2025-09-12,842571.020620656,2224387.494438532,11.702375286398,850527.9692592674,2245393.8388444665,11.812888461934273
NM,2025-09-19,843022.8080620491,2225580.2132838094,11.708650111972904,850979.7567006606,2246586.557689744,11.819163287509173
NM,2025-09-26,843022.8080620491,2225580.2132838094,11.708650111972904,850979.7567006606,2246586.557689744,11.819163287509173
NM,2025-10-03,8008074.192941939,21141315.869366724,111.22325267974918,8016031.141580552,21162322.21377266,111.33376585528545
NM,2025-10-10,9906739.448415112,26153792.143815897,137.59360345020988,9914696.397053724,26174798.48822183,137.70411662574617
NM,2025-10-17,9906739.448415112,26153792.143815897,137.59360345020988,9914696.397053724,26174798.48822183,137.70411662574617
NM,2025-10-24,9906739.448415112,26153792.143815897,137.59360345020988,9914696.397053724,26174798.48822183,137.70411662574617
NM,2025-10-31,9906739.448415112,26153792.143815897,137.59360345020988,9914696.397053724,26174798.48822183,137.70411662574617
NM,2025-11-07,9906739.448415112,26153792.143815897,137.59360345020988,9914696.397053724,26174798.48822183,137.70411662574617
NM,2025-11-14,9906739.448415112,26153792.143815897,137.59360345020988,9914696.397053724,26174798.48822183,137.70411662574617
NM,2025-11-21,9906739.448415112,26153792.143815897,137.59360345020988,9914696.397053724,26174798.48822183,137.70411662574617
NM,2025-11-28,9906739.448415112,26153792.143815897,137.59360345020988,9914696.397053724,26174798.48822183,137.70411662574617
NM,2025-12-05,9906739.448415112,26153792.143815897,137.59360345020988,9914696.397053724,26174798.48822183,137.70411662574617
NM,2025-12-12,9906739.448415112,26153792.143815897,137.59360345020988,9914696.397053724,26174798.48822183,137.70411662574617
NM,2025-12-19,9906739.448415112,26153792.143815897,137.59360345020988,9914696.397053724,26174798.48822183,137.70411662574617
NM,2025-12-26,9906739.448415112,26153792.143815897,137.59360345020988,9914696.397053724,26174798.48822183,137.70411662574617
NM,2026-01-02,9906739.448415112,26153792.143815897,137.59360345020988,9914696.397053724,26174798.48822183,137.70411662574617
NM,2026-01-09,9906739.448415112,26153792.143815897,137.59360345020988,9914696.397053724,26174798.48822183,137.70411662574617
NM,2026-01-16,9906739.448415112,26153792.143815897,137.59360345020988,9914696.397053724,26174798.48822183,137.70411662574617
NM,2026-01-23,9906739.448415112,26153792.143815897,137.59360345020988,9914696.397053724,26174798.48822183,137.70411662574617
NM,2026-01-30,9906739.448415112,26153792.143815897,137.59360345020988,9914696.397053724,26174798.48822183,137.70411662574617
NM,2026-02-06,9906739.448415112,26153792.143815897,137.59360345020988,9914696.397053724,26174798.48822183,137.70411662574617
NM,2026-02-13,9906739.448415112,26153792.143815897,137.59360345020988,9914696.397053724,26174798.48822183,137.70411662574617
NM,2026-02-20,9906739.448415112,26153792.143815897,137.59360345020988,9914696.397053724,26174798.48822183,137.70411662574617
NM,2026-02-27,9906739.448415112,26153792.143815897,137.59360345020988,9914696.397053724,26174798.48822183,137.70411662574617
NM,2026-03-06,9906739.448415112,26153792.143815897,137.59360345020988,9914696.397053724,26174798.48822183,137.70411662574617
NM,2026-03-13,9906739.448415112,26153792.143815897,137.59360345020988,9914696.397053724,26174798.48822183,137.70411662574617
NM,2026-03-20,9906739.448415112,26153792.143815897,137.59360345020988,9914696.397053724,26174798.48822183,137.70411662574617
NM,2026-03-27,9906739.448415112,26153792.143815897,137.59360345020988,9914696.397053724,26174798.48822183,137.70411662574617
NM,2026-04-03,9906739.448415112,26153792.143815897,137.59360345020988,9914696.397053724,26174798.48822183,137.70411662574617
NM,2026-04-10,9906739.448415112,26153792.143815897,137.59360345020988,9914696.397053724,26174798.48822183,137.70411662574617
NM,2026-04-17,9906739.448415112,26153792.143815897,137.59360345020988,9914696.397053724,26174798.48822183,137.70411662574617
NM,2026-04-24,9906739.448415112,26153792.143815897,137.59360345020988,9914696.397053724,26174798.48822183,137.70411662574617
NM,2026-05-01,9906739.448415112,26153792.143815897,137.59360345020988,9914696.397053724,26174798.48822183,137.70411662574617
NM,2026-05-08,9906739.448415112,26153792.143815897,137.59360345020988,9914696.397053724,26174798.48822183,137.70411662574617
NM,2026-05-15,9906739.448415112,26153792.143815897,137.59360345020988,9914696.397053724,26174798.48822183,137.70411662574617
NM,2026-05-22,9906739.448415112,26153792.143815897,137.59360345020988,9914696.397053724,26174798.48822183,137.70411662574617
NM,2026-05-29,9906739.448415112,26153792.143815897,137.59360345020988,9914696.397053724,26174798.48822183,137.70411662574617
NM,2026-06-05,9906739.448415112,26153792.143815897,137.59360345020988,9914696.397053724,26174798.48822183,137.70411662574617
NM,2026-06-12,9906739.448415112,26153792.143815897,137.59360345020988,9914696.397053724,26174798.48822183,137.70411662574617
NM,2026-06-19,9906739.448415112,26153792.143815897,137.59360345020988,9914696.397053724,26174798.48822183,137.70411662574617
NM,2026-06-26,9906739.448415112,26153792.143815897,137.59360345020988,9914696.397053724,26174798.48822183,137.70411662574617
NM,2026-07-03,9906739.448415112,26153792.143815897,137.59360345020988,9914696.397053724,26174798.48822183,137.70411662574617
NM,2026-07-10,9906739.448415112,26153792.143815897,137.59360345020988,9914696.397053724,26174798.48822183,137.70411662574617
NM,2026-07-17,9906739.448415112,26153792.143815897,137.59360345020988,9914696.397053724,26174798.48822183,137.70411662574617
NV,2025-02-28,0,0,0,0,0,0
NV,2025-03-07,0,0,0,0,0,0
NV,2025-03-14,0,0,0,0,0,0
NV,2025-03-21,0,0,0,0,0,0
NV,2025-03-28,0,0,0,0,0,0
NV,2025-04-04,0,0,0,0,0,0
NV,2025-04-11,0,0,0,0,0,0
NV,2025-04-18,119336.30249153057,315047.8385776407,1.6574486457157023,119336.30249153057,315047.8385776407,1.6574486457157023
NV,2025-04-25,1342891.0339313159,3545232.3295786744,18.651264360157167,1342891.0339313159,3545232.3295786744,18.651264360157167
NV,2025-05-02,3921895.766177447,10353804.82270846,54.47077453024232,3921895.766177447,10353804.82270846,54.47077453024232
NV,2025-05-09,3921895.766177447,10353804.82270846,54.47077453024232,3921895.766177447,10353804.82270846,54.47077453024232
NV,2025-05-16,3943509.443885283,10410864.931857148,54.77096449840672,3943509.443885283,10410864.931857148,54.77096449840672
NV,2025-05-23,3943509.443885283,10410864.931857148,54.77096449840672,3943509.443885283,10410864.931857148,54.77096449840672
NV,2025-05-30,3943509.443885283,10410864.931857148,54.77096449840672,3943509.443885283,10410864.931857148,54.77096449840672
NV,2025-06-06,3943509.443885283,10410864.931857148,54.77096449840672,3943509.443885283,10410864.931857148,54.77096449840672
NV,2025-06-13,3943124.2886327896,10409848.121990565,54.765615119899856,3943516.119944807,10410882.556654291,54.771057221455656
NV,2025-06-20,3943953.1338881715,10412036.273464773,54.777126859557946,3944344.965200189,10413070.7081285,54.78256896111374
NV,2025-06-27,3920853.308084135,10351052.733342117,54.456295945612986,3944344.965200189,10413070.7081285,54.78256896111374
NV,2025-07-04,3920853.308084135,10351052.733342117,54.456295945612986,3944344.965200189,10413070.7081285,54.78256896111374
NV,2025-07-11,3920853.308084135,10351052.733342117,54.456295945612986,3944344.965200189,10413070.7081285,54.78256896111374
NV,2025-07-18,3920853.308084135,10351052.733342117,54.456295945612986,3944344.965200189,10413070.7081285,54.78256896111374
NV,2025-07-25,3963100.1634169836,10462584.431420837,55.04305782523589,3986591.820533038,10524602.40620722,55.36933084073664
NV,2025-08-01,3963100.1634169836,10462584.431420837,55.04305782523589,3986591.820533038,10524602.40620722,55.36933084073664
NV,2025-08-08,3920853.308084135,10351052.733342117,54.456295945612986,3986591.820533038,10524602.40620722,55.36933084073664
NV,2025-08-15,3920853.308084135,10351052.733342117,54.456295945612986,3986591.820533038,10524602.40620722,55.36933084073664
NV,2025-08-22,3920853.308084135,10351052.733342117,54.456295945612986,3986591.820533038,10524602.40620722,55.36933084073664
NV,2025-08-29,3920853.308084135,10351052.733342117,54.456295945612986,3986591.820533038,10524602.40620722,55.36933084073664
NV,2025-09-05,3920853.308084135,10351052.733342117,54.456295945612986,3986591.820533038,10524602.40620722,55.36933084073664
NV,2025-09-12,3920853.308084135,10351052.733342117,54.456295945612986,3986591.820533038,10524602.40620722,55.36933084073664
NV,2025-09-19,3921719.749656452,10353340.139093032,54.4683298563396,3987458.2621053546,10526889.811958136,55.38136475146326
NV,2025-09-26,3922877.496814424,10356396.59159008,54.484409677978114,3988616.0092633264,10529946.264455184,55.397444573101765
NV,2025-10-03,4624350.358828115,12208284.947306223,64.22708831705717,4690088.871277018,12381834.620171329,65.14012321218081
NV,2025-10-10,4633027.341980074,12231192.182827394,64.34760197194548,4698765.854428977,12404741.855692498,65.26063686706912
NV,2025-10-17,4633027.341980074,12231192.182827394,64.34760197194548,4698765.854428977,12404741.855692498,65.26063686706912
NV,2025-10-24,4633027.341980074,12231192.182827394,64.34760197194548,4698765.854428977,12404741.855692498,65.26063686706912
NV,2025-10-31,4633027.341980074,12231192.182827394,64.34760197194548,4698765.854428977,12404741.855692498,65.26063686706912
NV,2025-11-07,4633027.341980074,12231192.182827394,64.34760197194548,4698765.854428977,12404741.855692498,65.26063686706912
NV,2025-11-14,4633027.341980074,12231192.182827394,64.34760197194548,4698765.854428977,12404741.855692498,65.26063686706912
NV,2025-11-21,4633027.341980074,12231192.182827394,64.34760197194548,4698765.854428977,12404741.855692498,65.26063686706912
NV,2025-11-28,4633027.341980074,12231192.182827394,64.34760197194548,4698765.854428977,12404741.855692498,65.26063686706912
NV,2025-12-05,4633027.341980074,12231192.182827394,64.34760197194548,4698765.854428977,12404741.855692498,65.26063686706912
NV,2025-12-12,4633027.341980074,12231192.182827394,64.34760197194548,4698765.854428977,12404741.855692498,65.26063686706912
NV,2025-12-19,4633027.341980074,12231192.182827394,64.34760197194548,4698765.854428977,12404741.855692498,65.26063686706912
NV,2025-12-26,4633027.341980074,12231192.182827394,64.34760197194548,4698765.854428977,12404741.855692498,65.26063686706912
NV,2026-01-02,4633027.341980074,12231192.182827394,64.34760197194548,4698765.854428977,12404741.855692498,65.26063686706912
NV,2026-01-09,4633027.341980074,12231192.182827394,64.34760197194548,4698765.854428977,12404741.855692498,65.26063686706912
NV,2026-01-16,4633027.341980074,12231192.182827394,64.34760197194548,4698765.854428977,12404741.855692498,65.26063686706912
NV,2026-01-23,4633027.341980074,12231192.182827394,64.34760197194548,4698765.854428977,12404741.855692498,65.26063686706912
NV,2026-01-30,4633027.341980074,12231192.182827394,64.34760197194548,4698765.854428977,12404741.855692498,65.26063686706912
NV,2026-02-06,4633027.341980074,12231192.182827394,64.34760197194548,4698765.854428977,12404741.855692498,65.26063686706912
NV,2026-02-13,4633027.341980074,12231192.182827394,64.34760197194548,4698765.854428977,12404741.855692498,65.26063686706912
NV,2026-02-20,4633027.341980074,12231192.182827394,64.34760197194548,4698765.854428977,12404741.855692498,65.26063686706912
NV,2026-02-27,4633027.341980074,12231192.182827394,64.34760197194548,4698765.854428977,12404741.855692498,65.26063686706912
NV,2026-03-06,4633027.341980074,12231192.182827394,64.34760197194548,4698765.854428977,12404741.855692498,65.26063686706912
NV,2026-03-13,4633027.341980074,12231192.182827394,64.34760197194548,4698765.854428977,12404741.855692498,65.26063686706912
NV,2026-03-20,4633027.341980074,12231192.182827394,64.34760197194548,4698765.854428977,12404741.855692498,65.26063686706912
NV,2026-03-27,4633027.341980074,12231192.182827394,64.34760197194548,4698765.854428977,12404741.855692498,65.26063686706912
NV,2026-04-03,4633027.341980074,12231192.182827394,64.34760197194548,4698765.854428977,12404741.855692498,65.26063686706912
NV,2026-04-10,4634976.058297534,12236336.793905491,64.37466747635465,4700714.570746437,12409886.466770593,65.28770237147829
NV,2026-04-17,4634976.058297534,12236336.793905491,64.37466747635465,4700714.570746437,12409886.466770593,65.28770237147829
NV,2026-04-24,4634976.058297534,12236336.793905491,64.37466747635465,4700714.570746437,12409886.466770593,65.28770237147829
NV,2026-05-01,4634976.058297534,12236336.793905491,64.37466747635465,4700714.570746437,12409886.466770593,65.28770237147829
NV,2026-05-08,4634976.058297534,12236336.793905491,64.37466747635465,4700714.570746437,12409886.466770593,65.28770237147829
NV,2026-05-15,4634976.058297534,12236336.793905491,64.37466747635465,4700714.570746437,12409886.466770593,65.28770237147829
NV,2026-05-22,4634976.058297534,12236336.793905491,64.37466747635465,4700714.570746437,12409886.466770593,65.28770237147829
NV,2026-05-29,4634976.058297534,12236336.793905491,64.37466747635465,4700714.570746437,12409886.466770593,65.28770237147829
NV,2026-06-05,4634976.058297534,12236336.793905491,64.37466747635465,4700714.570746437,12409886.466770593,65.28770237147829
NV,2026-06-12,4634976.058297534,12236336.793905491,64.37466747635465,4700714.570746437,12409886.466770593,65.28770237147829
NV,2026-06-19,4634976.058297534,12236336.793905491,64.37466747635465,4700714.570746437,12409886.466770593,65.28770237147829
NV,2026-06-26,4634976.058297534,12236336.793905491,64.37466747635465,4700714.570746437,12409886.466770593,65.28770237147829
NV,2026-07-03,4634976.058297534,12236336.793905491,64.37466747635465,4700714.570746437,12409886.466770593,65.28770237147829
NV,2026-07-10,4634976.058297534,12236336.793905491,64.37466747635465,4700714.570746437,12409886.466770593,65.28770237147829
NV,2026-07-17,4634976.058297534,12236336.793905491,64.37466747635465,4700714.570746437,12409886.466770593,65.28770237147829
NY,2025-02-28,0,0,0,0,0,0
NY,2025-03-07,0,0,0,0,0,0
NY,2025-03-14,0,0,0,0,0,0
NY,2025-03-21,0,0,0,0,0,0
NY,2025-03-28,0,0,0,0,0,0
NY,2025-04-04,0,0,0,0,0,0
NY,2025-04-11,0,0,0,0,0,0
NY,2025-04-18,6576543.884447164,17362075.85494051,91.3408872839884,6576543.884447164,17362075.85494051,91.3408872839884
NY,2025-04-25,9255627.963157779,24434857.82273653,128.55038837719138,9255627.963157779,24434857.82273653,128.55038837719138
NY,2025-05-02,12222917.89324793,32268503.238174524,169.7627485173323,12222917.89324793,32268503.238174524,169.7627485173323
NY,2025-05-09,12222917.89324793,32268503.238174524,169.7627485173323,12222917.89324793,32268503.238174524,169.7627485173323
NY,2025-05-16,12895927.54446913,34045248.7173985,179.11010478429347,12895927.54446913,34045248.7173985,179.11010478429347
NY,2025-05-23,12895927.54446913,34045248.7173985,179.11010478429347,12895927.54446913,34045248.7173985,179.11010478429347
NY,2025-05-30,12895927.54446913,34045248.7173985,179.11010478429347,12895927.54446913,34045248.7173985,179.11010478429347
NY,2025-06-06,12895927.54446913,34045248.7173985,179.11010478429347,12895927.54446913,34045248.7173985,179.11010478429347
NY,2025-06-13,12880275.981407436,34003928.59091563,178.8927219639922,12895928.879681034,34045252.242357925,179.11012332890326
NY,2025-06-20,12880275.981407436,34003928.59091563,178.8927219639922,12895928.879681034,34045252.242357925,179.11012332890326
NY,2025-06-27,12473588.526072538,32930273.708831504,173.24428508434087,12895928.879681034,34045252.242357925,179.11012332890326
NY,2025-07-04,12473588.526072538,32930273.708831504,173.24428508434087,12895928.879681034,34045252.242357925,179.11012332890326
NY,2025-07-11,12473588.526072538,32930273.708831504,173.24428508434087,12895928.879681034,34045252.242357925,179.11012332890326
NY,2025-07-18,12473588.526072538,32930273.708831504,173.24428508434087,12895928.879681034,34045252.242357925,179.11012332890326
NY,2025-07-25,12473588.526072538,32930273.708831504,173.24428508434087,12895928.879681034,34045252.242357925,179.11012332890326
NY,2025-08-01,12473588.526072538,32930273.708831504,173.24428508434087,12895928.879681034,34045252.242357925,179.11012332890326
NY,2025-08-08,12473588.526072538,32930273.708831504,173.24428508434087,12895928.879681034,34045252.242357925,179.11012332890326
NY,2025-08-15,12473333.729152204,32929601.044961825,173.24074623822514,12895928.879681034,34045252.242357925,179.11012332890326
NY,2025-08-22,12473333.729152204,32929601.044961825,173.24074623822514,12895928.879681034,34045252.242357925,179.11012332890326
NY,2025-08-29,12473333.729152204,32929601.044961825,173.24074623822514,12895928.879681034,34045252.242357925,179.11012332890326
NY,2025-09-05,12473333.729152204,32929601.044961825,173.24074623822514,12895928.879681034,34045252.242357925,179.11012332890326
NY,2025-09-12,12473333.729152204,32929601.044961825,173.24074623822514,12895928.879681034,34045252.242357925,179.11012332890326
NY,2025-09-19,16795923.01478023,44341236.759019814,233.27670853861432,17468334.90393734,46116404.14639459,242.61576255468526
NY,2025-09-26,16863851.449378267,44520567.826358624,234.22015901914264,17536263.338535376,46295735.21373339,243.55921303521356
NY,2025-10-03,42391612.31084234,111913856.50062379,588.7723932061436,43064024.19999945,113689023.88799855,598.1114472222146
NY,2025-10-10,44182098.58760033,116640740.27126491,613.6402581611158,44854510.476757444,118415907.65863968,622.9793121771867
NY,2025-10-17,44182098.58760033,116640740.27126491,613.6402581611158,44854510.476757444,118415907.65863968,622.9793121771867
NY,2025-10-24,44182098.58760033,116640740.27126491,613.6402581611158,44854510.476757444,118415907.65863968,622.9793121771867
NY,2025-10-31,44182098.58760033,116640740.27126491,613.6402581611158,44854510.476757444,118415907.65863968,622.9793121771867
NY,2025-11-07,44182098.58760033,116640740.27126491,613.6402581611158,44854510.476757444,118415907.65863968,622.9793121771867
NY,2025-11-14,44213783.13536338,116724387.47735927,614.0803213244914,44886195.02452049,118499554.86473405,623.4193753405623
NY,2025-11-21,44213784.85408635,116724392.01478791,614.0803451956438,44886196.743243456,118499559.4021627,623.4193992117147
NY,2025-11-28,44213784.85408635,116724392.01478791,614.0803451956438,44886196.743243456,118499559.4021627,623.4193992117147
NY,2025-12-05,44213784.85408635,116724392.01478791,614.0803451956438,44886196.743243456,118499559.4021627,623.4193992117147
NY,2025-12-12,44213784.85408635,116724392.01478791,614.0803451956438,44886196.743243456,118499559.4021627,623.4193992117147
NY,2025-12-19,44213784.85408635,116724392.01478791,614.0803451956438,44886196.743243456,118499559.4021627,623.4193992117147
NY,2025-12-26,41171669.07626092,108693206.36132884,571.8287371702905,44886196.743243456,118499559.4021627,623.4193992117147
NY,2026-01-02,41171669.07626092,108693206.36132884,571.8287371702905,44886196.743243456,118499559.4021627,623.4193992117147
NY,2026-01-09,41171669.07626092,108693206.36132884,571.8287371702905,44886196.743243456,118499559.4021627,623.4193992117147
NY,2026-01-16,41171669.07626092,108693206.36132884,571.8287371702905,44886196.743243456,118499559.4021627,623.4193992117147
NY,2026-01-23,41171669.07626092,108693206.36132884,571.8287371702905,44886196.743243456,118499559.4021627,623.4193992117147
NY,2026-01-30,41171669.07626092,108693206.36132884,571.8287371702905,44886196.743243456,118499559.4021627,623.4193992117147
NY,2026-02-06,41171669.07626092,108693206.36132884,571.8287371702905,44886196.743243456,118499559.4021627,623.4193992117147
NY,2026-02-13,41171669.07626092,108693206.36132884,571.8287371702905,44886196.743243456,118499559.4021627,623.4193992117147
NY,2026-02-20,41171669.07626092,108693206.36132884,571.8287371702905,44886196.743243456,118499559.4021627,623.4193992117147
NY,2026-02-27,41171669.07626092,108693206.36132884,571.8287371702905,44886196.743243456,118499559.4021627,623.4193992117147
NY,2026-03-06,41171669.07626092,108693206.36132884,571.8287371702905,44886196.743243456,118499559.4021627,623.4193992117147
NY,2026-03-13,41171669.07626092,108693206.36132884,571.8287371702905,44886196.743243456,118499559.4021627,623.4193992117147
NY,2026-03-20,41171669.07626092,108693206.36132884,571.8287371702905,44886196.743243456,118499559.4021627,623.4193992117147
NY,2026-03-27,41171669.07626092,108693206.36132884,571.8287371702905,44886196.743243456,118499559.4021627,623.4193992117147
NY,2026-04-03,41171669.07626092,108693206.36132884,571.8287371702905,44886196.743243456,118499559.4021627,623.4193992117147
NY,2026-04-10,41172058.819524415,108694235.28354447,571.8341502711725,44886586.48650695,118500588.32437831,623.4248123125965
NY,2026-04-17,41172058.819524415,108694235.28354447,571.8341502711725,44886586.48650695,118500588.32437831,623.4248123125965
NY,2026-04-24,41172058.819524415,108694235.28354447,571.8341502711725,44886586.48650695,118500588.32437831,623.4248123125965
NY,2026-05-01,41172058.819524415,108694235.28354447,571.8341502711725,44886586.48650695,118500588.32437831,623.4248123125965
NY,2026-05-08,41172443.993187204,108695252.14201424,571.8394999053777,44886971.66016974,118501605.18284813,623.430161946802
NY,2026-05-15,41172443.993187204,108695252.14201424,571.8394999053777,44886971.66016974,118501605.18284813,623.430161946802
NY,2026-05-22,41172443.993187204,108695252.14201424,571.8394999053777,44886971.66016974,118501605.18284813,623.430161946802
NY,2026-05-29,41172443.993187204,108695252.14201424,571.8394999053777,44886971.66016974,118501605.18284813,623.430161946802
NY,2026-06-05,41172443.993187204,108695252.14201424,571.8394999053777,44886971.66016974,118501605.18284813,623.430161946802
NY,2026-06-12,41172443.993187204,108695252.14201424,571.8394999053777,44886971.66016974,118501605.18284813,623.430161946802
NY,2026-06-19,41172443.993187204,108695252.14201424,571.8394999053777,44886971.66016974,118501605.18284813,623.430161946802
NY,2026-06-26,41172443.993187204,108695252.14201424,571.8394999053777,44886971.66016974,118501605.18284813,623.430161946802
NY,2026-07-03,41172443.993187204,108695252.14201424,571.8394999053777,44886971.66016974,118501605.18284813,623.430161946802
NY,2026-07-10,41172443.993187204,108695252.14201424,571.8394999053777,44886971.66016974,118501605.18284813,623.430161946802
NY,2026-07-17,41172443.993187204,108695252.14201424,571.8394999053777,44886971.66016974,118501605.18284813,623.430161946802
OH,2025-02-28,0,0,0,0,0,0
OH,2025-03-07,0,0,0,0,0,0
OH,2025-03-14,0,0,0,0,0,0
OH,2025-03-21,0,0,0,0,0,0
OH,2025-03-28,0,0,0,0,0,0
OH,2025-04-04,0,0,0,0,0,0
OH,2025-04-11,0,0,0,0,0,0
OH,2025-04-18,463716.46660509636,1224211.4718374542,6.440506480626338,463716.46660509636,1224211.4718374542,6.440506480626338
OH,2025-04-25,724385.7198671427,1912378.3004492568,10.06091277593254,724385.7198671427,1912378.3004492568,10.06091277593254
OH,2025-05-02,758688.7272379672,2002938.2399082338,10.537343433860656,758688.7272379672,2002938.2399082338,10.537343433860656
OH,2025-05-09,759067.1999304441,2003937.4078163728,10.542599999033946,759067.1999304441,2003937.4078163728,10.542599999033946
OH,2025-05-16,773918.2923751564,2043144.291870413,10.748865171877172,773918.2923751564,2043144.291870413,10.748865171877172
OH,2025-05-23,773918.2923751564,2043144.291870413,10.748865171877172,773918.2923751564,2043144.291870413,10.748865171877172
OH,2025-05-30,773918.2923751564,2043144.291870413,10.748865171877172,773918.2923751564,2043144.291870413,10.748865171877172
OH,2025-06-06,773918.2923751564,2043144.291870413,10.748865171877172,773918.2923751564,2043144.291870413,10.748865171877172
OH,2025-06-13,773918.2923751564,2043144.291870413,10.748865171877172,773918.2923751564,2043144.291870413,10.748865171877172
OH,2025-06-20,773918.2923751564,2043144.291870413,10.748865171877172,773918.2923751564,2043144.291870413,10.748865171877172
OH,2025-06-27,759821.6385824125,2005929.1258575688,10.553078313644619,773918.2923751564,2043144.291870413,10.748865171877172
OH,2025-07-04,759821.6385824125,2005929.1258575688,10.553078313644619,773918.2923751564,2043144.291870413,10.748865171877172
OH,2025-07-11,759821.6385824125,2005929.1258575688,10.553078313644619,773918.2923751564,2043144.291870413,10.748865171877172
OH,2025-07-18,759821.6385824125,2005929.1258575688,10.553078313644619,773918.2923751564,2043144.291870413,10.748865171877172
OH,2025-07-25,759821.6385824125,2005929.1258575688,10.553078313644619,773918.2923751564,2043144.291870413,10.748865171877172
OH,2025-08-01,759821.6385824125,2005929.1258575688,10.553078313644619,773918.2923751564,2043144.291870413,10.748865171877172
OH,2025-08-08,759821.6385824125,2005929.1258575688,10.553078313644619,773918.2923751564,2043144.291870413,10.748865171877172
OH,2025-08-15,759821.6385824125,2005929.1258575688,10.553078313644619,773918.2923751564,2043144.291870413,10.748865171877172
OH,2025-08-22,759821.6385824125,2005929.1258575688,10.553078313644619,773918.2923751564,2043144.291870413,10.748865171877172
OH,2025-08-29,759821.6385824125,2005929.1258575688,10.553078313644619,773918.2923751564,2043144.291870413,10.748865171877172
OH,2025-09-05,759821.6385824125,2005929.1258575688,10.553078313644619,773918.2923751564,2043144.291870413,10.748865171877172
OH,2025-09-12,759821.6385824125,2005929.1258575688,10.553078313644619,773918.2923751564,2043144.291870413,10.748865171877172
OH,2025-09-19,775969.428207513,2048559.290467834,10.777353169548789,790066.082000257,2085774.4564806786,10.973140027781348
OH,2025-09-26,790475.0811134834,2086854.2141395956,10.978820571020602,804571.7349062271,2124069.3801524397,11.174607429253157
OH,2025-10-03,7198567.9753687,19004219.454973366,99.98011076900974,7212664.629161442,19041434.62098621,100.17589762724226
OH,2025-10-10,7511055.524775069,19829186.58540618,104.32021562187595,7525152.178567812,19866401.75141902,104.51600248010851
OH,2025-10-17,7511055.524775069,19829186.58540618,104.32021562187595,7525152.178567812,19866401.75141902,104.51600248010851
OH,2025-10-24,7511055.524775069,19829186.58540618,104.32021562187595,7525152.178567812,19866401.75141902,104.51600248010851
OH,2025-10-31,7511055.524775069,19829186.58540618,104.32021562187595,7525152.178567812,19866401.75141902,104.51600248010851
OH,2025-11-07,7511055.524775069,19829186.58540618,104.32021562187595,7525152.178567812,19866401.75141902,104.51600248010851
OH,2025-11-14,7513187.199095646,19834814.205612507,104.34982220966174,7527283.85288839,19872029.37162535,104.5456090678943
OH,2025-11-21,7513209.542494277,19834873.192184895,104.35013253464274,7527306.196287021,19872088.358197737,104.5459193928753
OH,2025-11-28,7513209.542494277,19834873.192184895,104.35013253464274,7527306.196287021,19872088.358197737,104.5459193928753
OH,2025-12-05,7513209.542494277,19834873.192184895,104.35013253464274,7527306.196287021,19872088.358197737,104.5459193928753
OH,2025-12-12,7513209.542494277,19834873.192184895,104.35013253464274,7527306.196287021,19872088.358197737,104.5459193928753
OH,2025-12-19,7513209.542494277,19834873.192184895,104.35013253464274,7527306.196287021,19872088.358197737,104.5459193928753
OH,2025-12-26,7511258.574977577,19829722.63794081,104.32303576357748,7527306.196287021,19872088.358197737,104.5459193928753
OH,2026-01-02,7511258.574977577,19829722.63794081,104.32303576357748,7527306.196287021,19872088.358197737,104.5459193928753
OH,2026-01-09,7511258.574977577,19829722.63794081,104.32303576357748,7527306.196287021,19872088.358197737,104.5459193928753
OH,2026-01-16,7511258.574977577,19829722.63794081,104.32303576357748,7527306.196287021,19872088.358197737,104.5459193928753
OH,2026-01-23,7511258.574977577,19829722.63794081,104.32303576357748,7527306.196287021,19872088.358197737,104.5459193928753
OH,2026-01-30,7511258.574977577,19829722.63794081,104.32303576357748,7527306.196287021,19872088.358197737,104.5459193928753
OH,2026-02-06,7511258.574977577,19829722.63794081,104.32303576357748,7527306.196287021,19872088.358197737,104.5459193928753
OH,2026-02-13,7511258.574977577,19829722.63794081,104.32303576357748,7527306.196287021,19872088.358197737,104.5459193928753
OH,2026-02-20,7511258.574977577,19829722.63794081,104.32303576357748,7527306.196287021,19872088.358197737,104.5459193928753
OH,2026-02-27,7511258.574977577,19829722.63794081,104.32303576357748,7527306.196287021,19872088.358197737,104.5459193928753
OH,2026-03-06,7511258.574977577,19829722.63794081,104.32303576357748,7527306.196287021,19872088.358197737,104.5459193928753
OH,2026-03-13,7511258.574977577,19829722.63794081,104.32303576357748,7527306.196287021,19872088.358197737,104.5459193928753
OH,2026-03-20,7511258.574977577,19829722.63794081,104.32303576357748,7527306.196287021,19872088.358197737,104.5459193928753
OH,2026-03-27,7511258.574977577,19829722.63794081,104.32303576357748,7527306.196287021,19872088.358197737,104.5459193928753
OH,2026-04-03,7511258.574977577,19829722.63794081,104.32303576357748,7527306.196287021,19872088.358197737,104.5459193928753
OH,2026-04-10,7511258.574977577,19829722.63794081,104.32303576357748,7527306.196287021,19872088.358197737,104.5459193928753
OH,2026-04-17,7511537.690568041,19830459.503099635,104.32691236900058,7527585.311877485,19872825.223356567,104.54979599829844
OH,2026-04-24,7511537.690568041,19830459.503099635,104.32691236900058,7527585.311877485,19872825.223356567,104.54979599829844
OH,2026-05-01,7511537.690568041,19830459.503099635,104.32691236900058,7527585.311877485,19872825.223356567,104.54979599829844
OH,2026-05-08,7511597.963102443,19830618.622590452,104.32774948753396,7527645.584411886,19872984.342847385,104.55063311683176
OH,2026-05-15,7511597.963102443,19830618.622590452,104.32774948753396,7527645.584411886,19872984.342847385,104.55063311683176
OH,2026-05-22,7511597.963102443,19830618.622590452,104.32774948753396,7527645.584411886,19872984.342847385,104.55063311683176
OH,2026-05-29,7511597.963102443,19830618.622590452,104.32774948753396,7527645.584411886,19872984.342847385,104.55063311683176
OH,2026-06-05,7511597.963102443,19830618.622590452,104.32774948753396,7527645.584411886,19872984.342847385,104.55063311683176
OH,2026-06-12,7511597.963102443,19830618.622590452,104.32774948753396,7527645.584411886,19872984.342847385,104.55063311683176
OH,2026-06-19,7511597.963102443,19830618.622590452,104.32774948753396,7527645.584411886,19872984.342847385,104.55063311683176
OH,2026-06-26,7511597.963102443,19830618.622590452,104.32774948753396,7527645.584411886,19872984.342847385,104.55063311683176
OH,2026-07-03,7511597.963102443,19830618.622590452,104.32774948753396,7527645.584411886,19872984.342847385,104.55063311683176
OH,2026-07-10,7511597.963102443,19830618.622590452,104.32774948753396,7527645.584411886,19872984.342847385,104.55063311683176
OH,2026-07-17,7511597.963102443,19830618.622590452,104.32774948753396,7527645.584411886,19872984.342847385,104.55063311683176
OK,2025-02-28,0,0,0,0,0,0
OK,2025-03-07,0,0,0,0,0,0
OK,2025-03-14,0,0,0,0,0,0
OK,2025-03-21,0,0,0,0,0,0
OK,2025-03-28,0,0,0,0,0,0
OK,2025-04-04,0,0,0,0,0,0
OK,2025-04-11,0,0,0,0,0,0
OK,2025-04-18,1101375.9526409723,2907632.514972167,15.296888231124617,1101375.9526409723,2907632.514972167,15.296888231124617
OK,2025-04-25,1103132.9358867677,2912270.950741067,15.321290776205107,1103132.9358867677,2912270.950741067,15.321290776205107
OK,2025-05-02,1104137.335369009,2914922.5653741844,15.335240769014016,1104137.335369009,2914922.5653741844,15.335240769014016
OK,2025-05-09,1104137.335369009,2914922.5653741844,15.335240769014016,1104137.335369009,2914922.5653741844,15.335240769014016
OK,2025-05-16,1107502.1245308507,2923805.6087614456,15.381973951817372,1107502.1245308507,2923805.6087614456,15.381973951817372
OK,2025-05-23,1107502.1245308507,2923805.6087614456,15.381973951817372,1107502.1245308507,2923805.6087614456,15.381973951817372
OK,2025-05-30,1107502.1245308507,2923805.6087614456,15.381973951817372,1107502.1245308507,2923805.6087614456,15.381973951817372
OK,2025-06-06,1107502.1245308507,2923805.6087614456,15.381973951817372,1107502.1245308507,2923805.6087614456,15.381973951817372
OK,2025-06-13,1107437.9038001602,2923636.0660324227,15.381081997224447,1107503.4597427554,2923809.133720875,15.38199249642716
OK,2025-06-20,1108543.0308073363,2926553.6013313676,15.396430983435224,1108608.5867499316,2926726.6690198197,15.397341482637938
OK,2025-06-27,1105037.3606986967,2917298.6322445595,15.34774112081523,1108608.5867499316,2926726.6690198197,15.397341482637938
OK,2025-07-04,1105037.3606986967,2917298.6322445595,15.34774112081523,1108608.5867499316,2926726.6690198197,15.397341482637938
OK,2025-07-11,1105037.3606986967,2917298.6322445595,15.34774112081523,1108608.5867499316,2926726.6690198197,15.397341482637938
OK,2025-07-18,1105037.3606986967,2917298.6322445595,15.34774112081523,1108608.5867499316,2926726.6690198197,15.397341482637938
OK,2025-07-25,1105037.3606986967,2917298.6322445595,15.34774112081523,1108608.5867499316,2926726.6690198197,15.397341482637938
OK,2025-08-01,1105037.3606986967,2917298.6322445595,15.34774112081523,1108608.5867499316,2926726.6690198197,15.397341482637938
OK,2025-08-08,1105037.3606986967,2917298.6322445595,15.34774112081523,1108608.5867499316,2926726.6690198197,15.397341482637938
OK,2025-08-15,1105037.3606986967,2917298.6322445595,15.34774112081523,1108608.5867499316,2926726.6690198197,15.397341482637938
OK,2025-08-22,1105037.3606986967,2917298.6322445595,15.34774112081523,1108608.5867499316,2926726.6690198197,15.397341482637938
OK,2025-08-29,1105037.3606986967,2917298.6322445595,15.34774112081523,1108608.5867499316,2926726.6690198197,15.397341482637938
OK,2025-09-05,1105037.3606986967,2917298.6322445595,15.34774112081523,1108608.5867499316,2926726.6690198197,15.397341482637938
OK,2025-09-12,1105037.3606986967,2917298.6322445595,15.34774112081523,1108608.5867499316,2926726.6690198197,15.397341482637938
OK,2025-09-19,1106978.5680736569,2922423.4197144546,15.374702334356346,1110549.7941248917,2931851.4564897143,15.424302696179053
OK,2025-09-26,1106978.5680736569,2922423.4197144546,15.374702334356346,1110549.7941248917,2931851.4564897143,15.424302696179053
OK,2025-10-03,2561463.082039629,6762262.536584619,35.57587613943929,2565034.3080908633,6771690.57335988,35.625476501261986
OK,2025-10-10,2674066.8834766173,7059536.5723782685,37.139817826064125,2677638.1095278515,7068964.609153529,37.18941818788683
OK,2025-10-17,2674066.8834766173,7059536.5723782685,37.139817826064125,2677638.1095278515,7068964.609153529,37.18941818788683
OK,2025-10-24,2674066.8834766173,7059536.5723782685,37.139817826064125,2677638.1095278515,7068964.609153529,37.18941818788683
OK,2025-10-31,2674066.8834766173,7059536.5723782685,37.139817826064125,2677638.1095278515,7068964.609153529,37.18941818788683
OK,2025-11-07,2674066.8834766173,7059536.5723782685,37.139817826064125,2677638.1095278515,7068964.609153529,37.18941818788683
OK,2025-11-14,2674932.6940672486,7061822.312337535,37.15184297315623,2678503.920118483,7071250.349112796,37.20144333497893
OK,2025-11-21,2674932.6940672486,7061822.312337535,37.15184297315623,2678503.920118483,7071250.349112796,37.20144333497893
OK,2025-11-28,2674932.6940672486,7061822.312337535,37.15184297315623,2678503.920118483,7071250.349112796,37.20144333497893
OK,2025-12-05,2674932.6940672486,7061822.312337535,37.15184297315623,2678503.920118483,7071250.349112796,37.20144333497893
OK,2025-12-12,2674932.6940672486,7061822.312337535,37.15184297315623,2678503.920118483,7071250.349112796,37.20144333497893
OK,2025-12-19,2674932.6940672486,7061822.312337535,37.15184297315623,2678503.920118483,7071250.349112796,37.20144333497893
OK,2025-12-26,2674932.6940672486,7061822.312337535,37.15184297315623,2678503.920118483,7071250.349112796,37.20144333497893
OK,2026-01-02,2674932.6940672486,7061822.312337535,37.15184297315623,2678503.920118483,7071250.349112796,37.20144333497893
OK,2026-01-09,2674932.6940672486,7061822.312337535,37.15184297315623,2678503.920118483,7071250.349112796,37.20144333497893
OK,2026-01-16,2674932.6940672486,7061822.312337535,37.15184297315623,2678503.920118483,7071250.349112796,37.20144333497893
OK,2026-01-23,2674932.6940672486,7061822.312337535,37.15184297315623,2678503.920118483,7071250.349112796,37.20144333497893
OK,2026-01-30,2674932.6940672486,7061822.312337535,37.15184297315623,2678503.920118483,7071250.349112796,37.20144333497893
OK,2026-02-06,2674932.6940672486,7061822.312337535,37.15184297315623,2678503.920118483,7071250.349112796,37.20144333497893
OK,2026-02-13,2674932.6940672486,7061822.312337535,37.15184297315623,2678503.920118483,7071250.349112796,37.20144333497893
OK,2026-02-20,2674932.6940672486,7061822.312337535,37.15184297315623,2678503.920118483,7071250.349112796,37.20144333497893
OK,2026-02-27,2674932.6940672486,7061822.312337535,37.15184297315623,2678503.920118483,7071250.349112796,37.20144333497893
OK,2026-03-06,2674932.6940672486,7061822.312337535,37.15184297315623,2678503.920118483,7071250.349112796,37.20144333497893
OK,2026-03-13,2674932.6940672486,7061822.312337535,37.15184297315623,2678503.920118483,7071250.349112796,37.20144333497893
OK,2026-03-20,2674932.6940672486,7061822.312337535,37.15184297315623,2678503.920118483,7071250.349112796,37.20144333497893
OK,2026-03-27,2674932.6940672486,7061822.312337535,37.15184297315623,2678503.920118483,7071250.349112796,37.20144333497893
OK,2026-04-03,2674932.6940672486,7061822.312337535,37.15184297315623,2678503.920118483,7071250.349112796,37.20144333497893
OK,2026-04-10,2675322.4373307405,7062851.234553155,37.15725607403806,2678893.663381975,7072279.271328415,37.206856435860765
OK,2026-04-17,2675322.4373307405,7062851.234553155,37.15725607403806,2678893.663381975,7072279.271328415,37.206856435860765
OK,2026-04-24,2675322.4373307405,7062851.234553155,37.15725607403806,2678893.663381975,7072279.271328415,37.206856435860765
OK,2026-05-01,2675322.4373307405,7062851.234553155,37.15725607403806,2678893.663381975,7072279.271328415,37.206856435860765
OK,2026-05-08,2675322.4373307405,7062851.234553155,37.15725607403806,2678893.663381975,7072279.271328415,37.206856435860765
OK,2026-05-15,2675322.4373307405,7062851.234553155,37.15725607403806,2678893.663381975,7072279.271328415,37.206856435860765
OK,2026-05-22,2675322.4373307405,7062851.234553155,37.15725607403806,2678893.663381975,7072279.271328415,37.206856435860765
OK,2026-05-29,2675322.4373307405,7062851.234553155,37.15725607403806,2678893.663381975,7072279.271328415,37.206856435860765
OK,2026-06-05,2675322.4373307405,7062851.234553155,37.15725607403806,2678893.663381975,7072279.271328415,37.206856435860765
OK,2026-06-12,2675322.4373307405,7062851.234553155,37.15725607403806,2678893.663381975,7072279.271328415,37.206856435860765
OK,2026-06-19,2675322.4373307405,7062851.234553155,37.15725607403806,2678893.663381975,7072279.271328415,37.206856435860765
OK,2026-06-26,2675322.4373307405,7062851.234553155,37.15725607403806,2678893.663381975,7072279.271328415,37.206856435860765
OK,2026-07-03,2675322.4373307405,7062851.234553155,37.15725607403806,2678893.663381975,7072279.271328415,37.206856435860765
OK,2026-07-10,2675322.4373307405,7062851.234553155,37.15725607403806,2678893.663381975,7072279.271328415,37.206856435860765
OK,2026-07-17,2675322.4373307405,7062851.234553155,37.15725607403806,2678893.663381975,7072279.271328415,37.206856435860765
OR,2025-02-28,0,0,0,0,0,0
OR,2025-03-07,0,0,0,0,0,0
OR,2025-03-14,0,0,0,0,0,0
OR,2025-03-21,0,0,0,0,0,0
OR,2025-03-28,0,0,0,0,0,0
OR,2025-04-04,0,0,0,0,0,0
OR,2025-04-11,0,0,0,0,0,0
OR,2025-04-18,107238.63335668706,283109.9920616539,1.4894254632873205,107238.63335668706,283109.9920616539,1.4894254632873205
OR,2025-04-25,589487.4993599458,1556246.9983102567,8.187326379999247,589487.4993599458,1556246.9983102567,8.187326379999247
OR,2025-05-02,3690972.865430908,9744168.364737598,51.26351201987373,3690972.865430908,9744168.364737598,51.26351201987373
OR,2025-05-09,3690972.865430908,9744168.364737598,51.26351201987373,3690972.865430908,9744168.364737598,51.26351201987373
OR,2025-05-16,3702329.820102977,9774150.72507186,51.42124750143024,3702329.820102977,9774150.72507186,51.42124750143024
OR,2025-05-23,3702329.820102977,9774150.72507186,51.42124750143024,3702329.820102977,9774150.72507186,51.42124750143024
OR,2025-05-30,3702329.820102977,9774150.72507186,51.42124750143024,3702329.820102977,9774150.72507186,51.42124750143024
OR,2025-06-06,3702329.820102977,9774150.72507186,51.42124750143024,3702329.820102977,9774150.72507186,51.42124750143024
OR,2025-06-13,3702335.160950596,9774164.824909575,51.4213216798694,3702335.160950596,9774164.824909575,51.4213216798694
OR,2025-06-20,3702335.160950596,9774164.824909575,51.4213216798694,3702335.160950596,9774164.824909575,51.4213216798694
OR,2025-06-27,3688941.8150403164,9738806.391706437,51.23530298667107,3702335.160950596,9774164.824909575,51.4213216798694
OR,2025-07-04,3688941.8150403164,9738806.391706437,51.23530298667107,3702335.160950596,9774164.824909575,51.4213216798694
OR,2025-07-11,3688941.8150403164,9738806.391706437,51.23530298667107,3702335.160950596,9774164.824909575,51.4213216798694
OR,2025-07-18,3688941.8150403164,9738806.391706437,51.23530298667107,3702335.160950596,9774164.824909575,51.4213216798694
OR,2025-07-25,3720626.956539953,9822455.165265478,51.67537439638825,3734020.3024502327,9857813.598468617,51.86139308958658
OR,2025-08-01,3720626.956539953,9822455.165265478,51.67537439638825,3734020.3024502327,9857813.598468617,51.86139308958658
OR,2025-08-08,3688941.8150403164,9738806.391706437,51.23530298667107,3734020.3024502327,9857813.598468617,51.86139308958658
OR,2025-08-15,3688941.8150403164,9738806.391706437,51.23530298667107,3734020.3024502327,9857813.598468617,51.86139308958658
OR,2025-08-22,3688941.8150403164,9738806.391706437,51.23530298667107,3734020.3024502327,9857813.598468617,51.86139308958658
OR,2025-08-29,3688941.8150403164,9738806.391706437,51.23530298667107,3734020.3024502327,9857813.598468617,51.86139308958658
OR,2025-09-05,3688941.8150403164,9738806.391706437,51.23530298667107,3734020.3024502327,9857813.598468617,51.86139308958658
OR,2025-09-12,3688941.8150403164,9738806.391706437,51.23530298667107,3734020.3024502327,9857813.598468617,51.86139308958658
OR,2025-09-19,3689326.5893397736,9739822.195857003,51.24064707416353,3734405.07674969,9858829.402619183,51.866737177079024
OR,2025-09-26,3690302.996078423,9742399.909647036,51.25420827886698,3735381.4834883385,9861407.116409216,51.88029838178249
OR,2025-10-03,6526588.493843762,17230193.62374753,90.6470624144967,6571666.981253679,17349200.83050971,91.27315251741221
OR,2025-10-10,6529427.641365285,17237688.973204352,90.68649501896229,6574506.128775201,17356696.17996653,91.31258512187779
OR,2025-10-17,6529427.641365285,17237688.973204352,90.68649501896229,6574506.128775201,17356696.17996653,91.31258512187779
OR,2025-10-24,6529427.641365285,17237688.973204352,90.68649501896229,6574506.128775201,17356696.17996653,91.31258512187779
OR,2025-10-31,6529427.641365285,17237688.973204352,90.68649501896229,6574506.128775201,17356696.17996653,91.31258512187779
OR,2025-11-07,6529427.641365285,17237688.973204352,90.68649501896229,6574506.128775201,17356696.17996653,91.31258512187779
OR,2025-11-14,6530293.451955916,17239974.71316362,90.69852016605438,6575371.939365833,17358981.919925798,91.32461026896989
OR,2025-11-21,6530293.451955916,17239974.71316362,90.69852016605438,6575371.939365833,17358981.919925798,91.32461026896989
OR,2025-11-28,6530293.451955916,17239974.71316362,90.69852016605438,6575371.939365833,17358981.919925798,91.32461026896989
OR,2025-12-05,6530293.451955916,17239974.71316362,90.69852016605438,6575371.939365833,17358981.919925798,91.32461026896989
OR,2025-12-12,6530293.451955916,17239974.71316362,90.69852016605438,6575371.939365833,17358981.919925798,91.32461026896989
OR,2025-12-19,6530293.451955916,17239974.71316362,90.69852016605438,6575371.939365833,17358981.919925798,91.32461026896989
OR,2025-12-26,6530293.451955916,17239974.71316362,90.69852016605438,6575371.939365833,17358981.919925798,91.32461026896989
OR,2026-01-02,6530293.451955916,17239974.71316362,90.69852016605438,6575371.939365833,17358981.919925798,91.32461026896989
OR,2026-01-09,6530293.451955916,17239974.71316362,90.69852016605438,6575371.939365833,17358981.919925798,91.32461026896989
OR,2026-01-16,6530293.451955916,17239974.71316362,90.69852016605438,6575371.939365833,17358981.919925798,91.32461026896989
OR,2026-01-23,6530293.451955916,17239974.71316362,90.69852016605438,6575371.939365833,17358981.919925798,91.32461026896989
OR,2026-01-30,6530293.451955916,17239974.71316362,90.69852016605438,6575371.939365833,17358981.919925798,91.32461026896989
OR,2026-02-06,6530293.451955916,17239974.71316362,90.69852016605438,6575371.939365833,17358981.919925798,91.32461026896989
OR,2026-02-13,6530293.451955916,17239974.71316362,90.69852016605438,6575371.939365833,17358981.919925798,91.32461026896989
OR,2026-02-20,6530293.451955916,17239974.71316362,90.69852016605438,6575371.939365833,17358981.919925798,91.32461026896989
OR,2026-02-27,6530293.451955916,17239974.71316362,90.69852016605438,6575371.939365833,17358981.919925798,91.32461026896989
OR,2026-03-06,6530293.451955916,17239974.71316362,90.69852016605438,6575371.939365833,17358981.919925798,91.32461026896989
OR,2026-03-13,6530293.451955916,17239974.71316362,90.69852016605438,6575371.939365833,17358981.919925798,91.32461026896989
OR,2026-03-20,6530293.451955916,17239974.71316362,90.69852016605438,6575371.939365833,17358981.919925798,91.32461026896989
OR,2026-03-27,6530293.451955916,17239974.71316362,90.69852016605438,6575371.939365833,17358981.919925798,91.32461026896989
OR,2026-04-03,6530293.451955916,17239974.71316362,90.69852016605438,6575371.939365833,17358981.919925798,91.32461026896989
OR,2026-04-10,6531852.425009884,17244090.402026094,90.72017256958173,6576930.912419801,17363097.608788274,91.34626267249723
OR,2026-04-17,6531852.425009884,17244090.402026094,90.72017256958173,6576930.912419801,17363097.608788274,91.34626267249723
OR,2026-04-24,6531852.425009884,17244090.402026094,90.72017256958173,6576930.912419801,17363097.608788274,91.34626267249723
OR,2026-05-01,6531852.425009884,17244090.402026094,90.72017256958173,6576930.912419801,17363097.608788274,91.34626267249723
OR,2026-05-08,6531903.892932842,17244226.277342703,90.72088740184503,6576982.380342757,17363233.48410488,91.34697750476052
OR,2026-05-15,6531903.892932842,17244226.277342703,90.72088740184503,6576982.380342757,17363233.48410488,91.34697750476052
OR,2026-05-22,6531903.892932842,17244226.277342703,90.72088740184503,6576982.380342757,17363233.48410488,91.34697750476052
OR,2026-05-29,6531903.892932842,17244226.277342703,90.72088740184503,6576982.380342757,17363233.48410488,91.34697750476052
OR,2026-06-05,6531903.892932842,17244226.277342703,90.72088740184503,6576982.380342757,17363233.48410488,91.34697750476052
OR,2026-06-12,6531903.892932842,17244226.277342703,90.72088740184503,6576982.380342757,17363233.48410488,91.34697750476052
OR,2026-06-19,6531903.892932842,17244226.277342703,90.72088740184503,6576982.380342757,17363233.48410488,91.34697750476052
OR,2026-06-26,6531903.892932842,17244226.277342703,90.72088740184503,6576982.380342757,17363233.48410488,91.34697750476052
OR,2026-07-03,6531903.892932842,17244226.277342703,90.72088740184503,6576982.380342757,17363233.48410488,91.34697750476052
OR,2026-07-10,6531903.892932842,17244226.277342703,90.72088740184503,6576982.380342757,17363233.48410488,91.34697750476052
OR,2026-07-17,6531903.892932842,17244226.277342703,90.72088740184503,6576982.380342757,17363233.48410488,91.34697750476052
PA,2025-02-28,0,0,0,0,0,0
PA,2025-03-07,0,0,0,0,0,0
PA,2025-03-14,0,0,0,0,0,0
PA,2025-03-21,0,0,0,0,0,0
PA,2025-03-28,0,0,0,0,0,0
PA,2025-04-04,0,0,0,0,0,0
PA,2025-04-11,0,0,0,0,0,0
PA,2025-04-18,538671.9541563329,1422093.9589727188,7.48155491883796,538671.9541563329,1422093.9589727188,7.48155491883796
PA,2025-04-25,3176880.5103514586,8386964.547327852,44.12334042154805,3176880.5103514586,8386964.547327852,44.12334042154805
PA,2025-05-02,3478250.0568188922,9182580.150001876,48.30902856692906,3478250.0568188922,9182580.150001876,48.30902856692906
PA,2025-05-09,3478250.0568188922,9182580.150001876,48.30902856692906,3478250.0568188922,9182580.150001876,48.30902856692906
PA,2025-05-16,3561029.4729884136,9401117.808689415,49.45874268039464,3561029.4729884136,9401117.808689415,49.45874268039464
PA,2025-05-23,3561029.4729884136,9401117.808689415,49.45874268039464,3561029.4729884136,9401117.808689415,49.45874268039464
PA,2025-05-30,3561029.4729884136,9401117.808689415,49.45874268039464,3561029.4729884136,9401117.808689415,49.45874268039464
PA,2025-06-06,3561029.4729884136,9401117.808689415,49.45874268039464,3561029.4729884136,9401117.808689415,49.45874268039464
PA,2025-06-13,3556373.6337739914,9388826.393163336,49.394078246860985,3561029.4729884136,9401117.808689415,49.45874268039464
PA,2025-06-20,3556373.6337739914,9388826.393163336,49.394078246860985,3561029.4729884136,9401117.808689415,49.45874268039464
PA,2025-06-27,3546011.1173029942,9361469.349679906,49.25015440698604,3561029.4729884136,9401117.808689415,49.45874268039464
PA,2025-07-04,3546011.1173029942,9361469.349679906,49.25015440698604,3561029.4729884136,9401117.808689415,49.45874268039464
PA,2025-07-11,3546011.1173029942,9361469.349679906,49.25015440698604,3561029.4729884136,9401117.808689415,49.45874268039464
PA,2025-07-18,3546011.1173029942,9361469.349679906,49.25015440698604,3561029.4729884136,9401117.808689415,49.45874268039464
PA,2025-07-25,3556572.831136207,9389352.274199586,49.39684487689176,3571591.1868216256,9429000.733209096,49.60543315030037
PA,2025-08-01,3556572.831136207,9389352.274199586,49.39684487689176,3571591.1868216256,9429000.733209096,49.60543315030037
PA,2025-08-08,3546011.1173029942,9361469.349679906,49.25015440698604,3571591.1868216256,9429000.733209096,49.60543315030037
PA,2025-08-15,3545501.523462328,9360124.021940548,49.24307671475457,3571591.1868216256,9429000.733209096,49.60543315030037
PA,2025-08-22,3545501.523462328,9360124.021940548,49.24307671475457,3571591.1868216256,9429000.733209096,49.60543315030037
PA,2025-08-29,3545501.523462328,9360124.021940548,49.24307671475457,3571591.1868216256,9429000.733209096,49.60543315030037
PA,2025-09-05,3545501.523462328,9360124.021940548,49.24307671475457,3571591.1868216256,9429000.733209096,49.60543315030037
PA,2025-09-12,3545501.523462328,9360124.021940548,49.24307671475457,3571591.1868216256,9429000.733209096,49.60543315030037
PA,2025-09-19,3577934.9245971856,9445748.20093657,49.693540619405354,3666478.7726135533,9679503.959699782,50.923316286299354
PA,2025-09-26,3607675.1587517206,9524262.419104543,50.106599427107234,3696219.0067680893,9758018.177867755,51.336375094001234
PA,2025-10-03,16608352.635458948,43846050.95761161,230.67156438137425,16696896.483475316,44079806.71637483,231.9013400482683
PA,2025-10-10,17927487.165911958,47328566.118007556,248.9928773043327,18016031.013928324,47562321.87677079,250.2226529712267
PA,2025-10-17,17927487.165911958,47328566.118007556,248.9928773043327,18016031.013928324,47562321.87677079,250.2226529712267
PA,2025-10-24,17927487.165911958,47328566.118007556,248.9928773043327,18016031.013928324,47562321.87677079,250.2226529712267
PA,2025-10-31,17927487.165911958,47328566.118007556,248.9928773043327,18016031.013928324,47562321.87677079,250.2226529712267
PA,2025-11-07,17927487.165911958,47328566.118007556,248.9928773043327,18016031.013928324,47562321.87677079,250.2226529712267
PA,2025-11-14,18307083.024621557,48330699.18500091,254.26504200863275,18395626.872637928,48564454.94376414,255.4948176755268
PA,2025-11-21,18307084.17043687,48330702.209953345,254.26505792273434,18395628.01845324,48564457.96871657,255.4948335896284
PA,2025-11-28,18307084.17043687,48330702.209953345,254.26505792273434,18395628.01845324,48564457.96871657,255.4948335896284
PA,2025-12-05,18307084.17043687,48330702.209953345,254.26505792273434,18395628.01845324,48564457.96871657,255.4948335896284
PA,2025-12-12,18307084.17043687,48330702.209953345,254.26505792273434,18395628.01845324,48564457.96871657,255.4948335896284
PA,2025-12-19,18307084.17043687,48330702.209953345,254.26505792273434,18395628.01845324,48564457.96871657,255.4948335896284
PA,2025-12-26,18292869.97852949,48293176.74331785,254.06763859068735,18395628.01845324,48564457.96871657,255.4948335896284
PA,2026-01-02,18292869.97852949,48293176.74331785,254.06763859068735,18395628.01845324,48564457.96871657,255.4948335896284
PA,2026-01-09,18292869.97852949,48293176.74331785,254.06763859068735,18395628.01845324,48564457.96871657,255.4948335896284
PA,2026-01-16,18292869.97852949,48293176.74331785,254.06763859068735,18395628.01845324,48564457.96871657,255.4948335896284
PA,2026-01-23,18292869.97852949,48293176.74331785,254.06763859068735,18395628.01845324,48564457.96871657,255.4948335896284
PA,2026-01-30,18292869.97852949,48293176.74331785,254.06763859068735,18395628.01845324,48564457.96871657,255.4948335896284
PA,2026-02-06,18292869.97852949,48293176.74331785,254.06763859068735,18395628.01845324,48564457.96871657,255.4948335896284
PA,2026-02-13,18292869.97852949,48293176.74331785,254.06763859068735,18395628.01845324,48564457.96871657,255.4948335896284
PA,2026-02-20,18292869.97852949,48293176.74331785,254.06763859068735,18395628.01845324,48564457.96871657,255.4948335896284
PA,2026-02-27,18292869.97852949,48293176.74331785,254.06763859068735,18395628.01845324,48564457.96871657,255.4948335896284
PA,2026-03-06,18292869.97852949,48293176.74331785,254.06763859068735,18395628.01845324,48564457.96871657,255.4948335896284
PA,2026-03-13,18292869.97852949,48293176.74331785,254.06763859068735,18395628.01845324,48564457.96871657,255.4948335896284
PA,2026-03-20,18292869.97852949,48293176.74331785,254.06763859068735,18395628.01845324,48564457.96871657,255.4948335896284
PA,2026-03-27,18292869.97852949,48293176.74331785,254.06763859068735,18395628.01845324,48564457.96871657,255.4948335896284
PA,2026-04-03,18292869.97852949,48293176.74331785,254.06763859068735,18395628.01845324,48564457.96871657,255.4948335896284
PA,2026-04-10,18292869.97852949,48293176.74331785,254.06763859068735,18395628.01845324,48564457.96871657,255.4948335896284
PA,2026-04-17,18292995.580545202,48293508.33263932,254.06938306312776,18395753.620468948,48564789.55803804,255.4965780620688
PA,2026-04-24,18292995.580545202,48293508.33263932,254.06938306312776,18395753.620468948,48564789.55803804,255.4965780620688
PA,2026-05-01,18292995.580545202,48293508.33263932,254.06938306312776,18395753.620468948,48564789.55803804,255.4965780620688
PA,2026-05-08,18293055.853079602,48293667.45213014,254.0702201816611,18395813.893003352,48564948.67752886,255.49741518060216
PA,2026-05-15,18293055.853079602,48293667.45213014,254.0702201816611,18395813.893003352,48564948.67752886,255.49741518060216
PA,2026-05-22,18293055.853079602,48293667.45213014,254.0702201816611,18395813.893003352,48564948.67752886,255.49741518060216
PA,2026-05-29,18293055.853079602,48293667.45213014,254.0702201816611,18395813.893003352,48564948.67752886,255.49741518060216
PA,2026-06-05,18293055.853079602,48293667.45213014,254.0702201816611,18395813.893003352,48564948.67752886,255.49741518060216
PA,2026-06-12,18293055.853079602,48293667.45213014,254.0702201816611,18395813.893003352,48564948.67752886,255.49741518060216
PA,2026-06-19,18293055.853079602,48293667.45213014,254.0702201816611,18395813.893003352,48564948.67752886,255.49741518060216
PA,2026-06-26,18293055.853079602,48293667.45213014,254.0702201816611,18395813.893003352,48564948.67752886,255.49741518060216
PA,2026-07-03,18293055.853079602,48293667.45213014,254.0702201816611,18395813.893003352,48564948.67752886,255.49741518060216
PA,2026-07-10,18293055.853079602,48293667.45213014,254.0702201816611,18395813.893003352,48564948.67752886,255.49741518060216
PA,2026-07-17,18293055.853079602,48293667.45213014,254.0702201816611,18395813.893003352,48564948.67752886,255.49741518060216
PR,2025-02-28,0,0,0,0,0,0
PR,2025-03-07,0,0,0,0,0,0
PR,2025-03-14,0,0,0,0,0,0
PR,2025-03-21,0,0,0,0,0,0
PR,2025-03-28,0,0,0,0,0,0
PR,2025-04-04,0,0,0,0,0,0
PR,2025-04-11,0,0,0,0,0,0
PR,2025-04-18,0,0,0,0,0,0
PR,2025-04-25,0,0,0,0,0,0
PR,2025-05-02,1593033.0999999999,4205607.384,22.12545972222222,1593033.0999999999,4205607.384,22.12545972222222
PR,2025-05-09,1593033.0999999999,4205607.384,22.12545972222222,1593033.0999999999,4205607.384,22.12545972222222
PR,2025-05-16,1593033.0999999999,4205607.384,22.12545972222222,1593033.0999999999,4205607.384,22.12545972222222
PR,2025-05-23,1593033.0999999999,4205607.384,22.12545972222222,1593033.0999999999,4205607.384,22.12545972222222
PR,2025-05-30,1593033.0999999999,4205607.384,22.12545972222222,1593033.0999999999,4205607.384,22.12545972222222
PR,2025-06-06,1593033.0999999999,4205607.384,22.12545972222222,1593033.0999999999,4205607.384,22.12545972222222
PR,2025-06-13,1593033.0999999999,4205607.384,22.12545972222222,1593033.0999999999,4205607.384,22.12545972222222
PR,2025-06-20,1593033.0999999999,4205607.384,22.12545972222222,1593033.0999999999,4205607.384,22.12545972222222
PR,2025-06-27,1593033.0999999999,4205607.384,22.12545972222222,1593033.0999999999,4205607.384,22.12545972222222
PR,2025-07-04,1593033.0999999999,4205607.384,22.12545972222222,1593033.0999999999,4205607.384,22.12545972222222
PR,2025-07-11,1593033.0999999999,4205607.384,22.12545972222222,1593033.0999999999,4205607.384,22.12545972222222
PR,2025-07-18,1593033.0999999999,4205607.384,22.12545972222222,1593033.0999999999,4205607.384,22.12545972222222
PR,2025-07-25,1593033.0999999999,4205607.384,22.12545972222222,1593033.0999999999,4205607.384,22.12545972222222
PR,2025-08-01,1593033.0999999999,4205607.384,22.12545972222222,1593033.0999999999,4205607.384,22.12545972222222
PR,2025-08-08,1593033.0999999999,4205607.384,22.12545972222222,1593033.0999999999,4205607.384,22.12545972222222
PR,2025-08-15,1593033.0999999999,4205607.384,22.12545972222222,1593033.0999999999,4205607.384,22.12545972222222
PR,2025-08-22,1593033.0999999999,4205607.384,22.12545972222222,1593033.0999999999,4205607.384,22.12545972222222
PR,2025-08-29,1593033.0999999999,4205607.384,22.12545972222222,1593033.0999999999,4205607.384,22.12545972222222
PR,2025-09-05,1593033.0999999999,4205607.384,22.12545972222222,1593033.0999999999,4205607.384,22.12545972222222
PR,2025-09-12,1593033.0999999999,4205607.384,22.12545972222222,1593033.0999999999,4205607.384,22.12545972222222
PR,2025-09-19,1593033.0999999999,4205607.384,22.12545972222222,1593033.0999999999,4205607.384,22.12545972222222
PR,2025-09-26,1593033.0999999999,4205607.384,22.12545972222222,1593033.0999999999,4205607.384,22.12545972222222
PR,2025-10-03,6789859.01547325,17925227.80084938,94.30359743712849,6789859.01547325,17925227.80084938,94.30359743712849
PR,2025-10-10,6789859.01547325,17925227.80084938,94.30359743712849,6789859.01547325,17925227.80084938,94.30359743712849
PR,2025-10-17,6789859.01547325,17925227.80084938,94.30359743712849,6789859.01547325,17925227.80084938,94.30359743712849
PR,2025-10-24,6789859.01547325,17925227.80084938,94.30359743712849,6789859.01547325,17925227.80084938,94.30359743712849
PR,2025-10-31,6789859.01547325,17925227.80084938,94.30359743712849,6789859.01547325,17925227.80084938,94.30359743712849
PR,2025-11-07,6789859.01547325,17925227.80084938,94.30359743712849,6789859.01547325,17925227.80084938,94.30359743712849
PR,2025-11-14,6789859.01547325,17925227.80084938,94.30359743712849,6789859.01547325,17925227.80084938,94.30359743712849
PR,2025-11-21,6789859.01547325,17925227.80084938,94.30359743712849,6789859.01547325,17925227.80084938,94.30359743712849
PR,2025-11-28,6789859.01547325,17925227.80084938,94.30359743712849,6789859.01547325,17925227.80084938,94.30359743712849
PR,2025-12-05,6789859.01547325,17925227.80084938,94.30359743712849,6789859.01547325,17925227.80084938,94.30359743712849
PR,2025-12-12,6789859.01547325,17925227.80084938,94.30359743712849,6789859.01547325,17925227.80084938,94.30359743712849
PR,2025-12-19,6789859.01547325,17925227.80084938,94.30359743712849,6789859.01547325,17925227.80084938,94.30359743712849
PR,2025-12-26,6789859.01547325,17925227.80084938,94.30359743712849,6789859.01547325,17925227.80084938,94.30359743712849
PR,2026-01-02,6789859.01547325,17925227.80084938,94.30359743712849,6789859.01547325,17925227.80084938,94.30359743712849
PR,2026-01-09,6789859.01547325,17925227.80084938,94.30359743712849,6789859.01547325,17925227.80084938,94.30359743712849
PR,2026-01-16,6789859.01547325,17925227.80084938,94.30359743712849,6789859.01547325,17925227.80084938,94.30359743712849
PR,2026-01-23,6789859.01547325,17925227.80084938,94.30359743712849,6789859.01547325,17925227.80084938,94.30359743712849
PR,2026-01-30,6789859.01547325,17925227.80084938,94.30359743712849,6789859.01547325,17925227.80084938,94.30359743712849
PR,2026-02-06,6789859.01547325,17925227.80084938,94.30359743712849,6789859.01547325,17925227.80084938,94.30359743712849
PR,2026-02-13,6789859.01547325,17925227.80084938,94.30359743712849,6789859.01547325,17925227.80084938,94.30359743712849
PR,2026-02-20,6789859.01547325,17925227.80084938,94.30359743712849,6789859.01547325,17925227.80084938,94.30359743712849
PR,2026-02-27,6789859.01547325,17925227.80084938,94.30359743712849,6789859.01547325,17925227.80084938,94.30359743712849
PR,2026-03-06,6789859.01547325,17925227.80084938,94.30359743712849,6789859.01547325,17925227.80084938,94.30359743712849
PR,2026-03-13,6789859.01547325,17925227.80084938,94.30359743712849,6789859.01547325,17925227.80084938,94.30359743712849
PR,2026-03-20,6789859.01547325,17925227.80084938,94.30359743712849,6789859.01547325,17925227.80084938,94.30359743712849
PR,2026-03-27,6789859.01547325,17925227.80084938,94.30359743712849,6789859.01547325,17925227.80084938,94.30359743712849
PR,2026-04-03,6789859.01547325,17925227.80084938,94.30359743712849,6789859.01547325,17925227.80084938,94.30359743712849
PR,2026-04-10,6789859.01547325,17925227.80084938,94.30359743712849,6789859.01547325,17925227.80084938,94.30359743712849
PR,2026-04-17,6789859.01547325,17925227.80084938,94.30359743712849,6789859.01547325,17925227.80084938,94.30359743712849
PR,2026-04-24,6789859.01547325,17925227.80084938,94.30359743712849,6789859.01547325,17925227.80084938,94.30359743712849
PR,2026-05-01,6789859.01547325,17925227.80084938,94.30359743712849,6789859.01547325,17925227.80084938,94.30359743712849
PR,2026-05-08,6789859.01547325,17925227.80084938,94.30359743712849,6789859.01547325,17925227.80084938,94.30359743712849
PR,2026-05-15,6789859.01547325,17925227.80084938,94.30359743712849,6789859.01547325,17925227.80084938,94.30359743712849
PR,2026-05-22,6789859.01547325,17925227.80084938,94.30359743712849,6789859.01547325,17925227.80084938,94.30359743712849
PR,2026-05-29,6789859.01547325,17925227.80084938,94.30359743712849,6789859.01547325,17925227.80084938,94.30359743712849
PR,2026-06-05,6789859.01547325,17925227.80084938,94.30359743712849,6789859.01547325,17925227.80084938,94.30359743712849
PR,2026-06-12,6789859.01547325,17925227.80084938,94.30359743712849,6789859.01547325,17925227.80084938,94.30359743712849
PR,2026-06-19,6789859.01547325,17925227.80084938,94.30359743712849,6789859.01547325,17925227.80084938,94.30359743712849
PR,2026-06-26,6789859.01547325,17925227.80084938,94.30359743712849,6789859.01547325,17925227.80084938,94.30359743712849
PR,2026-07-03,6789859.01547325,17925227.80084938,94.30359743712849,6789859.01547325,17925227.80084938,94.30359743712849
PR,2026-07-10,6789859.01547325,17925227.80084938,94.30359743712849,6789859.01547325,17925227.80084938,94.30359743712849
PR,2026-07-17,6789859.01547325,17925227.80084938,94.30359743712849,6789859.01547325,17925227.80084938,94.30359743712849
RI,2025-02-28,0,0,0,0,0,0
RI,2025-03-07,0,0,0,0,0,0
RI,2025-03-14,0,0,0,0,0,0
RI,2025-03-21,0,0,0,0,0,0
RI,2025-03-28,0,0,0,0,0,0
RI,2025-04-04,0,0,0,0,0,0
RI,2025-04-11,0,0,0,0,0,0
RI,2025-04-18,5350.614298245851,14125.621747369049,0.07431408747563684,5350.614298245851,14125.621747369049,0.07431408747563684
RI,2025-04-25,90675.32283871374,239382.8522942043,1.2593794838710242,90675.32283871374,239382.8522942043,1.2593794838710242
RI,2025-05-02,94610.86052976424,249772.6717985776,1.3140397295800588,94610.86052976424,249772.6717985776,1.3140397295800588
RI,2025-05-09,94610.86052976424,249772.6717985776,1.3140397295800588,94610.86052976424,249772.6717985776,1.3140397295800588
RI,2025-05-16,963386.2000558481,2543339.568147439,13.380363889664558,963386.2000558481,2543339.568147439,13.380363889664558
RI,2025-05-23,963386.2000558481,2543339.568147439,13.380363889664558,963386.2000558481,2543339.568147439,13.380363889664558
RI,2025-05-30,963386.2000558481,2543339.568147439,13.380363889664558,963386.2000558481,2543339.568147439,13.380363889664558
RI,2025-06-06,963386.2000558481,2543339.568147439,13.380363889664558,963386.2000558481,2543339.568147439,13.380363889664558
RI,2025-06-13,921514.4694534704,2432798.199357162,12.798812075742646,963386.2000558481,2543339.568147439,13.380363889664558
RI,2025-06-20,921514.4694534704,2432798.199357162,12.798812075742646,963386.2000558481,2543339.568147439,13.380363889664558
RI,2025-06-27,781694.3215510761,2063673.008894841,10.85686557709828,963386.2000558481,2543339.568147439,13.380363889664558
RI,2025-07-04,781694.3215510761,2063673.008894841,10.85686557709828,963386.2000558481,2543339.568147439,13.380363889664558
RI,2025-07-11,781694.3215510761,2063673.008894841,10.85686557709828,963386.2000558481,2543339.568147439,13.380363889664558
RI,2025-07-18,781694.3215510761,2063673.008894841,10.85686557709828,963386.2000558481,2543339.568147439,13.380363889664558
RI,2025-07-25,781694.3215510761,2063673.008894841,10.85686557709828,963386.2000558481,2543339.568147439,13.380363889664558
RI,2025-08-01,781694.3215510761,2063673.008894841,10.85686557709828,963386.2000558481,2543339.568147439,13.380363889664558
RI,2025-08-08,781694.3215510761,2063673.008894841,10.85686557709828,963386.2000558481,2543339.568147439,13.380363889664558
RI,2025-08-15,781694.3215510761,2063673.008894841,10.85686557709828,963386.2000558481,2543339.568147439,13.380363889664558
RI,2025-08-22,781694.3215510761,2063673.008894841,10.85686557709828,963386.2000558481,2543339.568147439,13.380363889664558
RI,2025-08-29,781694.3215510761,2063673.008894841,10.85686557709828,963386.2000558481,2543339.568147439,13.380363889664558
RI,2025-09-05,781694.3215510761,2063673.008894841,10.85686557709828,963386.2000558481,2543339.568147439,13.380363889664558
RI,2025-09-12,781694.3215510761,2063673.008894841,10.85686557709828,963386.2000558481,2543339.568147439,13.380363889664558
RI,2025-09-19,99980.95355367438,263949.71738170035,1.3886243549121442,968668.8632862185,2557285.799075617,13.453734212308591
RI,2025-09-26,100072.48627699814,264191.3637712751,1.3898956427360853,968760.3960095422,2557527.4454651913,13.45500550013253
RI,2025-10-03,2725546.8148278855,7195443.591145618,37.854816872609526,3594234.7245604293,9488779.672839534,49.91992673000597
RI,2025-10-10,2803552.0235542026,7401377.342183095,38.93822254936393,3672239.9332867465,9694713.423877012,51.003332406760364
RI,2025-10-17,2803552.0235542026,7401377.342183095,38.93822254936393,3672239.9332867465,9694713.423877012,51.003332406760364
RI,2025-10-24,2803552.0235542026,7401377.342183095,38.93822254936393,3672239.9332867465,9694713.423877012,51.003332406760364
RI,2025-10-31,2803552.0235542026,7401377.342183095,38.93822254936393,3672239.9332867465,9694713.423877012,51.003332406760364
RI,2025-11-07,2803552.0235542026,7401377.342183095,38.93822254936393,3672239.9332867465,9694713.423877012,51.003332406760364
RI,2025-11-14,2803566.2937468635,7401415.015491719,38.93842074648421,3672254.2034794074,9694751.097185634,51.003530603880655
RI,2025-11-21,2803566.2937468635,7401415.015491719,38.93842074648421,3672254.2034794074,9694751.097185634,51.003530603880655
RI,2025-11-28,2803566.2937468635,7401415.015491719,38.93842074648421,3672254.2034794074,9694751.097185634,51.003530603880655
RI,2025-12-05,2803566.2937468635,7401415.015491719,38.93842074648421,3672254.2034794074,9694751.097185634,51.003530603880655
RI,2025-12-12,2803566.2937468635,7401415.015491719,38.93842074648421,3672254.2034794074,9694751.097185634,51.003530603880655
RI,2025-12-19,2803566.2937468635,7401415.015491719,38.93842074648421,3672254.2034794074,9694751.097185634,51.003530603880655
RI,2025-12-26,2803566.2937468635,7401415.015491719,38.93842074648421,3672254.2034794074,9694751.097185634,51.003530603880655
RI,2026-01-02,2803566.2937468635,7401415.015491719,38.93842074648421,3672254.2034794074,9694751.097185634,51.003530603880655
RI,2026-01-09,2803566.2937468635,7401415.015491719,38.93842074648421,3672254.2034794074,9694751.097185634,51.003530603880655
RI,2026-01-16,2803566.2937468635,7401415.015491719,38.93842074648421,3672254.2034794074,9694751.097185634,51.003530603880655
RI,2026-01-23,2803566.2937468635,7401415.015491719,38.93842074648421,3672254.2034794074,9694751.097185634,51.003530603880655
RI,2026-01-30,2803566.2937468635,7401415.015491719,38.93842074648421,3672254.2034794074,9694751.097185634,51.003530603880655
RI,2026-02-06,2803566.2937468635,7401415.015491719,38.93842074648421,3672254.2034794074,9694751.097185634,51.003530603880655
RI,2026-02-13,2803566.2937468635,7401415.015491719,38.93842074648421,3672254.2034794074,9694751.097185634,51.003530603880655
RI,2026-02-20,2803566.2937468635,7401415.015491719,38.93842074648421,3672254.2034794074,9694751.097185634,51.003530603880655
RI,2026-02-27,2803566.2937468635,7401415.015491719,38.93842074648421,3672254.2034794074,9694751.097185634,51.003530603880655
RI,2026-03-06,2803566.2937468635,7401415.015491719,38.93842074648421,3672254.2034794074,9694751.097185634,51.003530603880655
RI,2026-03-13,2803566.2937468635,7401415.015491719,38.93842074648421,3672254.2034794074,9694751.097185634,51.003530603880655
RI,2026-03-20,2803566.2937468635,7401415.015491719,38.93842074648421,3672254.2034794074,9694751.097185634,51.003530603880655
RI,2026-03-27,2803566.2937468635,7401415.015491719,38.93842074648421,3672254.2034794074,9694751.097185634,51.003530603880655
RI,2026-04-03,2803566.2937468635,7401415.015491719,38.93842074648421,3672254.2034794074,9694751.097185634,51.003530603880655
RI,2026-04-10,2803566.2937468635,7401415.015491719,38.93842074648421,3672254.2034794074,9694751.097185634,51.003530603880655
RI,2026-04-17,2803566.2937468635,7401415.015491719,38.93842074648421,3672254.2034794074,9694751.097185634,51.003530603880655
RI,2026-04-24,2803566.2937468635,7401415.015491719,38.93842074648421,3672254.2034794074,9694751.097185634,51.003530603880655
RI,2026-05-01,2803566.2937468635,7401415.015491719,38.93842074648421,3672254.2034794074,9694751.097185634,51.003530603880655
RI,2026-05-08,2804543.605617178,7403995.118829351,38.95199452246081,3673231.515349722,9697331.200523267,51.01710437985725
RI,2026-05-15,2804543.605617178,7403995.118829351,38.95199452246081,3673231.515349722,9697331.200523267,51.01710437985725
RI,2026-05-22,2804543.605617178,7403995.118829351,38.95199452246081,3673231.515349722,9697331.200523267,51.01710437985725
RI,2026-05-29,2804543.605617178,7403995.118829351,38.95199452246081,3673231.515349722,9697331.200523267,51.01710437985725
RI,2026-06-05,2804543.605617178,7403995.118829351,38.95199452246081,3673231.515349722,9697331.200523267,51.01710437985725
RI,2026-06-12,2804543.605617178,7403995.118829351,38.95199452246081,3673231.515349722,9697331.200523267,51.01710437985725
RI,2026-06-19,2804543.605617178,7403995.118829351,38.95199452246081,3673231.515349722,9697331.200523267,51.01710437985725
RI,2026-06-26,2804543.605617178,7403995.118829351,38.95199452246081,3673231.515349722,9697331.200523267,51.01710437985725
RI,2026-07-03,2804543.605617178,7403995.118829351,38.95199452246081,3673231.515349722,9697331.200523267,51.01710437985725
RI,2026-07-10,2804543.605617178,7403995.118829351,38.95199452246081,3673231.515349722,9697331.200523267,51.01710437985725
RI,2026-07-17,2804543.605617178,7403995.118829351,38.95199452246081,3673231.515349722,9697331.200523267,51.01710437985725
SC,2025-02-28,0,0,0,0,0,0
SC,2025-03-07,0,0,0,0,0,0
SC,2025-03-14,0,0,0,0,0,0
SC,2025-03-21,0,0,0,0,0,0
SC,2025-03-28,0,0,0,0,0,0
SC,2025-04-04,0,0,0,0,0,0
SC,2025-04-11,0,0,0,0,0,0
SC,2025-04-18,1255852.8011699184,3315451.3950885846,17.442400016248868,1255852.8011699184,3315451.3950885846,17.442400016248868
SC,2025-04-25,1301583.448789306,3436180.3048037677,18.077547899851474,1301583.448789306,3436180.3048037677,18.077547899851474
SC,2025-05-02,1316097.9612634445,3474498.617735493,18.279138350881173,1316097.9612634445,3474498.617735493,18.279138350881173
SC,2025-05-09,1317990.3247258288,3479494.457276188,18.305421176747625,1317990.3247258288,3479494.457276188,18.305421176747625
SC,2025-05-16,1323801.9082373597,3494837.03774663,18.386137614407776,1323801.9082373597,3494837.03774663,18.386137614407776
SC,2025-05-23,1323801.9082373597,3494837.03774663,18.386137614407776,1323801.9082373597,3494837.03774663,18.386137614407776
SC,2025-05-30,1323801.9082373597,3494837.03774663,18.386137614407776,1323801.9082373597,3494837.03774663,18.386137614407776
SC,2025-06-06,1323801.9082373597,3494837.03774663,18.386137614407776,1323801.9082373597,3494837.03774663,18.386137614407776
SC,2025-06-13,1323798.6254560328,3494828.371203927,18.38609202022268,1323801.9082373597,3494837.03774663,18.386137614407776
SC,2025-06-20,1323798.6254560328,3494828.371203927,18.38609202022268,1323801.9082373597,3494837.03774663,18.386137614407776
SC,2025-06-27,1303041.7842524939,3440030.310426584,18.097802559062412,1323801.9082373597,3494837.03774663,18.386137614407776
SC,2025-07-04,1303041.7842524939,3440030.310426584,18.097802559062412,1323801.9082373597,3494837.03774663,18.386137614407776
SC,2025-07-11,1303041.7842524939,3440030.310426584,18.097802559062412,1323801.9082373597,3494837.03774663,18.386137614407776
SC,2025-07-18,1303041.7842524939,3440030.310426584,18.097802559062412,1323801.9082373597,3494837.03774663,18.386137614407776
SC,2025-07-25,1345288.6395853427,3551562.0085053043,18.684564438685314,1366048.7635702083,3606368.7358253505,18.972899494030674
SC,2025-08-01,1345288.6395853427,3551562.0085053043,18.684564438685314,1366048.7635702083,3606368.7358253505,18.972899494030674
SC,2025-08-08,1303041.7842524939,3440030.310426584,18.097802559062412,1366048.7635702083,3606368.7358253505,18.972899494030674
SC,2025-08-15,1303041.7842524939,3440030.310426584,18.097802559062412,1366048.7635702083,3606368.7358253505,18.972899494030674
SC,2025-08-22,1303041.7842524939,3440030.310426584,18.097802559062412,1366048.7635702083,3606368.7358253505,18.972899494030674
SC,2025-08-29,1303041.7842524939,3440030.310426584,18.097802559062412,1366048.7635702083,3606368.7358253505,18.972899494030674
SC,2025-09-05,1303041.7842524939,3440030.310426584,18.097802559062412,1366048.7635702083,3606368.7358253505,18.972899494030674
SC,2025-09-12,1303041.7842524939,3440030.310426584,18.097802559062412,1366048.7635702083,3606368.7358253505,18.972899494030674
SC,2025-09-19,1875471.6788215467,4951245.2320888825,26.048217761410374,1938478.6581392614,5117583.65748765,26.92331469637863
SC,2025-09-26,1875660.0168760226,4951742.4445527,26.050833567722538,1938666.9961937373,5118080.869951467,26.925930502690797
SC,2025-10-03,3180755.0914774896,8397193.441500574,44.177154048298476,3243762.070795205,8563531.866899341,45.05225098326674
SC,2025-10-10,3318563.357468283,8761007.263716267,46.09115774261504,3381570.336785998,8927345.689115034,46.9662546775833
SC,2025-10-17,3318563.357468283,8761007.263716267,46.09115774261504,3381570.336785998,8927345.689115034,46.9662546775833
SC,2025-10-24,3318563.357468283,8761007.263716267,46.09115774261504,3381570.336785998,8927345.689115034,46.9662546775833
SC,2025-10-31,3318563.357468283,8761007.263716267,46.09115774261504,3381570.336785998,8927345.689115034,46.9662546775833
SC,2025-11-07,3318563.357468283,8761007.263716267,46.09115774261504,3381570.336785998,8927345.689115034,46.9662546775833
SC,2025-11-14,3318767.9807894435,8761547.46928413,46.09399973318671,3381774.9601071584,8927885.8946829,46.969096668154975
SC,2025-11-21,3318769.1266047573,8761550.49423656,46.09401564728831,3381776.1059224727,8927888.91963533,46.96911258225657
SC,2025-11-28,3318769.1266047573,8761550.49423656,46.09401564728831,3381776.1059224727,8927888.91963533,46.96911258225657
SC,2025-12-05,3318769.1266047573,8761550.49423656,46.09401564728831,3381776.1059224727,8927888.91963533,46.96911258225657
SC,2025-12-12,3318769.1266047573,8761550.49423656,46.09401564728831,3381776.1059224727,8927888.91963533,46.96911258225657
SC,2025-12-19,3318769.1266047573,8761550.49423656,46.09401564728831,3381776.1059224727,8927888.91963533,46.96911258225657
SC,2025-12-26,3318769.1266047573,8761550.49423656,46.09401564728831,3381776.1059224727,8927888.91963533,46.96911258225657
SC,2026-01-02,3318769.1266047573,8761550.49423656,46.09401564728831,3381776.1059224727,8927888.91963533,46.96911258225657
SC,2026-01-09,3318769.1266047573,8761550.49423656,46.09401564728831,3381776.1059224727,8927888.91963533,46.96911258225657
SC,2026-01-16,3318769.1266047573,8761550.49423656,46.09401564728831,3381776.1059224727,8927888.91963533,46.96911258225657
SC,2026-01-23,3318769.1266047573,8761550.49423656,46.09401564728831,3381776.1059224727,8927888.91963533,46.96911258225657
SC,2026-01-30,3318769.1266047573,8761550.49423656,46.09401564728831,3381776.1059224727,8927888.91963533,46.96911258225657
SC,2026-02-06,3318769.1266047573,8761550.49423656,46.09401564728831,3381776.1059224727,8927888.91963533,46.96911258225657
SC,2026-02-13,3318769.1266047573,8761550.49423656,46.09401564728831,3381776.1059224727,8927888.91963533,46.96911258225657
SC,2026-02-20,3318769.1266047573,8761550.49423656,46.09401564728831,3381776.1059224727,8927888.91963533,46.96911258225657
SC,2026-02-27,3318769.1266047573,8761550.49423656,46.09401564728831,3381776.1059224727,8927888.91963533,46.96911258225657
SC,2026-03-06,3318769.1266047573,8761550.49423656,46.09401564728831,3381776.1059224727,8927888.91963533,46.96911258225657
SC,2026-03-13,3318769.1266047573,8761550.49423656,46.09401564728831,3381776.1059224727,8927888.91963533,46.96911258225657
SC,2026-03-20,3318769.1266047573,8761550.49423656,46.09401564728831,3381776.1059224727,8927888.91963533,46.96911258225657
SC,2026-03-27,3318769.1266047573,8761550.49423656,46.09401564728831,3381776.1059224727,8927888.91963533,46.96911258225657
SC,2026-04-03,3318769.1266047573,8761550.49423656,46.09401564728831,3381776.1059224727,8927888.91963533,46.96911258225657
SC,2026-04-10,3318769.1266047573,8761550.49423656,46.09401564728831,3381776.1059224727,8927888.91963533,46.96911258225657
SC,2026-04-17,3318783.082384281,8761587.337494502,46.09420947755946,3381790.061701996,8927925.76289327,46.969306412527715
SC,2026-04-24,3318783.082384281,8761587.337494502,46.09420947755946,3381790.061701996,8927925.76289327,46.969306412527715
SC,2026-05-01,3318783.082384281,8761587.337494502,46.09420947755946,3381790.061701996,8927925.76289327,46.969306412527715
SC,2026-05-08,3318988.9540761076,8762130.838760925,46.09706880661262,3381995.933393823,8928469.264159692,46.97216574158088
SC,2026-05-15,3318988.9540761076,8762130.838760925,46.09706880661262,3381995.933393823,8928469.264159692,46.97216574158088
SC,2026-05-22,3318988.9540761076,8762130.838760925,46.09706880661262,3381995.933393823,8928469.264159692,46.97216574158088
SC,2026-05-29,3318988.9540761076,8762130.838760925,46.09706880661262,3381995.933393823,8928469.264159692,46.97216574158088
SC,2026-06-05,3318988.9540761076,8762130.838760925,46.09706880661262,3381995.933393823,8928469.264159692,46.97216574158088
SC,2026-06-12,3318988.9540761076,8762130.838760925,46.09706880661262,3381995.933393823,8928469.264159692,46.97216574158088
SC,2026-06-19,3318988.9540761076,8762130.838760925,46.09706880661262,3381995.933393823,8928469.264159692,46.97216574158088
SC,2026-06-26,3318988.9540761076,8762130.838760925,46.09706880661262,3381995.933393823,8928469.264159692,46.97216574158088
SC,2026-07-03,3318988.9540761076,8762130.838760925,46.09706880661262,3381995.933393823,8928469.264159692,46.97216574158088
SC,2026-07-10,3318988.9540761076,8762130.838760925,46.09706880661262,3381995.933393823,8928469.264159692,46.97216574158088
SC,2026-07-17,3318988.9540761076,8762130.838760925,46.09706880661262,3381995.933393823,8928469.264159692,46.97216574158088
SD,2025-02-28,0,0,0,0,0,0
SD,2025-03-07,0,0,0,0,0,0
SD,2025-03-14,0,0,0,0,0,0
SD,2025-03-21,0,0,0,0,0,0
SD,2025-03-28,0,0,0,0,0,0
SD,2025-04-04,0,0,0,0,0,0
SD,2025-04-11,0,0,0,0,0,0
SD,2025-04-18,402.96391049690163,1063.8247237118203,0.005596720979123634,402.96391049690163,1063.8247237118203,0.005596720979123634
SD,2025-04-25,850.7450903735196,2245.967038586092,0.01181590403296555,850.7450903735196,2245.967038586092,0.01181590403296555
SD,2025-05-02,183765.31422919105,485140.4295650644,2.552296030960987,183765.31422919105,485140.4295650644,2.552296030960987
SD,2025-05-09,183765.31422919105,485140.4295650644,2.552296030960987,183765.31422919105,485140.4295650644,2.552296030960987
SD,2025-05-16,183829.1888494391,485309.0585625192,2.553183178464432,183829.1888494391,485309.0585625192,2.553183178464432
SD,2025-05-23,183829.1888494391,485309.0585625192,2.553183178464432,183829.1888494391,485309.0585625192,2.553183178464432
SD,2025-05-30,183829.1888494391,485309.0585625192,2.553183178464432,183829.1888494391,485309.0585625192,2.553183178464432
SD,2025-06-06,183829.1888494391,485309.0585625192,2.553183178464432,183829.1888494391,485309.0585625192,2.553183178464432
SD,2025-06-13,183829.1888494391,485309.0585625192,2.553183178464432,183829.1888494391,485309.0585625192,2.553183178464432
SD,2025-06-20,183829.1888494391,485309.0585625192,2.553183178464432,183829.1888494391,485309.0585625192,2.553183178464432
SD,2025-06-27,183765.31422919105,485140.4295650644,2.552296030960987,183829.1888494391,485309.0585625192,2.553183178464432
SD,2025-07-04,183765.31422919105,485140.4295650644,2.552296030960987,183829.1888494391,485309.0585625192,2.553183178464432
SD,2025-07-11,183765.31422919105,485140.4295650644,2.552296030960987,183829.1888494391,485309.0585625192,2.553183178464432
SD,2025-07-18,183765.31422919105,485140.4295650644,2.552296030960987,183829.1888494391,485309.0585625192,2.553183178464432
SD,2025-07-25,183765.31422919105,485140.4295650644,2.552296030960987,183829.1888494391,485309.0585625192,2.553183178464432
SD,2025-08-01,183765.31422919105,485140.4295650644,2.552296030960987,183829.1888494391,485309.0585625192,2.553183178464432
SD,2025-08-08,183765.31422919105,485140.4295650644,2.552296030960987,183829.1888494391,485309.0585625192,2.553183178464432
SD,2025-08-15,183765.31422919105,485140.4295650644,2.552296030960987,183829.1888494391,485309.0585625192,2.553183178464432
SD,2025-08-22,183765.31422919105,485140.4295650644,2.552296030960987,183829.1888494391,485309.0585625192,2.553183178464432
SD,2025-08-29,183765.31422919105,485140.4295650644,2.552296030960987,183829.1888494391,485309.0585625192,2.553183178464432
SD,2025-09-05,183765.31422919105,485140.4295650644,2.552296030960987,183829.1888494391,485309.0585625192,2.553183178464432
SD,2025-09-12,183765.31422919105,485140.4295650644,2.552296030960987,183829.1888494391,485309.0585625192,2.553183178464432
SD,2025-09-19,183915.24776711862,485536.2541051932,2.554378441209981,183979.12238736666,485704.883102648,2.555265588713426
SD,2025-09-26,183920.96856232636,485551.3570045416,2.5544578966989775,183984.8431825744,485719.98600199644,2.5553450442024226
SD,2025-10-03,190109.61095615936,501889.37292426074,2.6404112632799914,190173.4855764074,502058.00192171556,2.641298410783436
SD,2025-10-10,191089.07167934693,504475.1492334759,2.6540148844353744,191152.94629959497,504643.77823093074,2.654902031938819
SD,2025-10-17,191089.07167934693,504475.1492334759,2.6540148844353744,191152.94629959497,504643.77823093074,2.654902031938819
SD,2025-10-24,191089.07167934693,504475.1492334759,2.6540148844353744,191152.94629959497,504643.77823093074,2.654902031938819
SD,2025-10-31,191089.07167934693,504475.1492334759,2.6540148844353744,191152.94629959497,504643.77823093074,2.654902031938819
SD,2025-11-07,191089.07167934693,504475.1492334759,2.6540148844353744,191152.94629959497,504643.77823093074,2.654902031938819
SD,2025-11-14,191089.07167934693,504475.1492334759,2.6540148844353744,191152.94629959497,504643.77823093074,2.654902031938819
SD,2025-11-21,191089.07167934693,504475.1492334759,2.6540148844353744,191152.94629959497,504643.77823093074,2.654902031938819
SD,2025-11-28,191089.07167934693,504475.1492334759,2.6540148844353744,191152.94629959497,504643.77823093074,2.654902031938819
SD,2025-12-05,191089.07167934693,504475.1492334759,2.6540148844353744,191152.94629959497,504643.77823093074,2.654902031938819
SD,2025-12-12,191089.07167934693,504475.1492334759,2.6540148844353744,191152.94629959497,504643.77823093074,2.654902031938819
SD,2025-12-19,191089.07167934693,504475.1492334759,2.6540148844353744,191152.94629959497,504643.77823093074,2.654902031938819
SD,2025-12-26,191089.07167934693,504475.1492334759,2.6540148844353744,191152.94629959497,504643.77823093074,2.654902031938819
SD,2026-01-02,191089.07167934693,504475.1492334759,2.6540148844353744,191152.94629959497,504643.77823093074,2.654902031938819
SD,2026-01-09,191089.07167934693,504475.1492334759,2.6540148844353744,191152.94629959497,504643.77823093074,2.654902031938819
SD,2026-01-16,191089.07167934693,504475.1492334759,2.6540148844353744,191152.94629959497,504643.77823093074,2.654902031938819
SD,2026-01-23,191089.07167934693,504475.1492334759,2.6540148844353744,191152.94629959497,504643.77823093074,2.654902031938819
SD,2026-01-30,191089.07167934693,504475.1492334759,2.6540148844353744,191152.94629959497,504643.77823093074,2.654902031938819
SD,2026-02-06,191089.07167934693,504475.1492334759,2.6540148844353744,191152.94629959497,504643.77823093074,2.654902031938819
SD,2026-02-13,191089.07167934693,504475.1492334759,2.6540148844353744,191152.94629959497,504643.77823093074,2.654902031938819
SD,2026-02-20,191089.07167934693,504475.1492334759,2.6540148844353744,191152.94629959497,504643.77823093074,2.654902031938819
SD,2026-02-27,191089.07167934693,504475.1492334759,2.6540148844353744,191152.94629959497,504643.77823093074,2.654902031938819
SD,2026-03-06,191089.07167934693,504475.1492334759,2.6540148844353744,191152.94629959497,504643.77823093074,2.654902031938819
SD,2026-03-13,191089.07167934693,504475.1492334759,2.6540148844353744,191152.94629959497,504643.77823093074,2.654902031938819
SD,2026-03-20,191089.07167934693,504475.1492334759,2.6540148844353744,191152.94629959497,504643.77823093074,2.654902031938819
SD,2026-03-27,191089.07167934693,504475.1492334759,2.6540148844353744,191152.94629959497,504643.77823093074,2.654902031938819
SD,2026-04-03,191089.07167934693,504475.1492334759,2.6540148844353744,191152.94629959497,504643.77823093074,2.654902031938819
SD,2026-04-10,191089.07167934693,504475.1492334759,2.6540148844353744,191152.94629959497,504643.77823093074,2.654902031938819
SD,2026-04-17,191089.07167934693,504475.1492334759,2.6540148844353744,191152.94629959497,504643.77823093074,2.654902031938819
SD,2026-04-24,191089.07167934693,504475.1492334759,2.6540148844353744,191152.94629959497,504643.77823093074,2.654902031938819
SD,2026-05-01,191089.07167934693,504475.1492334759,2.6540148844353744,191152.94629959497,504643.77823093074,2.654902031938819
SD,2026-05-08,191089.07167934693,504475.1492334759,2.6540148844353744,191152.94629959497,504643.77823093074,2.654902031938819
SD,2026-05-15,191089.07167934693,504475.1492334759,2.6540148844353744,191152.94629959497,504643.77823093074,2.654902031938819
SD,2026-05-22,191089.07167934693,504475.1492334759,2.6540148844353744,191152.94629959497,504643.77823093074,2.654902031938819
SD,2026-05-29,191089.07167934693,504475.1492334759,2.6540148844353744,191152.94629959497,504643.77823093074,2.654902031938819
SD,2026-06-05,191089.07167934693,504475.1492334759,2.6540148844353744,191152.94629959497,504643.77823093074,2.654902031938819
SD,2026-06-12,191089.07167934693,504475.1492334759,2.6540148844353744,191152.94629959497,504643.77823093074,2.654902031938819
SD,2026-06-19,191089.07167934693,504475.1492334759,2.6540148844353744,191152.94629959497,504643.77823093074,2.654902031938819
SD,2026-06-26,191089.07167934693,504475.1492334759,2.6540148844353744,191152.94629959497,504643.77823093074,2.654902031938819
SD,2026-07-03,191089.07167934693,504475.1492334759,2.6540148844353744,191152.94629959497,504643.77823093074,2.654902031938819
SD,2026-07-10,191089.07167934693,504475.1492334759,2.6540148844353744,191152.94629959497,504643.77823093074,2.654902031938819
SD,2026-07-17,191089.07167934693,504475.1492334759,2.6540148844353744,191152.94629959497,504643.77823093074,2.654902031938819
TN,2025-02-28,0,0,0,0,0,0
TN,2025-03-07,0,0,0,0,0,0
TN,2025-03-14,0,0,0,0,0,0
TN,2025-03-21,0,0,0,0,0,0
TN,2025-03-28,0,0,0,0,0,0
TN,2025-04-04,0,0,0,0,0,0
TN,2025-04-11,0,0,0,0,0,0
TN,2025-04-18,16847.238667141104,44476.710081252524,0.23398942593251534,16847.238667141104,44476.710081252524,0.23398942593251534
TN,2025-04-25,1457852.8515023654,3848731.5279662455,20.247956270866187,1457852.8515023654,3848731.5279662455,20.247956270866187
TN,2025-05-02,2032896.7394986816,5366847.39227652,28.234676937481698,2032896.7394986816,5366847.39227652,28.234676937481698
TN,2025-05-09,2034789.1029610666,5371843.231817215,28.260959763348144,2034789.1029610666,5371843.231817215,28.260959763348144
TN,2025-05-16,2043211.1855985657,5394077.529980213,28.377933133313416,2043211.1855985657,5394077.529980213,28.377933133313416
TN,2025-05-23,2043211.1855985657,5394077.529980213,28.377933133313416,2043211.1855985657,5394077.529980213,28.377933133313416
TN,2025-05-30,2043211.1855985657,5394077.529980213,28.377933133313416,2043211.1855985657,5394077.529980213,28.377933133313416
TN,2025-06-06,2043211.1855985657,5394077.529980213,28.377933133313416,2043211.1855985657,5394077.529980213,28.377933133313416
TN,2025-06-13,2043204.6200359121,5394060.196894808,28.377841944943224,2043211.1855985657,5394077.529980213,28.377933133313416
TN,2025-06-20,3730457.2782419063,9848407.214558633,51.8119066422487,3730463.8438045597,9848424.54764404,51.81199783061889
TN,2025-06-27,3719981.8642714424,9820752.121676607,51.666414781547815,3730463.8438045597,9848424.54764404,51.81199783061889
TN,2025-07-04,3719981.8642714424,9820752.121676607,51.666414781547815,3730463.8438045597,9848424.54764404,51.81199783061889
TN,2025-07-11,3719981.8642714424,9820752.121676607,51.666414781547815,3730463.8438045597,9848424.54764404,51.81199783061889
TN,2025-07-18,3719981.8642714424,9820752.121676607,51.666414781547815,3730463.8438045597,9848424.54764404,51.81199783061889
TN,2025-07-25,3719981.8642714424,9820752.121676607,51.666414781547815,3730463.8438045597,9848424.54764404,51.81199783061889
TN,2025-08-01,3719981.8642714424,9820752.121676607,51.666414781547815,3730463.8438045597,9848424.54764404,51.81199783061889
TN,2025-08-08,3719981.8642714424,9820752.121676607,51.666414781547815,3730463.8438045597,9848424.54764404,51.81199783061889
TN,2025-08-15,3719727.0673511093,9820079.457806928,51.662875935432076,3730463.8438045597,9848424.54764404,51.81199783061889
TN,2025-08-22,3719727.0673511093,9820079.457806928,51.662875935432076,3730463.8438045597,9848424.54764404,51.81199783061889
TN,2025-08-29,3719727.0673511093,9820079.457806928,51.662875935432076,3730463.8438045597,9848424.54764404,51.81199783061889
TN,2025-09-05,3719727.0673511093,9820079.457806928,51.662875935432076,3730463.8438045597,9848424.54764404,51.81199783061889
TN,2025-09-12,3719727.0673511093,9820079.457806928,51.662875935432076,3730463.8438045597,9848424.54764404,51.81199783061889
TN,2025-09-19,3726447.004666717,9837820.092320131,51.75620839814884,3737183.781120167,9866165.18215724,51.90533029333566
TN,2025-09-26,3726497.7454228587,9837954.047916345,51.75691313087304,3737234.521876309,9866299.137753457,51.90603502605985
TN,2025-10-03,9276907.000300817,24491034.480794158,128.84593055973357,9287643.776754268,24519379.570631266,128.9950524549204
TN,2025-10-10,9681841.124135628,25560060.567718066,134.47001561299487,9692577.90058908,25588405.65755517,134.6191375081817
TN,2025-10-17,9681841.124135628,25560060.567718066,134.47001561299487,9692577.90058908,25588405.65755517,134.6191375081817
TN,2025-10-24,9681841.124135628,25560060.567718066,134.47001561299487,9692577.90058908,25588405.65755517,134.6191375081817
TN,2025-10-31,9681841.124135628,25560060.567718066,134.47001561299487,9692577.90058908,25588405.65755517,134.6191375081817
TN,2025-11-07,9681841.124135628,25560060.567718066,134.47001561299487,9692577.90058908,25588405.65755517,134.6191375081817
TN,2025-11-14,9681972.34112718,25560406.98057575,134.4718380712108,9692709.117580628,25588752.07041286,134.62095996639763
TN,2025-11-21,9681974.632757805,25560413.030480612,134.47186989941397,9692711.409211257,25588758.12031772,134.6209917946008
TN,2025-11-28,9681974.632757805,25560413.030480612,134.47186989941397,9692711.409211257,25588758.12031772,134.6209917946008
TN,2025-12-05,9681974.632757805,25560413.030480612,134.47186989941397,9692711.409211257,25588758.12031772,134.6209917946008
TN,2025-12-12,9681974.632757805,25560413.030480612,134.47186989941397,9692711.409211257,25588758.12031772,134.6209917946008
TN,2025-12-19,9681974.632757805,25560413.030480612,134.47186989941397,9692711.409211257,25588758.12031772,134.6209917946008
TN,2025-12-26,9681974.632757805,25560413.030480612,134.47186989941397,9692711.409211257,25588758.12031772,134.6209917946008
TN,2026-01-02,9681974.632757805,25560413.030480612,134.47186989941397,9692711.409211257,25588758.12031772,134.6209917946008
TN,2026-01-09,9681974.632757805,25560413.030480612,134.47186989941397,9692711.409211257,25588758.12031772,134.6209917946008
TN,2026-01-16,9681974.632757805,25560413.030480612,134.47186989941397,9692711.409211257,25588758.12031772,134.6209917946008
TN,2026-01-23,9681974.632757805,25560413.030480612,134.47186989941397,9692711.409211257,25588758.12031772,134.6209917946008
TN,2026-01-30,9681974.632757805,25560413.030480612,134.47186989941397,9692711.409211257,25588758.12031772,134.6209917946008
TN,2026-02-06,9681974.632757805,25560413.030480612,134.47186989941397,9692711.409211257,25588758.12031772,134.6209917946008
TN,2026-02-13,9681974.632757805,25560413.030480612,134.47186989941397,9692711.409211257,25588758.12031772,134.6209917946008
TN,2026-02-20,9681974.632757805,25560413.030480612,134.47186989941397,9692711.409211257,25588758.12031772,134.6209917946008
TN,2026-02-27,9681974.632757805,25560413.030480612,134.47186989941397,9692711.409211257,25588758.12031772,134.6209917946008
TN,2026-03-06,9681974.632757805,25560413.030480612,134.47186989941397,9692711.409211257,25588758.12031772,134.6209917946008
TN,2026-03-13,9681974.632757805,25560413.030480612,134.47186989941397,9692711.409211257,25588758.12031772,134.6209917946008
TN,2026-03-20,9681974.632757805,25560413.030480612,134.47186989941397,9692711.409211257,25588758.12031772,134.6209917946008
TN,2026-03-27,9681974.632757805,25560413.030480612,134.47186989941397,9692711.409211257,25588758.12031772,134.6209917946008
TN,2026-04-03,9681974.632757805,25560413.030480612,134.47186989941397,9692711.409211257,25588758.12031772,134.6209917946008
TN,2026-04-10,9681974.632757805,25560413.030480612,134.47186989941397,9692711.409211257,25588758.12031772,134.6209917946008
TN,2026-04-17,9682100.234773517,25560744.619802084,134.4736143718544,9692837.011226967,25589089.70963919,134.62273626704123
TN,2026-04-24,9682100.234773517,25560744.619802084,134.4736143718544,9692837.011226967,25589089.70963919,134.62273626704123
TN,2026-05-01,9682100.234773517,25560744.619802084,134.4736143718544,9692837.011226967,25589089.70963919,134.62273626704123
TN,2026-05-08,9682203.17061943,25561016.370435294,134.47504403638098,9692939.94707288,25589361.4602724,134.6241659315678
TN,2026-05-15,9682203.17061943,25561016.370435294,134.47504403638098,9692939.94707288,25589361.4602724,134.6241659315678
TN,2026-05-22,9682203.17061943,25561016.370435294,134.47504403638098,9692939.94707288,25589361.4602724,134.6241659315678
TN,2026-05-29,9682203.17061943,25561016.370435294,134.47504403638098,9692939.94707288,25589361.4602724,134.6241659315678
TN,2026-06-05,9682203.17061943,25561016.370435294,134.47504403638098,9692939.94707288,25589361.4602724,134.6241659315678
TN,2026-06-12,9682203.17061943,25561016.370435294,134.47504403638098,9692939.94707288,25589361.4602724,134.6241659315678
TN,2026-06-19,9682203.17061943,25561016.370435294,134.47504403638098,9692939.94707288,25589361.4602724,134.6241659315678
TN,2026-06-26,9682203.17061943,25561016.370435294,134.47504403638098,9692939.94707288,25589361.4602724,134.6241659315678
TN,2026-07-03,9682203.17061943,25561016.370435294,134.47504403638098,9692939.94707288,25589361.4602724,134.6241659315678
TN,2026-07-10,9682203.17061943,25561016.370435294,134.47504403638098,9692939.94707288,25589361.4602724,134.6241659315678
TN,2026-07-17,9682203.17061943,25561016.370435294,134.47504403638098,9692939.94707288,25589361.4602724,134.6241659315678
TX,2025-02-28,0,0,0,0,0,0
TX,2025-03-07,0,0,0,0,0,0
TX,2025-03-14,0,0,0,0,0,0
TX,2025-03-21,0,0,0,0,0,0
TX,2025-03-28,0,0,0,0,0,0
TX,2025-04-04,0,0,0,0,0,0
TX,2025-04-11,0,0,0,0,0,0
TX,2025-04-18,5071460.1135296505,13388654.699718278,70.43694602124516,5071460.1135296505,13388654.699718278,70.43694602124516
TX,2025-04-25,9838036.505352478,25972416.37413054,136.6393959076733,9838036.505352478,25972416.37413054,136.6393959076733
TX,2025-05-02,10788753.400370236,28482308.97697743,149.84379722736438,10788753.400370236,28482308.97697743,149.84379722736438
TX,2025-05-09,10789131.873062715,28483308.14488557,149.8490537925377,10789131.873062715,28483308.14488557,149.8490537925377
TX,2025-05-16,14139014.522643354,37326998.33977845,196.37520170337993,14139014.522643354,37326998.33977845,196.37520170337993
TX,2025-05-23,14139014.522643354,37326998.33977845,196.37520170337993,14139014.522643354,37326998.33977845,196.37520170337993
TX,2025-05-30,14139014.522643354,37326998.33977845,196.37520170337993,14139014.522643354,37326998.33977845,196.37520170337993
TX,2025-06-06,14139014.522643354,37326998.33977845,196.37520170337993,14139014.522643354,37326998.33977845,196.37520170337993
TX,2025-06-13,14138571.05562544,37325827.586851165,196.36904243924224,14139014.522643354,37326998.33977845,196.37520170337993
TX,2025-06-20,14139952.464384412,37329474.505974844,196.38822867200568,14140395.931402326,37330645.25890213,196.39438793614337
TX,2025-06-27,10257597.632199187,27080057.749005865,142.46663378054427,14140395.931402326,37330645.25890213,196.39438793614337
TX,2025-07-04,10257597.632199187,27080057.749005865,142.46663378054427,14140395.931402326,37330645.25890213,196.39438793614337
TX,2025-07-11,10257597.632199187,27080057.749005865,142.46663378054427,14140395.931402326,37330645.25890213,196.39438793614337
TX,2025-07-18,10257597.632199187,27080057.749005865,142.46663378054427,14140395.931402326,37330645.25890213,196.39438793614337
TX,2025-07-25,10289282.773698824,27163706.522564907,142.90670519026145,14172081.072901964,37414294.032461174,196.83445934586052
TX,2025-08-01,10289282.773698824,27163706.522564907,142.90670519026145,14172081.072901964,37414294.032461174,196.83445934586052
TX,2025-08-08,10257597.632199187,27080057.749005865,142.46663378054427,14172081.072901964,37414294.032461174,196.83445934586052
TX,2025-08-15,10257597.632199187,27080057.749005865,142.46663378054427,14172081.072901964,37414294.032461174,196.83445934586052
TX,2025-08-22,10257597.632199187,27080057.749005865,142.46663378054427,14172081.072901964,37414294.032461174,196.83445934586052
TX,2025-08-29,10257597.632199187,27080057.749005865,142.46663378054427,14172081.072901964,37414294.032461174,196.83445934586052
TX,2025-09-05,10257597.632199187,27080057.749005865,142.46663378054427,14172081.072901964,37414294.032461174,196.83445934586052
TX,2025-09-12,10257597.632199187,27080057.749005865,142.46663378054427,14172081.072901964,37414294.032461174,196.83445934586052
TX,2025-09-19,10563356.011833277,27887259.871239852,146.71327794212888,14477839.452536048,38221496.15469517,201.08110350744514
TX,2025-09-26,10565056.696118733,27891749.677753456,146.73689855720465,14479540.136821503,38225985.961208776,201.1047241225209
TX,2025-10-03,54456566.42824721,143765335.37057266,756.3412003923225,58371049.86895,154099571.654028,810.7090259576389
TX,2025-10-10,61125551.85430424,161371456.89536324,848.9659979764481,65040035.295007,171705693.17881858,903.333823541764
TX,2025-10-17,61125551.85430424,161371456.89536324,848.9659979764481,65040035.295007,171705693.17881858,903.333823541764
TX,2025-10-24,61125551.85430424,161371456.89536324,848.9659979764481,65040035.295007,171705693.17881858,903.333823541764
TX,2025-10-31,61125551.85430424,161371456.89536324,848.9659979764481,65040035.295007,171705693.17881858,903.333823541764
TX,2025-11-07,61125551.85430424,161371456.89536324,848.9659979764481,65040035.295007,171705693.17881858,903.333823541764
TX,2025-11-14,61125726.80554424,161371918.76663685,848.9684278547813,65040210.246247,171706155.05009216,903.3362534200974
TX,2025-11-21,61125731.3888055,161371930.86644655,848.9684915111877,65040214.829508275,171706167.14990187,903.3363170765037
TX,2025-11-28,61125731.3888055,161371930.86644655,848.9684915111877,65040214.829508275,171706167.14990187,903.3363170765037
TX,2025-12-05,61125731.3888055,161371930.86644655,848.9684915111877,65040214.829508275,171706167.14990187,903.3363170765037
TX,2025-12-12,61125731.3888055,161371930.86644655,848.9684915111877,65040214.829508275,171706167.14990187,903.3363170765037
TX,2025-12-19,61125731.3888055,161371930.86644655,848.9684915111877,65040214.829508275,171706167.14990187,903.3363170765037
TX,2025-12-26,61125731.3888055,161371930.86644655,848.9684915111877,65040214.829508275,171706167.14990187,903.3363170765037
TX,2026-01-02,61125731.3888055,161371930.86644655,848.9684915111877,65040214.829508275,171706167.14990187,903.3363170765037
TX,2026-01-09,61125731.3888055,161371930.86644655,848.9684915111877,65040214.829508275,171706167.14990187,903.3363170765037
TX,2026-01-16,61125731.3888055,161371930.86644655,848.9684915111877,65040214.829508275,171706167.14990187,903.3363170765037
TX,2026-01-23,61125731.3888055,161371930.86644655,848.9684915111877,65040214.829508275,171706167.14990187,903.3363170765037
TX,2026-01-30,61125731.3888055,161371930.86644655,848.9684915111877,65040214.829508275,171706167.14990187,903.3363170765037
TX,2026-02-06,61125731.3888055,161371930.86644655,848.9684915111877,65040214.829508275,171706167.14990187,903.3363170765037
TX,2026-02-13,61125731.3888055,161371930.86644655,848.9684915111877,65040214.829508275,171706167.14990187,903.3363170765037
TX,2026-02-20,61125731.3888055,161371930.86644655,848.9684915111877,65040214.829508275,171706167.14990187,903.3363170765037
TX,2026-02-27,61125731.3888055,161371930.86644655,848.9684915111877,65040214.829508275,171706167.14990187,903.3363170765037
TX,2026-03-06,61125731.3888055,161371930.86644655,848.9684915111877,65040214.829508275,171706167.14990187,903.3363170765037
TX,2026-03-13,61125731.3888055,161371930.86644655,848.9684915111877,65040214.829508275,171706167.14990187,903.3363170765037
TX,2026-03-20,61125731.3888055,161371930.86644655,848.9684915111877,65040214.829508275,171706167.14990187,903.3363170765037
TX,2026-03-27,61125731.3888055,161371930.86644655,848.9684915111877,65040214.829508275,171706167.14990187,903.3363170765037
TX,2026-04-03,61125731.3888055,161371930.86644655,848.9684915111877,65040214.829508275,171706167.14990187,903.3363170765037
TX,2026-04-10,61125731.3888055,161371930.86644655,848.9684915111877,65040214.829508275,171706167.14990187,903.3363170765037
TX,2026-04-17,61125773.25614407,161372041.3962204,848.9690730020011,65040256.69684684,171706277.6796757,903.3368985673173
TX,2026-04-24,61125773.25614407,161372041.3962204,848.9690730020011,65040256.69684684,171706277.6796757,903.3368985673173
TX,2026-05-01,61125773.25614407,161372041.3962204,848.9690730020011,65040256.69684684,171706277.6796757,903.3368985673173
TX,2026-05-08,61126525.69294565,161374027.82937655,848.9795235131343,65041009.13364842,171708264.11283186,903.3473490784505
TX,2026-05-15,61126525.69294565,161374027.82937655,848.9795235131343,65041009.13364842,171708264.11283186,903.3473490784505
TX,2026-05-22,61126525.69294565,161374027.82937655,848.9795235131343,65041009.13364842,171708264.11283186,903.3473490784505
TX,2026-05-29,61126525.69294565,161374027.82937655,848.9795235131343,65041009.13364842,171708264.11283186,903.3473490784505
TX,2026-06-05,61126525.69294565,161374027.82937655,848.9795235131343,65041009.13364842,171708264.11283186,903.3473490784505
TX,2026-06-12,61126525.69294565,161374027.82937655,848.9795235131343,65041009.13364842,171708264.11283186,903.3473490784505
TX,2026-06-19,61126525.69294565,161374027.82937655,848.9795235131343,65041009.13364842,171708264.11283186,903.3473490784505
TX,2026-06-26,61126525.69294565,161374027.82937655,848.9795235131343,65041009.13364842,171708264.11283186,903.3473490784505
TX,2026-07-03,61126525.69294565,161374027.82937655,848.9795235131343,65041009.13364842,171708264.11283186,903.3473490784505
TX,2026-07-10,61126525.69294565,161374027.82937655,848.9795235131343,65041009.13364842,171708264.11283186,903.3473490784505
TX,2026-07-17,61126525.69294565,161374027.82937655,848.9795235131343,65041009.13364842,171708264.11283186,903.3473490784505
UT,2025-02-28,0,0,0,0,0,0
UT,2025-03-07,0,0,0,0,0,0
UT,2025-03-14,0,0,0,0,0,0
UT,2025-03-21,0,0,0,0,0,0
UT,2025-03-28,0,0,0,0,0,0
UT,2025-04-04,0,0,0,0,0,0
UT,2025-04-11,0,0,0,0,0,0
UT,2025-04-18,1296.872928003435,3423.744529929069,0.01801212400004771,1296.872928003435,3423.744529929069,0.01801212400004771
UT,2025-04-25,12392.894899262226,32717.242534052282,0.17212354026753093,12392.894899262226,32717.242534052282,0.17212354026753093
UT,2025-05-02,18833.325673953943,49719.97977923841,0.26157396769380475,18833.325673953943,49719.97977923841,0.26157396769380475
UT,2025-05-09,19211.79836643085,50719.14768737744,0.26683053286709507,19211.79836643085,50719.14768737744,0.26683053286709507
UT,2025-05-16,27314.780509301323,72111.0205445555,0.37937195151807396,27314.780509301323,72111.0205445555,0.37937195151807396
UT,2025-05-23,27314.780509301323,72111.0205445555,0.37937195151807396,27314.780509301323,72111.0205445555,0.37937195151807396
UT,2025-05-30,27314.780509301323,72111.0205445555,0.37937195151807396,27314.780509301323,72111.0205445555,0.37937195151807396
UT,2025-06-06,27314.780509301323,72111.0205445555,0.37937195151807396,27314.780509301323,72111.0205445555,0.37937195151807396
UT,2025-06-13,27019.135830692263,71330.51859302758,0.3752657754262814,27314.780509301323,72111.0205445555,0.37937195151807396
UT,2025-06-20,27019.135830692263,71330.51859302758,0.3752657754262814,27314.780509301323,72111.0205445555,0.37937195151807396
UT,2025-06-27,24177.415831079747,63828.37779405054,0.33579744209832985,27314.780509301323,72111.0205445555,0.37937195151807396
UT,2025-07-04,24177.415831079747,63828.37779405054,0.33579744209832985,27314.780509301323,72111.0205445555,0.37937195151807396
UT,2025-07-11,24177.415831079747,63828.37779405054,0.33579744209832985,27314.780509301323,72111.0205445555,0.37937195151807396
UT,2025-07-18,24177.415831079747,63828.37779405054,0.33579744209832985,27314.780509301323,72111.0205445555,0.37937195151807396
UT,2025-07-25,24177.415831079747,63828.37779405054,0.33579744209832985,27314.780509301323,72111.0205445555,0.37937195151807396
UT,2025-08-01,24177.415831079747,63828.37779405054,0.33579744209832985,27314.780509301323,72111.0205445555,0.37937195151807396
UT,2025-08-08,24177.415831079747,63828.37779405054,0.33579744209832985,27314.780509301323,72111.0205445555,0.37937195151807396
UT,2025-08-15,24177.415831079747,63828.37779405054,0.33579744209832985,27314.780509301323,72111.0205445555,0.37937195151807396
UT,2025-08-22,24177.415831079747,63828.37779405054,0.33579744209832985,27314.780509301323,72111.0205445555,0.37937195151807396
UT,2025-08-29,24177.415831079747,63828.37779405054,0.33579744209832985,27314.780509301323,72111.0205445555,0.37937195151807396
UT,2025-09-05,24177.415831079747,63828.37779405054,0.33579744209832985,27314.780509301323,72111.0205445555,0.37937195151807396
UT,2025-09-12,24177.415831079747,63828.37779405054,0.33579744209832985,27314.780509301323,72111.0205445555,0.37937195151807396
UT,2025-09-19,24854.973329537235,65617.1295899783,0.34520796291023936,27992.33800775881,73899.772340483265,0.38878247232998353
UT,2025-09-26,25152.51718319345,66402.64536363071,0.34934051643324243,28289.88186141503,74685.28811413568,0.3929150258529866
UT,2025-10-03,4671750.771203461,12333422.035977136,64.88542737782585,4674888.135881682,12341704.678727644,64.92900188724559
UT,2025-10-10,4677093.835386936,12347527.72542151,64.95963660259633,4680231.200065157,12355810.368172018,65.00321111201609
UT,2025-10-17,4677093.835386936,12347527.72542151,64.95963660259633,4680231.200065157,12355810.368172018,65.00321111201609
UT,2025-10-24,4677093.835386936,12347527.72542151,64.95963660259633,4680231.200065157,12355810.368172018,65.00321111201609
UT,2025-10-31,4677093.835386936,12347527.72542151,64.95963660259633,4680231.200065157,12355810.368172018,65.00321111201609
UT,2025-11-07,4677093.835386936,12347527.72542151,64.95963660259633,4680231.200065157,12355810.368172018,65.00321111201609
UT,2025-11-14,4677093.835386936,12347527.72542151,64.95963660259633,4680231.200065157,12355810.368172018,65.00321111201609
UT,2025-11-21,4677093.835386936,12347527.72542151,64.95963660259633,4680231.200065157,12355810.368172018,65.00321111201609
UT,2025-11-28,4677093.835386936,12347527.72542151,64.95963660259633,4680231.200065157,12355810.368172018,65.00321111201609
UT,2025-12-05,4677093.835386936,12347527.72542151,64.95963660259633,4680231.200065157,12355810.368172018,65.00321111201609
UT,2025-12-12,4677093.835386936,12347527.72542151,64.95963660259633,4680231.200065157,12355810.368172018,65.00321111201609
UT,2025-12-19,4677093.835386936,12347527.72542151,64.95963660259633,4680231.200065157,12355810.368172018,65.00321111201609
UT,2025-12-26,4677093.835386936,12347527.72542151,64.95963660259633,4680231.200065157,12355810.368172018,65.00321111201609
UT,2026-01-02,4677093.835386936,12347527.72542151,64.95963660259633,4680231.200065157,12355810.368172018,65.00321111201609
UT,2026-01-09,4677093.835386936,12347527.72542151,64.95963660259633,4680231.200065157,12355810.368172018,65.00321111201609
UT,2026-01-16,4677093.835386936,12347527.72542151,64.95963660259633,4680231.200065157,12355810.368172018,65.00321111201609
UT,2026-01-23,4677093.835386936,12347527.72542151,64.95963660259633,4680231.200065157,12355810.368172018,65.00321111201609
UT,2026-01-30,4677093.835386936,12347527.72542151,64.95963660259633,4680231.200065157,12355810.368172018,65.00321111201609
UT,2026-02-06,4677093.835386936,12347527.72542151,64.95963660259633,4680231.200065157,12355810.368172018,65.00321111201609
UT,2026-02-13,4677093.835386936,12347527.72542151,64.95963660259633,4680231.200065157,12355810.368172018,65.00321111201609
UT,2026-02-20,4677093.835386936,12347527.72542151,64.95963660259633,4680231.200065157,12355810.368172018,65.00321111201609
UT,2026-02-27,4677093.835386936,12347527.72542151,64.95963660259633,4680231.200065157,12355810.368172018,65.00321111201609
UT,2026-03-06,4677093.835386936,12347527.72542151,64.95963660259633,4680231.200065157,12355810.368172018,65.00321111201609
UT,2026-03-13,4677093.835386936,12347527.72542151,64.95963660259633,4680231.200065157,12355810.368172018,65.00321111201609
UT,2026-03-20,4677093.835386936,12347527.72542151,64.95963660259633,4680231.200065157,12355810.368172018,65.00321111201609
UT,2026-03-27,4677093.835386936,12347527.72542151,64.95963660259633,4680231.200065157,12355810.368172018,65.00321111201609
UT,2026-04-03,4677093.835386936,12347527.72542151,64.95963660259633,4680231.200065157,12355810.368172018,65.00321111201609
UT,2026-04-10,4677093.835386936,12347527.72542151,64.95963660259633,4680231.200065157,12355810.368172018,65.00321111201609
UT,2026-04-17,4677093.835386936,12347527.72542151,64.95963660259633,4680231.200065157,12355810.368172018,65.00321111201609
UT,2026-04-24,4677093.835386936,12347527.72542151,64.95963660259633,4680231.200065157,12355810.368172018,65.00321111201609
UT,2026-05-01,4677093.835386936,12347527.72542151,64.95963660259633,4680231.200065157,12355810.368172018,65.00321111201609
UT,2026-05-08,4677093.835386936,12347527.72542151,64.95963660259633,4680231.200065157,12355810.368172018,65.00321111201609
UT,2026-05-15,4677093.835386936,12347527.72542151,64.95963660259633,4680231.200065157,12355810.368172018,65.00321111201609
UT,2026-05-22,4677093.835386936,12347527.72542151,64.95963660259633,4680231.200065157,12355810.368172018,65.00321111201609
UT,2026-05-29,4677093.835386936,12347527.72542151,64.95963660259633,4680231.200065157,12355810.368172018,65.00321111201609
UT,2026-06-05,4677093.835386936,12347527.72542151,64.95963660259633,4680231.200065157,12355810.368172018,65.00321111201609
UT,2026-06-12,4677093.835386936,12347527.72542151,64.95963660259633,4680231.200065157,12355810.368172018,65.00321111201609
UT,2026-06-19,4677093.835386936,12347527.72542151,64.95963660259633,4680231.200065157,12355810.368172018,65.00321111201609
UT,2026-06-26,4677093.835386936,12347527.72542151,64.95963660259633,4680231.200065157,12355810.368172018,65.00321111201609
UT,2026-07-03,4677093.835386936,12347527.72542151,64.95963660259633,4680231.200065157,12355810.368172018,65.00321111201609
UT,2026-07-10,4677093.835386936,12347527.72542151,64.95963660259633,4680231.200065157,12355810.368172018,65.00321111201609
UT,2026-07-17,4677093.835386936,12347527.72542151,64.95963660259633,4680231.200065157,12355810.368172018,65.00321111201609
VA,2025-02-28,0,0,0,0,0,0
VA,2025-03-07,0,0,0,0,0,0
VA,2025-03-14,0,0,0,0,0,0
VA,2025-03-21,0,0,0,0,0,0
VA,2025-03-28,0,0,0,0,0,0
VA,2025-04-04,0,0,0,0,0,0
VA,2025-04-11,0,0,0,0,0,0
VA,2025-04-18,967505.4323376471,2554214.3413713886,13.437575449133988,967505.4323376471,2554214.3413713886,13.437575449133988
VA,2025-04-25,4062001.2997298758,10723683.431286875,56.416684718470506,4062001.2997298758,10723683.431286875,56.416684718470506
VA,2025-05-02,6203968.111979252,16378475.815625226,86.1662237774896,6203968.111979252,16378475.815625226,86.1662237774896
VA,2025-05-09,6203968.111979252,16378475.815625226,86.1662237774896,6203968.111979252,16378475.815625226,86.1662237774896
VA,2025-05-16,7979873.296439821,21066865.50260113,110.83157356166419,7979873.296439821,21066865.50260113,110.83157356166419
VA,2025-05-23,7979873.296439821,21066865.50260113,110.83157356166419,7979873.296439821,21066865.50260113,110.83157356166419
VA,2025-05-30,7979873.296439821,21066865.50260113,110.83157356166419,7979873.296439821,21066865.50260113,110.83157356166419
VA,2025-06-06,7979873.296439821,21066865.50260113,110.83157356166419,7979873.296439821,21066865.50260113,110.83157356166419
VA,2025-06-13,7943957.803599057,20972048.60150151,110.33274727220912,7979873.296439821,21066865.50260113,110.83157356166419
VA,2025-06-20,7943957.803599057,20972048.60150151,110.33274727220912,7979873.296439821,21066865.50260113,110.83157356166419
VA,2025-06-27,6799450.5292294985,17950549.397165876,94.43681290596527,7979873.296439821,21066865.50260113,110.83157356166419
VA,2025-07-04,6799450.5292294985,17950549.397165876,94.43681290596527,7979873.296439821,21066865.50260113,110.83157356166419
VA,2025-07-11,6799450.5292294985,17950549.397165876,94.43681290596527,7979873.296439821,21066865.50260113,110.83157356166419
VA,2025-07-18,6799450.5292294985,17950549.397165876,94.43681290596527,7979873.296439821,21066865.50260113,110.83157356166419
VA,2025-07-25,6799450.5292294985,17950549.397165876,94.43681290596527,7979873.296439821,21066865.50260113,110.83157356166419
VA,2025-08-01,6799450.5292294985,17950549.397165876,94.43681290596527,7979873.296439821,21066865.50260113,110.83157356166419
VA,2025-08-08,6799450.5292294985,17950549.397165876,94.43681290596527,7979873.296439821,21066865.50260113,110.83157356166419
VA,2025-08-15,6613193.980466122,17458832.108430564,91.84991639536281,7979873.296439821,21066865.50260113,110.83157356166419
VA,2025-08-22,6613193.980466122,17458832.108430564,91.84991639536281,7979873.296439821,21066865.50260113,110.83157356166419
VA,2025-08-29,6613193.980466122,17458832.108430564,91.84991639536281,7979873.296439821,21066865.50260113,110.83157356166419
VA,2025-09-05,6613193.980466122,17458832.108430564,91.84991639536281,7979873.296439821,21066865.50260113,110.83157356166419
VA,2025-09-12,6613193.980466122,17458832.108430564,91.84991639536281,7979873.296439821,21066865.50260113,110.83157356166419
VA,2025-09-19,9465789.304094959,24989683.762810692,131.46929589020777,10894922.804725729,28762596.204475928,151.31837228785736
VA,2025-09-26,9538136.911365371,25180681.44600458,132.4741237689635,10967270.411996141,28953593.887669813,152.32320016661308
VA,2025-10-03,39658433.44098638,104698264.28420405,550.8115755692553,41087566.941617146,108471176.72586927,570.6606519669049
VA,2025-10-10,41278164.44916971,108974354.14580803,573.3078395718014,42707297.94980048,112747266.58747326,593.1569159694511
VA,2025-10-17,41278164.44916971,108974354.14580803,573.3078395718014,42707297.94980048,112747266.58747326,593.1569159694511
VA,2025-10-24,41278164.44916971,108974354.14580803,573.3078395718014,42707297.94980048,112747266.58747326,593.1569159694511
VA,2025-10-31,41278164.44916971,108974354.14580803,573.3078395718014,42707297.94980048,112747266.58747326,593.1569159694511
VA,2025-11-07,41278164.44916971,108974354.14580803,573.3078395718014,42707297.94980048,112747266.58747326,593.1569159694511
VA,2025-11-14,41605163.45863335,109837631.53079203,577.8494924810187,43034296.95926412,113610543.97245729,597.6985688786683
VA,2025-11-21,41605165.750263974,109837637.58069691,577.8495243092219,43034299.25089475,113610550.02236214,597.6986007068715
VA,2025-11-28,41605165.750263974,109837637.58069691,577.8495243092219,43034299.25089475,113610550.02236214,597.6986007068715
VA,2025-12-05,41605165.750263974,109837637.58069691,577.8495243092219,43034299.25089475,113610550.02236214,597.6986007068715
VA,2025-12-12,41605165.750263974,109837637.58069691,577.8495243092219,43034299.25089475,113610550.02236214,597.6986007068715
VA,2025-12-19,41605165.750263974,109837637.58069691,577.8495243092219,43034299.25089475,113610550.02236214,597.6986007068715
VA,2025-12-26,41603214.782747276,109832487.02645284,577.8224275381567,43034299.25089475,113610550.02236214,597.6986007068715
VA,2026-01-02,41603214.782747276,109832487.02645284,577.8224275381567,43034299.25089475,113610550.02236214,597.6986007068715
VA,2026-01-09,41603214.782747276,109832487.02645284,577.8224275381567,43034299.25089475,113610550.02236214,597.6986007068715
VA,2026-01-16,41603214.782747276,109832487.02645284,577.8224275381567,43034299.25089475,113610550.02236214,597.6986007068715
VA,2026-01-23,41603214.782747276,109832487.02645284,577.8224275381567,43034299.25089475,113610550.02236214,597.6986007068715
VA,2026-01-30,41603214.782747276,109832487.02645284,577.8224275381567,43034299.25089475,113610550.02236214,597.6986007068715
VA,2026-02-06,41603214.782747276,109832487.02645284,577.8224275381567,43034299.25089475,113610550.02236214,597.6986007068715
VA,2026-02-13,41603214.782747276,109832487.02645284,577.8224275381567,43034299.25089475,113610550.02236214,597.6986007068715
VA,2026-02-20,41603214.782747276,109832487.02645284,577.8224275381567,43034299.25089475,113610550.02236214,597.6986007068715
VA,2026-02-27,41603214.782747276,109832487.02645284,577.8224275381567,43034299.25089475,113610550.02236214,597.6986007068715
VA,2026-03-06,41603214.782747276,109832487.02645284,577.8224275381567,43034299.25089475,113610550.02236214,597.6986007068715
VA,2026-03-13,41603214.782747276,109832487.02645284,577.8224275381567,43034299.25089475,113610550.02236214,597.6986007068715
VA,2026-03-20,41603214.782747276,109832487.02645284,577.8224275381567,43034299.25089475,113610550.02236214,597.6986007068715
VA,2026-03-27,41603214.782747276,109832487.02645284,577.8224275381567,43034299.25089475,113610550.02236214,597.6986007068715
VA,2026-04-03,41603214.782747276,109832487.02645284,577.8224275381567,43034299.25089475,113610550.02236214,597.6986007068715
VA,2026-04-10,41603214.782747276,109832487.02645284,577.8224275381567,43034299.25089475,113610550.02236214,597.6986007068715
VA,2026-04-17,41603270.60586537,109832634.3994846,577.8232028592413,43034355.07401284,113610697.39539391,597.6993760279562
VA,2026-04-24,41603270.60586537,109832634.3994846,577.8232028592413,43034355.07401284,113610697.39539391,597.6993760279562
VA,2026-05-01,41603270.60586537,109832634.3994846,577.8232028592413,43034355.07401284,113610697.39539391,597.6993760279562
VA,2026-05-08,41603297.0196997,109832704.13200724,577.8235697180514,43034381.48784717,113610767.12791656,597.6997428867664
VA,2026-05-15,41603297.0196997,109832704.13200724,577.8235697180514,43034381.48784717,113610767.12791656,597.6997428867664
VA,2026-05-22,41603297.0196997,109832704.13200724,577.8235697180514,43034381.48784717,113610767.12791656,597.6997428867664
VA,2026-05-29,41603297.0196997,109832704.13200724,577.8235697180514,43034381.48784717,113610767.12791656,597.6997428867664
VA,2026-06-05,41603297.0196997,109832704.13200724,577.8235697180514,43034381.48784717,113610767.12791656,597.6997428867664
VA,2026-06-12,41603297.0196997,109832704.13200724,577.8235697180514,43034381.48784717,113610767.12791656,597.6997428867664
VA,2026-06-19,41603297.0196997,109832704.13200724,577.8235697180514,43034381.48784717,113610767.12791656,597.6997428867664
VA,2026-06-26,41603297.0196997,109832704.13200724,577.8235697180514,43034381.48784717,113610767.12791656,597.6997428867664
VA,2026-07-03,41603297.0196997,109832704.13200724,577.8235697180514,43034381.48784717,113610767.12791656,597.6997428867664
VA,2026-07-10,41603297.0196997,109832704.13200724,577.8235697180514,43034381.48784717,113610767.12791656,597.6997428867664
VA,2026-07-17,41603297.0196997,109832704.13200724,577.8235697180514,43034381.48784717,113610767.12791656,597.6997428867664
VI,2025-02-28,0,0,0,0,0,0
VI,2025-03-07,0,0,0,0,0,0
VI,2025-03-14,0,0,0,0,0,0
VI,2025-03-21,0,0,0,0,0,0
VI,2025-03-28,0,0,0,0,0,0
VI,2025-04-04,0,0,0,0,0,0
VI,2025-04-11,0,0,0,0,0,0
VI,2025-04-18,0,0,0,0,0,0
VI,2025-04-25,0,0,0,0,0,0
VI,2025-05-02,0,0,0,0,0,0
VI,2025-05-09,0,0,0,0,0,0
VI,2025-05-16,0,0,0,0,0,0
VI,2025-05-23,0,0,0,0,0,0
VI,2025-05-30,0,0,0,0,0,0
VI,2025-06-06,0,0,0,0,0,0
VI,2025-06-13,0,0,0,0,0,0
VI,2025-06-20,0,0,0,0,0,0
VI,2025-06-27,0,0,0,0,0,0
VI,2025-07-04,0,0,0,0,0,0
VI,2025-07-11,0,0,0,0,0,0
VI,2025-07-18,0,0,0,0,0,0
VI,2025-07-25,0,0,0,0,0,0
VI,2025-08-01,0,0,0,0,0,0
VI,2025-08-08,0,0,0,0,0,0
VI,2025-08-15,0,0,0,0,0,0
VI,2025-08-22,0,0,0,0,0,0
VI,2025-08-29,0,0,0,0,0,0
VI,2025-09-05,0,0,0,0,0,0
VI,2025-09-12,0,0,0,0,0,0
VI,2025-09-19,0,0,0,0,0,0
VI,2025-09-26,0,0,0,0,0,0
VI,2025-10-03,2236928.72,5905491.820800001,31.06845444444445,2236928.72,5905491.820800001,31.06845444444445
VI,2025-10-10,2236928.72,5905491.820800001,31.06845444444445,2236928.72,5905491.820800001,31.06845444444445
VI,2025-10-17,2236928.72,5905491.820800001,31.06845444444445,2236928.72,5905491.820800001,31.06845444444445
VI,2025-10-24,2236928.72,5905491.820800001,31.06845444444445,2236928.72,5905491.820800001,31.06845444444445
VI,2025-10-31,2236928.72,5905491.820800001,31.06845444444445,2236928.72,5905491.820800001,31.06845444444445
VI,2025-11-07,2236928.72,5905491.820800001,31.06845444444445,2236928.72,5905491.820800001,31.06845444444445
VI,2025-11-14,2236928.72,5905491.820800001,31.06845444444445,2236928.72,5905491.820800001,31.06845444444445
VI,2025-11-21,2236928.72,5905491.820800001,31.06845444444445,2236928.72,5905491.820800001,31.06845444444445
VI,2025-11-28,2236928.72,5905491.820800001,31.06845444444445,2236928.72,5905491.820800001,31.06845444444445
VI,2025-12-05,2236928.72,5905491.820800001,31.06845444444445,2236928.72,5905491.820800001,31.06845444444445
VI,2025-12-12,2236928.72,5905491.820800001,31.06845444444445,2236928.72,5905491.820800001,31.06845444444445
VI,2025-12-19,2236928.72,5905491.820800001,31.06845444444445,2236928.72,5905491.820800001,31.06845444444445
VI,2025-12-26,2236928.72,5905491.820800001,31.06845444444445,2236928.72,5905491.820800001,31.06845444444445
VI,2026-01-02,2236928.72,5905491.820800001,31.06845444444445,2236928.72,5905491.820800001,31.06845444444445
VI,2026-01-09,2236928.72,5905491.820800001,31.06845444444445,2236928.72,5905491.820800001,31.06845444444445
VI,2026-01-16,2236928.72,5905491.820800001,31.06845444444445,2236928.72,5905491.820800001,31.06845444444445
VI,2026-01-23,2236928.72,5905491.820800001,31.06845444444445,2236928.72,5905491.820800001,31.06845444444445
VI,2026-01-30,2236928.72,5905491.820800001,31.06845444444445,2236928.72,5905491.820800001,31.06845444444445
VI,2026-02-06,2236928.72,5905491.820800001,31.06845444444445,2236928.72,5905491.820800001,31.06845444444445
VI,2026-02-13,2236928.72,5905491.820800001,31.06845444444445,2236928.72,5905491.820800001,31.06845444444445
VI,2026-02-20,2236928.72,5905491.820800001,31.06845444444445,2236928.72,5905491.820800001,31.06845444444445
VI,2026-02-27,2236928.72,5905491.820800001,31.06845444444445,2236928.72,5905491.820800001,31.06845444444445
VI,2026-03-06,2236928.72,5905491.820800001,31.06845444444445,2236928.72,5905491.820800001,31.06845444444445
VI,2026-03-13,2236928.72,5905491.820800001,31.06845444444445,2236928.72,5905491.820800001,31.06845444444445
VI,2026-03-20,2236928.72,5905491.820800001,31.06845444444445,2236928.72,5905491.820800001,31.06845444444445
VI,2026-03-27,2236928.72,5905491.820800001,31.06845444444445,2236928.72,5905491.820800001,31.06845444444445
VI,2026-04-03,2236928.72,5905491.820800001,31.06845444444445,2236928.72,5905491.820800001,31.06845444444445
VI,2026-04-10,2236928.72,5905491.820800001,31.06845444444445,2236928.72,5905491.820800001,31.06845444444445
VI,2026-04-17,2236928.72,5905491.820800001,31.06845444444445,2236928.72,5905491.820800001,31.06845444444445
VI,2026-04-24,2236928.72,5905491.820800001,31.06845444444445,2236928.72,5905491.820800001,31.06845444444445
VI,2026-05-01,2236928.72,5905491.820800001,31.06845444444445,2236928.72,5905491.820800001,31.06845444444445
VI,2026-05-08,2236928.72,5905491.820800001,31.06845444444445,2236928.72,5905491.820800001,31.06845444444445
VI,2026-05-15,2236928.72,5905491.820800001,31.06845444444445,2236928.72,5905491.820800001,31.06845444444445
VI,2026-05-22,2236928.72,5905491.820800001,31.06845444444445,2236928.72,5905491.820800001,31.06845444444445
VI,2026-05-29,2236928.72,5905491.820800001,31.06845444444445,2236928.72,5905491.820800001,31.06845444444445
VI,2026-06-05,2236928.72,5905491.820800001,31.06845444444445,2236928.72,5905491.820800001,31.06845444444445
VI,2026-06-12,2236928.72,5905491.820800001,31.06845444444445,2236928.72,5905491.820800001,31.06845444444445
VI,2026-06-19,2236928.72,5905491.820800001,31.06845444444445,2236928.72,5905491.820800001,31.06845444444445
VI,2026-06-26,2236928.72,5905491.820800001,31.06845444444445,2236928.72,5905491.820800001,31.06845444444445
VI,2026-07-03,2236928.72,5905491.820800001,31.06845444444445,2236928.72,5905491.820800001,31.06845444444445
VI,2026-07-10,2236928.72,5905491.820800001,31.06845444444445,2236928.72,5905491.820800001,31.06845444444445
VI,2026-07-17,2236928.72,5905491.820800001,31.06845444444445,2236928.72,5905491.820800001,31.06845444444445
VT,2025-02-28,0,0,0,0,0,0
VT,2025-03-07,0,0,0,0,0,0
VT,2025-03-14,0,0,0,0,0,0
VT,2025-03-21,0,0,0,0,0,0
VT,2025-03-28,0,0,0,0,0,0
VT,2025-04-04,0,0,0,0,0,0
VT,2025-04-11,0,0,0,0,0,0
VT,2025-04-18,1575.5172530923237,4159.365548163735,0.02188218407072672,1575.5172530923237,4159.365548163735,0.02188218407072672
VT,2025-04-25,13807.625369684403,36452.13097596683,0.19177257457895006,13807.625369684403,36452.13097596683,0.19177257457895006
VT,2025-05-02,14195.001711741996,37474.80451899887,0.19715280155197218,14195.001711741996,37474.80451899887,0.19715280155197218
VT,2025-05-09,14195.001711741996,37474.80451899887,0.19715280155197218,14195.001711741996,37474.80451899887,0.19715280155197218
VT,2025-05-16,19488.578004469528,51449.84593179956,0.2706746945065212,19488.578004469528,51449.84593179956,0.2706746945065212
VT,2025-05-23,19488.578004469528,51449.84593179956,0.2706746945065212,19488.578004469528,51449.84593179956,0.2706746945065212
VT,2025-05-30,19488.578004469528,51449.84593179956,0.2706746945065212,19488.578004469528,51449.84593179956,0.2706746945065212
VT,2025-06-06,19488.578004469528,51449.84593179956,0.2706746945065212,19488.578004469528,51449.84593179956,0.2706746945065212
VT,2025-06-13,19495.254063993336,51467.47072894241,0.270767417555463,19495.254063993336,51467.47072894241,0.270767417555463
VT,2025-06-20,19495.254063993336,51467.47072894241,0.270767417555463,19495.254063993336,51467.47072894241,0.270767417555463
VT,2025-06-27,13448.084961467943,35502.94429827537,0.1867789577981659,19495.254063993336,51467.47072894241,0.270767417555463
VT,2025-07-04,13448.084961467943,35502.94429827537,0.1867789577981659,19495.254063993336,51467.47072894241,0.270767417555463
VT,2025-07-11,13448.084961467943,35502.94429827537,0.1867789577981659,19495.254063993336,51467.47072894241,0.270767417555463
VT,2025-07-18,13448.084961467943,35502.94429827537,0.1867789577981659,19495.254063993336,51467.47072894241,0.270767417555463
VT,2025-07-25,13448.084961467943,35502.94429827537,0.1867789577981659,19495.254063993336,51467.47072894241,0.270767417555463
VT,2025-08-01,13448.084961467943,35502.94429827537,0.1867789577981659,19495.254063993336,51467.47072894241,0.270767417555463
VT,2025-08-08,13448.084961467943,35502.94429827537,0.1867789577981659,19495.254063993336,51467.47072894241,0.270767417555463
VT,2025-08-15,13448.084961467943,35502.94429827537,0.1867789577981659,19495.254063993336,51467.47072894241,0.270767417555463
VT,2025-08-22,13448.084961467943,35502.94429827537,0.1867789577981659,19495.254063993336,51467.47072894241,0.270767417555463
VT,2025-08-29,13448.084961467943,35502.94429827537,0.1867789577981659,19495.254063993336,51467.47072894241,0.270767417555463
VT,2025-09-05,13448.084961467943,35502.94429827537,0.1867789577981659,19495.254063993336,51467.47072894241,0.270767417555463
VT,2025-09-12,13448.084961467943,35502.94429827537,0.1867789577981659,19495.254063993336,51467.47072894241,0.270767417555463
VT,2025-09-19,247694.1589858119,653912.5797225435,3.440196652580721,253741.3280883373,669877.1061532105,3.524185112338018
VT,2025-09-26,247843.95442605732,654308.0396847914,3.4422771448063516,253891.1235285827,670272.5661154584,3.526265604563649
VT,2025-10-03,337915.9100832705,892098.0026198342,4.693276528934313,343963.0791857959,908062.5290505013,4.77726498869161
VT,2025-10-10,340271.5401017437,898316.8658686035,4.725993612524219,346318.7092042691,914281.3922992705,4.809982072281516
VT,2025-10-17,340271.5401017437,898316.8658686035,4.725993612524219,346318.7092042691,914281.3922992705,4.809982072281516
VT,2025-10-24,340271.5401017437,898316.8658686035,4.725993612524219,346318.7092042691,914281.3922992705,4.809982072281516
VT,2025-10-31,340271.5401017437,898316.8658686035,4.725993612524219,346318.7092042691,914281.3922992705,4.809982072281516
VT,2025-11-07,340271.5401017437,898316.8658686035,4.725993612524219,346318.7092042691,914281.3922992705,4.809982072281516
VT,2025-11-14,340271.5401017437,898316.8658686035,4.725993612524219,346318.7092042691,914281.3922992705,4.809982072281516
VT,2025-11-21,340271.5401017437,898316.8658686035,4.725993612524219,346318.7092042691,914281.3922992705,4.809982072281516
VT,2025-11-28,340271.5401017437,898316.8658686035,4.725993612524219,346318.7092042691,914281.3922992705,4.809982072281516
VT,2025-12-05,340271.5401017437,898316.8658686035,4.725993612524219,346318.7092042691,914281.3922992705,4.809982072281516
VT,2025-12-12,340271.5401017437,898316.8658686035,4.725993612524219,346318.7092042691,914281.3922992705,4.809982072281516
VT,2025-12-19,340271.5401017437,898316.8658686035,4.725993612524219,346318.7092042691,914281.3922992705,4.809982072281516
VT,2025-12-26,340271.5401017437,898316.8658686035,4.725993612524219,346318.7092042691,914281.3922992705,4.809982072281516
VT,2026-01-02,340271.5401017437,898316.8658686035,4.725993612524219,346318.7092042691,914281.3922992705,4.809982072281516
VT,2026-01-09,340271.5401017437,898316.8658686035,4.725993612524219,346318.7092042691,914281.3922992705,4.809982072281516
VT,2026-01-16,340271.5401017437,898316.8658686035,4.725993612524219,346318.7092042691,914281.3922992705,4.809982072281516
VT,2026-01-23,340271.5401017437,898316.8658686035,4.725993612524219,346318.7092042691,914281.3922992705,4.809982072281516
VT,2026-01-30,340271.5401017437,898316.8658686035,4.725993612524219,346318.7092042691,914281.3922992705,4.809982072281516
VT,2026-02-06,340271.5401017437,898316.8658686035,4.725993612524219,346318.7092042691,914281.3922992705,4.809982072281516
VT,2026-02-13,340271.5401017437,898316.8658686035,4.725993612524219,346318.7092042691,914281.3922992705,4.809982072281516
VT,2026-02-20,340271.5401017437,898316.8658686035,4.725993612524219,346318.7092042691,914281.3922992705,4.809982072281516
VT,2026-02-27,340271.5401017437,898316.8658686035,4.725993612524219,346318.7092042691,914281.3922992705,4.809982072281516
VT,2026-03-06,340271.5401017437,898316.8658686035,4.725993612524219,346318.7092042691,914281.3922992705,4.809982072281516
VT,2026-03-13,340271.5401017437,898316.8658686035,4.725993612524219,346318.7092042691,914281.3922992705,4.809982072281516
VT,2026-03-20,340271.5401017437,898316.8658686035,4.725993612524219,346318.7092042691,914281.3922992705,4.809982072281516
VT,2026-03-27,340271.5401017437,898316.8658686035,4.725993612524219,346318.7092042691,914281.3922992705,4.809982072281516
VT,2026-04-03,340271.5401017437,898316.8658686035,4.725993612524219,346318.7092042691,914281.3922992705,4.809982072281516
VT,2026-04-10,342220.256419204,903461.4769466986,4.75305911693339,348267.4255217294,919426.0033773656,4.837047576690686
VT,2026-04-17,342220.256419204,903461.4769466986,4.75305911693339,348267.4255217294,919426.0033773656,4.837047576690686
VT,2026-04-24,342220.256419204,903461.4769466986,4.75305911693339,348267.4255217294,919426.0033773656,4.837047576690686
VT,2026-05-01,342220.256419204,903461.4769466986,4.75305911693339,348267.4255217294,919426.0033773656,4.837047576690686
VT,2026-05-08,342273.0840878697,903600.941991976,4.753792834553746,348320.2531903951,919565.468422643,4.837781294311043
VT,2026-05-15,342273.0840878697,903600.941991976,4.753792834553746,348320.2531903951,919565.468422643,4.837781294311043
VT,2026-05-22,342273.0840878697,903600.941991976,4.753792834553746,348320.2531903951,919565.468422643,4.837781294311043
VT,2026-05-29,342273.0840878697,903600.941991976,4.753792834553746,348320.2531903951,919565.468422643,4.837781294311043
VT,2026-06-05,342273.0840878697,903600.941991976,4.753792834553746,348320.2531903951,919565.468422643,4.837781294311043
VT,2026-06-12,342273.0840878697,903600.941991976,4.753792834553746,348320.2531903951,919565.468422643,4.837781294311043
VT,2026-06-19,342273.0840878697,903600.941991976,4.753792834553746,348320.2531903951,919565.468422643,4.837781294311043
VT,2026-06-26,342273.0840878697,903600.941991976,4.753792834553746,348320.2531903951,919565.468422643,4.837781294311043
VT,2026-07-03,342273.0840878697,903600.941991976,4.753792834553746,348320.2531903951,919565.468422643,4.837781294311043
VT,2026-07-10,342273.0840878697,903600.941991976,4.753792834553746,348320.2531903951,919565.468422643,4.837781294311043
VT,2026-07-17,342273.0840878697,903600.941991976,4.753792834553746,348320.2531903951,919565.468422643,4.837781294311043
WA,2025-02-28,0,0,0,0,0,0
WA,2025-03-07,0,0,0,0,0,0
WA,2025-03-14,0,0,0,0,0,0
WA,2025-03-21,0,0,0,0,0,0
WA,2025-03-28,0,0,0,0,0,0
WA,2025-04-04,0,0,0,0,0,0
WA,2025-04-11,0,0,0,0,0,0
WA,2025-04-18,2142715.63769789,5656769.283522429,29.75993941247069,2142715.63769789,5656769.283522429,29.75993941247069
WA,2025-04-25,2807051.816135675,7410616.794598184,38.986830779662164,2807051.816135675,7410616.794598184,38.986830779662164
WA,2025-05-02,4535051.775620983,11972536.687639397,62.9868302169581,4535051.775620983,11972536.687639397,62.9868302169581
WA,2025-05-09,4535051.775620983,11972536.687639397,62.9868302169581,4535051.775620983,11972536.687639397,62.9868302169581
WA,2025-05-16,4616963.775020199,12188784.366053324,64.12449687528054,4616963.775020199,12188784.366053324,64.12449687528054
WA,2025-05-23,4616963.775020199,12188784.366053324,64.12449687528054,4616963.775020199,12188784.366053324,64.12449687528054
WA,2025-05-30,4616963.775020199,12188784.366053324,64.12449687528054,4616963.775020199,12188784.366053324,64.12449687528054
WA,2025-06-06,4616963.775020199,12188784.366053324,64.12449687528054,4616963.775020199,12188784.366053324,64.12449687528054
WA,2025-06-13,4613091.698113751,12178562.083020303,64.07071802935765,4616963.775020199,12188784.366053324,64.12449687528054
WA,2025-06-20,4613091.698113751,12178562.083020303,64.07071802935765,4616963.775020199,12188784.366053324,64.12449687528054
WA,2025-06-27,4596246.094259243,12134089.688844403,63.836751309156156,4616963.775020199,12188784.366053324,64.12449687528054
WA,2025-07-04,4596246.094259243,12134089.688844403,63.836751309156156,4616963.775020199,12188784.366053324,64.12449687528054
WA,2025-07-11,4596246.094259243,12134089.688844403,63.836751309156156,4616963.775020199,12188784.366053324,64.12449687528054
WA,2025-07-18,4596246.094259243,12134089.688844403,63.836751309156156,4616963.775020199,12188784.366053324,64.12449687528054
WA,2025-07-25,4596246.094259243,12134089.688844403,63.836751309156156,4616963.775020199,12188784.366053324,64.12449687528054
WA,2025-08-01,4596246.094259243,12134089.688844403,63.836751309156156,4616963.775020199,12188784.366053324,64.12449687528054
WA,2025-08-08,4596246.094259243,12134089.688844403,63.836751309156156,4616963.775020199,12188784.366053324,64.12449687528054
WA,2025-08-15,4596246.094259243,12134089.688844403,63.836751309156156,4616963.775020199,12188784.366053324,64.12449687528054
WA,2025-08-22,4596246.094259243,12134089.688844403,63.836751309156156,4616963.775020199,12188784.366053324,64.12449687528054
WA,2025-08-29,4596246.094259243,12134089.688844403,63.836751309156156,4616963.775020199,12188784.366053324,64.12449687528054
WA,2025-09-05,4596246.094259243,12134089.688844403,63.836751309156156,4616963.775020199,12188784.366053324,64.12449687528054
WA,2025-09-12,4596246.094259243,12134089.688844403,63.836751309156156,4616963.775020199,12188784.366053324,64.12449687528054
WA,2025-09-19,4546886.277110436,12003779.77157155,63.15119829320051,4630058.142528462,12223353.496275138,64.3063630906731
WA,2025-09-26,4547724.861576984,12005993.634563236,63.16284529968033,4630896.726995009,12225567.359266825,64.31801009715292
WA,2025-10-03,15009976.673921248,39626338.4191521,208.47189824890623,15093148.539339276,39845912.14385569,209.62706304637888
WA,2025-10-10,15333412.98913995,40480210.291329466,212.9640692936104,15416584.854557976,40699784.01603305,214.11923409108297
WA,2025-10-17,15333412.98913995,40480210.291329466,212.9640692936104,15416584.854557976,40699784.01603305,214.11923409108297
WA,2025-10-24,15333412.98913995,40480210.291329466,212.9640692936104,15416584.854557976,40699784.01603305,214.11923409108297
WA,2025-10-31,15333412.98913995,40480210.291329466,212.9640692936104,15416584.854557976,40699784.01603305,214.11923409108297
WA,2025-11-07,15333412.98913995,40480210.291329466,212.9640692936104,15416584.854557976,40699784.01603305,214.11923409108297
WA,2025-11-14,15333429.9789036,40480255.144305505,212.96430526254994,15416601.844321623,40699828.86900909,214.11947006002256
WA,2025-11-21,15333429.9789036,40480255.144305505,212.96430526254994,15416601.844321623,40699828.86900909,214.11947006002256
WA,2025-11-28,15333429.9789036,40480255.144305505,212.96430526254994,15416601.844321623,40699828.86900909,214.11947006002256
WA,2025-12-05,15333429.9789036,40480255.144305505,212.96430526254994,15416601.844321623,40699828.86900909,214.11947006002256
WA,2025-12-12,15333429.9789036,40480255.144305505,212.96430526254994,15416601.844321623,40699828.86900909,214.11947006002256
WA,2025-12-19,15333429.9789036,40480255.144305505,212.96430526254994,15416601.844321623,40699828.86900909,214.11947006002256
WA,2025-12-26,15333151.269258356,40479519.35084206,212.9604342952549,15416601.844321623,40699828.86900909,214.11947006002256
WA,2026-01-02,15333151.269258356,40479519.35084206,212.9604342952549,15416601.844321623,40699828.86900909,214.11947006002256
WA,2026-01-09,15333151.269258356,40479519.35084206,212.9604342952549,15416601.844321623,40699828.86900909,214.11947006002256
WA,2026-01-16,15333151.269258356,40479519.35084206,212.9604342952549,15416601.844321623,40699828.86900909,214.11947006002256
WA,2026-01-23,15333151.269258356,40479519.35084206,212.9604342952549,15416601.844321623,40699828.86900909,214.11947006002256
WA,2026-01-30,15333151.269258356,40479519.35084206,212.9604342952549,15416601.844321623,40699828.86900909,214.11947006002256
WA,2026-02-06,15333151.269258356,40479519.35084206,212.9604342952549,15416601.844321623,40699828.86900909,214.11947006002256
WA,2026-02-13,15333151.269258356,40479519.35084206,212.9604342952549,15416601.844321623,40699828.86900909,214.11947006002256
WA,2026-02-20,15333151.269258356,40479519.35084206,212.9604342952549,15416601.844321623,40699828.86900909,214.11947006002256
WA,2026-02-27,15333151.269258356,40479519.35084206,212.9604342952549,15416601.844321623,40699828.86900909,214.11947006002256
WA,2026-03-06,15333151.269258356,40479519.35084206,212.9604342952549,15416601.844321623,40699828.86900909,214.11947006002256
WA,2026-03-13,15333151.269258356,40479519.35084206,212.9604342952549,15416601.844321623,40699828.86900909,214.11947006002256
WA,2026-03-20,15333151.269258356,40479519.35084206,212.9604342952549,15416601.844321623,40699828.86900909,214.11947006002256
WA,2026-03-27,15333151.269258356,40479519.35084206,212.9604342952549,15416601.844321623,40699828.86900909,214.11947006002256
WA,2026-04-03,15333151.269258356,40479519.35084206,212.9604342952549,15416601.844321623,40699828.86900909,214.11947006002256
WA,2026-04-10,15333151.269258356,40479519.35084206,212.9604342952549,15416601.844321623,40699828.86900909,214.11947006002256
WA,2026-04-17,15333221.04815597,40479703.567131765,212.9614034466107,15416671.62321924,40700013.0852988,214.12043921137837
WA,2026-04-24,15333221.04815597,40479703.567131765,212.9614034466107,15416671.62321924,40700013.0852988,214.12043921137837
WA,2026-05-01,15333221.04815597,40479703.567131765,212.9614034466107,15416671.62321924,40700013.0852988,214.12043921137837
WA,2026-05-08,15333323.984001886,40479975.31776498,212.96283311113723,15416774.559065152,40700284.83593201,214.12186887590494
WA,2026-05-15,15333323.984001886,40479975.31776498,212.96283311113723,15416774.559065152,40700284.83593201,214.12186887590494
WA,2026-05-22,15333323.984001886,40479975.31776498,212.96283311113723,15416774.559065152,40700284.83593201,214.12186887590494
WA,2026-05-29,15333323.984001886,40479975.31776498,212.96283311113723,15416774.559065152,40700284.83593201,214.12186887590494
WA,2026-06-05,15333323.984001886,40479975.31776498,212.96283311113723,15416774.559065152,40700284.83593201,214.12186887590494
WA,2026-06-12,15333323.984001886,40479975.31776498,212.96283311113723,15416774.559065152,40700284.83593201,214.12186887590494
WA,2026-06-19,15333323.984001886,40479975.31776498,212.96283311113723,15416774.559065152,40700284.83593201,214.12186887590494
WA,2026-06-26,15333323.984001886,40479975.31776498,212.96283311113723,15416774.559065152,40700284.83593201,214.12186887590494
WA,2026-07-03,15333323.984001886,40479975.31776498,212.96283311113723,15416774.559065152,40700284.83593201,214.12186887590494
WA,2026-07-10,15333323.984001886,40479975.31776498,212.96283311113723,15416774.559065152,40700284.83593201,214.12186887590494
WA,2026-07-17,15333323.984001886,40479975.31776498,212.96283311113723,15416774.559065152,40700284.83593201,214.12186887590494
WI,2025-02-28,0,0,0,0,0,0
WI,2025-03-07,0,0,0,0,0,0
WI,2025-03-14,0,0,0,0,0,0
WI,2025-03-21,0,0,0,0,0,0
WI,2025-03-28,0,0,0,0,0,0
WI,2025-04-04,0,0,0,0,0,0
WI,2025-04-11,0,0,0,0,0,0
WI,2025-04-18,16820.11672931075,44405.108165380385,0.23361273235153823,16820.11672931075,44405.108165380385,0.23361273235153823
WI,2025-04-25,568252.098356009,1500185.539659864,7.892390254944569,568252.098356009,1500185.539659864,7.892390254944569
WI,2025-05-02,1101666.3208479087,2908399.0870384793,15.30092112288762,1101666.3208479087,2908399.0870384793,15.30092112288762
WI,2025-05-09,1101666.3208479087,2908399.0870384793,15.30092112288762,1101666.3208479087,2908399.0870384793,15.30092112288762
WI,2025-05-16,1115072.9625642402,2943792.621169594,15.487124480058892,1115072.9625642402,2943792.621169594,15.487124480058892
WI,2025-05-23,1115072.9625642402,2943792.621169594,15.487124480058892,1115072.9625642402,2943792.621169594,15.487124480058892
WI,2025-05-30,1115072.9625642402,2943792.621169594,15.487124480058892,1115072.9625642402,2943792.621169594,15.487124480058892
WI,2025-06-06,1115072.9625642402,2943792.621169594,15.487124480058892,1115072.9625642402,2943792.621169594,15.487124480058892
WI,2025-06-13,1114921.8574436088,2943393.703651127,15.485025797827902,1115072.9625642402,2943792.621169594,15.487124480058892
WI,2025-06-20,1114921.8574436088,2943393.703651127,15.485025797827902,1115072.9625642402,2943792.621169594,15.487124480058892
WI,2025-06-27,1103048.0865630133,2912046.9485263554,15.320112313375184,1115072.9625642402,2943792.621169594,15.487124480058892
WI,2025-07-04,1103048.0865630133,2912046.9485263554,15.320112313375184,1115072.9625642402,2943792.621169594,15.487124480058892
WI,2025-07-11,1103048.0865630133,2912046.9485263554,15.320112313375184,1115072.9625642402,2943792.621169594,15.487124480058892
WI,2025-07-18,1103048.0865630133,2912046.9485263554,15.320112313375184,1115072.9625642402,2943792.621169594,15.487124480058892
WI,2025-07-25,1103048.0865630133,2912046.9485263554,15.320112313375184,1115072.9625642402,2943792.621169594,15.487124480058892
WI,2025-08-01,1103048.0865630133,2912046.9485263554,15.320112313375184,1115072.9625642402,2943792.621169594,15.487124480058892
WI,2025-08-08,1103048.0865630133,2912046.9485263554,15.320112313375184,1115072.9625642402,2943792.621169594,15.487124480058892
WI,2025-08-15,1103048.0865630133,2912046.9485263554,15.320112313375184,1115072.9625642402,2943792.621169594,15.487124480058892
WI,2025-08-22,1103048.0865630133,2912046.9485263554,15.320112313375184,1115072.9625642402,2943792.621169594,15.487124480058892
WI,2025-08-29,1103048.0865630133,2912046.9485263554,15.320112313375184,1115072.9625642402,2943792.621169594,15.487124480058892
WI,2025-09-05,1103048.0865630133,2912046.9485263554,15.320112313375184,1115072.9625642402,2943792.621169594,15.487124480058892
WI,2025-09-12,1103048.0865630133,2912046.9485263554,15.320112313375184,1115072.9625642402,2943792.621169594,15.487124480058892
WI,2025-09-19,1845944.6884014853,4873293.977379922,25.638120672242856,1857969.5644027123,4905039.6500231605,25.805132838926568
WI,2025-09-26,1845944.6884014853,4873293.977379922,25.638120672242856,1857969.5644027123,4905039.6500231605,25.805132838926568
WI,2025-10-03,5900587.082270423,15577549.897193916,81.95259836486699,5912611.958271651,15609295.569837157,82.11961053155069
WI,2025-10-10,6015354.459111205,15880535.772053586,83.54658970987786,6027379.335112433,15912281.444696823,83.71360187656157
WI,2025-10-17,6015354.459111205,15880535.772053586,83.54658970987786,6027379.335112433,15912281.444696823,83.71360187656157
WI,2025-10-24,6015354.459111205,15880535.772053586,83.54658970987786,6027379.335112433,15912281.444696823,83.71360187656157
WI,2025-10-31,6015354.459111205,15880535.772053586,83.54658970987786,6027379.335112433,15912281.444696823,83.71360187656157
WI,2025-11-07,6015354.459111205,15880535.772053586,83.54658970987786,6027379.335112433,15912281.444696823,83.71360187656157
WI,2025-11-14,6015511.167212882,15880949.48144201,83.54876621129003,6027536.043214109,15912695.154085249,83.71577837797373
WI,2025-11-21,6015520.906643054,15880975.193537667,83.54890148115355,6027545.782644281,15912720.866180906,83.71591364783725
WI,2025-11-28,6015520.906643054,15880975.193537667,83.54890148115355,6027545.782644281,15912720.866180906,83.71591364783725
WI,2025-12-05,6015520.906643054,15880975.193537667,83.54890148115355,6027545.782644281,15912720.866180906,83.71591364783725
WI,2025-12-12,6015520.906643054,15880975.193537667,83.54890148115355,6027545.782644281,15912720.866180906,83.71591364783725
WI,2025-12-19,6015520.906643054,15880975.193537667,83.54890148115355,6027545.782644281,15912720.866180906,83.71591364783725
WI,2025-12-26,6015520.906643054,15880975.193537667,83.54890148115355,6027545.782644281,15912720.866180906,83.71591364783725
WI,2026-01-02,6015520.906643054,15880975.193537667,83.54890148115355,6027545.782644281,15912720.866180906,83.71591364783725
WI,2026-01-09,6015520.906643054,15880975.193537667,83.54890148115355,6027545.782644281,15912720.866180906,83.71591364783725
WI,2026-01-16,6015520.906643054,15880975.193537667,83.54890148115355,6027545.782644281,15912720.866180906,83.71591364783725
WI,2026-01-23,6015520.906643054,15880975.193537667,83.54890148115355,6027545.782644281,15912720.866180906,83.71591364783725
WI,2026-01-30,6015520.906643054,15880975.193537667,83.54890148115355,6027545.782644281,15912720.866180906,83.71591364783725
WI,2026-02-06,6015520.906643054,15880975.193537667,83.54890148115355,6027545.782644281,15912720.866180906,83.71591364783725
WI,2026-02-13,6015520.906643054,15880975.193537667,83.54890148115355,6027545.782644281,15912720.866180906,83.71591364783725
WI,2026-02-20,6015520.906643054,15880975.193537667,83.54890148115355,6027545.782644281,15912720.866180906,83.71591364783725
WI,2026-02-27,6015520.906643054,15880975.193537667,83.54890148115355,6027545.782644281,15912720.866180906,83.71591364783725
WI,2026-03-06,6015520.906643054,15880975.193537667,83.54890148115355,6027545.782644281,15912720.866180906,83.71591364783725
WI,2026-03-13,6015520.906643054,15880975.193537667,83.54890148115355,6027545.782644281,15912720.866180906,83.71591364783725
WI,2026-03-20,6015520.906643054,15880975.193537667,83.54890148115355,6027545.782644281,15912720.866180906,83.71591364783725
WI,2026-03-27,6015520.906643054,15880975.193537667,83.54890148115355,6027545.782644281,15912720.866180906,83.71591364783725
WI,2026-04-03,6015520.906643054,15880975.193537667,83.54890148115355,6027545.782644281,15912720.866180906,83.71591364783725
WI,2026-04-10,6015520.906643054,15880975.193537667,83.54890148115355,6027545.782644281,15912720.866180906,83.71591364783725
WI,2026-04-17,6016846.705697764,15884475.303042097,83.56731535691338,6028871.5816989895,15916220.975685332,83.73432752359709
WI,2026-04-24,6016846.705697764,15884475.303042097,83.56731535691338,6028871.5816989895,15916220.975685332,83.73432752359709
WI,2026-05-01,6016846.705697764,15884475.303042097,83.56731535691338,6028871.5816989895,15916220.975685332,83.73432752359709
WI,2026-05-08,6020156.298900462,15893212.629097218,83.61328192917308,6032181.174901687,15924958.301740455,83.78029409585677
WI,2026-05-15,6020156.298900462,15893212.629097218,83.61328192917308,6032181.174901687,15924958.301740455,83.78029409585677
WI,2026-05-22,6020156.298900462,15893212.629097218,83.61328192917308,6032181.174901687,15924958.301740455,83.78029409585677
WI,2026-05-29,6020156.298900462,15893212.629097218,83.61328192917308,6032181.174901687,15924958.301740455,83.78029409585677
WI,2026-06-05,6020156.298900462,15893212.629097218,83.61328192917308,6032181.174901687,15924958.301740455,83.78029409585677
WI,2026-06-12,6020156.298900462,15893212.629097218,83.61328192917308,6032181.174901687,15924958.301740455,83.78029409585677
WI,2026-06-19,6020156.298900462,15893212.629097218,83.61328192917308,6032181.174901687,15924958.301740455,83.78029409585677
WI,2026-06-26,6020156.298900462,15893212.629097218,83.61328192917308,6032181.174901687,15924958.301740455,83.78029409585677
WI,2026-07-03,6020156.298900462,15893212.629097218,83.61328192917308,6032181.174901687,15924958.301740455,83.78029409585677
WI,2026-07-10,6020156.298900462,15893212.629097218,83.61328192917308,6032181.174901687,15924958.301740455,83.78029409585677
WI,2026-07-17,6020156.298900462,15893212.629097218,83.61328192917308,6032181.174901687,15924958.301740455,83.78029409585677
WV,2025-02-28,0,0,0,0,0,0
WV,2025-03-07,0,0,0,0,0,0
WV,2025-03-14,0,0,0,0,0,0
WV,2025-03-21,0,0,0,0,0,0
WV,2025-03-28,0,0,0,0,0,0
WV,2025-04-04,0,0,0,0,0,0
WV,2025-04-11,0,0,0,0,0,0
WV,2025-04-18,7846.0279253928675,20713.513723037173,0.10897261007490094,7846.0279253928675,20713.513723037173,0.10897261007490094
WV,2025-04-25,35645.67979592319,94104.59466123722,0.49507888605448874,35645.67979592319,94104.59466123722,0.49507888605448874
WV,2025-05-02,58432.93483040029,154262.9479522568,0.8115685393111152,58432.93483040029,154262.9479522568,0.8115685393111152
WV,2025-05-09,58432.93483040029,154262.9479522568,0.8115685393111152,58432.93483040029,154262.9479522568,0.8115685393111152
WV,2025-05-16,66529.9848535373,175639.1600133385,0.9240275674102403,66529.9848535373,175639.1600133385,0.9240275674102403
WV,2025-05-23,66529.9848535373,175639.1600133385,0.9240275674102403,66529.9848535373,175639.1600133385,0.9240275674102403
WV,2025-05-30,66529.9848535373,175639.1600133385,0.9240275674102403,66529.9848535373,175639.1600133385,0.9240275674102403
WV,2025-06-06,66529.9848535373,175639.1600133385,0.9240275674102403,66529.9848535373,175639.1600133385,0.9240275674102403
WV,2025-06-13,66487.30869628915,175526.49495820337,0.923434843004016,66529.9848535373,175639.1600133385,0.9240275674102403
WV,2025-06-20,66487.30869628915,175526.49495820337,0.923434843004016,66529.9848535373,175639.1600133385,0.9240275674102403
WV,2025-06-27,61988.36620543636,163649.286782352,0.8609495306310606,66529.9848535373,175639.1600133385,0.9240275674102403
WV,2025-07-04,61988.36620543636,163649.286782352,0.8609495306310606,66529.9848535373,175639.1600133385,0.9240275674102403
WV,2025-07-11,61988.36620543636,163649.286782352,0.8609495306310606,66529.9848535373,175639.1600133385,0.9240275674102403
WV,2025-07-18,61988.36620543636,163649.286782352,0.8609495306310606,66529.9848535373,175639.1600133385,0.9240275674102403
WV,2025-07-25,61988.36620543636,163649.286782352,0.8609495306310606,66529.9848535373,175639.1600133385,0.9240275674102403
WV,2025-08-01,61988.36620543636,163649.286782352,0.8609495306310606,66529.9848535373,175639.1600133385,0.9240275674102403
WV,2025-08-08,61988.36620543636,163649.286782352,0.8609495306310606,66529.9848535373,175639.1600133385,0.9240275674102403
WV,2025-08-15,60969.17852410461,160958.63130363615,0.8467941461681195,66529.9848535373,175639.1600133385,0.9240275674102403
WV,2025-08-22,60969.17852410461,160958.63130363615,0.8467941461681195,66529.9848535373,175639.1600133385,0.9240275674102403
WV,2025-08-29,60969.17852410461,160958.63130363615,0.8467941461681195,66529.9848535373,175639.1600133385,0.9240275674102403
WV,2025-09-05,60969.17852410461,160958.63130363615,0.8467941461681195,66529.9848535373,175639.1600133385,0.9240275674102403
WV,2025-09-12,60969.17852410461,160958.63130363615,0.8467941461681195,66529.9848535373,175639.1600133385,0.9240275674102403
WV,2025-09-19,88162.51181752012,232749.03119825313,1.2244793307988906,93723.31814695282,247429.55990795547,1.3017127520410114
WV,2025-09-26,210735.31691586177,556341.2366578751,2.9268794016091912,216296.12324529444,571021.7653675773,3.004112822851312
WV,2025-10-03,745391.9234650712,1967834.677947788,10.352665603681547,750952.7297945039,1982515.2066574905,10.429899024923666
WV,2025-10-10,753729.9024668441,1989846.9425124684,10.468470867595057,759290.7087962768,2004527.4712221709,10.545704288837179
WV,2025-10-17,753729.9024668441,1989846.9425124684,10.468470867595057,759290.7087962768,2004527.4712221709,10.545704288837179
WV,2025-10-24,753729.9024668441,1989846.9425124684,10.468470867595057,759290.7087962768,2004527.4712221709,10.545704288837179
WV,2025-10-31,753729.9024668441,1989846.9425124684,10.468470867595057,759290.7087962768,2004527.4712221709,10.545704288837179
WV,2025-11-07,753729.9024668441,1989846.9425124684,10.468470867595057,759290.7087962768,2004527.4712221709,10.545704288837179
WV,2025-11-14,756435.4296474052,1996989.5342691496,10.506047633991738,761996.2359768378,2011670.0629788518,10.583281055233858
WV,2025-11-21,756435.4296474052,1996989.5342691496,10.506047633991738,761996.2359768378,2011670.0629788518,10.583281055233858
WV,2025-11-28,756435.4296474052,1996989.5342691496,10.506047633991738,761996.2359768378,2011670.0629788518,10.583281055233858
WV,2025-12-05,756435.4296474052,1996989.5342691496,10.506047633991738,761996.2359768378,2011670.0629788518,10.583281055233858
WV,2025-12-12,756435.4296474052,1996989.5342691496,10.506047633991738,761996.2359768378,2011670.0629788518,10.583281055233858
WV,2025-12-19,756435.4296474052,1996989.5342691496,10.506047633991738,761996.2359768378,2011670.0629788518,10.583281055233858
WV,2025-12-26,756435.4296474052,1996989.5342691496,10.506047633991738,761996.2359768378,2011670.0629788518,10.583281055233858
WV,2026-01-02,756435.4296474052,1996989.5342691496,10.506047633991738,761996.2359768378,2011670.0629788518,10.583281055233858
WV,2026-01-09,756435.4296474052,1996989.5342691496,10.506047633991738,761996.2359768378,2011670.0629788518,10.583281055233858
WV,2026-01-16,756435.4296474052,1996989.5342691496,10.506047633991738,761996.2359768378,2011670.0629788518,10.583281055233858
WV,2026-01-23,756435.4296474052,1996989.5342691496,10.506047633991738,761996.2359768378,2011670.0629788518,10.583281055233858
WV,2026-01-30,756435.4296474052,1996989.5342691496,10.506047633991738,761996.2359768378,2011670.0629788518,10.583281055233858
WV,2026-02-06,756435.4296474052,1996989.5342691496,10.506047633991738,761996.2359768378,2011670.0629788518,10.583281055233858
WV,2026-02-13,756435.4296474052,1996989.5342691496,10.506047633991738,761996.2359768378,2011670.0629788518,10.583281055233858
WV,2026-02-20,756435.4296474052,1996989.5342691496,10.506047633991738,761996.2359768378,2011670.0629788518,10.583281055233858
WV,2026-02-27,756435.4296474052,1996989.5342691496,10.506047633991738,761996.2359768378,2011670.0629788518,10.583281055233858
WV,2026-03-06,756435.4296474052,1996989.5342691496,10.506047633991738,761996.2359768378,2011670.0629788518,10.583281055233858
WV,2026-03-13,756435.4296474052,1996989.5342691496,10.506047633991738,761996.2359768378,2011670.0629788518,10.583281055233858
WV,2026-03-20,756435.4296474052,1996989.5342691496,10.506047633991738,761996.2359768378,2011670.0629788518,10.583281055233858
WV,2026-03-27,756435.4296474052,1996989.5342691496,10.506047633991738,761996.2359768378,2011670.0629788518,10.583281055233858
WV,2026-04-03,756435.4296474052,1996989.5342691496,10.506047633991738,761996.2359768378,2011670.0629788518,10.583281055233858
WV,2026-04-10,756435.4296474052,1996989.5342691496,10.506047633991738,761996.2359768378,2011670.0629788518,10.583281055233858
WV,2026-04-17,756505.2085450214,1997173.7505588564,10.507016785347519,762066.014874454,2011854.2792685586,10.584250206589639
WV,2026-04-24,756505.2085450214,1997173.7505588564,10.507016785347519,762066.014874454,2011854.2792685586,10.584250206589639
WV,2026-05-01,756505.2085450214,1997173.7505588564,10.507016785347519,762066.014874454,2011854.2792685586,10.584250206589639
WV,2026-05-08,756505.2085450214,1997173.7505588564,10.507016785347519,762066.014874454,2011854.2792685586,10.584250206589639
WV,2026-05-15,756505.2085450214,1997173.7505588564,10.507016785347519,762066.014874454,2011854.2792685586,10.584250206589639
WV,2026-05-22,756505.2085450214,1997173.7505588564,10.507016785347519,762066.014874454,2011854.2792685586,10.584250206589639
WV,2026-05-29,756505.2085450214,1997173.7505588564,10.507016785347519,762066.014874454,2011854.2792685586,10.584250206589639
WV,2026-06-05,756505.2085450214,1997173.7505588564,10.507016785347519,762066.014874454,2011854.2792685586,10.584250206589639
WV,2026-06-12,756505.2085450214,1997173.7505588564,10.507016785347519,762066.014874454,2011854.2792685586,10.584250206589639
WV,2026-06-19,756505.2085450214,1997173.7505588564,10.507016785347519,762066.014874454,2011854.2792685586,10.584250206589639
WV,2026-06-26,756505.2085450214,1997173.7505588564,10.507016785347519,762066.014874454,2011854.2792685586,10.584250206589639
WV,2026-07-03,756505.2085450214,1997173.7505588564,10.507016785347519,762066.014874454,2011854.2792685586,10.584250206589639
WV,2026-07-10,756505.2085450214,1997173.7505588564,10.507016785347519,762066.014874454,2011854.2792685586,10.584250206589639
WV,2026-07-17,756505.2085450214,1997173.7505588564,10.507016785347519,762066.014874454,2011854.2792685586,10.584250206589639
WY,2025-02-28,0,0,0,0,0,0
WY,2025-03-07,0,0,0,0,0,0
WY,2025-03-14,0,0,0,0,0,0
WY,2025-03-21,0,0,0,0,0,0
WY,2025-03-28,0,0,0,0,0,0
WY,2025-04-04,0,0,0,0,0,0
WY,2025-04-11,0,0,0,0,0,0
WY,2025-04-18,3590.2149162912137,9478.167379008804,0.049864096059600196,3590.2149162912137,9478.167379008804,0.049864096059600196
WY,2025-04-25,5706.903653820405,15066.225646085872,0.07926255074750564,5706.903653820405,15066.225646085872,0.07926255074750564
WY,2025-05-02,49197.435960545554,129881.23093584027,0.6832977216742439,49197.435960545554,129881.23093584027,0.6832977216742439
WY,2025-05-09,49197.435960545554,129881.23093584027,0.6832977216742439,49197.435960545554,129881.23093584027,0.6832977216742439
WY,2025-05-16,49197.435960545554,129881.23093584027,0.6832977216742439,49197.435960545554,129881.23093584027,0.6832977216742439
WY,2025-05-23,49197.435960545554,129881.23093584027,0.6832977216742439,49197.435960545554,129881.23093584027,0.6832977216742439
WY,2025-05-30,49197.435960545554,129881.23093584027,0.6832977216742439,49197.435960545554,129881.23093584027,0.6832977216742439
WY,2025-06-06,49197.435960545554,129881.23093584027,0.6832977216742439,49197.435960545554,129881.23093584027,0.6832977216742439
WY,2025-06-13,49197.435960545554,129881.23093584027,0.6832977216742439,49197.435960545554,129881.23093584027,0.6832977216742439
WY,2025-06-20,49197.435960545554,129881.23093584027,0.6832977216742439,49197.435960545554,129881.23093584027,0.6832977216742439
WY,2025-06-27,49197.435960545554,129881.23093584027,0.6832977216742439,49197.435960545554,129881.23093584027,0.6832977216742439
WY,2025-07-04,49197.435960545554,129881.23093584027,0.6832977216742439,49197.435960545554,129881.23093584027,0.6832977216742439
WY,2025-07-11,49197.435960545554,129881.23093584027,0.6832977216742439,49197.435960545554,129881.23093584027,0.6832977216742439
WY,2025-07-18,49197.435960545554,129881.23093584027,0.6832977216742439,49197.435960545554,129881.23093584027,0.6832977216742439
WY,2025-07-25,49197.435960545554,129881.23093584027,0.6832977216742439,49197.435960545554,129881.23093584027,0.6832977216742439
WY,2025-08-01,49197.435960545554,129881.23093584027,0.6832977216742439,49197.435960545554,129881.23093584027,0.6832977216742439
WY,2025-08-08,49197.435960545554,129881.23093584027,0.6832977216742439,49197.435960545554,129881.23093584027,0.6832977216742439
WY,2025-08-15,49197.435960545554,129881.23093584027,0.6832977216742439,49197.435960545554,129881.23093584027,0.6832977216742439
WY,2025-08-22,49197.435960545554,129881.23093584027,0.6832977216742439,49197.435960545554,129881.23093584027,0.6832977216742439
WY,2025-08-29,49197.435960545554,129881.23093584027,0.6832977216742439,49197.435960545554,129881.23093584027,0.6832977216742439
WY,2025-09-05,49197.435960545554,129881.23093584027,0.6832977216742439,49197.435960545554,129881.23093584027,0.6832977216742439
WY,2025-09-12,49197.435960545554,129881.23093584027,0.6832977216742439,49197.435960545554,129881.23093584027,0.6832977216742439
WY,2025-09-19,49324.57471877756,130216.87725757278,0.6850635377607995,49324.57471877756,130216.87725757278,0.6850635377607995
WY,2025-09-26,49324.57471877756,130216.87725757278,0.6850635377607995,49324.57471877756,130216.87725757278,0.6850635377607995
WY,2025-10-03,293445.40992649086,774695.8822059359,4.075630693423484,293445.40992649086,774695.8822059359,4.075630693423484
WY,2025-10-10,296868.1059369206,783731.7996734704,4.123168138012787,296868.1059369206,783731.7996734704,4.123168138012787
WY,2025-10-17,296868.1059369206,783731.7996734704,4.123168138012787,296868.1059369206,783731.7996734704,4.123168138012787
WY,2025-10-24,296868.1059369206,783731.7996734704,4.123168138012787,296868.1059369206,783731.7996734704,4.123168138012787
WY,2025-10-31,296868.1059369206,783731.7996734704,4.123168138012787,296868.1059369206,783731.7996734704,4.123168138012787
WY,2025-11-07,296868.1059369206,783731.7996734704,4.123168138012787,296868.1059369206,783731.7996734704,4.123168138012787
WY,2025-11-14,316368.4713654578,835212.7644048086,4.39400654674247,316368.4713654578,835212.7644048086,4.39400654674247
WY,2025-11-21,316368.4713654578,835212.7644048086,4.39400654674247,316368.4713654578,835212.7644048086,4.39400654674247
WY,2025-11-28,316368.4713654578,835212.7644048086,4.39400654674247,316368.4713654578,835212.7644048086,4.39400654674247
WY,2025-12-05,316368.4713654578,835212.7644048086,4.39400654674247,316368.4713654578,835212.7644048086,4.39400654674247
WY,2025-12-12,316368.4713654578,835212.7644048086,4.39400654674247,316368.4713654578,835212.7644048086,4.39400654674247
WY,2025-12-19,316368.4713654578,835212.7644048086,4.39400654674247,316368.4713654578,835212.7644048086,4.39400654674247
WY,2025-12-26,316368.4713654578,835212.7644048086,4.39400654674247,316368.4713654578,835212.7644048086,4.39400654674247
WY,2026-01-02,316368.4713654578,835212.7644048086,4.39400654674247,316368.4713654578,835212.7644048086,4.39400654674247
WY,2026-01-09,316368.4713654578,835212.7644048086,4.39400654674247,316368.4713654578,835212.7644048086,4.39400654674247
WY,2026-01-16,316368.4713654578,835212.7644048086,4.39400654674247,316368.4713654578,835212.7644048086,4.39400654674247
WY,2026-01-23,316368.4713654578,835212.7644048086,4.39400654674247,316368.4713654578,835212.7644048086,4.39400654674247
WY,2026-01-30,316368.4713654578,835212.7644048086,4.39400654674247,316368.4713654578,835212.7644048086,4.39400654674247
WY,2026-02-06,316368.4713654578,835212.7644048086,4.39400654674247,316368.4713654578,835212.7644048086,4.39400654674247
WY,2026-02-13,316368.4713654578,835212.7644048086,4.39400654674247,316368.4713654578,835212.7644048086,4.39400654674247
WY,2026-02-20,316368.4713654578,835212.7644048086,4.39400654674247,316368.4713654578,835212.7644048086,4.39400654674247
WY,2026-02-27,316368.4713654578,835212.7644048086,4.39400654674247,316368.4713654578,835212.7644048086,4.39400654674247
WY,2026-03-06,316368.4713654578,835212.7644048086,4.39400654674247,316368.4713654578,835212.7644048086,4.39400654674247
WY,2026-03-13,316368.4713654578,835212.7644048086,4.39400654674247,316368.4713654578,835212.7644048086,4.39400654674247
WY,2026-03-20,316368.4713654578,835212.7644048086,4.39400654674247,316368.4713654578,835212.7644048086,4.39400654674247
WY,2026-03-27,316368.4713654578,835212.7644048086,4.39400654674247,316368.4713654578,835212.7644048086,4.39400654674247
WY,2026-04-03,316368.4713654578,835212.7644048086,4.39400654674247,316368.4713654578,835212.7644048086,4.39400654674247
WY,2026-04-10,316368.4713654578,835212.7644048086,4.39400654674247,316368.4713654578,835212.7644048086,4.39400654674247
WY,2026-04-17,316368.4713654578,835212.7644048086,4.39400654674247,316368.4713654578,835212.7644048086,4.39400654674247
WY,2026-04-24,316368.4713654578,835212.7644048086,4.39400654674247,316368.4713654578,835212.7644048086,4.39400654674247
WY,2026-05-01,316368.4713654578,835212.7644048086,4.39400654674247,316368.4713654578,835212.7644048086,4.39400654674247
WY,2026-05-08,316368.4713654578,835212.7644048086,4.39400654674247,316368.4713654578,835212.7644048086,4.39400654674247
WY,2026-05-15,316368.4713654578,835212.7644048086,4.39400654674247,316368.4713654578,835212.7644048086,4.39400654674247
WY,2026-05-22,316368.4713654578,835212.7644048086,4.39400654674247,316368.4713654578,835212.7644048086,4.39400654674247
WY,2026-05-29,316368.4713654578,835212.7644048086,4.39400654674247,316368.4713654578,835212.7644048086,4.39400654674247
WY,2026-06-05,316368.4713654578,835212.7644048086,4.39400654674247,316368.4713654578,835212.7644048086,4.39400654674247
WY,2026-06-12,316368.4713654578,835212.7644048086,4.39400654674247,316368.4713654578,835212.7644048086,4.39400654674247
WY,2026-06-19,316368.4713654578,835212.7644048086,4.39400654674247,316368.4713654578,835212.7644048086,4.39400654674247
WY,2026-06-26,316368.4713654578,835212.7644048086,4.39400654674247,316368.4713654578,835212.7644048086,4.39400654674247
WY,2026-07-03,316368.4713654578,835212.7644048086,4.39400654674247,316368.4713654578,835212.7644048086,4.39400654674247
WY,2026-07-10,316368.4713654578,835212.7644048086,4.39400654674247,316368.4713654578,835212.7644048086,4.39400654674247
WY,2026-07-17,316368.4713654578,835212.7644048086,4.39400654674247,316368.4713654578,835212.7644048086,4.39400654674247
