"GEOID","rep_name","pol_party","state_name","state","org_name","budg_NIH_cuts","econ_budg_NIH_cuts","jobs_budg_NIH_cuts"
"0101","Barry Moore","Republican","Alabama","AL","University of South Alabama",680786.411358913,1676407.49418244,6.263234984502
"0101","Barry Moore","Republican","Alabama","AL","University of Alabama at Birmingham",654030.36915943,1610521.88173559,6.01707939626676
"0101","Barry Moore","Republican","Alabama","AL","University of Southern California",47696.9028814021,127984.582229623,0.419732745356339
"0101","Barry Moore","Republican","Alabama","AL","Emory University",30835.2332855831,90566.2786407146,0.363855752769881
"0101","Barry Moore","Republican","Alabama","AL","Clarity, LLC",30151.4370032041,74246.627296286,0.277393220429478
"0102","Shomari Figures","Democrat","Alabama","AL","University of Alabama at Birmingham",957687.326269166,2358264.18396998,8.81072340167633
"0102","Shomari Figures","Democrat","Alabama","AL","University of South Alabama",754523.982362523,1857983.11697802,6.94162063773522
"0102","Shomari Figures","Democrat","Alabama","AL","Tuskegee University",693990.339877321,1708921.60485149,6.38471112687135
"0102","Shomari Figures","Democrat","Alabama","AL","Auburn University at Auburn",187012.07583965,460509.258424258,1.72051109772478
"0102","Shomari Figures","Democrat","Alabama","AL","Alabama State University",131669.590551289,324230.749429197,1.21136023307186
"0103","Mike Rogers","Republican","Alabama","AL","University of Alabama at Birmingham",4800115.74508082,11820080.2391666,44.1610648547435
"0103","Mike Rogers","Republican","Alabama","AL","Auburn University at Auburn",1231059.62506366,3031431.80711068,11.3257485505857
"0103","Mike Rogers","Republican","Alabama","AL","Tuskegee University",270558.162429313,666237.932398462,2.48913509434968
"0103","Mike Rogers","Republican","Alabama","AL","Southern Research Institute",109835.781929907,270465.927175522,1.01048919375515
"0103","Mike Rogers","Republican","Alabama","AL","University of Southern California",47696.9028814021,127984.582229623,0.419732745356339
"0104","Robert B. Aderholt","Republican","Alabama","AL","University of Alabama at Birmingham",4797195.96664707,11812890.4093374,44.1342028931531
"0104","Robert B. Aderholt","Republican","Alabama","AL","University of Alabama",752921.043784332,1854035.94911398,6.92687360281585
"0104","Robert B. Aderholt","Republican","Alabama","AL","Stillman College",135429.119649214,333488.429443371,1.24594790077277
"0104","Robert B. Aderholt","Republican","Alabama","AL","Southern Research Institute",109768.971843575,270301.410188189,1.00987454096089
"0104","Robert B. Aderholt","Republican","Alabama","AL","Emory University",69379.274892562,203774.126941608,0.818675443732231
"0105","Dale W. Strong","Republican","Alabama","AL","University of Alabama at Birmingham",1164991.59506524,2868742.10184153,10.7179226746002
"0105","Dale W. Strong","Republican","Alabama","AL","Hudson-Alpha Institute for Biotechnology",1089677.89693311,2683285.33323291,10.0250366517847
"0105","Dale W. Strong","Republican","Alabama","AL","Cfd Research Corporation",341241.194283805,840291.882852442,3.13941898741101
"0105","Dale W. Strong","Republican","Alabama","AL","Vanderbilt University Medical Center",72905.1320927216,196260.650885937,0.729051320927216
"0105","Dale W. Strong","Republican","Alabama","AL","Emory University",65524.8707318641,192453.342111519,0.773193474635996
"0106","Gary J. Palmer","Republican","Alabama","AL","University of Alabama at Birmingham",24780159.5672147,61020085.7602232,227.977468018375
"0106","Gary J. Palmer","Republican","Alabama","AL","Southern Research Institute",567017.202700196,1396255.67149553,5.21655826484181
"0106","Gary J. Palmer","Republican","Alabama","AL","Emory University",84796.8915353535,249057.266261965,1.00060332011717
"0106","Gary J. Palmer","Republican","Alabama","AL","University of Alabama",86480.4222488272,212954.350349928,0.79561988468921
"0106","Gary J. Palmer","Republican","Alabama","AL","Tricorder Array Technologies, LLC",71044.8791721599,174944.984036564,0.653612888383871
"0107","Terri A. Sewell","Democrat","Alabama","AL","University of Alabama at Birmingham",25711568.8875801,63313641.4757305,236.546433765737
"0107","Terri A. Sewell","Democrat","Alabama","AL","University of Alabama",805114.685462596,1982560.56505551,7.40705510625589
"0107","Terri A. Sewell","Democrat","Alabama","AL","Southern Research Institute",588329.620240124,1448736.59045478,5.41263250620914
"0107","Terri A. Sewell","Democrat","Alabama","AL","Stillman College",140187.219616813,345205.047622971,1.28972242047468
"0107","Terri A. Sewell","Democrat","Alabama","AL","Emory University",73233.6790532599,215094.911771697,0.864157412828467
"0200","Nicholas J. Begich III","Republican","Alaska","AK","University of Alaska Fairbanks",1890290.58370652,7514774.83583941,14.7442665529108
"0200","Nicholas J. Begich III","Republican","Alaska","AK","Alaska Native Tribal Health Consortium",485755.794836485,1931102.79174259,3.78889519972458
"0200","Nicholas J. Begich III","Republican","Alaska","AK","Southcentral Foundation",295956.924352469,1176564.9508,2.30846400994926
"0200","Nicholas J. Begich III","Republican","Alaska","AK","University of Alaska Anchorage",100854.480365115,400942.964887082,0.786664946847895
"0200","Nicholas J. Begich III","Republican","Alaska","AK","Columbia University",100791.827799349,237594.721995501,0.71562197737538
"0401","David Schweikert","Republican","Arizona","AZ","Mayo Clinic Arizona",1981536.54915986,5820358.17411247,20.2116728014306
"0401","David Schweikert","Republican","Arizona","AZ","Arizona State University-Tempe Campus",1844428.54047018,5417631.45203831,18.8131711127958
"0401","David Schweikert","Republican","Arizona","AZ","University of Arizona",535352.758259495,1572489.18971009,5.46059813424685
"0401","David Schweikert","Republican","Arizona","AZ","Banner Health",416592.802967755,1223656.12032634,4.2492465902711
"0401","David Schweikert","Republican","Arizona","AZ","Translational Genomics Research Inst",247422.740835412,726753.676430181,2.52371195652121
"0402","Elijah Crane","Republican","Arizona","AZ","Northern Arizona University",1874972.67926129,5507348.61014949,19.1247213284651
"0402","Elijah Crane","Republican","Arizona","AZ","University of Arizona",438505.023096973,1288018.78353138,4.47275123558913
"0402","Elijah Crane","Republican","Arizona","AZ","Arizona State University-Tempe Campus",366422.364467364,1076290.72252514,3.73750811756711
"0402","Elijah Crane","Republican","Arizona","AZ","Dine' College",151702.094628913,445593.863447908,1.54736136521491
"0402","Elijah Crane","Republican","Arizona","AZ","White Mountain Apache Tribe",109208.030153412,320776.243694132,1.1139219075648
"0403","Yassamin Ansari","Democrat","Arizona","AZ","Arizona State University-Tempe Campus",1266774.46001574,3720890.78358691,12.9210994921606
"0403","Yassamin Ansari","Democrat","Arizona","AZ","Banner Health",983049.023504767,2887505.36644664,10.0271000397486
"0403","Yassamin Ansari","Democrat","Arizona","AZ","University of Arizona",301304.064950068,885019.041444873,3.07330146249069
"0403","Yassamin Ansari","Democrat","Arizona","AZ","Vitalant ",219785.311687844,645574.38315966,2.24181017921601
"0403","Yassamin Ansari","Democrat","Arizona","AZ","Translational Genomics Research Inst",217931.949503515,640130.510956685,2.22290588493585
"0404","Greg Stanton","Democrat","Arizona","AZ","Arizona State University-Tempe Campus",3646364.40338027,10710449.3581031,37.1929169144787
"0404","Greg Stanton","Democrat","Arizona","AZ","University of Arizona",460026.742021978,1351234.42934887,4.69227276862418
"0404","Greg Stanton","Democrat","Arizona","AZ","Mayo Clinic Arizona",293061.109678715,860807.046913253,2.98922331872289
"0404","Greg Stanton","Democrat","Arizona","AZ","Banner Health",232357.041919309,682501.268432842,2.37004182757695
"0404","Greg Stanton","Democrat","Arizona","AZ","Vitalant ",213954.27280633,628446.899524812,2.18233358262456
"0405","Andy Biggs","Republican","Arizona","AZ","Arizona State University-Tempe Campus",2423930.12864461,7119798.7964016,24.724087312175
"0405","Andy Biggs","Republican","Arizona","AZ","University of Arizona",325515.998740698,956136.64298955,3.32026318715512
"0405","Andy Biggs","Republican","Arizona","AZ","Mayo Clinic Arizona",238112.151613956,699405.725617018,2.42874394646235
"0405","Andy Biggs","Republican","Arizona","AZ","Banner Health",185610.654787613,545193.320937478,1.89322867883366
"0405","Andy Biggs","Republican","Arizona","AZ","Vitalant ",113032.446010891,332009.682767825,1.15293094931109
"0406","Juan Ciscomani","Republican","Arizona","AZ","University of Arizona",18000227.6659009,52871985.7706039,183.602322192189
"0406","Juan Ciscomani","Republican","Arizona","AZ","Aqualungtherapeutics Corp.",272805.742310188,801311.049686738,2.78261857156392
"0406","Juan Ciscomani","Republican","Arizona","AZ","Arizona State University-Tempe Campus",184750.772000351,542667.591189146,1.88445787440358
"0406","Juan Ciscomani","Republican","Arizona","AZ","Light Research, Inc.",129096.755791773,379195.305856269,1.31678690907609
"0406","Juan Ciscomani","Republican","Arizona","AZ","Raesedo, LLC",81854.1034688992,240429.680901848,0.834911855382771
"0407","Adelita S. Grijalva","Democrat","Arizona","AZ","University of Arizona",12143629.903434,35669428.1525192,123.865025015027
"0407","Adelita S. Grijalva","Democrat","Arizona","AZ","Arizona State University-Tempe Campus",318387.163747272,935197.148815962,3.24754907022218
"0407","Adelita S. Grijalva","Democrat","Arizona","AZ","Banner Health",148488.523830091,436154.656749982,1.51458294306693
"0407","Adelita S. Grijalva","Democrat","Arizona","AZ","Vitalant ",97782.0366284693,287214.725568992,0.997376773610386
"0407","Adelita S. Grijalva","Democrat","Arizona","AZ","Aqualungtherapeutics Corp.",91073.6572501795,267510.23373611,0.928951303951831
"0408","Abraham J. Hamadeh","Republican","Arizona","AZ","Arizona State University-Tempe Campus",853548.566641624,2507124.27129385,8.70619537974456
"0408","Abraham J. Hamadeh","Republican","Arizona","AZ","Mayo Clinic Arizona",659869.505181185,1938231.65661882,6.73066895284808
"0408","Abraham J. Hamadeh","Republican","Arizona","AZ","Banner Health",489462.171143632,1437694.97965735,4.99251414566505
"0408","Abraham J. Hamadeh","Republican","Arizona","AZ","University of Arizona",352418.147396954,1035156.20026141,3.59466510344893
"0408","Abraham J. Hamadeh","Republican","Arizona","AZ","Translational Genomics Research Inst",224596.535115243,659706.367560865,2.29088465817548
"0409","Paul A. Gosar","Republican","Arizona","AZ","Arizona State University-Tempe Campus",479120.335387578,1407317.95315052,4.8870274209533
"0409","Paul A. Gosar","Republican","Arizona","AZ","Banner Health",255730.235485156,751155.242180525,2.60844840194859
"0409","Paul A. Gosar","Republican","Arizona","AZ","University of Arizona",250189.982503181,734881.882628332,2.55193782153245
"0409","Paul A. Gosar","Republican","Arizona","AZ","Translational Genomics Research Inst",214599.656697651,630342.582654595,2.18891649831604
"0409","Paul A. Gosar","Republican","Arizona","AZ","Vitalant ",144430.347680583,424234.594647777,1.47318954634195
"0501","Eric A. “Rick” Crawford","Republican","Arkansas","AR","University of Arkansas for Medical Sciences",994291.748199533,2790902.86089585,8.74976738415589
"0501","Eric A. “Rick” Crawford","Republican","Arkansas","AR","St. Jude Children's Research Hospital",678907.971937476,1827620.58910532,6.78907971937476
"0501","Eric A. “Rick” Crawford","Republican","Arkansas","AR","University of Tennessee Health Science Center",284258.665883369,765224.466163581,2.84258665883369
"0501","Eric A. “Rick” Crawford","Republican","Arkansas","AR","Arkansas Children's Hospital Research Inst",230724.179067885,647625.581329059,2.03037277579739
"0501","Eric A. “Rick” Crawford","Republican","Arkansas","AR","Intervexiontherapeutics, LLC",130336.290256255,365844.256490539,1.14695935425505
"0502","J. French Hill","Republican","Arkansas","AR","University of Arkansas for Medical Sciences",9490314.44327792,26638605.5989176,83.5147671008457
"0502","J. French Hill","Republican","Arkansas","AR","Arkansas Children's Hospital Research Inst",1702430.83584071,4778596.52242801,14.9813913553982
"0502","J. French Hill","Republican","Arkansas","AR","Intervexiontherapeutics, LLC",1092507.74854799,3066587.85662736,9.61406818722232
"0502","J. French Hill","Republican","Arkansas","AR","Nephropathology Associates",135023.088994322,378999.751374407,1.18820318315003
"0502","J. French Hill","Republican","Arkansas","AR","Nushores Biosciences, LLC",115587.009714565,324444.124854628,1.01716568548817
"0503","Steve Womack","Republican","Arkansas","AR","University of Arkansas at Fayetteville",1408594.37421601,3953819.46592635,12.3956304931008
"0503","Steve Womack","Republican","Arkansas","AR","University of Arkansas for Medical Sciences",226002.574154795,634372.388105011,1.98882265256219
"0503","Steve Womack","Republican","Arkansas","AR","Vic Foundry, Inc.",62133.5364200781,174404.207684899,0.546775120496688
"0503","Steve Womack","Republican","Arkansas","AR","Sfc Fluidics, LLC",61645.238013944,173033.590437881,0.542478094522707
"0503","Steve Womack","Republican","Arkansas","AR","Arkansas Children's Hospital Research Inst",49280.8926164415,138327.794070284,0.433671855024686
"0504","Bruce Westerman","Republican","Arkansas","AR","University of Arkansas for Medical Sciences",1425968.62264335,4002587.68685305,12.5485238792615
"0504","Bruce Westerman","Republican","Arkansas","AR","Intervexiontherapeutics, LLC",245032.22568176,687787.202202213,2.15628358599949
"0504","Bruce Westerman","Republican","Arkansas","AR","Arkansas Children's Hospital Research Inst",227524.121105779,638643.257038781,2.00221226573085
"0504","Bruce Westerman","Republican","Arkansas","AR","University of Texas Southwestern Medical Center",21424.8229193001,69791.2301726678,0.252812910447742
"0504","Bruce Westerman","Republican","Arkansas","AR","Nephropathology Associates",24241.9769223265,68045.4231555333,0.213329396916473
"0601","Vacant","Republican","California","CA","University of California at Davis",1348137.37929284,3617442.40933115,11.863608937777
"0601","Vacant","Republican","California","CA","Stanford University",413947.161989235,1110739.93051628,3.64273502550527
"0601","Vacant","Republican","California","CA","University of California, San Francisco",278881.695713097,748320.229640041,2.45415892227525
"0601","Vacant","Republican","California","CA","University of California Berkeley",126471.463763585,339359.507136108,1.11294888111955
"0601","Vacant","Republican","California","CA","Kaiser Foundation Research Institute",89958.6605874694,241385.098354321,0.79163621316973
"0602","Jared Huffman","Democrat","California","CA","University of California, San Francisco",6595092.40851191,17696539.936103,58.0368131949048
"0602","Jared Huffman","Democrat","California","CA","Buck Institute for Research On Aging",2164150.60913186,5807041.85930958,19.0445253603604
"0602","Jared Huffman","Democrat","California","CA","Stanford University",2069735.80994617,5553699.6525814,18.2136751275263
"0602","Jared Huffman","Democrat","California","CA","University of California at Davis",930856.761892674,2497757.85406198,8.19153950465553
"0602","Jared Huffman","Democrat","California","CA","University of California Berkeley",644214.018545763,1728612.48947455,5.66908336320272
"0603","Kevin Kiley","Republican","California","CA","University of California at Davis",3370343.4482321,9043606.02332787,29.6590223444424
"0603","Kevin Kiley","Republican","California","CA","University of California, San Francisco",597603.633670921,1603543.34922866,5.25891197630411
"0603","Kevin Kiley","Republican","California","CA","Stanford University",551929.54931898,1480986.57402171,4.85698003400702
"0603","Kevin Kiley","Republican","California","CA","Kaiser Foundation Research Institute",238032.208103127,638709.242548159,2.09468343130752
"0603","Kevin Kiley","Republican","California","CA","University of California Berkeley",197611.662130602,530249.229900168,1.7389826267493
"0604","Mike Thompson","Democrat","California","CA","University of California at Davis",20575144.2887312,55209061.5328873,181.061269740834
"0604","Mike Thompson","Democrat","California","CA","University of California, San Francisco",2203471.85953535,5912552.14407901,19.390552363911
"0604","Mike Thompson","Democrat","California","CA","Stanford University",827894.32397847,2221479.86103256,7.28547005101053
"0604","Mike Thompson","Democrat","California","CA","Buck Institute for Research On Aging",592830.6528697,1590736.06160763,5.21690974525336
"0604","Mike Thompson","Democrat","California","CA","Kaiser Foundation Research Institute",464123.001084023,1245376.21540327,4.08428240953941
"0605","Tom McClintock","Republican","California","CA","University of California at Davis",1251841.85220049,3359053.66580749,11.0162082993643
"0605","Tom McClintock","Republican","California","CA","University of California, San Francisco",1091009.71070178,2927494.52474566,9.60088545417571
"0605","Tom McClintock","Republican","California","CA","Stanford University",965876.711308214,2591726.50453799,8.49971505951229
"0605","Tom McClintock","Republican","California","CA","University of California Berkeley",209468.361858438,562064.183694178,1.84332158435426
"0605","Tom McClintock","Republican","California","CA","Kaiser Foundation Research Institute",194247.019321615,521220.920340303,1.70937377003021
"0606","Ami Bera","Democrat","California","CA","University of California at Davis",5681436.09844839,15244935.8678955,49.9966376663458
"0606","Ami Bera","Democrat","California","CA","Stanford University",1517806.26062719,4072713.0785597,13.3566950935193
"0606","Ami Bera","Democrat","California","CA","University of California, San Francisco",530181.685256766,1422630.76623876,4.66559883025954
"0606","Ami Bera","Democrat","California","CA","Kaiser Foundation Research Institute",273060.359128336,732699.900314443,2.40293116032936
"0606","Ami Bera","Democrat","California","CA","University of California Berkeley",169946.029432318,456014.337714144,1.4955250590044
"0607","Doris O. Matsui","Democrat","California","CA","University of California at Davis",7928331.73060312,21274006.5501141,69.7693192293075
"0607","Doris O. Matsui","Democrat","California","CA","University of California, San Francisco",637443.87591565,1710446.23917724,5.60950610805772
"0607","Doris O. Matsui","Democrat","California","CA","Kaiser Foundation Research Institute",303311.944104653,813873.650203506,2.66914510812095
"0607","Doris O. Matsui","Democrat","California","CA","Stanford University",275964.77465949,740493.287010854,2.42849001700351
"0607","Doris O. Matsui","Democrat","California","CA","University of California Berkeley",181802.729160154,487829.291508155,1.59986401660936
"0608","John Garamendi","Democrat","California","CA","University of California, San Francisco",9494236.19032059,25475781.0046687,83.5492784748212
"0608","John Garamendi","Democrat","California","CA","University of California Berkeley",5007479.51838946,13436515.4856703,44.0658197618272
"0608","John Garamendi","Democrat","California","CA","Stanford University",3587542.07057337,9626412.7311411,31.5703702210456
"0608","John Garamendi","Democrat","California","CA","University of California at Davis",2439486.68633942,6545848.16926588,21.4674828397869
"0608","John Garamendi","Democrat","California","CA","Kaiser Foundation Research Institute",1994216.32541248,5351059.03873959,17.5491036636299
"0609","Josh Harder","Democrat","California","CA","Stanford University",2483682.97193541,6664439.58309768,21.8564101530316
"0609","Josh Harder","Democrat","California","CA","University of California, San Francisco",1063428.00453236,2853484.83170433,9.35816643988475
"0609","Josh Harder","Democrat","California","CA","University of California at Davis",898758.252861892,2411628.27288743,7.90907262518465
"0609","Josh Harder","Democrat","California","CA","Kaiser Foundation Research Institute",508704.284207017,1365000.68892399,4.47659770102175
"0609","Josh Harder","Democrat","California","CA","University of California Berkeley",256895.160769783,689323.998870218,2.26067741477409
"0610","Mark DeSaulnier","Democrat","California","CA","University of California, San Francisco",7109950.92367455,19078054.2062076,62.5675681283361
"0610","Mark DeSaulnier","Democrat","California","CA","University of California Berkeley",2683566.37173358,7200784.54204428,23.6153840712555
"0610","Mark DeSaulnier","Democrat","California","CA","Kaiser Foundation Research Institute",2257723.55244304,6058125.12329959,19.8679672614987
"0610","Mark DeSaulnier","Democrat","California","CA","Stanford University",1793771.03528668,4813206.36557055,15.7851851105228
"0610","Mark DeSaulnier","Democrat","California","CA","Public Health Institute",1256248.27810896,3370877.38066009,11.0549848473589
"0611","Nancy Pelosi","Democrat","California","CA","University of California, San Francisco",51280521.0370027,137600465.962273,451.268585125624
"0611","Nancy Pelosi","Democrat","California","CA","Stanford University",4691401.16921133,12588385.8791845,41.2843302890597
"0611","Nancy Pelosi","Democrat","California","CA","Northern California Institute/Res/Edu",2514883.96679061,6748160.87421841,22.1309789077573
"0611","Nancy Pelosi","Democrat","California","CA","Gladstone Institutes",2166953.58172417,5814563.04526833,19.0691915191727
"0611","Nancy Pelosi","Democrat","California","CA","Kaiser Foundation Research Institute",1950431.13663097,5233570.71653173,17.1637940023526
"0612","Lateefah Simon","Democrat","California","CA","University of California, San Francisco",16169009.083322,43386126.7206688,142.287279933233
"0612","Lateefah Simon","Democrat","California","CA","University of California Berkeley",12157069.4542746,32620932.6234583,106.982211197617
"0612","Lateefah Simon","Democrat","California","CA","Kaiser Foundation Research Institute",5001860.74753159,13421438.6987628,44.016374578278
"0612","Lateefah Simon","Democrat","California","CA","Stanford University",3863506.84523286,10366906.018152,33.9988602380491
"0612","Lateefah Simon","Democrat","California","CA","Public Health Institute",2285839.63533194,6133568.70359699,20.1153887909211
"0613","Adam Gray","Democrat","California","CA","Stanford University",1241841.4859677,3332219.79154884,10.9282050765158
"0613","Adam Gray","Democrat","California","CA","University of California, Merced",777029.477318069,2084994.76961704,6.837859400399
"0613","Adam Gray","Democrat","California","CA","University of California at Davis",481477.635461728,1291943.71761827,4.23700319206321
"0613","Adam Gray","Democrat","California","CA","University of California, San Francisco",355497.546183728,953902.710310382,3.1283784064168
"0613","Adam Gray","Democrat","California","CA","University of California Berkeley",189707.195645378,509039.260704161,1.66942332167933
"0614","Eric Swalwell","Democrat","California","CA","Stanford University",9106837.56376316,24436278.4713582,80.1401705611159
"0614","Eric Swalwell","Democrat","California","CA","University of California, San Francisco",5620538.79052549,15081530.7819762,49.4607413566243
"0614","Eric Swalwell","Democrat","California","CA","Kaiser Foundation Research Institute",1934509.24980133,5190847.69027433,17.0236813982517
"0614","Eric Swalwell","Democrat","California","CA","University of California Berkeley",1478135.2327369,3966264.23965326,13.0075900480848
"0614","Eric Swalwell","Democrat","California","CA","Public Health Institute",988297.586211362,2651888.19501162,8.69701875865998
"0615","Kevin Mullin","Democrat","California","CA","University of California, San Francisco",32292048.6563615,86648903.9529353,284.170028175982
"0615","Kevin Mullin","Democrat","California","CA","Stanford University",24422882.5573648,65533655.9004605,214.921366504811
"0615","Kevin Mullin","Democrat","California","CA","Sri International",2063241.32903043,5536273.08237272,18.1565236954678
"0615","Kevin Mullin","Democrat","California","CA","Northern California Institute/Res/Edu",1664099.38205689,4465259.82474575,14.6440745621006
"0615","Kevin Mullin","Democrat","California","CA","Gladstone Institutes",1379092.47768447,3700503.88913794,12.1360138036234
"0616","Sam T. Liccardo","Democrat","California","CA","Stanford University",28148407.015268,75530315.2751071,247.705981734358
"0616","Sam T. Liccardo","Democrat","California","CA","University of California, San Francisco",5035193.69292987,13510880.6296548,44.3097044977828
"0616","Sam T. Liccardo","Democrat","California","CA","Sri International",2278803.85594406,6114689.67306838,20.0534739323077
"0616","Sam T. Liccardo","Democrat","California","CA","Palo Alto Veterans Instit for Research",639039.772162514,1714728.49026898,5.62354999503013
"0616","Sam T. Liccardo","Democrat","California","CA","Kaiser Foundation Research Institute",493578.491718858,1324413.81397946,4.34349072712596
"0617","Ro Khanna","Democrat","California","CA","Stanford University",17799727.9655371,47761817.0122001,156.637606096726
"0617","Ro Khanna","Democrat","California","CA","University of California, San Francisco",1520058.47333732,4078756.41649957,13.3765145653684
"0617","Ro Khanna","Democrat","California","CA","Sri International",1062415.31121716,2850767.48271431,9.34925473871104
"0617","Ro Khanna","Democrat","California","CA","University of California at Davis",674068.689646419,1808721.20466557,5.93180446888849
"0617","Ro Khanna","Democrat","California","CA","Kaiser Foundation Research Institute",504723.812499607,1354319.93235964,4.44156954999654
"0618","Zoe Lofgren","Democrat","California","CA","Stanford University",6761136.9791575,18142085.5317659,59.498005416586
"0618","Zoe Lofgren","Democrat","California","CA","University of California Santa Cruz",990002.954102576,2656464.19017944,8.71202599610267
"0618","Zoe Lofgren","Democrat","California","CA","University of California, San Francisco",744706.066574533,1998261.71211571,6.55341338585589
"0618","Zoe Lofgren","Democrat","California","CA","University of California Berkeley",300369.726438515,805978.829448255,2.64325359265894
"0618","Zoe Lofgren","Democrat","California","CA","Kaiser Foundation Research Institute",277040.830835746,743380.656878793,2.43795931135457
"0619","Jimmy Panetta","Democrat","California","CA","University of California Santa Cruz",6542706.90874006,17555974.4926849,57.5758207969126
"0619","Jimmy Panetta","Democrat","California","CA","Stanford University",4691401.16921133,12588385.8791845,41.2843302890597
"0619","Jimmy Panetta","Democrat","California","CA","University of California, San Francisco",827451.185082814,2220290.79123968,7.28157042872877
"0619","Jimmy Panetta","Democrat","California","CA","University of California at Davis",513576.14449251,1378073.29879282,4.51947007153409
"0619","Jimmy Panetta","Democrat","California","CA","University of California Berkeley",316178.659408964,848398.767840269,2.78237220279888
"0620","Vince Fong","Republican","California","CA","University of California Los Angeles",237357.599732651,636899.073223775,2.08874687764733
"0620","Vince Fong","Republican","California","CA","University of California, San Francisco",214524.381317767,575630.945876955,1.88781455559635
"0620","Vince Fong","Republican","California","CA","University of California at Davis",160492.545153909,430647.905872756,1.4123343973544
"0620","Vince Fong","Republican","California","CA","University of Southern California",95393.8057628042,255969.164459246,0.839465490712677
"0620","Vince Fong","Republican","California","CA","California State University Fresno",87061.2767244766,233610.579656828,0.766139235175394
"0621","Jim Costa","Democrat","California","CA","University of California, San Francisco",554698.757407368,1488417.16005327,4.88134906518484
"0621","Jim Costa","Democrat","California","CA","Stanford University",413947.161989235,1110739.93051628,3.64273502550527
"0621","Jim Costa","Democrat","California","CA","University of California at Davis",256788.072246255,689036.649396409,2.25973503576704
"0621","Jim Costa","Democrat","California","CA","University of California Los Angeles",154282.439826223,413984.397595454,1.35768547047076
"0621","Jim Costa","Democrat","California","CA","University of California Berkeley",114614.764035749,307544.553342097,1.00860992351459
"0622","David G. Valadao","Republican","California","CA","University of Southern California",238484.514407011,639922.911148116,2.09866372678169
"0622","David G. Valadao","Republican","California","CA","University of California Los Angeles",225489.719746018,605054.119562586,1.98430953376496
"0622","David G. Valadao","Republican","California","CA","University of California at Davis",128394.036123127,344518.324698204,1.12986751788352
"0622","David G. Valadao","Republican","California","CA","University of California, San Diego",80952.1704532414,217218.081052368,0.712379099988525
"0622","David G. Valadao","Republican","California","CA","University of California, San Francisco",42904.8762635533,115126.189175391,0.377562911119269
"0623","Jay Obernolte","Republican","California","CA","University of California-Irvine",940482.569807435,2523586.68004795,8.27624661430543
"0623","Jay Obernolte","Republican","California","CA","University of California Los Angeles",593393.999331627,1592247.68305944,5.22186719411831
"0623","Jay Obernolte","Republican","California","CA","Loma Linda University",535958.39835853,1438131.35785637,4.71643390555506
"0623","Jay Obernolte","Republican","California","CA","University of Southern California",476969.028814021,1279845.82229623,4.19732745356339
"0623","Jay Obernolte","Republican","California","CA","University of California Riverside",331690.926457855,890022.665782305,2.91888015282912
"0624","Salud O. Carbajal","Democrat","California","CA","University of California Santa Barbara",3264698.43230177,8760129.8978003,28.7293462042556
"0624","Salud O. Carbajal","Democrat","California","CA","University of California Los Angeles",332300.639625711,891658.702513285,2.92424562870626
"0624","Salud O. Carbajal","Democrat","California","CA","Stanford University",275964.77465949,740493.287010854,2.42849001700351
"0624","Salud O. Carbajal","Democrat","California","CA","University of Southern California",190787.611525608,511938.328918493,1.67893098142535
"0624","Salud O. Carbajal","Democrat","California","CA","Photothermal Spectroscopy Corp.",139238.816220469,373618.005521958,1.22530158274013
"0625","Raul Ruiz","Democrat","California","CA","University of Southern California",333878.320169815,895892.075607363,2.93812921749437
"0625","Raul Ruiz","Democrat","California","CA","University of California Riverside",318423.289399541,854421.759151013,2.80212494671596
"0625","Raul Ruiz","Democrat","California","CA","University of California, San Diego",242856.511359724,651654.243157105,2.13713729996557
"0625","Raul Ruiz","Democrat","California","CA","University of California Los Angeles",178018.199799488,477674.304917831,1.56656015823549
"0625","Raul Ruiz","Democrat","California","CA","Scripps Research Institute,the",105648.127164812,283484.473869324,0.929703519050342
"0626","Julia Brownley","Democrat","California","CA","University of California Los Angeles",3311138.51627048,8884742.07147166,29.1380189431802
"0626","Julia Brownley","Democrat","California","CA","University of Southern California",1001634.96050944,2687676.22682209,8.81438765248311
"0626","Julia Brownley","Democrat","California","CA","University of California-Irvine",470241.284903718,1261793.34002397,4.13812330715272
"0626","Julia Brownley","Democrat","California","CA","Cedars-Sinai Medical Center",350930.237915653,941647.301567032,3.08818609365775
"0626","Julia Brownley","Democrat","California","CA","University of California Santa Barbara",282521.979718423,758088.164232719,2.48619342152212
"0627","George Whitesides","Democrat","California","CA","University of California Los Angeles",4770887.75462628,12801671.3717979,41.9838122407112
"0627","George Whitesides","Democrat","California","CA","University of Southern California",1240119.47491646,3327599.1379702,10.9130513792648
"0627","George Whitesides","Democrat","California","CA","Cedars-Sinai Medical Center",715035.331179675,1918646.54960928,6.29231091438114
"0627","George Whitesides","Democrat","California","CA","California Institute of Technology",528307.26058675,1417601.14284981,4.6491038931634
"0627","George Whitesides","Democrat","California","CA","Beckman Research Institute",288162.325438266,773222.842733327,2.53582846385674
"0628","Judy Chu","Democrat","California","CA","California Institute of Technology",5610271.96665385,15053981.924825,49.3703933065539
"0628","Judy Chu","Democrat","California","CA","Beckman Research Institute",3481961.43237904,9343109.34969437,30.6412606049356
"0628","Judy Chu","Democrat","California","CA","University of California Los Angeles",3299270.63628384,8852897.11781047,29.0335815992978
"0628","Judy Chu","Democrat","California","CA","University of Southern California",1764785.40661188,4735429.54249606,15.5301115781845
"0628","Judy Chu","Democrat","California","CA","Cedars-Sinai Medical Center",715035.331179675,1918646.54960928,6.29231091438114
"0629","Luz M. Rivas","Democrat","California","CA","University of California Los Angeles",7298746.19177901,19584646.5016311,64.2289664876553
"0629","Luz M. Rivas","Democrat","California","CA","University of Southern California",1764785.40661188,4735429.54249606,15.5301115781845
"0629","Luz M. Rivas","Democrat","California","CA","Cedars-Sinai Medical Center",1372580.38447556,3683030.06005399,12.0787073833849
"0629","Luz M. Rivas","Democrat","California","CA","University of California-Irvine",470241.284903718,1261793.34002397,4.13812330715272
"0629","Luz M. Rivas","Democrat","California","CA","Children's Hospital of Los Angeles",462209.612890794,1240242.04161503,4.06744459343899
"0630","Laura Friedman","Democrat","California","CA","University of California Los Angeles",9150135.46969368,24552459.2727765,80.5211921333044
"0630","Laura Friedman","Democrat","California","CA","University of Southern California",3720358.42474937,9982797.41391061,32.7391541377944
"0630","Laura Friedman","Democrat","California","CA","Cedars-Sinai Medical Center",3293713.8370923,8837986.6188032,28.9846817664123
"0630","Laura Friedman","Democrat","California","CA","Children's Hospital of Los Angeles",1288253.14403684,3456755.69031217,11.3366276675242
"0630","Laura Friedman","Democrat","California","CA","California Institute of Technology",1281663.8376168,3439074.67585618,11.2786417710278
"0631","Gilbert Ray Cisneros, Jr.","Democrat","California","CA","Beckman Research Institute",4549229.30437262,12206897.6561141,40.033217878479
"0631","Gilbert Ray Cisneros, Jr.","Democrat","California","CA","University of California Los Angeles",2017539.59772753,5413642.12240209,17.7543484600023
"0631","Gilbert Ray Cisneros, Jr.","Democrat","California","CA","University of Southern California",1717088.50373048,4607444.96026644,15.1103788328282
"0631","Gilbert Ray Cisneros, Jr.","Democrat","California","CA","California Institute of Technology",1332738.85978833,3576123.72894135,11.7281019661373
"0631","Gilbert Ray Cisneros, Jr.","Democrat","California","CA","University of California-Irvine",940482.569807435,2523586.68004795,8.27624661430543
"0632","Brad Sherman","Democrat","California","CA","University of California Los Angeles",18288403.0594007,49073073.5918919,160.937946922726
"0632","Brad Sherman","Democrat","California","CA","Cedars-Sinai Medical Center",1725906.05063637,4631104.98825288,15.1879732456
"0632","Brad Sherman","Democrat","California","CA","University of Southern California",1049331.86339085,2815660.80905171,9.23412039783945
"0632","Brad Sherman","Democrat","California","CA","Rand Corporation",712974.551016505,1913116.88054657,6.27417604894525
"0632","Brad Sherman","Democrat","California","CA","California Institute of Technology",339968.116329238,912232.759598214,2.99171942369729
"0633","Pete Aguilar","Democrat","California","CA","University of California Riverside",968537.505256936,2598866.18408433,8.52313004626104
"0633","Pete Aguilar","Democrat","California","CA","University of Southern California",715453.543221032,1919768.73344435,6.29599118034508
"0633","Pete Aguilar","Democrat","California","CA","Beckman Research Institute",549642.954076692,1474850.97780616,4.83685799587489
"0633","Pete Aguilar","Democrat","California","CA","University of California-Irvine",470241.284903718,1261793.34002397,4.13812330715272
"0633","Pete Aguilar","Democrat","California","CA","Loma Linda University",465204.429719202,1248278.00113197,4.09379898152898
"0634","Jimmy Gomez","Democrat","California","CA","University of Southern California",9539380.57628042,25596916.4459246,83.9465490712677
"0634","Jimmy Gomez","Democrat","California","CA","University of California Los Angeles",5020113.23434556,13470415.3986828,44.1769964622409
"0634","Jimmy Gomez","Democrat","California","CA","Cedars-Sinai Medical Center",1712731.195288,4595753.04177767,15.0720345185344
"0634","Jimmy Gomez","Democrat","California","CA","California Institute of Technology",944887.910173281,2535407.48207579,8.31501360952487
"0634","Jimmy Gomez","Democrat","California","CA","Children's Hospital of Los Angeles",770609.607978401,2067768.40384128,6.78136455020993
"0635","Norma J. Torres","Democrat","California","CA","University of California-Irvine",2351206.42451859,6308966.70011987,20.6906165357636
"0635","Norma J. Torres","Democrat","California","CA","University of Southern California",1192422.57203505,3199614.55574058,10.4933186339085
"0635","Norma J. Torres","Democrat","California","CA","Beckman Research Institute",1037918.00551375,2785034.12799319,9.13367844852103
"0635","Norma J. Torres","Democrat","California","CA","University of California Los Angeles",640865.519278157,1719627.49770419,5.63961656964778
"0635","Norma J. Torres","Democrat","California","CA","University of California Riverside",305155.652341226,818820.852519721,2.68536974060279
"0636","Ted Lieu","Democrat","California","CA","University of California Los Angeles",24910680.0919417,66842557.7348352,219.213984809087
"0636","Ted Lieu","Democrat","California","CA","Cedars-Sinai Medical Center",1861247.7464878,4994265.89295279,16.3789801690926
"0636","Ted Lieu","Democrat","California","CA","Rand Corporation",1731146.2939069,4645166.07619036,15.2340873863807
"0636","Ted Lieu","Democrat","California","CA","University of Southern California",1526300.89220487,4095506.63134794,13.4314478514028
"0636","Ted Lieu","Democrat","California","CA","University of California-Irvine",470241.284903718,1261793.34002397,4.13812330715272
"0637","Sydney Kamlager-Dove","Democrat","California","CA","University of Southern California",16121553.1739139,43258788.7936126,141.869667930442
"0637","Sydney Kamlager-Dove","Democrat","California","CA","University of California Los Angeles",12010294.5464721,32227093.105123,105.690592008955
"0637","Sydney Kamlager-Dove","Democrat","California","CA","Cedars-Sinai Medical Center",2342728.82376456,6286218.84595602,20.6160136491282
"0637","Sydney Kamlager-Dove","Democrat","California","CA","Rand Corporation",768079.599549291,2060979.65966134,6.75910047603376
"0637","Sydney Kamlager-Dove","Democrat","California","CA","Stanford University",689911.936648725,1851233.21752713,6.07122504250878
"0638","Linda T. Sánchez","Democrat","California","CA","University of Southern California",2194057.5325445,5887290.78256267,19.3077062863916
"0638","Linda T. Sánchez","Democrat","California","CA","University of California Los Angeles",2065011.11767406,5541021.93704684,18.1720978355317
"0638","Linda T. Sánchez","Democrat","California","CA","University of California-Irvine",940482.569807435,2523586.68004795,8.27624661430543
"0638","Linda T. Sánchez","Democrat","California","CA","Beckman Research Institute",909845.860874524,2441379.53122282,8.00664357569581
"0638","Linda T. Sánchez","Democrat","California","CA","California Institute of Technology",459675.199543758,1233441.4777666,4.04514175598507
"0639","Mark Takano","Democrat","California","CA","University of California Riverside",3224035.80517035,8651020.31140401,28.3715150854991
"0639","Mark Takano","Democrat","California","CA","University of California-Irvine",1410723.85471115,3785380.02007192,12.4143699214581
"0639","Mark Takano","Democrat","California","CA","University of Southern California",572362.834576825,1535814.98675548,5.03679294427606
"0639","Mark Takano","Democrat","California","CA","University of California Los Angeles",344168.519612343,923503.656174474,3.02868297258862
"0639","Mark Takano","Democrat","California","CA","University of California, San Diego",215872.454541977,579248.216139649,1.8996775999694
"0640","Young Kim","Republican","California","CA","University of California-Irvine",2821447.70942231,7570760.04014385,24.8287398429163
"0640","Young Kim","Republican","California","CA","University of California Los Angeles",795147.95910438,2133611.89529965,6.99730204011854
"0640","Young Kim","Republican","California","CA","University of Southern California",763150.446102434,2047753.31567397,6.71572392570142
"0640","Young Kim","Republican","California","CA","Beckman Research Institute",362871.076477816,973688.024182708,3.19326547300478
"0640","Young Kim","Republican","California","CA","University of California, San Diego",319311.339010008,856804.653039898,2.80993978328807
"0641","Ken Calvert","Republican","California","CA","University of California-Irvine",940482.569807435,2523586.68004795,8.27624661430543
"0641","Ken Calvert","Republican","California","CA","University of California, San Diego",697088.134458468,1870489.03128428,6.13437558323452
"0641","Ken Calvert","Republican","California","CA","University of Southern California",620059.737458228,1663799.5689851,5.4565256896324
"0641","Ken Calvert","Republican","California","CA","University of California Riverside",597043.667624139,1602040.79840815,5.25398427509242
"0641","Ken Calvert","Republican","California","CA","University of California Los Angeles",320432.759639078,859813.748852096,2.81980828482389
"0642","Robert Garcia","Democrat","California","CA","University of Southern California",3815752.23051217,10238766.5783699,33.5786196285071
"0642","Robert Garcia","Democrat","California","CA","University of California Los Angeles",1578428.03822213,4235378.8369381,13.8901667363547
"0642","Robert Garcia","Democrat","California","CA","Cedars-Sinai Medical Center",398838.802818814,1070199.83420417,3.50978146480556
"0642","Robert Garcia","Democrat","California","CA","California State University Long Beach",315846.276214106,847506.887618196,2.77944723068413
"0642","Robert Garcia","Democrat","California","CA","Beckman Research Institute",272153.307358362,730266.018137031,2.39494910475359
"0643","Maxine Waters","Democrat","California","CA","University of California Los Angeles",7002049.19211319,18788522.6601014,61.6180328905961
"0643","Maxine Waters","Democrat","California","CA","University of Southern California",5246659.31695423,14078304.0452586,46.1706019891973
"0643","Maxine Waters","Democrat","California","CA","Cedars-Sinai Medical Center",1075547.28207596,2886004.35770374,9.46481608226845
"0643","Maxine Waters","Democrat","California","CA","University of California-Irvine",470241.284903718,1261793.34002397,4.13812330715272
"0643","Maxine Waters","Democrat","California","CA","Rand Corporation",442818.518209617,1188210.1275531,3.89680296024463
"0644","Nanette Diaz Barragan","Democrat","California","CA","University of Southern California",3529570.81322376,9470859.08499212,31.0602231563691
"0644","Nanette Diaz Barragan","Democrat","California","CA","University of California Los Angeles",2468519.03721957,6623750.36152726,21.7229675275322
"0644","Nanette Diaz Barragan","Democrat","California","CA","Lundquist Institute for Biomedical Innovation at Harbor-Ucla Medical Center",856350.56575097,2297836.18597329,7.53588497860853
"0644","Nanette Diaz Barragan","Democrat","California","CA","Cedars-Sinai Medical Center",523401.071567032,1404436.41906073,4.60592942978988
"0644","Nanette Diaz Barragan","Democrat","California","CA","Beckman Research Institute",189440.04727886,508322.424389502,1.66707241605397
"0645","Derek Tran","Democrat","California","CA","University of California Los Angeles",1210523.75863652,3248185.27344125,10.6526090760014
"0645","Derek Tran","Democrat","California","CA","University of Southern California",953938.057628042,2559691.64459246,8.39465490712677
"0645","Derek Tran","Democrat","California","CA","University of California-Irvine",940482.569807435,2523586.68004795,8.27624661430543
"0645","Derek Tran","Democrat","California","CA","Beckman Research Institute",330853.040318009,887774.374990116,2.91150675479848
"0645","Derek Tran","Democrat","California","CA","Cedars-Sinai Medical Center",252717.679864173,678114.6096609,2.22391558280472
"0646","J. Luis Correa","Democrat","California","CA","University of California-Irvine",1880965.13961487,5047173.3600959,16.5524932286109
"0646","J. Luis Correa","Democrat","California","CA","University of Southern California",1383210.18356066,3711552.88465907,12.1722496153338
"0646","J. Luis Correa","Democrat","California","CA","University of California Los Angeles",830751.599064277,2229146.75628321,7.31061407176564
"0646","J. Luis Correa","Democrat","California","CA","University of California, San Diego",188888.39772423,506842.189122193,1.66221789997322
"0646","J. Luis Correa","Democrat","California","CA","Beckman Research Institute",186771.877598876,501162.953623453,1.64359252287011
"0647","Dave Min","Democrat","California","CA","University of California-Irvine",15988203.6867264,42900973.5608151,140.696192443192
"0647","Dave Min","Democrat","California","CA","University of California Los Angeles",700204.919211319,1878852.26601014,6.16180328905961
"0647","Dave Min","Democrat","California","CA","University of Southern California",476969.028814021,1279845.82229623,4.19732745356339
"0647","Dave Min","Democrat","California","CA","Stanford University",275964.77465949,740493.287010854,2.42849001700351
"0647","Dave Min","Democrat","California","CA","University of California, San Diego",265343.225374514,711992.599004986,2.33502038329572
"0648","Darrell Issa","Republican","California","CA","University of California, San Diego",9012674.97712755,24183613.0238304,79.3115397987224
"0648","Darrell Issa","Republican","California","CA","Scripps Research Institute,the",3375179.64152845,9056582.92835156,29.7015808454504
"0648","Darrell Issa","Republican","California","CA","Salk Institute for Biological Studies",1091574.11961079,2929008.99705018,9.60585225257495
"0648","Darrell Issa","Republican","California","CA","University of California-Irvine",940482.569807435,2523586.68004795,8.27624661430543
"0648","Darrell Issa","Republican","California","CA","Sanford Burnham Prebys",907713.287050477,2435657.21900848,7.9878769260442
"0649","Mike Levin","Democrat","California","CA","University of California, San Diego",10519284.8161184,28226282.8656383,92.5697063818422
"0649","Mike Levin","Democrat","California","CA","Scripps Research Institute,the",4231485.51433798,11354299.1902398,37.2370725261742
"0649","Mike Levin","Democrat","California","CA","University of California-Irvine",3761930.27922974,10094346.7201918,33.1049864572217
"0649","Mike Levin","Democrat","California","CA","Salk Institute for Biological Studies",1368513.84682671,3672118.36368236,12.042921852075
"0649","Mike Levin","Democrat","California","CA","Sanford Burnham Prebys",1119573.93352504,3004140.59406881,9.85225061502031
"0650","Scott H. Peters","Democrat","California","CA","University of California, San Diego",40075821.7171575,107535017.792092,352.667231110986
"0650","Scott H. Peters","Democrat","California","CA","Scripps Research Institute,the",13995596.6354648,37554232.669952,123.16125039209
"0650","Scott H. Peters","Democrat","California","CA","Salk Institute for Biological Studies",4526346.06105495,12145495.2974882,39.8318453372836
"0650","Scott H. Peters","Democrat","California","CA","Sanford Burnham Prebys",3181258.06940461,8536235.27694756,27.9950710107605
"0650","Scott H. Peters","Democrat","California","CA","La Jolla Institute for Immunology",2890947.83422186,7757248.97129089,25.4403409411523
"0651","Sara Jacobs","Democrat","California","CA","University of California, San Diego",29961297.7533052,80394825.3317155,263.659420229086
"0651","Sara Jacobs","Democrat","California","CA","Scripps Research Institute,the",10431362.4505888,27990361.735729,91.7959895651811
"0651","Sara Jacobs","Democrat","California","CA","Salk Institute for Biological Studies",3373629.40426662,9052423.19351918,29.6879387575463
"0651","Sara Jacobs","Democrat","California","CA","San Diego State University",2680065.15051575,7191389.75312116,23.5845733245386
"0651","Sara Jacobs","Democrat","California","CA","Sanford Burnham Prebys",2574898.28811536,6909196.65177489,22.6591049354151
"0652","Juan Vargas","Democrat","California","CA","University of California, San Diego",12021397.3123064,32256885.0362767,105.788296348296
"0652","Juan Vargas","Democrat","California","CA","Scripps Research Institute,the",5610471.59522604,15054517.5860078,49.3721500379892
"0652","Juan Vargas","Democrat","California","CA","San Diego State University",2266784.07590351,6082437.12763986,19.9476998679509
"0652","Juan Vargas","Democrat","California","CA","Salk Institute for Biological Studies",1814494.70623935,4868813.96709001,15.9675534149063
"0652","Juan Vargas","Democrat","California","CA","La Jolla Institute for Immunology",1675218.11585704,4495094.60256923,14.7419194195419
"0801","Diana DeGette","Democrat","Colorado","CO","University of Colorado Denver",19255986.9659799,53933377.8161899,184.857474873407
"0801","Diana DeGette","Democrat","Colorado","CO","National Jewish Health",2774292.65466695,7770413.12819659,26.6332094848027
"0801","Diana DeGette","Democrat","Colorado","CO","University of Denver (Colorado Seminary)",557783.577957593,1562275.28107501,5.35472234839289
"0801","Diana DeGette","Democrat","Colorado","CO","Denver Health and Hospital Authority",132249.301352527,370412.150173058,1.26959329298426
"0801","Diana DeGette","Democrat","Colorado","CO","Colorado State University",113845.219469242,318864.841622996,1.09291410690472
"0802","Joe Neguse","Democrat","Colorado","CO","Colorado State University",7324042.4525212,20513638.1444127,70.3108075442036
"0802","Joe Neguse","Democrat","Colorado","CO","University of Colorado Denver",3711273.1052797,10394766.82861,35.6282218106851
"0802","Joe Neguse","Democrat","Colorado","CO","Crestone, Inc.",872504.679569967,2443765.910975,8.37604492387168
"0802","Joe Neguse","Democrat","Colorado","CO","Point Designs, LLC",246391.916533536,690109.95638582,2.36536239872195
"0802","Joe Neguse","Democrat","Colorado","CO","National Jewish Health",236963.235943958,663701.515548986,2.27484706506199
"0803","Jeff Hurd","Republican","Colorado","CO","University of Colorado Denver",379872.578522738,1063970.97877525,3.64677675381829
"0803","Jeff Hurd","Republican","Colorado","CO","Fort Lewis College",68071.8663353,190659.959014367,0.65348991681888
"0803","Jeff Hurd","Republican","Colorado","CO","National Jewish Health",54683.8236793748,153161.888203612,0.524964707321999
"0803","Jeff Hurd","Republican","Colorado","CO","University of Wyoming",31977.03041927,124875.817068356,0.249420837270306
"0803","Jeff Hurd","Republican","Colorado","CO","Colorado State University",37948.4064897472,106288.280540999,0.364304702301573
"0804","Lauren Boebert","Republican","Colorado","CO","University of Colorado Denver",6974351.22582754,19534200.9916146,66.9537717679443
"0804","Lauren Boebert","Republican","Colorado","CO","Colorado State University",1024606.97522317,2869783.57460696,9.83622696214247
"0804","Lauren Boebert","Republican","Colorado","CO","National Jewish Health",627041.178190165,1756256.31806809,6.01959531062558
"0804","Lauren Boebert","Republican","Colorado","CO","University of Denver (Colorado Seminary)",112136.346807622,314078.523733306,1.07650892935317
"0804","Lauren Boebert","Republican","Colorado","CO","Crestone, Inc.",91203.349193216,255448.069155322,0.875552152254873
"0805","Jeff Crank","Republican","Colorado","CO","University of Colorado Denver",3451647.96168502,9667592.41865567,33.1358204321762
"0805","Jeff Crank","Republican","Colorado","CO","Colorado State University",75896.8129794943,212576.561081997,0.728609404603146
"0805","Jeff Crank","Republican","Colorado","CO","Ablelink Technologies, Inc.",52578.3061780521,147264.622532522,0.5047517393093
"0805","Jeff Crank","Republican","Colorado","CO","National Jewish Health",36455.8824529166,102107.925469075,0.349976471547999
"0805","Jeff Crank","Republican","Colorado","CO","University of Denver (Colorado Seminary)",31879.7168856658,89290.7135066853,0.306045282102391
"0806","Jason A. Crow","Democrat","Colorado","CO","University of Colorado Denver",16812777.7199416,47090283.8951462,161.40266611144
"0806","Jason A. Crow","Democrat","Colorado","CO","National Jewish Health",1644160.29862654,4605067.43865527,15.7839388668148
"0806","Jason A. Crow","Democrat","Colorado","CO","University of Denver (Colorado Seminary)",300962.362207334,842954.288349826,2.88923867719041
"0806","Jason A. Crow","Democrat","Colorado","CO","Colorado State University",113845.219469242,318864.841622996,1.09291410690472
"0806","Jason A. Crow","Democrat","Colorado","CO","Biomimetix Jv, LLC",96578.0763361046,270501.942538622,0.927149532826604
"0807","Brittany Pettersen","Democrat","Colorado","CO","University of Colorado Denver",5911254.58521354,16556613.1445386,56.74804401805
"0807","Brittany Pettersen","Democrat","Colorado","CO","National Jewish Health",1031701.47341754,2889654.29077482,9.90433414480837
"0807","Brittany Pettersen","Democrat","Colorado","CO","Klein Buendel, Inc.",305058.150756057,854426.030184912,2.92855824725815
"0807","Brittany Pettersen","Democrat","Colorado","CO","Crestone, Inc.",200294.038058709,560996.122818103,1.92282276536361
"0807","Brittany Pettersen","Democrat","Colorado","CO","Colorado School of Mines",171554.940641686,480501.8535902,1.64692743016019
"0808","Gabe Evans","Republican","Colorado","CO","University of Colorado Denver",5717218.95157963,16013145.9539411,54.8853019351644
"0808","Gabe Evans","Republican","Colorado","CO","National Jewish Health",820257.355190623,2297428.32305418,7.87447060982998
"0808","Gabe Evans","Republican","Colorado","CO","Colorado State University",683071.316815449,1913189.04973797,6.55748464142831
"0808","Gabe Evans","Republican","Colorado","CO","Crestone, Inc.",297901.496517308,834381.22346375,2.85985436656616
"0808","Gabe Evans","Republican","Colorado","CO","Klein Buendel, Inc.",89120.283585895,249613.688159217,0.855554722424592
"0901","John B. Larson","Democrat","Connecticut","CT","Yale University",8076549.14832853,18370554.6269539,61.3817735272968
"0901","John B. Larson","Democrat","Connecticut","CT","University of Connecticut School of Medicine",5442347.50458079,12378918.309741,41.361841034814
"0901","John B. Larson","Democrat","Connecticut","CT","University of Connecticut Storrs",1123100.91626043,2554554.71821328,8.53556696357924
"0901","John B. Larson","Democrat","Connecticut","CT","Hartford Hospital",285756.950889852,649969.879455289,2.17175282676288
"0901","John B. Larson","Democrat","Connecticut","CT","Connecticut Children's Medical Center",252429.581128533,574164.946490853,1.91846481657685
"0902","Joe Courtney","Democrat","Connecticut","CT","Yale University",9205529.13680456,20938481.6178184,69.9620214397146
"0902","Joe Courtney","Democrat","Connecticut","CT","University of Connecticut Storrs",4691616.93810589,10671340.4038473,35.6562887296048
"0902","Joe Courtney","Democrat","Connecticut","CT","University of Connecticut School of Medicine",1667091.5889013,3791891.38078665,12.6698960756499
"0902","Joe Courtney","Democrat","Connecticut","CT","University of Massachusetts Medical School Worcester",346927.95073149,777114.133936365,2.74073081077877
"0902","Joe Courtney","Democrat","Connecticut","CT","Brown University",288099.067929088,599551.079329682,2.13193310267525
"0903","Rosa L. DeLauro","Democrat","Connecticut","CT","Yale University",70170448.5145102,159606539.124502,533.295408710277
"0903","Rosa L. DeLauro","Democrat","Connecticut","CT","University of Connecticut School of Medicine",973627.228794882,2214568.60651528,7.3995669388411
"0903","Rosa L. DeLauro","Democrat","Connecticut","CT","University of Connecticut Storrs",320473.526233695,728934.636816643,2.43559879937608
"0903","Rosa L. DeLauro","Democrat","Connecticut","CT","Columbia University",302375.483398048,712784.165986503,2.14686593212614
"0903","Rosa L. DeLauro","Democrat","Connecticut","CT","L2 Diagnostics, LLC",221748.797178942,504379.81831388,1.68529085855996
"0904","James A. Himes","Democrat","Connecticut","CT","Yale University",10334509.1252806,23506408.6086829,78.5422693521325
"0904","James A. Himes","Democrat","Connecticut","CT","Columbia University",503959.138996747,1187973.60997751,3.5781098868769
"0904","James A. Himes","Democrat","Connecticut","CT","Weill Medical College of Cornell University",466854.639678175,1100507.85612762,3.31466794171504
"0904","James A. Himes","Democrat","Connecticut","CT","New York University School of Medicine",451869.51236085,1065183.69109596,3.20827353776204
"0904","James A. Himes","Democrat","Connecticut","CT","University of Connecticut School of Medicine",412484.690051523,938219.082458235,3.13488364439157
"0905","Jahana Hayes","Democrat","Connecticut","CT","Yale University",10421353.7397787,23703941.454134,79.2022884223184
"0905","Jahana Hayes","Democrat","Connecticut","CT","University of Connecticut School of Medicine",3813645.5799021,8674346.32870792,28.983706407256
"0905","Jahana Hayes","Democrat","Connecticut","CT","University of Connecticut Storrs",409012.758706668,930321.983925145,3.10849696617067
"0905","Jahana Hayes","Democrat","Connecticut","CT","Icahn School of Medicine at Mount Sinai",184657.073185262,435288.722566835,1.31106521961536
"0905","Jahana Hayes","Democrat","Connecticut","CT","Sloan-Kettering Inst Can Research",115827.140136831,273037.187252218,0.8223726949715
"1000","Sarah McBride","Democrat","Delaware","DE","University of Delaware",6721568.51989621,15814198.8164084,36.9686268594292
"1000","Sarah McBride","Democrat","Delaware","DE","University of Pennsylvania",2003412.61389128,4817410.70522455,17.0290072180759
"1000","Sarah McBride","Democrat","Delaware","DE","Delaware State University",1078803.39819185,2538159.26629672,5.93341869005519
"1000","Sarah McBride","Democrat","Delaware","DE","Nemours Children's Hospital, Delaware",871379.557465392,2050141.94611296,4.79258756605965
"1000","Sarah McBride","Democrat","Delaware","DE","Children's Hospital of Philadelphia",561110.857254533,1349248.49320251,4.76944228666353
"1198","Eleanor Holmes Norton","Democrat","District of Columbia","DC","Georgetown University",3570842.56299491,7037680.00279579,5.71334810079186
"1198","Eleanor Holmes Norton","Democrat","District of Columbia","DC","George Washington University",3314944.04435769,6533336.32043312,5.30391047097231
"1198","Eleanor Holmes Norton","Democrat","District of Columbia","DC","Children's Research Institute",1801087.38953159,3549715.92305741,2.88173982325055
"1198","Eleanor Holmes Norton","Democrat","District of Columbia","DC","Johns Hopkins University",1143942.55519193,2505131.40807053,9.6091174636122
"1198","Eleanor Holmes Norton","Democrat","District of Columbia","DC","Pyxis Partners LLC",1107236.28516986,2182222.96980079,1.77157805627177
"1201","Jimmy Patronis","Republican","Florida","FL","Florida State University",167386.185280486,537662.530722129,1.87472527514144
"1201","Jimmy Patronis","Republican","Florida","FL","University of West Florida",118508.398136783,380661.792054574,1.32729405913197
"1201","Jimmy Patronis","Republican","Florida","FL","Florida Institu /Human/Machine Cognition",49101.2369771781,157718.483699827,0.549933854144395
"1201","Jimmy Patronis","Republican","Florida","FL","University of Florida",33421.4642662644,107353.357911394,0.374320399782161
"1201","Jimmy Patronis","Republican","Florida","FL","University of South Alabama",32581.7174201999,80231.0891422328,0.299751800265839
"1202","Neal P. Dunn","Republican","Florida","FL","Florida State University",7885213.9655872,25328160.0803489,88.3143964145767
"1202","Neal P. Dunn","Republican","Florida","FL","Florida A&M University",1138522.39381892,3657057.06548448,12.7514508107719
"1202","Neal P. Dunn","Republican","Florida","FL","University of Florida",261801.470085738,840934.636972587,2.93217646496026
"1202","Neal P. Dunn","Republican","Florida","FL","University of South Florida",77239.0079177042,248100.047192729,0.865076888678288
"1202","Neal P. Dunn","Republican","Florida","FL","Mayo Clinic Jacksonville",48315.5181646523,155194.669894819,0.541133803444106
"1203","Kat Cammack","Republican","Florida","FL","University of Florida",39777112.720899,127768388.140878,445.503662474069
"1203","Kat Cammack","Republican","Florida","FL","Nanotherapeutics, Inc.",387925.326453745,1246058.10451339,4.34476365628195
"1203","Kat Cammack","Republican","Florida","FL","Foundation for Applied Molecular Evolutn",259080.451204864,832194.430036263,2.90170105349447
"1203","Kat Cammack","Republican","Florida","FL","Mayo Clinic Jacksonville",122801.942001825,394453.119315998,1.37538175042044
"1203","Kat Cammack","Republican","Florida","FL","University of South Florida",117757.831743385,378250.891621702,1.31888771552591
"1204","Aaron Bean","Republican","Florida","FL","Mayo Clinic Jacksonville",2013146.59019385,6466444.57895078,22.5472418101711
"1204","Aaron Bean","Republican","Florida","FL","University of Florida",1236594.17785178,3972074.24272158,13.84985479194
"1204","Aaron Bean","Republican","Florida","FL","Nemours Children's Clinic",148432.417604809,476780.979008962,1.66244307717386
"1204","Aaron Bean","Republican","Florida","FL","University of Georgia",86305.5298030538,253488.293342421,1.01840525167603
"1204","Aaron Bean","Republican","Florida","FL","Florida atlantic University",68546.1742393529,220177.725247121,0.767717151480752
"1205","John H. Rutherford","Republican","Florida","FL","Mayo Clinic Jacksonville",6572923.6169829,21112941.5502743,73.6167445102085
"1205","John H. Rutherford","Republican","Florida","FL","University of Florida",384346.83906204,1234563.61598103,4.30468459749485
"1205","John H. Rutherford","Republican","Florida","FL","Nemours Children's Clinic",170047.551294997,546211.12619996,1.90453257450397
"1205","John H. Rutherford","Republican","Florida","FL","Jaeb Center for Health Research, Inc.",84206.8401970656,270481.478077787,0.943116610207134
"1205","John H. Rutherford","Republican","Florida","FL","Emory University",77088.0832139578,226415.696601787,0.909639381924702
"1206","Randy Fine","Republican","Florida","FL","University of Florida",1743486.38589013,5600266.83771106,19.5270475219694
"1206","Randy Fine","Republican","Florida","FL","Mayo Clinic Jacksonville",157025.43403512,504382.677158161,1.75868486119334
"1206","Randy Fine","Republican","Florida","FL","Jaeb Center for Health Research, Inc.",65494.2090421621,210374.48294939,0.733535141272216
"1206","Randy Fine","Republican","Florida","FL","University of South Florida",63310.6622276264,203360.69442027,0.709079416949416
"1206","Randy Fine","Republican","Florida","FL","University of Central Florida",51602.2529287355,165752.017432838,0.577945232801838
"1207","Cory Mills","Republican","Florida","FL","University of Central Florida",871076.836752237,2797993.01069462,9.75606057162505
"1207","Cory Mills","Republican","Florida","FL","Adventhealth Orlando",236536.02661914,759779.299981637,2.64920349813437
"1207","Cory Mills","Republican","Florida","FL","University of Florida",200528.785597586,644120.147468365,2.24592239869297
"1207","Cory Mills","Republican","Florida","FL","Hesperos, LLC",174264.305589859,559755.797056815,1.95176022260642
"1207","Cory Mills","Republican","Florida","FL","Mayo Clinic Jacksonville",75492.9971322692,242491.671710654,0.845521567881415
"1208","Mike Haridopolos","Republican","Florida","FL","University of Central Florida",185999.165407308,597449.435970603,2.08319065256185
"1208","Mike Haridopolos","Republican","Florida","FL","Florida Institute of Technology",99808.4237966852,320595.451984225,1.11785434652287
"1208","Mike Haridopolos","Republican","Florida","FL","Inspiredtherapeutics, LLC",91843.5287873379,295011.34777344,1.02864752241818
"1208","Mike Haridopolos","Republican","Florida","FL","University of Florida",83553.660665661,268383.394778485,0.935800999455403
"1208","Mike Haridopolos","Republican","Florida","FL","Scripps Florida",74412.6513409233,239021.484184386,0.833421695018341
"1209","Darren Soto","Democrat","Florida","FL","University of Central Florida",287663.305505712,924005.649420373,3.22182902166398
"1209","Darren Soto","Democrat","Florida","FL","Adventhealth Orlando",135059.15100167,433824.600298157,1.5126624912187
"1209","Darren Soto","Democrat","Florida","FL","University of Florida",105834.636843171,339952.300052748,1.18534793264351
"1209","Darren Soto","Democrat","Florida","FL","University of South Florida",86102.500629572,276570.544411567,0.964348007051206
"1209","Darren Soto","Democrat","Florida","FL","Hesperos, LLC",57548.822403017,184853.041733617,0.644546810913791
"1210","Maxwell Frost","Democrat","Florida","FL","University of Central Florida",1089423.68309995,3499346.69639924,12.2015452507194
"1210","Maxwell Frost","Democrat","Florida","FL","Adventhealth Orlando",300387.275970034,964876.418708873,3.36433749086438
"1210","Maxwell Frost","Democrat","Florida","FL","Hesperos, LLC",217945.941871667,700065.937167873,2.44099454896267
"1210","Maxwell Frost","Democrat","Florida","FL","University of Florida",155966.833242567,500982.336919839,1.74682853231675
"1210","Maxwell Frost","Democrat","Florida","FL","University of South Florida",70907.9416949416,227763.977750702,0.794168946983346
"1211","Daniel Webster","Republican","Florida","FL","University of Florida",222809.761775096,715689.052742627,2.49546933188107
"1211","Daniel Webster","Republican","Florida","FL","Adventhealth Orlando",127927.129306363,410915.775251227,1.43278384823127
"1211","Daniel Webster","Republican","Florida","FL","University of Central Florida",123999.443604872,398299.623980402,1.38879376837457
"1211","Daniel Webster","Republican","Florida","FL","University of South Florida",97498.4198305447,313175.469407216,1.0919823021021
"1211","Daniel Webster","Republican","Florida","FL","Moffitt Cancer Center",49017.8937827844,157450.776345477,0.549000410367185
"1212","Gus M. Bilirakis","Republican","Florida","FL","University of South Florida",1594162.47489163,5120622.2855024,17.8546197187863
"1212","Gus M. Bilirakis","Republican","Florida","FL","Moffitt Cancer Center",801474.393149682,2574422.43401241,8.97651320327644
"1212","Gus M. Bilirakis","Republican","Florida","FL","Jaeb Center for Health Research, Inc.",233907.889436293,751337.439104965,2.61976836168648
"1212","Gus M. Bilirakis","Republican","Florida","FL","University of Florida",228380.005819473,733581.279061193,2.5578560651781
"1212","Gus M. Bilirakis","Republican","Florida","FL","Mayo Clinic Jacksonville",41269.5050989738,132562.113868491,0.462218457108507
"1213","Anna Paulina Luna","Republican","Florida","FL","University of South Florida",1099073.0962716,3530341.65513589,12.3096186782419
"1213","Anna Paulina Luna","Republican","Florida","FL","Moffitt Cancer Center",552565.348096842,1774899.66062174,6.18873189868463
"1213","Anna Paulina Luna","Republican","Florida","FL","Jaeb Center for Health Research, Inc.",187126.311549035,601069.951283972,2.09581468934919
"1213","Anna Paulina Luna","Republican","Florida","FL","University of Florida",183818.053464454,590443.468512668,2.05876219880189
"1213","Anna Paulina Luna","Republican","Florida","FL","Emory University",65524.8707318641,192453.342111519,0.773193474635996
"1214","Kathy Castor","Democrat","Florida","FL","University of South Florida",4786286.06440856,15374068.4981724,53.6064039213759
"1214","Kathy Castor","Democrat","Florida","FL","Moffitt Cancer Center",2406332.9675185,7729401.74786888,26.9509292362073
"1214","Kathy Castor","Democrat","Florida","FL","Jaeb Center for Health Research, Inc.",467815.778872586,1502674.87820993,5.23953672337297
"1214","Kathy Castor","Democrat","Florida","FL","University of Florida",222809.761775096,715689.052742627,2.49546933188107
"1214","Kathy Castor","Democrat","Florida","FL","Emory University",73233.6790532599,215094.911771697,0.864157412828467
"1215","Laurel M. Lee","Republican","Florida","FL","University of South Florida",8350676.34782393,26823275.5940336,93.527575095628
"1215","Laurel M. Lee","Republican","Florida","FL","Moffitt Cancer Center",4198350.77269432,13485556.7532263,47.0215286541764
"1215","Laurel M. Lee","Republican","Florida","FL","Jaeb Center for Health Research, Inc.",1094688.92256185,3516259.21501124,12.2605159326927
"1215","Laurel M. Lee","Republican","Florida","FL","University of Florida",139256.101109435,447305.657964142,1.55966833242567
"1215","Laurel M. Lee","Republican","Florida","FL","Florida Assn of Pediatric Tumor Prog",59457.1299972188,190982.732118612,0.665919855968851
"1216","Vern Buchanan","Republican","Florida","FL","University of South Florida",1777763.39535175,5710368.29932118,19.9109500279396
"1216","Vern Buchanan","Republican","Florida","FL","Moffitt Cancer Center",893780.816506873,2870920.64920844,10.010345144877
"1216","Vern Buchanan","Republican","Florida","FL","Jaeb Center for Health Research, Inc.",252620.520591197,811444.434233363,2.8293498306214
"1216","Vern Buchanan","Republican","Florida","FL","University of Florida",155966.833242567,500982.336919839,1.74682853231675
"1216","Vern Buchanan","Republican","Florida","FL","Roskamp Institute, Inc.",114000.698851998,366182.574423018,1.27680782714238
"1217","W. Gregory Steube","Republican","Florida","FL","University of South Florida",236781.876731323,760568.997131809,2.65195701939082
"1217","W. Gregory Steube","Republican","Florida","FL","University of Florida",122545.368976303,393628.979008445,1.37250813253459
"1217","W. Gregory Steube","Republican","Florida","FL","Moffitt Cancer Center",119043.456329619,382380.456839016,1.33328671089173
"1217","W. Gregory Steube","Republican","Florida","FL","Jaeb Center for Health Research, Inc.",46781.5778872587,150267.487820993,0.523953672337297
"1217","W. Gregory Steube","Republican","Florida","FL","Roskamp Institute, Inc.",44900.8311517134,144226.325894839,0.50288930889919
"1218","C. Scott Franklin","Republican","Florida","FL","University of South Florida",217788.678063035,699560.788805728,2.43923319430599
"1218","C. Scott Franklin","Republican","Florida","FL","Moffitt Cancer Center",109494.515982324,351708.227680806,1.22633857900202
"1218","C. Scott Franklin","Republican","Florida","FL","Sustainable Workplace Alliance, Inc.",87023.5164061153,279528.946698001,0.974663383748491
"1218","C. Scott Franklin","Republican","Florida","FL","Jaeb Center for Health Research, Inc.",74850.5246196138,240427.980513589,0.838325875739675
"1218","C. Scott Franklin","Republican","Florida","FL","University of Florida",72413.1725769062,232598.942141354,0.811027532861349
"1219","Byron Donalds","Republican","Florida","FL","Florida Gulf Coast University",120586.566496855,387337.093590781,1.35056954476477
"1219","Byron Donalds","Republican","Florida","FL","University of Florida",83553.660665661,268383.394778485,0.935800999455403
"1219","Byron Donalds","Republican","Florida","FL","University of South Florida",73440.3681840467,235898.405527513,0.822532123661323
"1219","Byron Donalds","Republican","Florida","FL","University of Miami",56758.4505445397,182314.281841763,0.635694646098845
"1219","Byron Donalds","Republican","Florida","FL","Scripps Florida",43595.2906845813,140032.788714084,0.488267255667311
"1220","Sheila Cherfilus-McCormick","Democrat","Florida","FL","University of Miami",605423.47247509,1944685.6729788,6.78074289172101
"1220","Sheila Cherfilus-McCormick","Democrat","Florida","FL","Scripps Florida",327716.323077197,1052660.27378174,3.67042281846461
"1220","Sheila Cherfilus-McCormick","Democrat","Florida","FL","Florida International University",202513.007251032,650493.682022112,2.26814568121156
"1220","Sheila Cherfilus-McCormick","Democrat","Florida","FL","Florida atlantic University",151439.22215671,486439.160429686,1.69611928815515
"1220","Sheila Cherfilus-McCormick","Democrat","Florida","FL","Nova Southeastern University",120968.165677741,388562.83143153,1.3548434555907
"1221","Brian J. Mast","Republican","Florida","FL","Scripps Florida",1802439.77692459,5789631.50579956,20.1873255015554
"1221","Brian J. Mast","Republican","Florida","FL","Max Planck Florida Corporation",642136.46085369,2062611.76233279,7.19192836156132
"1221","Brian J. Mast","Republican","Florida","FL","University of Miami",293251.994480122,941957.122849109,3.28442233817736
"1221","Brian J. Mast","Republican","Florida","FL","Emmune, Inc",244704.686900316,786017.920283704,2.74069249328354
"1221","Brian J. Mast","Republican","Florida","FL","Myosintherapeutics Inc.",98607.6934896526,316738.57637342,1.10440616708411
"1222","Lois Frankel","Democrat","Florida","FL","Scripps Florida",432946.335074463,1390670.45343642,4.84899895283398
"1222","Lois Frankel","Democrat","Florida","FL","University of Miami",387849.412054355,1245814.25925205,4.34391341500877
"1222","Lois Frankel","Democrat","Florida","FL","Florida atlantic University",376890.094239631,1210611.74512952,4.22116905548387
"1222","Lois Frankel","Democrat","Florida","FL","Florida International University",107149.73928626,344176.551334451,1.20007708000611
"1222","Lois Frankel","Democrat","Florida","FL","Max Planck Florida Corporation",104412.432659137,335384.026395576,1.16941924578233
"1223","Jared Moskowitz","Democrat","Florida","FL","Florida atlantic University",595281.39356036,1912108.21859128,6.66715160787603
"1223","Jared Moskowitz","Democrat","Florida","FL","University of Miami",543935.151051839,1747178.53431689,6.0920736917806
"1223","Jared Moskowitz","Democrat","Florida","FL","University of Florida",150396.58919819,483090.110601273,1.68444179901972
"1223","Jared Moskowitz","Democrat","Florida","FL","Florida International University",147866.640215039,474963.640841542,1.65610637040844
"1223","Jared Moskowitz","Democrat","Florida","FL","Aventusoft, LLC",123627.278129606,397104.188222405,1.38462551505159
"1224","Frederica S. Wilson","Democrat","Florida","FL","University of Miami",4389320.1754444,14098971.1290963,49.1603859649773
"1224","Frederica S. Wilson","Democrat","Florida","FL","Florida International University",928988.239611876,2984010.70006969,10.404668283653
"1224","Frederica S. Wilson","Democrat","Florida","FL","University of Miami Coral Gables",460258.408423127,1478399.7869612,5.15489417433902
"1224","Frederica S. Wilson","Democrat","Florida","FL","Cardiac Rsk3 Inhibitors, LLC",143042.077355601,459466.623137921,1.60207126638274
"1224","Frederica S. Wilson","Democrat","Florida","FL","Mount Sinai Medical Center (Miami Beach)",109586.690978725,352004.303738405,1.22737093896172
"1225","Debbie Wasserman Schultz","Democrat","Florida","FL","University of Miami",2303447.11793257,7398921.27141155,25.7986077208448
"1225","Debbie Wasserman Schultz","Democrat","Florida","FL","Florida International University",818624.008147028,2629508.85219521,9.16858889124672
"1225","Debbie Wasserman Schultz","Democrat","Florida","FL","Nova Southeastern University",241830.451122942,776785.564104696,2.70850105257695
"1225","Debbie Wasserman Schultz","Democrat","Florida","FL","University of Miami Coral Gables",241536.470799637,775841.267510888,2.70520847295593
"1225","Debbie Wasserman Schultz","Democrat","Florida","FL","University of Florida",116975.124931925,375736.752689879,1.31012139923756
"1226","Mario Diaz-Balart","Republican","Florida","FL","University of Miami",2875761.49425668,9237256.94664932,32.2085287356748
"1226","Mario Diaz-Balart","Republican","Florida","FL","Florida International University",665399.880967676,2137336.38378694,7.45247866683797
"1226","Mario Diaz-Balart","Republican","Florida","FL","University of Miami Coral Gables",301548.612415152,968606.756974579,3.37734445904971
"1226","Mario Diaz-Balart","Republican","Florida","FL","Columbia University",100791.827799349,237594.721995501,0.71562197737538
"1226","Mario Diaz-Balart","Republican","Florida","FL","Scripps Florida",42843.6477417437,137618.43028798,0.47984885470753
"1227","Maria Elvira Salazar","Republican","Florida","FL","University of Miami",14563272.4355531,46778806.1492323,163.108651278195
"1227","Maria Elvira Salazar","Republican","Florida","FL","Florida International University",2545877.80544154,8177634.85970656,28.5138314209453
"1227","Maria Elvira Salazar","Republican","Florida","FL","University of Miami Coral Gables",1527085.81846423,4905164.81040251,17.1033611667994
"1227","Maria Elvira Salazar","Republican","Florida","FL","Mabloc, LLC",50676.484199529,162778.348148395,0.567576623034724
"1227","Maria Elvira Salazar","Republican","Florida","FL","Colliga Apps Corp.",45533.162317199,146257.441987961,0.509971417952629
"1228","Carlos A. Gimenez","Republican","Florida","FL","University of Miami",5642735.95830299,18125078.1864353,63.1986427329935
"1228","Carlos A. Gimenez","Republican","Florida","FL","Florida International University",2231929.0693328,7169197.56429662,24.9976055765274
"1228","Carlos A. Gimenez","Republican","Florida","FL","University of Miami Coral Gables",591689.958242231,1900572.13991887,6.62692753231299
"1228","Carlos A. Gimenez","Republican","Florida","FL","City Labs, Inc.",102511.407687469,329277.72858181,1.14812776609965
"1228","Carlos A. Gimenez","Republican","Florida","FL","Scripps Florida",57876.5065984959,185905.598810078,0.648216873903154
"1301","Earl L. “Buddy” Carter","Republican","Georgia","GA","Augusta University",293022.585092,860637.727098771,3.4576665040856
"1301","Earl L. “Buddy” Carter","Republican","Georgia","GA","Emory University",281371.503730946,826417.292596521,3.32018374402516
"1301","Earl L. “Buddy” Carter","Republican","Georgia","GA","University of Georgia",172611.059606108,506976.586684842,2.03681050335207
"1301","Earl L. “Buddy” Carter","Republican","Georgia","GA","Savannah State University",80088.0750584567,235226.983832611,0.945039285689789
"1301","Earl L. “Buddy” Carter","Republican","Georgia","GA","Medical University of South Carolina",65462.8816038188,189291.781489437,0.674267680519334
"1302","Sanford D. Bishop Jr.","Democrat","Georgia","GA","Emory University",258245.078766758,758492.583615985,3.04729192944775
"1302","Sanford D. Bishop Jr.","Democrat","Georgia","GA","Augusta University",164146.911093204,482116.504532182,1.9369335508998
"1302","Sanford D. Bishop Jr.","Democrat","Georgia","GA","Florida State University",144506.059234952,464169.091270903,1.61846786343146
"1302","Sanford D. Bishop Jr.","Democrat","Georgia","GA","University of Georgia",129458.294704581,380232.440013631,1.52760787751405
"1302","Sanford D. Bishop Jr.","Democrat","Georgia","GA","Georgia State University",119269.759579983,350307.655515036,1.4073831630438
"1303","Brian Jack","Republican","Georgia","GA","Emory University",2644121.25423875,7766058.39344128,31.2006308000173
"1303","Brian Jack","Republican","Georgia","GA","Georgia State University",363877.798796857,1068746.83942846,4.29375802580292
"1303","Brian Jack","Republican","Georgia","GA","Georgia Institute of Technology",259802.800767179,763067.774710804,3.06567304905271
"1303","Brian Jack","Republican","Georgia","GA","University of Georgia",258916.589409161,760464.880027263,3.0552157550281
"1303","Brian Jack","Republican","Georgia","GA","Morehouse School of Medicine",194734.436453912,571955.23930326,2.29786635015616
"1304","Henry C. “Hank” Johnson Jr.","Democrat","Georgia","GA","Emory University",16970941.5195528,49845415.6068833,200.257109930723
"1304","Henry C. “Hank” Johnson Jr.","Democrat","Georgia","GA","Georgia Institute of Technology",1414008.68614268,4153090.18367192,16.6853024964836
"1304","Henry C. “Hank” Johnson Jr.","Democrat","Georgia","GA","Georgia State University",1175192.24948183,3451661.53721763,13.8672685438856
"1304","Henry C. “Hank” Johnson Jr.","Democrat","Georgia","GA","Morehouse School of Medicine",598900.247962031,1759032.15106474,7.06702292595197
"1304","Henry C. “Hank” Johnson Jr.","Democrat","Georgia","GA","Clark Atlanta University",92605.8112215009,271992.873384784,1.09274857241371
"1305","Nikema Williams","Democrat","Georgia","GA","Emory University",33163293.3986446,97404032.6780886,391.326862104007
"1305","Nikema Williams","Democrat","Georgia","GA","Georgia Institute of Technology",2410629.26613481,7080268.20469369,28.4454253403907
"1305","Nikema Williams","Democrat","Georgia","GA","Georgia State University",1952196.22138353,5733802.79985864,23.0359154123256
"1305","Nikema Williams","Democrat","Georgia","GA","Morehouse School of Medicine",1370489.52447753,4025269.8917003,16.1717763888349
"1305","Nikema Williams","Democrat","Georgia","GA","University of Georgia",215763.824507635,633720.733356052,2.54601312919009
"1306","Lucy McBath","Democrat","Georgia","GA","Emory University",9493397.4477989,27883093.03651,112.022089884027
"1306","Lucy McBath","Democrat","Georgia","GA","Georgia Institute of Technology",1533262.43075712,4503350.80157196,18.092496682934
"1306","Lucy McBath","Democrat","Georgia","GA","Georgia State University",1238444.90084421,3637441.13534791,14.6136498299617
"1306","Lucy McBath","Democrat","Georgia","GA","Morehouse School of Medicine",1010414.5287703,2967692.27940371,11.9228914394895
"1306","Lucy McBath","Democrat","Georgia","GA","Clark Atlanta University",156236.798073084,458883.682090893,1.8435942172624
"1307","Richard McCormick","Republican","Georgia","GA","Emory University",5662119.7120652,16630232.9154012,66.8130126023693
"1307","Richard McCormick","Republican","Georgia","GA","Georgia Institute of Technology",626082.159225825,1838868.24397522,7.38776947886474
"1307","Richard McCormick","Republican","Georgia","GA","Georgia State University",463074.761265532,1360098.60771396,5.46428218293328
"1307","Richard McCormick","Republican","Georgia","GA","University of Georgia",86305.5298030538,253488.293342421,1.01840525167603
"1307","Richard McCormick","Republican","Georgia","GA","Northside Hospital atlanta",67713.5403946658,198881.691937769,0.799019776657057
"1308","Austin Scott","Republican","Georgia","GA","University of Georgia",388374.884113742,1140697.32004089,4.58282363254216
"1308","Austin Scott","Republican","Georgia","GA","Emory University",308352.332855831,905662.786407147,3.63855752769881
"1308","Austin Scott","Republican","Georgia","GA","Augusta University",137693.483272398,404420.043057987,1.6247831026143
"1308","Austin Scott","Republican","Georgia","GA","Georgia State University",109933.574877049,322886.312617577,1.29721618354918
"1308","Austin Scott","Republican","Georgia","GA","Georgia Institute of Technology",80922.1838455148,237676.847860742,0.954881769377075
"1309","Andrew S. Clyde","Republican","Georgia","GA","Emory University",3322496.38652158,9758516.523537,39.2054573609546
"1309","Andrew S. Clyde","Republican","Georgia","GA","University of Georgia",1078819.12253817,3168603.66678026,12.7300656459504
"1309","Andrew S. Clyde","Republican","Georgia","GA","Georgia Institute of Technology",221471.239998251,650484.004671505,2.61336063197936
"1309","Andrew S. Clyde","Republican","Georgia","GA","Georgia State University",217066.294343218,637546.222365917,2.56138227324998
"1309","Andrew S. Clyde","Republican","Georgia","GA","Morehouse School of Medicine",69810.4583514024,205040.557486074,0.823763408546548
"1310","Mike Collins","Republican","Georgia","GA","University of Georgia",11564940.9936092,33967431.3078844,136.466303724589
"1310","Mike Collins","Republican","Georgia","GA","Emory University",2470673.06700735,7256623.07608726,29.1539421906867
"1310","Mike Collins","Republican","Georgia","GA","Georgia Institute of Technology",259802.800767179,763067.774710804,3.06567304905271
"1310","Mike Collins","Republican","Georgia","GA","Georgia State University",233871.4268085,686904.639581343,2.7596828363403
"1310","Mike Collins","Republican","Georgia","GA","Augusta University",139050.069314491,408404.476979741,1.64079081791099
"1311","Barry Loudermilk","Republican","Georgia","GA","Emory University",3908365.81894766,11479275.8177106,46.1187166635824
"1311","Barry Loudermilk","Republican","Georgia","GA","Georgia Institute of Technology",600527.785379873,1763812.39728235,7.0862278674825
"1311","Barry Loudermilk","Republican","Georgia","GA","Georgia State University",494350.980020362,1451960.10642044,5.83334156424027
"1311","Barry Loudermilk","Republican","Georgia","GA","University of Georgia",258916.589409161,760464.880027263,3.0552157550281
"1311","Barry Loudermilk","Republican","Georgia","GA","Kennesaw State University",216437.767256144,635700.173115242,2.55396565362249
"1312","Rick W. Allen","Republican","Georgia","GA","Augusta University",8222946.29414426,24151646.2167093,97.0307662709022
"1312","Rick W. Allen","Republican","Georgia","GA","University of Georgia",431527.649015269,1267441.4667121,5.09202625838017
"1312","Rick W. Allen","Republican","Georgia","GA","Emory University",296789.120373737,871700.431916878,3.5021116204101
"1312","Rick W. Allen","Republican","Georgia","GA","Georgia State University",144010.649042759,422974.214193302,1.69932565870455
"1312","Rick W. Allen","Republican","Georgia","GA","Georgia Institute of Technology",123512.806922102,362769.925682186,1.4574511216808
"1313","David Scott","Democrat","Georgia","GA","Emory University",12237733.2102158,35943491.8355336,144.405251880546
"1313","David Scott","Democrat","Georgia","GA","Georgia State University",845624.929468258,2483688.13293733,9.97837416772545
"1313","David Scott","Democrat","Georgia","GA","Georgia Institute of Technology",779408.402301537,2289203.32413241,9.19701914715814
"1313","David Scott","Democrat","Georgia","GA","Morehouse School of Medicine",371097.699657455,1089952.43716282,4.37895285595797
"1313","David Scott","Democrat","Georgia","GA","University of Georgia",86305.5298030538,253488.293342421,1.01840525167603
"1314","Vacant","Republican","Georgia","GA","Emory University",1310497.41463728,3849066.84223037,15.4638694927199
"1314","Vacant","Republican","Georgia","GA","Georgia Institute of Technology",332206.859997377,975726.007007258,3.92004094796904
"1314","Vacant","Republican","Georgia","GA","Georgia State University",277051.28105957,813728.35048209,3.26920511650293
"1314","Vacant","Republican","Georgia","GA","University of Georgia",258916.589409161,760464.880027263,3.0552157550281
"1314","Vacant","Republican","Georgia","GA","Washington University",194464.432579263,457226.202436675,1.67239412018166
"1501","Ed Case","Democrat","Hawaii","HI","University of Hawaii at Manoa",8305366.23299805,23496590.8270874,75.5788327202823
"1501","Ed Case","Democrat","Hawaii","HI","Hawaii Biotech, Inc.",676846.07584551,1914855.38998572,6.15929929019414
"1501","Ed Case","Democrat","Hawaii","HI","Kuakini Medical Center",401724.756849992,1136513.66743019,3.65569528733493
"1501","Ed Case","Democrat","Hawaii","HI","Experiad, LLC",172757.403605018,488745.458174916,1.57209237280567
"1501","Ed Case","Democrat","Hawaii","HI","Queen's Medical Center",119223.928215007,337294.681471841,1.08493774675656
"1502","Jill N. Tokuda","Democrat","Hawaii","HI","University of Hawaii at Manoa",1668763.40051905,4721074.26803516,15.1857469447234
"1502","Jill N. Tokuda","Democrat","Hawaii","HI","Hawaii Biotech, Inc.",138229.128165632,391062.01626469,1.25788506630725
"1502","Jill N. Tokuda","Democrat","Hawaii","HI","Kuakini Medical Center",67054.1323046851,189701.870553135,0.610192603972634
"1502","Jill N. Tokuda","Democrat","Hawaii","HI","Experiad, LLC",63122.8974710643,178580.071256219,0.574418366986685
"1502","Jill N. Tokuda","Democrat","Hawaii","HI","University of Hawaii at Hilo",49425.8990964757,139830.092346401,0.449775681777929
"1601","Russ Fulcher","Republican","Idaho","ID","University of Idaho",1588833.43289439,6619259.55099522,14.6172675826283
"1601","Russ Fulcher","Republican","Idaho","ID","Washington State University",1693547.21505174,4093553.97389711,13.2096682774036
"1601","Russ Fulcher","Republican","Idaho","ID","Boise State University",351236.388278861,1463290.46811193,3.23137477216552
"1601","Russ Fulcher","Republican","Idaho","ID","Caring Technologies, Inc.",76402.9866643215,318303.47268126,0.702907477311758
"1601","Russ Fulcher","Republican","Idaho","ID","athira Pharma, Inc.",128008.417513343,309415.268465377,0.998465656604073
"1602","Michael K. Simpson","Republican","Idaho","ID","Boise State University",783946.355497661,3266009.06908328,7.21230647057848
"1602","Michael K. Simpson","Republican","Idaho","ID","Idaho State University",173820.553480689,724156.060015894,1.59914909202234
"1602","Michael K. Simpson","Republican","Idaho","ID","Caring Technologies, Inc.",107294.519585748,447001.088240956,0.987109580188879
"1602","Michael K. Simpson","Republican","Idaho","ID","University of Idaho",85616.9146248446,356689.737340715,0.78767561454857
"1602","Michael K. Simpson","Republican","Idaho","ID","University of Utah",125165.39152818,343786.493174659,1.43940200257407
"1701","Jonathan L. Jackson","Democrat","Illinois","IL","University of Chicago",11839026.7128771,33867271.5108614,117.206364457483
"1701","Jonathan L. Jackson","Democrat","Illinois","IL","University of Illinois at Chicago",5162525.89853418,14768162.1579027,51.1090063954884
"1701","Jonathan L. Jackson","Democrat","Illinois","IL","Northwestern University at Chicago",1869836.6566917,5348941.87410358,18.5113829012479
"1701","Jonathan L. Jackson","Democrat","Illinois","IL","Rush University Medical Center",1303087.63699737,3727673.21798803,12.900567606274
"1701","Jonathan L. Jackson","Democrat","Illinois","IL","National Opinion Research Center",439939.181566159,1258510.52385592,4.35539789750497
"1702","Robin L. Kelly","Democrat","Illinois","IL","University of Chicago",7738308.00336555,22136564.4778551,76.609249233319
"1702","Robin L. Kelly","Democrat","Illinois","IL","University of Illinois at Chicago",3572954.81743212,10220961.0496442,35.372252692578
"1702","Robin L. Kelly","Democrat","Illinois","IL","University of Illinois at Urbana-Champaign",2169298.31102818,6205595.83734482,21.476053279179
"1702","Robin L. Kelly","Democrat","Illinois","IL","Northwestern University at Chicago",1467665.08528036,4198471.13581873,14.5298843442756
"1702","Robin L. Kelly","Democrat","Illinois","IL","Rush University Medical Center",740925.28096421,2119525.38567911,7.33516028154568
"1703","Delia C. Ramirez","Democrat","Illinois","IL","Northwestern University at Chicago",3415846.85328596,9771530.68621157,33.816883847531
"1703","Delia C. Ramirez","Democrat","Illinois","IL","University of Illinois at Chicago",2276953.17022728,6513558.34426221,22.5418363852501
"1703","Delia C. Ramirez","Democrat","Illinois","IL","University of Chicago",1818794.646927,5202928.72242439,18.0060670045773
"1703","Delia C. Ramirez","Democrat","Illinois","IL","Rush University Medical Center",971435.368375298,2778933.28344595,9.61721014691545
"1703","Delia C. Ramirez","Democrat","Illinois","IL","Northwestern University",482908.746524436,1381431.26374772,4.78079659059191
"1704","Jesús G. “Chuy” García","Democrat","Illinois","IL","University of Illinois at Chicago",2692246.51574043,7701565.84101444,26.6532405058303
"1704","Jesús G. “Chuy” García","Democrat","Illinois","IL","University of Chicago",2340377.28980347,6694992.33627169,23.1697351690543
"1704","Jesús G. “Chuy” García","Democrat","Illinois","IL","Northwestern University at Chicago",2036972.89416135,5827059.58352066,20.1660316521974
"1704","Jesús G. “Chuy” García","Democrat","Illinois","IL","Rush University Medical Center",1206649.74328457,3451798.48524884,11.9458324585173
"1704","Jesús G. “Chuy” García","Democrat","Illinois","IL","Loyola University Medical Center",739875.483621694,2116522.28648079,7.32476728785477
"1705","Mike Quigley","Democrat","Illinois","IL","Northwestern University at Chicago",13386568.0198347,38294240.2886242,132.527023396364
"1705","Mike Quigley","Democrat","Illinois","IL","University of Chicago",4604315.74401297,13171320.1774106,45.5827258657284
"1705","Mike Quigley","Democrat","Illinois","IL","University of Illinois at Chicago",2119428.10813609,6062934.81101137,20.9823382705473
"1705","Mike Quigley","Democrat","Illinois","IL","Northwestern University",1892500.17942222,5413774.20334159,18.7357517762799
"1705","Mike Quigley","Democrat","Illinois","IL","Rush University Medical Center",1673550.27747948,4787435.91082758,16.5681477470468
"1706","Sean Casten","Democrat","Illinois","IL","University of Chicago",3848920.19226084,11010400.4608042,38.1043099033824
"1706","Sean Casten","Democrat","Illinois","IL","University of Illinois at Chicago",2552622.02888687,7302149.52745119,25.2709580859801
"1706","Sean Casten","Democrat","Illinois","IL","Northwestern University at Chicago",2172771.08710544,6215530.22242204,21.5104337623439
"1706","Sean Casten","Democrat","Illinois","IL","Rush University Medical Center",1158430.79642817,3313861.11887925,11.4684648846389
"1706","Sean Casten","Democrat","Illinois","IL","Loyola University Medical Center",403249.671168222,1153554.80068858,3.9921717445654
"1707","Danny K. Davis","Democrat","Illinois","IL","University of Chicago",7090826.10186373,20284347.5779067,70.1991784084509
"1707","Danny K. Davis","Democrat","Illinois","IL","University of Illinois at Chicago",6318903.05888546,18076148.5497214,62.5571402829661
"1707","Danny K. Davis","Democrat","Illinois","IL","Northwestern University at Chicago",6204932.81606074,17750119.9621091,61.4288348790013
"1707","Danny K. Davis","Democrat","Illinois","IL","Rush University Medical Center",3010743.9988387,8612674.58307703,29.8063655885031
"1707","Danny K. Davis","Democrat","Illinois","IL","Lurie Children's Hospital of Chicago",891175.420659225,2549337.93691368,8.82263666452633
"1708","Raja Krishnamoorthi","Democrat","Illinois","IL","Northwestern University at Chicago",1854167.63442892,5304118.33884573,18.3562595808464
"1708","Raja Krishnamoorthi","Democrat","Illinois","IL","University of Illinois at Chicago",690962.204172744,1976598.67994121,6.84052582131017
"1708","Raja Krishnamoorthi","Democrat","Illinois","IL","University of Chicago",600269.679517316,1717159.41766046,5.94266982722143
"1708","Raja Krishnamoorthi","Democrat","Illinois","IL","Rush University Medical Center",344589.059242085,985747.520641238,3.41143168649664
"1708","Raja Krishnamoorthi","Democrat","Illinois","IL","Northwestern University",262129.365468157,749859.478028195,2.59508071813475
"1709","Janice D. Schakowsky","Democrat","Illinois","IL","Northwestern University at Chicago",29839041.3957534,85358952.309368,295.406509817958
"1709","Janice D. Schakowsky","Democrat","Illinois","IL","Northwestern University",4218436.80259037,12067456.8957044,41.7625243456447
"1709","Janice D. Schakowsky","Democrat","Illinois","IL","University of Chicago",3008093.00072723,8605091.01434343,29.7801207071995
"1709","Janice D. Schakowsky","Democrat","Illinois","IL","University of Illinois at Chicago",2155229.25861136,6165349.25038656,21.3367696602524
"1709","Janice D. Schakowsky","Democrat","Illinois","IL","Rush University Medical Center",1017302.17148261,2910141.99779751,10.0712914976778
"1710","Bradley Scott Schneider","Democrat","Illinois","IL","Northwestern University at Chicago",5076763.2131406,14522825.4235438,50.259955810092
"1710","Bradley Scott Schneider","Democrat","Illinois","IL","Rosalind Franklin University of Medicine & Science",794591.82176613,2273046.39314592,7.86645903548468
"1710","Bradley Scott Schneider","Democrat","Illinois","IL","Northwestern University",717717.586577602,2053136.3736434,7.10540410711826
"1710","Bradley Scott Schneider","Democrat","Illinois","IL","University of Chicago",564298.462767215,1614258.47877444,5.58655478139543
"1710","Bradley Scott Schneider","Democrat","Illinois","IL","University of Illinois at Chicago",551337.717319185,1577182.36637796,5.45824340145993
"1711","Bill Foster","Democrat","Illinois","IL","Northwestern University at Chicago",1519895.15948963,4347882.92001157,15.0469620789473
"1711","Bill Foster","Democrat","Illinois","IL","University of Chicago",888039.413518127,2540366.92874862,8.79159019382946
"1711","Bill Foster","Democrat","Illinois","IL","University of Illinois at Chicago",726763.354648016,2079013.1193164,7.19495721101536
"1711","Bill Foster","Democrat","Illinois","IL","Rush University Medical Center",370462.640482105,1059762.69283956,3.66758014077284
"1711","Bill Foster","Democrat","Illinois","IL","Northwestern University",214872.24042601,614673.54396114,2.1272351802175
"1712","Mike Bost","Republican","Illinois","IL","Washington University",1555715.4606341,3657809.6194934,13.3791529614533
"1712","Mike Bost","Republican","Illinois","IL","Southern Illinois University Carbondale",389692.601786998,1114772.81626024,3.85795675769128
"1712","Mike Bost","Republican","Illinois","IL","University of Illinois at Urbana-Champaign",312975.099835363,895311.155158909,3.0984534883701
"1712","Mike Bost","Republican","Illinois","IL","Saint Louis University",163942.99897097,385463.983523175,1.40990979115034
"1712","Mike Bost","Republican","Illinois","IL","North American Assn/Central Cancer Reg",89373.5984351437,255666.280473332,0.884798624507923
"1713","Nikki Budzinski","Democrat","Illinois","IL","University of Illinois at Urbana-Champaign",7039455.8169319,20137395.3469869,69.6906125876258
"1713","Nikki Budzinski","Democrat","Illinois","IL","Washington University",3889288.65158526,9144524.0487335,33.4478824036332
"1713","Nikki Budzinski","Democrat","Illinois","IL","Southern Illinois University Sch of Med",299846.215678753,857754.057337437,2.96847753521966
"1713","Nikki Budzinski","Democrat","Illinois","IL","Saint Louis University",354008.78349226,832348.052333009,3.04447553803344
"1713","Nikki Budzinski","Democrat","Illinois","IL","Northwestern University at Chicago",261150.371046327,747058.920964187,2.58538867335864
"1714","Lauren Underwood","Democrat","Illinois","IL","University of Chicago",910521.42398694,2604680.01555238,9.01416209747071
"1714","Lauren Underwood","Democrat","Illinois","IL","Northwestern University at Chicago",851350.209611027,2435412.08234325,8.42836707514917
"1714","Lauren Underwood","Democrat","Illinois","IL","University of Illinois at Chicago",494055.87655875,1413319.26337765,4.89115317793162
"1714","Lauren Underwood","Democrat","Illinois","IL","Rush University Medical Center",250503.309278376,716601.439920081,2.47998276185592
"1714","Lauren Underwood","Democrat","Illinois","IL","Loyola University Medical Center",173572.684546322,496530.109861607,1.71836957700858
"1715","Mary E. Miller","Republican","Illinois","IL","University of Illinois at Urbana-Champaign",4371715.68023999,12505933.5958705,43.2799852343759
"1715","Mary E. Miller","Republican","Illinois","IL","Washington University",1166786.59547558,2743357.21462005,10.03436472109
"1715","Mary E. Miller","Republican","Illinois","IL","Decatur Memorial Hospital",341251.739846977,976200.629261253,3.37839222448507
"1715","Mary E. Miller","Republican","Illinois","IL","Southern Illinois University Sch of Med",151818.868950096,434300.131244087,1.50300680260595
"1715","Mary E. Miller","Republican","Illinois","IL","North American Assn/Central Cancer Reg",135589.603709591,387873.938816956,1.34233707672495
"1716","Darin LaHood","Republican","Illinois","IL","Northwestern University at Chicago",412617.586253197,1180353.09512342,4.08491410390665
"1716","Darin LaHood","Republican","Illinois","IL","University of Illinois at Urbana-Champaign",278200.088742545,795832.137919031,2.7541808785512
"1716","Darin LaHood","Republican","Illinois","IL","University of Chicago",245053.914110065,701012.646161012,2.42603374968965
"1716","Darin LaHood","Republican","Illinois","IL","Chestnut Health Systems, Inc.",242589.928207328,693964.053266449,2.40164028925255
"1716","Darin LaHood","Republican","Illinois","IL","University of Illinois at Chicago",100243.221330761,286760.430250538,0.992407891174532
"1717","Eric Sorensen","Democrat","Illinois","IL","Northwestern University at Chicago",396948.563990418,1135529.55986556,3.92979078350513
"1717","Eric Sorensen","Democrat","Illinois","IL","Chestnut Health Systems, Inc.",267973.029813476,766576.136567871,2.65293299515342
"1717","Eric Sorensen","Democrat","Illinois","IL","University of Illinois at Urbana-Champaign",211961.972375272,606348.295557357,2.0984235265152
"1717","Eric Sorensen","Democrat","Illinois","IL","University of Iowa",206326.819619979,506723.617790101,1.62998187499784
"1717","Eric Sorensen","Democrat","Illinois","IL","University of Wisconsin-Madison",112412.447508205,266155.867738817,1.05667700657713
"1801","Frank J. Mrvan","Democrat","Indiana","IN","University of Chicago",2722571.4677733,7788314.81193565,26.9534575309556
"1801","Frank J. Mrvan","Democrat","Indiana","IN","Indiana University Indianapolis",615119.990173068,1654901.26388448,5.413055913523
"1801","Frank J. Mrvan","Democrat","Indiana","IN","Purdue University",569202.297482652,1531365.61412183,5.00898021784734
"1801","Frank J. Mrvan","Democrat","Indiana","IN","Northwestern University at Chicago",402171.571411344,1150470.73828485,3.98149855697231
"1801","Frank J. Mrvan","Democrat","Indiana","IN","University of Illinois at Chicago",311470.009134864,891005.622564171,3.08355309043515
"1802","Rudy Yakym III","Republican","Indiana","IN","University of Notre Dame",4297911.63240329,11562978.7783792,37.821622365149
"1802","Rudy Yakym III","Republican","Indiana","IN","Indiana University Indianapolis",577816.921462078,1554542.15258456,5.08478890886628
"1802","Rudy Yakym III","Republican","Indiana","IN","Purdue University",346171.442644518,931329.768346407,3.04630869527176
"1802","Rudy Yakym III","Republican","Indiana","IN","Northwestern University at Chicago",83568.1187348248,239058.85470854,0.827324375474765
"1802","Rudy Yakym III","Republican","Indiana","IN","University of Chicago",76438.8355939654,218664.495132793,0.756744472380257
"1803","Marlin A. Stutzman","Republican","Indiana","IN","Indiana University Indianapolis",672977.811030931,1810560.2936558,5.92220473707219
"1803","Marlin A. Stutzman","Republican","Indiana","IN","Purdue University",469312.030450901,1262623.69091739,4.12994586796793
"1803","Marlin A. Stutzman","Republican","Indiana","IN","Duke University",168431.854570974,421364.747551797,1.63378898933845
"1803","Marlin A. Stutzman","Republican","Indiana","IN","Indiana University",106401.125952323,286258.552201643,0.936329908380442
"1803","Marlin A. Stutzman","Republican","Indiana","IN","University of Notre Dame",47398.311872109,127519.06534703,0.417105144474559
"1804","James R. Baird","Republican","Indiana","IN","Purdue University",9770301.46329527,26285740.1782546,85.9786528769984
"1804","James R. Baird","Republican","Indiana","IN","Indiana University Indianapolis",6173277.22811066,16608408.8475734,54.3248396073738
"1804","James R. Baird","Republican","Indiana","IN","Indiana University",331025.725185005,890582.162405112,2.91302638162804
"1804","James R. Baird","Republican","Indiana","IN","Tymora Analytical Operations, LLC",92381.8289393108,248541.435677633,0.812960094665935
"1804","James R. Baird","Republican","Indiana","IN","University of Illinois at Urbana-Champaign",69550.0221856363,198958.034479758,0.688545219637799
"1805","Victoria Spartz","Republican","Indiana","IN","Indiana University Indianapolis",6389482.76921109,17190082.0640872,56.2274483690576
"1805","Victoria Spartz","Republican","Indiana","IN","Ball State University",381811.032784228,1027213.50437966,3.35993708850121
"1805","Victoria Spartz","Republican","Indiana","IN","Purdue University",279003.849295582,750623.992398597,2.45523387380112
"1805","Victoria Spartz","Republican","Indiana","IN","Indiana University",248269.293888754,667936.621803834,2.18476978622103
"1805","Victoria Spartz","Republican","Indiana","IN","University of Georgia",43152.7649015269,126744.14667121,0.509202625838017
"1806","Jefferson Shreve","Republican","Indiana","IN","Indiana University Indianapolis",8933704.31272396,24034983.0837678,78.6165979519708
"1806","Jefferson Shreve","Republican","Indiana","IN","Indiana University",331025.725185005,890582.162405112,2.91302638162804
"1806","Jefferson Shreve","Republican","Indiana","IN","Purdue University",130890.69473126,352144.589026502,1.15183811363509
"1806","Jefferson Shreve","Republican","Indiana","IN","University of Georgia",43152.7649015269,126744.14667121,0.509202625838017
"1806","Jefferson Shreve","Republican","Indiana","IN","Northwestern University at Chicago",41784.0593674124,119529.42735427,0.413662187737383
"1807","André Carson","Democrat","Indiana","IN","Indiana University Indianapolis",18384322.5775859,49460656.7098347,161.782038682756
"1807","André Carson","Democrat","Indiana","IN","Indiana University",307381.030528933,826969.150804747,2.70495306865461
"1807","André Carson","Democrat","Indiana","IN","Purdue University",127446.202764648,342877.626157384,1.12152658432891
"1807","André Carson","Democrat","Indiana","IN","Northwestern University at Chicago",73122.1038929717,209176.497869972,0.72390882854042
"1807","André Carson","Democrat","Indiana","IN","Kovinatherapeutics Inc.",53750.1685430929,144607.919230428,0.473001483179218
"1808","Mark B. Messmer","Republican","Indiana","IN","Indiana University",1241346.46944377,3339683.10901917,10.9238489311052
"1808","Mark B. Messmer","Republican","Indiana","IN","Indiana University Indianapolis",1101582.45764905,2963666.00104065,9.69392562731161
"1808","Mark B. Messmer","Republican","Indiana","IN","Purdue University",159307.75345581,428597.03269673,1.40190823041113
"1808","Mark B. Messmer","Republican","Indiana","IN","University of Illinois at Urbana-Champaign",66238.1163672726,189483.842361674,0.655757352035999
"1808","Mark B. Messmer","Republican","Indiana","IN","University of Kentucky",56252.58076934,147049.205304122,0.483772194616324
"1809","Erin Houchin","Republican","Indiana","IN","Indiana University",5048142.30907132,13581377.976678,44.4236523198276
"1809","Erin Houchin","Republican","Indiana","IN","Indiana University Indianapolis",2069939.6699017,5568906.60458157,18.215469095135
"1809","Erin Houchin","Republican","Indiana","IN","University of Louisville",1080429.13057854,2824336.99691859,9.29169052297548
"1809","Erin Houchin","Republican","Indiana","IN","Cincinnati Children's Hospital Medical Center",721776.847267221,1882379.11795236,7.14559078794549
"1809","Erin Houchin","Republican","Indiana","IN","Medosome Biotec, LLC",271786.521136446,731206.698727061,2.39172138600073
"1901","Mariannette Miller-Meeks","Republican","Iowa","IA","University of Iowa",29292513.3340479,71940275.9085432,231.410855338979
"1901","Mariannette Miller-Meeks","Republican","Iowa","IA","Iowa State University",276321.195121806,678624.698049906,2.18293744146226
"1901","Mariannette Miller-Meeks","Republican","Iowa","IA","Viewpoint Molecular Targeting, Inc.",250780.913236939,615899.628861541,1.98116921457182
"1901","Mariannette Miller-Meeks","Republican","Iowa","IA","Palmer College of Chiropractic",135969.868900444,333932.079244858,1.0741619643135
"1901","Mariannette Miller-Meeks","Republican","Iowa","IA","Emmyon, Inc.",91441.6845958292,224574.106849331,0.722389308307051
"1902","Ashley Hinson","Republican","Iowa","IA","University of Iowa",3926104.62476875,9642226.55566306,31.0162265356731
"1902","Ashley Hinson","Republican","Iowa","IA","Iowa State University",296789.431797495,728893.19420175,2.34463651120021
"1902","Ashley Hinson","Republican","Iowa","IA","Mayo Clinic Rochester",280372.795544922,692926.862148126,2.55139243945879
"1902","Ashley Hinson","Republican","Iowa","IA","University of Minnesota",102541.863450658,253426.911628811,0.933130957400984
"1902","Ashley Hinson","Republican","Iowa","IA","Viewpoint Molecular Targeting, Inc.",70733.07809247,173715.279935306,0.558791316930513
"1903","Zachary Nunn","Republican","Iowa","IA","Iowa State University",719799.656428407,1767775.44800654,5.68641728578442
"1903","Zachary Nunn","Republican","Iowa","IA","University of Iowa",695616.134718787,1708382.4828352,5.49536746427842
"1903","Zachary Nunn","Republican","Iowa","IA","Iowa Oncology Research Association",193488.398409849,475193.391839386,1.52855834743781
"1903","Zachary Nunn","Republican","Iowa","IA","University of Nebraska Medical Center",129121.20625527,334120.594752814,1.18791509754848
"1903","Zachary Nunn","Republican","Iowa","IA","Des Moines University Osteopathic Medical Center",46821.3287742218,114989.767931827,0.369888497316352
"1904","Randy Feenstra","Republican","Iowa","IA","Iowa State University",2040000.92201037,5010093.44980054,16.1160072838819
"1904","Randy Feenstra","Republican","Iowa","IA","University of Nebraska Medical Center",451924.221893445,1169422.08163485,4.15770284141969
"1904","Randy Feenstra","Republican","Iowa","IA","University of Iowa",347808.067359394,854191.241417599,2.74768373213921
"1904","Randy Feenstra","Republican","Iowa","IA","Creighton University",164066.783546759,424547.546353075,1.50941440863018
"1904","Randy Feenstra","Republican","Iowa","IA","Father Flanagan's Boys' Home",130243.773299567,337025.406281208,1.19824271435602
"2001","Tracey Mann","Republican","Kansas","KS","University of Kansas Lawrence",2572890.53243939,7107789.76699038,20.840413312759
"2001","Tracey Mann","Republican","Kansas","KS","Kansas State University",1725573.75731045,4767018.00553083,13.9771474342147
"2001","Tracey Mann","Republican","Kansas","KS","University of Kansas Medical Center",609717.946750763,1684388.40596789,4.93871536868118
"2001","Tracey Mann","Republican","Kansas","KS","Washington University",194464.432579263,457226.202436675,1.67239412018166
"2001","Tracey Mann","Republican","Kansas","KS","Design-Zyme, LLC",68535.5883309056,189334.348768898,0.555138265480335
"2002","Derek Schmidt","Republican","Kansas","KS","University of Kansas Medical Center",1332346.6243813,3680700.59081872,10.7920076574885
"2002","Derek Schmidt","Republican","Kansas","KS","University of Kansas Lawrence",710476.474105247,1962740.87399466,5.7548594402525
"2002","Derek Schmidt","Republican","Kansas","KS","Kansas State University",317923.892255986,878286.953746287,2.57518352727349
"2002","Derek Schmidt","Republican","Kansas","KS","Children's Mercy Hospital (Kansas City, Mo)",56682.8117334308,133273.043345579,0.487472180907505
"2002","Derek Schmidt","Republican","Kansas","KS","Northwestern University at Chicago",36561.0519464858,104588.248934986,0.36195441427021
"2003","Sharice Davids","Democrat","Kansas","KS","University of Kansas Medical Center",9168351.3474374,25328210.8452949,74.2636459142429
"2003","Sharice Davids","Democrat","Kansas","KS","University of Kansas Lawrence",767958.38948593,2121538.67933404,6.22046295483603
"2003","Sharice Davids","Democrat","Kansas","KS","Children's Mercy Hospital (Kansas City, Mo)",427176.618536119,1004380.80358679,3.67371891941062
"2003","Sharice Davids","Democrat","Kansas","KS","University of Missouri Kansas City",414113.406511707,973666.483511258,3.56137529600068
"2003","Sharice Davids","Democrat","Kansas","KS","Kansas State University",223801.68731178,618267.789808241,1.81279366722542
"2004","Ron Estes","Republican","Kansas","KS","University of Kansas Medical Center",383896.484991221,1060540.848202,3.10956152842889
"2004","Ron Estes","Republican","Kansas","KS","Wichita State University",367583.383986587,1015474.76749367,2.97742541029135
"2004","Ron Estes","Republican","Kansas","KS","University of Kansas Lawrence",225329.108292279,622487.396930346,1.82516577716746
"2004","Ron Estes","Republican","Kansas","KS","Kansas State University",189290.212165571,522927.429697625,1.53325071854112
"2004","Ron Estes","Republican","Kansas","KS","University of Oklahoma Health Sciences Center",22645.907176652,63772.956991721,0.237782025354846
"2101","James Comer","Republican","Kentucky","KY","University of Kentucky",1303184.78782304,3406639.92287882,11.2073891752782
"2101","James Comer","Republican","Kentucky","KY","Vanderbilt University Medical Center",286152.643463932,770323.054727304,2.86152643463932
"2101","James Comer","Republican","Kentucky","KY","University of Louisville",121060.13149856,316461.856281239,1.04111713088761
"2101","James Comer","Republican","Kentucky","KY","Vanderbilt University",86545.2586559422,232979.878197117,0.865452586559423
"2101","James Comer","Republican","Kentucky","KY","Murray State University",24950.3650770472,65222.4539114341,0.214573139662606
"2102","Brett Guthrie","Republican","Kentucky","KY","University of Kentucky",1125051.6153868,2940984.10608243,9.67544389232648
"2102","Brett Guthrie","Republican","Kentucky","KY","University of Louisville",1055696.4155412,2759683.49939876,9.07898917365435
"2102","Brett Guthrie","Republican","Kentucky","KY","Vanderbilt University Medical Center",209602.254766575,564249.37129707,2.09602254766575
"2102","Brett Guthrie","Republican","Kentucky","KY","Behavr, LLC",76007.4756735382,198690.242156107,0.653664290792428
"2102","Brett Guthrie","Republican","Kentucky","KY","Vanderbilt University",63393.0238562634,170654.050908716,0.633930238562634
"2103","Morgan McGarvey","Democrat","Kentucky","KY","University of Louisville",9575465.88498286,25031111.9871484,82.3490066108526
"2103","Morgan McGarvey","Democrat","Kentucky","KY","University of Kentucky",1293809.35769482,3382131.7219948,11.1267604761754
"2103","Morgan McGarvey","Democrat","Kentucky","KY","Therapyx, Inc.",361447.463798077,944855.535226693,3.10844818866346
"2103","Morgan McGarvey","Democrat","Kentucky","KY","Uswm, LLC",189085.072495421,494285.049059984,1.62613162346062
"2103","Morgan McGarvey","Democrat","Kentucky","KY","Xleratehealth, LLC",114294.037142911,298774.689143245,0.982928719429034
"2104","Thomas Massie","Republican","Kentucky","KY","Cincinnati Children's Hospital Medical Center",4625179.22243075,12062371.9340051,45.7892743020645
"2104","Thomas Massie","Republican","Kentucky","KY","University of Cincinnati",1682427.91299475,4387737.2665419,16.6560363386481
"2104","Thomas Massie","Republican","Kentucky","KY","University of Kentucky",1546945.97115685,4043853.14586335,13.3037353519489
"2104","Thomas Massie","Republican","Kentucky","KY","University of Louisville",954162.111703702,2494263.8780016,8.20579416065184
"2104","Thomas Massie","Republican","Kentucky","KY","Northern Kentucky University",88279.0237841869,230769.150765145,0.759199604544007
"2105","Harold Rogers","Republican","Kentucky","KY","University of Kentucky",1603198.55192619,4190902.35116747,13.7875075465652
"2105","Harold Rogers","Republican","Kentucky","KY","Marshall University",71036.0333817821,198420.72942625,0.546977457039722
"2105","Harold Rogers","Republican","Kentucky","KY","University of Louisville",45560.2645424687,119098.548062832,0.391818275065231
"2105","Harold Rogers","Republican","Kentucky","KY","Cincinnati Children's Hospital Medical Center",24888.856802318,64909.6247569781,0.246399682342948
"2105","Harold Rogers","Republican","Kentucky","KY","Morehead State University",22778.4382152836,59544.8456198144,0.195894568651439
"2106","Andy Barr","Republican","Kentucky","KY","University of Kentucky",22097888.8122224,57765829.4836358,190.041843785113
"2106","Andy Barr","Republican","Kentucky","KY","Naprogenix, Inc",237026.922213493,619609.270730087,2.03843153103604
"2106","Andy Barr","Republican","Kentucky","KY","University of Louisville",187447.945546157,490005.45488708,1.61205233169695
"2106","Andy Barr","Republican","Kentucky","KY","Washington University",194464.432579263,457226.202436675,1.67239412018166
"2106","Andy Barr","Republican","Kentucky","KY","Duke University",112287.903047316,280909.831701198,1.08919265955897
"2201","Steve Scalise","Republican","Louisiana","LA","Tulane University of Louisiana",8746638.62026572,24200634.6647592,85.717058478604
"2201","Steve Scalise","Republican","Louisiana","LA","LSU Health Sciences Center",2044994.6408953,5658192.86062994,20.040947480774
"2201","Steve Scalise","Republican","Louisiana","LA","Xavier University of Louisiana",675536.535438248,1869108.07758301,6.62025804729483
"2201","Steve Scalise","Republican","Louisiana","LA","LSU Pennington Biomedical Research Center",310733.047550134,859751.647290486,3.04518386599131
"2201","Steve Scalise","Republican","Louisiana","LA","Louisiana State University A&M College Baton Rouge",121234.700529882,335438.197871495,1.18810006519284
"2202","Troy A. Carter","Democrat","Louisiana","LA","Tulane University of Louisiana",9415919.96328839,26052435.5649247,92.2760156402262
"2202","Troy A. Carter","Democrat","Louisiana","LA","LSU Health Sciences Center",2378396.61078534,6580666.00947198,23.3082867856964
"2202","Troy A. Carter","Democrat","Louisiana","LA","Xavier University of Louisiana",993875.655014236,2749904.58316969,9.73998141913951
"2202","Troy A. Carter","Democrat","Louisiana","LA","LSU Pennington Biomedical Research Center",467285.575323484,1292908.96577271,4.57939863817014
"2202","Troy A. Carter","Democrat","Louisiana","LA","Louisiana State University A&M College Baton Rouge",205004.51096546,567216.674872979,2.0090442074615
"2203","Clay Higgins","Republican","Louisiana","LA","University of Louisiana at Lafayette",1006960.61806487,2786108.70959336,9.86821405703569
"2203","Clay Higgins","Republican","Louisiana","LA","Tulane University of Louisiana",273332.456883304,756269.833273724,2.67865807745638
"2203","Clay Higgins","Republican","Louisiana","LA","LSU Pennington Biomedical Research Center",254990.859630835,705521.389952116,2.49891042438218
"2203","Clay Higgins","Republican","Louisiana","LA","LSU Health Sciences Center",120825.907692708,334307.129522211,1.18409389538854
"2203","Clay Higgins","Republican","Louisiana","LA","Ragin' Cajun Facilities, Inc.",90896.5176395566,251497.004871903,0.890785872867655
"2204","Mike Johnson","Republican","Louisiana","LA","Louisiana State University Hsc Shreveport",1583921.21890879,4382471.98961184,15.5224279453061
"2204","Mike Johnson","Republican","Louisiana","LA","LSU Pennington Biomedical Research Center",116228.39183173,321586.494024685,1.13903823995095
"2204","Mike Johnson","Republican","Louisiana","LA","LSU Health Sciences Center",84642.7481697582,234193.764531603,0.829498932063631
"2204","Mike Johnson","Republican","Louisiana","LA","Oleolive, Inc.",82099.9462034225,227158.21360927,0.80457947279354
"2204","Mike Johnson","Republican","Louisiana","LA","Tulane University of Louisiana",81744.2861707077,226174.155745413,0.801094004472935
"2205","Julia Letlow","Republican","Louisiana","LA","LSU Pennington Biomedical Research Center",1833562.18134545,5073191.01798126,17.9689093771854
"2205","Julia Letlow","Republican","Louisiana","LA","Louisiana State University A&M College Baton Rouge",1537323.3553303,4253542.70356493,15.065768882237
"2205","Julia Letlow","Republican","Louisiana","LA","Tulane University of Louisiana",480247.681252907,1328773.1650043,4.70642727627849
"2205","Julia Letlow","Republican","Louisiana","LA","LSU Health Sciences Center",237128.920445048,656100.088420597,2.32386342036147
"2205","Julia Letlow","Republican","Louisiana","LA","Louisiana State University Agricultural Center",152853.864030607,422923.67172123,1.49796786749995
"2206","Cleo Fields","Democrat","Louisiana","LA","LSU Pennington Biomedical Research Center",1675823.64957381,4636752.20466205,16.4230717658234
"2206","Cleo Fields","Democrat","Louisiana","LA","Louisiana State University A&M College Baton Rouge",1361364.65803346,3766691.43026533,13.3413736487279
"2206","Cleo Fields","Democrat","Louisiana","LA","Louisiana State University Hsc Shreveport",997036.725165743,2758650.7892504,9.77095990662428
"2206","Cleo Fields","Democrat","Louisiana","LA","University of Louisiana at Lafayette",331886.13530832,918279.062345836,3.25248412602154
"2206","Cleo Fields","Democrat","Louisiana","LA","LSU Health Sciences Center",220975.724229445,611406.621906932,2.16556209744856
"2301","Chellie Pingree","Democrat","Maine","ME","Mainehealth",2759425.29236875,6431777.65569573,25.6626552190293
"2301","Chellie Pingree","Democrat","Maine","ME","University of New England",718179.244137402,1673960.5989703,6.67906697047784
"2301","Chellie Pingree","Democrat","Maine","ME","Jackson Laboratory",395603.02001109,922087.172162175,3.67910808610314
"2301","Chellie Pingree","Democrat","Maine","ME","National Partnership/Environmntl/Tech/Ed",374238.235815182,872289.287801971,3.48041559308119
"2301","Chellie Pingree","Democrat","Maine","ME","Massachusetts General Hospital",239990.329209101,537575.241323747,1.8959236007519
"2302","Jared F. Golden","Democrat","Maine","ME","Jackson Laboratory",14161827.3413585,33008947.518844,131.704994274634
"2302","Jared F. Golden","Democrat","Maine","ME","Mount Desert Island Biological Lab",1442227.57956625,3361601.10814944,13.4127164899662
"2302","Jared F. Golden","Democrat","Maine","ME","University of Maine Orono",499744.403797467,1164824.03013142,4.64762295531644
"2302","Jared F. Golden","Democrat","Maine","ME","Mainehealth",245186.096800045,571489.455883065,2.28023070024042
"2302","Jared F. Golden","Democrat","Maine","ME","Wabanaki Health and Wellness",214602.205738988,500203.31246228,1.99580051337259
"2401","Andy Harris","Republican","Maryland","MD","Johns Hopkins University",12999347.2180901,28467402.3644378,109.194516631957
"2401","Andy Harris","Republican","Maryland","MD","University of Maryland Baltimore",3058238.92477608,6697268.45029819,25.6892069681191
"2401","Andy Harris","Republican","Maryland","MD","University of Delaware",686862.524845317,1616018.71576425,3.77774388664925
"2401","Andy Harris","Republican","Maryland","MD","Westat, Inc.",528134.844886528,1156567.85527987,4.43633269704684
"2401","Andy Harris","Republican","Maryland","MD","University of Maryland, College Park",318020.903364837,696437.202922791,2.67137558826463
"2402","Johnny Olszewski, Jr.","Democrat","Maryland","MD","Johns Hopkins University",46901644.762869,102710387.730892,393.9738160081
"2402","Johnny Olszewski, Jr.","Democrat","Maryland","MD","University of Maryland Baltimore",11210932.1915927,24550934.1526296,94.1718304093788
"2402","Johnny Olszewski, Jr.","Democrat","Maryland","MD","Hugo W. Moser Research Inst Kennedy Krieger",1082822.07781233,2371283.05452781,9.09570545362358
"2402","Johnny Olszewski, Jr.","Democrat","Maryland","MD","Westat, Inc.",757402.684527192,1658643.82346337,6.36218255002841
"2402","Johnny Olszewski, Jr.","Democrat","Maryland","MD","Lieber Institute, Inc.",479954.052388872,1051056.24894631,4.03161404006652
"2403","Sarah Elfreth","Democrat","Maryland","MD","Johns Hopkins University",15911200.9949423,34844100.4940719,133.654088357515
"2403","Sarah Elfreth","Democrat","Maryland","MD","University of Maryland Baltimore",8375893.80293986,18342454.8209831,70.3575079446948
"2403","Sarah Elfreth","Democrat","Maryland","MD","Westat, Inc.",1426782.89490663,3124526.33771344,11.9849763172157
"2403","Sarah Elfreth","Democrat","Maryland","MD","University of Maryland, College Park",1317140.94078946,2884420.30996358,11.0639839026314
"2403","Sarah Elfreth","Democrat","Maryland","MD","The Emmes Company, LLC",708321.392776989,1551160.20468019,5.9498996993267
"2404","Glenn Ivey","Democrat","Maryland","MD","Johns Hopkins University",3223838.11008634,7059915.78638058,27.0802401247253
"2404","Glenn Ivey","Democrat","Maryland","MD","University of Maryland, College Park",2952302.78494375,6465277.82284996,24.7993433935275
"2404","Glenn Ivey","Democrat","Maryland","MD","George Washington University",2180936.32052667,4298350.22395063,3.48949811284268
"2404","Glenn Ivey","Democrat","Maryland","MD","Westat, Inc.",1940588.49981562,4249714.44498184,16.3009433984512
"2404","Glenn Ivey","Democrat","Maryland","MD","Children's Research Institute",1707223.48065718,3364722.00556706,2.73155756905149
"2405","Steny H. Hoyer","Democrat","Maryland","MD","Johns Hopkins University",3223838.11008634,7059915.78638058,27.0802401247253
"2405","Steny H. Hoyer","Democrat","Maryland","MD","George Washington University",1582597.16664957,3119099.27019285,2.53215546663932
"2405","Steny H. Hoyer","Democrat","Maryland","MD","University of Maryland Baltimore",1225645.04923804,2684052.52873666,10.2954184135996
"2405","Steny H. Hoyer","Democrat","Maryland","MD","University of Maryland, College Park",1180921.1139775,2586111.12913998,9.91973735741101
"2405","Steny H. Hoyer","Democrat","Maryland","MD","Westat, Inc.",955965.009930266,2093477.47447945,8.03010608341424
"2406","April McClain Delaney","Democrat","Maryland","MD","Westat, Inc.",7195325.50300832,15757116.3229021,60.4407342252699
"2406","April McClain Delaney","Democrat","Maryland","MD","The Emmes Company, LLC",4670649.40833242,10228302.5277755,39.2334550299923
"2406","April McClain Delaney","Democrat","Maryland","MD","Johns Hopkins University",2703864.22136274,5921219.69180307,22.712459459447
"2406","April McClain Delaney","Democrat","Maryland","MD","Ctis, Inc.",1124383.54489873,2462298.93298349,9.44482177714934
"2406","April McClain Delaney","Democrat","Maryland","MD","University of Maryland Baltimore",841896.759061276,1843678.25456352,7.07193277611472
"2407","Kweisi Mfume","Democrat","Maryland","MD","Johns Hopkins University",64580756.9794716,141426054.946527,542.478358627561
"2407","Kweisi Mfume","Democrat","Maryland","MD","University of Maryland Baltimore",13760117.2620527,30133420.402494,115.584985001242
"2407","Kweisi Mfume","Democrat","Maryland","MD","Hugo W. Moser Research Inst Kennedy Krieger",1153559.19847344,2526190.99276329,9.68989726717687
"2407","Kweisi Mfume","Democrat","Maryland","MD","Westat, Inc.",616157.319034283,1349329.16449318,5.17572147988798
"2407","Kweisi Mfume","Democrat","Maryland","MD","University of Maryland Baltimore County",596963.5624535,1307296.56221682,5.0144939246094
"2408","Jamie Raskin","Democrat","Maryland","MD","Westat, Inc.",7625202.70233456,16698508.7632461,64.0517026996103
"2408","Jamie Raskin","Democrat","Maryland","MD","The Emmes Company, LLC",6096233.13713323,13350202.7994671,51.2083583519191
"2408","Jamie Raskin","Democrat","Maryland","MD","Johns Hopkins University",3223838.11008634,7059915.78638058,27.0802401247253
"2408","Jamie Raskin","Democrat","Maryland","MD","University of Maryland, College Park",2328835.11607364,5099939.6490804,19.5622149750186
"2408","Jamie Raskin","Democrat","Maryland","MD","University of Maryland Baltimore",1683793.51812255,3687356.50912705,14.1438655522294
"2501","Richard E. Neal","Democrat","Massachusetts","MA","University of Massachusetts Medical School Worcester",4602776.86358417,10310160.7942075,36.3619372223149
"2501","Richard E. Neal","Democrat","Massachusetts","MA","University of Massachusetts Amherst",2393390.42372489,5361163.67211959,18.9077843474267
"2501","Richard E. Neal","Democrat","Massachusetts","MA","Baystate Medical Center, Inc.",780434.511376037,1748163.23713115,6.16543263987069
"2501","Richard E. Neal","Democrat","Massachusetts","MA","Massachusetts General Hospital",715760.630974512,1603294.57938661,5.65450898469865
"2501","Richard E. Neal","Democrat","Massachusetts","MA","Boston University (Charles River Campus)",458852.664578048,1027824.04901686,3.62493605016658
"2502","James P. McGovern","Democrat","Massachusetts","MA","University of Massachusetts Medical School Worcester",18441015.0362963,41307635.774583,145.684018786741
"2502","James P. McGovern","Democrat","Massachusetts","MA","University of Massachusetts Amherst",2989187.92362541,6695742.38553952,23.6145845966408
"2502","James P. McGovern","Democrat","Massachusetts","MA","Massachusetts General Hospital",1793611.93408907,4017667.59305116,14.1695342793037
"2502","James P. McGovern","Democrat","Massachusetts","MA","Brigham and Women's Hospital",1431699.30851519,3206987.98078446,11.31042453727
"2502","James P. McGovern","Democrat","Massachusetts","MA","Broad Institute, Inc.",907286.344704624,2032309.70727729,7.16756212316653
"2503","Lori Trahan","Democrat","Massachusetts","MA","Massachusetts General Hospital",5359784.01900326,12005847.0562303,42.3422937501258
"2503","Lori Trahan","Democrat","Massachusetts","MA","University of Massachusetts Medical School Worcester",3720503.19577564,8333879.16048998,29.3919752466275
"2503","Lori Trahan","Democrat","Massachusetts","MA","Broad Institute, Inc.",2458369.58064458,5506716.14532644,19.4211196870921
"2503","Lori Trahan","Democrat","Massachusetts","MA","Brigham and Women's Hospital",2356535.45364587,5278609.01460691,18.6166300838024
"2503","Lori Trahan","Democrat","Massachusetts","MA","Massachusetts Institute of Technology",1540134.34975389,3449881.07424348,12.1670613630557
"2504","Jake Auchincloss","Democrat","Massachusetts","MA","Brigham and Women's Hospital",11213401.849652,25117875.4796183,88.5858746122505
"2504","Jake Auchincloss","Democrat","Massachusetts","MA","Massachusetts General Hospital",9814341.3576564,21983998.0267659,77.5332967254856
"2504","Jake Auchincloss","Democrat","Massachusetts","MA","Boston Children's Hospital",6736448.98991479,15089558.8307782,53.2179470203268
"2504","Jake Auchincloss","Democrat","Massachusetts","MA","Harvard University",5316445.52513023,11908769.3890627,41.9999196485288
"2504","Jake Auchincloss","Democrat","Massachusetts","MA","Dana-Farber Cancer Institute",4958597.71420355,11107194.9091658,39.1729219422081
"2505","Katherine M. Clark","Democrat","Massachusetts","MA","Massachusetts General Hospital",25704227.3652906,57577137.6891487,203.063396185796
"2505","Katherine M. Clark","Democrat","Massachusetts","MA","Brigham and Women's Hospital",11669200.4406059,26138858.4431177,92.186683480787
"2505","Katherine M. Clark","Democrat","Massachusetts","MA","Broad Institute, Inc.",9083247.26787262,20346356.6974627,71.7576534161937
"2505","Katherine M. Clark","Democrat","Massachusetts","MA","Boston Children's Hospital",7010269.90517359,15702914.1484064,55.3811322508714
"2505","Katherine M. Clark","Democrat","Massachusetts","MA","Massachusetts Institute of Technology",5690528.07791855,12746709.4812861,44.9551718155565
"2506","Seth Moulton","Democrat","Massachusetts","MA","Massachusetts General Hospital",15363591.4260353,34414246.5893044,121.372372265679
"2506","Seth Moulton","Democrat","Massachusetts","MA","Brigham and Women's Hospital",4000058.17372473,8960078.70456952,31.6004595724254
"2506","Seth Moulton","Democrat","Massachusetts","MA","Broad Institute, Inc.",3029479.72609527,6785995.50326923,23.9328898361526
"2506","Seth Moulton","Democrat","Massachusetts","MA","Boston Children's Hospital",2403034.17332936,5382765.54682001,18.983969969302
"2506","Seth Moulton","Democrat","Massachusetts","MA","Boston University",2025617.26286071,4537356.53640913,16.0023763765996
"2507","Ayanna Pressley","Democrat","Massachusetts","MA","Massachusetts General Hospital",29388289.4364829,65829389.2006974,232.167486548215
"2507","Ayanna Pressley","Democrat","Massachusetts","MA","Brigham and Women's Hospital",20168614.8295983,45177437.023891,159.332057153827
"2507","Ayanna Pressley","Democrat","Massachusetts","MA","Boston University",12452723.2683485,27893939.4690676,98.376513819953
"2507","Ayanna Pressley","Democrat","Massachusetts","MA","Boston Children's Hospital",12116291.4536096,27140336.5443445,95.7187024835158
"2507","Ayanna Pressley","Democrat","Massachusetts","MA","Broad Institute, Inc.",9869821.69547062,22108273.2677203,77.9715913942179
"2508","Stephen F. Lynch","Democrat","Massachusetts","MA","Massachusetts General Hospital",20824424.0047055,46646441.1155658,164.512949637174
"2508","Stephen F. Lynch","Democrat","Massachusetts","MA","Brigham and Women's Hospital",13575611.144679,30409193.825721,107.247328042964
"2508","Stephen F. Lynch","Democrat","Massachusetts","MA","Boston University",8382197.14964742,18776013.4768549,66.2193574822147
"2508","Stephen F. Lynch","Democrat","Massachusetts","MA","Boston Children's Hospital",8155545.76650503,18268317.3026355,64.4288115553898
"2508","Stephen F. Lynch","Democrat","Massachusetts","MA","Harvard University",6436405.12386318,14417464.4416752,50.8476004785191
"2509","William R. Keating","Democrat","Massachusetts","MA","Massachusetts General Hospital",4193515.22618008,9393420.00628863,33.1287702868227
"2509","William R. Keating","Democrat","Massachusetts","MA","Brigham and Women's Hospital",2757486.91124854,6176735.10697984,21.7841465988634
"2509","William R. Keating","Democrat","Massachusetts","MA","University of Massachusetts Medical School Worcester",1824362.49953629,4086548.46294123,14.4124637463367
"2509","William R. Keating","Democrat","Massachusetts","MA","Boston University",1779649.45237048,3986391.81413088,14.0592306737268
"2509","William R. Keating","Democrat","Massachusetts","MA","Boston Children's Hospital",1656559.72799726,3710672.41950996,13.0868218511784
"2601","Jack Bergman","Republican","Michigan","MI","University of Michigan at Ann Arbor",704111.787838625,1793825.34682379,6.82988434203467
"2601","Jack Bergman","Republican","Michigan","MI","Michigan Technological University",630110.109946087,1605295.50283608,6.11206806647705
"2601","Jack Bergman","Republican","Michigan","MI","Northwestern University at Chicago",41784.0593674124,119529.42735427,0.413662187737383
"2601","Jack Bergman","Republican","Michigan","MI","Van Andel Research Institute",32910.6099970283,83844.4795439673,0.319232916971175
"2601","Jack Bergman","Republican","Michigan","MI","Work Life Help, Inc.",31593.2185086758,80488.2365662,0.306454219534156
"2602","John R. Moolenaar","Republican","Michigan","MI","University of Michigan at Ann Arbor",825977.289579926,2104295.11838945,8.01197970892528
"2602","John R. Moolenaar","Republican","Michigan","MI","Van Andel Research Institute",687537.218186945,1751599.26331347,6.66911101641337
"2602","John R. Moolenaar","Republican","Michigan","MI","Michigan State University",501777.45978168,1278349.74696877,4.86724135988229
"2602","John R. Moolenaar","Republican","Michigan","MI","Central Michigan University",409045.97370173,1042103.04147124,3.96774594490678
"2602","John R. Moolenaar","Republican","Michigan","MI","Northwestern University at Chicago",78345.1113138982,224117.676289256,0.775616602007592
"2603","Hillary J. Scholten","Democrat","Michigan","MI","Van Andel Research Institute",2943258.59988988,7498371.66474142,28.5496084189318
"2603","Hillary J. Scholten","Democrat","Michigan","MI","University of Michigan at Ann Arbor",1002005.23653958,2552751.4550954,9.71945079443395
"2603","Hillary J. Scholten","Democrat","Michigan","MI","Corewell Health",269355.826574408,686222.439915443,2.61275151777175
"2603","Hillary J. Scholten","Democrat","Michigan","MI","Northwestern University at Chicago",135798.19294409,388470.638901377,1.34440211014649
"2603","Hillary J. Scholten","Democrat","Michigan","MI","Michigan State University",76026.887845709,193689.355601328,0.737460812103378
"2604","Bill Huizenga","Republican","Michigan","MI","University of Michigan at Ann Arbor",998620.083713435,2544127.29477413,9.68661481202032
"2604","Bill Huizenga","Republican","Michigan","MI","Van Andel Research Institute",558712.028860056,1423398.69358105,5.41950667994255
"2604","Bill Huizenga","Republican","Michigan","MI","Michigan State University",250888.72989084,639174.873484384,2.43362067994115
"2604","Bill Huizenga","Republican","Michigan","MI","Western Michigan University School of Medicine",203850.747713405,519338.895517961,1.97735225282003
"2604","Bill Huizenga","Republican","Michigan","MI","Northwestern University at Chicago",99237.1409976044,283882.389966391,0.982447695876284
"2605","Tim Walberg","Republican","Michigan","MI","University of Michigan at Ann Arbor",7518424.42687302,19154260.0735368,72.9287169406682
"2605","Tim Walberg","Republican","Michigan","MI","Michigan State University",737460.812103378,1878786.74933289,7.15336987740276
"2605","Tim Walberg","Republican","Michigan","MI","University of Notre Dame",434484.525494332,1168924.76568111,3.82346382435012
"2605","Tim Walberg","Republican","Michigan","MI","University of Toledo Health Science Campus",103587.241190618,270153.386662074,1.02551368778712
"2605","Tim Walberg","Republican","Michigan","MI","Henry Ford Health and Michigan State University Health Sciences",90683.596562494,231029.414454608,0.879630886656191
"2606","Debbie Dingell","Democrat","Michigan","MI","University of Michigan at Ann Arbor",78403524.6063962,199744177.200894,760.514188682043
"2606","Debbie Dingell","Democrat","Michigan","MI","Wayne State University",1353043.51315697,3447071.60308579,13.1245220776226
"2606","Debbie Dingell","Democrat","Michigan","MI","Michigan State University",547393.592489105,1394563.36032956,5.30971784714432
"2606","Debbie Dingell","Democrat","Michigan","MI","Saint Joseph Mercy Health System",465793.762890007,1186676.13963598,4.51819950003306
"2606","Debbie Dingell","Democrat","Michigan","MI","Henry ford Health System",284341.538785991,724400.682162832,2.75811292622411
"2607","Tom Barrett","Republican","Michigan","MI","Michigan State University",12742106.4029408,32462335.9987826,123.598432108526
"2607","Tom Barrett","Republican","Michigan","MI","University of Michigan at Ann Arbor",10920503.017151,27821541.1964113,105.928879266365
"2607","Tom Barrett","Republican","Michigan","MI","Henry Ford Health and Michigan State University Health Sciences",1566862.96740969,3991807.2023291,15.198570783874
"2607","Tom Barrett","Republican","Michigan","MI","Wayne State University",195284.630764924,497515.489105166,1.89426091841976
"2607","Tom Barrett","Republican","Michigan","MI","Henry ford Health System",104522.161778647,266285.135885733,1.01386496925288
"2608","Kristen McDonald Rivet","Democrat","Michigan","MI","University of Michigan at Ann Arbor",3720282.95593581,9477952.19307379,36.0867446725774
"2608","Kristen McDonald Rivet","Democrat","Michigan","MI","Michigan State University",843898.45508737,2149951.84717475,8.18581501434749
"2608","Kristen McDonald Rivet","Democrat","Michigan","MI","Henry Ford Health and Michigan State University Health Sciences",103771.950705534,264373.866025376,1.00658792184368
"2608","Kristen McDonald Rivet","Democrat","Michigan","MI","Wayne State University",85437.0259596543,217663.02648351,0.828739151808646
"2608","Kristen McDonald Rivet","Democrat","Michigan","MI","Henry ford Health System",74609.5694275213,190078.534497382,0.723712823446956
"2609","Lisa C. McClain","Republican","Michigan","MI","University of Michigan at Ann Arbor",2122490.82199432,5407348.52143518,20.5881609733449
"2609","Lisa C. McClain","Republican","Michigan","MI","Wayne State University",442877.644770453,1128294.05564921,4.29591315427339
"2609","Lisa C. McClain","Republican","Michigan","MI","Michigan State University",228080.663537127,581068.066803985,2.21238243631013
"2609","Lisa C. McClain","Republican","Michigan","MI","Henry ford Health System",166066.460983838,423078.028397398,1.61084467154323
"2609","Lisa C. McClain","Republican","Michigan","MI","Oakland University",137380.873004827,349997.395898334,1.33259446814682
"2610","John James","Republican","Michigan","MI","University of Michigan at Ann Arbor",1966773.79199155,5010637.14665685,19.077705782318
"2610","John James","Republican","Michigan","MI","Wayne State University",1809870.06012492,4610902.47938537,17.5557395832117
"2610","John James","Republican","Michigan","MI","Henry ford Health System",519172.57988736,1322666.29995874,5.03597402490739
"2610","John James","Republican","Michigan","MI","Oakland University",165015.607558148,420400.829203523,1.60065139331403
"2610","John James","Republican","Michigan","MI","Michigan State University",136848.398122276,348640.840082391,1.32742946178608
"2611","Haley M. Stevens","Democrat","Michigan","MI","University of Michigan at Ann Arbor",5091269.85052545,12970737.1231874,49.3853175500968
"2611","Haley M. Stevens","Democrat","Michigan","MI","Wayne State University",3101887.12616786,7902500.4921258,30.0883051238282
"2611","Haley M. Stevens","Democrat","Michigan","MI","Henry ford Health System",606847.419537212,1546030.47644184,5.88641996951096
"2611","Haley M. Stevens","Democrat","Michigan","MI","Michigan State University",235683.352321698,600437.002364118,2.28612851752047
"2611","Haley M. Stevens","Democrat","Michigan","MI","Oakland University",171131.491434702,435981.916902212,1.65997546691661
"2612","Rashida Tlaib","Democrat","Michigan","MI","University of Michigan at Ann Arbor",6475797.35641967,16498018.6945861,62.8152343572708
"2612","Rashida Tlaib","Democrat","Michigan","MI","Wayne State University",2115002.29569512,5388270.4311122,20.5155222682426
"2612","Rashida Tlaib","Democrat","Michigan","MI","Henry ford Health System",1243263.60852496,3167391.61632503,12.0596570026921
"2612","Rashida Tlaib","Democrat","Michigan","MI","Michigan State University",577804.347627389,1472039.1025701,5.60470217198567
"2612","Rashida Tlaib","Democrat","Michigan","MI","University of Detroit Mercy",127437.99353152,324666.490312473,1.23614853725574
"2613","Shri Thanedar","Democrat","Michigan","MI","Wayne State University",3841178.94263507,9785951.98659535,37.2594357435602
"2613","Shri Thanedar","Democrat","Michigan","MI","University of Michigan at Ann Arbor",3693201.73332664,9408958.91050365,35.8240568132684
"2613","Shri Thanedar","Democrat","Michigan","MI","Henry ford Health System",1478782.29542751,3767409.11001492,14.3441882656468
"2613","Shri Thanedar","Democrat","Michigan","MI","Michigan State University",745063.500887949,1898155.68489302,7.2271159586131
"2613","Shri Thanedar","Democrat","Michigan","MI","University of Detroit Mercy",140055.616653452,356811.687373113,1.35853948153849
"2701","Brad Finstad","Republican","Minnesota","MN","Mayo Clinic Rochester",48003057.6680085,118637074.109707,436.827824778877
"2701","Brad Finstad","Republican","Minnesota","MN","University of Minnesota",1132962.54007678,2800058.31628906,10.3099591146987
"2701","Brad Finstad","Republican","Minnesota","MN","Interventional Analgesix, Inc.",176687.557807896,436674.160110605,1.60785677605186
"2701","Brad Finstad","Republican","Minnesota","MN","Piraeus Medical, Inc.",81062.1043875738,200340.79812642,0.737665149926921
"2701","Brad Finstad","Republican","Minnesota","MN","University of Wisconsin-Madison",84309.335631154,199616.900804113,0.792507754932848
"2702","Angie Craig","Democrat","Minnesota","MN","University of Minnesota",6332585.32334305,15650657.0791256,57.6265264424217
"2702","Angie Craig","Democrat","Minnesota","MN","Mayo Clinic Rochester",738674.480570275,1825595.77142872,6.7219377731895
"2702","Angie Craig","Democrat","Minnesota","MN","Hennepin Healthcare Research Institute",422082.86297052,1043155.96395942,3.84095405303173
"2702","Angie Craig","Democrat","Minnesota","MN","Healthpartners Institute",368937.568812776,911810.118343079,3.35733187619626
"2702","Angie Craig","Democrat","Minnesota","MN","Minnesota Healthsolutions Corporation",158902.038735736,392718.169664403,1.4460085524952
"2703","Kelly Morrison","Democrat","Minnesota","MN","University of Minnesota",9416344.29004209,23272007.8605482,85.688733039383
"2703","Kelly Morrison","Democrat","Minnesota","MN","Hennepin Healthcare Research Institute",801391.834467478,1980598.46758459,7.29266569365405
"2703","Kelly Morrison","Democrat","Minnesota","MN","Healthpartners Institute",291179.1402241,719634.18407385,2.64973017603931
"2703","Kelly Morrison","Democrat","Minnesota","MN","Innovative Design Labs, Inc.",203921.830211344,503982.255686464,1.85568865492323
"2703","Kelly Morrison","Democrat","Minnesota","MN","Mayo Clinic Rochester",194104.243069561,479718.59687178,1.76634861193301
"2704","Betty McCollum","Democrat","Minnesota","MN","University of Minnesota",17559668.8606602,43397813.3303874,159.792986632007
"2704","Betty McCollum","Democrat","Minnesota","MN","Hennepin Healthcare Research Institute",690038.31534209,1705394.00473097,6.27934866961302
"2704","Betty McCollum","Democrat","Minnesota","MN","Minnesota Healthsolutions Corporation",433449.450106925,1071247.89614012,3.94438999597302
"2704","Betty McCollum","Democrat","Minnesota","MN","Healthpartners Institute",301585.235347215,745352.30992433,2.74442564165965
"2704","Betty McCollum","Democrat","Minnesota","MN","Mayo Clinic Rochester",271386.487995405,670717.667848506,2.46961704075819
"2705","Ilhan Omar","Democrat","Minnesota","MN","University of Minnesota",25602952.5888873,63276373.0327839,232.986868558875
"2705","Ilhan Omar","Democrat","Minnesota","MN","Hennepin Healthcare Research Institute",1468098.93627853,3628330.58486052,13.3597003201347
"2705","Ilhan Omar","Democrat","Minnesota","MN","Healthpartners Institute",351125.909062168,867789.522562196,3.19524577246573
"2705","Ilhan Omar","Democrat","Minnesota","MN","Innovative Design Labs, Inc.",230091.7984218,568659.97849956,2.09383536563838
"2705","Ilhan Omar","Democrat","Minnesota","MN","Minnesota Healthsolutions Corporation",219814.486917768,543260.134702424,2.00031183095169
"2706","Tom Emmer","Republican","Minnesota","MN","University of Minnesota",4689414.48707275,11589645.3488786,42.673671832362
"2706","Tom Emmer","Republican","Minnesota","MN","Hennepin Healthcare Research Institute",389914.068556519,963652.452468373,3.54821802386432
"2706","Tom Emmer","Republican","Minnesota","MN","Mayo Clinic Rochester",161753.535891301,399765.49739315,1.47195717661084
"2706","Tom Emmer","Republican","Minnesota","MN","Innovative Design Labs, Inc.",139346.583977752,344387.874719084,1.26805391419754
"2706","Tom Emmer","Republican","Minnesota","MN","Healthpartners Institute",116254.596436765,287317.221924684,1.05791682757456
"2707","Michelle Fischbach","Republican","Minnesota","MN","University of Minnesota",757809.381110957,1872886.68837878,6.89606536810971
"2707","Michelle Fischbach","Republican","Minnesota","MN","University of North Dakota",384476.792848939,1420172.65109752,2.84512826708215
"2707","Michelle Fischbach","Republican","Minnesota","MN","North Dakota State University",191221.980239299,706331.907869562,1.41504265377081
"2707","Michelle Fischbach","Republican","Minnesota","MN","Mayo Clinic Rochester",194104.243069561,479718.59687178,1.76634861193301
"2707","Michelle Fischbach","Republican","Minnesota","MN","Sanford Research North",113068.349543647,417649.597357393,0.836705786622985
"2708","Pete Stauber","Republican","Minnesota","MN","University of Minnesota",1728205.55230255,4271170.63257338,15.7266705259532
"2708","Pete Stauber","Republican","Minnesota","MN","Essentia Institute of Rural Health",171885.895602431,424807.100331636,1.56416164998212
"2708","Pete Stauber","Republican","Minnesota","MN","Mayo Clinic Rochester",116821.998143718,288719.525895052,1.06308018310783
"2708","Pete Stauber","Republican","Minnesota","MN","Hennepin Healthcare Research Institute",75649.6923582004,186964.30174817,0.688412200459624
"2708","Pete Stauber","Republican","Minnesota","MN","Fond Du Lac Reservation",69629.868258786,172086.61785668,0.633631801154953
"2801","Trent Kelly","Republican","Mississippi","MS","St. Jude Children's Research Hospital",1970341.80300076,5304161.08749232,19.7034180300076
"2801","Trent Kelly","Republican","Mississippi","MS","University of Mississippi",1218547.2164764,3923848.7490696,10.84507022664
"2801","Trent Kelly","Republican","Mississippi","MS","University of Tennessee Health Science Center",747912.282491914,2013380.22652186,7.47912282491914
"2801","Trent Kelly","Republican","Mississippi","MS","Mississippi State University",231501.102144222,745457.621809298,2.06035980908358
"2801","Trent Kelly","Republican","Mississippi","MS","University of Mississippi Medical Center",125042.054125835,402648.416925131,1.11287428171993
"2802","Bennie G. Thompson","Democrat","Mississippi","MS","University of Mississippi Medical Center",2743804.34486142,8835335.3080633,24.4198586692667
"2802","Bennie G. Thompson","Democrat","Mississippi","MS","Jackson State University",532560.43042348,1714899.96486452,4.73978783076897
"2802","Bennie G. Thompson","Democrat","Mississippi","MS","University of Mississippi",217690.028302878,700984.52787998,1.93744125189562
"2802","Bennie G. Thompson","Democrat","Mississippi","MS","Tougaloo College",197327.837155523,635416.154999933,1.75621775068415
"2802","Bennie G. Thompson","Democrat","Mississippi","MS","University of Southern Mississippi",61926.8470158286,199410.886924453,0.551148938440875
"2803","Michael Guest","Republican","Mississippi","MS","University of Mississippi Medical Center",3379838.30126914,10883430.7864091,30.0805608812954
"2803","Michael Guest","Republican","Mississippi","MS","Mississippi State University",488046.132191396,1571559.29568737,4.34361057650342
"2803","Michael Guest","Republican","Mississippi","MS","Jackson State University",380133.339497483,1224068.88177872,3.3831867215276
"2803","Michael Guest","Republican","Mississippi","MS","Tougaloo College",225517.52817774,726189.891428495,2.00710600078189
"2803","Michael Guest","Republican","Mississippi","MS","University of Southern Mississippi",91260.6166549053,293868.675467615,0.812219488228657
"2804","Mike Ezell","Republican","Mississippi","MS","University of Southern Mississippi",734973.894845755,2366692.36849812,6.54126766412722
"2804","Mike Ezell","Republican","Mississippi","MS","University of Mississippi Medical Center",202516.857593322,652125.340395828,1.80240003258057
"2804","Mike Ezell","Republican","Mississippi","MS","Tulane University of Louisiana",143052.500798738,395804.772554472,1.40191450782764
"2804","Mike Ezell","Republican","Mississippi","MS","LSU Health Sciences Center",45875.0772523117,126929.444898808,0.449575757072655
"2804","Mike Ezell","Republican","Mississippi","MS","Jackson State University",37131.7593567061,119568.126316742,0.330472658274685
"2901","Wesley Bell","Democrat","Missouri","MO","Washington University",78758095.1946015,185176611.986853,677.319618673573
"2901","Wesley Bell","Democrat","Missouri","MO","Saint Louis University",2663623.34042395,6262730.76526389,22.907160727646
"2901","Wesley Bell","Democrat","Missouri","MO","Turing Medical Technologies Inc",466308.542016176,1096388.06954036,4.01025346133911
"2901","Wesley Bell","Democrat","Missouri","MO","University of Missouri-Columbia",357821.180544425,841311.788288331,3.07726215268205
"2901","Wesley Bell","Democrat","Missouri","MO","Vaxnewmo, LLC",179526.748550774,422104.610015083,1.54393003753665
"2902","Ann Wagner","Republican","Missouri","MO","Washington University",15751619.0389203,37035322.3973707,135.463923734715
"2902","Ann Wagner","Republican","Missouri","MO","Saint Louis University",1125081.350081,2645299.53527717,9.6756996106966
"2902","Ann Wagner","Republican","Missouri","MO","University of Missouri-Columbia",571137.653561293,1342863.04669099,4.91178382062712
"2902","Ann Wagner","Republican","Missouri","MO","Turing Medical Technologies Inc",260557.353876006,612624.364515176,2.24079324333365
"2902","Ann Wagner","Republican","Missouri","MO","Northwestern University at Chicago",99237.1409976044,283882.389966391,0.982447695876284
"2903","Robert F. Onder, Jr.","Republican","Missouri","MO","Washington University",9528757.19638388,22404083.9193971,81.9473118889014
"2903","Robert F. Onder, Jr.","Republican","Missouri","MO","University of Missouri-Columbia",5824915.9486703,13695585.1689629,50.0942771585646
"2903","Robert F. Onder, Jr.","Republican","Missouri","MO","Saint Louis University",363917.426287209,855645.326062432,3.12968986607
"2903","Robert F. Onder, Jr.","Republican","Missouri","MO","Cryocrate, LLC",126471.351356494,297360.370381326,1.08765362166585
"2903","Robert F. Onder, Jr.","Republican","Missouri","MO","New York University School of Medicine",112967.378090213,266295.922773989,0.802068384440509
"2904","Mark Alford","Republican","Missouri","MO","University of Missouri-Columbia",4651675.34707752,10937053.2477483,40.0044079848667
"2904","Mark Alford","Republican","Missouri","MO","Washington University",972322.162896315,2286131.01218338,8.3619706009083
"2904","Mark Alford","Republican","Missouri","MO","University of Kansas Medical Center",632300.092926717,1746773.16174448,5.12163075270641
"2904","Mark Alford","Republican","Missouri","MO","University of Missouri Kansas City",135063.733624546,317562.842690522,1.1615481091711
"2904","Mark Alford","Republican","Missouri","MO","Children's Mercy Hospital (Kansas City, Mo)",130308.178182788,306381.545801046,1.12065033237198
"2905","Emanuel Cleaver","Democrat","Missouri","MO","University of Kansas Medical Center",3500232.6572729,9669637.14537122,28.3518845239105
"2905","Emanuel Cleaver","Democrat","Missouri","MO","University of Missouri Kansas City",819304.607385346,1926355.01158282,7.04601962351397
"2905","Emanuel Cleaver","Democrat","Missouri","MO","Children's Mercy Hospital (Kansas City, Mo)",752075.020735652,1768284.3135764,6.46784517832661
"2905","Emanuel Cleaver","Democrat","Missouri","MO","Stowers Institute for Medical Research",485067.420100412,1140494.08149672,4.17157981286354
"2905","Emanuel Cleaver","Democrat","Missouri","MO","University of Missouri-Columbia",333737.062623165,784685.033307386,2.87013873855922
"2906","Sam Graves","Republican","Missouri","MO","Washington University",1166786.59547558,2743357.21462005,10.03436472109
"2906","Sam Graves","Republican","Missouri","MO","University of Kansas Medical Center",790375.116158396,2183466.4521806,6.40203844088301
"2906","Sam Graves","Republican","Missouri","MO","University of Missouri-Columbia",636508.83077614,1496564.23878213,5.4739759446748
"2906","Sam Graves","Republican","Missouri","MO","Children's Mercy Hospital (Kansas City, Mo)",227603.290191161,535142.527895326,1.95738829564398
"2906","Sam Graves","Republican","Missouri","MO","University of Missouri Kansas City",145524.250579523,342157.686999127,1.25150855498389
"2907","Eric Burlison","Republican","Missouri","MO","Washington University",1750179.89321337,4115035.82193008,15.0515470816349
"2907","Eric Burlison","Republican","Missouri","MO","University of Missouri-Columbia",227078.826114731,533909.404106056,1.95287790458669
"2907","Eric Burlison","Republican","Missouri","MO","Johns Hopkins University",207989.555489441,455478.437831005,1.74711226611131
"2907","Eric Burlison","Republican","Missouri","MO","Ozark Health Ventures, LLC",146103.725719592,343520.153205343,1.25649204118849
"2907","Eric Burlison","Republican","Missouri","MO","Saint Louis University",60352.6424783243,141901.576351938,0.519032725313589
"2908","Jason Smith","Republican","Missouri","MO","Washington University",5056075.24706084,11887881.2633536,43.4822471247232
"2908","Jason Smith","Republican","Missouri","MO","Saint Louis University",340496.997862785,800579.042701978,2.92827418161995
"2908","Jason Smith","Republican","Missouri","MO","University of Missouri-Columbia",306212.35642744,719968.741900591,2.63342626527599
"2908","Jason Smith","Republican","Missouri","MO","Missouri University of Science & Technology",83260.7263577118,195763.231454364,0.716042246676322
"2908","Jason Smith","Republican","Missouri","MO","Turing Medical Technologies Inc",42595.829195458,100151.626517832,0.366324131080939
"3001","Ryan K. Zinke","Republican","Montana","MT","University of Montana",3350891.16463869,8846885.61956297,30.8281987146759
"3001","Ryan K. Zinke","Republican","Montana","MT","Montana State University - Bozeman",2698527.63474608,7124542.14501549,24.8264542396639
"3001","Ryan K. Zinke","Republican","Montana","MT","Inimmune Corporation",323672.04279371,854545.671630311,2.97778279370213
"3001","Ryan K. Zinke","Republican","Montana","MT","Promiliad Biopharma, Inc.",85234.2832687364,225032.063977896,0.784155406072375
"3001","Ryan K. Zinke","Republican","Montana","MT","Nanovalent Pharmaceuticals, Inc.",75256.6113169983,198689.423119232,0.692360824116385
"3002","Troy Downing","Republican","Montana","MT","Montana State University - Bozeman",549910.043215062,1451849.97492963,5.05917239757857
"3002","Troy Downing","Republican","Montana","MT","Mc Laughlin Research Institute",221031.112332801,583557.290612245,2.03348623346177
"3002","Troy Downing","Republican","Montana","MT","University of Montana",209430.697789918,552930.351222686,1.92676241966724
"3002","Troy Downing","Republican","Montana","MT","Montana Cancer Consortium",172542.193270054,455538.832331275,1.58738817808449
"3002","Troy Downing","Republican","Montana","MT","fort Belknap Indian Community",93134.8413618434,245890.793893694,0.856840540528959
"3101","Mike Flood","Republican","Nebraska","NE","University of Nebraska Lincoln",3336949.98193184,8634861.34430339,30.6999398337729
"3101","Mike Flood","Republican","Nebraska","NE","University of Nebraska Medical Center",2808386.23605212,7267122.9358737,25.8371533716795
"3101","Mike Flood","Republican","Nebraska","NE","Father Flanagan's Boys' Home",472598.834544144,1222920.75993467,4.34790927780612
"3101","Mike Flood","Republican","Nebraska","NE","Creighton University",261902.641724075,677712.584617444,2.40950430386149
"3101","Mike Flood","Republican","Nebraska","NE","University of Nebraska Omaha",139771.177200452,361679.000761426,1.28589483024416
"3102","Don Bacon","Republican","Nebraska","NE","University of Nebraska Medical Center",13396325.1489843,34665011.7056044,123.246191370655
"3102","Don Bacon","Republican","Nebraska","NE","Father Flanagan's Boys' Home",1752709.0635456,4535399.03881283,16.1249233846196
"3102","Don Bacon","Republican","Nebraska","NE","Creighton University",1028554.65152685,2661540.28351092,9.462702794047
"3102","Don Bacon","Republican","Nebraska","NE","University of Nebraska Omaha",612369.123098533,1584597.46119038,5.6337959325065
"3102","Don Bacon","Republican","Nebraska","NE","University of Nebraska Lincoln",309716.91449068,801439.226567082,2.84939561331425
"3103","Adrian Smith","Republican","Nebraska","NE","University of Nebraska Medical Center",1000689.34847834,2589434.6093343,9.20634200600075
"3103","Adrian Smith","Republican","Nebraska","NE","University of Nebraska Lincoln",389643.860165694,1008262.25277794,3.58472351352438
"3103","Adrian Smith","Republican","Nebraska","NE","Father Flanagan's Boys' Home",94271.6835311153,243942.198832112,0.867299488486261
"3103","Adrian Smith","Republican","Nebraska","NE","Creighton University",69949.152758604,181003.982227019,0.643532205379157
"3103","Adrian Smith","Republican","Nebraska","NE","University of South Dakota",52736.5792985698,164618.697185466,0.437713608178129
"3201","Dina Titus","Democrat","Nevada","NV","University of Nevada Las Vegas",717290.083348736,3798727.19558674,6.240423725134
"3201","Dina Titus","Democrat","Nevada","NV","Southern Nevada Cancer Research Foundation",75668.9252220585,400738.293717775,0.658319649431909
"3201","Dina Titus","Democrat","Nevada","NV","University of Nevada Reno",70953.5961065699,375766.180812598,0.617296286127158
"3201","Dina Titus","Democrat","Nevada","NV","Fibroplate, Inc.",46585.4093738602,246713.659667293,0.405293061552584
"3201","Dina Titus","Democrat","Nevada","NV","University of California Los Angeles",23735.7599732651,63689.9073223775,0.208874687764733
"3202","Mark E. Amodei","Republican","Nevada","NV","University of Nevada Reno",4611118.45916965,24420219.2384187,40.1167305947759
"3202","Mark E. Amodei","Republican","Nevada","NV","Dxdiscovery, Inc.",177650.19881708,940825.277267542,1.54555672970859
"3202","Mark E. Amodei","Republican","Nevada","NV","Strykagen Corporation",123078.469820625,651816.526329276,1.07078268743944
"3202","Mark E. Amodei","Republican","Nevada","NV","University of California, San Francisco",116456.092715359,312485.370618918,1.02481361589516
"3202","Mark E. Amodei","Republican","Nevada","NV","Desert Research Institute",51713.3412511341,273870.893165314,0.449906068884867
"3203","Susie Lee","Democrat","Nevada","NV","University of Nevada Las Vegas",610966.975626199,3235646.10719459,5.31541268794793
"3203","Susie Lee","Democrat","Nevada","NV","Southern Nevada Cancer Research Foundation",85758.1152516663,454170.066213479,0.746095602689497
"3203","Susie Lee","Democrat","Nevada","NV","University of Nevada Reno",84798.200224925,449086.411215057,0.737744341956848
"3203","Susie Lee","Democrat","Nevada","NV","Fibroplate, Inc.",29072.9581841781,153968.721266566,0.25293473620235
"3203","Susie Lee","Democrat","Nevada","NV","University of California, San Francisco",15323.1700941262,41116.4961340682,0.13484389682831
"3204","Steven Horsford","Democrat","Nevada","NV","University of Nevada Las Vegas",335191.414970867,1775154.53417746,2.91616531024654
"3204","Steven Horsford","Democrat","Nevada","NV","Southern Nevada Cancer Research Foundation",124433.343698496,658991.860780342,1.08257009017692
"3204","Steven Horsford","Democrat","Nevada","NV","University of California Los Angeles",59339.3999331626,159224.768305944,0.522186719411831
"3204","Steven Horsford","Democrat","Nevada","NV","University of Nevada Reno",29419.7837515046,155805.489605224,0.25595211863809
"3204","Steven Horsford","Democrat","Nevada","NV","Fibroplate, Inc.",26715.0725991621,141481.494266207,0.23242113161271
"3301","Chris Pappas","Democrat","New Hampshire","NH","Massachusetts General Hospital",1317841.63232366,2951948.25498829,10.4109488953569
"3301","Chris Pappas","Democrat","New Hampshire","NH","University of New Hampshire",757259.920064806,1828301.57496309,5.30081944045364
"3301","Chris Pappas","Democrat","New Hampshire","NH","Brigham and Women's Hospital",665730.72205726,1491228.22884561,5.25927270425235
"3301","Chris Pappas","Democrat","New Hampshire","NH","Dartmouth College",372168.958847113,898551.574675074,2.60518271192979
"3301","Chris Pappas","Democrat","New Hampshire","NH","Boston Children's Hospital",399937.602369709,895855.0697308,3.1595070587207
"3302","Maggie Goodlander","Democrat","New Hampshire","NH","Dartmouth College",10495164.6394886,25339154.4058371,73.4661524764201
"3302","Maggie Goodlander","Democrat","New Hampshire","NH","Dartmouth-Hitchcock Clinic",1367041.38559211,3300536.38399862,9.56928969914474
"3302","Maggie Goodlander","Democrat","New Hampshire","NH","Massachusetts General Hospital",997854.526711526,2235181.26655663,7.88305076102106
"3302","Maggie Goodlander","Democrat","New Hampshire","NH","Celdara Medical, LLC",517976.553929558,1250584.27661446,3.62583587750691
"3302","Maggie Goodlander","Democrat","New Hampshire","NH","Broad Institute, Inc.",467271.937186931,1046683.1110441,3.69144830377675
"3401","Donald Norcross","Democrat","New Jersey","NJ","University of Pennsylvania",9825680.15715377,23626853.7229814,83.518281335807
"3401","Donald Norcross","Democrat","New Jersey","NJ","Children's Hospital of Philadelphia",2647703.31983622,6366673.65913361,22.5054782186079
"3401","Donald Norcross","Democrat","New Jersey","NJ","Coriell Institute for Medical Research",1126342.75160152,3662913.09529201,9.91181621409337
"3401","Donald Norcross","Democrat","New Jersey","NJ","Thomas Jefferson University",1475623.92719528,3548288.78208402,12.5428033811599
"3401","Donald Norcross","Democrat","New Jersey","NJ","Temple University ofthe Commonwealth",939766.86704255,2259765.62906467,7.98801836986168
"3402","Jeff Van Drew","Republican","New Jersey","NJ","University of Pennsylvania",1889397.26188121,4543249.12037437,16.0598767259902
"3402","Jeff Van Drew","Republican","New Jersey","NJ","Rutgers Biomedical and Health Sciences",380355.017493255,1236930.20837138,3.34712415394064
"3402","Jeff Van Drew","Republican","New Jersey","NJ","Children's Hospital of Philadelphia",439023.000401349,1055675.74413207,3.73169550341146
"3402","Jeff Van Drew","Republican","New Jersey","NJ","Rutgers,the State University of N.j.",293156.553975591,953357.207653753,2.5797776749852
"3402","Jeff Van Drew","Republican","New Jersey","NJ","Rbhs-New Jersey Medical School",192005.805467865,624410.800549234,1.68965108811721
"3403","Herbert C. Conaway, Jr.","Democrat","New Jersey","NJ","University of Pennsylvania",3220933.69428455,7745064.77201752,27.3779364014187
"3403","Herbert C. Conaway, Jr.","Democrat","New Jersey","NJ","Princeton University",2139924.18952836,6959121.74656462,18.8313328678496
"3403","Herbert C. Conaway, Jr.","Democrat","New Jersey","NJ","Rutgers Biomedical and Health Sciences",1293207.05947707,4205562.7084627,11.3802221233982
"3403","Herbert C. Conaway, Jr.","Democrat","New Jersey","NJ","Rutgers,the State University of N.j.",851549.990119573,2769275.69842281,7.49363991305224
"3403","Herbert C. Conaway, Jr.","Democrat","New Jersey","NJ","Children's Hospital of Philadelphia",871879.947426274,2096524.58174544,7.41097955312333
"3404","Christopher H. Smith","Republican","New Jersey","NJ","Rutgers,the State University of N.j.",1382023.75445636,4494398.26465341,12.1618090392159
"3404","Christopher H. Smith","Republican","New Jersey","NJ","Rutgers Biomedical and Health Sciences",380355.017493255,1236930.20837138,3.34712415394064
"3404","Christopher H. Smith","Republican","New Jersey","NJ","New York University School of Medicine",338902.134270638,798887.768321967,2.40620515332153
"3404","Christopher H. Smith","Republican","New Jersey","NJ","Rbhs-New Jersey Medical School",205536.415920298,668412.903943643,1.80872046009862
"3404","Christopher H. Smith","Republican","New Jersey","NJ","Princeton University",202601.897525155,658869.729059565,1.78289669822136
"3405","Josh S. Gottheimer","Democrat","New Jersey","NJ","Columbia University",4737215.90656942,11166951.9337886,33.6342329366429
"3405","Josh S. Gottheimer","Democrat","New Jersey","NJ","Hackensack University Medical Center",2348412.20183391,7637133.36372073,20.6660273761384
"3405","Josh S. Gottheimer","Democrat","New Jersey","NJ","Icahn School of Medicine at Mount Sinai",1708077.92696367,4026420.68374323,12.1273532814421
"3405","Josh S. Gottheimer","Democrat","New Jersey","NJ","Sloan-Kettering Inst Can Research",1676523.60531387,3952038.26163788,11.9033175977285
"3405","Josh S. Gottheimer","Democrat","New Jersey","NJ","Weill Medical College of Cornell University",1196315.01417532,2820051.38132702,8.4938366006448
"3406","Frank Pallone Jr.","Democrat","New Jersey","NJ","Rutgers Biomedical and Health Sciences",4386761.20175554,14265928.4032166,38.6034985754487
"3406","Frank Pallone Jr.","Democrat","New Jersey","NJ","Rutgers,the State University of N.j.",3406199.96047829,11077102.7936912,29.974559652209
"3406","Frank Pallone Jr.","Democrat","New Jersey","NJ","Rbhs -Cancer Institute of New Jersey",749642.055467358,2437866.89073882,6.59685008811275
"3406","Frank Pallone Jr.","Democrat","New Jersey","NJ","Rbhs-Robert Wood Johnson Medical School",660732.905601196,2148730.66744179,5.81444956929052
"3406","Frank Pallone Jr.","Democrat","New Jersey","NJ","Rutgers Biomedical/Health Sciences-Rbhs",437085.561657477,1421420.27840265,3.8463529425858
"3407","Thomas H. Kean, Jr.","Republican","New Jersey","NJ","Rutgers,the State University of N.j.",879469.661926772,2860071.62296126,7.7393330249556
"3407","Thomas H. Kean, Jr.","Republican","New Jersey","NJ","Rutgers Biomedical and Health Sciences",836781.03848516,2721246.45841704,7.36367313866941
"3407","Thomas H. Kean, Jr.","Republican","New Jersey","NJ","Princeton University",529379.151597985,1721562.84044596,4.65853653406227
"3407","Thomas H. Kean, Jr.","Republican","New Jersey","NJ","Rbhs-Robert Wood Johnson Medical School",487303.012829929,1584729.5013281,4.28826651290337
"3407","Thomas H. Kean, Jr.","Republican","New Jersey","NJ","Rbhs-New Jersey Medical School",429113.645777174,1395495.27907983,3.77620008283913
"3408","Robert Menendez","Democrat","New Jersey","NJ","Icahn School of Medicine at Mount Sinai",2400541.95140841,5658753.39336886,17.0438478549997
"3408","Robert Menendez","Democrat","New Jersey","NJ","New York University School of Medicine",1468575.91517276,3461846.99606185,10.4268889977266
"3408","Robert Menendez","Democrat","New Jersey","NJ","Weill Medical College of Cornell University",1254671.8441351,2957614.86334297,8.90817009335918
"3408","Robert Menendez","Democrat","New Jersey","NJ","Columbia University",907126.450194144,2138352.49795951,6.44059779637842
"3408","Robert Menendez","Democrat","New Jersey","NJ","Rbhs-New Jersey Medical School",648180.672149906,2107910.28641788,5.70398991491917
"3409","Nellie Pou","Democrat","New Jersey","NJ","Hackensack University Medical Center",1854441.91106595,6030721.5994807,16.3190888173804
"3409","Nellie Pou","Democrat","New Jersey","NJ","Columbia University",2015836.55598699,4751894.43991002,14.3124395475076
"3409","Nellie Pou","Democrat","New Jersey","NJ","Icahn School of Medicine at Mount Sinai",1523420.85377841,3591131.96117639,10.8162880618267
"3409","Nellie Pou","Democrat","New Jersey","NJ","Weill Medical College of Cornell University",729460.374497148,1719543.5251994,5.17916865892975
"3409","Nellie Pou","Democrat","New Jersey","NJ","Sloan-Kettering Inst Can Research",611804.894056082,1442196.42497326,4.34381474779818
"3410","LaMonica McIver","Democrat","New Jersey","NJ","Rbhs-New Jersey Medical School",1460661.61407936,4750131.8283393,12.8538222038984
"3410","LaMonica McIver","Democrat","New Jersey","NJ","Rutgers Biomedical and Health Sciences",583211.02682299,1896626.31950279,5.13225703604232
"3410","LaMonica McIver","Democrat","New Jersey","NJ","New York University School of Medicine",790771.646631488,1864071.45941792,5.61447869108357
"3410","LaMonica McIver","Democrat","New Jersey","NJ","Rutgersthe State University of Nj Newark",504511.792463779,1640693.16264274,4.43970377368126
"3410","LaMonica McIver","Democrat","New Jersey","NJ","Icahn School of Medicine at Mount Sinai",600135.487852102,1414688.34834221,4.26096196374992
"3411","Vacant","Democrat","New Jersey","NJ","Rbhs-New Jersey Medical School",681685.040889265,2216867.87577547,5.99882835982553
"3411","Vacant","Democrat","New Jersey","NJ","Columbia University",806334.622394795,1900757.77596401,5.72497581900304
"3411","Vacant","Democrat","New Jersey","NJ","Hackensack University Medical Center",576103.118211567,1873511.10746284,5.06970744026179
"3411","Vacant","Democrat","New Jersey","NJ","Sloan-Kettering Inst Can Research",403910.027143821,952129.678623121,2.86776119272113
"3411","Vacant","Democrat","New Jersey","NJ","Rutgers,the State University of N.j.",279196.718071991,907959.245384527,2.45693111903352
"3412","Bonnie Watson Coleman","Democrat","New Jersey","NJ","Rutgers Biomedical and Health Sciences",6466035.29738533,21027813.5423135,56.9011106169909
"3412","Bonnie Watson Coleman","Democrat","New Jersey","NJ","Princeton University",4675715.68113352,15205620.290923,41.146297993975
"3412","Bonnie Watson Coleman","Democrat","New Jersey","NJ","Rutgers,the State University of N.j.",3573717.99132149,11621878.3409219,31.4487183236291
"3412","Bonnie Watson Coleman","Democrat","New Jersey","NJ","Rbhs -Cancer Institute of New Jersey",795560.301030173,2587194.91965872,7.00093064906552
"3412","Bonnie Watson Coleman","Democrat","New Jersey","NJ","Rbhs-Robert Wood Johnson Medical School",657984.016810873,2139791.16769071,5.79025934793568
"3501","Melanie A. Stansbury","Democrat","New Mexico","NM","University of New Mexico Health Sciences Center",10310347.2559183,24000627.8979872,80.4207085961626
"3501","Melanie A. Stansbury","Democrat","New Mexico","NM","University of New Mexico",2055995.96449593,4785987.59855593,16.0367685230682
"3501","Melanie A. Stansbury","Democrat","New Mexico","NM","Lovelace Biomedical Research Institute",851523.946781879,1982194.08965165,6.64188678489866
"3501","Melanie A. Stansbury","Democrat","New Mexico","NM","The Mind Research Network",263267.751381274,612839.818252951,2.05348846077394
"3501","Melanie A. Stansbury","Democrat","New Mexico","NM","Visionquest Biomedical Inc",222593.369264596,518157.196423451,1.73622828026385
"3502","Gabe Vasquez","Democrat","New Mexico","NM","University of New Mexico Health Sciences Center",2985615.4270016,6949973.95638868,23.2878003306125
"3502","Gabe Vasquez","Democrat","New Mexico","NM","New Mexico State University Las Cruces",1803387.59148725,4197960.88965754,14.0664232136006
"3502","Gabe Vasquez","Democrat","New Mexico","NM","University of New Mexico",615435.129961649,1432621.92658742,4.80039401370087
"3502","Gabe Vasquez","Democrat","New Mexico","NM","Lovelace Biomedical Research Institute",270289.210340137,629184.507678995,2.10825584065307
"3502","Gabe Vasquez","Democrat","New Mexico","NM","University of Texas El Paso",138372.911193093,450748.915457303,1.6328003520785
"3503","Teresa Leger Fernandez","Democrat","New Mexico","NM","University of New Mexico Health Sciences Center",664385.98403183,1546570.68162597,5.18221067544828
"3503","Teresa Leger Fernandez","Democrat","New Mexico","NM","University of New Mexico",150896.735460993,351260.370667093,1.17699453659574
"3503","Teresa Leger Fernandez","Democrat","New Mexico","NM","Lovelace Biomedical Research Institute",56467.1052242625,131445.231409261,0.440443420749248
"3503","Teresa Leger Fernandez","Democrat","New Mexico","NM","New Mexico State University Las Cruces",52535.3858669034,122292.898228521,0.409776009761846
"3503","Teresa Leger Fernandez","Democrat","New Mexico","NM","Dine' College",41562.2177065515,122080.510533673,0.423934620606825
"3601","Nick LaLota","Republican","New York","NY","State University New York Stony Brook",6367982.62665865,15011128.3314073,45.2126766492764
"3601","Nick LaLota","Republican","New York","NY","Icahn School of Medicine at Mount Sinai",1292599.51229683,3047021.05796785,9.17745653730752
"3601","Nick LaLota","Republican","New York","NY","Cold Spring Harbor Laboratory",1285351.29338657,3029934.96483365,9.12599418304467
"3601","Nick LaLota","Republican","New York","NY","Weill Medical College of Cornell University",904530.864376464,2132233.97124726,6.4221691370729
"3601","Nick LaLota","Republican","New York","NY","Yale University",868446.144981562,1975328.45451117,6.60019070185987
"3602","Andrew R. Garbarino","Republican","New York","NY","State University New York Stony Brook",2348934.36990116,5537099.79060372,16.6774340262982
"3602","Andrew R. Garbarino","Republican","New York","NY","Icahn School of Medicine at Mount Sinai",1800406.4635563,4244065.04502664,12.7828858912498
"3602","Andrew R. Garbarino","Republican","New York","NY","Cold Spring Harbor Laboratory",1001378.33321977,2360530.72841691,7.10978616586039
"3602","Andrew R. Garbarino","Republican","New York","NY","Columbia University",907126.450194144,2138352.49795951,6.44059779637842
"3602","Andrew R. Garbarino","Republican","New York","NY","New York University School of Medicine",903739.024721701,2130367.38219191,6.41654707552408
"3603","Thomas R. Suozzi","Democrat","New York","NY","Icahn School of Medicine at Mount Sinai",3000677.43926051,7073441.74171107,21.3048098187496
"3603","Thomas R. Suozzi","Democrat","New York","NY","Cold Spring Harbor Laboratory",2884567.43748382,6799737.76991737,20.4804288061351
"3603","Thomas R. Suozzi","Democrat","New York","NY","Columbia University",2116628.38378634,4989489.16190552,15.028061524883
"3603","Thomas R. Suozzi","Democrat","New York","NY","Albert Einstein College of Medicine",2104393.52892665,4960648.16355763,14.9411940553792
"3603","Thomas R. Suozzi","Democrat","New York","NY","Weill Medical College of Cornell University",1896596.97369259,4470813.16551844,13.4658385132174
"3604","Laura Gillen","Democrat","New York","NY","Icahn School of Medicine at Mount Sinai",2631363.29288998,6202864.2965774,18.6826793795189
"3604","Laura Gillen","Democrat","New York","NY","Columbia University",2519795.69498373,5939868.04988753,17.8905494343845
"3604","Laura Gillen","Democrat","New York","NY","Weill Medical College of Cornell University",1517277.57895407,3576650.53241475,10.7726708105739
"3604","Laura Gillen","Democrat","New York","NY","Albert Einstein College of Medicine",1426614.83389573,3362932.91087933,10.1289653206597
"3604","Laura Gillen","Democrat","New York","NY","Sloan-Kettering Inst Can Research",1239944.38479813,2922898.09430259,8.8036051320667
"3605","Gregory W. Meeks","Democrat","New York","NY","Icahn School of Medicine at Mount Sinai",3970127.07348313,9358707.53518696,28.1879022217302
"3605","Gregory W. Meeks","Democrat","New York","NY","New York University School of Medicine",3050119.20843574,7189989.9148977,21.6558463798938
"3605","Gregory W. Meeks","Democrat","New York","NY","Columbia University",2620587.52278308,6177462.77188303,18.6061714117599
"3605","Gregory W. Meeks","Democrat","New York","NY","Weill Medical College of Cornell University",2305094.78341099,5433757.5396301,16.366172962218
"3605","Gregory W. Meeks","Democrat","New York","NY","Albert Einstein College of Medicine",2241042.45937643,5282768.17417825,15.9114014615727
"3606","Grace Meng","Democrat","New York","NY","Icahn School of Medicine at Mount Sinai",5216562.31748365,12296906.4125131,37.0375924541339
"3606","Grace Meng","Democrat","New York","NY","Weill Medical College of Cornell University",3618123.45750586,8528935.88498902,25.6886765482916
"3606","Grace Meng","Democrat","New York","NY","Columbia University",3527713.97297723,8315815.26984254,25.0467692081383
"3606","Grace Meng","Democrat","New York","NY","New York University School of Medicine",2146380.18371404,5059622.53270579,15.2392993043697
"3606","Grace Meng","Democrat","New York","NY","Albert Einstein College of Medicine",2115325.44336263,4986417.76440728,15.0188106478747
"3607","Nydia M. Velázquez","Democrat","New York","NY","New York University School of Medicine",8924422.8691268,21037377.8991451,63.3634023708002
"3607","Nydia M. Velázquez","Democrat","New York","NY","Icahn School of Medicine at Mount Sinai",5539712.19555786,13058661.6770051,39.3319565884608
"3607","Nydia M. Velázquez","Democrat","New York","NY","Weill Medical College of Cornell University",3676480.28746563,8666499.36700498,26.103010041006
"3607","Nydia M. Velázquez","Democrat","New York","NY","Columbia University",3326130.31737853,7840625.82585154,23.6155252533876
"3607","Nydia M. Velázquez","Democrat","New York","NY","Sloan-Kettering Inst Can Research",1728497.32204194,4074554.94822541,12.2723309864978
"3608","Hakeem S. Jeffries","Democrat","New York","NY","New York University School of Medicine",12087509.4556528,28493663.7368168,85.8213171351345
"3608","Hakeem S. Jeffries","Democrat","New York","NY","Icahn School of Medicine at Mount Sinai",4062455.61007576,9576351.89647038,28.8434348315379
"3608","Hakeem S. Jeffries","Democrat","New York","NY","Weill Medical College of Cornell University",3151268.81782768,7428428.02886141,22.3740086065765
"3608","Hakeem S. Jeffries","Democrat","New York","NY","Columbia University",2217420.21158569,5227083.88390102,15.7436835022584
"3608","Hakeem S. Jeffries","Democrat","New York","NY","Sloan-Kettering Inst Can Research",1661673.971963,3917033.49404144,11.7978852009373
"3609","Yvette D. Clarke","Democrat","New York","NY","New York University School of Medicine",18752584.7629753,44205123.1804822,133.143351817125
"3609","Yvette D. Clarke","Democrat","New York","NY","Icahn School of Medicine at Mount Sinai",3000677.43926051,7073441.74171107,21.3048098187496
"3609","Yvette D. Clarke","Democrat","New York","NY","Columbia University",2822171.17838178,6652652.21587403,20.0374153665107
"3609","Yvette D. Clarke","Democrat","New York","NY","Weill Medical College of Cornell University",2130024.29353167,5021067.09358225,15.1231724840749
"3609","Yvette D. Clarke","Democrat","New York","NY","Sloan-Kettering Inst Can Research",1876993.6555507,4424602.6241898,13.32665495441
"3610","Daniel S. Goldman","Democrat","New York","NY","New York University School of Medicine",26434366.4731098,62313245.9291134,187.684001959079
"3610","Daniel S. Goldman","Democrat","New York","NY","Icahn School of Medicine at Mount Sinai",4200948.41496471,9902818.4383955,29.8267337462494
"3610","Daniel S. Goldman","Democrat","New York","NY","Columbia University",3124546.66177983,7365436.38186053,22.1842812986368
"3610","Daniel S. Goldman","Democrat","New York","NY","Weill Medical College of Cornell University",2684414.17814951,6327920.17273379,19.0593406648615
"3610","Daniel S. Goldman","Democrat","New York","NY","New York University",2603522.77167204,6137236.34792906,18.4850116788715
"3611","Nicole Malliotakis","Republican","New York","NY","New York University School of Medicine",5874303.66069106,13847387.9842474,41.7075559909065
"3611","Nicole Malliotakis","Republican","New York","NY","Icahn School of Medicine at Mount Sinai",3877798.5368905,9141063.17390354,27.5323696119226
"3611","Nicole Malliotakis","Republican","New York","NY","Columbia University",2922963.00618113,6890246.93786953,20.753037343886
"3611","Nicole Malliotakis","Republican","New York","NY","Weill Medical College of Cornell University",2013310.63361213,4745940.12955034,14.2945054986461
"3611","Nicole Malliotakis","Republican","New York","NY","Sloan-Kettering Inst Can Research",1035019.44455604,2439832.30147175,7.34863805634789
"3612","Jerrold Nadler","Democrat","New York","NY","Weill Medical College of Cornell University",7177890.08505194,16920308.2879621,50.9630196038688
"3612","Jerrold Nadler","Democrat","New York","NY","Sloan-Kettering Inst Can Research",6480379.99432219,15276080.5790857,46.0106979596875
"3612","Jerrold Nadler","Democrat","New York","NY","Icahn School of Medicine at Mount Sinai",3923962.80518682,9249885.35454525,27.8601359168264
"3612","Jerrold Nadler","Democrat","New York","NY","Columbia University",3124546.66177983,7365436.38186053,22.1842812986368
"3612","Jerrold Nadler","Democrat","New York","NY","New York University School of Medicine",2824184.45225532,6657398.06934972,20.0517096110127
"3613","Adriano Espaillat","Democrat","New York","NY","Columbia University",30439131.9954035,71753606.0426413,216.117837167365
"3613","Adriano Espaillat","Democrat","New York","NY","Icahn School of Medicine at Mount Sinai",13572294.8791168,31993721.1086624,96.363293641729
"3613","Adriano Espaillat","Democrat","New York","NY","Weill Medical College of Cornell University",3909907.60730472,9216753.29506878,27.7603440118635
"3613","Adriano Espaillat","Democrat","New York","NY","Sloan-Kettering Inst Can Research",3810415.91783472,8982223.36524606,27.0539530166265
"3613","Adriano Espaillat","Democrat","New York","NY","Albert Einstein College of Medicine",3383427.51793662,7975691.46296668,24.02233537735
"3614","Alexandria Ocasio-Cortez","Democrat","New York","NY","Columbia University",12699770.302718,29936934.9714331,90.168369149298
"3614","Alexandria Ocasio-Cortez","Democrat","New York","NY","Icahn School of Medicine at Mount Sinai",9509839.26904099,22417369.212192,67.519858810191
"3614","Alexandria Ocasio-Cortez","Democrat","New York","NY","Albert Einstein College of Medicine",4159593.44289138,9805333.12329183,29.5331134445288
"3614","Alexandria Ocasio-Cortez","Democrat","New York","NY","Weill Medical College of Cornell University",3939086.0222846,9285535.03607676,27.9675107582207
"3614","Alexandria Ocasio-Cortez","Democrat","New York","NY","Sloan-Kettering Inst Can Research",2375941.33614012,5600762.81543012,16.8691834865949
"3615","Ritchie Torres","Democrat","New York","NY","Columbia University",18041737.1760835,42529455.2371947,128.096333950193
"3615","Ritchie Torres","Democrat","New York","NY","Icahn School of Medicine at Mount Sinai",8355732.56163311,19696814.6961493,59.3257011875951
"3615","Ritchie Torres","Democrat","New York","NY","Albert Einstein College of Medicine",6089076.34084231,14353667.6732551,43.2324420199804
"3615","Ritchie Torres","Democrat","New York","NY","Weill Medical College of Cornell University",2801127.83806905,6603047.1367657,19.8880076502903
"3615","Ritchie Torres","Democrat","New York","NY","Sloan-Kettering Inst Can Research",2058159.18243138,4851660.78886634,14.6129301952628
"3616","George Latimer","Democrat","New York","NY","Columbia University",5644342.35676356,13305304.4317481,40.0748307330213
"3616","George Latimer","Democrat","New York","NY","Albert Einstein College of Medicine",3973750.89747968,9367249.90884778,28.2136313721057
"3616","George Latimer","Democrat","New York","NY","Icahn School of Medicine at Mount Sinai",2677527.5611863,6311686.47721911,19.0104456844227
"3616","George Latimer","Democrat","New York","NY","Sloan-Kettering Inst Can Research",1951241.82230508,4599626.46217199,13.853816938366
"3616","George Latimer","Democrat","New York","NY","Weill Medical College of Cornell University",1342207.08907475,3163960.0863669,9.52967033243075
"3617","Michael Lawler","Republican","New York","NY","Columbia University",3426922.14517788,8078220.54784704,24.3311472307629
"3617","Michael Lawler","Republican","New York","NY","Sloan-Kettering Inst Can Research",1418139.98500864,3342955.30545985,10.0687938935613
"3617","Michael Lawler","Republican","New York","NY","Icahn School of Medicine at Mount Sinai",1246435.24400052,2938198.87732614,8.84969023240368
"3617","Michael Lawler","Republican","New York","NY","Weill Medical College of Cornell University",1225493.42915521,2888833.12233499,8.70100334700199
"3617","Michael Lawler","Republican","New York","NY","Albert Einstein College of Medicine",912814.855404547,2151761.67094578,6.48098547337229
"3618","Patrick Ryan","Democrat","New York","NY","Columbia University",1713461.07258894,4039110.27392352,12.1655736153815
"3618","Patrick Ryan","Democrat","New York","NY","Icahn School of Medicine at Mount Sinai",1246435.24400052,2938198.87732614,8.84969023240368
"3618","Patrick Ryan","Democrat","New York","NY","Weill Medical College of Cornell University",816995.619436806,1925888.74822333,5.80066889800133
"3618","Patrick Ryan","Democrat","New York","NY","New York University School of Medicine",564836.890451063,1331479.61386994,4.01034192220255
"3618","Patrick Ryan","Democrat","New York","NY","Sloan-Kettering Inst Can Research",564286.067333279,1330181.16866465,4.00643107806628
"3619","Josh Riley","Democrat","New York","NY","Cornell University",14187842.6236127,33444740.4861422,100.73368262765
"3619","Josh Riley","Democrat","New York","NY","State University of New York, Binghamton",1556735.67717004,3669664.38166013,11.0528233079073
"3619","Josh Riley","Democrat","New York","NY","University of Rochester",452113.328635966,1065758.43471723,3.21000463331536
"3619","Josh Riley","Democrat","New York","NY","State University New York Stony Brook",361729.735862892,852698.853729931,2.56828112462653
"3619","Josh Riley","Democrat","New York","NY","Icahn School of Medicine at Mount Sinai",323149.878074209,761755.264491962,2.29436413432688
"3620","Paul Tonko","Democrat","New York","NY","Albany Medical College",1700630.94586142,4008866.0521493,12.0744797156161
"3620","Paul Tonko","Democrat","New York","NY","State University of New York at Albany",1160925.27327727,2736627.79596547,8.24256944026864
"3620","Paul Tonko","Democrat","New York","NY","Rensselaer Polytechnic Institute",1159800.5644396,2733976.54050708,8.23458400752112
"3620","Paul Tonko","Democrat","New York","NY","Wadsworth Center",986968.326670884,2326562.28499556,7.00747511936328
"3620","Paul Tonko","Democrat","New York","NY","General Electric Global Research Center",690574.132828236,1627877.70287531,4.90307634308048
"3621","Elise M. Stefanik","Republican","New York","NY","SUNY Upstate Medical University",304535.897629302,717876.870721373,2.16220487316804
"3621","Elise M. Stefanik","Republican","New York","NY","State University of New York at Buffalo",190267.701268246,448514.552961047,1.35090067900455
"3621","Elise M. Stefanik","Republican","New York","NY","State University of New York at Albany",179092.726905178,422171.991415425,1.27155836102676
"3621","Elise M. Stefanik","Republican","New York","NY","University of Vermont and State Agricultural College",182882.965146316,420561.017178075,1.37162223859737
"3621","Elise M. Stefanik","Republican","New York","NY","Clarkson University",173333.532880706,408595.94925964,1.23066808345301
"3622","John W. Mannion","Democrat","New York","NY","SUNY Upstate Medical University",2950438.69651246,6955014.8773785,20.9481147452385
"3622","John W. Mannion","Democrat","New York","NY","Cornell University",1670273.2963529,3937304.52327443,11.8589404041056
"3622","John W. Mannion","Democrat","New York","NY","Syracuse University",1458730.09665845,3438637.62915383,10.356983686275
"3622","John W. Mannion","Democrat","New York","NY","State University of New York at Buffalo",314673.505943638,741774.068358654,2.23418189219983
"3622","John W. Mannion","Democrat","New York","NY","Yale University",260533.843494469,592598.53635335,1.98005721055796
"3623","Nicholas A. Langworthy","Republican","New York","NY","State University of New York at Buffalo",3256504.88709114,7676499.07952561,23.1211846983471
"3623","Nicholas A. Langworthy","Republican","New York","NY","Roswell Park Cancer Institute Corp",2054772.90180705,4843678.37182814,14.58888760283
"3623","Nicholas A. Langworthy","Republican","New York","NY","Cornell University",1797827.70701349,4237986.18965452,12.7645767197958
"3623","Nicholas A. Langworthy","Republican","New York","NY","University of Rochester",452113.328635966,1065758.43471723,3.21000463331536
"3623","Nicholas A. Langworthy","Republican","New York","NY","State University of New York, Binghamton",170623.430169994,402207.473981538,1.21142635420696
"3624","Claudia Tenney","Republican","New York","NY","University of Rochester",5877473.27226756,13854859.651324,41.7300602330997
"3624","Claudia Tenney","Republican","New York","NY","State University of New York at Buffalo",1667037.78265025,3929677.50632794,11.8359682568168
"3624","Claudia Tenney","Republican","New York","NY","Cornell University",915289.081902361,2157594.11956524,6.49855248150677
"3624","Claudia Tenney","Republican","New York","NY","SUNY Upstate Medical University",505911.907858202,1192576.83610098,3.59197454579323
"3624","Claudia Tenney","Republican","New York","NY","Roswell Park Cancer Institute Corp",376136.53613784,886659.739060686,2.67056940657866
"3625","Joseph D. Morelle","Democrat","New York","NY","University of Rochester",27352856.3824759,64478385.3003923,194.205280315579
"3625","Joseph D. Morelle","Democrat","New York","NY","State University of New York at Buffalo",692281.713076003,1631902.95038904,4.91520016283962
"3625","Joseph D. Morelle","Democrat","New York","NY","Rochester Institute of Technology",522728.483660964,1232218.24096495,3.71137223399285
"3625","Joseph D. Morelle","Democrat","New York","NY","Roswell Park Cancer Institute Corp",149946.321838733,353465.706787706,1.06461888505501
"3625","Joseph D. Morelle","Democrat","New York","NY","Health Rhythms, Inc.",140445.997179975,331070.766191349,0.997166579977822
"3626","Timothy M. Kennedy","Democrat","New York","NY","State University of New York at Buffalo",8223955.48789442,19386179.0237548,58.3900839640504
"3626","Timothy M. Kennedy","Democrat","New York","NY","Roswell Park Cancer Institute Corp",5109611.52638599,12044793.2796048,36.2782418373405
"3626","Timothy M. Kennedy","Democrat","New York","NY","University of Rochester",226056.664317983,532879.217358614,1.60500231665768
"3626","Timothy M. Kennedy","Democrat","New York","NY","Pop Biotechnologies, Inc",167069.964843414,393830.955519444,1.18619675038824
"3626","Timothy M. Kennedy","Democrat","New York","NY","Hauptman-Woodward Medical Research Inst",155165.143438891,365767.938965717,1.10167251841613
"3701","Donald G. Davis","Democrat","North Carolina","NC","Duke University",2358045.96399364,5899106.46572516,22.8730458507383
"3701","Donald G. Davis","Democrat","North Carolina","NC","Research Triangle Institute",1236119.50152181,3092391.18116527,11.9903591647616
"3701","Donald G. Davis","Democrat","North Carolina","NC","University of North Carolina Chapel Hill",843633.852357166,2110512.68259256,8.18324836786451
"3701","Donald G. Davis","Democrat","North Carolina","NC","North Carolina State University Raleigh",441504.638471756,1104508.94818241,4.28259499317603
"3701","Donald G. Davis","Democrat","North Carolina","NC","East Carolina University",409911.172678597,1025471.8042162,3.97613837498239
"3702","Deborah K. Ross","Democrat","North Carolina","NC","Research Triangle Institute",21675057.9972729,54224335.2034274,210.248062573547
"3702","Deborah K. Ross","Democrat","North Carolina","NC","Duke University",14597427.3961511,36518278.1211558,141.595045742666
"3702","Deborah K. Ross","Democrat","North Carolina","NC","University of North Carolina Chapel Hill",8594237.90770268,21500142.5686569,83.364107704716
"3702","Deborah K. Ross","Democrat","North Carolina","NC","Family Health International",3695098.03003814,9243999.9106587,35.84245089137
"3702","Deborah K. Ross","Democrat","North Carolina","NC","North Carolina State University Raleigh",3180113.12058641,7955665.90212544,30.8470972696882
"3703","Gregory F. Murphy","Republican","North Carolina","NC","Duke University",1796606.44875706,4494557.30721917,17.4270825529435
"3703","Gregory F. Murphy","Republican","North Carolina","NC","East Carolina University",1125322.18159879,2815210.3304426,10.9156251615083
"3703","Gregory F. Murphy","Republican","North Carolina","NC","Ppd Development Lp",854262.412758578,2137102.07497198,8.2863454037582
"3703","Gregory F. Murphy","Republican","North Carolina","NC","University of North Carolina Chapel Hill",775962.687729586,1941220.22142204,7.52683807097698
"3703","Gregory F. Murphy","Republican","North Carolina","NC","Research Triangle Institute",746959.912684305,1868664.18968811,7.24551115303776
"3704","Valerie P. Foushee","Democrat","North Carolina","NC","Duke University",75962766.4115095,190035501.145861,736.838834191642
"3704","Valerie P. Foushee","Democrat","North Carolina","NC","University of North Carolina Chapel Hill",74767614.0915257,187045597.265276,725.2458566878
"3704","Valerie P. Foushee","Democrat","North Carolina","NC","Research Triangle Institute",24153907.2650305,60425654.4169941,234.292900470796
"3704","Valerie P. Foushee","Democrat","North Carolina","NC","Family Health International",9293102.34895361,23248486.6666941,90.14309278485
"3704","Valerie P. Foushee","Democrat","North Carolina","NC","Rho Federal Systems Division, Inc.",3968182.54762768,9927173.46537327,38.4913707119885
"3705","Virginia Foxx","Republican","North Carolina","NC","Wake Forest University Health Sciences",3261734.5341492,8159857.59976071,31.6388249812472
"3705","Virginia Foxx","Republican","North Carolina","NC","Duke University",2189614.10942267,5477741.71817337,21.2392568613999
"3705","Virginia Foxx","Republican","North Carolina","NC","Research Triangle Institute",1057642.35424326,2645896.19778847,10.2591308361597
"3705","Virginia Foxx","Republican","North Carolina","NC","University of North Carolina Chapel Hill",852656.67430751,2133085.01074863,8.27076974078285
"3705","Virginia Foxx","Republican","North Carolina","NC","University of North Carolina Greensboro",586631.32081152,1467571.31558843,5.69032381187174
"3706","Addison P. McDowell","Republican","North Carolina","NC","Wake Forest University Health Sciences",6366211.70921224,15926305.606183,61.7522535793587
"3706","Addison P. McDowell","Republican","North Carolina","NC","Duke University",1740462.4972334,4354102.39136857,16.882486223164
"3706","Addison P. McDowell","Republican","North Carolina","NC","Research Triangle Institute",1103914.20724141,2761654.15644171,10.7079678102416
"3706","Addison P. McDowell","Republican","North Carolina","NC","University of North Carolina Chapel Hill",875213.72918337,2189515.83113881,8.48957317307869
"3706","Addison P. McDowell","Republican","North Carolina","NC","University of North Carolina Greensboro",339570.349062759,849500.676539854,3.29383238590876
"3707","David Rouzer","Republican","North Carolina","NC","Ppd Development Lp",27529815.11305,68871138.5670214,267.039206596585
"3707","David Rouzer","Republican","North Carolina","NC","Duke University",1066735.0789495,2668643.40116138,10.3473302658102
"3707","David Rouzer","Republican","North Carolina","NC","Research Triangle Institute",773400.971540387,1934811.59463282,7.50198942394175
"3707","David Rouzer","Republican","North Carolina","NC","Wake Forest University Health Sciences",661565.441672822,1655033.4616306,6.41718478422637
"3707","David Rouzer","Republican","North Carolina","NC","University of North Carolina Chapel Hill",392492.754839965,981896.274789053,3.80717972194766
"3708","Mark Harris","Republican","North Carolina","NC","Duke University",1572030.64266243,3932737.64381678,15.2486972338256
"3708","Mark Harris","Republican","North Carolina","NC","Research Triangle Institute",958488.383532958,2397843.4292458,9.29733732026969
"3708","Mark Harris","Republican","North Carolina","NC","Wake Forest University Health Sciences",759173.457657336,1899218.72646135,7.36398253927616
"3708","Mark Harris","Republican","North Carolina","NC","University of North Carolina Chapel Hill",460163.919467545,1151188.73595958,4.46359001883519
"3708","Mark Harris","Republican","North Carolina","NC","University of North Carolina Charlotte",287352.213775717,718866.946662004,2.78731647362445
"3709","Richard Hudson","Republican","North Carolina","NC","University of North Carolina Chapel Hill",9469451.63688605,23689658.3997957,91.8536808777947
"3709","Richard Hudson","Republican","North Carolina","NC","Duke University",3537068.94599046,8848659.69858775,34.3095687761075
"3709","Richard Hudson","Republican","North Carolina","NC","Research Triangle Institute",2207828.41448281,5523308.31288343,21.4159356204833
"3709","Richard Hudson","Republican","North Carolina","NC","Wake Forest University Health Sciences",1174007.52559152,2937006.10199201,11.3878729982378
"3709","Richard Hudson","Republican","North Carolina","NC","Family Health International",477456.487027401,1194449.42665815,4.63132792416579
"3710","Pat Harrigan","Republican","North Carolina","NC","Wake Forest University Health Sciences",9118215.49322008,22810973.4896054,88.4466902842348
"3710","Pat Harrigan","Republican","North Carolina","NC","Duke University",1684318.54570974,4213647.47551797,16.3378898933845
"3710","Pat Harrigan","Republican","North Carolina","NC","Research Triangle Institute",1163406.58966759,2910485.81756731,11.2850439197756
"3710","Pat Harrigan","Republican","North Carolina","NC","University of North Carolina Chapel Hill",581972.015797189,1455915.16606653,5.64512855323274
"3710","Pat Harrigan","Republican","North Carolina","NC","Wake forest University",405727.74653026,1015006.15739788,3.93555914134352
"3711","Chuck Edwards","Republican","North Carolina","NC","Duke University",842159.272854872,2106823.73775899,8.16894494669226
"3711","Chuck Edwards","Republican","North Carolina","NC","Wake Forest University Health Sciences",447370.073262359,1119182.46380758,4.33948971064488
"3711","Chuck Edwards","Republican","North Carolina","NC","Research Triangle Institute",396615.882841224,992211.074170676,3.84717406355987
"3711","Chuck Edwards","Republican","North Carolina","NC","University of North Carolina Chapel Hill",338355.823137901,846462.305852632,3.28205148443764
"3711","Chuck Edwards","Republican","North Carolina","NC","Clemson University",118010.622245976,341238.276903393,1.21550940913356
"3712","Alma S. Adams","Democrat","North Carolina","NC","Duke University",2021182.25485169,5056376.97062157,19.6054678720614
"3712","Alma S. Adams","Democrat","North Carolina","NC","Research Triangle Institute",1117134.73666945,2794727.85891407,10.8362069456936
"3712","Alma S. Adams","Democrat","North Carolina","NC","Wake Forest University Health Sciences",702235.448333036,1756777.32197675,6.81168384883045
"3712","Alma S. Adams","Democrat","North Carolina","NC","University of North Carolina Charlotte",564346.382636262,1411821.24757224,5.47415991157175
"3712","Alma S. Adams","Democrat","North Carolina","NC","University of North Carolina Chapel Hill",383469.932889621,959323.946632983,3.71965834902932
"3713","Brad Knott","Republican","North Carolina","NC","Duke University",13025396.7534887,32585540.477339,126.34634850884
"3713","Brad Knott","Republican","North Carolina","NC","Research Triangle Institute",10272351.3655877,25698266.8210205,99.6418082462007
"3713","Brad Knott","Republican","North Carolina","NC","University of North Carolina Chapel Hill",3798608.04109483,9502950.15370555,36.8464979986199
"3713","Brad Knott","Republican","North Carolina","NC","Family Health International",1695316.51190889,4241161.00769921,16.4445701655162
"3713","Brad Knott","Republican","North Carolina","NC","North Carolina State University Raleigh",1401297.33080166,3505615.35727459,13.5925841087761
"3714","Tim Moore","Republican","North Carolina","NC","Duke University",1515886.69113877,3792282.72796618,14.7041009040461
"3714","Tim Moore","Republican","North Carolina","NC","Research Triangle Institute",991539.70710306,2480527.68542669,9.61793515889968
"3714","Tim Moore","Republican","North Carolina","NC","Wake Forest University Health Sciences",732060.11988386,1831389.48623058,7.10098316287344
"3714","Tim Moore","Republican","North Carolina","NC","University of North Carolina Chapel Hill",437606.864591685,1094757.9155694,4.24478658653934
"3714","Tim Moore","Republican","North Carolina","NC","University of North Carolina Charlotte",182602.307940034,456814.86784975,1.77124238701833
"3800","Julie Fedorchak","Republican","North Dakota","ND","University of North Dakota",2825584.79115111,10437088.3194672,20.9093274545182
"3800","Julie Fedorchak","Republican","North Dakota","ND","North Dakota State University",833764.08445571,3079741.02009477,6.16985422497225
"3800","Julie Fedorchak","Republican","North Dakota","ND","Sanford Research North",392167.347436787,1448579.86708708,2.90203837103223
"3800","Julie Fedorchak","Republican","North Dakota","ND","Mayo Clinic Rochester",10783.5690594201,26651.0331595433,0.0981304784407227
"3800","Julie Fedorchak","Republican","North Dakota","ND","Missouri Breaks Research, Inc.",6244.0631334232,19491.0165171787,0.0518257240074126
"3901","Greg Landsman","Democrat","Ohio","OH","Cincinnati Children's Hospital Medical Center",14916721.5101892,38902501.7710155,147.675542950873
"3901","Greg Landsman","Democrat","Ohio","OH","University of Cincinnati",9117807.36119912,23779053.3780856,90.2662928758713
"3901","Greg Landsman","Democrat","Ohio","OH","Ohio State University",475906.453905593,1241154.20759539,4.71147389366537
"3901","Greg Landsman","Democrat","Ohio","OH","University of Kentucky",140631.45192335,367623.013260304,1.20943048654081
"3901","Greg Landsman","Democrat","Ohio","OH","Northwestern University at Chicago",109683.155839458,313764.746804959,1.08586324281063
"3902","David J. Taylor","Republican","Ohio","OH","Cincinnati Children's Hospital Medical Center",2533132.53676925,6606357.36415466,25.0780121140156
"3902","David J. Taylor","Republican","Ohio","OH","University of Cincinnati",1376155.67299079,3588985.58702382,13.6239411626088
"3902","David J. Taylor","Republican","Ohio","OH","Ohio State University",1061637.47409709,2768728.61694357,10.5102109935612
"3902","David J. Taylor","Republican","Ohio","OH","The Research Institute at Nationwide Children's Hospital",334506.835496741,872386.921713314,3.31161767141773
"3902","David J. Taylor","Republican","Ohio","OH","Ohio University athens",239670.352673942,625055.332231624,2.37273649147203
"3903","Joyce Beatty","Democrat","Ohio","OH","Ohio State University",19975868.3344476,52096652.252145,197.761096511031
"3903","Joyce Beatty","Democrat","Ohio","OH","The Research Institute at Nationwide Children's Hospital",4691629.03459459,12235671.6723974,46.4471274424865
"3903","Joyce Beatty","Democrat","Ohio","OH","Battelle Memorial Institute",1634316.16457956,4262262.81985129,16.1797300293376
"3903","Joyce Beatty","Democrat","Ohio","OH","Triad National Security, LLC",455420.417764223,1187727.04823425,4.50866213586581
"3903","Joyce Beatty","Democrat","Ohio","OH","Cleveland Clinic Lerner College of Medicine - Case Western Reserve University",84799.4981047532,221155.34053163,0.839515031237057
"3904","Jim Jordan","Republican","Ohio","OH","Ohio State University",4356374.46267427,11361334.669527,43.1281071804753
"3904","Jim Jordan","Republican","Ohio","OH","The Research Institute at Nationwide Children's Hospital",919893.797616037,2399064.03471161,9.10694859639876
"3904","Jim Jordan","Republican","Ohio","OH","Battelle Memorial Institute",373708.366135744,974623.704378233,3.69971282474387
"3904","Jim Jordan","Republican","Ohio","OH","Cleveland Clinic Lerner College of Medicine - Case Western Reserve University",116296.454543662,303298.752729093,1.15133489998225
"3904","Jim Jordan","Republican","Ohio","OH","Triad National Security, LLC",104138.002129661,271589.759821679,1.03096622108365
"3905","Robert E. Latta","Republican","Ohio","OH","Cleveland Clinic Lerner College of Medicine - Case Western Reserve University",1903143.02175096,4963357.7139313,18.8411159153345
"3905","Robert E. Latta","Republican","Ohio","OH","Case Western Reserve University",1204021.72873555,3140063.81378651,11.919815114482
"3905","Robert E. Latta","Republican","Ohio","OH","Ohio State University",463703.72431827,1209329.74073397,4.59066687075087
"3905","Robert E. Latta","Republican","Ohio","OH","Bowling Green State University",175623.180220877,458021.628607007,1.73866948418668
"3905","Robert E. Latta","Republican","Ohio","OH","University of Toledo Health Science Campus",97858.9144888326,255214.028874309,0.968803253439442
"3906","Michael A. Rulli","Republican","Ohio","OH","University of Pittsburgh at Pittsburgh",498680.818187084,1199129.07374505,4.23878695459021
"3906","Michael A. Rulli","Republican","Ohio","OH","Ohio State University",329473.698857718,859260.605258348,3.26178961869141
"3906","Michael A. Rulli","Republican","Ohio","OH","Case Western Reserve University",194906.911701317,508313.202231759,1.92957842584304
"3906","Michael A. Rulli","Republican","Ohio","OH","Cleveland Clinic Lerner College of Medicine - Case Western Reserve University",161119.046399031,420195.147010097,1.59507855935041
"3906","Michael A. Rulli","Republican","Ohio","OH","Northeast Ohio Medical University",150746.742712348,393144.393111858,1.49239275285225
"3907","Max L. Miller","Republican","Ohio","OH","Case Western Reserve University",7269713.4404725,18959262.583241,71.9701630606777
"3907","Max L. Miller","Republican","Ohio","OH","Cleveland Clinic Lerner College of Medicine - Case Western Reserve University",6384190.78588642,16649837.7800242,63.2034887802756
"3907","Max L. Miller","Republican","Ohio","OH","Ohio State University",549122.83142953,1432101.00876391,5.43631603115235
"3907","Max L. Miller","Republican","Ohio","OH","Cleveland State University",194180.24318133,506418.065732332,1.92238440749516
"3907","Max L. Miller","Republican","Ohio","OH","Cleveland Clinic Foundation",129711.174833578,338284.066323618,1.28414063085243
"3908","Warren Davidson","Republican","Ohio","OH","Cincinnati Children's Hospital Medical Center",8079199.46088577,21070385.4141679,79.9840746627691
"3908","Warren Davidson","Republican","Ohio","OH","University of Cincinnati",3683544.5081558,9606608.0374472,36.4670906307424
"3908","Warren Davidson","Republican","Ohio","OH","Ohio State University",597933.749778822,1559398.87620959,5.91954412281033
"3908","Warren Davidson","Republican","Ohio","OH","Miami University Oxford",489618.704447249,1276915.4739445,4.84722517402776
"3908","Warren Davidson","Republican","Ohio","OH","Northwestern University at Chicago",73122.1038929717,209176.497869972,0.72390882854042
"3909","Marcy Kaptur","Democrat","Ohio","OH","University of Toledo Health Science Campus",1648326.00843873,4298800.20342922,16.3184274835434
"3909","Marcy Kaptur","Democrat","Ohio","OH","University of Michigan at Ann Arbor",849673.359362957,2164664.24063833,8.24183158582068
"3909","Marcy Kaptur","Democrat","Ohio","OH","Ohio State University",573528.290604176,1495749.94248675,5.67793007698134
"3909","Marcy Kaptur","Democrat","Ohio","OH","University of Toledo",502288.25952917,1309957.4120591,4.97265376933878
"3909","Marcy Kaptur","Democrat","Ohio","OH","Cleveland Clinic Lerner College of Medicine - Case Western Reserve University",159301.914296786,415456.103998705,1.57708895153819
"3910","Michael R. Turner","Republican","Ohio","OH","Wright State University",640610.930168408,1670700.08167581,6.34204820866724
"3910","Michael R. Turner","Republican","Ohio","OH","Ohio State University",475906.453905593,1241154.20759539,4.71147389366537
"3910","Michael R. Turner","Republican","Ohio","OH","Cincinnati Children's Hospital Medical Center",338764.995364883,883492.114747758,3.35377345411235
"3910","Michael R. Turner","Republican","Ohio","OH","University of Cincinnati",256606.471354673,669224.380136771,2.54040406641127
"3910","Michael R. Turner","Republican","Ohio","OH","University of Dayton",131639.919403707,343314.192347222,1.3032352020967
"3911","Shontel M. Brown","Democrat","Ohio","OH","Case Western Reserve University",20578397.4838197,53668035.8356305,203.726135089815
"3911","Shontel M. Brown","Democrat","Ohio","OH","Cleveland Clinic Lerner College of Medicine - Case Western Reserve University",9905187.08933593,25832523.4550982,98.0613521844257
"3911","Shontel M. Brown","Democrat","Ohio","OH","Ohio State University",988421.096573154,2577781.81577504,9.78536885607422
"3911","Shontel M. Brown","Democrat","Ohio","OH","Cleveland State University",381192.299628714,994141.64843622,3.77380376632427
"3911","Shontel M. Brown","Democrat","Ohio","OH","Cleveland Clinic Foundation",201249.226001282,524853.82700096,1.99236733741269
"3912","Troy Balderson","Republican","Ohio","OH","Ohio State University",3453372.47321238,9006324.12178194,34.1883874848025
"3912","Troy Balderson","Republican","Ohio","OH","The Research Institute at Nationwide Children's Hospital",1608534.14518203,4195023.84548367,15.9244880373021
"3912","Troy Balderson","Republican","Ohio","OH","Ohio University athens",837499.771703325,2184182.1160004,8.29124773986292
"3912","Troy Balderson","Republican","Ohio","OH","Battelle Memorial Institute",339495.628390922,885397.590597128,3.36100672107013
"3912","Troy Balderson","Republican","Ohio","OH","Triad National Security, LLC",94604.241371312,246725.908570399,0.936581989575989
"3913","Emilia Strong Sykes","Democrat","Ohio","OH","Case Western Reserve University",2194274.58657289,5722622.82512528,21.7233184070716
"3913","Emilia Strong Sykes","Democrat","Ohio","OH","Cleveland Clinic Lerner College of Medicine - Case Western Reserve University",1445831.44268604,3770698.5560643,14.3137312825918
"3913","Emilia Strong Sykes","Democrat","Ohio","OH","Ohio State University",353879.158032364,922909.538981189,3.5034036645204
"3913","Emilia Strong Sykes","Democrat","Ohio","OH","International Chemical Workers Union",294054.627282286,766888.397749495,2.91114081009463
"3913","Emilia Strong Sykes","Democrat","Ohio","OH","Northeast Ohio Medical University",277939.306875892,724859.974799989,2.75159913807133
"3914","David P. Joyce","Republican","Ohio","OH","Case Western Reserve University",4457709.69020108,11625614.8510425,44.1313259329907
"3914","David P. Joyce","Republican","Ohio","OH","Cleveland Clinic Lerner College of Medicine - Case Western Reserve University",2939514.0307312,7666191.91142858,29.1011889042388
"3914","David P. Joyce","Republican","Ohio","OH","Northeast Ohio Medical University",812619.159933752,2119293.99411861,8.04492968334414
"3914","David P. Joyce","Republican","Ohio","OH","University of Pittsburgh at Pittsburgh",398944.654549667,959303.258996038,3.39102956367217
"3914","David P. Joyce","Republican","Ohio","OH","Ohio State University",353879.158032364,922909.538981189,3.5034036645204
"3915","Mike Carey","Republican","Ohio","OH","Ohio State University",12727446.9595778,33192918.9364614,126.00172489982
"3915","Mike Carey","Republican","Ohio","OH","The Research Institute at Nationwide Children's Hospital",2962774.82868542,7726855.59231792,29.3314708039856
"3915","Mike Carey","Republican","Ohio","OH","Battelle Memorial Institute",1089544.1097197,2841508.54656753,10.7864866862251
"3915","Mike Carey","Republican","Ohio","OH","Triad National Security, LLC",303613.611842815,791818.032156163,3.00577475724387
"3915","Mike Carey","Republican","Ohio","OH","Cincinnati Children's Hospital Medical Center",107851.712810045,281275.040613572,1.06773195681944
"4001","Kevin Hern","Republican","Oklahoma","OK","Laureate Institute for Brain Research",1201678.64186786,3384037.55468535,12.6176257396125
"4001","Kevin Hern","Republican","Oklahoma","OK","University of Oklahoma Health Sciences Center",624649.606289317,1759070.73035497,6.55882086603782
"4001","Kevin Hern","Republican","Oklahoma","OK","Osu Center for Health Sciences",448946.413352901,1264274.38243058,4.71393734020546
"4001","Kevin Hern","Republican","Oklahoma","OK","Oklahoma Medical Research Foundation",259518.066336882,730826.738534897,2.72493969653726
"4001","Kevin Hern","Republican","Oklahoma","OK","Oklahoma State University Stillwater",71586.1216208668,201593.101116234,0.751654277019102
"4002","Josh Brecheen","Republican","Oklahoma","OK","Cherokee Nation",396980.191303439,1117932.72263612,4.16829200868611
"4002","Josh Brecheen","Republican","Oklahoma","OK","University of Oklahoma Health Sciences Center",318929.859404515,898135.810966738,3.34876352374741
"4002","Josh Brecheen","Republican","Oklahoma","OK","Oklahoma Medical Research Foundation",168686.743118973,475037.380047683,1.77121080274922
"4002","Josh Brecheen","Republican","Oklahoma","OK","Laureate Institute for Brain Research",151467.869012657,426547.447219553,1.5904126246329
"4002","Josh Brecheen","Republican","Oklahoma","OK","Osu Center for Health Sciences",128128.511775496,360821.671091914,1.34534937364271
"4003","Frank D. Lucas","Republican","Oklahoma","OK","University of Oklahoma Health Sciences Center",2124940.95674251,5984029.13105649,22.3118800457963
"4003","Frank D. Lucas","Republican","Oklahoma","OK","Oklahoma State University Stillwater",1422282.50429151,4005278.31668298,14.9339662950608
"4003","Frank D. Lucas","Republican","Oklahoma","OK","Oklahoma Medical Research Foundation",661771.069159048,1863608.18326399,6.94859622617001
"4003","Frank D. Lucas","Republican","Oklahoma","OK","University of Oklahoma",92700.6138616945,261053.45282891,0.973356445547792
"4003","Frank D. Lucas","Republican","Oklahoma","OK","Laureate Institute for Brain Research",70450.1716337942,198394.161497466,0.739726802154839
"4004","Tom Cole","Republican","Oklahoma","OK","University of Oklahoma Health Sciences Center",3413870.50688028,9613773.26650194,35.845640322243
"4004","Tom Cole","Republican","Oklahoma","OK","University of Oklahoma",1713281.99749458,4824759.64811692,17.9894609736931
"4004","Tom Cole","Republican","Oklahoma","OK","Oklahoma Medical Research Foundation",1427349.36485285,4019547.06194193,14.9871683309549
"4004","Tom Cole","Republican","Oklahoma","OK","Oklahoma State University Stillwater",53492.926046362,150640.998636307,0.561675723486801
"4004","Tom Cole","Republican","Oklahoma","OK","Transtimulation Research, Inc.",44599.4501585437,125596.152745324,0.468294226664709
"4005","Stephanie I. Bice","Republican","Oklahoma","OK","University of Oklahoma Health Sciences Center",6012488.35540109,16931720.0813019,63.1311277317115
"4005","Stephanie I. Bice","Republican","Oklahoma","OK","Oklahoma Medical Research Foundation",4100385.44812273,11547062.4688514,43.0540472052887
"4005","Stephanie I. Bice","Republican","Oklahoma","OK","University of Oklahoma",195813.253193362,551428.126808893,2.0560391585303
"4005","Stephanie I. Bice","Republican","Oklahoma","OK","Oklahoma State University Stillwater",162838.760170543,458568.922319346,1.7098069817907
"4005","Stephanie I. Bice","Republican","Oklahoma","OK","Progentec Diagnostics, Inc.",50922.529534378,143402.52570026,0.534686560110969
"4101","Suzanne Bonamici","Democrat","Oregon","OR","Oregon Health & Science University",19615976.0482694,47602180.887865,172.620589224771
"4101","Suzanne Bonamici","Democrat","Oregon","OR","Portland State University",386644.432780656,938271.854697462,3.40247100846977
"4101","Suzanne Bonamici","Democrat","Oregon","OR","University of Oregon",181180.697666495,439672.047033876,1.59439013946516
"4101","Suzanne Bonamici","Democrat","Oregon","OR","Northwest Portland Area Indian Health Bd",156444.437506903,379644.448727847,1.37671105006075
"4101","Suzanne Bonamici","Democrat","Oregon","OR","Oregon State University",149971.129079991,363935.640870284,1.31974593590392
"4102","Cliff Bentz","Republican","Oregon","OR","Oregon Health & Science University",579172.062281291,1405479.55432195,5.09671414807536
"4102","Cliff Bentz","Republican","Oregon","OR","University of Oregon",157548.432753474,382323.519159892,1.38642620823057
"4102","Cliff Bentz","Republican","Oregon","OR","Oregon State University",153499.861528932,372498.832420173,1.3507987814546
"4102","Cliff Bentz","Republican","Oregon","OR","University of California, San Francisco",27581.7061694271,74009.6930413228,0.242719014290959
"4102","Cliff Bentz","Republican","Oregon","OR","Battelle Pacific Northwest Laboratories",28898.2835625118,69851.4233702729,0.225406611787592
"4103","Maxine Dexter","Democrat","Oregon","OR","Oregon Health & Science University",16636654.260639,40372246.7612656,146.402557493623
"4103","Maxine Dexter","Democrat","Oregon","OR","Portland State University",394132.265105633,956442.612446885,3.46836393292957
"4103","Maxine Dexter","Democrat","Oregon","OR","University of Oregon",236322.649130211,573485.278739838,2.07963931234586
"4103","Maxine Dexter","Democrat","Oregon","OR","Legacy Emanuel Hospital and Health Center",176513.592585632,428346.361290009,1.55331961475356
"4103","Maxine Dexter","Democrat","Oregon","OR","Oregon State University",147030.518705873,356799.647912043,1.29386856461168
"4104","Val T. Hoyle","Democrat","Oregon","OR","University of Oregon",7298431.1473047,17711137.025082,64.2261940962813
"4104","Val T. Hoyle","Democrat","Oregon","OR","Oregon State University",3076466.57340169,7465675.83291159,27.0729058459349
"4104","Val T. Hoyle","Democrat","Oregon","OR","Oregon Social Learning Center, Inc.",698546.358025844,1695165.71653028,6.14720795062743
"4104","Val T. Hoyle","Democrat","Oregon","OR","Oregon Research Institute",576935.687657545,1400052.53355528,5.07703405138639
"4104","Val T. Hoyle","Democrat","Oregon","OR","Oregon Research Behavioral Intervention Strat",526329.907801369,1277247.25072064,4.63170318865205
"4105","Janelle S. Bynum","Democrat","Oregon","OR","Oregon Health & Science University",8376497.25011195,20327285.0825953,73.7131758009851
"4105","Janelle S. Bynum","Democrat","Oregon","OR","Oregon State University",718097.053359484,1742609.48040242,6.31925406956346
"4105","Janelle S. Bynum","Democrat","Oregon","OR","University of Oregon",326912.997963459,793321.302256776,2.87683438207844
"4105","Janelle S. Bynum","Democrat","Oregon","OR","Portland State University",230761.378015215,559989.716095844,2.03070012653389
"4105","Janelle S. Bynum","Democrat","Oregon","OR","Stanford University",137982.387329745,370246.643505427,1.21424500850176
"4106","Andrea Salinas","Democrat","Oregon","OR","Oregon Health & Science University",6171090.96928537,14975415.3386269,54.3056005297113
"4106","Andrea Salinas","Democrat","Oregon","OR","Oregon State University",324055.263227744,786386.423998142,2.85168631640415
"4106","Andrea Salinas","Democrat","Oregon","OR","Portland State University",171199.075430167,415449.597634528,1.50655186378547
"4106","Andrea Salinas","Democrat","Oregon","OR","University of Oregon",102406.481289758,248510.28745393,0.901177035349873
"4106","Andrea Salinas","Democrat","Oregon","OR","Fred Hutchinson Cancer Center",66392.1399875669,160479.617022862,0.517858691903022
"4201","Brian K. Fitzpatrick","Republican","Pennsylvania","PA","University of Pennsylvania",5468664.91962599,13149964.5876353,46.4836518168209
"4201","Brian K. Fitzpatrick","Republican","Pennsylvania","PA","Princeton University",988734.605894649,3215405.72845198,8.70086453187291
"4201","Brian K. Fitzpatrick","Republican","Pennsylvania","PA","Children's Hospital of Philadelphia",1336800.3720086,3214473.33325609,11.3628031620731
"4201","Brian K. Fitzpatrick","Republican","Pennsylvania","PA","Research Inst of Fox Chase Can Center",861056.636838673,2070498.8235321,7.31898141312872
"4201","Brian K. Fitzpatrick","Republican","Pennsylvania","PA","Temple University ofthe Commonwealth",759450.42528495,1826176.28714481,6.45532861492208
"4202","Brendan F. Boyle","Democrat","Pennsylvania","PA","University of Pennsylvania",14300782.7235491,34387695.9283508,121.556653150168
"4202","Brendan F. Boyle","Democrat","Pennsylvania","PA","Temple University ofthe Commonwealth",3644513.49340655,8763605.75786253,30.9783646939557
"4202","Brendan F. Boyle","Democrat","Pennsylvania","PA","Children's Hospital of Philadelphia",3502318.31780851,8421682.90262666,29.7697057013724
"4202","Brendan F. Boyle","Democrat","Pennsylvania","PA","Thomas Jefferson University",3294519.88579249,7922010.30199424,28.0034190292362
"4202","Brendan F. Boyle","Democrat","Pennsylvania","PA","Research Inst of Fox Chase Can Center",1698018.90534165,4083060.27203164,14.4331606954041
"4203","Dwight Evans","Democrat","Pennsylvania","PA","University of Pennsylvania",40471377.9867183,97317571.1366398,344.006712887106
"4203","Dwight Evans","Democrat","Pennsylvania","PA","Children's Hospital of Philadelphia",9775661.02298172,23506577.5947611,83.0931186953446
"4203","Dwight Evans","Democrat","Pennsylvania","PA","Temple University ofthe Commonwealth",4505789.67403697,10834632.496915,38.2992122293142
"4203","Dwight Evans","Democrat","Pennsylvania","PA","Thomas Jefferson University",4343654.31942781,10444761.4401124,36.9210617151364
"4203","Dwight Evans","Democrat","Pennsylvania","PA","Drexel University",3525217.05978342,8476745.27168693,29.9643450081591
"4204","Madeleine Dean","Democrat","Pennsylvania","PA","University of Pennsylvania",10733730.9963768,25810354.9166096,91.2367134692032
"4204","Madeleine Dean","Democrat","Pennsylvania","PA","Children's Hospital of Philadelphia",2519449.40960662,6058274.00354446,21.4153199816562
"4204","Madeleine Dean","Democrat","Pennsylvania","PA","Temple University ofthe Commonwealth",1724673.73116387,4147154.5291864,14.6597267148929
"4204","Madeleine Dean","Democrat","Pennsylvania","PA","Thomas Jefferson University",1135323.94801329,2730002.64804853,9.65025355811296
"4204","Madeleine Dean","Democrat","Pennsylvania","PA","Research Inst of Fox Chase Can Center",1099464.0708971,2643773.90280167,9.34544460262533
"4205","Mary Gay Scanlon","Democrat","Pennsylvania","PA","University of Pennsylvania",25836693.160854,62126973.4240849,219.611891867259
"4205","Mary Gay Scanlon","Democrat","Pennsylvania","PA","Children's Hospital of Philadelphia",6370766.3485207,15319159.81513,54.1515139624259
"4205","Mary Gay Scanlon","Democrat","Pennsylvania","PA","Drexel University",2250478.14109325,5411505.05572528,19.1290641992926
"4205","Mary Gay Scanlon","Democrat","Pennsylvania","PA","Thomas Jefferson University",2180000.30331871,5242033.88048063,18.5300025782091
"4205","Mary Gay Scanlon","Democrat","Pennsylvania","PA","Temple University ofthe Commonwealth",1769222.49912751,4254276.60189601,15.0383912425838
"4206","Chrissy Houlahan","Democrat","Pennsylvania","PA","University of Pennsylvania",5480880.8501985,13179339.043155,46.5874872266872
"4206","Chrissy Houlahan","Democrat","Pennsylvania","PA","Children's Hospital of Philadelphia",1174016.56287102,2823043.00116218,9.97914078440369
"4206","Chrissy Houlahan","Democrat","Pennsylvania","PA","Venatorx Pharmaceuticals, Inc.",965579.208916054,2321834.04732565,8.20742327578646
"4206","Chrissy Houlahan","Democrat","Pennsylvania","PA","University of Delaware",634854.657428831,1493656.98532779,3.49170061585857
"4206","Chrissy Houlahan","Democrat","Pennsylvania","PA","Drexel University",477406.395257921,1147972.54610027,4.05795435969233
"4207","Ryan Mackenzie","Republican","Pennsylvania","PA","Lehigh University",931069.485052642,2238851.8837807,7.91409062294746
"4207","Ryan Mackenzie","Republican","Pennsylvania","PA","Pennsylvania State University Hershey Medical Center",820542.252052053,1973077.8381428,6.97460914244245
"4207","Ryan Mackenzie","Republican","Pennsylvania","PA","University of Pennsylvania",794035.487213006,1909339.60877802,6.74930164131055
"4207","Ryan Mackenzie","Republican","Pennsylvania","PA","Icahn School of Medicine at Mount Sinai",184657.073185262,435288.722566835,1.31106521961536
"4207","Ryan Mackenzie","Republican","Pennsylvania","PA","Hager Biosciences, LLC",175109.808379852,421069.458996975,1.48843337122874
"4208","Robert P. Bresnahan, Jr.","Republican","Pennsylvania","PA","Pennsylvania State University,the",250116.634803653,601431.0510492,2.12599139583105
"4208","Robert P. Bresnahan, Jr.","Republican","Pennsylvania","PA","University of Pennsylvania",228030.704020145,548323.169700355,1.93826098417124
"4208","Robert P. Bresnahan, Jr.","Republican","Pennsylvania","PA","University of Rochester",226056.664317983,532879.217358614,1.60500231665768
"4208","Robert P. Bresnahan, Jr.","Republican","Pennsylvania","PA","Pennsylvania State University Hershey Medical Center",181158.679024479,435614.587641917,1.53984877170807
"4208","Robert P. Bresnahan, Jr.","Republican","Pennsylvania","PA","Geisinger Clinic",148380.243450944,356795.484009664,1.26123206933303
"4209","Daniel Meuser","Republican","Pennsylvania","PA","Pennsylvania State University Hershey Medical Center",1800930.397361,4330521.48891082,15.3079083775685
"4209","Daniel Meuser","Republican","Pennsylvania","PA","Geisinger Clinic",1339952.88551502,3222053.87468269,11.3895995268776
"4209","Daniel Meuser","Republican","Pennsylvania","PA","University of Pennsylvania",382765.824605244,920399.606282739,3.25350950914458
"4209","Daniel Meuser","Republican","Pennsylvania","PA","Pennsylvania State University,the",347384.215005073,835320.904235,2.95276582754312
"4209","Daniel Meuser","Republican","Pennsylvania","PA","University of Pittsburgh at Pittsburgh",249340.409093542,599564.536872524,2.1193934772951
"4210","Scott Perry","Republican","Pennsylvania","PA","Pennsylvania State University Hershey Medical Center",7608664.51902812,18295812.6809605,64.673648411739
"4210","Scott Perry","Republican","Pennsylvania","PA","University of Pittsburgh at Pittsburgh",997361.636374167,2398258.1474901,8.47757390918042
"4210","Scott Perry","Republican","Pennsylvania","PA","Johns Hopkins University",519973.888723604,1138696.09457751,4.36778066527827
"4210","Scott Perry","Republican","Pennsylvania","PA","Pennsylvania State University,the",298750.424904363,718375.9776421,2.53937861168709
"4210","Scott Perry","Republican","Pennsylvania","PA","University of Pennsylvania",158807.097442601,381867.921755605,1.34986032826211
"4211","Lloyd Smucker","Republican","Pennsylvania","PA","Johns Hopkins University",1871905.99940497,4099305.94047905,15.7240103950018
"4211","Lloyd Smucker","Republican","Pennsylvania","PA","Pennsylvania State University Hershey Medical Center",1609115.32545273,3869282.51376056,13.6774802663482
"4211","Lloyd Smucker","Republican","Pennsylvania","PA","University of Pittsburgh at Pittsburgh",847757.390918042,2038519.42536658,7.20593782280336
"4211","Lloyd Smucker","Republican","Pennsylvania","PA","University of Pennsylvania",513069.084045327,1233727.1318258,4.36108721438528
"4211","Lloyd Smucker","Republican","Pennsylvania","PA","University of Maryland Baltimore",422906.278970316,926126.751129584,3.55241274335065
"4212","Summer L. Lee","Democrat","Pennsylvania","PA","University of Pittsburgh at Pittsburgh",56251196.291503,135261759.518441,478.135168477776
"4212","Summer L. Lee","Democrat","Pennsylvania","PA","Carnegie-Mellon University",4031965.94752031,9695274.84453547,34.2717105539226
"4212","Summer L. Lee","Democrat","Pennsylvania","PA","Cognitiontherapeutics, Inc.",1998000.8189261,4804397.49026376,16.9830069608719
"4212","Summer L. Lee","Democrat","Pennsylvania","PA","Magee-Womens Research Institute",1979698.71808695,4760388.21533991,16.827439103739
"4212","Summer L. Lee","Democrat","Pennsylvania","PA","Steelworker Charitable and Educational Organization",335657.159541399,807121.998957201,2.85308585610189
"4213","John Joyce","Republican","Pennsylvania","PA","Pennsylvania State University,the",1597967.38902334,3842476.159481,13.5827228066984
"4213","John Joyce","Republican","Pennsylvania","PA","University of Pittsburgh at Pittsburgh",1545910.53637996,3717300.12860965,13.1402395592297
"4213","John Joyce","Republican","Pennsylvania","PA","Pennsylvania State University Hershey Medical Center",479537.67977068,1153097.43787566,4.07607027805078
"4213","John Joyce","Republican","Pennsylvania","PA","Johns Hopkins University",207989.555489441,455478.437831005,1.74711226611131
"4213","John Joyce","Republican","Pennsylvania","PA","University of Pennsylvania",175095.004872612,421033.862448487,1.4883075414172
"4214","Guy Reschenthaler","Republican","Pennsylvania","PA","University of Pittsburgh at Pittsburgh",10771505.672841,25901187.992893,91.5577982191485
"4214","Guy Reschenthaler","Republican","Pennsylvania","PA","West Virginia University",634183.731358056,1771427.71880332,4.88321473145703
"4214","Guy Reschenthaler","Republican","Pennsylvania","PA","Cognitiontherapeutics, Inc.",350955.486222216,843908.391442294,2.98312163288884
"4214","Guy Reschenthaler","Republican","Pennsylvania","PA","Carnegie-Mellon University",289546.431536574,696244.033441807,2.46114466806088
"4214","Guy Reschenthaler","Republican","Pennsylvania","PA","Pennsylvania State University,the",264012.003403856,634843.8872186,2.24410202893277
"4215","Glenn Thompson","Republican","Pennsylvania","PA","Pennsylvania State University,the",10636904.6634553,25577526.0876757,90.4136896393704
"4215","Glenn Thompson","Republican","Pennsylvania","PA","University of Pittsburgh at Pittsburgh",3091821.07275992,7434600.2572193,26.2804791184593
"4215","Glenn Thompson","Republican","Pennsylvania","PA","Actuated Medical, Inc.",527942.382744582,1269491.50102213,4.48751025332895
"4215","Glenn Thompson","Republican","Pennsylvania","PA","Pennsylvania State University Hershey Medical Center",298379.000746201,717482.850233745,2.53622150634271
"4215","Glenn Thompson","Republican","Pennsylvania","PA","Geisinger Clinic",217635.144429139,523325.982544163,1.84989872764768
"4216","Mike Kelly","Republican","Pennsylvania","PA","University of Pittsburgh at Pittsburgh",5984169.818245,14389548.8849406,50.8654434550825
"4216","Mike Kelly","Republican","Pennsylvania","PA","Pennsylvania State University,the",416861.058006088,1002385.085082,3.54331899305175
"4216","Mike Kelly","Republican","Pennsylvania","PA","Cognitiontherapeutics, Inc.",202245.534433141,486320.089983695,1.7190870426817
"4216","Mike Kelly","Republican","Pennsylvania","PA","Carnegie-Mellon University",183677.031459324,441670.223857358,1.56125476740426
"4216","Mike Kelly","Republican","Pennsylvania","PA","University of Pennsylvania",109943.37515257,264370.099676957,0.934518688796846
"4217","Christopher R. Deluzio","Democrat","Pennsylvania","PA","University of Pittsburgh at Pittsburgh",35755414.6640139,85977554.5875199,303.921024644118
"4217","Christopher R. Deluzio","Democrat","Pennsylvania","PA","Carnegie-Mellon University",2358464.10533535,5671168.36050177,20.0469448953505
"4217","Christopher R. Deluzio","Democrat","Pennsylvania","PA","Magee-Womens Research Institute",1458813.16955301,3507865.59453529,12.3999119412006
"4217","Christopher R. Deluzio","Democrat","Pennsylvania","PA","Cognitiontherapeutics, Inc.",1313935.04069636,3159491.3035542,11.168447845919
"4217","Christopher R. Deluzio","Democrat","Pennsylvania","PA","Steelworker Charitable and Educational Organization",270419.421057894,650251.178849581,2.2985650789921
"4401","Gabe Amo","Democrat","Rhode Island","RI","Brown University",13434514.4307985,27958013.488742,99.415406787909
"4401","Gabe Amo","Democrat","Rhode Island","RI","Rhode Island Hospital",2921269.6859463,6079333.77158056,21.6173956760027
"4401","Gabe Amo","Democrat","Rhode Island","RI","Miriam Hospital",1545309.56499554,3215879.95494523,11.435290780967
"4401","Gabe Amo","Democrat","Rhode Island","RI","Women and Infants Hospital-Rhode Island",790256.983214092,1644571.19087399,5.84790167578428
"4401","Gabe Amo","Democrat","Rhode Island","RI","Butler Hospital",778125.174156598,1619324.18377006,5.75812628875882
"4402","Seth Magaziner","Democrat","Rhode Island","RI","Brown University",7361689.34103011,15320107.8428716,54.4765011236228
"4402","Seth Magaziner","Democrat","Rhode Island","RI","Rhode Island Hospital",2996174.03686801,6235214.12469802,22.1716878728232
"4402","Seth Magaziner","Democrat","Rhode Island","RI","University of Rhode Island",2100829.25617974,4371949.05587116,15.5461364957301
"4402","Seth Magaziner","Democrat","Rhode Island","RI","Miriam Hospital",1119217.05031204,2329156.4090861,8.28220617230909
"4402","Seth Magaziner","Democrat","Rhode Island","RI","Women and Infants Hospital-Rhode Island",892046.5243775,1856401.20375003,6.6011442803935
"4501","Nancy Mace","Republican","South Carolina","SC","Medical University of South Carolina",14363041.1341119,41532019.0201269,147.939323681353
"4501","Nancy Mace","Republican","South Carolina","SC","University of South Carolina at Columbia",352038.051189301,1017949.53459252,3.6259919272498
"4501","Nancy Mace","Republican","South Carolina","SC","Xequel Bio, Inc.",223461.228515696,646158.143412477,2.30165065371167
"4501","Nancy Mace","Republican","South Carolina","SC","Tissue Testing Technologies, LLC",92324.0244894295,266963.180381279,0.950937452241124
"4501","Nancy Mace","Republican","South Carolina","SC","Lipo-Immuno Tech, LLC",75827.0512618246,219260.705712722,0.781018627996794
"4502","Joe Wilson","Republican","South Carolina","SC","University of South Carolina at Columbia",4885426.01650458,14126646.6025084,50.3198879699972
"4502","Joe Wilson","Republican","South Carolina","SC","Augusta University",1565500.29257485,4598036.74570362,18.4729034523833
"4502","Joe Wilson","Republican","South Carolina","SC","Medical University of South Carolina",150322.172571732,434670.016753523,1.54831837748884
"4502","Joe Wilson","Republican","South Carolina","SC","Doty Scientific, Inc.",112476.46944319,325235.778733297,1.15850763526485
"4502","Joe Wilson","Republican","South Carolina","SC","Integrated Micro-Chromatography Systems, Inc.",102164.698910413,295418.371270659,1.05229639877726
"4503","Sheri Biggs","Republican","South Carolina","SC","Clemson University",3060408.80357899,8849445.98102798,31.5222106768636
"4503","Sheri Biggs","Republican","South Carolina","SC","University of South Carolina at Columbia",596309.35201453,1724281.86471794,6.14198632574966
"4503","Sheri Biggs","Republican","South Carolina","SC","Augusta University",309301.617597111,908450.934159814,3.64975908764591
"4503","Sheri Biggs","Republican","South Carolina","SC","Nubad, LLC",173928.151633193,502928.818090579,1.79145996182189
"4503","Sheri Biggs","Republican","South Carolina","SC","Prisma Health - Upstate",106217.81962933,307138.33260873,1.0940435421821
"4504","William R. Timmons IV","Republican","South Carolina","SC","Spartanburg Regional Medical Center",336585.607025323,973267.409203241,3.46683175236083
"4504","William R. Timmons IV","Republican","South Carolina","SC","Clemson University",291092.868206742,841721.083028368,2.99825654252944
"4504","William R. Timmons IV","Republican","South Carolina","SC","University of South Carolina at Columbia",276601.325934451,799817.491465551,2.84899365712484
"4504","William R. Timmons IV","Republican","South Carolina","SC","Nubad, LLC",270329.977105884,781683.325003319,2.78439876419061
"4504","William R. Timmons IV","Republican","South Carolina","SC","Prisma Health - Upstate",165090.357593117,477373.545586579,1.70043068320911
"4505","Ralph Norman","Republican","South Carolina","SC","University of South Carolina at Columbia",657377.177220837,1900864.9472493,6.77098492537462
"4505","Ralph Norman","Republican","South Carolina","SC","Research Triangle Institute",165256.61785051,413421.280904448,1.60298919314995
"4505","Ralph Norman","Republican","South Carolina","SC","Ppd Development Lp",128945.269850351,322581.445278789,1.25076911754841
"4505","Ralph Norman","Republican","South Carolina","SC","Spartanburg Regional Medical Center",107356.84129693,310431.915710065,1.10577546535838
"4505","Ralph Norman","Republican","South Carolina","SC","Wake Forest University Health Sciences",119298.686203296,298448.657015354,1.15719725617197
"4506","James E. Clyburn","Democrat","South Carolina","SC","Medical University of South Carolina",9876409.19307985,28558521.1813786,101.727014688722
"4506","James E. Clyburn","Democrat","South Carolina","SC","University of South Carolina at Columbia",3617370.58722067,10459950.8299456,37.2589170483729
"4506","James E. Clyburn","Democrat","South Carolina","SC","Xequel Bio, Inc.",105635.074559866,305453.273081095,1.08804126796662
"4506","James E. Clyburn","Democrat","South Carolina","SC","South Carolina State University",68088.6447949309,196884.410778552,0.701313041387788
"4506","James E. Clyburn","Democrat","South Carolina","SC","Tissue Testing Technologies, LLC",65005.3899803667,187968.903511901,0.669555516797777
"4507","Russell Fry","Republican","South Carolina","SC","University of South Carolina at Columbia",362814.726225708,1049111.25503923,3.73699168012479
"4507","Russell Fry","Republican","South Carolina","SC","Medical University of South Carolina",305493.447484488,883361.646950708,3.14658250909022
"4507","Russell Fry","Republican","South Carolina","SC","Duke University",224575.806094633,561819.663402396,2.17838531911794
"4507","Russell Fry","Republican","South Carolina","SC","Ppd Development Lp",64472.6349251757,161290.722639394,0.625384558774204
"4507","Russell Fry","Republican","South Carolina","SC","Research Triangle Institute",39661.5882841224,99221.1074170675,0.384717406355987
"4600","Dusty Johnson","Republican","South Dakota","SD","University of South Dakota",1379940.49164591,4307522.57635303,11.453506080661
"4600","Dusty Johnson","Republican","South Dakota","SD","Sanford Research/Usd",1321566.14280083,4125305.42492343,10.9689989852469
"4600","Dusty Johnson","Republican","South Dakota","SD","Avera Mckennan",1193380.14736242,3725169.27944033,9.90505522310809
"4600","Dusty Johnson","Republican","South Dakota","SD","South Dakota State University",446089.187590079,1392479.79042875,3.70254025699765
"4600","Dusty Johnson","Republican","South Dakota","SD","Missouri Breaks Research, Inc.",254904.694976218,795692.086054235,2.11570896830261
"4701","Diana Harshbarger","Republican","Tennessee","TN","East Tennessee State University",959275.861848573,2582371.08446807,9.59275861848573
"4701","Diana Harshbarger","Republican","Tennessee","TN","Vanderbilt University Medical Center",195021.22834803,524997.241119882,1.9502122834803
"4701","Diana Harshbarger","Republican","Tennessee","TN","University of Tennessee Knoxville",114164.010065652,307329.570361898,1.14164010065652
"4701","Diana Harshbarger","Republican","Tennessee","TN","Rxbio, Inc.",59656.8172703987,160596.180970924,0.596568172703987
"4701","Diana Harshbarger","Republican","Tennessee","TN","Vanderbilt University",58983.0743706103,158782.464758545,0.589830743706103
"4702","Tim Burchett","Republican","Tennessee","TN","University of Tennessee Knoxville",1630914.42950931,4390422.4337414,16.3091442950931
"4702","Tim Burchett","Republican","Tennessee","TN","Vanderbilt University Medical Center",253345.334022208,682005.761828632,2.53345334022208
"4702","Tim Burchett","Republican","Tennessee","TN","St. Jude Children's Research Hospital",235354.763604992,633575.137556509,2.35354763604992
"4702","Tim Burchett","Republican","Tennessee","TN","Emory University",80942.4873746557,237736.481431876,0.955121351020937
"4702","Tim Burchett","Republican","Tennessee","TN","Vanderbilt University",76622.8723132227,206268.809359231,0.766228723132228
"4703","Charles J. “Chuck” Fleischmann","Republican","Tennessee","TN","Vanderbilt University Medical Center",278862.13025466,750696.98963871,2.7886213025466
"4703","Charles J. “Chuck” Fleischmann","Republican","Tennessee","TN","St. Jude Children's Research Hospital",156903.175736661,422383.425037673,1.56903175736661
"4703","Charles J. “Chuck” Fleischmann","Republican","Tennessee","TN","University of Tennessee Knoxville",117425.838924671,316110.415229381,1.17425838924671
"4703","Charles J. “Chuck” Fleischmann","Republican","Tennessee","TN","Emory University",96360.1040174472,283019.620752233,1.13704922740588
"4703","Charles J. “Chuck” Fleischmann","Republican","Tennessee","TN","Columbia University",100791.827799349,237594.721995501,0.71562197737538
"4704","Scott DesJarlais","Republican","Tennessee","TN","Vanderbilt University Medical Center",6395602.71283401,17216965.5989689,63.9560271283401
"4704","Scott DesJarlais","Republican","Tennessee","TN","Vanderbilt University",1934314.09314459,5207174.47511901,19.3431409314459
"4704","Scott DesJarlais","Republican","Tennessee","TN","Meharry Medical College",188352.275014923,507044.415518811,1.88352275014923
"4704","Scott DesJarlais","Republican","Tennessee","TN","St. Jude Children's Research Hospital",111642.644274163,300542.052430652,1.11642644274163
"4704","Scott DesJarlais","Republican","Tennessee","TN","Emory University",77088.0832139578,226415.696601787,0.909639381924702
"4705","Andrew Ogles","Republican","Tennessee","TN","Vanderbilt University Medical Center",30614687.5940361,82414753.8232772,306.146875940361
"4705","Andrew Ogles","Republican","Tennessee","TN","Vanderbilt University",9259240.18881441,24925879.070554,92.5924018881441
"4705","Andrew Ogles","Republican","Tennessee","TN","Meharry Medical College",743443.371222922,2001349.9152224,7.43443371222922
"4705","Andrew Ogles","Republican","Tennessee","TN","Tennessee State University",109685.247900453,295272.740445076,1.09685247900453
"4705","Andrew Ogles","Republican","Tennessee","TN","Endotheia, Inc.",105311.596202996,283498.8679583,1.05311596202996
"4706","John W. Rose","Republican","Tennessee","TN","Vanderbilt University Medical Center",14285760.6335688,38457274.5410994,142.857606335688
"4706","John W. Rose","Republican","Tennessee","TN","Vanderbilt University",4320648.00856863,11631186.5306306,43.2064800856863
"4706","John W. Rose","Republican","Tennessee","TN","Meharry Medical College",579008.845416243,1558692.09215042,5.79008845416243
"4706","John W. Rose","Republican","Tennessee","TN","Tennessee State University",77034.7555021783,207377.599103286,0.770347555021783
"4706","John W. Rose","Republican","Tennessee","TN","Emory University",57816.0624104683,169811.77245134,0.682229536443526
"4707","Matt Van Epps","Republican","Tennessee","TN","Vanderbilt University Medical Center",21494255.5692367,57862546.3974465,214.942555692367
"4707","Matt Van Epps","Republican","Tennessee","TN","Vanderbilt University",6500816.78553839,17500201.9336217,65.0081678553839
"4707","Matt Van Epps","Republican","Tennessee","TN","Meharry Medical College",755402.245827044,2033543.21144581,7.55402245827044
"4707","Matt Van Epps","Republican","Tennessee","TN","Tennessee State University",116189.838182921,312783.100634261,1.16189838182921
"4707","Matt Van Epps","Republican","Tennessee","TN","St. Jude Children's Research Hospital",90521.0629249968,243682.745214042,0.905210629249968
"4708","David Kustoff","Republican","Tennessee","TN","St. Jude Children's Research Hospital",5060127.41750732,13621865.457465,50.6012741750732
"4708","David Kustoff","Republican","Tennessee","TN","University of Tennessee Health Science Center",2417931.94455671,6509073.9652329,24.1793194455671
"4708","David Kustoff","Republican","Tennessee","TN","Vanderbilt University Medical Center",747277.603950397,2011671.67158086,7.47277603950397
"4708","David Kustoff","Republican","Tennessee","TN","Vanderbilt University",226009.911139722,608418.790196293,2.26009911139722
"4708","David Kustoff","Republican","Tennessee","TN","University of Memphis",225920.282192991,608177.509028306,2.25920282192991
"4709","Steve Cohen","Democrat","Tennessee","TN","St. Jude Children's Research Hospital",12660879.3344429,34083093.2972707,126.608793344429
"4709","Steve Cohen","Democrat","Tennessee","TN","University of Tennessee Health Science Center",6471217.86021683,17420521.6123276,64.7121786021683
"4709","Steve Cohen","Democrat","Tennessee","TN","Vanderbilt University Medical Center",690776.126578538,1859569.66714426,6.90776126578538
"4709","Steve Cohen","Democrat","Tennessee","TN","University of Memphis",524543.633921493,1412071.71644072,5.24543633921493
"4709","Steve Cohen","Democrat","Tennessee","TN","Translational Sciences, Inc.",299893.353372855,807313.052453805,2.99893353372855
"4801","Nathaniel Moran","Republican","Texas","TX","University of Texas Health Center at Tyler",719704.594886318,2344433.33451264,8.49251421965855
"4801","Nathaniel Moran","Republican","Texas","TX","University of Texas Southwestern Medical Center",398343.003906988,1297599.90913627,4.70044744610246
"4801","Nathaniel Moran","Republican","Texas","TX","University of Texas Medical Branch Galveston",198677.019089674,647189.179650868,2.34438882525816
"4801","Nathaniel Moran","Republican","Texas","TX","Baylor College of Medicine",89430.2170789389,291318.387463795,1.05527656153148
"4801","Nathaniel Moran","Republican","Texas","TX","University of Texas Health Science Center Houston",61482.1836555298,200277.838803322,0.725489767135252
"4802","Daniel Crenshaw","Republican","Texas","TX","Baylor College of Medicine",3560385.17697439,11597933.029623,42.0125450882978
"4802","Daniel Crenshaw","Republican","Texas","TX","University of Tx Md anderson Can Center",1930884.21255771,6289843.56244041,22.784433708181
"4802","Daniel Crenshaw","Republican","Texas","TX","University of Texas Health Science Center Houston",1721501.14235483,5607779.48649302,20.313713479787
"4802","Daniel Crenshaw","Republican","Texas","TX","University of Houston",442409.489451682,1441146.2174131,5.22043197552985
"4802","Daniel Crenshaw","Republican","Texas","TX","Methodist Hospital Research Institute",360085.18578908,1172975.29962476,4.24900519231115
"4803","Keith Self","Republican","Texas","TX","University of Texas Southwestern Medical Center",2919330.50074464,9509701.32612018,34.4480999087867
"4803","Keith Self","Republican","Texas","TX","University of Texas Dallas",563602.175747644,1835930.6549034,6.65050567382219
"4803","Keith Self","Republican","Texas","TX","University of Texas Health Science Center Houston",209039.424428801,680944.651931295,2.46666520825986
"4803","Keith Self","Republican","Texas","TX","University of North Texas Health Science Center",180488.049019265,587938.72042564,2.12975897842732
"4803","Keith Self","Republican","Texas","TX","University of Texas at Austin",157559.871375146,513250.321392992,1.85920648222672
"4804","Pat Fallon","Republican","Texas","TX","University of Texas Southwestern Medical Center",2618589.46791446,8530039.24332606,30.8993557213906
"4804","Pat Fallon","Republican","Texas","TX","University of Texas Dallas",479661.426168207,1562494.17438588,5.66000482878485
"4804","Pat Fallon","Republican","Texas","TX","University of North Texas Health Science Center",159501.066575164,519573.752934287,1.88211258558694
"4804","Pat Fallon","Republican","Texas","TX","University of Texas Health Science Center Houston",122964.36731106,400555.677606644,1.4509795342705
"4804","Pat Fallon","Republican","Texas","TX","University of Texas at Austin",63023.9485500583,205300.128557197,0.743682592890688
"4805","Lance Gooden","Republican","Texas","TX","University of Texas Southwestern Medical Center",4001680.81414928,13035450.8800283,47.2198336069615
"4805","Lance Gooden","Republican","Texas","TX","University of Texas Dallas",323771.46266354,1054683.56771047,3.82050325942977
"4805","Lance Gooden","Republican","Texas","TX","University of Texas at Austin",147055.879950136,479033.633300126,1.73525938341161
"4805","Lance Gooden","Republican","Texas","TX","University of North Texas Health Science Center",125921.894664603,410189.804948121,1.48587835704232
"4805","Lance Gooden","Republican","Texas","TX","University of Texas Health Center at Tyler",91581.9471641973,298327.635111506,1.08066697653753
"4806","Jake Ellzey","Republican","Texas","TX","University of Texas Southwestern Medical Center",3563662.21224359,11608607.9520537,42.0512141044744
"4806","Jake Ellzey","Republican","Texas","TX","University of North Texas Health Science Center",579240.715457175,1886873.10276136,6.83504044239467
"4806","Jake Ellzey","Republican","Texas","TX","University of Texas Arlington",280912.85118391,915071.90184408,3.31477164397013
"4806","Jake Ellzey","Republican","Texas","TX","University of Texas at Austin",231087.811350214,752767.138043055,2.72683617393252
"4806","Jake Ellzey","Republican","Texas","TX","University of Texas Medical Branch Galveston",163253.984678337,531798.860798387,1.92639701920438
"4807","Lizzie Fletcher","Democrat","Texas","TX","Baylor College of Medicine",12393611.3708308,40372113.5577301,146.244614175803
"4807","Lizzie Fletcher","Democrat","Texas","TX","University of Tx Md anderson Can Center",6721359.44371309,21894787.4517479,79.3120414358144
"4807","Lizzie Fletcher","Democrat","Texas","TX","University of Texas Health Science Center Houston",4844796.07205575,15781893.6977018,57.1685936502578
"4807","Lizzie Fletcher","Democrat","Texas","TX","Rice University",1600781.64757541,5214536.46748589,18.8892234413899
"4807","Lizzie Fletcher","Democrat","Texas","TX","Methodist Hospital Research Institute",1253447.48706535,4083097.55504795,14.7906803473711
"4808","Morgan Luttrell","Republican","Texas","TX","Baylor College of Medicine",2401334.14572359,7822331.35447339,28.3357429195383
"4808","Morgan Luttrell","Republican","Texas","TX","University of Tx Md anderson Can Center",1302302.40846966,4242242.16397374,15.367168419942
"4808","Morgan Luttrell","Republican","Texas","TX","University of Texas Health Science Center Houston",971418.501757371,3164389.85309249,11.462738320737
"4808","Morgan Luttrell","Republican","Texas","TX","University of Texas Medical Branch Galveston",334208.629011312,1088682.57352123,3.94366182233349
"4808","Morgan Luttrell","Republican","Texas","TX","Methodist Hospital Research Institute",242862.726650083,791123.85291777,2.86578017447098
"4809","Al Green","Democrat","Texas","TX","Baylor College of Medicine",17419412.4811284,56743630.0651014,205.549067277315
"4809","Al Green","Democrat","Texas","TX","University of Tx Md anderson Can Center",9446974.66143942,30773462.4232505,111.474301004985
"4809","Al Green","Democrat","Texas","TX","University of Texas Health Science Center Houston",5348949.97803109,17424171.975889,63.1176097407669
"4809","Al Green","Democrat","Texas","TX","Methodist Hospital Research Institute",1761739.83089495,5738856.76934045,20.7885300045604
"4809","Al Green","Democrat","Texas","TX","Rice University",970862.028537425,3162577.14496769,11.4561719367416
"4810","Michael T. McCaul","Republican","Texas","TX","Texas A&M University Health Science Center",3984042.18098763,12977993.1399315,47.0116977356541
"4810","Michael T. McCaul","Republican","Texas","TX","Texas A&M University",3182336.60938516,10366442.1231894,37.5515719907449
"4810","Michael T. McCaul","Republican","Texas","TX","Texas A&M Agrilife Research",2277022.89414845,7417388.20957964,26.8688701509517
"4810","Michael T. McCaul","Republican","Texas","TX","Texas Engineering Experiment Station",1139798.76129766,3712887.52303234,13.4496253833124
"4810","Michael T. McCaul","Republican","Texas","TX","University of Texas at Austin",955863.219675885,3113718.61645082,11.2791859921754
"4811","August Pfluger","Republican","Texas","TX","University of Texas Southwestern Medical Center",123787.865755956,403238.218775414,1.46069681592028
"4811","August Pfluger","Republican","Texas","TX","University of Texas ofthe Permian Basin",88303.8631044687,287649.296251968,1.04198558463273
"4811","August Pfluger","Republican","Texas","TX","University of Texas at Austin",73527.939975068,239516.816650063,0.867629691705803
"4811","August Pfluger","Republican","Texas","TX","Texas Tech University Health Sciences Center",68711.7499768743,223828.107063742,0.810798649727117
"4811","August Pfluger","Republican","Texas","TX","Texas A&M University",48695.8041965471,158626.285590574,0.574610489519256
"4812","Craig A. Goldman","Republican","Texas","TX","University of North Texas Health Science Center",6350660.88758483,20687239.1628836,74.937798473501
"4812","Craig A. Goldman","Republican","Texas","TX","University of Texas Southwestern Medical Center",1354524.91567575,4412356.66313866,15.9833940049739
"4812","Craig A. Goldman","Republican","Texas","TX","Texas Christian University",335761.070615062,1093739.64259036,3.96198063325774
"4812","Craig A. Goldman","Republican","Texas","TX","University of Texas Arlington",172496.883419297,561907.547153593,2.03546322434771
"4812","Craig A. Goldman","Republican","Texas","TX","University of Texas Health Science Center Houston",110667.930579954,360500.10984598,1.30588158084345
"4813","Ronny Jackson","Republican","Texas","TX","University of Texas Southwestern Medical Center",436431.577985744,1421673.20722101,5.14989262023177
"4813","Ronny Jackson","Republican","Texas","TX","University of North Texas",251154.051119276,818132.791878214,2.96361780320746
"4813","Ronny Jackson","Republican","Texas","TX","Texas Tech University Health Sciences Center",144851.797248546,471853.847323565,1.70925120753284
"4813","Ronny Jackson","Republican","Texas","TX","University of North Texas Health Science Center",130119.291153423,423862.798446392,1.5354076356104
"4813","Ronny Jackson","Republican","Texas","TX","University of Texas at Austin",115543.905675107,376383.569021527,1.36341808696626
"4814","Randy K. Weber Sr.","Republican","Texas","TX","University of Texas Medical Branch Galveston",16354660.9745213,53275208.5171516,192.984999499352
"4814","Randy K. Weber Sr.","Republican","Texas","TX","Baylor College of Medicine",2029446.11430622,6610908.35709919,23.9474641488134
"4814","Randy K. Weber Sr.","Republican","Texas","TX","University of Tx Md anderson Can Center",1100618.40715799,3585257.7580486,12.9872972044643
"4814","Randy K. Weber Sr.","Republican","Texas","TX","University of Texas Health Science Center Houston",996011.375219583,3244500.98861382,11.7529342275911
"4814","Randy K. Weber Sr.","Republican","Texas","TX","University of Houston",634761.441387197,2067731.52933183,7.49018500836892
"4815","Monica De La Cruz","Republican","Texas","TX","University of Texas Rio Grande Valley",1300723.98294506,4237100.45244067,15.3485429987517
"4815","Monica De La Cruz","Republican","Texas","TX","University of Texas Health Science Center",309932.169232905,1009602.15364779,3.65719959694828
"4815","Monica De La Cruz","Republican","Texas","TX","University of Texas at Austin",136551.888525126,444816.94520726,1.61131228459649
"4815","Monica De La Cruz","Republican","Texas","TX","Texas Biomedical Research Institute",89343.6673947354,291036.452394629,1.05425527525788
"4815","Monica De La Cruz","Republican","Texas","TX","University of Texas San Antonio",57778.8332872737,188214.197533822,0.68179023278983
"4816","Veronica Escobar","Democrat","Texas","TX","University of Texas El Paso",3081397.67613595,10037634.1628943,36.3604925784042
"4816","Veronica Escobar","Democrat","Texas","TX","Texas Tech University Health Sciences Center El Paso",278986.383267909,908796.444340778,3.29203932256133
"4816","Veronica Escobar","Democrat","Texas","TX","New Mexico State University Las Cruces",108507.666136314,252586.266434609,0.846359795863253
"4816","Veronica Escobar","Democrat","Texas","TX","El Paso Community College",38383.9353253814,125035.435546741,0.4529304368395
"4816","Veronica Escobar","Democrat","Texas","TX","Baylor College of Medicine",31876.1169786317,103836.256917788,0.376138180347854
"4817","Pete Sessions","Republican","Texas","TX","University of Texas at Austin",1144935.06532606,3729619.00212241,13.5102337708475
"4817","Pete Sessions","Republican","Texas","TX","Baylor University",774705.487157958,2523598.40610696,9.1415247484639
"4817","Pete Sessions","Republican","Texas","TX","Texas A&M University",559343.69685223,1822058.68583768,6.60025562285632
"4817","Pete Sessions","Republican","Texas","TX","University of Texas Medical Branch Galveston",398894.170110276,1299395.32968663,4.70695120730126
"4817","Pete Sessions","Republican","Texas","TX","Texas A&M University Health Science Center",298606.71179,972709.545004731,3.523559199122
"4818","Christian D. Menefee","Democrat","Texas","TX","Baylor College of Medicine",6253031.61397492,20369212.3987061,73.785773044904
"4818","Christian D. Menefee","Democrat","Texas","TX","University of Tx Md anderson Can Center",3391172.42205486,11046723.5110555,40.0158345802473
"4818","Christian D. Menefee","Democrat","Texas","TX","University of Texas Health Science Center Houston",2299433.66871681,7490391.17124425,27.1333172908584
"4818","Christian D. Menefee","Democrat","Texas","TX","University of Houston",1038700.54045178,3383560.68436118,12.256666377331
"4818","Christian D. Menefee","Democrat","Texas","TX","Methodist Hospital Research Institute",632410.241741478,2060072.51080579,7.46244085254944
"4819","Jodey C. Arrington","Republican","Texas","TX","Texas Tech University Health Sciences Center",1851503.10072821,6031260.074123,21.8477365885928
"4819","Jodey C. Arrington","Republican","Texas","TX","Texas Tech University",854050.394511737,2782063.95856519,10.0777946552385
"4819","Jodey C. Arrington","Republican","Texas","TX","University of Texas Southwestern Medical Center",167431.023554531,545405.539497515,1.97568607794346
"4819","Jodey C. Arrington","Republican","Texas","TX","University of Texas at Austin",115543.905675107,376383.569021527,1.36341808696626
"4819","Jodey C. Arrington","Republican","Texas","TX","University of Texas Medical Branch Galveston",72386.2007536022,235797.608089851,0.854157168892506
"4820","Joaquin Castro","Democrat","Texas","TX","University of Texas Health Science Center",8817123.81031717,28721727.111799,104.042060961743
"4820","Joaquin Castro","Democrat","Texas","TX","Texas Biomedical Research Institute",3115860.4003914,10149896.2772627,36.7671527246185
"4820","Joaquin Castro","Democrat","Texas","TX","University of Texas San Antonio",1004312.97860014,3271543.41106543,11.8508931474816
"4820","Joaquin Castro","Democrat","Texas","TX","University of Texas at Austin",483183.605550447,1573967.65227184,5.70156654549528
"4820","Joaquin Castro","Democrat","Texas","TX","University of Texas Southwestern Medical Center",158702.391994816,516972.075353095,1.87268822553883
"4821","Chip Roy","Republican","Texas","TX","University of Texas Health Science Center",4042510.33079709,13168452.7818381,47.7016219034057
"4821","Chip Roy","Republican","Texas","TX","University of Texas at Austin",672255.451200622,2189868.03794343,7.93261432416734
"4821","Chip Roy","Republican","Texas","TX","University of Texas San Antonio",512219.095097292,1668550.5826313,6.04418532214804
"4821","Chip Roy","Republican","Texas","TX","Texas Biomedical Research Institute",480222.212246703,1564320.93162113,5.66662210451109
"4821","Chip Roy","Republican","Texas","TX","University of Texas Southwestern Medical Center",130135.961435749,423917.101789538,1.53560434494184
"4822","Troy Nehls","Republican","Texas","TX","Baylor College of Medicine",6604554.34843372,21514295.5652717,77.9337413115179
"4822","Troy Nehls","Republican","Texas","TX","University of Tx Md anderson Can Center",3581811.8232947,11667730.1995133,42.2653795148775
"4822","Troy Nehls","Republican","Texas","TX","University of Texas Health Science Center Houston",2151876.42794354,7009724.35811627,25.3921418497338
"4822","Troy Nehls","Republican","Texas","TX","University of Texas Medical Branch Galveston",674577.785746336,2197433.02858202,7.96001787180676
"4822","Troy Nehls","Republican","Texas","TX","Methodist Hospital Research Institute",667962.049440624,2175882.30785901,7.88195218339936
"4823","Tony Gonzales","Republican","Texas","TX","University of Texas Health Science Center",3444328.48976733,11219879.0778842,40.6430761792545
"4823","Tony Gonzales","Republican","Texas","TX","Texas Biomedical Research Institute",770589.131279593,2510189.40190367,9.0929517490992
"4823","Tony Gonzales","Republican","Texas","TX","University of Texas San Antonio",438859.452833674,1429581.99475128,5.17854154343736
"4823","Tony Gonzales","Republican","Texas","TX","University of Texas at Austin",210079.828500194,684333.761857322,2.47894197630229
"4823","Tony Gonzales","Republican","Texas","TX","University of Texas El Paso",193217.755265071,629405.660991633,2.27996951212784
"4824","Beth Van Duyne","Republican","Texas","TX","University of Texas Southwestern Medical Center",5122913.21359266,16687858.5923979,60.4503759203933
"4824","Beth Van Duyne","Republican","Texas","TX","University of North Texas Health Science Center",1569826.28681872,5113699.56835324,18.5239501844609
"4824","Beth Van Duyne","Republican","Texas","TX","University of Texas Dallas",419703.747897181,1367182.40258764,4.95250422518674
"4824","Beth Van Duyne","Republican","Texas","TX","University of Texas Health Science Center Houston",196742.987697695,640889.08417063,2.32156725483281
"4824","Beth Van Duyne","Republican","Texas","TX","University of Texas at Austin",189071.845650175,615900.38567159,2.23104777867206
"4825","Roger Williams","Republican","Texas","TX","University of North Texas Health Science Center",1867841.43752495,6084482.10673046,22.0405289627944
"4825","Roger Williams","Republican","Texas","TX","University of Texas Southwestern Medical Center",1822696.97206046,5937424.28543029,21.5078242703134
"4825","Roger Williams","Republican","Texas","TX","University of Texas Arlington",556237.25042119,1811939.45550824,6.56359955497004
"4825","Roger Williams","Republican","Texas","TX","University of Texas at Austin",136551.888525126,444816.94520726,1.61131228459649
"4825","Roger Williams","Republican","Texas","TX","Nanoscope Technologies, LLC",83797.3048883034,272969.210309806,0.98880819768198
"4826","Brandon Gill","Republican","Texas","TX","University of Texas Southwestern Medical Center",3351001.00697054,10915865.3710806,39.5418118822523
"4826","Brandon Gill","Republican","Texas","TX","University of Texas Dallas",479661.426168207,1562494.17438588,5.66000482878485
"4826","Brandon Gill","Republican","Texas","TX","University of North Texas Health Science Center",306409.943683868,998128.525373761,3.61563733546964
"4826","Brandon Gill","Republican","Texas","TX","University of Texas at Austin",231087.811350214,752767.138043055,2.72683617393252
"4826","Brandon Gill","Republican","Texas","TX","University of North Texas",165229.976462123,538235.641999379,1.94971372225305
"4827","Michael Cloud","Republican","Texas","TX","University of Texas at Austin",241591.802775224,786983.826135921,2.85078327274764
"4827","Michael Cloud","Republican","Texas","TX","University of Texas Health Science Center Houston",147557.240773272,480666.813127973,1.7411754411246
"4827","Michael Cloud","Republican","Texas","TX","Baylor College of Medicine",133702.601771483,435535.410960723,1.5776907009035
"4827","Michael Cloud","Republican","Texas","TX","University of Texas Southwestern Medical Center",99188.9949967599,323107.547095684,1.17043014096177
"4827","Michael Cloud","Republican","Texas","TX","University of Texas Health Science Center",96295.7974365611,313682.97366423,1.13629040975142
"4828","Henry Cuellar","Democrat","Texas","TX","University of Texas Health Science Center",1901682.56924387,6194719.38719692,22.4398543170777
"4828","Henry Cuellar","Democrat","Texas","TX","Texas Biomedical Research Institute",435550.378549335,1418802.70542382,5.13949446688215
"4828","Henry Cuellar","Democrat","Texas","TX","University of Texas at Austin",357135.708450331,1163367.39515745,4.2142013597139
"4828","Henry Cuellar","Democrat","Texas","TX","University of Texas San Antonio",249292.943621496,812070.245539188,2.94165673473365
"4828","Henry Cuellar","Democrat","Texas","TX","University of Texas Southwestern Medical Center",119820.305956086,390313.916891586,1.41387961028181
"4829","Sylvia R. Garcia","Democrat","Texas","TX","Baylor College of Medicine",4556513.83255663,14842816.0583038,53.7668632241683
"4829","Sylvia R. Garcia","Democrat","Texas","TX","University of Tx Md anderson Can Center",2471109.21607113,8049623.22116846,29.1590887496393
"4829","Sylvia R. Garcia","Democrat","Texas","TX","University of Texas Health Science Center Houston",2410101.59929677,7850891.28109023,28.4391988717019
"4829","Sylvia R. Garcia","Democrat","Texas","TX","University of Texas Medical Branch Galveston",582169.869890673,1896414.80548859,6.86960446470994
"4829","Sylvia R. Garcia","Democrat","Texas","TX","University of Houston",519350.270225888,1691780.34218059,6.12833318866548
"4830","Jasmine Crockett","Democrat","Texas","TX","University of Texas Southwestern Medical Center",9896681.16479672,32238378.619019,116.780837744601
"4830","Jasmine Crockett","Democrat","Texas","TX","University of North Texas Health Science Center",235054.203373926,765687.635903159,2.77363959981233
"4830","Jasmine Crockett","Democrat","Texas","TX","University of Texas Dallas",203856.106121488,664060.024113997,2.40550205223356
"4830","Jasmine Crockett","Democrat","Texas","TX","University of Texas Arlington",140828.989055063,458749.574134035,1.66178207084975
"4830","Jasmine Crockett","Democrat","Texas","TX","University of Texas at Austin",94535.9228250875,307950.192835795,1.11552388933603
"4831","John R. Carter","Republican","Texas","TX","University of Texas at Austin",892839.271125826,2908418.48789362,10.5355033992848
"4831","John R. Carter","Republican","Texas","TX","Dell Federal Systems L.p.",317941.411783176,1035692.21247535,3.75170865904147
"4831","John R. Carter","Republican","Texas","TX","University of Texas Southwestern Medical Center",161876.439834712,527311.516860157,1.9101419900496
"4831","John R. Carter","Republican","Texas","TX","Baylor College of Medicine",151411.555648501,493222.220359494,1.78665635665231
"4831","John R. Carter","Republican","Texas","TX","Texas A&M University Health Science Center",123109.784685351,401029.37381774,1.45269545928714
"4832","Julie Johnson","Democrat","Texas","TX","University of Texas Southwestern Medical Center",6805952.08069768,22170347.4515175,80.3102345522326
"4832","Julie Johnson","Democrat","Texas","TX","University of Texas Dallas",923348.245373799,3007801.28569281,10.8955092954108
"4832","Julie Johnson","Democrat","Texas","TX","University of Texas at Austin",178567.854225165,581683.697578724,2.10710067985695
"4832","Julie Johnson","Democrat","Texas","TX","University of North Texas Health Science Center",155303.670086344,505900.759436016,1.83258330701886
"4832","Julie Johnson","Democrat","Texas","TX","Southern Methodist University",141269.770043537,460185.415519429,1.66698328651373
"4833","Marc A. Veasey","Democrat","Texas","TX","University of Texas Southwestern Medical Center",5141957.50063203,16749895.2414403,60.675098507458
"4833","Marc A. Veasey","Democrat","Texas","TX","University of North Texas Health Science Center",1129099.65549261,3678035.25103482,13.3233759348128
"4833","Marc A. Veasey","Democrat","Texas","TX","University of Texas at Austin",210079.828500194,684333.761857322,2.47894197630229
"4833","Marc A. Veasey","Democrat","Texas","TX","University of Texas Arlington",164673.050694016,536421.459701702,1.94314199818939
"4833","Marc A. Veasey","Democrat","Texas","TX","University of Texas Dallas",155889.963504667,507810.606675409,1.83950156935507
"4834","Vicente Gonzalez","Democrat","Texas","TX","University of Texas Rio Grande Valley",482290.915024572,1571059.7183207,5.69103279728995
"4834","Vicente Gonzalez","Democrat","Texas","TX","Texas A&M University-Kingsville",146158.112994222,476109.162909045,1.72466573333182
"4834","Vicente Gonzalez","Democrat","Texas","TX","University of Texas at Austin",105039.914250097,342166.880928661,1.23947098815115
"4834","Vicente Gonzalez","Democrat","Texas","TX","University of Texas Southwestern Medical Center",85699.2916772005,279164.920690671,1.01125164179097
"4834","Vicente Gonzalez","Democrat","Texas","TX","University of Texas Health Science Center",79077.3435902886,257593.965128242,0.933112654365405
"4835","Greg Casar","Democrat","Texas","TX","University of Texas at Austin",2920109.6161527,9512239.28981678,34.4572934706019
"4835","Greg Casar","Democrat","Texas","TX","University of Texas Health Science Center",1744165.60257612,5681608.82762695,20.5811541103982
"4835","Greg Casar","Democrat","Texas","TX","Texas Biomedical Research Institute",290366.91903289,945868.470282544,3.4263296445881
"4835","Greg Casar","Democrat","Texas","TX","University of Texas San Antonio",249942.14399551,814185.011803613,2.94931729914702
"4835","Greg Casar","Democrat","Texas","TX","University of Texas Southwestern Medical Center",164256.975714634,535066.097990453,1.93823231343269
"4836","Brian Babin","Republican","Texas","TX","Baylor College of Medicine",3261103.85645279,10623025.9507837,38.481025506143
"4836","Brian Babin","Republican","Texas","TX","University of Tx Md anderson Can Center",1768576.61150213,5761127.54052923,20.8692040157251
"4836","Brian Babin","Republican","Texas","TX","University of Texas Health Science Center Houston",1635426.08523709,5327390.51216837,19.2980278057977
"4836","Brian Babin","Republican","Texas","TX","University of Texas Medical Branch Galveston",1361476.62694009,4435001.82024315,16.0654241978931
"4836","Brian Babin","Republican","Texas","TX","University of Houston",673231.831774299,2193048.59171558,7.94413561493673
"4837","Lloyd Doggett","Democrat","Texas","TX","University of Texas at Austin",6522978.67493104,21248563.3056699,76.9711483641862
"4837","Lloyd Doggett","Democrat","Texas","TX","University of Texas Southwestern Medical Center",219009.300952846,713421.46398727,2.58430975124358
"4837","Lloyd Doggett","Democrat","Texas","TX","University of Texas Health Science Center Houston",159853.677504377,520722.380888637,1.88627339455165
"4837","Lloyd Doggett","Democrat","Texas","TX","Bridgesource Medical Corporation",147332.096600978,479933.407357958,1.73851873989154
"4837","Lloyd Doggett","Democrat","Texas","TX","Washington University",194464.432579263,457226.202436675,1.67239412018166
"4838","Wesley Hunt","Republican","Texas","TX","Baylor College of Medicine",4364371.68299099,14216914.1763272,51.4995858592937
"4838","Wesley Hunt","Republican","Texas","TX","University of Tx Md anderson Can Center",2366905.81539343,7710181.27810714,27.9294886216424
"4838","Wesley Hunt","Republican","Texas","TX","University of Texas Health Science Center Houston",2028912.06063248,6609168.68050963,23.9411623154633
"4838","Wesley Hunt","Republican","Texas","TX","University of Houston",634761.441387197,2067731.52933183,7.49018500836892
"4838","Wesley Hunt","Republican","Texas","TX","Methodist Hospital Research Institute",441397.632617353,1437850.09993794,5.20849206488477
"4901","Blake Moore","Republican","Utah","UT","University of Utah",13010726.6469551,35736013.2301728,149.623356439983
"4901","Blake Moore","Republican","Utah","UT","Utah State University",1442465.21568071,3961958.26954014,16.5883499803282
"4901","Blake Moore","Republican","Utah","UT","Phoenix Pharmalabs, Inc.",96992.001502912,266403.83300499,1.11540801728349
"4901","Blake Moore","Republican","Utah","UT","Epitel, Inc.",85712.3698409327,235422.54523823,0.985692253170726
"4901","Blake Moore","Republican","Utah","UT","Ihc Health Services, Inc.",77661.270463438,213308.930704724,0.893104610329537
"4902","Celeste Maloy","Republican","Utah","UT","University of Utah",14409126.1936837,39576938.1884,165.704951227363
"4902","Celeste Maloy","Republican","Utah","UT","Phoenix Pharmalabs, Inc.",151298.582989565,415565.426139121,1.73993370438
"4902","Celeste Maloy","Republican","Utah","UT","Ihc Health Services, Inc.",101896.866934408,279875.819674787,1.17181396974569
"4902","Celeste Maloy","Republican","Utah","UT","Epitel, Inc.",94924.7791388137,260725.880669375,1.09163496009636
"4902","Celeste Maloy","Republican","Utah","UT","Blackrock Microsystems",61088.3446143203,167788.7754146,0.702515963064683
"4903","Mike Kennedy","Republican","Utah","UT","University of Utah",9683053.651499,26596034.3943913,111.355116992238
"4903","Mike Kennedy","Republican","Utah","UT","Brigham Young University",786437.052676241,2160073.42877451,9.04402610577677
"4903","Mike Kennedy","Republican","Utah","UT","Curza Inc",215810.681883629,592758.082794005,2.48182284166173
"4903","Mike Kennedy","Republican","Utah","UT","Utah State University",106063.618800052,291320.460995599,1.2197316162006
"4903","Mike Kennedy","Republican","Utah","UT","Iveena Delivery Systems, Inc.",69981.3324882557,192214.769514868,0.804785323614941
"4904","Burgess Owens","Republican","Utah","UT","University of Utah",9715424.01137698,26684944.6943503,111.727376130835
"4904","Burgess Owens","Republican","Utah","UT","Brigham Young University",185518.484221062,509555.78319809,2.13346256854221
"4904","Burgess Owens","Republican","Utah","UT","Curza Inc",90664.011365053,249023.009825537,1.04263613069811
"4904","Burgess Owens","Republican","Utah","UT","Utah State University",84850.895040042,233056.368796479,0.975785292960483
"4904","Burgess Owens","Republican","Utah","UT","Ihc Health Services, Inc.",78761.2884586708,216330.303660881,0.905754817274714
"5000","Becca Balint","Democrat","Vermont","VT","University of Vermont and State Agricultural College",10582110.3950349,24334814.935147,79.3658279627617
"5000","Becca Balint","Democrat","Vermont","VT","Dartmouth College",6010528.68538087,14511607.9310024,42.0737007976661
"5000","Becca Balint","Democrat","Vermont","VT","Microbrightfield, LLC",603832.624474423,1388584.56582382,4.52874468355817
"5000","Becca Balint","Democrat","Vermont","VT","Dartmouth-Hitchcock Clinic",506401.795553264,1222638.58926396,3.54481256887285
"5000","Becca Balint","Democrat","Vermont","VT","Celdara Medical, LLC",187835.485500331,453503.354495273,1.31484839850231
"5101","Robert J. Wittman","Republican","Virginia","VA","Virginia Commonwealth University",5932856.34855757,16394765.4442402,50.4292789627394
"5101","Robert J. Wittman","Republican","Virginia","VA","University of Virginia",896804.896620713,2478217.07884725,7.62284162127606
"5101","Robert J. Wittman","Republican","Virginia","VA","Vignet, Inc.",300526.869241605,830471.402211829,2.55447838855364
"5101","Robert J. Wittman","Republican","Virginia","VA","College of William and Mary",167081.49534107,461710.475571474,1.42019271039909
"5101","Robert J. Wittman","Republican","Virginia","VA","Virginia Polytechnic Institute and State University",123462.380147013,341174.072787052,1.04943023124961
"5102","Jennifer A. Kiggans","Republican","Virginia","VA","Eastern Virginia Medical School",455330.383051967,1258253.08943945,3.87030825594172
"5102","Jennifer A. Kiggans","Republican","Virginia","VA","University of Virginia",439434.39934415,1214326.36863515,3.73519239442527
"5102","Jennifer A. Kiggans","Republican","Virginia","VA","Virginia Commonwealth University",404124.351748748,1116751.1175013,3.43505698986435
"5102","Jennifer A. Kiggans","Republican","Virginia","VA","Old Dominion University",292982.677874175,809623.897962792,2.49035276193048
"5102","Jennifer A. Kiggans","Republican","Virginia","VA","Duke University",168431.854570974,421364.747551797,1.63378898933845
"5103","Robert C. “Bobby” Scott","Democrat","Virginia","VA","University of Virginia",618795.378668292,1709969.7844046,5.25976071868048
"5103","Robert C. “Bobby” Scott","Democrat","Virginia","VA","Virginia Commonwealth University",523807.332843569,1447481.25614591,4.45236232917034
"5103","Robert C. “Bobby” Scott","Democrat","Virginia","VA","Old Dominion University",433104.828161823,1196835.32742326,3.6813910393755
"5103","Robert C. “Bobby” Scott","Democrat","Virginia","VA","Eastern Virginia Medical School",410654.261053263,1134795.77004808,3.49056121895273
"5103","Robert C. “Bobby” Scott","Democrat","Virginia","VA","Hampton University",191547.420677613,529319.243372912,1.62815307575971
"5104","Jennifer McClellan","Democrat","Virginia","VA","Virginia Commonwealth University",9081917.6433382,25096833.7675388,77.1962999683747
"5104","Jennifer McClellan","Democrat","Virginia","VA","University of Virginia",878868.798688299,2428652.7372703,7.47038478885054
"5104","Jennifer McClellan","Democrat","Virginia","VA","Johns Hopkins University",311984.333234162,683217.656746508,2.62066839916696
"5104","Jennifer McClellan","Democrat","Virginia","VA","Duke University",168431.854570974,421364.747551797,1.63378898933845
"5104","Jennifer McClellan","Democrat","Virginia","VA","Vignet, Inc.",150263.434620802,415235.701105915,1.27723919427682
"5105","John J. McGuire III","Republican","Virginia","VA","University of Virginia",23352799.5080034,64532772.7331823,198.498795818029
"5105","John J. McGuire III","Republican","Virginia","VA","Virginia Commonwealth University",943474.928890345,2607184.33970495,8.01953689556793
"5105","John J. McGuire III","Republican","Virginia","VA","Virginia Polytechnic Institute and State University",404445.728067802,1117639.20395758,3.43778868857632
"5105","John J. McGuire III","Republican","Virginia","VA","Barron Associates, Inc.",362398.418958134,1001446.30631864,3.08038656114414
"5105","John J. McGuire III","Republican","Virginia","VA","Duke University",393007.660665607,983184.410954194,3.81217430845639
"5106","Ben Cline","Republican","Virginia","VA","University of Virginia",3336114.21542905,9218967.53331176,28.356970831147
"5106","Ben Cline","Republican","Virginia","VA","Virginia Polytechnic Institute and State University",919581.865922582,2541158.61110356,7.81644586034195
"5106","Ben Cline","Republican","Virginia","VA","Duke University",393007.660665607,983184.410954194,3.81217430845639
"5106","Ben Cline","Republican","Virginia","VA","American Type Culture Collection",328275.989202563,907152.900349671,2.79034590822179
"5106","Ben Cline","Republican","Virginia","VA","Virginia Commonwealth University",228485.691181023,631393.901048811,1.94212837503869
"5107","Eugene Simon Vindman","Democrat","Virginia","VA","University of Virginia",3093976.89334146,8549848.922023,26.2988035934024
"5107","Eugene Simon Vindman","Democrat","Virginia","VA","American Type Culture Collection",974452.620287761,2692787.62328828,8.28284727244597
"5107","Eugene Simon Vindman","Democrat","Virginia","VA","Vignet, Inc.",768013.110284101,2122315.80565245,6.52811143741486
"5107","Eugene Simon Vindman","Democrat","Virginia","VA","Virginia Commonwealth University",584425.985605881,1614993.92377111,4.96762087764999
"5107","Eugene Simon Vindman","Democrat","Virginia","VA","Four Points Technology, LLC",556593.10741409,1538080.9694058,4.73104141301977
"5108","Donald S. Beyer, Jr.","Democrat","Virginia","VA","George Washington University",2657892.44869993,5238370.55423384,4.25262791791989
"5108","Donald S. Beyer, Jr.","Democrat","Virginia","VA","Georgetown University",1751652.75021762,3452286.48829299,2.8026444003482
"5108","Donald S. Beyer, Jr.","Democrat","Virginia","VA","Vignet, Inc.",1135323.72824606,3137336.4083558,9.65025169009153
"5108","Donald S. Beyer, Jr.","Democrat","Virginia","VA","Westat, Inc.",642768.76470686,1407605.83937162,5.39925762353762
"5108","Donald S. Beyer, Jr.","Democrat","Virginia","VA","Four Points Technology, LLC",471189.932202405,1302079.12753931,4.00511442372044
"5109","H. Morgan Griffith","Republican","Virginia","VA","Virginia Polytechnic Institute and State University",7007554.40420634,19364569.7864651,59.5642124357539
"5109","H. Morgan Griffith","Republican","Virginia","VA","University of Virginia",538082.937972428,1486930.24730835,4.57370497276564
"5109","H. Morgan Griffith","Republican","Virginia","VA","Biotherapeutics, Inc.",203905.778393733,563470.142051096,1.73319911634673
"5109","H. Morgan Griffith","Republican","Virginia","VA","Duke University",168431.854570974,421364.747551797,1.63378898933845
"5109","H. Morgan Griffith","Republican","Virginia","VA","Wake Forest University Health Sciences",105742.017316558,264534.036899973,1.02569756797061
"5110","Suhas Subramanyam","Democrat","Virginia","VA","American Type Culture Collection",1981691.3381065,5476175.85230048,16.8443763739052
"5110","Suhas Subramanyam","Democrat","Virginia","VA","Four Points Technology, LLC",1731623.00084384,4785140.79370695,14.7187955071726
"5110","Suhas Subramanyam","Democrat","Virginia","VA","Vignet, Inc.",1485938.40902793,4106219.71093627,12.6304764767374
"5110","Suhas Subramanyam","Democrat","Virginia","VA","University of Virginia",869900.749722092,2403870.56648183,7.39415637263778
"5110","Suhas Subramanyam","Democrat","Virginia","VA","Carahsoft Technology Corporation",762258.666182694,2106414.06191185,6.4791986625529
"5111","James R. Walkinshaw","Democrat","Virginia","VA","Vignet, Inc.",2855005.25779524,7889478.32101238,24.2675446912596
"5111","James R. Walkinshaw","Democrat","Virginia","VA","Four Points Technology, LLC",1420798.27852168,3926212.46014267,12.0767853674343
"5111","James R. Walkinshaw","Democrat","Virginia","VA","George Mason University",1113199.82193838,3076199.540494,9.46219848647623
"5111","James R. Walkinshaw","Democrat","Virginia","VA","George Washington University",1554230.48129487,3063192.11361999,2.48676877007179
"5111","James R. Walkinshaw","Democrat","Virginia","VA","Carahsoft Technology Corporation",953475.632320456,2634820.13221052,8.10454287472387
"5301","Suzan K. DelBene","Democrat","Washington","WA","University of Washington",13866535.3132316,33517465.7258845,108.158975443207
"5301","Suzan K. DelBene","Democrat","Washington","WA","Fred Hutchinson Cancer Center",13079251.5775507,31614484.5535038,102.018162304895
"5301","Suzan K. DelBene","Democrat","Washington","WA","Seattle Children's Hospital",3480846.29528825,8413720.06517511,27.1506011032484
"5301","Suzan K. DelBene","Democrat","Washington","WA","Allen Institute",1683107.29267214,4068319.13818403,13.1282368828427
"5301","Suzan K. DelBene","Democrat","Washington","WA","Benaroya Research Inst at Virginia Mason",1472976.68796364,3560402.40324044,11.4892181661164
"5302","Rick Larsen","Democrat","Washington","WA","University of Washington",9718955.55436322,23492152.316803,75.8078533240331
"5302","Rick Larsen","Democrat","Washington","WA","Fred Hutchinson Cancer Center",5753985.46558913,13908233.4753147,44.8810866315952
"5302","Rick Larsen","Democrat","Washington","WA","Seattle Children's Hospital",1855324.87001286,4484594.48134091,14.4715339861003
"5302","Rick Larsen","Democrat","Washington","WA","Benaroya Research Inst at Virginia Mason",751913.952164897,1817487.17694845,5.8649288268862
"5302","Rick Larsen","Democrat","Washington","WA","Allen Institute",609511.53546577,1473279.48460286,4.754189976633
"5303","Marie Gluesenkamp Perez","Democrat","Washington","WA","Oregon Health & Science University",3753237.29443422,9107998.50923048,33.0284881910211
"5303","Marie Gluesenkamp Perez","Democrat","Washington","WA","University of Washington",1733316.91415395,4189683.21573556,13.5198719304008
"5303","Marie Gluesenkamp Perez","Democrat","Washington","WA","Fred Hutchinson Cancer Center",785640.323186208,1899008.8014372,6.12799452085242
"5303","Marie Gluesenkamp Perez","Democrat","Washington","WA","Washington State University",689963.680206264,1667744.21158771,5.38171670560886
"5303","Marie Gluesenkamp Perez","Democrat","Washington","WA","Benaroya Research Inst at Virginia Mason",385527.608896767,931877.222801961,3.00711534939478
"5304","Dan Newhouse","Republican","Washington","WA","Battelle Pacific Northwest Laboratories",2910227.14464824,7034449.22411219,22.6997717282563
"5304","Dan Newhouse","Republican","Washington","WA","Fred Hutchinson Cancer Center",1073339.59646566,2594420.47520293,8.37204885243218
"5304","Dan Newhouse","Republican","Washington","WA","University of Washington",1052370.98359347,2543736.23812516,8.20849367202907
"5304","Dan Newhouse","Republican","Washington","WA","Washington State University",752687.651134106,1819357.32173205,5.87096367884603
"5304","Dan Newhouse","Republican","Washington","WA","Benaroya Research Inst at Virginia Mason",206500.477428934,499142.180671377,1.61070372394569
"5305","Michael Baumgartner","Republican","Washington","WA","Washington State University",4641573.84866032,11219370.150681,36.2042760195505
"5305","Michael Baumgartner","Republican","Washington","WA","Fred Hutchinson Cancer Center",995882.099813503,2407194.25534293,7.76788037854532
"5305","Michael Baumgartner","Republican","Washington","WA","University of Washington",804754.281571477,1945210.06444865,6.27708339625752
"5305","Michael Baumgartner","Republican","Washington","WA","athira Pharma, Inc.",438932.623468314,1060965.03782264,3.42367446305285
"5305","Michael Baumgartner","Republican","Washington","WA","University of Idaho",199772.800791304,832276.053795,1.83790976728
"5306","Emily Randall","Democrat","Washington","WA","University of Washington",5447567.44448384,13167575.8208832,42.491026066974
"5306","Emily Randall","Democrat","Washington","WA","Fred Hutchinson Cancer Center",3408129.8526951,8237953.67384025,26.5834128510218
"5306","Emily Randall","Democrat","Washington","WA","Seattle Children's Hospital",679271.9469446,1641900.71174776,5.29832118616788
"5306","Emily Randall","Democrat","Washington","WA","Benaroya Research Inst at Virginia Mason",675799.272371026,1633506.74394199,5.271234324494
"5306","Emily Randall","Democrat","Washington","WA","Allen Institute",318656.908015437,770240.853353774,2.48552388252041
"5307","Pramila Jayapal","Democrat","Washington","WA","University of Washington",48904298.6493436,118208919.301111,381.45352946488
"5307","Pramila Jayapal","Democrat","Washington","WA","Fred Hutchinson Cancer Center",42236466.3887571,102091783.029377,329.444437832306
"5307","Pramila Jayapal","Democrat","Washington","WA","Seattle Children's Hospital",10378329.0998352,25085955.6506338,80.9509669787143
"5307","Pramila Jayapal","Democrat","Washington","WA","Allen Institute",5941133.49306634,14360597.9236026,46.3408412459175
"5307","Pramila Jayapal","Democrat","Washington","WA","Benaroya Research Inst at Virginia Mason",3256942.64455253,7872511.84193035,25.4041526275098
"5308","Kim Schrier ","Democrat","Washington","WA","Fred Hutchinson Cancer Center",7303135.39863236,17652757.8725148,56.9644561093324
"5308","Kim Schrier ","Democrat","Washington","WA","University of Washington",6561842.60358281,15860943.6024275,51.1823723079459
"5308","Kim Schrier ","Democrat","Washington","WA","Seattle Children's Hospital",1483584.00352577,3586041.85302124,11.571955227501
"5308","Kim Schrier ","Democrat","Washington","WA","Benaroya Research Inst at Virginia Mason",1071685.68384329,2590422.72389867,8.35914833397766
"5308","Kim Schrier ","Democrat","Washington","WA","Allen Institute",793434.314588774,1917848.03083389,6.18878765379243
"5309","Adam Smith","Democrat","Washington","WA","University of Washington",16095085.6314295,38904201.2889731,125.54166792515
"5309","Adam Smith","Democrat","Washington","WA","Fred Hutchinson Cancer Center",14473486.5172896,34984556.5109839,112.893194834859
"5309","Adam Smith","Democrat","Washington","WA","Seattle Children's Hospital",2852266.2846828,6894349.25728912,22.2476770205258
"5309","Adam Smith","Democrat","Washington","WA","Benaroya Research Inst at Virginia Mason",1829454.61137695,4422062.24184762,14.2697459687402
"5309","Adam Smith","Democrat","Washington","WA","Allen Institute",1285320.81689448,3106810.4219169,10.025502371777
"5310","Marilyn Strickland","Democrat","Washington","WA","University of Washington",2661879.54673642,6434156.36702247,20.7626604645441
"5310","Marilyn Strickland","Democrat","Washington","WA","Fred Hutchinson Cancer Center",1969633.48629782,4760895.30501157,15.363141193123
"5310","Marilyn Strickland","Democrat","Washington","WA","Benaroya Research Inst at Virginia Mason",570860.098454032,1379853.24754846,4.45270876794145
"5310","Marilyn Strickland","Democrat","Washington","WA","Seattle Children's Hospital",459606.889474954,1110937.79501341,3.58493373790464
"5310","Marilyn Strickland","Democrat","Washington","WA","Allen Institute",156120.498557899,377366.324126346,1.21773988875161
"5401","Carol D. Miller","Republican","West Virginia","WV","Marshall University",1107239.57486773,3092786.48645955,8.52574472648149
"5401","Carol D. Miller","Republican","West Virginia","WV","West Virginia University",527679.59326739,1473936.04083635,4.0631328681589
"5401","Carol D. Miller","Republican","West Virginia","WV","Virginia Polytechnic Institute and State University",153263.64432043,423526.435183926,1.30274097672366
"5401","Carol D. Miller","Republican","West Virginia","WV","University of Pittsburgh at Pittsburgh",99736.1636374167,239825.81474901,0.847757390918042
"5401","Carol D. Miller","Republican","West Virginia","WV","Duke University",56143.9515236581,140454.915850599,0.544596329779484
"5402","Riley M. Moore","Republican","West Virginia","WV","West Virginia University",6085259.16272577,16997592.6911127,46.8564955529885
"5402","Riley M. Moore","Republican","West Virginia","WV","University of Pittsburgh at Pittsburgh",748021.227280625,1798693.61061757,6.35818043188532
"5402","Riley M. Moore","Republican","West Virginia","WV","Johns Hopkins University",311984.333234162,683217.656746508,2.62066839916696
"5402","Riley M. Moore","Republican","West Virginia","WV","Westat, Inc.",190374.188273051,416902.366438092,1.59914318149363
"5402","Riley M. Moore","Republican","West Virginia","WV","Istovisr",133343.07668959,372459.289759193,1.02674169050984
"5501","Bryan Steil","Republican","Wisconsin","WI","Medical College of Wisconsin",2631330.56004891,6230129.1720062,24.7345072644598
"5501","Bryan Steil","Republican","Wisconsin","WI","University of Wisconsin-Madison",2276352.06204116,5389656.32171105,21.3977093831869
"5501","Bryan Steil","Republican","Wisconsin","WI","Versiti Blood Health, Inc.",413966.889109173,980138.045459318,3.89128875762622
"5501","Bryan Steil","Republican","Wisconsin","WI","Marquette University",203602.221642392,482063.394010048,1.91386088343849
"5501","Bryan Steil","Republican","Wisconsin","WI","Northwestern University at Chicago",167136.23746965,478117.70941708,1.65464875094953
"5502","Mark Pocan","Democrat","Wisconsin","WI","University of Wisconsin-Madison",57302245.1173077,135672953.579862,538.641104102693
"5502","Mark Pocan","Democrat","Wisconsin","WI","Morgridge Institute for Research, Inc.",410068.303535545,970907.471360954,3.85464205323412
"5502","Mark Pocan","Democrat","Wisconsin","WI","Medical College of Wisconsin",326963.466537036,774142.42892189,3.07345658544814
"5502","Mark Pocan","Democrat","Wisconsin","WI","University of Minnesota",282615.379754251,698469.293025748,2.57179995576369
"5502","Mark Pocan","Democrat","Wisconsin","WI","Dnastar, Inc.",281599.353201303,666735.062418347,2.64703392009225
"5503","Derrick Van Orden","Republican","Wisconsin","WI","University of Wisconsin-Madison",1686186.71262308,3992338.01608226,15.850155098657
"5503","Derrick Van Orden","Republican","Wisconsin","WI","University of Minnesota",460187.874998073,1137330.53023662,4.18770966248246
"5503","Derrick Van Orden","Republican","Wisconsin","WI","Mayo Clinic Rochester",409775.624257963,1012739.26006265,3.72895818074746
"5503","Derrick Van Orden","Republican","Wisconsin","WI","Marshfield Clinic, Inc.",326054.770546651,771990.934357073,3.06491484313852
"5503","Derrick Van Orden","Republican","Wisconsin","WI","Medical College of Wisconsin",165155.607670585,391034.400957132,1.5524627121035
"5504","Gwen Moore","Democrat","Wisconsin","WI","Medical College of Wisconsin",8809043.01994322,20856929.4672676,82.8050043874663
"5504","Gwen Moore","Democrat","Wisconsin","WI","University of Wisconsin-Madison",1714289.82450013,4058876.98301696,16.1143243503012
"5504","Gwen Moore","Democrat","Wisconsin","WI","Versiti Blood Health, Inc.",1562522.08144148,3699540.66178272,14.68770756555
"5504","Gwen Moore","Democrat","Wisconsin","WI","University of Wisconsin Milwaukee",974406.366117241,2307075.21856271,9.15941984150207
"5504","Gwen Moore","Democrat","Wisconsin","WI","Marquette University",768498.581689422,1819553.00680263,7.22388666788056
"5505","Scott Fitzgerald","Republican","Wisconsin","WI","Medical College of Wisconsin",8889388.99124242,21047162.4190846,83.5602565176788
"5505","Scott Fitzgerald","Republican","Wisconsin","WI","University of Wisconsin-Madison",2669795.62831988,6321201.85879691,25.0960789062069
"5505","Scott Fitzgerald","Republican","Wisconsin","WI","Versiti Blood Health, Inc.",840785.691442323,1990705.21324499,7.90338549955783
"5505","Scott Fitzgerald","Republican","Wisconsin","WI","University of Minnesota",460187.874998073,1137330.53023662,4.18770966248246
"5505","Scott Fitzgerald","Republican","Wisconsin","WI","Marquette University",413525.427290022,979092.808422369,3.88713901652621
"5506","Glenn Grothman","Republican","Wisconsin","WI","University of Wisconsin-Madison",4103054.3340495,9714689.17246683,38.5687107400653
"5506","Glenn Grothman","Republican","Wisconsin","WI","Medical College of Wisconsin",1035570.29674529,2451891.37897445,9.73436078940571
"5506","Glenn Grothman","Republican","Wisconsin","WI","University of Minnesota",332635.800949694,822092.17674712,3.02698578864222
"5506","Glenn Grothman","Republican","Wisconsin","WI","Versiti Blood Health, Inc.",202248.529156279,478858.293451529,1.90113617406902
"5506","Glenn Grothman","Republican","Wisconsin","WI","University of Wisconsin Milwaukee",110590.899992671,261843.039663535,1.03955445993111
"5507","Thomas P. Tiffany","Republican","Wisconsin","WI","Marshfield Clinic, Inc.",1896670.46681113,4490694.62589413,17.8287023880246
"5507","Thomas P. Tiffany","Republican","Wisconsin","WI","University of Wisconsin-Madison",1067918.25132795,2528480.74351876,10.0384315624827
"5507","Thomas P. Tiffany","Republican","Wisconsin","WI","University of Minnesota",860351.244561614,2126313.60000759,7.82919632551069
"5507","Thomas P. Tiffany","Republican","Wisconsin","WI","Medical College of Wisconsin",203096.760784097,480866.628204041,1.90910955137052
"5507","Thomas P. Tiffany","Republican","Wisconsin","WI","Great Lakes Inter-Tribal Council, Inc.",153491.055379038,363416.560533233,1.44281592056295
"5508","Tony Wied","Republican","Wisconsin","WI","University of Wisconsin-Madison",1461361.81760667,3460026.28060462,13.7368010855027
"5508","Tony Wied","Republican","Wisconsin","WI","Medical College of Wisconsin",410657.186640373,972301.753731247,3.86017755441951
"5508","Tony Wied","Republican","Wisconsin","WI","University of Minnesota",337637.843069238,834454.465119257,3.07250437193007
"5508","Tony Wied","Republican","Wisconsin","WI","St. Vincent Hospital",335574.876113765,794531.427108067,3.15440383546939
"5508","Tony Wied","Republican","Wisconsin","WI","Northwestern University at Chicago",52230.0742092655,149411.784192837,0.517077734671728
"5600","Harriet M. Hageman","Republican","Wyoming","WY","University of Wyoming",2157219.66751537,8424314.73607294,16.8263134066199
"5600","Harriet M. Hageman","Republican","Wyoming","WY","Colorado State University",227690.438938483,637729.683245991,2.18582821380944
"5600","Harriet M. Hageman","Republican","Wyoming","WY","University of Colorado Denver",79253.9912025856,221979.556722893,0.760838315544822
"5600","Harriet M. Hageman","Republican","Wyoming","WY","Unlocked Labs Inc.",39543.6659641977,154424.833463634,0.308440594520742
"5600","Harriet M. Hageman","Republican","Wyoming","WY","University of Utah",43160.4798373033,118547.066611951,0.496345518128988
"6098","Aumua Amata Coleman Radewagen","Republican","American Samoa","AS","American Samoa Community Cancer Coalitio",265186.208621906,681528.556158299,2.36015725673497
"6698","James C. Moylan","Republican","Guam","GU","University of Guam",365877.777248928,940305.887529746,3.25631221751546
"7298","Pablo José Hernández","Democrat","Puerto Rico","PR","University of Puerto Rico Medical Sciences",5562721.05596897,14296193.1138402,49.5082173981238
"7298","Pablo José Hernández","Democrat","Puerto Rico","PR","Ponce School of Medicine",1630881.15271387,4191364.56247465,14.5148422591535
"7298","Pablo José Hernández","Democrat","Puerto Rico","PR","University of Puerto Rico Rio Piedras",623154.787333459,1601507.80344699,5.54607760726778
"7298","Pablo José Hernández","Democrat","Puerto Rico","PR","University of Puerto Rico Comprehensive Cancer Center",486504.936804692,1250317.68758806,4.32989393756175
"7298","Pablo José Hernández","Democrat","Puerto Rico","PR","University of Puerto Rico",453623.258194202,1165811.7735591,4.03724699792839
"7898","Stacey E. Plaskett","Democrat","Virgin Islands","VI","University ofthe Virgin Islands",103693.810934394,266493.094101394,0.922874917316111
