org_name.nih,org_city.nih,org_state.nih,lat.nih,lon.nih,org_name.nsf,org_city.nsf,org_state.nsf,lat.nsf,lon.nsf,org_name,org_city,org_state,lat,lon
Academic Pediatric Association,Mc Lean,VA,38.93747,-77.17694,NA,NA,NA,NA,NA,Academic Pediatric Association,Mc Lean,VA,38.93747,-77.17694
Access Health Inc.,Muskegon,MI,43.23096,-86.24311,NA,NA,NA,NA,NA,Access Health Inc.,Muskegon,MI,43.23096,-86.24311
"Accurius Therapeutics, Inc.",Lexington,MA,42.45835,-71.20621,NA,NA,NA,NA,NA,"Accurius Therapeutics, Inc.",Lexington,MA,42.45835,-71.20621
NA,NA,NA,NA,NA,Alabama A&M University,Normal,AL,34.7838707,-86.5775697,Alabama A&M University,Normal,AL,34.7838707,-86.5775697
Alabama State University,Montgomery,AL,32.36501,-86.2957,NA,NA,NA,NA,NA,Alabama State University,Montgomery,AL,32.36501,-86.2957
NA,NA,NA,NA,NA,Alamo Community College District - St. Philip's College,San Antonio,TX,29.416791,-98.4547557,Alamo Community College District - St. Philip's College,San Antonio,TX,29.416791,-98.4547557
Albert Einstein College of Medicine,Bronx,NY,40.85103,-73.84438,NA,NA,NA,NA,NA,Albert Einstein College of Medicine,Bronx,NY,40.85103,-73.84438
NA,NA,NA,NA,NA,Allan Hancock College,Santa Maria,CA,34.9444382,-120.4188384,Allan Hancock College,Santa Maria,CA,34.9444382,-120.4188384
NA,NA,NA,NA,NA,Allegheny College,Meadville,PA,41.6589731,-80.1498362,Allegheny College,Meadville,PA,41.6589731,-80.1498362
Allen Institute,Seattle,WA,47.65008,-122.3516,NA,NA,NA,NA,NA,Allen Institute,Seattle,WA,47.65008,-122.3516
NA,NA,NA,NA,NA,Alverno College,Milwaukee,WI,42.9832666,-87.9665582,Alverno College,Milwaukee,WI,42.9832666,-87.9665582
NA,NA,NA,NA,NA,American Association of Physics Teachers,College Park,MD,38.9715525,-76.9299672,American Association of Physics Teachers,College Park,MD,38.9715525,-76.9299672
NA,NA,NA,NA,NA,American Bar Foundation,Chicago,IL,41.8961942,-87.6171682,American Bar Foundation,Chicago,IL,41.8961942,-87.6171682
American Gastroenterological Association Institute,Bethesda,MD,38.98933,-77.0992,NA,NA,NA,NA,NA,American Gastroenterological Association Institute,Bethesda,MD,38.98933,-77.0992
NA,NA,NA,NA,NA,American Indian Science and Engineering Society (AISES),Albuquerque,NM,35.156762,-106.6800351,American Indian Science and Engineering Society (AISES),Albuquerque,NM,35.156762,-106.6800351
NA,NA,NA,NA,NA,American Institute of Mathematics,Pasadena,CA,34.1376576,-118.125269,American Institute of Mathematics,Pasadena,CA,34.1376576,-118.125269
NA,NA,NA,NA,NA,American Institutes for Research in the Behavioral Sciences,Arlington,VA,38.8610296,-77.0498801,American Institutes for Research in the Behavioral Sciences,Arlington,VA,38.8610296,-77.0498801
NA,NA,NA,NA,NA,American Museum Natural History,New York,NY,40.781135,-73.9736037,American Museum Natural History,New York,NY,40.781135,-73.9736037
NA,NA,NA,NA,NA,American Physical Society,College Park,MD,38.969788,-76.9285604,American Physical Society,College Park,MD,38.969788,-76.9285604
NA,NA,NA,NA,NA,American Society for Biochemistry and Molecular Biology,Rockville,MD,39.0477433,-77.1274155,American Society for Biochemistry and Molecular Biology,Rockville,MD,39.0477433,-77.1274155
NA,NA,NA,NA,NA,American Society for Cell Biology,Rockville,MD,39.0477433,-77.1274155,American Society for Cell Biology,Rockville,MD,39.0477433,-77.1274155
NA,NA,NA,NA,NA,Appalachian College Association,Walland,TN,35.7287197,-83.7648191,Appalachian College Association,Walland,TN,35.7287197,-83.7648191
NA,NA,NA,NA,NA,Appalachian State University,Boone,NC,36.2127347,-81.6774708,Appalachian State University,Boone,NC,36.2127347,-81.6774708
NA,NA,NA,NA,NA,Arcadia University,Glenside,PA,40.0907999,-75.1658134,Arcadia University,Glenside,PA,40.0907999,-75.1658134
NA,NA,NA,NA,NA,Arizona State University,Tempe,AZ,33.4641772,-111.9230963,Arizona State University,Tempe,AZ,33.4641772,-111.9230963
Arizona State University-Tempe Campus,Scottsdale,AZ,33.42395,-111.94069,NA,NA,NA,NA,NA,Arizona State University-Tempe,Scottsdale,AZ,33.42395,-111.94069
Arkansas Cancer Coalition,Little Rock,AR,34.75984,-92.34041,NA,NA,NA,NA,NA,Arkansas Cancer Coalition,Little Rock,AR,34.75984,-92.34041
Asian American Health Coalition,Houston,TX,29.71509,-95.55379,NA,NA,NA,NA,NA,Asian American Health Coalition,Houston,TX,29.71509,-95.55379
Asian Community Health Coalition,Philadelphia,PA,39.9607,-75.15706,NA,NA,NA,NA,NA,Asian Community Health Coalition,Philadelphia,PA,39.9607,-75.15706
NA,NA,NA,NA,NA,"Associated Universities, Inc..",Vienna,VA,38.8829051,-77.2268622,"Associated Universities, Inc.",Vienna,VA,38.8829051,-77.2268622
NA,NA,NA,NA,NA,"Association for Women in Mathematics, Inc..",Providence,RI,41.8371711,-71.4124033,"Association for Women in Mathematics, Inc.",Providence,RI,41.8371711,-71.4124033
NA,NA,NA,NA,NA,Association of American Colleges and Universities,Washington,DC,38.9124077,-77.0425399,Association of American Colleges and Universities,Washington,DC,38.9124077,-77.0425399
NA,NA,NA,NA,NA,Association of American Geographers,Washington,DC,38.8992284,-77.0399758,Association of American Geographers,Washington,DC,38.8992284,-77.0399758
NA,NA,NA,NA,NA,Association of Public and Land-Grant Universities,Washington,DC,38.9033028,-77.0294142,Association of Public and Land-Grant Universities,Washington,DC,38.9033028,-77.0294142
Auburn University at Auburn,Auburn,AL,32.60214,-85.5085,Auburn University,Auburn,AL,32.6053962,-85.4814237,Auburn University,Auburn,AL,32.60214,-85.5085
Augusta University,Augusta,GA,33.47096,-81.9914,NA,NA,NA,NA,NA,Augusta University,Augusta,GA,33.47096,-81.9914
NA,NA,NA,NA,NA,Azusa Pacific University,Azusa,CA,34.1303221,-117.8892304,Azusa Pacific University,Azusa,CA,34.1303221,-117.8892304
NA,NA,NA,NA,NA,Bank Street College of Education,New York,NY,40.8055791,-73.9666112,Bank Street College of Education,New York,NY,40.8055791,-73.9666112
Banner Health,Phoenix,AZ,33.43342,-112.08759,NA,NA,NA,NA,NA,Banner Health,Phoenix,AZ,33.43342,-112.08759
Baylor College of Medicine,Houston,TX,29.70926,-95.40085,NA,NA,NA,NA,NA,Baylor College of Medicine,Houston,TX,29.70926,-95.40085
Baylor University,Waco,TX,31.55571,-97.1214,NA,NA,NA,NA,NA,Baylor University,Waco,TX,31.55571,-97.1214
Beckman Research Institute,Duarte,CA,34.12772,-117.97244,NA,NA,NA,NA,NA,Beckman Research Institute,Duarte,CA,34.12772,-117.97244
"Bellage, Inc.",Sunnyside,NY,40.74767,-73.9181,NA,NA,NA,NA,NA,"Bellage, Inc.",Sunnyside,NY,40.74767,-73.9181
NA,NA,NA,NA,NA,Benedictine University,Lisle,IL,41.7766038,-88.0966434,Benedictine University,Lisle,IL,41.7766038,-88.0966434
NA,NA,NA,NA,NA,Berry College,Mount Berry,GA,34.28942,-85.1931705,Berry College,Mount Berry,GA,34.28942,-85.1931705
Beth Israel Deaconess Medical Center,Boston,MA,42.33982,-71.10568,NA,NA,NA,NA,NA,Beth Israel Deaconess Medical Center,Boston,MA,42.33982,-71.10568
NA,NA,NA,NA,NA,Bethune-Cookman University,Daytona Beach,FL,29.2114632,-81.0331067,Bethune-Cookman University,Daytona Beach,FL,29.2114632,-81.0331067
NA,NA,NA,NA,NA,Black in Marine Science,Spokane,WA,47.6581816,-117.4207891,Black in Marine Science,Spokane,WA,47.6581816,-117.4207891
NA,NA,NA,NA,NA,Boise State University,Boise,ID,43.609316,-116.2108122,Boise State University,Boise,ID,43.609316,-116.2108122
Boston Children's Hospital,Boston,MA,42.33748,-71.10496,NA,NA,NA,NA,NA,Boston Children's Hospital,Boston,MA,42.33748,-71.10496
Boston College,Chestnut Hill,MA,42.33696,-71.1705,Boston College,Chestnut Hill,MA,42.33696,-71.1705,Boston College,Chestnut Hill,MA,42.33696,-71.1705
Boston Medical Center,Boston,MA,42.33685,-71.07088,NA,NA,NA,NA,NA,Boston Medical Center,Boston,MA,42.33685,-71.07088
Boston University,Boston,MA,42.33639,-71.07097,Boston University,Boston,MA,42.34959,-71.09973,Boston University,Boston,MA,42.34959,-71.09973
Boston University,Boston,MA,42.34959,-71.09973,Boston University,Boston,MA,42.34959,-71.09973,Boston University,Boston,MA,42.34959,-71.09973
Boston University,Boston,MA,42.33639,-71.07097,Trustees of Boston University,Boston,MA,42.349689,-71.100088,Boston University,Boston,MA,42.34959,-71.09973
Boston University,Boston,MA,42.34959,-71.09973,Trustees of Boston University,Boston,MA,42.349689,-71.100088,Boston University,Boston,MA,42.34959,-71.09973
NA,NA,NA,NA,NA,Botanical Society of America,Saint Louis,MO,38.6167404,-90.2612157,Botanical Society of America,Saint Louis,MO,38.6167404,-90.2612157
NA,NA,NA,NA,NA,Bowdoin College,Brunswick,ME,43.9078476,-69.9617329,Bowdoin College,Brunswick,ME,43.9078476,-69.9617329
NA,NA,NA,NA,NA,Bowie State University,Bowie,MD,39.0192706,-76.7593488,Bowie State University,Bowie,MD,39.0192706,-76.7593488
NA,NA,NA,NA,NA,Bowling Green State University,Bowling Green,OH,41.3793443,-83.6148345,Bowling Green State University,Bowling Green,OH,41.3793443,-83.6148345
NA,NA,NA,NA,NA,Bradley University,Peoria,IL,40.6966572,-89.6157877,Bradley University,Peoria,IL,40.6966572,-89.6157877
Brandeis University,Waltham,MA,42.36638,-71.25452,Brandeis University,Waltham,MA,42.36638,-71.25452,Brandeis University,Waltham,MA,42.36638,-71.25452
NA,NA,NA,NA,NA,Bridgewater State University,Bridgewater,MA,41.9869071,-70.9707476,Bridgewater State University,Bridgewater,MA,41.9869071,-70.9707476
Brigham and Women's Hospital,Boston,MA,42.33611,-71.10748,NA,NA,NA,NA,NA,Brigham and Women's Hospital,Boston,MA,42.33611,-71.10748
"Broad Institute, Inc.",Cambridge,MA,42.36308,-71.08789,NA,NA,NA,NA,NA,"Broad Institute, Inc.",Cambridge,MA,42.36308,-71.08789
"Bronxworks, Inc.",Bronx,NY,40.851,-73.9081,NA,NA,NA,NA,NA,"Bronxworks, Inc.",Bronx,NY,40.851,-73.9081
Brooklyn College,New York,NY,40.63164,-73.95287,NA,NA,NA,NA,NA,Brooklyn College,New York,NY,40.63164,-73.95287
Brown University,Providence,RI,41.82614,-71.40451,Brown University,Providence,RI,41.82614,-71.40451,Brown University,Providence,RI,41.82614,-71.40451
Butler Hospital,Providence,RI,41.84359,-71.37966,NA,NA,NA,NA,NA,Butler Hospital,Providence,RI,41.84359,-71.37966
NA,NA,NA,NA,NA,CSU Fullerton Auxiliary Services Corporation,Fullerton,CA,33.8812313,-117.8905735,CSU Fullerton Auxiliary Services Corporation,Fullerton,CA,33.8812313,-117.8905735
NA,NA,NA,NA,NA,CSUB Auxiliary for Sponsored Programs Administration,Bakersfield,CA,35.3487933,-119.1027261,CSUB Auxiliary for Sponsored Programs Administration,Bakersfield,CA,35.3487933,-119.1027261
NA,NA,NA,NA,NA,CUNY Borough of Manhattan Community College,New York,NY,40.7174546,-74.0122469,CUNY Borough of Manhattan Community College,New York,NY,40.7174546,-74.0122469
NA,NA,NA,NA,NA,CUNY City College,New York,NY,40.8192371,-73.9490385,CUNY City College,New York,NY,40.8192371,-73.9490385
NA,NA,NA,NA,NA,CUNY College of Staten Island,Staten Island,NY,40.6008735,-74.1517188,CUNY College of Staten Island,Staten Island,NY,40.6008735,-74.1517188
NA,NA,NA,NA,NA,CUNY John Jay College of Criminal Justice,New York,NY,40.7707042,-73.989257,CUNY John Jay College of Criminal Justice,New York,NY,40.7707042,-73.989257
NA,NA,NA,NA,NA,CUNY Kingsborough Community College,Brooklyn,NY,40.5787693,-73.9345125,CUNY Kingsborough Community College,Brooklyn,NY,40.5787693,-73.9345125
NA,NA,NA,NA,NA,CUNY New York City College of Technology,Brooklyn,NY,40.6955102,-73.9864923,CUNY New York City College of Technology,Brooklyn,NY,40.6955102,-73.9864923
Queens College,Flushing,NY,40.73586,-73.81575,CUNY Queens College,Flushing,NY,40.7357513,-73.8204022,CUNY Queens College,Flushing,NY,40.73586,-73.81575
NA,NA,NA,NA,NA,CUNY Queensborough Community College,Bayside,NY,40.7554101,-73.7574006,CUNY Queensborough Community College,Bayside,NY,40.7554101,-73.7574006
California Institute of Technology,Pasadena,CA,34.13433,-118.12652,NA,NA,NA,NA,NA,California Institute of Technology,Pasadena,CA,34.13433,-118.12652
"California Polytechnic State University, San Luis Obispo",San Luis Obispo,CA,35.29932,-120.65662,California Polytechnic State University Foundation,San Luis Obispo,CA,35.3048842,-120.6572573,California Polytechnic State University,San Luis Obispo,CA,35.29932,-120.65662
NA,NA,NA,NA,NA,"Cal Poly Pomona Foundation, Inc..",Pomona,CA,34.061538,-117.8184432,"California State Polytechnic University, Pomona",Pomona,CA,34.061538,-117.8184432
California State University - Dominguez Hills,Carson,CA,33.86714,-118.25534,California State University - Dominguez Hills,Carson,CA,33.86714,-118.25534,California State University - Dominguez Hills,Carson,CA,33.86714,-118.25534
California State University - Dominguez Hills,Carson,CA,33.86714,-118.25534,California State University-Dominguez Hills Foundation,Carson,CA,33.8633881,-118.2544095,California State University - Dominguez Hills,Carson,CA,33.86714,-118.25534
California State University Bakersfield,Bakersfield,CA,35.35426,-119.10759,NA,NA,NA,NA,NA,California State University Bakersfield,Bakersfield,CA,35.35426,-119.10759
NA,NA,NA,NA,NA,California State University Channel Islands,Camarillo,CA,34.1619468,-119.0435335,California State University Channel Islands,Camarillo,CA,34.1619468,-119.0435335
NA,NA,NA,NA,NA,"California State University, East Bay Foundation, Inc..",Hayward,CA,37.6575531,-122.0617166,California State University East Bay,Hayward,CA,37.6575531,-122.0617166
NA,NA,NA,NA,NA,California State University-Fresno Foundation,Fresno,CA,36.806955,-119.7359405,California State University Fresno,Fresno,CA,36.806955,-119.7359405
California State University Fullerton,Fullerton,CA,33.8781,-117.88425,NA,NA,NA,NA,NA,California State University Fullerton,Fullerton,CA,33.8781,-117.88425
California State University Long Beach,Long Beach,CA,33.7811,-118.1099,California State University Long Beach,Long Beach,CA,33.7811,-118.1099,California State University Long Beach,Long Beach,CA,33.7811,-118.1099
California State University Long Beach,Long Beach,CA,33.7811,-118.1099,California State University-Long Beach Foundation,Long Beach,CA,33.7811708,-118.1102798,California State University Long Beach,Long Beach,CA,33.7811,-118.1099
California State University Northridge,Northridge,CA,34.24588,-118.50188,California State University Northridge,Northridge,CA,34.24588,-118.50188,California State University Northridge,Northridge,CA,34.24588,-118.50188
California State University Northridge,Northridge,CA,34.24588,-118.50188,"The University Corporation, Northridge",Northridge,CA,34.2401018,-118.5293265,California State University Northridge,Northridge,CA,34.24588,-118.50188
California State University San Marcos,San Marcos,CA,33.13799,-117.15109,California State University San Marcos,San Marcos,CA,33.13799,-117.15109,California State University San Marcos,San Marcos,CA,33.13799,-117.15109
California State University San Marcos,San Marcos,CA,33.13799,-117.15109,California State University San Marcos Corporation,San Marcos,CA,33.1313513,-117.1581182,California State University San Marcos,San Marcos,CA,33.13799,-117.15109
Cambridge Health Alliance,Cambridge,MA,42.37442,-71.10444,NA,NA,NA,NA,NA,Cambridge Health Alliance,Cambridge,MA,42.37442,-71.10444
Campesinos Sin Fronteras,Somerton,AZ,32.59632,-114.7127,NA,NA,NA,NA,NA,Campesinos Sin Fronteras,Somerton,AZ,32.59632,-114.7127
NA,NA,NA,NA,NA,Carleton College,Northfield,MN,44.4613041,-93.156084,Carleton College,Northfield,MN,44.4613041,-93.156084
Carnegie-Mellon University,Pittsburgh,PA,40.44296,-79.94108,Carnegie Mellon University,Pittsburgh,PA,40.4432027,-79.9428499,Carnegie Mellon University,Pittsburgh,PA,40.44296,-79.94108
Carnegie-Mellon University,Pittsburgh,PA,40.44296,-79.94108,Carnegie Mellon University,Pittsburgh,PA,40.4434014,-79.9465049,Carnegie Mellon University,Pittsburgh,PA,40.44296,-79.94108
Case Western Reserve University,Cleveland,OH,41.50274,-81.60733,Case Western Reserve University,Cleveland,OH,41.50274,-81.60733,Case Western Reserve University,Cleveland,OH,41.50274,-81.60733
NA,NA,NA,NA,NA,"Cast, Inc..",Lynnfield,MA,42.5122916,-71.0342229,"Cast, Inc.",Lynnfield,MA,42.5122916,-71.0342229
Cedars-Sinai Medical Center,Los Angeles,CA,34.07654,-118.38,NA,NA,NA,NA,NA,Cedars-Sinai Medical Center,Los Angeles,CA,34.07654,-118.38
Center for Innovative Public Health Research,San Clemente,CA,33.43004,-117.61655,NA,NA,NA,NA,NA,Center for Innovative Public Health Research,San Clemente,CA,33.43004,-117.61655
Central Michigan University,Mount Pleasant,MI,43.6014,-84.78711,Central Michigan University,Mount Pleasant,MI,43.6014,-84.78711,Central Michigan University,Mount Pleasant,MI,43.6014,-84.78711
NA,NA,NA,NA,NA,Central State University,Wilberforce,OH,39.7169812,-83.8774384,Central State University,Wilberforce,OH,39.7169812,-83.8774384
NA,NA,NA,NA,NA,Central Washington University,Ellensburg,WA,47.0025944,-120.5381474,Central Washington University,Ellensburg,WA,47.0025944,-120.5381474
NA,NA,NA,NA,NA,Chaminade University of Honolulu,Honolulu,HI,21.2900982,-157.8077453,Chaminade University of Honolulu,Honolulu,HI,21.2900982,-157.8077453
NA,NA,NA,NA,NA,ChangeAerial LLC,San Diego,CA,32.7732721,-117.1981144,ChangeAerial LLC,San Diego,CA,32.7732721,-117.1981144
NA,NA,NA,NA,NA,Chapman University,Orange,CA,33.7927662,-117.8542455,Chapman University,Orange,CA,33.7927662,-117.8542455
Charles R. Drew University of Medicine & Science,Los Angeles,CA,33.92395,-118.24569,NA,NA,NA,NA,NA,Charles R. Drew University of Medicine & Science,Los Angeles,CA,33.92395,-118.24569
Cherokee Nation,Tahlequah,OK,35.85318,-94.99067,NA,NA,NA,NA,NA,Cherokee Nation,Tahlequah,OK,35.85318,-94.99067
NA,NA,NA,NA,NA,Chicago Children's Museum,Chicago,IL,41.8910672,-87.6109095,Chicago Children's Museum,Chicago,IL,41.8910672,-87.6109095
NA,NA,NA,NA,NA,Chicago State University,Chicago,IL,41.7179751,-87.6094388,Chicago State University,Chicago,IL,41.7179751,-87.6094388
NA,NA,NA,NA,NA,Chico State Enterprises,Chico,CA,39.7317943,-121.8415384,Chico State Enterprises,Chico,CA,39.7317943,-121.8415384
NA,NA,NA,NA,NA,Child Trends Inc.,Rockville,MD,39.0590957,-77.1201244,Child Trends Inc.,Rockville,MD,39.0590957,-77.1201244
Children's Hospital of Philadelphia,Philadelphia,PA,39.94663,-75.1966,NA,NA,NA,NA,NA,Children's Hospital of Philadelphia,Philadelphia,PA,39.94663,-75.1966
NA,NA,NA,NA,NA,Children's Museum of Pittsburgh,Pittsburgh,PA,40.4528353,-80.0064158,Children's Museum of Pittsburgh,Pittsburgh,PA,40.4528353,-80.0064158
Children's Research Institute,Washington,DC,38.92727,-77.0144,NA,NA,NA,NA,NA,Children's Research Institute,Washington,DC,38.92727,-77.0144
NA,NA,NA,NA,NA,Christopher Newport University,Newport News,VA,37.0625308,-76.494308,Christopher Newport University,Newport News,VA,37.0625308,-76.494308
Cincinnati Children's Hospital Medical Center,Cincinnati,OH,39.14066,-84.50101,NA,NA,NA,NA,NA,Cincinnati Children's Hospital Medical Center,Cincinnati,OH,39.14066,-84.50101
City College of New York,New York,NY,40.81941,-73.95017,NA,NA,NA,NA,NA,City College of New York,New York,NY,40.81941,-73.95017
NA,NA,NA,NA,NA,City College of San Francisco,San Francisco,CA,37.7259238,-122.4484931,City College of San Francisco,San Francisco,CA,37.7259238,-122.4484931
NA,NA,NA,NA,NA,City Colleges of Chicago Harry S Truman College,Chicago,IL,41.9635523,-87.6579611,City Colleges of Chicago Harry S Truman College,Chicago,IL,41.9635523,-87.6579611
Claflin University,Orangeburg,SC,33.49592,-80.85546,NA,NA,NA,NA,NA,Claflin University,Orangeburg,SC,33.49592,-80.85546
Claremont Graduate University,Claremont,CA,34.10328,-117.71447,Claremont Graduate University,Claremont,CA,34.10328,-117.71447,Claremont Graduate University,Claremont,CA,34.10328,-117.71447
Clark Atlanta University,Atlanta,GA,33.74773,-84.41301,Clark Atlanta University,Atlanta,GA,33.74773,-84.41301,Clark Atlanta University,Atlanta,GA,33.74773,-84.41301
NA,NA,NA,NA,NA,Claudius Legal Intelligence Inc.,Miami,FL,25.729446,-80.3063532,Claudius Legal Intelligence Inc.,Miami,FL,25.729446,-80.3063532
Clemson University,Clemson,SC,34.67315,-82.82396,Clemson University,Clemson,SC,34.67315,-82.82396,Clemson University,Clemson,SC,34.67315,-82.82396
Cleveland Clinic Lerner College of Medicine - Case Western Reserve University,Cleveland,OH,41.50266,-81.62213,NA,NA,NA,NA,NA,Cleveland Clinic Lerner College of Medicine - Case Western Reserve University,Cleveland,OH,41.50266,-81.62213
NA,NA,NA,NA,NA,Cleveland State University,Cleveland,OH,41.5027643,-81.674423,Cleveland State University,Cleveland,OH,41.5027643,-81.674423
NA,NA,NA,NA,NA,Coastal and Estuarine Research Federation,Seattle,WA,47.7074428,-122.3317119,Coastal and Estuarine Research Federation,Seattle,WA,47.7074428,-122.3317119
NA,NA,NA,NA,NA,Coeur D' Alene Tribe,Plummer,ID,47.3376628,-116.8867348,Coeur D' Alene Tribe,Plummer,ID,47.3376628,-116.8867348
Cold Spring Harbor Laboratory,Cold Spring Harbor,NY,40.86755,-73.47346,NA,NA,NA,NA,NA,Cold Spring Harbor Laboratory,Cold Spring Harbor,NY,40.86755,-73.47346
NA,NA,NA,NA,NA,College of William and Mary,Williamsburg,VA,37.2807823,-76.7240467,College of William and Mary,Williamsburg,VA,37.2807823,-76.7240467
Colliga Apps Corp.,Austin,TX,25.76305,-80.19045,NA,NA,NA,NA,NA,Colliga Apps Corp.,Austin,TX,25.76305,-80.19045
Colorado School of Mines,Golden,CO,39.75113,-105.22231,Colorado School of Mines,Golden,CO,39.75113,-105.22231,Colorado School of Mines,Golden,CO,39.75113,-105.22231
Colorado State University,Fort Collins,CO,40.57951,-105.08127,Colorado State University,Fort Collins,CO,40.57951,-105.08127,Colorado State University,Fort Collins,CO,40.57951,-105.08127
NA,NA,NA,NA,NA,Colorado State University-Pueblo,Pueblo,CO,38.3116209,-104.5781324,Colorado State University-Pueblo,Pueblo,CO,38.3116209,-104.5781324
Columbia University,New York,NY,40.8101,-73.9606,Columbia University,New York,NY,40.81207,-73.95438,Columbia University,New York,NY,40.81207,-73.95438
Columbia University,New York,NY,40.81207,-73.95438,Columbia University,New York,NY,40.81207,-73.95438,Columbia University,New York,NY,40.81207,-73.95438
Columbia University,New York,NY,40.8415,-73.9414,Columbia University,New York,NY,40.81207,-73.95438,Columbia University,New York,NY,40.81207,-73.95438
NA,NA,NA,NA,NA,"Teachers College, Columbia University",New York,NY,40.80999,-73.9600535,Columbia University,New York,NY,40.81207,-73.95438
NA,NA,NA,NA,NA,Columbus State Community College,Columbus,OH,39.9694338,-82.9868337,Columbus State Community College,Columbus,OH,39.9694338,-82.9868337
NA,NA,NA,NA,NA,Columbus State University,Columbus,GA,32.4989045,-84.9445046,Columbus State University,Columbus,GA,32.4989045,-84.9445046
NA,NA,NA,NA,NA,Concord Consortium,Concord,MA,42.4566101,-71.3581752,Concord Consortium,Concord,MA,42.4566101,-71.3581752
Cornell University,Ithaca,NY,42.438,-76.4625,Cornell University,Ithaca,NY,42.438,-76.4625,Cornell University,Ithaca,NY,42.438,-76.4625
NA,NA,NA,NA,NA,Cosmic Picture Distribution LLC,Somers,NY,41.3334405,-73.6665377,Cosmic Picture Distribution LLC,Somers,NY,41.3334405,-73.6665377
NA,NA,NA,NA,NA,Council of Graduate Schools,Washington,DC,38.9090754,-77.0444829,Council of Graduate Schools,Washington,DC,38.9090754,-77.0444829
Creighton University,Omaha,NE,41.2643,-95.94809,NA,NA,NA,NA,NA,Creighton University,Omaha,NE,41.2643,-95.94809
NA,NA,NA,NA,NA,Crow Canyon Archaeological Center,Cortez,CO,37.3565981,-108.6276825,Crow Canyon Archaeological Center,Cortez,CO,37.3565981,-108.6276825
NA,NA,NA,NA,NA,Cuesta College,San Luis Obispo,CA,35.3313257,-120.7422648,Cuesta College,San Luis Obispo,CA,35.3313257,-120.7422648
Dana-Farber Cancer Institute,Boston,MA,42.33759,-71.10828,NA,NA,NA,NA,NA,Dana-Farber Cancer Institute,Boston,MA,42.33759,-71.10828
Dartmouth College,Hanover,NH,43.71139,-72.27061,Dartmouth College,Hanover,NH,43.71139,-72.27061,Dartmouth College,Hanover,NH,43.71139,-72.27061
Dartmouth-Hitchcock Clinic,Lebanon,NH,43.63701,-72.25238,NA,NA,NA,NA,NA,Dartmouth-Hitchcock Clinic,Lebanon,NH,43.63701,-72.25238
NA,NA,NA,NA,NA,David Lipscomb University,Nashville,TN,36.1036206,-86.798965,David Lipscomb University,Nashville,TN,36.1036206,-86.798965
Delaware State University,Dover,DE,39.18938,-75.54117,Delaware State University,Dover,DE,39.18938,-75.54117,Delaware State University,Dover,DE,39.18938,-75.54117
"Delta Health Alliance, Inc.",Stoneville,MS,33.40757,-90.91122,NA,NA,NA,NA,NA,"Delta Health Alliance, Inc.",Stoneville,MS,33.40757,-90.91122
Denver Health and Hospital Authority,Denver,CO,39.7273,-104.99157,NA,NA,NA,NA,NA,Denver Health and Hospital Authority,Denver,CO,39.7273,-104.99157
NA,NA,NA,NA,NA,Donald Danforth Plant Science Center,Saint Louis,MO,38.6742755,-90.3970103,Donald Danforth Plant Science Center,Saint Louis,MO,38.6742755,-90.3970103
NA,NA,NA,NA,NA,Do√±a Ana Branch Community College,Las Cruces,NM,32.2750826,-106.755145,Doña Ana Branch Community College,Las Cruces,NM,32.2750826,-106.755145
Drexel University,Philadelphia,PA,39.95407,-75.18654,Drexel University,Philadelphia,PA,39.95407,-75.18654,Drexel University,Philadelphia,PA,39.95407,-75.18654
Duke University,Durham,NC,36.00777,-78.92648,Duke University,Durham,NC,36.00777,-78.92648,Duke University,Durham,NC,36.00777,-78.92648
Duquesne University,Pittsburgh,PA,40.43782,-79.99365,Duquesne University,Pittsburgh,PA,40.43782,-79.99365,Duquesne University,Pittsburgh,PA,40.43782,-79.99365
East Carolina University,Greenville,NC,35.60836,-77.3648,East Carolina University,Greenville,NC,35.60836,-77.3648,East Carolina University,Greenville,NC,35.60836,-77.3648
NA,NA,NA,NA,NA,East Central University,Ada,OK,34.7724992,-96.661179,East Central University,Ada,OK,34.7724992,-96.661179
East Tennessee State University,Johnson City,TN,36.33089,-82.36558,NA,NA,NA,NA,NA,East Tennessee State University,Johnson City,TN,36.33089,-82.36558
NA,NA,NA,NA,NA,Eastern Washington University,Cheney,WA,47.4901311,-117.5797657,Eastern Washington University,Cheney,WA,47.4901311,-117.5797657
"Ecohealth Alliance, Inc.",New York,NY,40.75406,-73.99895,NA,NA,NA,NA,NA,"Ecohealth Alliance, Inc.",New York,NY,40.75406,-73.99895
NA,NA,NA,NA,NA,Edna Inc..,Oxford,MA,42.0946487,-71.8717023,Edna Inc.,Oxford,MA,42.0946487,-71.8717023
NA,NA,NA,NA,NA,Education Development Center,Waltham,MA,42.3899412,-71.2575841,Education Development Center,Waltham,MA,42.3899412,-71.2575841
NA,NA,NA,NA,NA,Educational Testing Service,Princeton,NJ,40.3489644,-74.7147,Educational Testing Service,Princeton,NJ,40.3489644,-74.7147
NA,NA,NA,NA,NA,Elmhurst University,Elmhurst,IL,41.8969858,-87.9471395,Elmhurst University,Elmhurst,IL,41.8969858,-87.9471395
Emma Pendleton Bradley Hospital,Riverside,RI,41.79238,-71.3674,NA,NA,NA,NA,NA,Emma Pendleton Bradley Hospital,Riverside,RI,41.79238,-71.3674
Emory University,Atlanta,GA,33.79125,-84.3249,Emory University,Atlanta,GA,33.79125,-84.3249,Emory University,Atlanta,GA,33.79125,-84.3249
Endeavor Health Clinical Operations,Evanston,IL,42.0647,-87.68987,NA,NA,NA,NA,NA,Endeavor Health Clinical Operations,Evanston,IL,42.0647,-87.68987
Endocrine Society,Washington,DC,38.90411,-77.04616,NA,NA,NA,NA,NA,Endocrine Society,Washington,DC,38.90411,-77.04616
"Equiti Foods, LLC",Chapel Hill,NC,35.90131,-79.06105,NA,NA,NA,NA,NA,"Equiti Foods, LLC",Chapel Hill,NC,35.90131,-79.06105
NA,NA,NA,NA,NA,Eureka Scientific Inc.,Oakland,CA,37.8037076,-122.2084588,Eureka Scientific Inc.,Oakland,CA,37.8037076,-122.2084588
NA,NA,NA,NA,NA,Exploratorium,San Francisco,CA,37.8016739,-122.399135,Exploratorium,San Francisco,CA,37.8016739,-122.399135
"Families Against Narcotics, Inc.",Clinton Twp,MI,42.55372,-82.92816,NA,NA,NA,NA,NA,"Families Against Narcotics, Inc.",Clinton Twp,MI,42.55372,-82.92816
Family Health International,Durham,NC,35.99283,-78.90391,Family Health International,Durham,NC,35.99283,-78.90391,Family Health International,Durham,NC,35.99283,-78.90391
Father Flanagan's Boys' Home,Boys Town,NE,41.25345,-96.13386,NA,NA,NA,NA,NA,Father Flanagan's Boys' Home,Boys Town,NE,41.25345,-96.13386
Fayetteville State University,Fayetteville,NC,35.07155,-78.89445,NA,NA,NA,NA,NA,Fayetteville State University,Fayetteville,NC,35.07155,-78.89445
NA,NA,NA,NA,NA,Federation of American Societies for Experimental Biology,Rockville,MD,39.047715,-77.1273868,Federation of American Societies for Experimental Biology,Rockville,MD,39.047715,-77.1273868
Fenway Community Health Center,Boston,MA,42.34412,-71.09841,NA,NA,NA,NA,NA,Fenway Community Health Center,Boston,MA,42.34412,-71.09841
Feonix - Mobility Rising,Lincoln,NE,40.85914,-96.72561,NA,NA,NA,NA,NA,Feonix - Mobility Rising,Lincoln,NE,40.85914,-96.72561
NA,NA,NA,NA,NA,Fielding Graduate University,Santa Barbara,CA,34.4294143,-119.7172578,Fielding Graduate University,Santa Barbara,CA,34.4294143,-119.7172578
NA,NA,NA,NA,NA,Fisk University,Nashville,TN,36.1670376,-86.8032583,Fisk University,Nashville,TN,36.1670376,-86.8032583
NA,NA,NA,NA,NA,Florida Atlantic University,Boca Raton,FL,26.3683141,-80.101765,Florida Atlantic University,Boca Raton,FL,26.3683141,-80.101765
NA,NA,NA,NA,NA,Florida Gulf Coast University,Fort Myers,FL,26.4590966,-81.7736874,Florida Gulf Coast University,Fort Myers,FL,26.4590966,-81.7736874
Florida International University,Miami,FL,25.76105,-80.3762,Florida International University,Miami,FL,25.76105,-80.3762,Florida International University,Miami,FL,25.76105,-80.3762
Florida State University,Tallahassee,FL,30.44146,-84.29789,Florida State University,Tallahassee,FL,30.44146,-84.29789,Florida State University,Tallahassee,FL,30.44146,-84.29789
Fort Lewis College,Durango,CO,37.27498,-107.87204,NA,NA,NA,NA,NA,Fort Lewis College,Durango,CO,37.27498,-107.87204
NA,NA,NA,NA,NA,Fort Valley State University,Fort Valley,GA,32.5343243,-83.8993342,Fort Valley State University,Fort Valley,GA,32.5343243,-83.8993342
NA,NA,NA,NA,NA,Framingham State University,Framingham,MA,42.298308,-71.4370588,Framingham State University,Framingham,MA,42.298308,-71.4370588
NA,NA,NA,NA,NA,Franklin and Marshall College,Lancaster,PA,40.0489427,-76.3186806,Franklin and Marshall College,Lancaster,PA,40.0489427,-76.3186806
Fred Hutchinson Cancer Center,Seattle,WA,47.62648,-122.32961,NA,NA,NA,NA,NA,Fred Hutchinson Cancer Center,Seattle,WA,47.62648,-122.32961
"Friends Research Institute, Inc.",Baltimore,MD,39.30368,-76.61989,NA,NA,NA,NA,NA,"Friends Research Institute, Inc.",Baltimore,MD,39.30368,-76.61989
"Function Promoting Therapies, LLC",Boston,MA,42.33724,-71.10217,NA,NA,NA,NA,NA,"Function Promoting Therapies, LLC",Boston,MA,42.33724,-71.10217
NA,NA,NA,NA,NA,Future Earth,Fort Collins,CO,40.5246934,-105.0837301,Future Earth,Fort Collins,CO,40.5246934,-105.0837301
NA,NA,NA,NA,NA,"Gpra Strategic Management, Inc..",White Plains,MD,38.6165699,-77.030061,"GPRA Strategic Management, Inc.",White Plains,MD,38.6165699,-77.030061
NA,NA,NA,NA,NA,Galveston College,Galveston,TX,29.2841446,-94.8083286,Galveston College,Galveston,TX,29.2841446,-94.8083286
"Genendeavor, LLC",Hayward,CA,37.52099,-121.94829,NA,NA,NA,NA,NA,"Genendeavor, LLC",Hayward,CA,37.52099,-121.94829
Genetobe Inc.,Ann Arbor,MI,42.32232,-83.65208,NA,NA,NA,NA,NA,Genetobe Inc.,Ann Arbor,MI,42.32232,-83.65208
NA,NA,NA,NA,NA,George Mason University,Fairfax,VA,38.8338752,-77.3160194,George Mason University,Fairfax,VA,38.8338752,-77.3160194
George Washington University,Washington,DC,38.89808,-77.04393,George Washington University,Washington,DC,38.89808,-77.04393,George Washington University,Washington,DC,38.89808,-77.04393
Georgetown University,Washington,DC,38.90521,-77.07547,Georgetown University,Washington,DC,38.90521,-77.07547,Georgetown University,Washington,DC,38.90521,-77.07547
NA,NA,NA,NA,NA,Georgia Gwinnett College,Lawrenceville,GA,33.9802966,-84.0047709,Georgia Gwinnett College,Lawrenceville,GA,33.9802966,-84.0047709
Georgia Institute of Technology,Atlanta,GA,33.7819,-84.40401,Georgia Institute of Technology,Atlanta,GA,33.7819,-84.40401,Georgia Institute of Technology,Atlanta,GA,33.7819,-84.40401
Georgia Institute of Technology,Atlanta,GA,33.7819,-84.40401,NA,NA,NA,NA,NA,Georgia Institute of Technology,Atlanta,GA,33.7819,-84.40401
NA,NA,NA,NA,NA,Georgia Tech Applied Research Corporation,Atlanta,GA,33.7798507,-84.4001634,Georgia Institute of Technology,Atlanta,GA,33.7819,-84.40401
NA,NA,NA,NA,NA,Georgia Tech Research Corporation,Atlanta,GA,33.7798507,-84.4001634,Georgia Institute of Technology,Atlanta,GA,33.7819,-84.40401
NA,NA,NA,NA,NA,Georgia Piedmont Technical College,Clarkston,GA,33.790053,-84.2347949,Georgia Piedmont Technical College,Clarkston,GA,33.790053,-84.2347949
Georgia State University,Atlanta,GA,33.75353,-84.38448,"Georgia State University Research Foundation, Inc..",Atlanta,GA,33.7547395,-84.387099,Georgia State University,Atlanta,GA,33.75353,-84.38448
Gladstone Institutes,San Francisco,CA,37.76762,-122.39432,NA,NA,NA,NA,NA,Gladstone Institutes,San Francisco,CA,37.76762,-122.39432
NA,NA,NA,NA,NA,Global Fund for Women Inc.,San Francisco,CA,37.7939112,-122.4033221,Global Fund for Women Inc.,San Francisco,CA,37.7939112,-122.4033221
Gordon Research Conferences,East Greenwich,RI,41.48,-71.56965,Gordon Research Conferences,East Greenwich,RI,41.48,-71.56965,Gordon Research Conferences,East Greenwich,RI,41.48,-71.56965
NA,NA,NA,NA,NA,"Granted Advisors, LLC",New Orleans,LA,30.0157381,-90.0422965,"Granted Advisors, LLC",New Orleans,LA,30.0157381,-90.0422965
NA,NA,NA,NA,NA,Greater Washington Educational Telecommunications Association,Arlington,VA,38.8414883,-77.086215,Greater Washington Educational Telecommunications Association,Arlington,VA,38.8414883,-77.086215
Hackensack University Medical Center,Hackensack,NJ,40.88342,-74.05565,NA,NA,NA,NA,NA,Hackensack University Medical Center,Hackensack,NJ,40.88342,-74.05565
NA,NA,NA,NA,NA,Hamilton College,Clinton,NY,43.0499446,-75.4059969,Hamilton College,Clinton,NY,43.0499446,-75.4059969
NA,NA,NA,NA,NA,Harris-Stowe State University,Saint Louis,MO,38.6318531,-90.2239475,Harris-Stowe State University,Saint Louis,MO,38.6318531,-90.2239475
Hartford Hospital,Hartford,CT,41.75412,-72.67985,NA,NA,NA,NA,NA,Hartford Hospital,Hartford,CT,41.75412,-72.67985
"Harvard Pilgrim Health Care, Inc.",Canton,MA,42.31681,-71.2346,NA,NA,NA,NA,NA,"Harvard Pilgrim Health Care, Inc.",Canton,MA,42.31681,-71.2346
Harvard University,Cambridge,MA,42.3697,-71.11193,Harvard University,Cambridge,MA,42.3697,-71.11193,Harvard University,Cambridge,MA,42.3697,-71.11193
Harvard University,Boston,MA,42.33531,-71.10277,NA,NA,NA,NA,NA,Harvard University,Cambridge,MA,42.3697,-71.11193
Harvard University,Boston,MA,42.33567,-71.10424,NA,NA,NA,NA,NA,Harvard University,Cambridge,MA,42.3697,-71.11193
NA,NA,NA,NA,NA,Haverford College,Haverford,PA,40.007498,-75.305189,Haverford College,Haverford,PA,40.007498,-75.305189
NA,NA,NA,NA,NA,Hawaii Pacific University,Honolulu,HI,21.3065617,-157.8655946,Hawaii Pacific University,Honolulu,HI,21.3065617,-157.8655946
"Health Choice Network, Inc.",Miami,FL,25.78484,-80.34186,NA,NA,NA,NA,NA,"Health Choice Network, Inc.",Miami,FL,25.78484,-80.34186
Healthpartners Institute,Bloomington,MN,44.85364,-93.22558,Healthpartners Institute,Bloomington,MN,44.85364,-93.22558,Healthpartners Institute,Bloomington,MN,44.85364,-93.22558
Healthpartners Institute,Bloomington,MN,44.85364,-93.22558,Healthpartners Institute,Minneapolis,MN,44.8556156,-93.2278842,Healthpartners Institute,Bloomington,MN,44.85364,-93.22558
Healthy Tarrant County Collaboration,Fort Worth,TX,32.76545,-97.25287,NA,NA,NA,NA,NA,Healthy Tarrant County Collaboration,Fort Worth,TX,32.76545,-97.25287
Hebrew Rehabilitation Center for Aged,Boston,MA,42.29668,-71.13073,NA,NA,NA,NA,NA,Hebrew Rehabilitation Center for Aged,Boston,MA,42.29668,-71.13073
Herbert H. Lehman College,New York,NY,40.87086,-73.8866,NA,NA,NA,NA,NA,Herbert H. Lehman College,New York,NY,40.87086,-73.8866
NA,NA,NA,NA,NA,Heritage University,Toppenish,WA,46.3742327,-120.3943117,Heritage University,Toppenish,WA,46.3742327,-120.3943117
NA,NA,NA,NA,NA,Hinds Community College-Utica,Raymond,MS,32.2576095,-90.4184093,Hinds Community College-Utica,Raymond,MS,32.2576095,-90.4184093
NA,NA,NA,NA,NA,Hofstra University,Hempstead,NY,40.7168988,-73.5990378,Hofstra University,Hempstead,NY,40.7168988,-73.5990378
Hopa Mountain,Bozeman,MT,45.67802,-111.03301,NA,NA,NA,NA,NA,Hopa Mountain,Bozeman,MT,45.67802,-111.03301
NA,NA,NA,NA,NA,Horizon Research Inc.,Chapel Hill,NC,35.91163,-78.9773494,Horizon Research Inc.,Chapel Hill,NC,35.91163,-78.9773494
Hospital for Special Surgery,New York,NY,40.76532,-73.95395,NA,NA,NA,NA,NA,Hospital for Special Surgery,New York,NY,40.76532,-73.95395
NA,NA,NA,NA,NA,Housatonic Community College,Bridgeport,CT,41.1751236,-73.1906146,Housatonic Community College,Bridgeport,CT,41.1751236,-73.1906146
Housing Authority of the City of Los Angeles,Los Angeles,CA,34.06041,-118.28167,NA,NA,NA,NA,NA,Housing Authority of the City of Los Angeles,Los Angeles,CA,34.06041,-118.28167
NA,NA,NA,NA,NA,Houston Christian University,Houston,TX,29.6949384,-95.5153952,Houston Christian University,Houston,TX,29.6949384,-95.5153952
Howard University,Washington,DC,38.92314,-77.02158,Howard University,Washington,DC,38.92314,-77.02158,Howard University,Washington,DC,38.92314,-77.02158
NA,NA,NA,NA,NA,Hudson County Community College,Jersey City,NJ,40.7304905,-74.0637336,Hudson County Community College,Jersey City,NJ,40.7304905,-74.0637336
Hugo W. Moser Research Institute Kennedy Krieger,Baltimore,MD,39.2987,-76.59368,NA,NA,NA,NA,NA,Hugo W. Moser Research Institute Kennedy Krieger,Baltimore,MD,39.2987,-76.59368
Hunter College,New York,NY,40.76874,-73.96518,NA,NA,NA,NA,NA,Hunter College,New York,NY,40.76874,-73.96518
NA,NA,NA,NA,NA,"Iseechange, Inc..",New Orleans,LA,30.0033395,-90.0844408,"ISeeChange, Inc.",New Orleans,LA,30.0033395,-90.0844408
Ibis Reproductive Health,Cambridge,MA,42.37281,-71.1191,NA,NA,NA,NA,NA,Ibis Reproductive Health,Cambridge,MA,42.37281,-71.1191
Icahn School of Medicine at Mount Sinai,New York,NY,40.79028,-73.94678,NA,NA,NA,NA,NA,Icahn School of Medicine at Mount Sinai,New York,NY,40.79028,-73.94678
Illinois Institute of Technology,Chicago,IL,41.83106,-87.62905,Illinois Institute of Technology,Chicago,IL,41.83106,-87.62905,Illinois Institute of Technology,Chicago,IL,41.83106,-87.62905
NA,NA,NA,NA,NA,Ina Solutions Inc..,Fairfax,VA,38.8818709,-77.3712998,Ina Solutions Inc.,Fairfax,VA,38.8818709,-77.3712998
NA,NA,NA,NA,NA,"Inclusive Engineering Consortium, Inc..",Wilmette,IL,42.0888884,-87.7021069,"Inclusive Engineering Consortium, Inc.",Wilmette,IL,42.0888884,-87.7021069
Indiana University,Bloomington,IN,39.17206,-86.52316,Indiana University,Bloomington,IN,39.17206,-86.52316,Indiana University,Bloomington,IN,39.17206,-86.52316
Indiana University Indianapolis,Indianapolis,IN,39.77921,-86.17529,NA,NA,NA,NA,NA,Indiana University Indianapolis,Indianapolis,IN,39.77921,-86.17529
NA,NA,NA,NA,NA,Indigenous Education Institute,Friday Harbor,WA,48.482805,-123.0384894,Indigenous Education Institute,Friday Harbor,WA,48.482805,-123.0384894
"Innovation Research and Training, Inc.",Durham,NC,35.96456,-78.94053,NA,NA,NA,NA,NA,"Innovation Research and Training, Inc.",Durham,NC,35.96456,-78.94053
NA,NA,NA,NA,NA,Institute for Advanced Study,Princeton,NJ,40.3326232,-74.667855,Institute for Advanced Study,Princeton,NJ,40.3326232,-74.667855
NA,NA,NA,NA,NA,Institute for Learning Innovation,Portland,OR,45.5641455,-122.6958894,Institute for Learning Innovation,Portland,OR,45.5641455,-122.6958894
NA,NA,NA,NA,NA,Institute for Native Pacific Education and Culture,Kapolei,HI,21.3189119,-158.0711861,Institute for Native Pacific Education and Culture,Kapolei,HI,21.3189119,-158.0711861
Institute for Systems Biology,Seattle,WA,47.62254,-122.33753,NA,NA,NA,NA,NA,Institute for Systems Biology,Seattle,WA,47.62254,-122.33753
NA,NA,NA,NA,NA,Iowa State University,Ames,IA,42.0261746,-93.6484405,Iowa State University,Ames,IA,42.0261746,-93.6484405
"Iris Media, Inc.",Eugene,OR,44.04872,-123.08848,NA,NA,NA,NA,NA,"Iris Media, Inc.",Eugene,OR,44.04872,-123.08848
"Isa Associates, Inc.",Arlington,VA,38.80541,-77.03984,NA,NA,NA,NA,NA,"Isa Associates, Inc.",Arlington,VA,38.80541,-77.03984
NA,NA,NA,NA,NA,Ithaca College,Ithaca,NY,42.4166791,-76.4990958,Ithaca College,Ithaca,NY,42.4166791,-76.4990958
Jackson Laboratory,Bar Harbor,ME,44.36536,-68.1963,NA,NA,NA,NA,NA,Jackson Laboratory,Bar Harbor,ME,44.36536,-68.1963
NA,NA,NA,NA,NA,Jackson State University,Jackson,MS,32.2979167,-90.2059305,Jackson State University,Jackson,MS,32.2979167,-90.2059305
NA,NA,NA,NA,NA,James Madison University,Harrisonburg,VA,38.4407623,-78.8722969,James Madison University,Harrisonburg,VA,38.4407623,-78.8722969
NA,NA,NA,NA,NA,Jarvis Christian College,Hawkins,TX,32.6163443,-95.3131718,Jarvis Christian College,Hawkins,TX,32.6163443,-95.3131718
NA,NA,NA,NA,NA,John Carroll University,Cleveland,OH,41.4905602,-81.5297689,John Carroll University,Cleveland,OH,41.4905602,-81.5297689
Johns Hopkins University,Baltimore,MD,39.32526,-76.60513,Johns Hopkins University,Baltimore,MD,39.32526,-76.60513,Johns Hopkins University,Baltimore,MD,39.32526,-76.60513
NA,NA,NA,NA,NA,Johnson C. Smith University,Charlotte,NC,35.2429463,-80.8557684,Johnson C. Smith University,Charlotte,NC,35.2429463,-80.8557684
NA,NA,NA,NA,NA,Juniata College,Huntingdon,PA,40.5001396,-78.0158977,Juniata College,Huntingdon,PA,40.5001396,-78.0158977
Kaiser Foundation Research Institute,Oakland,CA,37.80577,-122.26521,NA,NA,NA,NA,NA,Kaiser Foundation Research Institute,Oakland,CA,37.80577,-122.26521
NA,NA,NA,NA,NA,Kansas State University,Manhattan,KS,39.1878084,-96.580716,Kansas State University,Manhattan,KS,39.1878084,-96.580716
Kean University,Union,NJ,40.67958,-74.23188,Kean University,Union,NJ,40.67958,-74.23188,Kean University,Union,NJ,40.67958,-74.23188
Keck Graduate Institute of Applied Life Sciences,Claremont,CA,34.09248,-117.72201,NA,NA,NA,NA,NA,Keck Graduate Institute of Applied Life Sciences,Claremont,CA,34.09248,-117.72201
Kennesaw State University,Kennesaw,GA,34.03432,-84.57428,NA,NA,NA,NA,NA,Kennesaw State University,Kennesaw,GA,34.03432,-84.57428
Kent State University,Kent,OH,41.15242,-81.33788,Kent State University,Kent,OH,41.15242,-81.33788,Kent State University,Kent,OH,41.15242,-81.33788
NA,NA,NA,NA,NA,Kentucky Community & Technical College System,Versailles,KY,38.0586356,-84.7278824,Kentucky Community & Technical College System,Versailles,KY,38.0586356,-84.7278824
NA,NA,NA,NA,NA,Kutztown University,Kutztown,PA,40.5086643,-75.7832069,Kutztown University,Kutztown,PA,40.5086643,-75.7832069
LSU Health Scienes Center,New Orleans,LA,29.95738,-90.08279,NA,NA,NA,NA,NA,LSU Health Scienes Center,New Orleans,LA,29.95738,-90.08279
LSU Pennington Biomedical Research Center,Baton Rouge,LA,30.40335,-91.12269,NA,NA,NA,NA,NA,LSU Pennington Biomedical Research Center,Baton Rouge,LA,30.40335,-91.12269
La Jolla Institute for Immunology,La Jolla,CA,32.83878,-117.25324,NA,NA,NA,NA,NA,La Jolla Institute for Immunology,La Jolla,CA,32.83878,-117.25324
Laureate Institute for Brain Research,Tulsa,OK,36.06624,-95.91946,NA,NA,NA,NA,NA,Laureate Institute for Brain Research,Tulsa,OK,36.06624,-95.91946
NA,NA,NA,NA,NA,Lawrence Technological University,Southfield,MI,42.4751256,-83.2507422,Lawrence Technological University,Southfield,MI,42.4751256,-83.2507422
NA,NA,NA,NA,NA,Lehigh Carbon Community College,Schnecksville,PA,40.6649438,-75.612807,Lehigh Carbon Community College,Schnecksville,PA,40.6649438,-75.612807
NA,NA,NA,NA,NA,Lehigh University,Bethlehem,PA,40.6071349,-75.3812638,Lehigh University,Bethlehem,PA,40.6071349,-75.3812638
NA,NA,NA,NA,NA,Lisa Fitzpatrick & Associates MD-PC,Washington,DC,38.9027198,-77.0182321,Lisa Fitzpatrick & Associates MD-PC,Washington,DC,38.9027198,-77.0182321
Loma Linda University,Loma Linda,CA,34.05174,-117.26178,NA,NA,NA,NA,NA,Loma Linda University,Loma Linda,CA,34.05174,-117.26178
NA,NA,NA,NA,NA,Long Island Children's Museum,Garden City,NY,40.7277911,-73.600441,Long Island Children's Museum,Garden City,NY,40.7277911,-73.600441
NA,NA,NA,NA,NA,Los Angeles County Museum of Natural History Foundation,Los Angeles,CA,34.0166822,-118.2898326,Los Angeles County Museum of Natural History Foundation,Los Angeles,CA,34.0166822,-118.2898326
Louisiana State University A&M College Baton Rouge,Baton Rouge,LA,30.40802,-91.18867,Louisiana State University,Baton Rouge,LA,30.413992,-91.1784448,Louisiana State University,Baton Rouge,LA,30.40802,-91.18867
NA,NA,NA,NA,NA,Louisiana Tech University,Ruston,LA,32.531509,-92.6293223,Louisiana Tech University,Ruston,LA,32.531509,-92.6293223
Loyola Marymount University,Los Angeles,CA,33.96968,-118.41614,NA,NA,NA,NA,NA,Loyola Marymount University,Los Angeles,CA,33.96968,-118.41614
NA,NA,NA,NA,NA,"Loyola University Maryland, Inc..",Baltimore,MD,39.3462233,-76.621339,"Loyola University Maryland, Inc.",Baltimore,MD,39.3462233,-76.621339
Loyola University Medical Center,Maywood,IL,41.86516,-87.83338,NA,NA,NA,NA,NA,Loyola University Medical Center,Maywood,IL,41.86516,-87.83338
Loyola University of Chicago,Chicago,IL,41.89738,-87.62424,Loyola University of Chicago,Chicago,IL,41.89738,-87.62424,Loyola University of Chicago,Chicago,IL,41.89738,-87.62424
MGH Institute of Health Professions,Charlestown,MA,42.37496,-71.05421,NA,NA,NA,NA,NA,MGH Institute of Health Professions,Charlestown,MA,42.37496,-71.05421
Magee-Women's Research Institute and Foundation,Pittsburgh,PA,40.43708,-79.96154,NA,NA,NA,NA,NA,Magee-Women's Research Institute and Foundation,Pittsburgh,PA,40.43708,-79.96154
Mainehealth,Portland,ME,43.65316,-70.27547,NA,NA,NA,NA,NA,Mainehealth,Portland,ME,43.65316,-70.27547
NA,NA,NA,NA,NA,Manhattanville College,Purchase,NY,41.0320144,-73.7158605,Manhattanville College,Purchase,NY,41.0320144,-73.7158605
NA,NA,NA,NA,NA,Maricopa County Community College District,Tempe,AZ,33.4129466,-111.9757687,Maricopa County Community College District,Tempe,AZ,33.4129466,-111.9757687
Marquette University,Milwaukee,WI,43.03873,-87.92331,NA,NA,NA,NA,NA,Marquette University,Milwaukee,WI,43.03873,-87.92331
NA,NA,NA,NA,NA,Marymount University,Arlington,VA,38.9053535,-77.1280225,Marymount University,Arlington,VA,38.9053535,-77.1280225
NA,NA,NA,NA,NA,Massachusetts Bay Community College,Wellesley Hills,MA,42.3144996,-71.2669229,Massachusetts Bay Community College,Wellesley Hills,MA,42.3144996,-71.2669229
Massachusetts General Hospital,Boston,MA,42.3632,-71.06877,NA,NA,NA,NA,NA,Massachusetts General Hospital,Boston,MA,42.3632,-71.06877
NA,NA,NA,NA,NA,Massachusetts Institute of Technology,Cambridge,MA,42.359143,-71.0935584,Massachusetts Institute of Technology,Cambridge,MA,42.359143,-71.0935584
NA,NA,NA,NA,NA,Mathematical Sciences Research Institute,Berkeley,CA,37.8798253,-122.2442537,Mathematical Sciences Research Institute,Berkeley,CA,37.8798253,-122.2442537
Mayo Clinic Arizona,Scottsdale,AZ,33.58911,-111.79394,NA,NA,NA,NA,NA,Mayo Clinic Arizona,Scottsdale,AZ,33.58911,-111.79394
Mayo Clinic Jacksonville,Jacksonville,FL,30.2647,-81.44479,NA,NA,NA,NA,NA,Mayo Clinic Jacksonville,Jacksonville,FL,30.2647,-81.44479
Mayo Clinic Rochester,Rochester,MN,44.02432,-92.46011,NA,NA,NA,NA,NA,Mayo Clinic Rochester,Rochester,MN,44.02432,-92.46011
McLean Hospital,Belmont,MA,42.39362,-71.19114,NA,NA,NA,NA,NA,McLean Hospital,Belmont,MA,42.39362,-71.19114
Medgar Evers College,New York,NY,40.66714,-73.95183,NA,NA,NA,NA,NA,Medgar Evers College,New York,NY,40.66714,-73.95183
Medical College of Wisconsin,Milwaukee,WI,43.04575,-88.02037,NA,NA,NA,NA,NA,Medical College of Wisconsin,Milwaukee,WI,43.04575,-88.02037
Medical University of South Carolina,Charleston,SC,32.78675,-79.94726,NA,NA,NA,NA,NA,Medical University of South Carolina,Charleston,SC,32.78675,-79.94726
Meharry Medical College,Nashville,TN,36.1669,-86.80615,NA,NA,NA,NA,NA,Meharry Medical College,Nashville,TN,36.1669,-86.80615
NA,NA,NA,NA,NA,Menlo College,Atherton,CA,37.4560992,-122.1921047,Menlo College,Atherton,CA,37.4560992,-122.1921047
NA,NA,NA,NA,NA,Mercyhurst University,Erie,PA,42.1032921,-80.0531161,Mercyhurst University,Erie,PA,42.1032921,-80.0531161
NA,NA,NA,NA,NA,Metropolitan State University of Denver,Denver,CO,39.7453167,-105.0076645,Metropolitan State University of Denver,Denver,CO,39.7453167,-105.0076645
NA,NA,NA,NA,NA,Miami University,Oxford,OH,39.509463,-84.7344848,Miami University,Oxford,OH,39.509463,-84.7344848
Michigan State University,East Lansing,MI,42.65398,-84.49203,Michigan State University,East Lansing,MI,42.65398,-84.49203,Michigan State University,East Lansing,MI,42.65398,-84.49203
NA,NA,NA,NA,NA,Middle Tennessee State University,Murfreesboro,TN,35.843477,-86.370967,Middle Tennessee State University,Murfreesboro,TN,35.843477,-86.370967
NA,NA,NA,NA,NA,Middlesex Community College,Bedford,MA,42.5249497,-71.2747997,Middlesex Community College,Bedford,MA,42.5249497,-71.2747997
"Migrant Clinicians Network, Inc.",Austin,TX,30.26688,-97.78802,NA,NA,NA,NA,NA,"Migrant Clinicians Network, Inc.",Austin,TX,30.26688,-97.78802
NA,NA,NA,NA,NA,Millersville University,Millersville,PA,39.9970309,-76.3542441,Millersville University,Millersville,PA,39.9970309,-76.3542441
NA,NA,NA,NA,NA,Mississippi State University,Mississippi State,MS,33.458442,-88.7946251,Mississippi State University,Mississippi State,MS,33.458442,-88.7946251
"Missouri Breaks Research, Inc.",Eagle Butte,SD,45.4277,-101.07448,NA,NA,NA,NA,NA,"Missouri Breaks Research, Inc.",Eagle Butte,SD,45.4277,-101.07448
NA,NA,NA,NA,NA,Missouri State University,Springfield,MO,37.2005546,-93.2806806,Missouri State University,Springfield,MO,37.2005546,-93.2806806
NA,NA,NA,NA,NA,Missouri University of Science and Technology,Rolla,MO,37.9530722,-91.7731273,Missouri University of Science and Technology,Rolla,MO,37.9530722,-91.7731273
Moffitt Cancer Center,Tampa,FL,28.06258,-82.4196,NA,NA,NA,NA,NA,Moffitt Cancer Center,Tampa,FL,28.06258,-82.4196
NA,NA,NA,NA,NA,Molloy University,Rockville Centre,NY,40.6862113,-73.6270362,Molloy University,Rockville Centre,NY,40.6862113,-73.6270362
Monell Chemical Senses Center,Philadelphia,PA,39.95574,-75.19306,NA,NA,NA,NA,NA,Monell Chemical Senses Center,Philadelphia,PA,39.95574,-75.19306
Montana State University - Bozeman,Bozeman,MT,45.66196,-111.05994,Montana State University - Bozeman,Bozeman,MT,45.66196,-111.05994,Montana State University - Bozeman,Bozeman,MT,45.66196,-111.05994
Montana State University - Bozeman,Bozeman,MT,45.66196,-111.05994,Montana State University,Bozeman,MT,45.6674929,-111.0492914,Montana State University - Bozeman,Bozeman,MT,45.66196,-111.05994
NA,NA,NA,NA,NA,Montclair State University,Montclair,NJ,40.8597586,-74.1997454,Montclair State University,Montclair,NJ,40.8597586,-74.1997454
Morehouse School of Medicine,Atlanta,GA,33.74661,-84.41478,Morehouse College,Atlanta,GA,33.7462136,-84.4140618,Morehouse College,Atlanta,GA,33.74661,-84.41478
NA,NA,NA,NA,NA,Morgan State University,Baltimore,MD,39.3459931,-76.5820535,Morgan State University,Baltimore,MD,39.3459931,-76.5820535
Mount Desert Island Biological Lab,Salsbury Cove,ME,44.43066,-68.28841,NA,NA,NA,NA,NA,Mount Desert Island Biological Lab,Salsbury Cove,ME,44.43066,-68.28841
NA,NA,NA,NA,NA,Mozilla Foundation,San Francisco,CA,37.786964,-122.3995598,Mozilla Foundation,San Francisco,CA,37.786964,-122.3995598
"My Brother's Keeper, Inc.",Ridgeland,MS,32.41974,-90.12573,NA,NA,NA,NA,NA,"My Brother's Keeper, Inc.",Ridgeland,MS,32.41974,-90.12573
NA,NA,NA,NA,NA,Myvillage Project Inc.,Jacksonville,FL,30.3271736,-81.6567589,MyVillage Project Inc.,Jacksonville,FL,30.3271736,-81.6567589
"NDRI-USA, Inc.",New York,NY,40.74287,-73.99233,NA,NA,NA,NA,NA,"NDRI-USA, Inc.",New York,NY,40.74287,-73.99233
NA,NA,NA,NA,NA,National Academy of Sciences,Washington,DC,38.8930474,-77.047937,National Academy of Sciences,Washington,DC,38.8930474,-77.047937
NA,NA,NA,NA,NA,National Bureau of Economic Research Inc.,Cambridge,MA,42.3697867,-71.1129615,National Bureau of Economic Research Inc.,Cambridge,MA,42.3697867,-71.1129615
National Medical Association,Silver Spring,MD,38.99487,-77.03025,NA,NA,NA,NA,NA,National Medical Association,Silver Spring,MD,38.99487,-77.03025
National Opinion Research Center,Chicago,IL,41.78587,-87.59754,National Opinion Research Center,Chicago,IL,41.78587,-87.59754,National Opinion Research Center,Chicago,IL,41.78587,-87.59754
NA,NA,NA,NA,NA,National Postdoctoral Association,North Potomac,MD,39.0755974,-77.2692054,National Postdoctoral Association,North Potomac,MD,39.0755974,-77.2692054
Neurovations,Napa,CA,38.32538,-122.29199,NA,NA,NA,NA,NA,Neurovations,Napa,CA,38.32538,-122.29199
NA,NA,NA,NA,NA,Nevada State University,Henderson,NV,35.9830041,-114.9387086,Nevada State University,Henderson,NV,35.9830041,-114.9387086
New Jersey Institute of Technology,Newark,NJ,40.74292,-74.17624,New Jersey Institute of Technology,Newark,NJ,40.74292,-74.17624,New Jersey Institute of Technology,Newark,NJ,40.74292,-74.17624
New Mexico State University Las Cruces,Las Cruces,NM,32.27904,-106.7557,New Mexico State University Las Cruces,Las Cruces,NM,32.27904,-106.7557,New Mexico State University Las Cruces,Las Cruces,NM,32.27904,-106.7557
New Mexico State University Las Cruces,Las Cruces,NM,32.27904,-106.7557,New Mexico State University,Las Cruces,NM,32.2788512,-106.7539514,New Mexico State University Las Cruces,Las Cruces,NM,32.27904,-106.7557
New York Hall of Science,Corona,NY,40.75257,-73.85476,New York Hall of Science,Corona,NY,40.75257,-73.85476,New York Hall of Science,Corona,NY,40.75257,-73.85476
New York Medical College,Valhalla,NY,41.08553,-73.81025,NA,NA,NA,NA,NA,New York Medical College,Valhalla,NY,41.08553,-73.81025
New York University,New York,NY,40.66989,-73.97435,New York University,New York,NY,40.72966,-73.99702,New York University,New York,NY,40.72966,-73.99702
New York University,New York,NY,40.72966,-73.99702,New York University,New York,NY,40.72966,-73.99702,New York University,New York,NY,40.72966,-73.99702
New York University,Mineola,NY,40.7415,-73.64036,NA,NA,NA,NA,NA,New York University,New York,NY,40.72966,-73.99702
North Carolina A&T State University,Greensboro,NC,36.07418,-79.77596,North Carolina A&T State University,Greensboro,NC,36.07418,-79.77596,North Carolina A&T State University,Greensboro,NC,36.07418,-79.77596
North Carolina A&T State University,Greensboro,NC,36.07418,-79.77596,North Carolina Agricultural & Technical State University,Greensboro,NC,36.0719612,-79.7759192,North Carolina A&T State University,Greensboro,NC,36.07418,-79.77596
North Carolina State University Raleigh,Raleigh,NC,35.78468,-78.67723,North Carolina State University Raleigh,Raleigh,NC,35.78468,-78.67723,North Carolina State University Raleigh,Raleigh,NC,35.78468,-78.67723
North Carolina State University Raleigh,Raleigh,NC,35.78468,-78.67723,North Carolina State University,Raleigh,NC,35.7865273,-78.6815923,North Carolina State University Raleigh,Raleigh,NC,35.78468,-78.67723
NA,NA,NA,NA,NA,North Dakota State University Fargo,Fargo,ND,46.8929507,-96.8010306,North Dakota State University Fargo,Fargo,ND,46.8929507,-96.8010306
Northeastern University,Boston,MA,42.34005,-71.08889,Northeastern University,Boston,MA,42.34005,-71.08889,Northeastern University,Boston,MA,42.34005,-71.08889
NA,NA,NA,NA,NA,Northern Arizona University,Flagstaff,AZ,35.1931106,-111.6563374,Northern Arizona University,Flagstaff,AZ,35.1931106,-111.6563374
NA,NA,NA,NA,NA,Northern Illinois University,Dekalb,IL,41.9339755,-88.7798537,Northern Illinois University,Dekalb,IL,41.9339755,-88.7798537
NA,NA,NA,NA,NA,Northern Kentucky University,Newport,KY,39.0335095,-84.4590535,Northern Kentucky University,Newport,KY,39.0335095,-84.4590535
NA,NA,NA,NA,NA,Northern Virginia Community College,Annandale,VA,38.83321,-77.2365463,Northern Virginia Community College,Annandale,VA,38.83321,-77.2365463
NA,NA,NA,NA,NA,Northwest Indian College,Bellingham,WA,48.7925768,-122.6157619,Northwest Indian College,Bellingham,WA,48.7925768,-122.6157619
Northwestern University,Chicago,IL,42.05048,-87.68005,NA,NA,NA,NA,NA,Northwestern University,Evanston,IL,42.05048,-87.68005
NA,NA,NA,NA,NA,Northwestern University,Evanston,IL,42.0506265,-87.6797271,Northwestern University,Evanston,IL,42.05048,-87.68005
NA,NA,NA,NA,NA,Oakland University,Rochester,MI,42.6725081,-83.2157637,Oakland University,Rochester,MI,42.6725081,-83.2157637
NA,NA,NA,NA,NA,Oberlin College,Oberlin,OH,41.2935888,-82.2236341,Oberlin College,Oberlin,OH,41.2935888,-82.2236341
NA,NA,NA,NA,NA,Occidental College,Los Angeles,CA,34.12736,-118.2104777,Occidental College,Los Angeles,CA,34.12736,-118.2104777
"Ochin, Inc.",Portland,OR,45.50926,-122.67766,NA,NA,NA,NA,NA,"Ochin, Inc.",Portland,OR,45.50926,-122.67766
Ohio State University,Columbus,OH,39.9996,-83.03313,Ohio State University,Columbus,OH,39.9996,-83.03313,Ohio State University,Columbus,OH,39.9996,-83.03313
Oklahoma Medical Research Foundation,Oklahoma City,OK,35.48299,-97.49781,NA,NA,NA,NA,NA,Oklahoma Medical Research Foundation,Oklahoma City,OK,35.48299,-97.49781
Oklahoma State University Stillwater,Stillwater,OK,36.11563,-97.05804,Oklahoma State University,Stillwater,OK,36.1219649,-97.0706828,Oklahoma State University Stillwater,Stillwater,OK,36.11563,-97.05804
Old Dominion University,Norfolk,VA,36.88899,-76.30348,Old Dominion University Research Foundation,Norfolk,VA,36.8822296,-76.3003659,Old Dominion University,Norfolk,VA,36.88899,-76.30348
Olipha Inc,Wilmington,DE,39.74854,-75.54767,NA,NA,NA,NA,NA,Olipha Inc,Wilmington,DE,39.74854,-75.54767
Oregon Health & Science University,Portland,OR,45.49882,-122.68565,NA,NA,NA,NA,NA,Oregon Health & Science University,Portland,OR,45.49882,-122.68565
NA,NA,NA,NA,NA,Oregon Museum of Science and Industry,Portland,OR,45.5103987,-122.667173,Oregon Museum of Science and Industry,Portland,OR,45.5103987,-122.667173
NA,NA,NA,NA,NA,Oregon State University,Corvallis,OR,44.563919,-123.2746418,Oregon State University,Corvallis,OR,44.563919,-123.2746418
NA,NA,NA,NA,NA,PBS Foundation,Arlington,VA,38.8620837,-77.0509825,PBS Foundation,Arlington,VA,38.8620837,-77.0509825
Pacific Institute for Research and Evaluation,Beltsville,MD,39.05068,-76.93727,NA,NA,NA,NA,NA,Pacific Institute for Research and Evaluation,Beltsville,MD,39.05068,-76.93727
NA,NA,NA,NA,NA,Pacific Resources for Education and Learning,Honolulu,HI,21.3083987,-157.8627769,Pacific Resources for Education and Learning,Honolulu,HI,21.3083987,-157.8627769
Pennsylvania State University,University Park,PA,40.87072,-77.83415,"Pennsylvania State University, University Park",University Park,PA,40.7964667,-77.862830400000007,Pennsylvania State University - University Park,University Park,PA,40.87072,-77.83415
Pennsylvania State University Hershey Medical Center,Hershey,PA,40.26441,-76.67401,NA,NA,NA,NA,NA,Pennsylvania State University Hershey Medical Center,Hershey,PA,40.26441,-76.67401
NA,NA,NA,NA,NA,Pepperdine University,Malibu,CA,34.0391179,-118.705653,Pepperdine University,Malibu,CA,34.0391179,-118.705653
NA,NA,NA,NA,NA,Pharmacoustics Technologies LLC,Potsdam,NY,44.6842312,-74.9797298,Pharmacoustics Technologies LLC,Potsdam,NY,44.6842312,-74.9797298
Portland State University,Portland,OR,45.51201,-122.67948,Portland State University,Portland,OR,45.51201,-122.67948,Portland State University,Portland,OR,45.51201,-122.67948
"Powertech Water, Inc.",Lexington,KY,38.03558,-84.50572,NA,NA,NA,NA,NA,"Powertech Water, Inc.",Lexington,KY,38.03558,-84.50572
Prairie View A&M University,Prairie View,TX,30.08133,-95.99286,Prairie View A&M University,Prairie View,TX,30.08133,-95.99286,Prairie View A&M University,Prairie View,TX,30.08133,-95.99286
NA,NA,NA,NA,NA,Pratt Institute,Brooklyn,NY,40.6915763,-73.9639134,Pratt Institute,Brooklyn,NY,40.6915763,-73.9639134
Princeton University,Princeton,NJ,40.34544,-74.65587,Princeton University,Princeton,NJ,40.34544,-74.65587,Princeton University,Princeton,NJ,40.34544,-74.65587
Priogen Corp,Saint Paul,MN,44.97119,-93.2042,NA,NA,NA,NA,NA,Priogen Corp,Saint Paul,MN,44.97119,-93.2042
"Pro-Change Behavior Systems, Inc.",Narragansett,RI,41.45103,-71.49752,NA,NA,NA,NA,NA,"Pro-Change Behavior Systems, Inc.",Narragansett,RI,41.45103,-71.49752
Public Health Foundation Enterprises,City Of Industry,CA,34.02948,-118.02327,NA,NA,NA,NA,NA,Public Health Foundation Enterprises,City Of Industry,CA,34.02948,-118.02327
NA,NA,NA,NA,NA,Public Policy Lab,Brooklyn,NY,40.7040785,-73.9870285,Public Policy Lab,Brooklyn,NY,40.7040785,-73.9870285
Purdue University,West Lafayette,IN,40.41872,-86.91036,Purdue University,West Lafayette,IN,40.41872,-86.91036,Purdue University,West Lafayette,IN,40.41872,-86.91036
Queen's Medical Center,Honolulu,HI,21.3078,-157.85395,NA,NA,NA,NA,NA,Queen's Medical Center,Honolulu,HI,21.3078,-157.85395
Rand Corporation,Santa Monica,CA,34.00966,-118.49094,Rand Corporation,Santa Monica,CA,34.00966,-118.49094,Rand Corporation,Santa Monica,CA,34.00966,-118.49094
NA,NA,NA,NA,NA,Regents of the University of Idaho,Moscow,ID,46.7273777,-117.0234769,Regents of the University of Idaho,Moscow,ID,46.7273777,-117.0234769
NA,NA,NA,NA,NA,Regis College,Weston,MA,42.3502881,-71.3089502,Regis College,Weston,MA,42.3502881,-71.3089502
Rensselaer Polytechnic Institute,Troy,NY,42.73286,-73.68349,Rensselaer Polytechnic Institute,Troy,NY,42.73286,-73.68349,Rensselaer Polytechnic Institute,Troy,NY,42.73286,-73.68349
NA,NA,NA,NA,NA,Research Foundation of the City University of New York,New York,NY,40.7557231,-73.9888607,Research Foundation of the City University of New York,New York,NY,40.7557231,-73.9888607
Research Institute Nationwide Children's Hosp,Columbus,OH,39.95251,-82.9793,NA,NA,NA,NA,NA,Research Institute Nationwide Children's Hosp,Columbus,OH,39.95251,-82.9793
Research Triangle Institute,Research Triangle Park,NC,35.9138,-78.84891,NA,NA,NA,NA,NA,Research Triangle Institute,Research Triangle Park,NC,35.9138,-78.84891
"Resilient Games Studio, LLC",Chicago,IL,41.79896,-87.59808,NA,NA,NA,NA,NA,"Resilient Games Studio, LLC",Chicago,IL,41.79896,-87.59808
NA,NA,NA,NA,NA,Reuben H. Fleet Science Center,San Diego,CA,32.7308603,-117.1469718,Reuben H. Fleet Science Center,San Diego,CA,32.7308603,-117.1469718
Rhode Island Hospital,Providence,RI,41.81168,-71.40937,NA,NA,NA,NA,NA,Rhode Island Hospital,Providence,RI,41.81168,-71.40937
Rice University,Houston,TX,29.71724,-95.40276,NA,NA,NA,NA,NA,Rice University,Houston,TX,29.71724,-95.40276
NA,NA,NA,NA,NA,Rio Hondo College,City Of Industry,CA,34.019466,-118.033803,Rio Hondo College,City Of Industry,CA,34.019466,-118.033803
NA,NA,NA,NA,NA,Ripple Effect Water Literacy Project,New Orleans,LA,29.9197482,-90.0836382,Ripple Effect Water Literacy Project,New Orleans,LA,29.9197482,-90.0836382
NA,NA,NA,NA,NA,Riverside Community College District/Riverside City College,Riverside,CA,33.9711925,-117.3811035,Riverside Community College District/Riverside City College,Riverside,CA,33.9711925,-117.3811035
Rochester Institute of Technology,Rochester,NY,43.09217,-77.67477,Rochester Institute of Technology,Rochester,NY,43.09217,-77.67477,Rochester Institute of Technology,Rochester,NY,43.09217,-77.67477
Rochester Institute of Technology,Rochester,NY,43.09217,-77.67477,Rochester Institute of Tech,Rochester,NY,43.0860063,-77.6745364,Rochester Institute of Technology,Rochester,NY,43.09217,-77.67477
Rosalind Franklin University of Medicine & Science,North Chicago,IL,42.30229,-87.86138,NA,NA,NA,NA,NA,Rosalind Franklin University of Medicine & Science,North Chicago,IL,42.30229,-87.86138
Roswell Park Cancer Institute Corp,Buffalo,NY,42.87338,-78.86924,NA,NA,NA,NA,NA,Roswell Park Cancer Institute Corp.,Buffalo,NY,42.87338,-78.86924
Rowan University,Glassboro,NJ,39.70772,-75.1169,Rowan University,Glassboro,NJ,39.70772,-75.1169,Rowan University,Glassboro,NJ,39.70772,-75.1169
Rush University Medical Center,Chicago,IL,41.87506,-87.66833,NA,NA,NA,NA,NA,Rush University Medical Center,Chicago,IL,41.87506,-87.66833
Rutgers Biomedical and Health Sciences,Newark,NJ,40.52098,-74.47325,NA,NA,NA,NA,NA,Rutgers Biomedical and Health Sciences,Newark,NJ,40.52098,-74.47325
Rutgers University,Piscataway,NJ,40.48191,-74.45707,NA,NA,NA,NA,NA,Rutgers University,Piscataway,NJ,40.48191,-74.45707
"Rutgers, Camden",Camden,NJ,39.94748,-75.12305,NA,NA,NA,NA,NA,Rutgers University Camden,Camden,NJ,39.94748,-75.12305
NA,NA,NA,NA,NA,Rutgers University New Brunswick,New Brunswick,NJ,40.4777023,-74.4254953,Rutgers University New Brunswick,New Brunswick,NJ,40.4777023,-74.4254953
"Rutgers, Newark",Newark,NJ,40.74054,-74.17268,Rutgers University Newark,Newark,NJ,40.7406438,-74.173126,Rutgers University Newark,Newark,NJ,40.74054,-74.17268
"Rutgers, Newark",Newark,NJ,40.74054,-74.17268,Rutgers University Newark,Newark,NJ,40.7433041,-74.1916555,Rutgers University Newark,Newark,NJ,40.74054,-74.17268
NA,NA,NA,NA,NA,SRI International,Menlo Park,CA,37.4565915,-122.1753145,SRI International,Menlo Park,CA,37.4565915,-122.1753145
State University of New York at Albany,Albany,NY,42.69171,-73.82559,NA,NA,NA,NA,NA,SUNY Albany,Albany,NY,42.69171,-73.82559
NA,NA,NA,NA,NA,SUNY at Albany,Albany,NY,42.6894214,-73.8234809,SUNY Albany,Albany,NY,42.69171,-73.82559
"State University of New York, Binghamton",Binghamton,NY,42.09521,-75.96456,NA,NA,NA,NA,NA,SUNY Binghamton,Binghamton,NY,42.09521,-75.96456
State University of New York at Buffalo,Amherst,NY,43.00307,-78.78592,NA,NA,NA,NA,NA,SUNY Buffalo,Amherst,NY,43.00307,-78.78592
NA,NA,NA,NA,NA,SUNY at Buffalo,Amherst,NY,43.0027395,-78.7858032,SUNY Buffalo,Amherst,NY,43.00307,-78.78592
NA,NA,NA,NA,NA,SUNY College at Geneseo,Geneseo,NY,42.7966913,-77.8219651,SUNY College Geneseo,Geneseo,NY,42.7966913,-77.8219651
NA,NA,NA,NA,NA,SUNY College at Oneonta,Oneonta,NY,42.4689737,-75.0625748,SUNY College Oneonta,Oneonta,NY,42.4689737,-75.0625748
NA,NA,NA,NA,NA,SUNY College of Environmental Science and Forestry,Syracuse,NY,43.0347192,-76.1363527,SUNY College of Environmental Science and Forestry,Syracuse,NY,43.0347192,-76.1363527
SUNY Downstate Medical Center,Brooklyn,NY,40.65537,-73.94508,NA,NA,NA,NA,NA,SUNY Downstate Medical Center,Brooklyn,NY,40.65537,-73.94508
NA,NA,NA,NA,NA,SUNY Empire State College,Saratoga Springs,NY,43.0773177,-73.7824618,SUNY Empire State College,Saratoga Springs,NY,43.0773177,-73.7824618
NA,NA,NA,NA,NA,SUNY Onondaga Community College,Syracuse,NY,43.0043462,-76.1981195,SUNY Onondaga Community College,Syracuse,NY,43.0043462,-76.1981195
State University New York Stony Brook,Stony Brook,NY,40.91456,-73.12517,NA,NA,NA,NA,NA,SUNY Stony Brook,Stony Brook,NY,40.91456,-73.12517
NA,NA,NA,NA,NA,SUNY at Stony Brook,Stony Brook,NY,40.9452615,-73.1162661,SUNY Stony Brook,Stony Brook,NY,40.91456,-73.12517
SUNY Upstate Medical University,Syracuse,NY,43.0426,-76.14055,NA,NA,NA,NA,NA,SUNY Upstate Medical University,Syracuse,NY,43.0426,-76.14055
NA,NA,NA,NA,NA,"SageFox Consulting Group, LLC",Amherst,MA,42.376182,-72.5181648,"SageFox Consulting Group, LLC",Amherst,MA,42.376182,-72.5181648
NA,NA,NA,NA,NA,Salem State University,Salem,MA,42.5055,-70.890697,Salem State University,Salem,MA,42.5055,-70.890697
NA,NA,NA,NA,NA,Salisbury University,Salisbury,MD,38.3461722,-75.6055519,Salisbury University,Salisbury,MD,38.3461722,-75.6055519
NA,NA,NA,NA,NA,San Antonio College,San Antonio,TX,29.444914700000002,-98.4741247,San Antonio College,San Antonio,TX,29.444914700000002,-98.4741247
San Diego State University,San Diego,CA,32.76218,-117.06916,San Diego State University,San Diego,CA,32.76218,-117.06916,San Diego State University,San Diego,CA,32.76218,-117.06916
San Diego State University,San Diego,CA,32.76218,-117.06916,San Diego State University Foundation,San Diego,CA,32.7722404,-117.0723063,San Diego State University,San Diego,CA,32.76218,-117.06916
San Francisco State University,San Francisco,CA,37.72091,-122.47607000000001,San Francisco State University,San Francisco,CA,37.72091,-122.47607000000001,San Francisco State University,San Francisco,CA,37.72091,-122.47607000000001
NA,NA,NA,NA,NA,San Jacinto College District,Pasadena,TX,29.6483892,-95.1721637,San Jacinto College District,Pasadena,TX,29.6483892,-95.1721637
San Jose State University,San Jose,CA,37.34094,-121.88941,San Jose State University,San Jose,CA,37.34094,-121.88941,San Jose State University,San Jose,CA,37.34094,-121.88941
San Jose State University,San Jose,CA,37.34094,-121.88941,San Jose State University Foundation,San Jose,CA,37.3360786,-121.8804535,San Jose State University,San Jose,CA,37.34094,-121.88941
Sanford Burnham Prebys,La Jolla,CA,32.9036,-117.24298,NA,NA,NA,NA,NA,Sanford Burnham Prebys,La Jolla,CA,32.9036,-117.24298
NA,NA,NA,NA,NA,Santa Clara University,Santa Clara,CA,37.3489255,-121.9367804,Santa Clara University,Santa Clara,CA,37.3489255,-121.9367804
NA,NA,NA,NA,NA,Santa Fe Institute,Santa Fe,NM,35.7002576,-105.9084892,Santa Fe Institute,Santa Fe,NM,35.7002576,-105.9084892
NA,NA,NA,NA,NA,Santa Monica College,Santa Monica,CA,34.0151045,-118.4720606,Santa Monica College,Santa Monica,CA,34.0151045,-118.4720606
NA,NA,NA,NA,NA,Science Museum of Minnesota,Saint Paul,MN,44.9432516,-93.0977952,Science Museum of Minnesota,Saint Paul,MN,44.9432516,-93.0977952
Scripps Health,San Diego,CA,32.88774,-117.2238,NA,NA,NA,NA,NA,Scripps Health,San Diego,CA,32.88774,-117.2238
Scripps Research Institute,La Jolla,CA,32.90306,-117.24359,NA,NA,NA,NA,NA,Scripps Research Institute,La Jolla,CA,32.90306,-117.24359
NA,NA,NA,NA,NA,Seattle Community College District Office,Seattle,WA,47.614384,-122.3218026,Seattle Community College District Office,Seattle,WA,47.614384,-122.3218026
NA,NA,NA,NA,NA,Seattle Pacific University,Seattle,WA,47.6501206,-122.3608671,Seattle Pacific University,Seattle,WA,47.6501206,-122.3608671
NA,NA,NA,NA,NA,Shakopee Mdewakanton Sioux Community,Prior Lake,MN,44.7362436,-93.4729364,Shakopee Mdewakanton Sioux Community,Prior Lake,MN,44.7362436,-93.4729364
NA,NA,NA,NA,NA,Shaw University,Raleigh,NC,35.7703251,-78.637746,Shaw University,Raleigh,NC,35.7703251,-78.637746
NA,NA,NA,NA,NA,Sierra Streams Institute,Nevada City,CA,39.2485468,-121.016734,Sierra Streams Institute,Nevada City,CA,39.2485468,-121.016734
Silverbills Inc.,New Rochelle,NY,40.94685,-73.77205,NA,NA,NA,NA,NA,Silverbills Inc.,New Rochelle,NY,40.94685,-73.77205
Sloan-Kettering Institute Cancer Research,New York,NY,40.76405,-73.95602,NA,NA,NA,NA,NA,Sloan-Kettering Institute Cancer Research,New York,NY,40.76405,-73.95602
NA,NA,NA,NA,NA,Smart Girls HQ LLC,Charlotte,NC,35.2291916,-80.8349244,Smart Girls HQ LLC,Charlotte,NC,35.2291916,-80.8349244
Smith-Kettlewell Eye Research Institute,San Francisco,CA,37.79118,-122.43391,NA,NA,NA,NA,NA,Smith-Kettlewell Eye Research Institute,San Francisco,CA,37.79118,-122.43391
NA,NA,NA,NA,NA,Society for Personality and Social Psychology,Annandale,VA,38.8492938,-77.1961167,Society for Personality and Social Psychology,Annandale,VA,38.8492938,-77.1961167
Society of Behavioral Medicine,Milwaukee,WI,43.04122,-87.90483,NA,NA,NA,NA,NA,Society of Behavioral Medicine,Milwaukee,WI,43.04122,-87.90483
Society of Toxicology,Reston,VA,38.94847,-77.33236,NA,NA,NA,NA,NA,Society of Toxicology,Reston,VA,38.94847,-77.33236
NA,NA,NA,NA,NA,Society of Women Engineers,Chicago,IL,41.884918,-87.6231243,Society of Women Engineers,Chicago,IL,41.884918,-87.6231243
NA,NA,NA,NA,NA,South Dakota School of Mines and Technology,Rapid City,SD,44.0753714,-103.2083287,South Dakota School of Mines and Technology,Rapid City,SD,44.0753714,-103.2083287
Southcentral Foundation,Anchorage,AK,61.18215,-149.79596,NA,NA,NA,NA,NA,Southcentral Foundation,Anchorage,AK,61.18215,-149.79596
Southeast Arizona Area Health Education Center,Nogales,AZ,31.3407,-110.96079,NA,NA,NA,NA,NA,Southeast Arizona Area Health Education Center,Nogales,AZ,31.3407,-110.96079
NA,NA,NA,NA,NA,Southern California Tribal Chairmens Association,Pala,CA,33.3623905,-117.09352,Southern California Tribal Chairmens Association,Pala,CA,33.3623905,-117.09352
NA,NA,NA,NA,NA,Southern Connecticut State University,New Haven,CT,41.3322928,-72.9445802,Southern Connecticut State University,New Haven,CT,41.3322928,-72.9445802
NA,NA,NA,NA,NA,Southern Methodist University,Dallas,TX,32.8449511,-96.7859334,Southern Methodist University,Dallas,TX,32.8449511,-96.7859334
NA,NA,NA,NA,NA,Southern Utah University,Cedar City,UT,37.6743995,-113.0687309,Southern Utah University,Cedar City,UT,37.6743995,-113.0687309
NA,NA,NA,NA,NA,Southwestern College,Chula Vista,CA,32.643483,-116.9980931,Southwestern College,Chula Vista,CA,32.643483,-116.9980931
Spaulding Rehabilitation Hospital,Charlestown,MA,42.37856,-71.04922,NA,NA,NA,NA,NA,Spaulding Rehabilitation Hospital,Charlestown,MA,42.37856,-71.04922
Spelman College,Atlanta,GA,33.74525,-84.41146,Spelman College,Atlanta,GA,33.74525,-84.41146,Spelman College,Atlanta,GA,33.74525,-84.41146
St. Catherine University,St. Paul,MN,44.92488,-93.18313,St. Catherine University,St. Paul,MN,44.92488,-93.18313,St. Catherine University,St. Paul,MN,44.92488,-93.18313
St. Jude Children's Research Hospital,Memphis,TN,35.15435,-90.04362,St. Jude Children's Research Hospital,Memphis,TN,35.15435,-90.04362,St. Jude Children's Research Hospital,Memphis,TN,35.15435,-90.04362
St. Jude Children's Research Hospital,Memphis,TN,35.15561,-90.04528,St. Jude Children's Research Hospital,Memphis,TN,35.15435,-90.04362,St. Jude Children's Research Hospital,Memphis,TN,35.15435,-90.04362
St. Jude Children's Research Hospital,Memphis,TN,35.15435,-90.04362,St Jude Children's Research Hospital,Memphis,TN,35.1545514,-90.0428758,St. Jude Children's Research Hospital,Memphis,TN,35.15435,-90.04362
St. Jude Children's Research Hospital,Memphis,TN,35.15561,-90.04528,St Jude Children's Research Hospital,Memphis,TN,35.1545514,-90.0428758,St. Jude Children's Research Hospital,Memphis,TN,35.15435,-90.04362
St. Mary's University,San Antonio,TX,29.45193,-98.5606,St Mary's University San Antonio,San Antonio,TX,29.4524263,-98.5646855,St. Mary's University San Antonio,San Antonio,TX,29.45193,-98.5606
NA,NA,NA,NA,NA,St. Petersburg College,Clearwater,FL,27.8994231,-82.7120043,St. Petersburg College,Clearwater,FL,27.8994231,-82.7120043
Stanford University,Stanford,CA,37.42685,-122.17047,Stanford University,Stanford,CA,37.42685,-122.17047,Stanford University,Stanford,CA,37.42685,-122.17047
NA,NA,NA,NA,NA,"Start International, Inc..",Fort Collins,CO,40.5810866,-105.0941644,"Start International, Inc.",Fort Collins,CO,40.5810866,-105.0941644
NA,NA,NA,NA,NA,Stevens Institute of Technology,Hoboken,NJ,40.7349573,-74.0273925,Stevens Institute of Technology,Hoboken,NJ,40.7349573,-74.0273925
"Subtle Medical, Inc.",Menlo Park,CA,37.450920000000004,-122.18522,NA,NA,NA,NA,NA,"Subtle Medical, Inc.",Menlo Park,CA,37.450920000000004,-122.18522
NA,NA,NA,NA,NA,Terc Inc.,Cambridge,MA,42.3916166,-71.122994,TERC Inc.,Cambridge,MA,42.3916166,-71.122994
NA,NA,NA,NA,NA,Teachers Development Group,Portland,OR,45.5046485,-122.6554398,Teachers Development Group,Portland,OR,45.5046485,-122.6554398
Tech Museum of Innovation,San Jose,CA,37.33148,-121.89018,NA,NA,NA,NA,NA,Tech Museum of Innovation,San Jose,CA,37.33148,-121.89018
Temple University of the Commonwealth,Philadelphia,PA,39.98027,-75.15705,Temple University,Philadelphia,PA,39.9802697,-75.1572667,Temple University,Philadelphia,PA,39.98027,-75.15705
NA,NA,NA,NA,NA,Texas A&M International University,Laredo,TX,27.5726865,-99.435323,Texas A&M International University,Laredo,TX,27.5726865,-99.435323
Texas A&M University,College Station,TX,30.55165,-96.24288,Texas A&M University,College Station,TX,30.60588,-96.36877,Texas A&M University,College Station,TX,30.60588,-96.36877
Texas A&M University,College Station,TX,30.60588,-96.36877,Texas A&M University,College Station,TX,30.60588,-96.36877,Texas A&M University,College Station,TX,30.60588,-96.36877
Texas A&M University,College Station,TX,30.55165,-96.24288,Texas A&M Engineering Experiment Station,College Station,TX,30.6096445,-96.3395921,Texas A&M University,College Station,TX,30.60588,-96.36877
Texas A&M University,College Station,TX,30.60588,-96.36877,Texas A&M Engineering Experiment Station,College Station,TX,30.6096445,-96.3395921,Texas A&M University,College Station,TX,30.60588,-96.36877
Texas Engineering Experiment Station,College Station,TX,30.56154,-96.25321,Texas A&M Engineering Experiment Station,College Station,TX,30.6096445,-96.3395921,Texas A&M University,College Station,TX,30.60588,-96.36877
NA,NA,NA,NA,NA,Texas A&M University Corpus Christi,Corpus Christi,TX,27.7135742,-97.3247166,Texas A&M University Corpus Christi,Corpus Christi,TX,27.7135742,-97.3247166
NA,NA,NA,NA,NA,Texas Christian University,Fort Worth,TX,32.7068899,-97.3617305,Texas Christian University,Fort Worth,TX,32.7068899,-97.3617305
NA,NA,NA,NA,NA,Texas Southern University,Houston,TX,29.7214214,-95.3592692,Texas Southern University,Houston,TX,29.7214214,-95.3592692
Texas State University,San Marcos,TX,29.88877,-97.93744,Texas State University - San Marcos,San Marcos,TX,29.8881619,-97.9337501,Texas State University - San Marcos,San Marcos,TX,29.88877,-97.93744
Texas Tech University Health Sciences Center El Paso,El Paso,TX,31.77,-106.43162,NA,NA,NA,NA,NA,Texas Tech University Health Sciences Center El Paso,El Paso,TX,31.77,-106.43162
NA,NA,NA,NA,NA,Texas Woman's University,Denton,TX,33.2272211,-97.127052,Texas Woman's University,Denton,TX,33.2272211,-97.127052
The Academy of Natural Sciences of Philadelphia,Philadelphia,PA,39.95795,-75.17145,NA,NA,NA,NA,NA,The Academy of Natural Sciences of Philadelphia,Philadelphia,PA,39.95795,-75.17145
The Baker Center,Boston,MA,42.33093,-71.10991,NA,NA,NA,NA,NA,The Baker Center,Boston,MA,42.33093,-71.10991
NA,NA,NA,NA,NA,The Chicago School of Professional Psychology,Chicago,IL,41.8881406,-87.6336764,The Chicago School of Professional Psychology,Chicago,IL,41.8881406,-87.6336764
NA,NA,NA,NA,NA,"The Geological Society of America, Inc..",Boulder,CO,40.03754,-105.2505127,"The Geological Society of America, Inc.",Boulder,CO,40.03754,-105.2505127
NA,NA,NA,NA,NA,"The Learning Network, LLC",Allen,TX,33.1275709,-96.6806833,"The Learning Network, LLC",Allen,TX,33.1275709,-96.6806833
NA,NA,NA,NA,NA,The National Gem Consortium,Alexandria,VA,38.8036782,-77.0564331,The National Gem Consortium,Alexandria,VA,38.8036782,-77.0564331
NA,NA,NA,NA,NA,The New York City Foundation for Computer Science Education,Armonk,NY,41.1474134,-73.6972113,The New York City Foundation for Computer Science Education,Armonk,NY,41.1474134,-73.6972113
"The Research Foundation for Mental Hygiene, Inc.",New York,NY,40.84308,-73.94421,NA,NA,NA,NA,NA,"The Research Foundation for Mental Hygiene, Inc.",New York,NY,40.84308,-73.94421
NA,NA,NA,NA,NA,The Texas A&M University System Health Science Center,College Station,TX,30.6096445,-96.3395921,The Texas A&M University System Health Science Center,College Station,TX,30.6096445,-96.3395921
University of Texas Health Science Center Houston,Houston,TX,29.70303,-95.4033,The University of Texas Health Science Center at Houston,Houston,TX,29.7035198,-95.403019,The University of Texas Health Science Center at Houston,Houston,TX,29.70303,-95.4033
NA,NA,NA,NA,NA,The University of Texas Rio Grande Valley,Edinburg,TX,26.3045362,-98.1753298,The University of Texas Rio Grande Valley,Edinburg,TX,26.3045362,-98.1753298
Thomas Jefferson University,Philadelphia,PA,39.94821,-75.15782,NA,NA,NA,NA,NA,Thomas Jefferson University,Philadelphia,PA,39.94821,-75.15782
Tufts Medical Center,Boston,MA,42.34951,-71.06331,NA,NA,NA,NA,NA,Tufts Medical Center,Boston,MA,42.34951,-71.06331
Tufts University,Boston,MA,42.3498,-71.06149,Tufts University,Medford,MA,42.4118921,-71.1152145,Tufts University,Medford,MA,42.3498,-71.06149
Tulane University of Louisiana,New Orleans,LA,29.93543,-90.12279,Tulane University,New Orleans,LA,29.9354069,-90.1227528,Tulane University,New Orleans,LA,29.93543,-90.12279
NA,NA,NA,NA,NA,Tuskegee University,Tuskegee Institute,AL,32.4292805,-85.7077148,Tuskegee University,Tuskegee Institute,AL,32.4292805,-85.7077148
NA,NA,NA,NA,NA,Twin Cities Public Television,Saint Paul,MN,44.9475584,-93.0877127,Twin Cities Public Television,Saint Paul,MN,44.9475584,-93.0877127
NA,NA,NA,NA,NA,University Corporation for Atmospheric Research,Boulder,CO,40.0310775,-105.2459377,University Corporation for Atmospheric Research,Boulder,CO,40.0310775,-105.2459377
NA,NA,NA,NA,NA,"University Enterprises, Inc.orporated",Sacramento,CA,38.5607917,-121.423946,"University Enterprises, Inc.",Sacramento,CA,38.5607917,-121.423946
University of Alabama,Tuscaloosa,AL,33.21566,-87.53919,University of Alabama Tuscaloosa,Tuscaloosa,AL,33.2089381,-87.5474885,University of Alabama Tuscaloosa,Tuscaloosa,AL,33.21566,-87.53919
University of Alabama at Birmingham,Birmingham,AL,33.50591,-86.79977,University of Alabama at Birmingham,Birmingham,AL,33.50591,-86.79977,University of Alabama at Birmingham,Birmingham,AL,33.50591,-86.79977
NA,NA,NA,NA,NA,University of Alabama in Huntsville,Huntsville,AL,34.7251606,-86.6404712,University of Alabama in Huntsville,Huntsville,AL,34.7251606,-86.6404712
University of Alaska Anchorage,Anchorage,AK,61.19065,-149.81813,University of Alaska Anchorage,Anchorage,AK,61.19065,-149.81813,University of Alaska Anchorage,Anchorage,AK,61.19065,-149.81813
University of Alaska Anchorage,Anchorage,AK,61.19065,-149.81813,University of Alaska Anchorage Campus,Anchorage,AK,61.1907601,-149.8180503,University of Alaska Anchorage,Anchorage,AK,61.19065,-149.81813
University of Alaska Fairbanks,Fairbanks,AK,64.85744,-147.8003,University of Alaska Fairbanks,Fairbanks,AK,64.85744,-147.8003,University of Alaska Fairbanks,Fairbanks,AK,64.85744,-147.8003
University of Alaska Fairbanks,Fairbanks,AK,64.85744,-147.8003,University of Alaska Fairbanks Campus,Fairbanks,AK,64.8613749,-147.8295475,University of Alaska Fairbanks,Fairbanks,AK,64.85744,-147.8003
University of Arizona,Tucson,AZ,32.23284,-110.95947,University of Arizona,Tucson,AZ,32.23284,-110.95947,University of Arizona,Tucson,AZ,32.23284,-110.95947
University of Arkansas for Medical Sciences,Little Rock,AR,34.749,-92.3201,University of Arkansas Little Rock,Little Rock,AR,34.7226383,-92.3398594,University of Arkansas Little Rock,Little Rock,AR,34.749,-92.3201
University of Arkansas at Fayetteville,Fayetteville,AR,36.06992,-94.17696,University of Arkansas,Fayetteville,AR,36.0699572,-94.1769533,University of Arkansas at Fayetteville,Fayetteville,AR,36.06992,-94.17696
NA,NA,NA,NA,NA,University of Arkansas at Pine Bluff,Pine Bluff,AR,34.2407761,-92.0197057,University of Arkansas at Pine Bluff,Pine Bluff,AR,34.2407761,-92.0197057
University of California Berkeley,Berkeley,CA,37.87002,-122.26862,University of California Berkeley,Berkeley,CA,37.87002,-122.26862,University of California Berkeley,Berkeley,CA,37.87002,-122.26862
University of California Berkeley,Berkeley,CA,37.87002,-122.26862,University of California-Berkeley,Berkeley,CA,37.8718862,-122.2603499,University of California Berkeley,Berkeley,CA,37.87002,-122.26862
University of California Los Angeles,Los Angeles,CA,34.0702,-118.45102,University of California Los Angeles,Los Angeles,CA,34.0702,-118.45102,University of California Los Angeles,Los Angeles,CA,34.0702,-118.45102
University of California Los Angeles,Los Angeles,CA,34.0702,-118.45102,University of California-Los Angeles,Los Angeles,CA,34.0591198,-118.4434761,University of California Los Angeles,Los Angeles,CA,34.0702,-118.45102
"University of California, Merced",Merced,CA,37.35131,-120.4324,University of California - Merced,Merced,CA,37.3656441,-120.43184,University of California Merced,Merced,CA,37.35131,-120.4324
University of California Riverside,Riverside,CA,33.97259,-117.35036,University of California Riverside,Riverside,CA,33.97259,-117.35036,University of California Riverside,Riverside,CA,33.97259,-117.35036
University of California Riverside,Riverside,CA,33.97259,-117.35036,University of California-Riverside,Riverside,CA,33.9756518,-117.3311106,University of California Riverside,Riverside,CA,33.97259,-117.35036
"University of California, San Diego",La Jolla,CA,32.87699,-117.24087,University of California-San Diego,La Jolla,CA,32.8830665,-117.23382960000001,University of California San Diego,La Jolla,CA,32.87699,-117.24087
"University of California, San Francisco",San Francisco,CA,37.76744,-122.41394,University of California-San Francisco,San Francisco,CA,37.7673395,-122.4150481,University of California San Francisco,San Francisco,CA,37.76744,-122.41394
University of California Santa Barbara,Santa Barbara,CA,34.43131,-119.83428,University of California Santa Barbara,Santa Barbara,CA,34.43131,-119.83428,University of California Santa Barbara,Santa Barbara,CA,34.43131,-119.83428
University of California Santa Barbara,Santa Barbara,CA,34.43131,-119.83428,University of California-Santa Barbara,Santa Barbara,CA,34.4162819,-119.8464146,University of California Santa Barbara,Santa Barbara,CA,34.43131,-119.83428
University of California Santa Cruz,Santa Cruz,CA,36.97756,-122.05584,University of California Santa Cruz,Santa Cruz,CA,36.97756,-122.05584,University of California Santa Cruz,Santa Cruz,CA,36.97756,-122.05584
University of California Santa Cruz,Santa Cruz,CA,36.97756,-122.05584,University of California-Santa Cruz,Santa Cruz,CA,36.9834948,-122.0564004,University of California Santa Cruz,Santa Cruz,CA,36.97756,-122.05584
University of California at Davis,Davis,CA,38.54337,-121.72946,University of California at Davis,Davis,CA,38.54337,-121.72946,University of California at Davis,Davis,CA,38.54337,-121.72946
University of California at Davis,Davis,CA,38.54337,-121.72946,University of California-Davis,Davis,CA,38.5432833,-121.7296437,University of California at Davis,Davis,CA,38.54337,-121.72946
NA,NA,NA,NA,NA,"University of California, Office of the President, Oakland",Oakland,CA,37.8023966,-122.271326,"University of California, Oakland",Oakland,CA,37.8023966,-122.271326
University of California-Irvine,Irvine,CA,33.64852,-117.82136,University of California-Irvine,Irvine,CA,33.64852,-117.82136,University of California-Irvine,Irvine,CA,33.64852,-117.82136
University of Central Florida,Orlando,FL,28.60103,-81.19727,University of Central Florida,Orlando,FL,28.60103,-81.19727,University of Central Florida,Orlando,FL,28.60103,-81.19727
University of Central Florida,Orlando,FL,28.60103,-81.19727,The University of Central Florida Board of Trustees,Orlando,FL,28.6023344,-81.2037431,University of Central Florida,Orlando,FL,28.60103,-81.19727
University of Chicago,Chicago,IL,41.78955,-87.60117,University of Chicago,Chicago,IL,41.78955,-87.60117,University of Chicago,Chicago,IL,41.78955,-87.60117
University of Cincinnati,Cincinnati,OH,39.12972,-84.52055,University of Cincinnati,Cincinnati,OH,39.12972,-84.52055,University of Cincinnati,Cincinnati,OH,39.12972,-84.52055
University of Cincinnati,Cincinnati,OH,39.12972,-84.52055,University of Cincinnati Main Campus,Cincinnati,OH,39.1321118,-84.514354,University of Cincinnati,Cincinnati,OH,39.12972,-84.52055
University of Colorado-Boulder,Boulder,CO,38.89128,-104.80006,University of Colorado at Boulder,Boulder,CO,40.0134211,-105.251946,University of Colorado - Boulder,Boulder,CO,40.0133,-105.25193
University of Colorado-Boulder,Boulder,CO,40.0133,-105.25193,University of Colorado at Boulder,Boulder,CO,40.0134211,-105.251946,University of Colorado - Boulder,Boulder,CO,40.0133,-105.25193
University of Colorado-Colorado Springs,Colorado Springs,CO,38.89128,-104.80006,University of Colorado at Colorado Springs,Colorado Springs,CO,38.8937421,-104.803216,University of Colorado - Colorado Springs,Colorado Springs,CO,38.89128,-104.80006
University of Colorado-Colorado Springs,Colorado Springs,CO,40.0133,-105.25193,University of Colorado at Colorado Springs,Colorado Springs,CO,38.8937421,-104.803216,University of Colorado - Colorado Springs,Colorado Springs,CO,38.89128,-104.80006
University of Colorado Denver,Aurora,CO,39.7451,-104.8376,NA,NA,NA,NA,NA,University of Colorado Denver,Aurora,CO,39.7451,-104.8376
University of Connecticut Storrs,Storrs-Mansfield,CT,41.81142,-72.24755,University of Connecticut,Storrs,CT,41.8059143,-72.2519933,University of Connecticut,Storrs-Mansfield,CT,41.81142,-72.24755
University of Connecticut School of Medicine,Farmington,CT,41.73418,-72.79379,NA,NA,NA,NA,NA,University of Connecticut School of Medicine,Farmington,CT,41.73418,-72.79379
University of Delaware,Newark,DE,39.71451,-75.73872,University of Delaware,Newark,DE,39.71451,-75.73872,University of Delaware,Newark,DE,39.71451,-75.73872
University of Denver (Colorado Seminary),Denver,CO,39.67664,-104.95948,University of Denver,Denver,CO,39.6765877,-104.9614396,University of Denver,Denver,CO,39.67664,-104.95948
University of Detroit Mercy,Detroit,MI,42.41708,-83.13885,NA,NA,NA,NA,NA,University of Detroit Mercy,Detroit,MI,42.41708,-83.13885
University of Florida,Gainesville,FL,29.64344,-82.34964,University of Florida,Gainesville,FL,29.64344,-82.34964,University of Florida,Gainesville,FL,29.64344,-82.34964
University of Georgia,Athens,GA,33.93117,-83.37887,University of Georgia,Athens,GA,33.93117,-83.37887,University of Georgia,Athens,GA,33.93117,-83.37887
University of Georgia,Athens,GA,33.93117,-83.37887,University of Georgia Research Foundation Inc.,Athens,GA,33.9426463,-83.3711249,University of Georgia,Athens,GA,33.93117,-83.37887
University of Hartford,West Hartford,CT,41.79337,-72.71626,NA,NA,NA,NA,NA,University of Hartford,West Hartford,CT,41.79337,-72.71626
University of Hawaii at Manoa,Honolulu,HI,21.2992,-157.82037,University of Hawaii at Manoa,Honolulu,HI,21.2992,-157.82037,University of Hawaii at Manoa,Honolulu,HI,21.2992,-157.82037
University of Hawaii at Manoa,Honolulu,HI,21.2992,-157.82037,University of Hawaii,Honolulu,HI,21.2984663,-157.8204149,University of Hawaii at Manoa,Honolulu,HI,21.2992,-157.82037
University of Houston,Houston,TX,29.71809,-95.33648,University of Houston,Houston,TX,29.71809,-95.33648,University of Houston,Houston,TX,29.71809,-95.33648
University of Houston,Houston,TX,29.71809,-95.33648,University of Houston - Clear Lake,Houston,TX,29.5822342,-95.0983932,University of Houston,Houston,TX,29.71809,-95.33648
University of Idaho,Moscow,ID,46.73029,-116.99685,NA,NA,NA,NA,NA,University of Idaho,Moscow,ID,46.73029,-116.99685
University of Illinois at Chicago,Chicago,IL,41.87151,-87.66772,University of Illinois at Chicago,Chicago,IL,41.87151,-87.66772,University of Illinois at Chicago,Chicago,IL,41.87151,-87.66772
University of Illinois at Urbana-Champaign,Champaign,IL,40.11686,-88.22876,University of Illinois at Urbana-Champaign,Urbana-Champaign,IL,40.11686,-88.22876,University of Illinois at Urbana-Champaign,Urbana-Champaign,IL,40.11686,-88.22876
University of Illinois at Urbana-Champaign,Champaign,IL,40.11686,-88.22876,NA,NA,NA,NA,NA,University of Illinois at Urbana-Champaign,Urbana-Champaign,IL,40.11686,-88.22876
NA,NA,NA,NA,NA,University of Illinois at Urbana-Champaign,Urbana,IL,40.1083735,-88.2282116,University of Illinois at Urbana-Champaign,Urbana-Champaign,IL,40.11686,-88.22876
University of Iowa,Iowa City,IA,41.66441,-91.54215,University of Iowa,Iowa City,IA,41.66441,-91.54215,University of Iowa,Iowa City,IA,41.66441,-91.54215
University of Kansas Lawrence,Lawrence,KS,38.95154,-95.26556,University of Kansas Lawrence,Lawrence,KS,38.95154,-95.26556,University of Kansas Lawrence,Lawrence,KS,38.95154,-95.26556
University of Kansas Lawrence,Lawrence,KS,38.95154,-95.26556,University of Kansas Center for Research Inc.,Lawrence,KS,38.9515322,-95.2656484,University of Kansas Lawrence,Lawrence,KS,38.95154,-95.26556
University of Kansas Medical Center,Kansas City,KS,39.02658,-94.63635,NA,NA,NA,NA,NA,University of Kansas Medical Center,Kansas City,KS,39.02658,-94.63635
University of Kentucky,Lexington,KY,38.04096,-84.50589,University of Kentucky,Lexington,KY,38.04096,-84.50589,University of Kentucky,Lexington,KY,38.04096,-84.50589
University of Kentucky,Lexington,KY,38.04096,-84.50589,University of Kentucky Research Foundation,Lexington,KY,38.0406592,-84.5057506,University of Kentucky,Lexington,KY,38.04096,-84.50589
NA,NA,NA,NA,NA,University of Louisiana at Lafayette,Lafayette,LA,30.2152457,-92.0190272,University of Louisiana at Lafayette,Lafayette,LA,30.2152457,-92.0190272
University of Louisville,Louisville,KY,38.21502,-85.76014,NA,NA,NA,NA,NA,University of Louisville,Louisville,KY,38.21502,-85.76014
University of Maryland Baltimore,Baltimore,MD,39.25246,-76.71121,University of Maryland Baltimore,Baltimore,MD,39.25246,-76.71121,University of Maryland Baltimore,Baltimore,MD,39.25246,-76.71121
University of Maryland Baltimore,Baltimore,MD,39.29225,-76.62563,University of Maryland Baltimore,Baltimore,MD,39.25246,-76.71121,University of Maryland Baltimore,Baltimore,MD,39.25246,-76.71121
University of Maryland Baltimore,Baltimore,MD,39.25246,-76.71121,University of Maryland Baltimore County,Baltimore,MD,39.2581028,-76.708703,University of Maryland Baltimore,Baltimore,MD,39.25246,-76.71121
University of Maryland Baltimore,Baltimore,MD,39.29225,-76.62563,University of Maryland Baltimore County,Baltimore,MD,39.2581028,-76.708703,University of Maryland Baltimore,Baltimore,MD,39.25246,-76.71121
NA,NA,NA,NA,NA,University of Maryland Eastern Shore,Princess Anne,MD,38.2028993,-75.692427,University of Maryland Eastern Shore,Princess Anne,MD,38.2028993,-75.692427
"University of Maryland, College Park",College Park,MD,38.99233,-76.95299,"University of Maryland, College Park",College Park,MD,38.99233,-76.95299,"University of Maryland, College Park",College Park,MD,38.99233,-76.95299
University of Massachusetts Amherst,Hadley,MA,42.38691,-72.52113,NA,NA,NA,NA,NA,University of Massachusetts Amherst,Amherst,MA,42.38691,-72.52113
NA,NA,NA,NA,NA,University of Massachusetts Amherst,Amherst,MA,42.3851998,-72.529664,University of Massachusetts Amherst,Amherst,MA,42.38691,-72.52113
University of Massachusetts Boston,Boston,MA,42.3137,-71.06298,University of Massachusetts Boston,Boston,MA,42.3137,-71.06298,University of Massachusetts Boston,Boston,MA,42.3137,-71.06298
University of Massachusetts Boston,Boston,MA,42.3137,-71.06298,University of Massachusetts Boston,Dorchester,MA,42.3148925,-71.0393145,University of Massachusetts Boston,Boston,MA,42.3137,-71.06298
University of Massachusetts Boston,Boston,MA,42.3137,-71.06298,NA,NA,NA,NA,NA,University of Massachusetts Boston,Boston,MA,42.3137,-71.06298
NA,NA,NA,NA,NA,University of Massachusetts Lowell,Lowell,MA,42.6501872,-71.3238901,University of Massachusetts Lowell,Lowell,MA,42.6501872,-71.3238901
University of Miami,Coral Gables,FL,25.71347,-80.27725,University of Miami,Coral Gables,FL,25.71347,-80.27725,University of Miami,Coral Gables,FL,25.71347,-80.27725
University of Michigan at Ann Arbor,Ann Arbor,MI,42.27549,-83.74304,University of Michigan at Ann Arbor,Ann Arbor,MI,42.27549,-83.74304,University of Michigan at Ann Arbor,Ann Arbor,MI,42.27549,-83.74304
University of Michigan at Ann Arbor,Ann Arbor,MI,42.27549,-83.74304,Regents of the University of Michigan - Ann Arbor,Ann Arbor,MI,42.2783824,-83.7344412,University of Michigan at Ann Arbor,Ann Arbor,MI,42.27549,-83.74304
University of Minnesota,Minneapolis,MN,44.97514,-93.227,University of Minnesota-Twin Cities,Minneapolis,MN,44.9749363,-93.2240452,University of Minnesota - Twin Cities,Minneapolis,MN,44.97514,-93.227
NA,NA,NA,NA,NA,University of Minnesota Duluth,Duluth,MN,46.8170813,-92.0844279,University of Minnesota Duluth,Duluth,MN,46.8170813,-92.0844279
University of Mississippi,University,MS,34.36739,-89.52896,University of Mississippi,University,MS,34.36739,-89.52896,University of Mississippi,University,MS,34.36739,-89.52896
University of Mississippi Medical Center,Jackson,MS,32.32872,-90.17554,NA,NA,NA,NA,NA,University of Mississippi Medical Center,Jackson,MS,32.32872,-90.17554
University of Missouri Kansas City,Kansas City,MO,39.03452,-94.57577,University of Missouri Kansas City,Kansas City,MO,39.03452,-94.57577,University of Missouri Kansas City,Kansas City,MO,39.03452,-94.57577
University of Missouri Kansas City,Kansas City,MO,39.03452,-94.57577,University of Missouri-Kansas City,Columbia,MO,38.9367982,-92.3410324,University of Missouri Kansas City,Kansas City,MO,39.03452,-94.57577
University of Missouri-Columbia,Columbia,MO,38.94823,-92.32734,University of Missouri-Columbia,Columbia,MO,38.94823,-92.32734,University of Missouri-Columbia,Columbia,MO,38.94823,-92.32734
NA,NA,NA,NA,NA,University of Missouri-Saint Louis,Saint Louis,MO,38.7129263,-90.3031259,University of Missouri-Saint Louis,Saint Louis,MO,38.7129263,-90.3031259
University of Montana,Missoula,MT,46.8602,-113.98372,NA,NA,NA,NA,NA,University of Montana,Missoula,MT,46.8602,-113.98372
University of Nebraska Lincoln,Lincoln,NE,40.82302,-96.67344,University of Nebraska Lincoln,Lincoln,NE,40.82302,-96.67344,University of Nebraska Lincoln,Lincoln,NE,40.82302,-96.67344
University of Nebraska Lincoln,Lincoln,NE,40.82302,-96.67344,University of Nebraska-Lincoln,Lincoln,NE,40.821743,-96.6893099,University of Nebraska Lincoln,Lincoln,NE,40.82302,-96.67344
University of Nebraska Medical Center,Omaha,NE,41.266,-96.01003,University of Nebraska at Omaha,Omaha,NE,41.2582497,-96.0107049,University of Nebraska at Omaha,Omaha,NE,41.266,-96.01003
University of Nevada Las Vegas,Las Vegas,NV,36.10952,-115.14195,University of Nevada Las Vegas,Las Vegas,NV,36.10952,-115.14195,University of Nevada Las Vegas,Las Vegas,NV,36.10952,-115.14195
University of Nevada Reno,Reno,NV,39.54508,-119.81828,University of Nevada Reno,Reno,NV,39.54508,-119.81828,University of Nevada Reno,Reno,NV,39.54508,-119.81828
University of Nevada Reno,Reno,NV,39.54508,-119.81828,"University of Nevada, Reno",Reno,NV,39.5489717,-119.8140262,University of Nevada Reno,Reno,NV,39.54508,-119.81828
NA,NA,NA,NA,NA,University of New Hampshire,Durham,NH,43.1363656,-70.9360406,University of New Hampshire,Durham,NH,43.1363656,-70.9360406
University of New Mexico,Albuquerque,NM,35.09023,-106.62529,University of New Mexico,Albuquerque,NM,35.09023,-106.62529,University of New Mexico,Albuquerque,NM,35.09023,-106.62529
University of New Mexico,Albuquerque,NM,35.09097,-106.61754,University of New Mexico,Albuquerque,NM,35.09023,-106.62529,University of New Mexico,Albuquerque,NM,35.09023,-106.62529
NA,NA,NA,NA,NA,University of New Orleans,New Orleans,LA,30.0292776,-90.0647316,University of New Orleans,New Orleans,LA,30.0292776,-90.0647316
University of North Carolina Chapel Hill,Chapel Hill,NC,35.9316,-79.05738,University of North Carolina Chapel Hill,Chapel Hill,NC,35.9316,-79.05738,University of North Carolina Chapel Hill,Chapel Hill,NC,35.9316,-79.05738
University of North Carolina Chapel Hill,Chapel Hill,NC,35.9316,-79.05738,University of North Carolina at Chapel Hill,Chapel Hill,NC,35.9316668,-79.0573553,University of North Carolina Chapel Hill,Chapel Hill,NC,35.9316,-79.05738
University of North Carolina Charlotte,Charlotte,NC,35.30165,-80.73145,University of North Carolina Charlotte,Charlotte,NC,35.30165,-80.73145,University of North Carolina Charlotte,Charlotte,NC,35.30165,-80.73145
University of North Carolina Charlotte,Charlotte,NC,35.30165,-80.73145,University of North Carolina at Charlotte,Charlotte,NC,35.3052642,-80.730475,University of North Carolina Charlotte,Charlotte,NC,35.30165,-80.73145
University of North Carolina Greensboro,Greensboro,NC,36.06505,-79.80897,University of North Carolina Greensboro,Greensboro,NC,36.06505,-79.80897,University of North Carolina Greensboro,Greensboro,NC,36.06505,-79.80897
University of North Carolina at Pembroke,Pembroke,NC,34.69413,-79.19811,NA,NA,NA,NA,NA,University of North Carolina at Pembroke,Pembroke,NC,34.69413,-79.19811
NA,NA,NA,NA,NA,University of North Carolina at Wilmington,Wilmington,NC,34.2252812,-77.8742437,University of North Carolina at Wilmington,Wilmington,NC,34.2252812,-77.8742437
University of North Dakota,Grand Forks,ND,47.91987,-97.07282,NA,NA,NA,NA,NA,University of North Dakota,Grand Forks,ND,47.91987,-97.07282
NA,NA,NA,NA,NA,University of North Georgia,Dahlonega,GA,34.5302725,-83.9858025,University of North Georgia,Dahlonega,GA,34.5302725,-83.9858025
University of North Texas Health Science Center,Fort Worth,TX,32.74954,-97.36903,NA,NA,NA,NA,NA,University of North Texas Health Science Center,Fort Worth,TX,32.74954,-97.36903
NA,NA,NA,NA,NA,University of Northern Colorado,Greeley,CO,40.4064511,-104.6857479,University of Northern Colorado,Greeley,CO,40.4064511,-104.6857479
University of Notre Dame,Notre Dame,IN,41.6939,-86.23928,University of Notre Dame,Notre Dame,IN,41.6939,-86.23928,University of Notre Dame,Notre Dame,IN,41.6939,-86.23928
University of Oklahoma Health Sciences Center,Oklahoma City,OK,35.47459,-97.50503,NA,NA,NA,NA,NA,University of Oklahoma Health Sciences Center,Oklahoma City,OK,35.47459,-97.50503
University of Oklahoma,Norman,OK,35.20922,-97.44378,University of Oklahoma Norman Campus,Norman,OK,35.2085221,-97.4457026,University of Oklahoma Norman,Norman,OK,35.20922,-97.44378
University of Oregon,Eugene,OR,44.04551,-123.06974,University of Oregon Eugene,Eugene,OR,44.0449654,-123.0670199,University of Oregon Eugene,Eugene,OR,44.04551,-123.06974
University of Pennsylvania,Philadelphia,PA,39.95346,-75.19398,University of Pennsylvania,Philadelphia,PA,39.95346,-75.19398,University of Pennsylvania,Philadelphia,PA,39.95346,-75.19398
University of Pittsburgh at Pittsburgh,Pittsburgh,PA,40.44091,-79.95912,University of Pittsburgh,Pittsburgh,PA,40.4442519,-79.9533419,University of Pittsburgh,Pittsburgh,PA,40.44091,-79.95912
University of Rhode Island,Kingston,RI,41.48604,-71.52866,University of Rhode Island,Kingston,RI,41.48604,-71.52866,University of Rhode Island,Kingston,RI,41.48604,-71.52866
University of Rochester,Rochester,NY,43.13177,-77.63546,University of Rochester,Rochester,NY,43.13177,-77.63546,University of Rochester,Rochester,NY,43.13177,-77.63546
NA,NA,NA,NA,NA,University of South Alabama,Mobile,AL,30.6954055,-88.1752195,University of South Alabama,Mobile,AL,30.6954055,-88.1752195
University of South Carolina at Columbia,Columbia,SC,33.99962,-81.02825,University of South Carolina at Columbia,Columbia,SC,33.99962,-81.02825,University of South Carolina at Columbia,Columbia,SC,33.99962,-81.02825
University of South Dakota,Vermillion,SD,42.78263,-96.92543,NA,NA,NA,NA,NA,University of South Dakota,Vermillion,SD,42.78263,-96.92543
University of South Florida,Tampa,FL,28.07404,-82.39596,University of South Florida,Tampa,FL,28.07404,-82.39596,University of South Florida,Tampa,FL,28.07404,-82.39596
University of Southern California,Los Angeles,CA,34.01728,-118.28125,University of Southern California,Los Angeles,CA,34.01728,-118.28125,University of Southern California,Los Angeles,CA,34.01728,-118.28125
NA,NA,NA,NA,NA,University of Southern Mississippi,Hattiesburg,MS,31.3287871,-89.3296996,University of Southern Mississippi,Hattiesburg,MS,31.3287871,-89.3296996
University of Tennessee Chattanooga,Chattanooga,TN,35.04582,-85.29982,NA,NA,NA,NA,NA,University of Tennessee Chattanooga,Chattanooga,TN,35.04582,-85.29982
University of Tennessee Knoxville,Knoxville,TN,35.95494,-83.93035,University of Tennessee Knoxville,Knoxville,TN,35.95494,-83.93035,University of Tennessee Knoxville,Knoxville,TN,35.95494,-83.93035
University of Texas Arlington,Arlington,TX,32.7282,-97.1126,University of Texas Arlington,Arlington,TX,32.7282,-97.1126,University of Texas Arlington,Arlington,TX,32.7282,-97.1126
University of Texas Arlington,Arlington,TX,32.7282,-97.1126,University of Texas at Arlington,Arlington,TX,32.7291589,-97.1151722,University of Texas Arlington,Arlington,TX,32.7282,-97.1126
University of Texas Dallas,Richardson,TX,32.99173,-96.7437,University of Texas Dallas,Richardson,TX,32.99173,-96.7437,University of Texas Dallas,Richardson,TX,32.99173,-96.7437
University of Texas Dallas,Richardson,TX,32.99173,-96.7437,University of Texas at Dallas,Richardson,TX,32.9842669,-96.7482802,University of Texas Dallas,Richardson,TX,32.99173,-96.7437
University of Texas El Paso,El Paso,TX,31.77052,-106.50415,University of Texas El Paso,El Paso,TX,31.77052,-106.50415,University of Texas El Paso,El Paso,TX,31.77052,-106.50415
University of Texas El Paso,El Paso,TX,31.77052,-106.50415,University of Texas at El Paso,El Paso,TX,31.7714282,-106.5050787,University of Texas El Paso,El Paso,TX,31.77052,-106.50415
University of Texas San Antonio,San Antonio,TX,29.56712,-98.60572,University of Texas San Antonio,San Antonio,TX,29.56712,-98.60572,University of Texas San Antonio,San Antonio,TX,29.56712,-98.60572
University of Texas Health Science Center,San Antonio,TX,29.51309,-98.57774,University of Texas at San Antonio,San Antonio,TX,29.5830733,-98.6198779,University of Texas San Antonio,San Antonio,TX,29.56712,-98.60572
University of Texas San Antonio,San Antonio,TX,29.56712,-98.60572,University of Texas at San Antonio,San Antonio,TX,29.5830733,-98.6198779,University of Texas San Antonio,San Antonio,TX,29.56712,-98.60572
University of Texas Southwestern Medical Center,Dallas,TX,32.81196,-96.83753,NA,NA,NA,NA,NA,University of Texas Southwestern Medical Center,Dallas,TX,32.81196,-96.83753
University of Texas at Austin,Austin,TX,30.29119,-97.73757,University of Texas at Austin,Austin,TX,30.29119,-97.73757,University of Texas at Austin,Austin,TX,30.29119,-97.73757
University of Toledo Health Science Campus,Toledo,OH,41.61955,-83.62073,University of Toledo,Toledo,OH,41.6623201,-83.6170915,University of Toledo,Toledo,OH,41.61955,-83.62073
University of Utah,Salt Lake City,UT,40.76454,-111.85032,University of Utah,Salt Lake City,UT,40.76454,-111.85032,University of Utah,Salt Lake City,UT,40.76454,-111.85032
University of Vermont and State Agricultural College,Burlington,VT,44.47828,-73.20108,University of Vermont and State Agricultural College,Burlington,VT,44.47828,-73.20108,University of Vermont and State Agricultural College,Burlington,VT,44.47828,-73.20108
University of Vermont and State Agricultural College,Burlington,VT,44.47828,-73.20108,University of Vermont & State Agricultural College,Burlington,VT,44.4782586,-73.201147,University of Vermont and State Agricultural College,Burlington,VT,44.47828,-73.20108
University of Virginia,Charlottesville,VA,38.05053,-78.50053,University of Virginia,Charlottesville,VA,38.05053,-78.50053,University of Virginia,Charlottesville,VA,38.05053,-78.50053
University of Virginia,Charlottesville,VA,38.05053,-78.50053,University of Virginia Main Campus,Charlottesville,VA,38.0494904,-78.5017218,University of Virginia,Charlottesville,VA,38.05053,-78.50053
University of Washington,Seattle,WA,47.66031,-122.31517,University of Washington,Seattle,WA,47.66031,-122.31517,University of Washington,Seattle,WA,47.66031,-122.31517
University of Wisconsin-Madison,Madison,WI,43.06852,-89.40086,University of Wisconsin-Madison,Madison,WI,43.06852,-89.40086,University of Wisconsin-Madison,Madison,WI,43.06852,-89.40086
University of Wisconsin Milwaukee,Milwaukee,WI,43.0757,-87.878,University of Wisconsin-Milwaukee,Milwaukee,WI,43.075684,-87.8789516,University of Wisconsin-Milwaukee,Milwaukee,WI,43.0757,-87.878
NA,NA,NA,NA,NA,University of Wisconsin-Whitewater,Whitewater,WI,42.8424658,-88.7446606,University of Wisconsin-Whitewater,Whitewater,WI,42.8424658,-88.7446606
NA,NA,NA,NA,NA,University of Wyoming,Laramie,WY,41.3139679,-105.5845168,University of Wyoming,Laramie,WY,41.3139679,-105.5845168
University of the District of Columbia,Washington,DC,38.94444,-77.06433,University of the District of Columbia,Washington,DC,38.94444,-77.06433,University of the District of Columbia,Washington,DC,38.94444,-77.06433
University of the Pacific-Stockton,Stockton,CA,37.98434,-121.30996,NA,NA,NA,NA,NA,University of the Pacific-Stockton,Stockton,CA,37.98434,-121.30996
Urban Health Partnerships,Miami,FL,25.75816,-80.19932,NA,NA,NA,NA,NA,Urban Health Partnerships,Miami,FL,25.75816,-80.19932
NA,NA,NA,NA,NA,Urban Institute,Washington,DC,38.8835352,-77.0236426,Urban Institute,Washington,DC,38.8835352,-77.0236426
"Us Helping Us, People Into Living, Inc.",Washington,DC,38.9351,-77.0244,NA,NA,NA,NA,NA,"Us Helping Us, People Into Living, Inc.",Washington,DC,38.9351,-77.0244
NA,NA,NA,NA,NA,Utah State University,Logan,UT,41.7421539,-111.8081967,Utah State University,Logan,UT,41.7421539,-111.8081967
Van Andel Research Institute,Grand Rapids,MI,42.96939,-85.6664,NA,NA,NA,NA,NA,Van Andel Research Institute,Grand Rapids,MI,42.96939,-85.6664
Vanderbilt University,Nashville,TN,36.14338,-86.80336,Vanderbilt University,Nashville,TN,36.14378,-86.801,Vanderbilt University,Nashville,TN,36.14378,-86.801
Vanderbilt University,Nashville,TN,36.14378,-86.801,Vanderbilt University,Nashville,TN,36.14378,-86.801,Vanderbilt University,Nashville,TN,36.14378,-86.801
NA,NA,NA,NA,NA,Villanova University,Villanova,PA,40.0365702,-75.3457758,Villanova University,Villanova,PA,40.0365702,-75.3457758
Virginia Commonwealth University,Richmond,VA,37.54981,-77.45278,Virginia Commonwealth University,Richmond,VA,37.54981,-77.45278,Virginia Commonwealth University,Richmond,VA,37.54981,-77.45278
Virginia Polytechnic Institute and St Univ,Blacksburg,VA,37.23306,-80.421,Virginia Polytechnic Institute and State University,Blacksburg,VA,37.2333339,-80.420916,Virginia Polytechnic Institute and State University,Blacksburg,VA,37.23306,-80.421
NA,NA,NA,NA,NA,Virginia State University,Petersburg,VA,37.2364644,-77.4198758,Virginia State University,Petersburg,VA,37.2364644,-77.4198758
NA,NA,NA,NA,NA,Wepan Inc.,Washington,DC,38.9070235,-77.0429354,WEPAN Inc.,Washington,DC,38.9070235,-77.0429354
WETA TV 26,Arlington,VA,38.84087,-77.08649,NA,NA,NA,NA,NA,WETA TV 26,Arlington,VA,38.84087,-77.08649
NA,NA,NA,NA,NA,WNET,New York,NY,40.7614347,-73.9865081,WNET,New York,NY,40.7614347,-73.9865081
Wadsworth Center,Menands,NY,42.64589,-73.79766,NA,NA,NA,NA,NA,Wadsworth Center,Menands,NY,42.64589,-73.79766
Wake Forest University Health Sciences,Winston-Salem,NC,36.0594,-80.32198,NA,NA,NA,NA,NA,Wake Forest University Health Sciences,Winston-Salem,NC,36.0594,-80.32198
Washington State University,Pullman,WA,46.72889,-117.15574,Washington State University,Pullman,WA,46.72889,-117.15574,Washington State University,Pullman,WA,46.72889,-117.15574
Washington University,Saint Louis,MO,38.66437,-90.3238,Washington University,Saint Louis,MO,38.66437,-90.3238,Washington University,Saint Louis,MO,38.66437,-90.3238
Wayne State University,Detroit,MI,42.35747,-83.06529,Wayne State University,Detroit,MI,42.35747,-83.06529,Wayne State University,Detroit,MI,42.35747,-83.06529
NA,NA,NA,NA,NA,Weber State University,Ogden,UT,41.1932542,-111.9460555,Weber State University,Ogden,UT,41.1932542,-111.9460555
Weill Medical College of Cornell University,New York,NY,40.7607,-73.9603,NA,NA,NA,NA,NA,Weill Medical College of Cornell University,New York,NY,40.7607,-73.9603
NA,NA,NA,NA,NA,West Chester University of Pennsylvania,West Chester,PA,39.9511155,-75.5905474,West Chester University of Pennsylvania,West Chester,PA,39.9511155,-75.5905474
NA,NA,NA,NA,NA,West Hills Community College,Coalinga,CA,36.1532822,-120.3511544,West Hills Community College,Coalinga,CA,36.1532822,-120.3511544
NA,NA,NA,NA,NA,West Texas A&M University,Canyon,TX,34.9816909,-101.9160329,West Texas A&M University,Canyon,TX,34.9816909,-101.9160329
NA,NA,NA,NA,NA,West Virginia University Research Corporation,Morgantown,WV,39.6570517,-79.9552585,West Virginia University Research Corporation,Morgantown,WV,39.6570517,-79.9552585
NA,NA,NA,NA,NA,WestEd,San Francisco,CA,37.7822124,-122.3985646,WestEd,San Francisco,CA,37.7822124,-122.3985646
"Westat, Inc.",Bethesda,MD,39.09463,-77.18145,NA,NA,NA,NA,NA,"Westat, Inc.",Bethesda,MD,39.09463,-77.18145
Western Kentucky University,Bowling Green,KY,36.9868,-86.45538,Western Kentucky University,Bowling Green,KY,36.9868,-86.45538,Western Kentucky University,Bowling Green,KY,36.9868,-86.45538
NA,NA,NA,NA,NA,Western Michigan University,Kalamazoo,MI,42.2859501,-85.6119359,Western Michigan University,Kalamazoo,MI,42.2859501,-85.6119359
NA,NA,NA,NA,NA,Western Washington University,Bellingham,WA,48.7346291,-122.4896775,Western Washington University,Bellingham,WA,48.7346291,-122.4896775
"Whitman-Walker Institute, Inc.",Washington,DC,38.9127,-77.03142,NA,NA,NA,NA,NA,"Whitman-Walker Institute, Inc.",Washington,DC,38.9127,-77.03142
NA,NA,NA,NA,NA,Wichita State University,Wichita,KS,37.7170582,-97.2968079,Wichita State University,Wichita,KS,37.7170582,-97.2968079
NA,NA,NA,NA,NA,William Marsh Rice University,Houston,TX,29.7201306,-95.4018157,William Marsh Rice University,Houston,TX,29.7201306,-95.4018157
Winifred Masterson Burke Medical Research Institute,White Plains,NY,41.01658,-73.75221,NA,NA,NA,NA,NA,Winifred Masterson Burke Medical Research Institute,White Plains,NY,41.01658,-73.75221
NA,NA,NA,NA,NA,Winston-Salem State University,Winston Salem,NC,36.0898268,-80.2250436,Winston-Salem State University,Winston Salem,NC,36.0898268,-80.2250436
Wistar Institute,Philadelphia,PA,39.95129,-75.19577,NA,NA,NA,NA,NA,Wistar Institute,Philadelphia,PA,39.95129,-75.19577
NA,NA,NA,NA,NA,"Woodwell Climate Research Center, Inc..",Falmouth,MA,41.5495197,-70.6434272,"Woodwell Climate Research Center, Inc.",Falmouth,MA,41.5495197,-70.6434272
Xavier University of Louisiana,New Orleans,LA,29.96429,-90.10747,Xavier University of Louisiana,New Orleans,LA,29.96429,-90.10747,Xavier University of Louisiana,New Orleans,LA,29.96429,-90.10747
NA,NA,NA,NA,NA,Yakima Valley Community College,Yakima,WA,46.5846435,-120.5300965,Yakima Valley Community College,Yakima,WA,46.5846435,-120.5300965
Yale University,New Haven,CT,41.31092,-72.92643,Yale University,New Haven,CT,41.31092,-72.92643,Yale University,New Haven,CT,41.31092,-72.92643
NA,NA,NA,NA,NA,"Young People's Project, Inc..",Cambridge,MA,42.3659105,-71.1020369,"Young People's Project, Inc.",Cambridge,MA,42.3659105,-71.1020369
NA,NA,NA,NA,NA,Ziker Enterprises LLC,San Jose,CA,37.282807,-121.8785309,Ziker Enterprises LLC,San Jose,CA,37.282807,-121.8785309
University of Puerto Rico Medical Sciences,San Juan,PR,18.41048,-66.06561,University of Puerto Rico Medical Sciences Campus,SAN JUAN,PR,18.4499141,-66.0603497,University of Puerto Rico Medical Sciences,San Juan,PR,18.41048,-66.06561
University of Puerto Rico Rio Piedras,San Juan,PR,18.40983,-66.06296,University of Puerto Rico-Rio Piedras,SAN JUAN,PR,18.4327248,-66.0595632,University of Puerto Rico Rio Piedras,San Juan,PR,18.40983,-66.06296
University of the Virgin Islands,St. Thomas,VI,18.3419,-64.9307,University of The Virgin Islands,CHARLOTTE AMALIE,VI,38.7945952,-106.5348379,University of the Virgin Islands,Charlotte Amalie,VI,18.3419,-64.9307
Ponce School of Medicine,Ponce,PR,18.01462,-66.61475,NA,NA,NA,NA,NA,Ponce School of Medicine,Ponce,PR,18.01462,-66.61475
Grupo Nexos Inc.,San Juan,PR,18.42056,-66.05387,NA,NA,NA,NA,NA,Grupo Nexos Inc.,San Juan,PR,18.42056,-66.05387
University of Puerto Rico Comprehensive Cancer Center,San Juan,PR,18.38881,-66.0733,NA,NA,NA,NA,NA,University of Puerto Rico Comprehensive Cancer Center,San Juan,PR,18.38881,-66.0733
University of Puerto Rico at Humacao,Humacao,PR,18.1545,-65.82076,NA,NA,NA,NA,NA,University of Puerto Rico Humacao,Humacao,PR,18.1545,-65.82076
NA,NA,NA,NA,NA,University of Puerto Rico-Arecibo Campus,ARECIBO,PR,18.4641626,-66.7513456,University of Puerto Rico Arecibo,Arecibo,PR,18.4641626,-66.7513456
NA,NA,NA,NA,NA,University of Puerto Rico at Carolina,CAROLINA,PR,38.7945952,-106.5348379,University of Puerto Rico Carolina,Carolina,PR,38.7945952,-106.5348379
NA,NA,NA,NA,NA,University of Guam,MANGILAO,GU,13.433887,144.8049191,University of Guam,Mangilao,GU,13.433887,144.8049191
University of Puerto Rico,Cayey,PR,18.11828,-66.16103,NA,NA,NA,NA,NA,University of Puerto Rico Cayey,Cayey,PR,18.11828,-66.16103
NA,NA,NA,NA,NA,University of Puerto Rico,SAN JUAN,PR,38.7945952,-106.5348379,University of Puerto Rico Rio Piedras,San Juan,PR,38.7945952,-106.5348379
NA,NA,NA,NA,NA,University of Puerto Rico Mayaguez,MAYAGUEZ,PR,18.2085987,-67.1400142,University of Puerto Rico Mayaguez,Mayaguez,PR,18.2085987,-67.1400142
